id;referencia;nombre;birthday;height
1;ruediger abramczik;Ruediger Abramczik;18/02/1956;
2;karim adeyemi;Karim David Adeyemi;18/01/2002;1.80
3;ernst albrecht;Ernst Albrecht;12/11/1907;
4;karl allgoewer;Karl Allgoewer;5/01/1957;
5;klaus allofs;Klaus Allofs;5/12/1956;
6;thomas allofs;Thomas Allofs;17/11/1959;
7;dennis aogo;Dennis Aogo;14/01/1987;1.84
8;gerald asamoah;Gerald Asamoah;3/10/1978;1.80
9;klaus augenthaler;Klaus Augenthaler;26/09/1957;
10;raimond aumann;Raimond Aumann;12/10/1963;
11;markus babbel;Markus Babbel;8/09/1972;1.88
12;holger badstuber;Holger Badstuber;13/03/1989;1.90
13;michael ballack;Michael Ballack;26/09/1976;1.89
14;mario basler;Mario Basler;18/12/1968;
15;hans bauer;Hans Bauer;28/07/1927;
16;frank baumann;Frank Baumann;29/10/1975;1.87
17;franz beckenbauer;Franz Anton Beckenbauer;11/09/1945;1.81
18;erich beer;Erich Beer;9/12/1946;
19;uwe bein;Uwe Bein;26/09/1960;
20;armel bella kotchap;Armel Bella-Kotchap;11/12/2001;1.90
21;jakob bender;Jakob Bender;23/03/1910;
22;guenter bernard;Guenter Bernard;4/11/1939;
23;thomas berthold;Thomas Berthold;12/11/1964;
24;oliver bierhoff;Oliver Bierhoff;1/05/1968;1.91
25;uli biesinger;Uli Biesinger;6/08/1933;
26;jerome boateng;Jérôme Agyenim Boateng;3/09/1988;1.92
27;marco bode;Marco Bode;23/07/1969;1.89
28;joerg boehme;Joerg Boehme;22/01/1974;1.78
29;rainer bonhof;Rainer Bonhof;29/03/1952;
30;tim borowski;Tim Borowski;2/05/1980;1.94
31;julian brandt;Julian Brandt;2/05/1996;1.83
32;andreas brehme;Andreas Brehme;9/11/1960;
33;paul breitner;Paul Breitner;5/09/1951;
34;hans peter briegel;Hans-Peter Briegel;11/10/1955;
35;albert bruells;Albert Bruells;26/03/1937;
36;fritz buchloh;Fritz Buchloh;26/11/1909;
37;guido buchwald;Guido Buchwald;24/01/1961;
38;dieter burdenski;Dieter Burdenski;26/11/1950;
39;willy busch;Willy Busch;4/01/1907;
40;hans joerg butt;Hans-Joerg Butt;28/05/1974;1.91
41;cacau;Cacau;27/03/1981;1.80
42;hans ciesclarczyk;Hans Ciesclarczyk;3/05/1937;
43;edmund conen;Edmund Conen;10/11/1914;
44;bernd cullmann;Bernd Cullmann;1/11/1949;
45;franz dienert;Franz Dienert;1/01/1900;
46;peter dietrich;Peter Dietrich;6/03/1944;
47;bernd dietz;Bernd Dietz;22/03/1948;
48;julian draxler;Julian Draxler;20/09/1993;1.85
49;wolfgang dremmler;Wolfgang Dremmler;12/07/1954;
50;erik durm;Erik Durm;12/05/1992;1.83
51;horst eckel;Horst Eckel;8/02/1932;
52;norbert eder;Norbert Eder;7/11/1955;
53;stefan effenberg;Stefan Effenberg;2/08/1968;
54;lothar emmerich;Lothar Emmerich;29/11/1941;
55;stephan engels;Stephan Engels;6/09/1960;
56;herbert erhardt;Herbert Erhardt;6/07/1930;
57;wolfgang fahrian;Wolfgang Fahrian;31/05/1941;
58;klaus fichtel;Klaus Fichtel;19/11/1944;
59;klaus fischer;Klaus Fischer;27/12/1949;
60;heinz flohe;Heinz Flohe;28/01/1948;
61;bernd foerster;Bernd Foerster;3/05/1956;
62;karl heinz foerster;Karl-Heinz Foerster;25/07/1958;
63;bernd franke;Bernd Franke;12/02/1948;
64;steffen freund;Steffen Freund;19/01/1970;
65;arne friedrich;Arne Friedrich;29/05/1979;1.85
66;torsten frings;Torsten Frings;22/11/1976;1.82
67;niclas fullkrug;Niclas Füllkrug;9/02/1993;1.88
68;josef gauchel;Josef Gauchel;11/09/1916;
69;maurizio gaudino;Maurizio Gaudino;12/12/1966;
70;rudolf gellesch;Rudolf Gellesch;1/05/1914;
71;willy giesemann;Willy Giesemann;2/09/1937;
72;matthias ginter;Matthias Lukas Ginter;19/01/1994;1.89
73;serge gnabry;Serge David Gnabry;14/07/1995;1.76
74;ludwig goldbrunner;Ludwig Goldbrunner;5/03/1908;
75;mario gomez;Mario Gómez García;10/07/1985;1.89
76;leon goretzka;Leon Christoph Goretzka;6/02/1995;1.89
77;mario gotze;Mario Götze;3/06/1992;1.76
78;juergen grabowski;Juergen Grabowski;7/07/1944;
79;rudolf gramlich;Rudolf Gramlich;6/06/1908;
80;kevin grosskreutz;Kevin Großkreutz;19/07/1988;1.86
81;ilkay gundogan;İlkay Gündoğan;24/10/1990;1.80
82;christian gunter;Christian Günter;28/02/1993;1.84
83;thomas haessler;Thomas Haessler;30/05/1966;
84;wilhelm hahnemann;Wilhelm Hahnemann;14/04/1914;
85;helmut haller;Helmut Haller;21/07/1939;
86;didi hamann;Didi Hamann;27/08/1973;1.91
87;mike hanke;Mike Hanke;5/11/1983;1.84
88;wilfried hannes;Wilfried Hannes;17/05/1957;
89;sigmund haringer;Sigmund Haringer;9/12/1908;
90;kai havertz;Kai Lukas Havertz;11/06/1999;1.90
91;jonas hector;Jonas Armin Hector;27/05/1990;1.85
92;mathias heidemann;Mathias Heidemann;7/02/1912;
93;joerg heinrich;Joerg Heinrich;6/12/1969;
94;sigi held;Sigi Held;7/08/1942;
95;thomas helmer;Thomas Helmer;21/04/1965;
96;matthias herget;Matthias Herget;14/11/1955;
97;fritz herkenrath;Fritz Herkenrath;9/09/1928;
98;guenter hermann;Guenter Hermann;1/09/1939;
99;guenther hermann;Guenther Hermann;5/12/1960;
100;richard herrmann;Richard Herrmann;28/01/1923;
101;dieter herzog;Dieter Herzog;15/07/1946;
102;jupp heynckes;Jupp Heynckes;9/05/1945;
103;holger hieronymus;Holger Hieronymus;22/02/1959;
104;timo hildebrand;Timo Hildebrand;5/04/1979;1.85
105;thomas hitzlsperger;Thomas Hitzlsperger;5/04/1982;1.83
106;bernd hoelzenbein;Bernd Hoelzenbein;9/03/1946;
107;dieter hoeness;Dieter Hoeness;7/01/1953;
108;uli hoeness;Uli Hoeness;5/01/1952;
109;horst dieter hoettges;Horst-Dieter Hoettges;10/09/1943;
110;rudi hoffmann;Rudi Hoffmann;11/02/1935;
111;jonas hofmann;Jonas Hofmann (Heidelberg,;14/07/1992;1.76
112;karl hohmann;Karl Hohmann;18/06/1908;
113;heinz hornig;Heinz Hornig;28/09/1937;
114;benedikt howedes;Benedikt Höwedes;29/02/1988;1.87
115;horst hrubesch;Horst Hrubesch;17/04/1951;
116;mats hummels;Mats Julian Hummels;16/12/1988;1.92
117;robert huth;Robert Huth;18/08/1984;1.91
118;bodo illgner;Bodo Illgner;7/04/1967;
119;eike immel;Eike Immel;27/11/1960;
120;hans jakob;Hans Jakob;16/06/1908;
121;ditmar jakobs;Ditmar Jakobs;28/08/1953;
122;carsten jancker;Carsten Jancker;28/08/1974;1.93
123;paul janes;Paul Janes;11/03/1912;
124;marcell jansen;Marcell Jansen;4/11/1985;1.90
125;jens jeremies;Jens Jeremies;5/03/1974;1.77
126;erich juskowiak;Erich Juskowiak;7/09/1926;
127;oliver kahn;Oliver Kahn;15/06/1969;1.88
128;manfred kaltz;Manfred Kaltz;6/01/1953;
129;jupp kappellmann;Jupp Kappellmann;19/12/1949;
130;rudi kargus;Rudi Kargus;15/08/1952;
131;sebastian kehl;Sebastian Kehl;13/02/1980;1.86
132;thilo kehrer;Thilo Kehrer;21/09/1996;1.86
133;alfred kelbassa;Alfred Kelbassa;21/04/1925;
134;sami khedira;Sami Khedira;4/04/1987;1.89
135;stefan kiessling;Stefan Kiessling;25/01/1984;1.91
136;joshua kimmich;Joshua Walter Kimmich;8/02/1995;1.77
137;ulf kirsten;Ulf Kirsten;4/12/1965;
138;albin kitzinger;Albin Kitzinger;1/02/1912;
139;wolfgang kleff;Wolfgang Kleff;16/11/1946;
140;juergen klinsmann;Juergen Klinsmann;30/07/1964;
141;berni klodt;Berni Klodt;26/10/1926;
142;miroslav klose;Miroslav Klose;9/06/1978;1.82
143;lukas klostermann;Lukas Manuel Klostermann;3/06/1996;1.87
144;stanislaus kobierski;Stanislaus Kobierski;15/11/1910;
145;andreas koepke;Andreas Koepke;12/03/1962;
146;juergen kohler;Juergen Kohler;6/10/1965;
147;werner kohlmeyer;Werner Kohlmeyer;19/04/1924;
148;harald konopka;Harald Konopka;18/11/1952;
149;willi koslowski;Willi Koslowski;17/02/1937;
150;werner kraemer;Werner Kraemer;23/01/1940;
151;christoph kramer;Christoph Kramer;19/02/1991;1.90
152;engelbert kraus;Engelbert Kraus;30/07/1934;
153;helmut kremers;Helmut Kremers;24/03/1949;
154;willibald kress;Willibald Kress;13/11/1906;
155;toni kroos;Toni Kroos;4/01/1990;1.82
156;heinz kubsch;Heinz Kubsch;20/07/1930;
157;stefan kuntz;Stefan Kuntz;30/10/1962;
158;andreas kupfer;Andreas Kupfer;7/05/1914;
159;juergen kurbjuhn;Juergen Kurbjuhn;26/07/1940;
160;heinz kwiatkowski;Heinz Kwiatkowski;16/07/1926;
161;fritz laband;Fritz Laband;1/11/1925;
162;philipp lahm;Philipp Lahm;11/11/1983;1.70
163;jens lehmann;Jens Lehmann;10/11/1969;1.90
164;ernest lehner;Ernest Lehner;7/11/1912;
165;stan libuda;Stan Libuda;10/10/1943;
166;werner liebrich;Werner Liebrich;18/01/1927;
167;thomas linke;Thomas Linke;26/12/1969;1.83
168;pierre littbarski;Pierre Littbarski;16/04/1960;
169;hennes loehr;Hennes Loehr;5/07/1942;
170;max lorenz;Max Lorenz;19/08/1939;
171;friedel lutz;Friedel Lutz;21/01/1939;
172;felix magath;Felix Magath;26/07/1953;
173;karl mai;Karl Mai;27/07/1928;
174;sepp maier;Sepp Maier;28/02/1944;
175;manfred manglitz;Manfred Manglitz;8/03/1940;
176;marko marin;Marko Marin;13/03/1989;1.69
177;olaf marschall;Olaf Marschall;19/03/1966;
178;lothar matthaeus;Lothar Matthaeus;21/03/1961;
179;paul mebus;Paul Mebus;9/06/1920;
180;per mertesacker;Per Mertesacker;29/09/1984;1.96
181;christoph metzelder;Christoph Metzelder;5/11/1980;1.93
182;karl heinz metzner;Karl-Heinz Metzner;9/01/1923;
183;frank mill;Frank Mill;23/07/1958;
184;hans mock;Hans Mock;9/12/1906;
185;andreas moeller;Andreas Moeller;2/09/1967;
186;max morlock;Max Morlock;11/05/1925;
187;youssoufa moukoko;Youssoufa Moukoko;20/11/2004;1.79
188;dieter mueller;Dieter Mueller;1/04/1954;
189;gerd mueller;Gerd Mueller;3/11/1945;
190;hansi mueller;Hansi Mueller;27/07/1957;
191;reinhold muenzenberg;Reinhold Muenzenberg;25/01/1909;
192;thomas mueller;Thomas Müller;13/09/1989;1.85
193;jamal musiala;Jamal Musiala;26/02/2003;1.84
194;shkodran mustafi;Shkodran Mustafi;17/04/1992;1.84
195;guenter netzer;Guenter Netzer;14/09/1944;
196;manuel neuer;Manuel Peter Neuer;27/03/1986;1.93
197;leopold neumer;Leopold Neumer;8/02/1919;
198;oliver neuville;Oliver Neuville;1/05/1973;1.71
199;norbert nigbur;Norbert Nigbur;8/05/1948;
200;rudolf noack;Rudolf Noack;30/03/1913;
201;hans nowak;Hans Nowak;9/08/1937;
202;jens nowotny;Jens Nowotny;11/01/1974;1.84
203;hermann nuber;Hermann Nuber;10/10/1935;
204;david odonkor;David Odonkor;21/02/1984;1.74
205;wolfgang overath;Wolfgang Overath;29/09/1943;
206;mesut ozil;Mesut Özil;15/10/1988;1.82
207;bernd patzke;Bernd Patzke;14/03/1943;
208;wolfgang paul;Wolfgang Paul;25/01/1940;1.86
209;hans pesser;Hans Pesser;7/11/1911;
210;wolfgang peters;Wolfgang Peters;8/01/1929;
211;alfred pfaff;Alfred Pfaff;16/07/1926;
212;hans pfluegler;Hans Pfluegler;27/03/1960;
213;marvin plattenhardt;Marvin Plattenhardt;26/01/1992;1.81
214;lukas podolski;Lukas Podolski;4/06/1985;1.80
215;jupp posipal;Jupp Posipal;20/06/1927;
216;rudolf raftl;Rudolf Raftl;7/02/1911;
217;helmut rahn;Helmut Rahn;16/08/1929;
218;uwe rahn;Uwe Rahn;21/05/1962;
219;carsten ramelow;Carsten Ramelow;20/03/1974;1.85
220;david raum;David Raum;22/04/1998;1.80
221;marko rehmer;Marko Rehmer;29/04/1972;1.87
222;uwe reinders;Uwe Reinders;19/01/1955;
223;marco reus;Marco Reus;31/05/1989;1.80
224;stefan reuter;Stefan Reuter;16/10/1966;
225;lars ricken;Lars Ricken;10/07/1976;1.78
226;karlheinz riedle;Karlheinz Riedle;16/09/1965;
227;wolfgang rolff;Wolfgang Rolff;26/12/1959;
228;antonio rudiger;Antonio Rüdiger;3/03/1993;1.90
229;sebastian rudy;Sebastian Rudy;28/02/1990;1.79
230;rolf ruessmann;Rolf Ruessmann;13/10/1950;
231;karl heinz rummenigge;Karl-Heinz Rummenigge;25/09/1955;
232;matthias sammer;Matthias Sammer;5/09/1967;
233;leroy sane;Leroy Aziz Sané;11/01/1996;1.83
234;gunter sawitzki;Gunter Sawitzki;22/11/1932;
235;hans schaefer;Hans Schaefer;19/10/1927;
236;nico schlotterbeck;Nico Schlotterbeck;1/12/1999;1.91
237;willibald schmaus;Willibald Schmaus;16/06/1911;
238;alfred schmidt;Alfred Schmidt;5/09/1935;
239;bernd schneider;Bernd Schneider;17/11/1973;1.76
240;karl heinz schnellinger;Karl-Heinz Schnellinger;31/03/1939;
241;willi schulz;Willi Schulz;4/10/1938;
242;harald schumacher;Harald Schumacher;6/03/1954;
243;andre schurrle;André Schürrle;6/10/1990;1.84
244;hans schwartz;Hans Schwartz;1/03/1913;
245;hans georg schwarzenbeck;Hans-Georg Schwarzenbeck;3/04/1948;
246;bastian schweinsteiger;Bastian Schweinsteiger;1/08/1984;1.80
247;uwe seeler;Uwe Seeler;5/11/1936;
248;klaus dieter sieloff;Klaus-Dieter Sieloff;27/02/1942;
249;otto siffling;Otto Siffling;3/08/1912;
250;stefan skoumal;Stefan Skoumal;29/11/1909;
251;ulrich stein;Ulrich Stein;23/10/1954;
252;paul steiner;Paul Steiner;23/01/1957;
253;uli stielike;Uli Stielike;15/11/1954;
254;georg stollenwerk;Georg Stollenwerk;19/12/1930;
255;josef streb;Josef Streb;16/04/1912;
256;heinz strehl;Heinz Strehl;20/07/1938;
257;jakob streitle;Jakob Streitle;11/12/1916;
258;josef stroh;Josef Stroh;5/03/1913;
259;thomas strunz;Thomas Strunz;25/04/1968;
260;hans sturm;Hans Sturm;3/09/1935;
261;niklas sule;Niklas Süle;3/09/1995;1.95
262;fritz szepan;Fritz Szepan;2/09/1907;
263;horst szymaniak;Horst Szymaniak;29/08/1934;
264;michael tarnat;Michael Tarnat;27/10/1969;
265;serdar tasci;Serdar Tasci;24/04/1987;1.86
266;marc andre ter stegen;Marc-André ter Stegen;30/04/1992;1.87
267;olaf thon;Olaf Thon;1/05/1966;
268;hans tilkowski;Hans Tilkowski;12/07/1935;
269;kevin trapp;Kevin Trapp;8/07/1990;1.89
270;piotr trochowski;Piotr Trochowski;22/03/1984;1.68
271;toni turek;Toni Turek;18/01/1919;
272;rudi voeller;Rudi Voeller;13/04/1960;
273;berti vogts;Berti Vogts;30/12/1946;
274;heinz vollmar;Heinz Vollmar;26/04/1936;
275;franz wagner;Franz Wagner;23/09/1911;
276;martin wagner;Martin Wagner;24/02/1968;
277;fritz walter;Fritz Walter;31/10/1920;
278;ottmar walter;Ottmar Walter;6/03/1924;
279;wolfgang weber;Wolfgang Weber;26/06/1944;
280;roman weidenfeller;Roman Weidenfeller;6/08/1980;1.88
281;juergen werner;Juergen Werner;15/08/1935;
282;timo werner;Timo Werner;6/03/1996;1.81
283;heinz wewers;Heinz Wewers;27/07/1927;
284;tim wiese;Tim Wiese;17/12/1981;1.93
285;leo wilden;Leo Wilden;3/07/1936;
286;herbert wimmer;Herbert Wimmer;9/11/1944;
287;christian woerns;Christian Woerns;10/05/1972;1.84
288;horst wolter;Horst Wolter;8/06/1942;
289;ronald worm;Ronald Worm;7/10/1953;
290;gerd zewe;Gerd Zewe;13/06/1950;
291;christian ziege;Christian Ziege;1/02/1972;1.86
292;ron robert zieler;Ron-Robert Zieler;12/01/1989;1.85
293;paul zielinski;Paul Zielinski;20/11/1911;
294;herbert zimmermann;Herbert Zimmermann;1/07/1954;
295;wolfgang blochwitz;Wolfgang Blochwitz;8/02/1941;
296;bernd bransch;Bernd Bransch;24/09/1944;
297;juergen croy;Juergen Croy;19/10/1946;
298;peter ducke;Peter Ducke;14/10/1941;
299;werner friese;Werner Friese;30/03/1946;
300;joachim fritsche;Joachim Fritsche;28/10/1951;
301;erich hamann;Erich Hamann;27/11/1944;
302;martin hoffmann;Martin Hoffmann;22/03/1955;
303;harald irmscher;Harald Irmscher;12/02/1946;
304;gerd kische;Gerd Kische;23/10/1951;
305;hans juergen kreische;Hans-Juergen Kreische;19/07/1947;
306;lothar kurbjuweit;Lothar Kurbjuweit;6/11/1950;
307;reinhard lauck;Reinhard Lauck;16/09/1946;
308;wolfram loewe;Wolfram Loewe;14/05/1945;
309;juergen pommerenke;Juergen Pommerenke;22/01/1953;
310;ruediger schnuphase;Ruediger Schnuphase;23/01/1954;
311;wolfgang seguin;Wolfgang Seguin;14/09/1945;
312;juergen sparwasser;Juergen Sparwasser;4/06/1948;
313;joachim streich;Joachim Streich;13/04/1951;
314;eberhard vogel;Eberhard Vogel;8/04/1943;
315;siegmar waetzlich;Siegmar Waetzlich;16/11/1947;
316;konrad weise;Konrad Weise;17/08/1951;
317;akwa;Akwa;30/05/1977;1.80
318;andre 2;Andre;14/05/1978;1.75
319;andre titi buengo;Andre Titi Buengo;11/02/1980;1.89
320;delgado;Delgado;1/11/1979;1.78
321;edson;Edson;2/03/1980;1.75
322;figueiredo;Figueiredo;28/11/1972;1.70
323;flavio;Flavio;30/12/1979;1.75
324;jamba;Jamba;10/07/1977;1.82
325;joao ricardo;Joao Ricardo;7/01/1970;1.80
326;kali;Kali;11/10/1978;1.87
327;lama;Lama;1/02/1981;1.87
328;lebo lebo;Lebo Lebo;29/05/1977;1.87
329;loco;Loco;25/12/1984;1.80
330;love;Love;14/03/1979;1.78
331;mantorras;Mantorras;18/03/1982;1.78
332;marco abreu;Marco Abreu;8/12/1974;1.80
333;marcos airosa;Marcos Airosa;6/08/1984;1.78
334;mario;Mario;1/06/1985;1.84
335;mateus;Mateus;18/06/1984;1.74
336;mendonca;Mendonca;9/10/1982;1.72
337;miloy;Miloy;27/05/1981;1.82
338;rui marques;Rui Marques;3/09/1977;1.85
339;ze kalanga;Ze Kalanga;12/10/1983;1.75
340;mohamed abdeljawad;Mohamed Abdeljawad;28/11/1962;
341;saud abdulhamid;Saud Abdullah Abdulhamid;18/07/1999;1.71
342;majed abdullah;Majed Abdullah;1/11/1959;
343;tisir al antaif;Tisir Al Antaif;16/02/1974;1.83
344;awwad al anzi;Awwad Al Anzi;24/09/1968;
345;ahmed al bahri;Ahmed Al Bahri;18/09/1980;1.78
346;fahad al bishi;Fahad Al Bishi;10/09/1965;
347;mohamed al bishi;Mohamed Al Bishi;3/05/1987;1.83
348;saleh al dawood;Saleh Al Dawood;24/09/1968;
349;mohammed al deayea;Mohammed Al Deayea;2/08/1972;1.88
350;abdullah al dosari;Abdullah Al Dosari;1/11/1969;
351;abdullah gaman al dosari;Abdullah Gaman Al Dosari;10/11/1977;1.83
352;ahmed al dosari;Ahmed Al Dosari;25/10/1976;1.75
353;obeid al dosari;Obeid Al Dosari;2/10/1975;1.74
354;khamis al dossari;Khamis Al-Owairan Al-Dossari;8/09/1973;1.78
355;omar al ghamdi;Omar Al Ghamdi;11/04/1979;1.70
356;fahad al ghesheyan;Fahad Al Ghesheyan;1/08/1973;
357;ibrahim al harbi;Ibrahim Al Harbi;10/07/1975;
358;saad al harthi;Saad Al Harthi;3/02/1984;1.78
359;malek al hawsawi;Malek Al Hawsawi;10/08/1981;1.78
360;ibrahim al helwa;Ibrahim Al Helwa;18/08/1972;
361;sami al jaber;Sami Al Jaber;11/12/1972;1.76
362;mohammed al jahani;Mohammed Al Jahani;28/09/1974;1.77
363;abdulaziz al janoubi;Abdulaziz Al Janoubi;21/07/1974;1.76
364;yasser al kahtani;Yasser Al Kahtani;10/10/1982;1.66
365;mohammed al khlaiwi;Mohammed Al Khlaiwi;21/08/1971;
366;fahad al mehalel;Fahad Al Mehalel;11/11/1970;
367;hamad al montashari;Hamad Al Montashari;22/06/1982;1.81
368;khaled al muwallid;Khaled Al Muwallid;23/11/1971;
369;said al owayran;Said Al Owayran;19/08/1967;
370;naif al qadi;Naif Al Qadi;3/04/1979;1.76
371;mohammed al rubaie;Mohammed Al-Rubaie Al-Yami;14/08/1997;1.90
372;hussein al sadeq;Hussein Al Sadeq;15/10/1973;1.82
373;abdullah alwaked al shahrani;Abdullah Alwaked Al Shahrani;29/09/1975;1.78
374;ibrahim al shahrani;Ibrahim Al Shahrani;21/07/1974;1.72
375;mohammad al shalhoub;Mohammad Al Shalhoub;8/12/1980;1.63
376;fouzi al shehri;Fouzi Al Shehri;15/05/1980;1.73
377;hussein al sulaimani;Hussein Al Sulaimani;21/01/1977;1.74
378;yasser al taifi;Yasser Al Taifi;10/05/1971;
379;nawaf al temiyat;Nawaf Al Temiyat;28/06/1976;1.76
380;youssef al tunayan;Youssef Al Tunayan;18/11/1963;
381;al hasan al yami;Al Hasan Al Yami;21/08/1972;1.73
382;nawaf al abed;Nawaf Shaker Al-Abed;26/01/1990;1.69
383;abdulrahman al aboud;Abdulrahman Al-Aboud;1/06/1995;1.74
384;abdulelah al amri;Abdulelah Al-Amri;15/01/1997;1.85
385;nawaf al aqidi;Nawaf Dhahi Faisal Al-Suwaiti Al-Aqidi;10/05/2000;1.86
386;mohammed al breik;Mohammed Al-Breik;15/09/1992;1.73
387;ali al bulaihi;Ali Hadi Al-Bulaihi;21/11/1989;1.82
388;firas al buraikan;Firas Al-Buraikan;14/05/2000;1.81
389;nasser al dawsari;Nasser Eissa Shafi Al-Dawsari;19/12/1998;1.78
390;salem al dawsari;Salem Muhamed Al-Dawsari;19/08/1991;1.72
391;salman al faraj;Salman Mohammed Al-Faraj;1/08/1989;1.80
392;sultan al ghanam;Sultan Abdullah Al-Ghanam;6/05/1994;1.73
393;mansoor al harbi;Mansoor Ateeq Al-Harbi;19/10/1987;1.70
394;ali al hassan;Ali Al-Hassan;4/03/1997;1.82
395;taisir al jassim;Taiseer Jaber Al-Jassam;25/07/1984;1.70
396;abdullah al khaibari;Abdullah Al-Khaibari;16/08/1996;
397;abdulmalek al khaibri;Abdulmalek Al-Khaibri;13/03/1986;1.75
398;abdulellah al malki;Abdulellah bin Saad bin Hameed Al-Wahbi Al-Malki;11/10/1994;1.76
399;abdullah al mayouf;Abdullah Ibrahim Al-Mayouf;23/01/1987;1.88
400;housain al mogahwi;Housain Al-Mogahwi;24/03/1988;1.73
401;yasser al mosailem;Yasser Abdullah Al-Mosailem;27/02/1984;1.87
402;fahad al muwallad;Fahad Mosaed Al-Muwallad alhrbi;14/09/1994;1.67
403;sami al najei;Sami Al-Najei;7/02/1997;1.76
404;mohammed al owais;Mohammed Al-Owais;10/10/1991;1.85
405;mohammad al sahlawi;Mohammad Ibrahim Mohammad Al-Sahlawi;10/01/1987;1.80
406;yasser al shahrani;Yasser Gharsan Al-Shahrani;25/05/1992;1.71
407;saleh al shehri;Saleh Al-Shehri;1/11/1993;1.84
408;yahya al shehri;Yahya Sulaiman Ali Al-Shehri;26/06/1990;1.64
409;mansour althagafi;Mansour Althagafi;14/01/1979;1.76
410;mohammed ameen;Mohammed Ameen;29/04/1980;1.75
411;fuad amin;Fuad Amin;13/10/1972;
412;haitham asiri;Haitham Mohammed Asiri;25/03/2001;1.73
413;muhannad assiri;Muhannad Ahmed Abu Radeah Assiri;14/10/1986;1.87
414;khaled aziz;Khaled Aziz;14/07/1981;1.72
415;mohammed babkr;Mohammed Babkr;15/01/1973;1.86
416;hattan bahebri;Hattan Sultan Bahebri;16/07/1992;1.72
417;hamza falatah;Hamza Falatah;8/10/1972;1.78
418;mohsin harthi;Mohsin Harthi;17/07/1976;1.84
419;motaz hawsawi;Motaz Ali Hassan Hawsawi;17/02/1992;1.79
420;omar hawsawi;Omar Ibrahim Omar Othman Hawsawi;27/09/1985;1.84
421;osama hawsawi;Osama Hawsawi;31/03/1984;1.87
422;talal jebrin;Talal Jebrin;25/09/1973;
423;mohamed kanno;Mohamed Ibrahim Kanno;22/09/1994;1.92
424;saud kariri;Saud Kariri;8/07/1980;1.84
425;abdulaziz khathran;Abdulaziz Khathran;31/07/1973;1.69
426;mohammad khojah;Mohammad Khojah;15/03/1982;1.89
427;ahmed madani;Ahmed Madani;6/01/1970;
428;abdullah madu;Abdullah Mohammed Madu;15/07/1993;1.87
429;mohammed massad;Mohammed Massad;17/02/1983;1.76
430;mohammed noor;Mohammed Noor;26/02/1978;1.86
431;abdullah otayf;Abdullah Ibrahim Otayf;3/08/1992;1.77
432;hamza saleh;Hamza Saleh;19/04/1967;
433;riyadh sharahili;Riyadh Mohammed Sharahili;28/04/1993;1.84
434;hassan tambakti;Hassan Mohammed Tambakti;9/02/1999;1.82
435;redha tukar;Redha Tukar;29/11/1975;1.79
436;mabrouk zaid;Mabrouk Zaid;11/02/1979;1.85
437;abdullah zubromawi;Abdullah Sulaiman Zubromawi;15/11/1973;1.81
438;djamal abdoun;Djamal Abdoun;14/02/1986;1.80
439;mourad amara;Mourad Amara;19/02/1959;
440;salah assad;Salah Assad;10/06/1958;
441;nadir belhadj;Nadir Belhadj;18/06/1982;1.80
442;essaid belkalem;Essaïd Belkalem;1/01/1989;1.90
443;habib bellaid;Habib Bellaid;28/03/1986;1.89
444;lakhdar belloumi;Lakhdar Belloumi;29/12/1958;
445;alim ben mabrouk;Alim Ben Mabrouk;25/06/1960;
446;ali bencheikh;Ali Bencheikh;9/01/1955;
447;fawzi benkhalidi;Fawzi Benkhalidi;3/02/1963;
448;tedj bensaoula;Tedj Bensaoula;1/12/1954;
449;yacine bentala;Yacine Bentala;24/09/1955;
450;nabil bentaleb;Nabil Bentaleb;24/11/1994;1.87
451;ryad boudebouz;Ryad Boudebouz;19/02/1990;1.78
452;madjid bougherra;Madjid Bougherra;7/10/1982;1.90
453;abdelmajid bourebbou;Abdelmajid Bourebbou;16/03/1951;
454;yacine brahimi;Yacine Brahimi;8/02/1990;1.75
455;liassine cadamuro;Liassine Cadamuro;5/03/1988;1.86
456;mahdi cerbah;Mahdi Cerbah;3/01/1953;
457;mohamed chaib;Mohamed Chaib;20/05/1958;
458;faouzi chaouchi;Faouzi Chaouchi;5/12/1984;1.80
459;fathi chebel;Fathi Chebel;19/08/1956;
460;mustafa dahleb;Mustafa Dahleb;8/02/1952;
461;abdelmoumene djabou;Abdelmoumene Djabou;31/01/1987;1.65
462;rafik djebbour;Rafik Djebbour;8/03/1984;1.85
463;nasser drid;Nasser Drid;22/01/1957;
464;larbi el hadi;Larbi El Hadi;27/05/1961;
465;sofiane feghouli;Sofiane Feghouli;26/12/1989;1.78
466;ali fergani;Ali Fergani;21/09/1952;
467;lounes gaouaoui;Lounes Gaouaoui;28/09/1977;1.88
468;abdelkader ghezzal;Abdelkader Ghezzal;5/12/1984;1.86
469;nabil ghilas;Nabil Ghilas;20/04/1990;1.83
470;faouzi ghoulam;Faouzi Ghoulam;1/02/1991;1.86
471;adlane guedioura;Adlane Guedioura;12/11/1985;1.83
472;mahmoud guendouz;Mahmoud Guendouz;24/02/1953;
473;rafik halliche;Rafik Halliche;2/09/1986;1.87
474;rachid harkouk;Rachid Harkouk;19/05/1956;
475;abdelkader horr;Abdelkader Horr;10/11/1953;
476;mohamed kaci said;Mohamed Kaci Said;2/05/1958;
477;foued kadir;Foued Kadir;5/12/1983;1.80
478;mustafa kouici;Mustafa Kouici;16/04/1954;
479;noureddine kourichi;Noureddine Kourichi;12/04/1954;
480;medhi lacen;Medhi Lacen;15/03/1984;1.78
481;abdelkader laifaoui;Abdelkader Laifaoui;29/07/1981;1.77
482;salah larbes;Salah Larbes;16/09/1952;
483;rais mbolhi;Rais M'Bolhi;25/04/1986;1.90
484;rabah madjer;Rabah Madjer;15/02/1958;
485;riyad mahrez;Riyad Mahrez;21/02/1991;1.79
486;aissa mandi;Aissa Mandi;22/10/1991;1.86
487;faouzi mansouri;Faouzi Mansouri;17/01/1956;
488;yazid mansouri;Yazid Mansouri;25/02/1978;1.75
489;karim maroc;Karim Maroc;5/03/1958;
490;karim matmour;Karim Matmour;25/06/1985;1.81
491;abdellah medjadi;Abdellah Medjadi;1/12/1957;
492;carl medjani;Carl Medjani;15/05/1985;1.84
493;fadil megharia;Fadil Megharia;23/05/1961;
494;djamel menad;Djamel Menad;22/07/1960;
495;chaabane merzekane;Chaabane Merzekane;8/03/1959;
496;djamel mesbah;Djamel Mesbah;9/10/1984;1.80
497;mehdi mostefa;Mehdi Mostefa;30/08/1983;1.81
498;abdelhamid sadmi;Abdelhamid Sadmi;1/01/1961;
499;rafik saifi;Rafik Saifi;7/02/1975;1.78
500;cedric si mohamed;Cédric Si Mohamed;9/01/1985;1.83
501;islam slimani;Islam Slimani;18/06/1988;1.86
502;soudani;El Arbi Hillel Soudani;25/11/1987;1.77
503;saphir taider;Saphir Taïder;29/02/1992;1.80
504;djamel tlemcani;Djamel Tlemcani;16/04/1955;
505;hocine yahi;Hocine Yahi;25/04/1960;
506;anther yahia;Anther Yahia;21/03/1982;1.85
507;hassan yebda;Hassan Yebda;14/05/1984;1.88
508;mohamed zemmamouche;Mohamed Zemmamouche;19/03/1985;1.86
509;karim ziani;Karim Ziani;17/08/1982;1.68
510;djamel zidane;Djamel Zidane;28/04/1955;
511;roberto abbondanzieri;Roberto Abbondanzieri;19/08/1972;1.86
512;ramon abeledo;Ramon Abeledo;24/09/1937;
513;david acevedo;David Acevedo;20/02/1937;
514;marcos acuna;Marcos Javier Acuña;28/10/1991;1.72
515;sergio aguero;Sergio Leonel Agüero del Castillo;2/06/1988;1.70
516;pablo aimar;Pablo Aimar;3/11/1979;1.70
517;ernesto albarracin;Ernesto Albarracin;;
518;rafael albrecht;Rafael Albrecht;23/08/1941;
519;thiago almada;Thiago Ezequiel Almada;26/04/2001;1.71
520;matias almeyda;Matias Almeyda;21/12/1973;1.74
521;sergio almiron;Sergio Almiron;18/11/1958;
522;norberto alonso;Norberto Alonso;4/01/1953;
523;julian alvarez;Julián Álvarez;31/01/2000;1.70
524;ricardo alvarez;Ricardo Álvarez;12/04/1988;1.88
525;mariano andujar;Mariano Andujar;30/07/1983;1.80
526;cristian ansaldi;Cristian Daniel Ansaldi;20/09/1986;1.78
527;osvaldo ardiles;Osvaldo Ardiles;3/08/1952;
528;franco armani;Franco Armani;16/10/1986;1.89
529;luis artime;Luis Artime;2/12/1938;
530;leonardo astrada;Leonardo Astrada;6/01/1970;
531;ramon astudillo;Ramon Astudillo;;
532;ludovico avio;Ludovico Avio;6/10/1931;
533;roberto ayala;Roberto Ayala;14/04/1973;1.77
534;ruben ayala;Ruben Ayala;8/01/1950;
535;carlos babington;Carlos Babington;20/09/1949;
536;abel balbo;Abel Balbo;1/06/1966;
537;augustin balbuena;Augustin Balbuena;1/09/1945;
538;hector baley;Hector Baley;16/11/1950;
539;ever banega;Éver Maximiliano David Banega;29/06/1988;1.74
540;juan barbas;Juan Barbas;23/08/1959;
541;angel bargas;Angel Bargas;29/10/1946;
542;jose basanta;José Basanta;3/04/1984;1.88
543;jose basualdo;Jose Basualdo;20/06/1963;
544;sergio batista;Sergio Batista;9/11/1962;
545;gabriel batistuta;Gabriel Omar Batistuta;1/02/1969;1.85
546;edgardo bauza;Edgardo Bauza;26/01/1958;
547;raul belen;Raul Belen;1/07/1931;
548;ernesto belis;Ernesto Belis;1/02/1909;
549;sergio berti;Sergio Berti;17/02/1969;
550;daniel bertoni;Daniel Bertoni;14/03/1955;
551;lucas biglia;Lucas Rodrigo Biglia;30/01/1986;1.78
552;ricardo bochini;Ricardo Bochini;25/01/1954;
553;norberto boggio;Norberto Boggio;11/08/1931;
554;mario bolatti;Mario Bolatti;17/02/1985;1.89
555;roberto bonano;Roberto Bonano;24/01/1970;1.86
556;jorge borelli;Jorge Borelli;2/11/1964;
557;claudio borghi;Claudio Borghi;28/09/1964;
558;angel bossio;Angel Bossio;5/05/1905;
559;juan botasso;Juan Botasso;23/10/1908;
560;miguel brindisi;Miguel Brindisi;8/10/1950;
561;jose brown;Jose Brown;10/11/1956;
562;nicolas burdisso;Nicolas Burdisso;12/04/1981;1.74
563;german burgos;German Burgos;16/04/1969;1.88
564;jorge burruchaga;Jorge Burruchaga;9/10/1962;
565;wilfredo caballero;Wilfredo Daniel Caballero Lazcano;28/09/1981;1.86
566;fernando caceres;Fernando Caceres;7/02/1969;
567;gabriel calderon;Gabriel Calderon;7/02/1960;
568;oscar calics;Oscar Calics;18/11/1939;
569;esteban cambiasso;Esteban Cambiasso;18/08/1980;1.78
570;hugo campagnaro;Hugo Campagnaro;27/06/1980;1.81
571;fabian cancelarich;Fabian Cancelarich;30/12/1965;
572;claudio caniggia;Claudio Caniggia;9/01/1967;1.72
573;vladislao cap;Vladislao Cap;5/07/1934;
574;daniel carnevali;Daniel Carnevali;4/12/1946;
575;jorge carrascosa;Jorge Carrascosa;15/08/1948;
576;amadeo carrizo;Amadeo Carrizo;12/06/1926;
577;pablo cavallero;Pablo Cavallero;13/04/1974;1.88
578;roberto cerro;Roberto Cerro;23/02/1907;
579;mario chaldu;Mario Chaldu;6/06/1942;
580;jose chamot;Jose Chamot;17/05/1969;1.85
581;enrique chazarreta;Enrique Chazarreta;29/07/1947;
582;enrique chimento;Enrique Chimento;;
583;alberto chividini;Alberto Chividini;23/02/1907;
584;nestor clausen;Nestor Clausen;29/09/1962;
585;fabricio coloccini;Fabricio Coloccini;22/01/1982;1.83
586;angel comizzo;Angel Comizzo;27/04/1962;
587;omar oreste corbatta;Omar Oreste Corbatta;11/03/1936;
588;angel correa;Ángel Martín Correa Martínez;9/03/1995;1.74
589;hernan crespo;Hernan Crespo;5/07/1975;1.84
590;julio cruz;Julio Cruz;10/10/1974;1.90
591;osvaldo cruz;Osvaldo Cruz;29/05/1931;
592;jose cuciuffo;Jose Cuciuffo;1/02/1961;
593;leandro cufre;Leandro Cufre;9/05/1978;1.77
594;rodrigo de paul;Rodrigo Javier de Paul;24/05/1994;1.80
595;alfredo de vincenzi;Alfredo De Vincenzi;24/01/1911;
596;marcelo delgado;Marcelo Delgado;24/03/1973;
597;jose della torre;Jose Della Torre;23/03/1906;
598;pedro dellacha;Pedro Dellacha;9/07/1926;
599;atilio demaria;Atilio Demaria;19/03/1909;
600;martin demichelis;Martin Demichelis;20/12/1980;1.84
601;gustavo dezotti;Gustavo Dezotti;14/02/1964;
602;angel di maria;Ángel Fabián Di María Hernández;14/02/1988;1.78
603;hernan diaz;Hernan Diaz;26/02/1965;
604;ramon diaz;Ramon Diaz;29/08/1959;
605;rogelio dominguez;Rogelio Dominguez;9/03/1931;
606;paulo dybala;Paulo Exequiel Dybala;15/11/1993;1.77
607;federico edwards;Federico Edwards;27/01/1931;
608;hector enrique;Hector Enrique;26/04/1962;
609;juan evaristo;Juan Evaristo;20/06/1902;
610;mario evaristo;Mario Evaristo;10/12/1908;
611;nestor fabbri;Nestor Fabbri;29/04/1968;
612;hector facundo;Hector Facundo;2/11/1937;
613;federico fazio;Federico Julián Fazio;17/03/1987;1.95
614;augusto fernandez;Augusto Fernández;10/04/1986;1.77
615;enzo fernandez;Enzo Jeremías Fernández;17/01/2001;1.78
616;federico fernandez;Federico Fernández;21/02/1989;1.90
617;manuel ferreira;Manuel Ferreira;22/10/1905;
618;oscar ferreiro;Oscar Ferreiro;25/04/1935;
619;ubaldo fillol;Ubaldo Fillol;21/07/1950;
620;juan foyth;Juan Marcos Foyth;12/01/1998;1.88
621;leonardo franco;Leonardo Franco;20/05/1977;1.88
622;hector freschi;Hector Freschi;22/05/1911;
623;fernando gago;Fernando Rubén Gago;10/04/1986;1.78
624;alberto galateo;Alberto Galateo;1/01/1913;
625;marcelo gallardo;Marcelo Daniel Gallardo;18/01/1976;1.69
626;americo gallego;Americo Gallego;25/04/1955;
627;luis galvan;Luis Galvan;24/02/1948;
628;ruben galvan;Ruben Galvan;7/04/1952;
629;ezequiel garay;Ezequiel Garay;10/10/1986;1.89
630;ariel garce;Ariel Garce;14/07/1979;1.75
631;oscar garre;Oscar Garre;9/12/1956;
632;hugo gatti;Hugo Gatti;19/08/1944;
633;ricardo giusti;Ricardo Giusti;11/12/1956;
634;ruben glaria;Ruben Glaria;10/03/1948;
635;alejandro gomez;Alejandro Darío Gómez;15/02/1988;1.67
636;alberto gonzalez 2;Alberto Gonzalez;21/08/1941;
637;cristian gonzalez;Cristian Gonzalez;4/08/1974;1.75
638;luis gonzalez;Luis Gonzalez;19/01/1981;1.85
639;sergio goycochea;Sergio Goycochea;17/10/1963;
640;angel grippa;Angel Grippa;;
641;jonas gutierrez;Jonas Gutierrez;5/07/1983;1.82
642;nahuel guzman;Nahuel Ignacio Guzmán Palomeque;10/02/1986;1.92
643;gabriel heinze;Gabriel Heinze;19/04/1978;1.78
644;ramon heredia;Ramon Heredia;26/02/1951;
645;patricio hernandez;Patricio Hernandez;16/08/1956;
646;gonzalo higuain;Gonzalo Gerardo Higuaín;10/12/1987;1.84
647;rene houseman;Rene Houseman;19/07/1953;
648;claudio husain;Claudio Husain;20/11/1974;1.77
649;ricardo infante;Ricardo Infante;21/06/1924;
650;roberto iraneta;Roberto Iraneta;21/03/1915;
651;rolando irusta;Rolando Hugo Irusta;27/03/1938;
652;luis islas;Luis Islas;22/12/1965;
653;luca izzeta;Luca Izzeta;;
654;mario kempes;Mario Kempes;15/07/1954;
655;daniel killer;Daniel Killer;21/12/1949;
656;ricardo la volpe;Ricardo La Volpe;6/02/1952;
657;angel labruna;Angel Labruna;28/09/1918;
658;omar larrosa;Omar Larrosa;18/11/1947;
659;ezequiel lavezzi;Ezequiel Lavezzi;3/05/1985;1.73
660;giovani lo celso;Giovani Lo Celso;9/04/1996;1.77
661;francisco lombardo;Francisco Lombardo;11/06/1925;
662;arcadio lopez;Arcadio Lopez;15/09/1910;
663;claudio lopez;Claudio Lopez;17/07/1974;1.76
664;gustavo lopez;Gustavo Lopez;13/04/1973;1.74
665;nelson lopez;Nelson Lopez;24/06/1941;
666;alfonso lorenzo;Alfonso Lorenzo;;
667;nestor lorenzo;Nestor Lorenzo;28/02/1966;
668;leopoldo luque;Leopoldo Luque;3/05/1949;
669;alexis mac allister;Alexis Mac Allister;24/12/1998;1.76
670;alejandro mancuso;Alejandro Mancuso;4/09/1968;
671;diego maradona;Diego Armando Maradona;30/10/1960;1.65
672;alberto mariotti;Alberto Mariotti;28/03/1935;
673;emiliano martinez;Damián Emiliano Martínez;1/09/1992;1.95
674;lautaro martinez;Lautaro Javier Martínez;22/08/1997;1.74
675;lisandro martinez;Lisandro Martínez;18/01/1998;1.75
676;silvio marzolini;Silvio Marzolini;4/10/1940;
677;oscar mas;Oscar Mas;29/10/1946;
678;javier mascherano;Javier Alejandro Mascherano;8/06/1984;1.71
679;ramon medina bello;Ramon Medina Bello;29/04/1966;
680;norberto menendez;Norberto Menendez;14/12/1936;
681;gabriel mercado;Gabriel Iván Mercado;17/03/1987;1.80
682;lionel messi;Lionel Andrés Messi;24/06/1987;1.70
683;maximiliano meza;Maximiliano Eduardo Meza;15/01/1992;1.80
684;diego milito;Diego Milito;12/06/1979;1.77
685;gabriel milito;Gabriel Milito;7/09/1980;1.77
686;nahuel molina;Nahuel Molina Lucero;6/04/1998;1.78
687;luis monti;Luis Monti;15/05/1901;
688;gonzalo montiel;Gonzalo Ariel Montiel;1/01/1997;1.75
689;pedro monzon;Pedro Monzon;23/02/1962;
690;eliseo mourino;Eliseo Mourino;2/06/1927;
691;julio mussimesi;Julio Mussimesi;9/07/1923;
692;ramon muttis;Ramon Muttis;12/03/1899;
693;ruben navarro;Ruben Navarro;30/03/1933;
694;jose nehin;Jose Nehin;1/01/1911;
695;julio olarticoechea;Julio Olarticoechea;18/10/1958;
696;juan oleniak;Juan Oleniak;6/03/1942;
697;jorge olguin;Jorge Olguin;17/05/1952;
698;ermindo onega;Ermindo Ángel Onega;4/04/1939;
699;agustin orion;Agustin Orion;26/06/1981;1.87
700;rodolfo orlandini;Rodolfo Orlandini;1/01/1905;
701;ariel ortega;Ariel Ortega;4/03/1974;1.70
702;oscar ortiz;Oscar Ortiz;8/04/1953;
703;nicolas otamendi;Nicolás Hernán Gonzalo Otamendi;12/02/1988;1.83
704;miguel oviedo;Miguel Oviedo;12/10/1950;
705;raul paez;Raul Paez;26/05/1937;
706;marcelo pagani;Marcelo Pagani;19/08/1941;
707;ruben pagnanini;Ruben Pagnanini;31/01/1949;
708;rodrigo palacio;Rodrigo Palacio;5/02/1982;1.76
709;exequiel palacios;Exequiel Alejandro Palacios;5/10/1998;1.77
710;martin palermo;Martín Palermo;7/11/1973;1.88
711;martin pando;Martin Pando;26/12/1934;
712;leandro paredes;Leandro Daniel Paredes;29/06/1994;1.82
713;pedro pasculli;Pedro Pasculli;17/05/1960;
714;daniel passarella;Daniel Passarella;25/05/1953;
715;javier pastore;Javier Pastore;20/06/1989;1.73
716;jose pastoriza;Jose Pastoriza;23/05/1942;
717;fernando paternoster;Fernando Paternoster;24/05/1903;
718;cristian pavon;Cristian Pavón;21/01/1996;1.67
719;pablo paz;Pablo Paz;27/01/1973;
720;juan pedevilla;Juan Pedevilla;6/06/1909;
721;alfredo perez;Alfredo Perez;10/04/1929;
722;enzo perez;Enzo Pérez;21/02/1986;1.77
723;hugo perez 2;Hugo Perez;6/10/1968;
724;vincente perez;Vincente Perez;;
725;roberto perfumo;Roberto Perfumo;3/10/1942;
726;natalio perinetti;Natalio Perinetti;28/12/1900;
727;carlos peucelle;Carlos Peucelle;13/09/1908;
728;german pezzella;Germán Alejo Pezzella;27/06/1991;1.90
729;edmundo piaggio;Edmundo Piaggio;3/10/1910;
730;mauricio pineda;Mauricio Pineda;13/07/1975;
731;diego placente;Diego Placente;24/04/1977;1.76
732;mauricio pochettino;Mauricio Pochettino;2/03/1972;1.82
733;aldo poy;Aldo Poy;14/09/1945;
734;diego pozo;Diego Pozo;16/02/1978;1.83
735;eliseo prado;Eliseo Prado;17/09/1929;
736;nery pumpido;Nery Pumpido;30/07/1957;
737;jose manuel ramos delgado;Jose Manuel Ramos Delgado;26/08/1935;
738;antonio rattin;Antonio Rattin;16/05/1937;
739;fernando redondo;Fernando Redondo;6/06/1969;
740;juan roman riquelme;Juan Román Riquelme;24/06/1978;1.82
741;carlos roa;Carlos Roa;15/08/1969;
742;clemente rodriguez;Clemente Rodriguez;31/07/1981;1.66
743;guido rodriguez;Guido Rodríguez;12/04/1994;1.86
744;leonardo rodriguez;Leonardo Rodriguez;27/08/1966;
745;maxi rodriguez;Maxi Rodriguez;2/01/1981;1.73
746;alfredo rojas;Alfredo Rojas;20/02/1937;
747;marcos rojo;Faustino Marcos Alberto Rojo;20/03/1990;1.84
748;antonio roma;Antonio Roma;13/07/1932;
749;cristian romero;Cristian Gabriel Romero;27/04/1998;1.85
750;sergio romero;Sergio Romero;22/02/1987;1.91
751;nestor rossi;Nestor Rossi;10/05/1925;
752;oscar rossi;Oscar Rossi;27/07/1930;
753;francisco rua;Francisco Rua;4/02/1911;
754;oscar ruggeri;Oscar Ruggeri;26/01/1962;
755;geronimo rulli;Gerónimo Rulli;20/05/1992;1.89
756;francisco sa;Francisco Sa;25/10/1945;
757;federico sacchi;Federico Sacchi;9/08/1936;
758;alberto sainz;Alberto Sainz;13/12/1937;
759;eduardo salvio;Eduardo Antonio Salvio;13/07/1990;1.72
760;walter samuel;Walter Samuel;23/03/1978;1.82
761;jose sanfilippo;Jose Sanfilippo;4/05/1935;
762;santiago santamaria;Santiago Santamaria;22/08/1952;
763;miguel santoro;Miguel Santoro;27/02/1942;
764;juan sarnari;Juan Sarnari;22/01/1942;
765;javier saviola;Javier Saviola;11/12/1981;1.68
766;lionel scaloni;Lionel Scaloni;16/05/1978;1.82
767;alejandro scopelli;Alejandro Scopelli;12/05/1908;
768;norberto scoponi;Norberto Scoponi;13/01/1961;
769;roberto sensini;Roberto Sensini;12/10/1966;1.78
770;jose serrizuela;Jose Serrizuela;10/06/1962;
771;carmelo simeone;Carmelo Simeone;22/09/1934;
772;diego simeone;Diego Simeone;28/04/1970;1.78
773;juan simon;Juan Simon;2/03/1960;
774;jorge solari;Jorge Solari;11/11/1941;
775;juan sorin;Juan Sorin;5/05/1976;1.73
776;ruben sosa 2;Ruben Sosa;14/11/1936;
777;carlos spadaro;Carlos Spadaro;5/02/1902;
778;carlos squeo;Carlos Squeo;4/06/1948;
779;guillermo stabile;Guillermo Stabile;17/01/1906;
780;pedro suarez;Pedro Suarez;21/12/1909;
781;nicolas tagliafico;Nicolás Alejandro Tagliafico;31/08/1992;1.72
782;carlos tapia;Carlos Tapia;20/08/1962;
783;anibal tarabini;Anibal Tarabini;4/08/1941;
784;alberto tarantini;Alberto Tarantini;3/12/1955;
785;roberto telch;Roberto Telch;6/11/1943;
786;carlos tevez;Carlos Alberto Martínez Tevez;5/02/1984;1.73
787;nestor togneri;Nestor Togneri;27/11/1942;
788;marcelo trobbiani;Marcelo Trobbiani;17/02/1955;
789;pedro troglio;Pedro Troglio;28/07/1965;
790;enzo trossero;Enzo Trossero;23/05/1953;
791;costantino urbieta sosa;Costantino Urbieta Sosa;12/08/1907;
792;oscar ustari;Oscar Ustari;3/07/1986;1.84
793;federico vairo;Federico Vairo;27/01/1930;
794;jorge valdano;Jorge Valdano;4/10/1955;
795;jose valencia;Jose Valencia;3/10/1955;
796;jose van tuyne;Jose Van Tuyne;13/12/1954;
797;jose varacka;Jose Varacka;27/05/1932;
798;francisco varallo;Francisco Varallo;5/02/1910;
799;sergio vazquez;Sergio Vazquez;23/11/1965;
800;juan veron;Juan Veron;9/03/1975;1.86
801;ricardo villa;Ricardo Villa;18/08/1952;
802;nelson vivas;Nelson Vivas;18/10/1969;1.66
803;federico wilde;Federico Wilde;1/01/1909;
804;enrique wolff;Enrique Wolff;21/02/1949;
805;hector yazalde;Hector Yazalde;29/05/1946;
806;pablo zabaleta;Pablo Zabaleta;16/01/1985;1.74
807;javier zanetti;Javier Zanetti;10/08/1973;1.78
808;hector zelada;Hector Zelada;30/04/1957;
809;adolfo zumelzu;Adolfo Zumelzu;5/01/1902;
810;attila abonyi;Attila Abonyi;16/08/1946;
811;john aloisi;John Aloisi;5/02/1976;1.88
812;adrian alston;Adrian Alston;6/02/1949;
813;daniel arzani;Daniel Arzani;4/01/1999;1.71
814;nathaniel atkinson;Nathaniel Caleb Atkinson;13/06/1999;1.81
815;keanu baccus;Keanu Kole Baccus;7/06/1998;1.78
816;michael beauchamp;Michael Beauchamp;8/03/1981;1.91
817;aziz behich;Aziz Behich;16/12/1990;1.70
818;martin boyle;Martin Callie Boyle;25/04/1993;1.72
819;oliver bozanic;Oliver Bozanic;8/01/1989;1.77
820;marco bresciano;Mark;11/02/1980;1.82
821;branko buljevic;Branko Buljevic;6/09/1947;
822;tim cahill;Timothy Filiga Cahill;6/12/1979;1.80
823;ernie campbell;Ernie Campbell;20/10/1949;
824;david carney;David Carney;30/11/1983;1.81
825;scott chipperfield;Scott Chipperfield;30/12/1975;1.80
826;ante covic;Ante Covic;13/06/1975;1.92
827;jason culina;Jason Culina;5/08/1980;1.75
828;jason cummings;Jason Steven Cummings;1/08/1995;1.78
829;colin curran;Colin Curran;21/08/1947;
830;jason davidson;Jason Davidson;29/06/1991;1.80
831;milos degenek;Milos Degenek;28/04/1994;1.87
832;thomas deng;Thomas Jok Deng;20/03/1997;1.78
833;cameron devlin;Cameron Peter Devlin;7/06/1998;1.71
834;mitchell duke;Mitchell Thomas Duke;18/01/1991;1.82
835;brett emerton;Brett Emerton;22/02/1979;1.85
836;adam federici;Adam Federici;31/01/1985;1.88
837;ivan franjic;Ivan Franjic;10/09/1987;1.80
838;eugene galekovic;Eugene Galekovic;12/06/1981;1.86
839;richard garcia;Richard Garcia;4/09/1981;1.80
840;craig goodwin;Craig Alexander Goodwin;16/12/1991;1.83
841;vince grella;Vince Grella;5/10/1979;1.83
842;ben halloran;Ben Halloran;14/06/1992;1.80
843;dave harding;Dave Harding;14/08/1946;
844;james holland;James Holland;15/05/1989;1.80
845;brett holman;Brett Holman;27/03/1984;1.76
846;ajdin hrustic;Ajdin Hrustic;5/07/1996;1.80
847;jackson irvine;Jackson Alexander Irvine;7/03/1993;1.89
848;mile jedinak;Michael John Jedinak;3/08/1984;1.88
849;brad jones;Bradley Jones;19/03/1982;1.93
850;tomi juric;Tomi Juric;22/07/1991;1.91
851;matthew jurman;Matthew Jurman;8/12/1989;1.90
852;zeljko kalac;Zeljko Kalac;16/12/1972;2.02
853;fran karacic;Fran Karačić;12/05/1996;1.81
854;joshua kennedy;Joshua Kennedy;20/08/1982;1.92
855;harry kewell;Harry Kewell;22/09/1978;1.83
856;joel king;Joel Bruce King;30/10/2000;1.79
857;robbie kruse;Robbie Thomas Kruse;5/10/1988;1.79
858;garang kuol;Garang Mawien Kuol;15/09/2004;1.77
859;mitchell langerak;Mitchell Langerak;22/08/1988;1.91
860;stan lazaridis;Stan Lazaridis;16/08/1972;1.75
861;mathew leckie;Mathew Allan Leckie;4/02/1991;1.81
862;massimo luongo;Massimo Corey Luongo;25/09/1992;1.76
863;awer mabil;Awer Bul Mabil;15/09/1995;1.79
864;jimmy mackay;Jimmy Mackay;19/12/1943;
865;jamie maclaren;Jamie Maclaren;29/07/1993;1.79
866;allan maher;Allan Maher;21/07/1950;
867;gary manuel;Gary Manuel;20/02/1950;
868;ryan mcgowan;Ryan McGowan;15/08/1989;1.91
869;riley mcgree;Riley Patrick McGree;2/11/1998;1.78
870;matt mckay;Matt McKay;11/01/1983;1.71
871;james meredith;James Gregory Meredith;4/04/1988;1.85
872;jimmy milisavljevic;Jimmy Milisavljevic;15/04/1951;
873;mark milligan;Mark Daniel Milligan;4/08/1985;1.78
874;craig moore;Craig Moore;12/12/1975;1.86
875;aaron mooy;Aaron Frank Mooy;15/09/1990;1.74
876;andrew nabbout;Andrew Nabbout;17/11/1992;1.78
877;lucas neill;Lucas Neill;9/03/1978;1.85
878;tommy oar;Tommy Oar;10/12/1991;1.70
879;peter ollerton;Peter Ollerton;20/05/1951;
880;dimitri petratos;Dimitri 'Dimi' Petratos;10/11/1992;1.76
881;tony popovic;Tony Popovic;4/07/1973;1.93
882;andrew redmayne;Andrew James Redmayne;13/01/1989;1.94
883;jack reilly;Jack Reilly;27/08/1945;
884;ray richards;Ray Richards;18/05/1946;
885;josh risdon;Joshua Risdon;27/07/1992;1.76
886;tom rogic;Tomas Petar Rogic;16/11/1992;1.88
887;jimmy rooney;Jimmy Rooney;10/10/1945;
888;kye rowles;Kye Francis Rowles;24/06/1998;1.85
889;ivo rudic;Ivo Rudic;24/01/1942;
890;nikita rukavytsya;Nikita Vadymovych Rukavytsya;22/06/1987;1.83
891;mathew ryan;Mathew David Ryan;8/04/1992;1.84
892;trent sainsbury;Trent Lucas Sainsbury;5/01/1992;1.83
893;manfred schaefer;Manfred Schaefer;12/02/1943;
894;mark schwarzer;Mark Schwarzer;6/10/1972;1.96
895;josip skoko;Josip Skoko;10/12/1975;1.77
896;harry souttar;Harry James Souttar;22/10/1998;1.98
897;matthew spiranovic;Matthew Spiranovic;27/06/1988;1.93
898;mile sterjovski;Mile Sterjovski;27/05/1979;1.80
899;adam taggart;Adam Taggart;2/06/1993;1.83
900;archie thompson;Archie Thompson;23/10/1978;1.71
901;max tolson;Max Tolson;18/07/1945;
902;james troisi;James Troisi;3/07/1988;1.77
903;doug utjesenovic;Doug Utjesenovic;8/10/1946;
904;carl valeri;Carl Valeri;14/08/1984;1.80
905;dario vidosic;Dario Vidosic;8/04/1987;1.85
906;mark viduka;Mark Viduka;9/10/1975;1.88
907;danny vukovic;Daniel Vukovic;27/03/1985;1.87
908;john warren;John Warren;17/05/1943;
909;john watkiss;John Watkiss;28/03/1941;
910;alex wilkinson;Alex Wilkinson;13/08/1984;1.87
911;luke wilkshire;Luke Wilkshire;2/10/1981;1.77
912;harry williams;Harry Williams;7/05/1951;
913;peter wilson;Peter Wilson;15/09/1947;
914;bailey wright;Bailey Wright;28/07/1992;1.84
915;ernst aigner;Ernst Aigner;31/10/1966;
916;martin amerhauser;Martin Amerhauser;23/07/1974;1.80
917;peter artner;Peter Artner;20/05/1966;
918;leopold barschandt;Leopold Barschandt;12/08/1925;
919;ernst baumeister;Ernst Baumeister;22/01/1957;
920;hubert baumgartner;Hubert Baumgartner;25/02/1955;
921;michael baur;Michael Baur;16/04/1969;
922;josef bican;Josef Bican;25/09/1913;
923;georg braun;Georg Braun;22/02/1907;
924;gerhard breitenberger;Gerhard Breitenberger;14/10/1954;
925;hans buzek;Hans Buzek;22/05/1938;
926;harald cerny;Harald Cerny;13/09/1973;1.77
927;franz cisar;Franz Cisar;28/11/1908;
928;josef degeorgi;Josef Degeorgi;19/01/1960;
929;robert dienst;Robert Dienst;1/03/1928;
930;hans dihanich;Hans Dihanich;24/10/1958;
931;bruno engelmeier;Bruno Engelmeier;5/09/1927;
932;wolfgang feiersinger;Wolfgang Feiersinger;30/01/1965;
933;herbert feurer;Herbert Feurer;14/01/1954;
934;friederich franzl;Friederich Franzl;6/03/1905;
935;erwin fuchsbichler;Erwin Fuchsbichler;27/03/1952;
936;karl giesser;Karl Giesser;29/10/1928;
937;gerald glatzmayer;Gerald Glatzmayer;13/12/1968;
938;mario haas;Mario Haas;16/09/1974;1.78
939;max hagmayr;Max Hagmayr;16/11/1956;
940;paul halla;Paul Halla;10/04/1931;
941;pepi hammerl;Pepi Hammerl;22/01/1931;
942;gerhard hanappi;Gerhard Hanappi;16/02/1929;
943;ernst happel;Ernst Happel;29/11/1925;
944;gunter happich;Gunter Happich;28/01/1952;
945;josef hassmann;Josef Hassmann;21/05/1910;
946;roland hattenberger;Roland Hattenberger;7/12/1948;
947;walter haummer;Walter Haummer;22/11/1928;
948;andreas heraf;Andreas Heraf;10/09/1967;
949;andreas herzog;Andreas Herzog;10/09/1968;1.83
950;josef hickersberger;Josef Hickersberger;27/04/1948;
951;martin hiden;Martin Hiden;11/03/1973;1.81
952;reinhold hintermaier;Reinhold Hintermaier;14/02/1956;
953;leopold hofmann;Leopold Hofmann;31/10/1905;
954;walter horak;Walter Horak;1/06/1931;
955;alfred hortnagl;Alfred Hortnagl;24/09/1966;
956;johann horvath;Johann Horvath;20/05/1903;
957;anton janda;Anton Janda;1/05/1904;
958;kurt jara;Kurt Jara;14/10/1950;
959;gernot jurtin;Gernot Jurtin;9/09/1955;
960;mathias kaburek;Mathias Kaburek;9/02/1911;
961;christian keglevits;Christian Keglevits;29/01/1961;
962;wolfgang knaller;Wolfgang Knaller;9/10/1961;
963;alfred koerner;Alfred Koerner;14/02/1926;
964;robert koerner;Robert Koerner;21/08/1924;
965;walter kogler;Walter Kogler;12/12/1967;
966;karl koller;Karl Koller;9/02/1929;
967;walter kollmann;Walter Kollmann;17/06/1932;
968;friedl koncilia;Friedl Koncilia;25/02/1948;
969;otto konrad;Otto Konrad;1/11/1964;
970;michael konsel;Michael Konsel;6/03/1962;
971;ernst kozlicek;Ernst Kozlicek;27/01/1931;
972;paul kozlicek;Paul Kozlicek;22/07/1937;
973;hans krankl;Hans Krankl;14/02/1953;
974;bernd krauss;Bernd Krauss;8/05/1957;
975;wilhelm kreuz;Wilhelm Kreuz;29/05/1949;
976;eduard krieger;Eduard Krieger;16/12/1946;
977;dietmar kuehbauer;Dietmar Kuehbauer;4/04/1971;1.72
978;klaus lindenberger;Klaus Lindenberger;28/05/1957;
979;manfred linzmaier;Manfred Linzmaier;27/08/1962;
980;roman mahlich;Roman Mahlich;17/09/1971;
981;gerald messlender;Gerald Messlender;1/10/1961;
982;herbert ninaus;Herbert Ninaus;31/03/1937;
983;franz oberacher;Franz Oberacher;24/03/1954;
984;erich obermayer;Erich Obermayer;23/01/1953;
985;ernst ocwirk;Ernst Ocwirk;7/03/1926;
986;andeas ogris;Andeas Ogris;7/10/1964;
987;robert pecl;Robert Pecl;15/11/1965;
988;franz pelikan;Franz Pelikan;6/11/1925;
989;peter persidis;Peter Persidis;8/03/1947;
990;bruno pezzey;Bruno Pezzey;3/02/1955;
991;anton pfeffer;Anton Pfeffer;17/08/1965;
992;heimo pfeifenberger;Heimo Pfeifenberger;29/12/1966;
993;andy pichler;Andy Pichler;4/10/1955;
994;hans pirkner;Hans Pirkner;25/03/1946;
995;peter platzer;Peter Platzer;29/05/1910;
996;toni polster;Toni Polster;10/03/1964;
997;johann pregesbauer;Johann Pregesbauer;8/06/1958;
998;erich probst;Erich Probst;5/12/1927;
999;herbert prohaska;Herbert Prohaska;8/08/1955;
1000;ignaz puschnik;Ignaz Puschnik;5/02/1934;
1001;rudolf raftl;Rudolf Raftl;7/02/1911;
1002;hannes reinmayr;Hannes Reinmayr;23/08/1969;
1003;andreas reisinger;Andreas Reisinger;14/10/1963;
1004;johann riegler;Johann Riegler;17/07/1929;
1005;gerhard rodax;Gerhard Rodax;29/08/1965;
1006;kurt russ;Kurt Russ;23/11/1964;
1007;robert sara;Robert Sara;9/06/1946;
1008;walter schachner;Walter Schachner;1/02/1957;
1009;toni schall;Toni Schall;22/06/1907;
1010;walter schleger;Walter Schleger;19/09/1929;
1011;willi schmaus;Willi Schmaus;16/06/1911;
1012;kurt schmied;Kurt Schmied;14/06/1926;
1013;peter schoettel;Peter Schoettel;26/03/1967;
1014;markus schopp;Markus Schopp;22/02/1974;1.88
1015;helmut senekowitsch;Helmut Senekowitsch;22/10/1933;
1016;karl sesta;Karl Sesta;18/03/1906;
1017;matthias sindelar;Matthias Sindelar;10/02/1903;
1018;josef smistik;Josef Smistik;28/11/1905;
1019;peter stoeger;Peter Stoeger;11/04/1966;
1020;ernst stojaspal;Ernst Stojaspal;14/01/1925;
1021;karl stotz;Karl Stotz;27/03/1927;
1022;heinrich strasser;Heinrich Strasser;26/10/1948;
1023;michael streiter;Michael Streiter;19/01/1966;
1024;josef stroh;Josef Stroh;5/03/1913;
1025;franz swoboda;Franz Swoboda;15/02/1933;
1026;rudolf szanwald;Rudolf Szanwald;6/07/1931;
1027;alfred teinitzer;Alfred Teinitzer;29/07/1929;
1028;hans urbanek;Hans Urbanek;10/10/1910;
1029;ivica vastic;Ivica Vastic;29/09/1969;1.83
1030;rudi viertl;Rudi Viertl;12/11/1902;
1031;franz wagner;Franz Wagner;23/09/1911;
1032;theodor wagner;Theodor Wagner;6/08/1927;
1033;johann walzhofer;Johann Walzhofer;23/03/1906;
1034;heribert weber;Heribert Weber;28/06/1955;
1035;kurt welzl;Kurt Welzl;6/11/1954;
1036;arnold wetl;Arnold Wetl;2/02/1970;
1037;franz wohlfahrt;Franz Wohlfahrt;1/07/1964;
1038;walter zeman;Walter Zeman;1/05/1927;
1039;karl zischek;Karl Zischek;28/08/1910;
1040;manfred zsak;Manfred Zsak;22/12/1964;
1041;fernand adams;Fernand Adams;3/05/1903;
1042;philippe albert;Philippe Albert;10/08/1967;
1043;toby alderweireld;Tobias Albertine Maurits Alderweireld;2/03/1989;1.86
1044;leopold anoul;Leopold Anoul;19/08/1922;
1045;raymond ausloos;Raymond Ausloos;3/02/1930;
1046;jo backaert;Jo Backaert;5/08/1921;
1047;arnold badjou;Arnold Badjou;25/06/1909;
1048;marc baecke;Marc Baecke;24/07/1956;
1049;michy batshuayi;Michy Batshuayi-Atunga;2/10/1993;1.85
1050;jacques beurlet;Jacques Beurlet;21/12/1944;
1051;gilbert bodart;Gilbert Bodart;2/09/1962;
1052;danny boffin;Danny Boffin;10/07/1965;1.73
1053;vital borkelmans;Vital Borkelmans;1/06/1963;
1054;sammy bossut;Sammy Bossut;11/08/1985;1.87
1055;desire bourgeois;Desire Bourgeois;13/12/1908;
1056;dedryck boyata;Anga Dedryck Boyata;29/11/1990;1.88
1057;robert braet;Robert Braet;11/02/1912;
1058;pierre braine;Pierre Braine;26/10/1900;
1059;raymond braine;Raymond Braine;28/04/1907;
1060;jean brichaut;Jean Brichaut;29/07/1911;
1061;hugo broos;Hugo Broos;10/04/1952;
1062;fernand buyle;Fernand Buyle;3/03/1918;
1063;jean capelle;Jean Capelle;26/10/1913;
1064;yannick carrasco;Yannick Ferreira Carrasco;4/09/1993;1.80
1065;louis carre;Louis Carre;7/01/1925;
1066;pierre carteus;Pierre Carteus;24/09/1943;
1067;timothy castagne;Timothy Castagne;5/12/1995;1.85
1068;koen casteels;Koen Casteels;25/06/1992;1.97
1069;artur ceuleers;Artur Ceuleers;28/02/1916;
1070;jan ceulemans;Jan Ceulemans;28/02/1957;
1071;nacer chadli;Nacer Chadli;2/08/1989;1.87
1072;alexis chantraine;Alexis Chantraine;16/03/1901;
1073;laurent ciman;Laurent Franco Ciman;5/08/1985;1.80
1074;nico claesen;Nico Claesen;1/10/1962;
1075;jean claessens;Jean Claessens;18/06/1908;
1076;philippe clement;Philippe Clement;22/03/1974;1.90
1077;leo clijsters;Leo Clijsters;6/11/1956;
1078;ludo coeck;Ludo Coeck;25/09/1955;
1079;rik coppens;Rik Coppens;29/04/1930;
1080;thibaut courtois;Thibaut Nicolas Marc Courtois;11/05/1992;1.99
1081;bertrand crasson;Bertrand Crasson;5/10/1971;
1082;theo custers;Theo Custers;10/08/1950;
1083;alex czerniatynski;Alex Czerniatynski;28/07/1960;
1084;pierre dalem;Pierre Dalem;16/03/1912;
1085;jean de bie;Jean De Bie;18/05/1892;
1086;glen de boeck;Glen De Boeck;22/08/1971;1.90
1087;kevin de bruyne;Kevin De Bruyne;28/06/1991;1.81
1088;jean de clerq;Jean De Clerq;17/05/1905;
1089;henri de deken;Henri De Deken;3/08/1907;
1090;marc de grijse;Marc De Grijse;4/09/1965;
1091;charles de ketelaere;Charles De Ketelaere;10/03/2001;1.92
1092;jean francois de sart;Jean Francois De Sart;18/12/1961;
1093;maurits de schrijver;Maurits De Schrijver;26/06/1951;
1094;geert de vlieger;Geert De Vlieger;16/10/1971;1.86
1095;francois de vries;Francois De Vries;21/08/1913;
1096;filip de wilde;Filip De Wilde;5/07/1964;
1097;alphonse de winter;Alphonse De Winter;12/09/1908;
1098;michel de wolf;Michel De Wolf;19/01/1958;
1099;zeno debast;Zeno Koen Debast;24/10/2003;1.89
1100;eric deflandre;Eric Deflandre;2/08/1973;1.79
1101;steven defour;Steven Defour;15/04/1988;1.73
1102;gerard delbeke;Gerard Delbeke;1/09/1903;
1103;mousa dembele;Mousa Dembélé;16/07/1987;1.85
1104;stephane demol;Stephane Demol;11/03/1966;
1105;leander dendoncker;Leander Dendoncker;15/04/1995;1.88
1106;philippe desmet;Philippe Desmet;29/11/1958;
1107;johannes devrindt;Johannes Devrindt;14/04/1944;
1108;nicolas dewalque;Nicolas Dewalque;20/09/1945;
1109;jan diddens;Jan Diddens;14/09/1906;
1110;henri dirickx;Henri Dirickx;7/07/1927;
1111;jan dockx;Jan Dockx;24/05/1941;
1112;jeremy doku;Jérémy Baffour Doku;27/05/2002;1.73
1113;marcel dries;Marcel Dries;19/09/1929;
1114;jacques duquesne;Jacques Duquesne;22/04/1940;
1115;marc emmers;Marc Emmers;25/02/1966;
1116;gaetan englebert;Gaetan Englebert;11/06/1976;1.78
1117;wout faes;Wout Faes;3/04/1998;1.87
1118;marouane fellaini;Marouane Fellaini-Bakkioui;22/11/1987;1.94
1119;jean fievez;Jean Fievez;30/11/1910;
1120;charles geerts;Charles Geerts;29/10/1930;
1121;eric gerets;Eric Gerets;18/05/1954;
1122;leopold gernaey;Leopold Gernaey;25/02/1927;
1123;frans gommers;Frans Gommers;5/04/1917;
1124;bart goor;Bart Goor;9/04/1973;1.83
1125;laurent grimmonprez;Laurent Grimmonprez;14/12/1902;
1126;georges grun;Georges Grun;25/01/1962;
1127;eden hazard;Eden Michael Hazard;7/01/1991;1.73
1128;thorgan hazard;Thorgan Ganael Francis Hazard;29/03/1993;1.74
1129;auguste hellemans;Auguste Hellemans;14/09/1907;
1130;paul henry;Paul Henry;6/09/1912;
1131;albert heremans;Albert Heremans;13/04/1906;
1132;frederic herpoel;Frederic Herpoel;16/08/1974;1.83
1133;georges heylens;Georges Heylens;8/08/1941;
1134;denis houf;Denis Houf;16/02/1932;
1135;nikolaas hoydonckx;Nikolaas Hoydonckx;29/12/1900;
1136;constant huysmans;Constant Huysmans;11/10/1928;
1137;henri isemborghs;Henri Isemborghs;30/01/1914;
1138;francois janssens;Francois Janssens;25/09/1945;
1139;adnan januzaj;Adnan Januzaj;5/02/1995;1.80
1140;leon jeck;Leon Jeck;9/02/1947;
1141;costant joacim;Costant Joacim;3/03/1908;
1142;vincent kompany;Vincent Jean Mpoy Kompany;10/04/1986;1.90
1143;raoul lambert;Raoul Lambert;20/10/1944;
1144;robert lamoot;Robert Lamoot;18/03/1911;
1145;francois ledent;Francois Ledent;8/11/1907;
1146;nicolas lombaerts;Nicolas Lombaerts;20/03/1985;1.84
1147;romelu lukaku;Romelu Menama Lukaku Bolingoli;13/05/1993;1.90
1148;robert maertens;Robert Maertens;24/01/1930;
1149;maurice martens;Maurice Martens;5/06/1947;
1150;dirk medved;Dirk Medved;15/09/1968;
1151;victor mees;Victor Mees;26/01/1927;
1152;walter meeuws;Walter Meeuws;11/07/1951;
1153;joseph mermans;Joseph Mermans;16/02/1922;
1154;dries mertens;Dries Mertens;6/05/1987;1.69
1155;thomas meunier;Thomas Meunier;12/09/1991;1.90
1156;simon mignolet;Simon Luc Hildebert Mignolet;6/03/1988;1.93
1157;luc millecamps;Luc Millecamps;10/09/1951;
1158;marc millecamps;Marc Millecamps;9/10/1950;
1159;kevin mirallas;Kevin Mirallas;5/10/1987;1.82
1160;jacques moeschal;Jacques Moeschal;6/09/1900;
1161;raymond mommens;Raymond Mommens;27/12/1958;
1162;emile mpenza;Emile Mpenza;4/07/1978;1.77
1163;mbo mpenza;Mbo Mpenza;4/12/1976;1.75
1164;jacques munaron;Jacques Munaron;8/09/1956;
1165;joseph nelis;Joseph Nelis;1/04/1917;
1166;luc nilis;Luc Nilis;25/05/1967;
1167;theodore nouwens;Theodore Nouwens;17/02/1908;
1168;luis oliveira;Luis Oliveira;24/03/1969;
1169;amadou onana;Amadou Zeund Georges Ba Mvom Onana;16/08/2001;1.92
1170;lois openda;Ikoma Loïs Openda;16/02/2000;1.75
1171;divock origi;Divock Origi;18/04/1995;1.85
1172;jules pappaert;Jules Pappaert;5/11/1905;
1173;robert paverick;Robert Paverick;29/11/1912;
1174;frans peeraer;Frans Peeraer;15/02/1913;
1175;alfonse peeters;Alfonse Peeters;21/01/1943;
1176;jacky peeters;Jacky Peeters;13/12/1969;1.84
1177;jean petit 2;Jean Petit;25/02/1914;
1178;jean marie pfaff;Jean-Marie Pfaff;4/12/1953;
1179;christian piot;Christian Piot;4/10/1947;
1180;gerard plessers;Gerard Plessers;30/03/1959;
1181;pascal plovie;Pascal Plovie;7/05/1965;
1182;odilon polleunis;Odilon Polleunis;1/05/1943;
1183;michel preudhomme;Michel Preudhomme;24/01/1959;
1184;wilfried puis;Wilfried Puis;18/02/1943;
1185;georges putmans;Georges Putmans;29/05/1914;
1186;pascal renier;Pascal Renier;3/08/1971;
1187;michel renquin;Michel Renquin;3/11/1955;
1188;andre saeys;Andre Saeys;20/02/1911;
1189;enzo scifo;Enzo Scifo;19/02/1966;
1190;leon semmeling;Leon Semmeling;4/01/1940;
1191;corneel seys;Corneel Seys;12/02/1912;
1192;charles simons;Charles Simons;27/06/1906;
1193;timmy simons;Timmy Simons;11/12/1976;1.86
1194;philibert smellinckx;Philibert Smellinckx;17/01/1911;
1195;rudi smidts;Rudi Smidts;12/08/1963;
1196;wesley sonck;Wesley Sonck;9/08/1978;1.74
1197;lorenzo staelens;Lorenzo Staelens;30/04/1964;
1198;branko strupar;Branko Strupar;9/02/1970;1.90
1199;emile stynen;Emile Stynen;2/11/1907;
1200;arthur theate;Arthur Nicolas Theate;25/05/2000;1.85
1201;bernd thijs;Bernd Thijs;28/06/1978;1.86
1202;jean thissen;Jean Thissen;21/04/1946;
1203;youri tielemans;Youri Tielemans;7/05/1997;1.76
1204;jean maire trappeniers;Jean-Maire Trappeniers;13/01/1942;
1205;leandro trossard;Leandro Trossard;4/12/1994;1.72
1206;john van alphen;John Van Alphen;17/06/1914;
1207;alfons van brandt;Alfons Van Brandt;24/06/1927;
1208;daniel van buyten;Daniel van Buyten;7/02/1978;1.97
1209;pieter van den bosch;Pieter Van Den Bosch;31/10/1927;
1210;poly van den bosch;Poly Van Den Bosch;30/04/1926;
1211;erwin van den daele;Erwin Van Den Daele;5/03/1945;
1212;francois van der elst;Francois Van Der Elst;1/12/1954;
1213;franky van der elst;Franky Van Der Elst;30/04/1961;
1214;leo van der elst;Leo Van Der Elst;7/01/1962;
1215;peter van der heyden;Peter Van Der Heyden;16/07/1976;1.83
1216;stephane van der heyden;Stephane Van Der Heyden;3/07/1969;
1217;jeff van der linden;Jeff Van Der Linden;2/11/1927;
1218;marc van der linden;Marc Van Der Linden;4/02/1964;
1219;paul van himst;Paul Van Himst;2/10/1943;
1220;luc van hoywegen;Luc Van Hoywegen;1/01/1929;
1221;jos van ingelgem;Jos Van Ingelgem;23/01/1919;
1222;nico van kerckhoven;Nico Van Kerckhoven;14/12/1970;1.90
1223;robert van kerckhoven;Robert Van Kerckhoven;1/01/1924;
1224;eric van meir;Eric Van Meir;28/02/1968;1.86
1225;wilfried van moer;Wilfried Van Moer;1/03/1945;
1226;jean van steen;Jean Van Steen;2/06/1929;
1227;hans vanaken;Hans Vanaken;24/08/1992;1.95
1228;philippe vande walle;Philippe Vande Walle;22/12/1961;
1229;anthony vanden borre;Anthony Vanden Borre;24/10/1987;1.85
1230;erwin vandenbergh;Erwin Vandenbergh;26/01/1959;
1231;franky vandendriessche;Franky Vandendriessche;7/04/1971;1.85
1232;rene vandereycken;Rene Vandereycken;22/07/1953;
1233;yves vanderhaeghe;Yves Vanderhaeghe;30/01/1970;1.80
1234;guy vandersmissen;Guy Vandersmissen;25/12/1957;
1235;andre vandeweyer;Andre Vandeweyer;21/06/1909;
1236;charles vandewouwer;Charles Vandewouwer;7/09/1916;
1237;frank vercauteren;Frank Vercauteren;28/10/1956;
1238;gert verheyen;Gert Verheyen;20/09/1970;1.89
1239;jan verheyen;Jan Verheyen;9/07/1944;
1240;rene verheyen;Rene Verheyen;20/03/1952;
1241;dany verlinden;Dany Verlinden;15/08/1963;
1242;thomas vermaelen;Thomas Vermaelen;14/11/1985;1.82
1243;sven vermant;Sven Vermant;4/04/1973;1.83
1244;bruno versavel;Bruno Versavel;27/08/1967;
1245;mike verstraeten;Mike Verstraeten;12/08/1967;
1246;louis versyp;Louis Versyp;5/12/1908;
1247;jan vertonghen;Jan Bert Lieve Vertonghen;24/04/1987;1.89
1248;patrick vervoort;Patrick Vervoort;17/01/1965;
1249;daniel veyt;Daniel Veyt;9/12/1956;
1250;gordan vidovic;Gordan Vidovic;23/06/1968;
1251;joseph vliers;Joseph Vliers;18/12/1932;
1252;bernard voorhoof;Bernard Voorhoof;11/05/1910;
1253;johan walem;Johan Walem;1/02/1972;1.69
1254;josip weber;Josip Weber;16/11/1964;
1255;felix welkenhuysen;Felix Welkenhuysen;12/12/1908;
1256;marc wilmots;Marc Wilmots;22/02/1969;1.84
1257;axel witsel;Axel Laurent Angel Lambert Witsel;12/01/1989;1.86
1258;alberto acha;Alberto Acha;3/04/1920;
1259;mario alborta;Mario Alborta;19/09/1910;
1260;victor algaranaz;Victor Algaranaz;6/04/1924;
1261;duberty araoz;Duberty Araoz;21/12/1920;
1262;jorge argote;Jorge Argote;1/01/1906;
1263;vicente arraya;Vicente Arraya;25/01/1922;
1264;jorge balderrama;Jorge Balderrama;12/12/1906;
1265;julio baldivieso;Julio Baldivieso;2/12/1971;
1266;jesus bermudez;Jesus Bermudez;1/01/1902;
1267;carlos borja;Carlos Borja;25/12/1956;
1268;miguel brito;Miguel Brito;;
1269;victor brown;Victor Brown;7/03/1927;
1270;jose bustamante;Jose Bustamante;1/01/1907;
1271;jose bustamante nava;Jose Bustamante-Nava;5/03/1922;
1272;rene cabrera;Rene Cabrera;;
1273;roberto capparelli;Roberto Capparelli;18/11/1921;
1274;ramiro castillo;Ramiro Castillo;27/03/1966;
1275;casiano chavarria;Casiano Chavarria;3/08/1901;
1276;luis cristaldo;Luis Cristaldo;31/08/1969;
1277;segundo durandal;Segundo Durandal;17/03/1907;
1278;marco antonio etcheverry;Marco Antonio Etcheverry;26/09/1970;
1279;rene fernandez;Rene Fernandez;1/01/1906;
1280;leonardo ferrel;Leonardo Ferrel;7/07/1923;
1281;benedicto godoy;Benedicto Godoy;;
1282;gumercindo gomez;Gumercindo Gomez;1/01/1907;
1283;antonio grecco;Antonio Grecco;1/01/1923;
1284;juan guerra;Juan Guerra;;
1285;benigno gutierrez;Benigno Gutierrez;1/09/1925;
1286;eduardo gutierrez;Eduardo Gutierrez;17/01/1925;
1287;diogenes lara;Diogenes Lara;6/04/1903;
1288;benjamin maldonado;Benjamin Maldonado;1/01/1928;
1289;milton melgar;Milton Melgar;20/09/1959;
1290;mario mena;Mario Mena;28/07/1928;
1291;rafael mendez;Rafael Mendez;1/01/1904;
1292;jaime moreno;Jaime Moreno;19/01/1974;
1293;miguel murillo;Miguel Murillo;;
1294;jose noya;Jose Noya;;
1295;alvaro pena;Alvaro Pena;11/02/1966;
1296;juan manuel pena;Juan Manuel Pena;17/01/1973;
1297;mario pinedo;Mario Pinedo;9/04/1964;
1298;gustavo quinteros;Gustavo Quinteros;15/02/1965;
1299;luis ramallo;Luis Ramallo;4/07/1961;
1300;mauricio ramos;Mauricio Ramos;23/09/1969;
1301;eduardo reyes ortiz;Eduardo Reyes Ortiz;1/01/1907;
1302;luis reyes penaranda;Luis Reyes Penaranda;;
1303;miguel angel rimba;Miguel Angel Rimba;1/11/1967;
1304;dario rojas;Dario Rojas;20/01/1960;
1305;hector saavedra;Hector Saavedra;;
1306;renato sainz;Renato Sainz;14/12/1899;
1307;erwin sanchez;Erwin Sanchez;19/10/1969;
1308;oscar sanchez;Oscar Sanchez;16/07/1971;
1309;marco antonio sandy;Marco Antonio Sandy;29/08/1971;
1310;vladimir soria;Vladimir Soria;15/07/1964;
1311;modesto soruco;Modesto Soruco;12/02/1966;
1312;marcelo torrico;Marcelo Torrico;11/01/1972;
1313;carlos trucco;Carlos Trucco;11/08/1957;
1314;victor ugarte;Victor Ugarte;5/05/1926;
1315;antonio valencia;Antonio Valencia;5/05/1925;
1316;asmir avdukic;Asmir Avdukic;13/05/1981;1.90
1317;asmir begovic;Asmir Begovic;20/06/1987;1.96
1318;muhamed besic;Muhamed Besic;10/09/1992;1.80
1319;ermin bicakcic;Ermin Bicakcic;24/01/1990;1.85
1320;edin dzeko;Edin Dzeko;17/03/1986;1.93
1321;jasmin fejzic;Jasmin Fejzic;15/05/1986;1.97
1322;anel hadzic;Anel Hadzic;16/08/1989;1.86
1323;izet hajrovic;Izet Hajrovic;4/08/1991;1.77
1324;vedad ibisevic;Vedad Ibisevic;6/08/1984;1.88
1325;senijad ibricic;Senijad Ibricic;26/09/1985;1.82
1326;sead kolasinac;Sead Kolasinac;20/06/1993;1.83
1327;senad lulic;Senad Lulic;18/06/1986;1.83
1328;haris medunjanin;Haris Medunjanin;8/03/1985;1.88
1329;zvjezdan misimovic;Zvjezdan Misimovic;5/06/1982;1.80
1330;mensur mujdza;Mensur Mujdza;28/03/1984;1.84
1331;miralem pjanic;Miralem Pjanic;2/04/1990;1.80
1332;sejad salihovic;Sejad Salihovic;8/10/1984;1.82
1333;emir spahic;Emir Spahic;18/08/1980;1.83
1334;toni sunjic;Toni Sunjic;15/12/1988;1.92
1335;tino susic;Tino Susic;13/02/1992;1.86
1336;edin visca;Edin Visca;17/02/1990;1.72
1337;ognjen vranjes;Ognjen Vranjes;24/10/1989;1.85
1338;avdija vrsajevic;Avdija Vrsajevic;6/03/1986;1.79
1339;abel;Abel;1/09/1952;
1340;acacio;Acacio;20/01/1959;
1341;adaozinho;Adaozinho;2/04/1923;
1342;ademir;Ademir;8/11/1922;
1343;ademir da guia;Ademir Da Guia;3/04/1942;
1344;ado;Ado;4/07/1944;
1345;adriano;Adriano;17/02/1982;1.89
1346;afonsinho;Afonsinho;8/03/1914;
1347;alcindo;Alcindo;16/12/1945;
1348;aldair;Aldair;30/11/1965;
1349;alemao;Alemao;22/11/1961;
1350;alfredo;Alfredo;18/10/1946;
1351;alfredo ii;Alfredo Ii;1/01/1920;
1352;alfredo ramos;Alfredo Ramos;27/10/1924;
1353;alisson;Alisson Ramses Becker;2/10/1992;1.93
1354;jose altafini;Jose Altafini;24/07/1938;
1355;altair;Altair;22/01/1938;
1356;dani alves;Daniel Alves da Silva;6/05/1983;1.72
1357;amaral;Amaral;21/12/1954;
1358;amarildo;Amarildo;29/06/1939;
1359;anderson polga;Anderson Polga;9/02/1979;1.82
1360;andre cruz;Andre Cruz;20/09/1968;
1361;antony;Antony Matheus dos Santos;24/02/2000;1.72
1362;araken;Araken;17/07/1905;
1363;argemiro;Argemiro;3/06/1915;
1364;ariel;Ariel;22/02/1910;
1365;armandinho;Armandinho;6/03/1911;
1366;attila;Attila;16/12/1910;
1367;augusto;Augusto;22/10/1920;
1368;baldochi;Baldochi;14/03/1946;
1369;baltazar;Baltazar;14/01/1926;
1370;barbosa;Barbosa;27/03/1921;
1371;batatais;Batatais;20/05/1910;
1372;batista;Batista;8/03/1955;
1373;bauer;Bauer;21/11/1925;
1374;bebeto;Bebeto;16/02/1964;
1375;belletti;Belletti;20/06/1976;1.79
1376;bellini;Bellini;7/06/1930;
1377;benedicto;Benedicto;10/05/1910;
1378;benvenutto;Benvenutto;8/08/1903;
1379;bernard;Bernard Anício Caldeira Duarte;8/09/1992;1.68
1380;bigode;Bigode;4/04/1922;
1381;bismarck;Bismarck;17/09/1969;
1382;branco;Branco;4/04/1964;
1383;brandao;Brandao;21/04/1911;
1384;brandaozinho;Brandaozinho;9/06/1925;
1385;bremer;Gleison Bremer Silva Nascimento;18/03/1997;1.88
1386;brilhante;Brilhante;5/11/1904;
1387;brito;Brito;9/08/1939;
1388;britto;Britto;6/05/1914;
1389;cabecao;Cabecao;23/08/1930;
1390;cafu;Cafu;7/06/1970;1.76
1391;canalli;Canalli;12/03/1907;
1392;careca;Careca;5/10/1960;
1393;carlos;Carlos;4/03/1956;
1394;carlos alberto;Carlos Alberto;17/07/1944;
1395;carlos germano;Carlos Germano;14/08/1970;
1396;carpegiani;Carpegiani;7/02/1949;
1397;carvalho leite;Carvalho Leite;25/06/1912;
1398;casagrande;Casagrande;15/04/1963;
1399;casemiro;Carlos Henrique Casimiro;23/02/1992;1.95
1400;cassio;Cássio Ramos;6/07/1987;1.95
1401;castilho;Castilho;27/11/1927;
1402;cesar;Cesar;17/05/1945;
1403;cesar sampaio;Cesar Sampaio;31/03/1968;
1404;chicao;Chicao;30/01/1949;
1405;chico;Chico;7/01/1923;
1406;cicinho;Cicinho;24/06/1980;1.72
1407;clodoaldo;Clodoaldo;26/09/1949;
1408;coutinho;Coutinho;11/06/1943;
1409;cris;Cris;3/06/1977;1.83
1410;danilo;Danilo Luiz da Silva;15/07/1991;1.84
1411;danilo alvim;Danilo Alvim;3/12/1920;
1412;dante;Dante Bonfim;18/10/1983;1.88
1413;dario;Dario;4/03/1946;
1414;david luiz;David Luiz Moreira Marinho3;22/04/1987;1.89
1415;de sordi;De Sordi;14/02/1931;
1416;denilson 2;Denilson;24/08/1977;1.77
1417;denilson;Denilson;28/03/1943;
1418;dequinha;Dequinha;19/03/1928;
1419;dida 2;Dida;7/10/1973;1.95
1420;dida;Dida;16/03/1934;
1421;didi;Didi;8/10/1928;
1422;dino sani;Dino Sani;23/05/1932;
1423;dirceu;Dirceu;15/06/1952;
1424;djalma santos;Djalma Santos;27/02/1929;
1425;doca;Doca;7/03/1903;
1426;domingos da guia;Domingos Da Guia;19/11/1912;
1427;doni;Doni;22/10/1979;1.94
1428;doriva;Doriva;28/05/1972;
1429;douglas costa;Douglas Costa de Souza;14/09/1990;1.72
1430;dunga;Dunga;31/10/1963;
1431;eder;Eder;25/05/1957;
1432;ederson;Ederson Santana de Moraes;17/08/1993;1.88
1433;edevaldo;Edevaldo;28/01/1958;
1434;edilson;Edilson;17/09/1970;1.68
1435;edinho;Edinho;5/06/1955;
1436;edivaldo;Edivaldo;13/04/1962;
1437;edmilson;Edmilson;10/07/1976;1.86
1438;edmundo;Edmundo;2/04/1971;
1439;edson 2;Edson;3/07/1959;
1440;edu;Edu;6/08/1949;
1441;elano;Elano;14/06/1981;1.74
1442;ely do amparo;Ely Do Amparo;14/05/1921;
1443;elzo;Elzo;22/01/1961;
1444;emerson;Emerson;4/04/1976;1.82
1445;everaldo;Everaldo;11/09/1944;
1446;fabinho;Fábio Henrique Tavares;23/10/1993;1.88
1447;fagner;Fagner Conserva Lemos;11/06/1989;1.68
1448;falcao;Falcao;16/10/1953;
1449;fausto;Fausto;28/01/1905;
1450;felipe melo;Felipe Melo;26/06/1983;1.83
1451;felix;Felix;24/12/1937;
1452;fernandinho;Fernando Luiz Rosa;4/05/1985;1.76
1453;fernando giudicelli;Fernando Giudicelli;1/03/1906;
1454;fidelis;Fidelis;13/03/1944;
1455;filipe luis;Filipe Luís Kasmirski;9/08/1985;1.83
1456;fontana;Fontana;31/12/1940;
1457;fortes;Fortes;9/09/1901;
1458;francisco rodrigues;Francisco Rodrigues;27/06/1925;
1459;fred;Frederico Chaves Guedes;3/10/1983;1.85
1460;fred rodrigues;Frederico Rodrigues de Paula Santos;5/03/1993;1.69
1461;friaca;Friaca;20/10/1924;
1462;gabriel jesus;Gabriel Fernando de Jesus;3/04/1997;1.75
1463;garrincha;Manuel Francisco dos Santos;28/10/1933;1.69
1464;germano;Germano;14/03/1911;
1465;pedro geromel;Pedro Tonon Geromel;21/09/1985;1.90
1466;gerson;Gerson;11/01/1941;
1467;gil;Gil;24/12/1950;
1468;gilberto melo;Gilberto Melo;25/04/1976;1.80
1469;gilberto silva;Gilberto Silva;7/10/1976;1.90
1470;gilmar;Gilmar;22/08/1930;
1471;gilmar rinaldi;Gilmar Rinaldi;13/01/1959;
1472;giovanni;Giovanni;4/02/1972;
1473;gomes;Gomes;15/02/1981;1.91
1474;goncalves;Goncalves;22/06/1966;
1475;grafite;Grafite;2/04/1979;1.89
1476;bruno guimaraes;Bruno Guimarães Rodriguez Moura;16/11/1997;1.82
1477;henrique;Henrique Adriano Buss;14/10/1986;1.85
1478;hercules;Hercules;2/07/1912;
1479;hermogenes;Hermogenes;4/11/1908;
1480;hernanes;Anderson Hernanes de Carvalho Andrade Lima;29/05/1985;1.80
1481;hulk;Givanildo Vieira de Souza;25/07/1986;1.80
1482;humberto tozzi;Humberto Tozzi;4/02/1934;
1483;indio;Indio;1/03/1931;
1484;italia;Italia;22/05/1907;
1485;ivan mariz;Ivan Mariz;16/05/1910;
1486;jair;Jair;21/03/1921;
1487;jair da costa;Jair Da Costa;9/07/1940;
1488;jair marinho;Jair Marinho;17/07/1936;
1489;jairzinho;Jairzinho;25/12/1944;
1490;jau;Jau;7/12/1909;
1491;jefferson;Jefferson de Oliveira;20/01/1983;1.88
1492;jo;João Alves de Assis Silva;20/03/1987;1.89
1493;joel 2;Joel;23/11/1931;
1494;joel;Joel;1/05/1904;
1495;joel camargo;Joel Camargo;18/09/1946;
1496;jorge mendonca;Jorge Mendonca;6/06/1954;
1497;jorginho;Jorginho;17/08/1964;
1498;josimar;Josimar;19/09/1961;
1499;josue;Josue;19/07/1979;1.69
1500;juan;Juan;1/02/1979;1.82
1501;julinho;Julinho;29/07/1929;
1502;julio baptista;Julio Baptista;1/10/1981;1.85
1503;julio cesar 2;Julio Cesar;3/09/1979;1.86
1504;julio cesar;Julio Cesar;8/03/1963;
1505;juninho;Juninho;29/08/1958;
1506;juninho paulista;Juninho Paulista;22/02/1973;1.65
1507;juninho pernambucano;Juninho Pernambucano;30/01/1975;1.78
1508;junior;Junior;29/06/1954;
1509;junior 2;Junior;20/06/1973;1.73
1510;junior baiano;Junior Baiano;14/03/1970;
1511;jurandir;Jurandir;12/11/1940;
1512;juvenal;Juvenal;27/11/1923;
1513;kaka;Ricardo Izecson dos Santos Leite;22/04/1982;1.86
1514;kleberson;Kleberson;19/06/1979;1.75
1515;leandro;Leandro;17/03/1959;
1516;leao;Leao;11/07/1949;
1517;leivinha;Leivinha;11/09/1949;
1518;leonardo;Leonardo;5/09/1969;
1519;leonidas;Leonidas;6/09/1913;
1520;lima;Lima;18/01/1942;
1521;lopes;Lopes;1/11/1910;
1522;lucio;Lucio;8/05/1978;1.88
1523;luis fabiano;Luis Fabiano;8/11/1980;1.86
1524;luis pereira;Luis Pereira;21/06/1949;
1525;luisao;Luisao;13/02/1981;1.93
1526;luisinho;Luisinho;29/03/1911;
1527;luiz gustavo;Luiz Gustavo Dias;23/07/1987;1.87
1528;luiz luz;Luiz Luz;29/11/1909;
1529;luizao;Luizao;14/11/1975;1.76
1530;luizinho;Luizinho;22/10/1958;
1531;machado;Machado;1/01/1909;
1532;maicon;Maicon Douglas Sisenando;26/07/1981;1.86
1533;maneca;Maneca;28/01/1926;
1534;manga;Manga;26/04/1937;
1535;manoelzinho;Manoelzinho;22/08/1907;
1536;marcelo;Marcelo Vieira da Silva Júnior;12/05/1988;1.74
1537;marcio santos;Marcio Santos;15/09/1969;
1538;marco antonio;Marco Antonio;6/02/1951;
1539;marcos;Marcos;4/08/1973;1.93
1540;marinho chagas;Marinho Chagas;8/02/1952;
1541;marinho peres;Marinho Peres;19/03/1947;
1542;marquinhos;Marcos Aoás Corrêa;14/05/1994;1.83
1543;martim;Martim;2/03/1911;
1544;gabriel martinelli;Gabriel Teodoro Martinelli Silva;18/06/2001;1.78
1545;maurinho;Maurinho;6/06/1933;
1546;mauro galvao;Mauro Galvao;19/12/1961;
1547;mauro ramos;Mauro Ramos;30/08/1930;
1548;mauro silva;Mauro Silva;12/01/1968;1.80
1549;maxwell;Maxwell Scherrer Cabelino Andrade;27/08/1981;1.76
1550;mazinho;Mazinho;8/04/1966;
1551;mengalvio;Mengalvio;17/12/1939;
1552;michel bastos;Michel Bastos;2/08/1983;1.79
1553;eder militao;Éder Gabriel Militão;18/01/1998;1.86
1554;mineiro;Mineiro;2/08/1975;1.69
1555;miranda;João Miranda de Souza Filho;7/09/1984;1.86
1556;mirandinha;Mirandinha;26/02/1952;
1557;moacir;Moacir;18/05/1936;
1558;moderato;Moderato;14/07/1902;
1559;mozer;Mozer;19/09/1960;
1560;muller;Muller;31/01/1966;
1561;nariz;Nariz;8/02/1912;
1562;nelinho;Nelinho;26/07/1950;
1563;nena;Nena;11/07/1923;
1564;neymar;Neymar da Silva Santos Júnior;5/02/1992;1.75
1565;niginho;Niginho;12/02/1912;
1566;nilmar;Nilmar;14/07/1984;1.80
1567;nilo;Nilo;3/04/1903;
1568;nilton santos;Nilton Santos;16/05/1925;
1569;noronha;Noronha;25/09/1918;
1570;octacilio;Octacilio;21/11/1909;
1571;oreco;Oreco;13/06/1932;
1572;orlando;Orlando;20/09/1935;
1573;oscar 2;Oscar dos Santos Emboada Junior;9/09/1991;1.80
1574;oscar;Oscar;20/06/1954;
1575;oscarino;Oscarino;17/01/1907;
1576;pamplona;Pamplona;24/03/1904;
1577;lucas paqueta;Lucas Tolentino Coelho de Lima;27/08/1997;1.80
1578;parana;Parana;21/03/1942;
1579;patesko;Patesko;12/11/1910;
1580;paulinho 2;José Paulo Bezerra Maciel Júnior;25/07/1988;1.80
1581;paulinho;Paulinho;15/04/1932;
1582;paulo cesar;Paulo Cesar;16/06/1949;
1583;paulo henrique;Paulo Henrique;5/01/1943;
1584;paulo isidoro;Paulo Isidoro;3/08/1953;
1585;paulo sergio 2;Paulo Sergio;24/07/1954;
1586;paulo sergio;Paulo Sergio;2/06/1969;
1587;paulo vitor;Paulo Vitor;7/06/1957;
1588;pedrinho;Pedrinho;22/10/1957;
1589;pedro guilherme;Pedro Guilherme Abreu dos Santos;20/06/1997;1.85
1590;pedrosa;Pedrosa;8/07/1913;
1591;pele;Edson Arantes do Nascimento;23/10/1940;1.73
1592;pepe 2;Pepe;25/02/1935;
1593;peracio;Peracio;2/11/1917;
1594;philippe coutinho;Philippe Coutinho Correia;12/06/1992;1.72
1595;pinga;Pinga;11/02/1924;
1596;pinheiro;Pinheiro;13/01/1932;
1597;polozzi;Polozzi;1/10/1955;
1598;poly;Poly;26/01/1909;
1599;preguinho;Preguinho;8/02/1905;
1600;rai;Rai;15/05/1965;
1601;ramires;Ramires;24/03/1987;1.79
1602;raphinha;Raphael Dias Belloli;14/12/1996;1.76
1603;reinaldo;Reinaldo;11/01/1957;
1604;renato;Renato;5/12/1944;
1605;renato 2;Renato;21/02/1957;
1606;renato augusto;Renato Soares de Oliveira Augusto;8/02/1988;1.86
1607;renato gaucho;Renato Gaucho;9/09/1962;
1608;everton ribeiro;Éverton Augusto de Barros Ribeiro;10/04/1989;1.74
1609;ricardinho;Ricardinho;23/05/1976;1.76
1610;ricardo gomes;Ricardo Gomes;13/12/1964;
1611;ricardo rocha;Ricardo Rocha;11/09/1962;
1612;richarlison;Richarlison de Andrade;10/05/1997;1.84
1613;rildo;Rildo;23/01/1942;
1614;rivaldo;Rivaldo;19/04/1972;1.86
1615;rivelino;Rivelino;1/01/1946;
1616;roberto 2;Roberto;31/07/1944;
1617;roberto 3;Roberto;20/06/1912;
1618;roberto carlos;Roberto Carlos da Silva Rocha;10/04/1973;1.68
1619;roberto dinamite;Roberto Dinamite;13/04/1954;
1620;roberto firmino;Roberto Firmino Barbosa de Oliveira;2/10/1991;1.80
1621;robinho;Robinho;25/01/1984;1.75
1622;rodrigues neto;Rodrigues Neto;6/12/1949;
1623;rodrygo;Rodrygo Silva de Goes;9/01/2001;1.74
1624;rogerio ceni;Rogerio Ceni;22/01/1973;1.88
1625;romario;Romario;29/01/1966;1.69
1626;romeu;Romeu;26/03/1911;
1627;ronaldao;Ronaldao;19/06/1965;
1628;ronaldinho;Ronaldo de Assis Moreira;21/03/1980;1.83
1629;ronaldo;Ronaldo Luís Nazário de Lima;22/09/1976;1.83
1630;roque junior;Roque Junior;31/08/1976;1.86
1631;rubens;Rubens;24/11/1928;
1632;russinho;Russinho;18/12/1902;
1633;ruy;Ruy;2/02/1922;
1634;alex sandro;Alex Sandro Lobo Silva;26/01/1991;1.80
1635;serginho;Serginho;23/12/1953;
1636;silas;Silas;27/08/1965;
1637;silva;Silva;2/01/1940;
1638;thiago silva;Thiago Emiliano da Silva;22/09/1984;1.83
1639;socrates;Socrates;19/02/1954;
1640;sylvio hoffmann;Sylvio Hoffmann;11/05/1905;
1641;taffarel;Taffarel;8/05/1966;
1642;taison;Taison Barcellos Freda;13/01/1988;1.72
1643;alex telles;Alex Nicolao Telles;15/12/1992;1.81
1644;teophilo;Teophilo;11/04/1900;
1645;tim;Tim;20/12/1905;
1646;tinoco;Tinoco;2/12/1904;
1647;tita;Tita;1/04/1958;
1648;toninho;Toninho;7/06/1948;
1649;toninho cerezo;Toninho Cerezo;21/04/1955;
1650;tostao;Tostao;25/01/1947;
1651;valdo;Valdo;12/01/1964;
1652;valdomiro;Valdomiro;17/02/1946;
1653;vampeta;Vampeta;13/03/1974;1.82
1654;vava;Vava;12/11/1934;
1655;velloso;Velloso;25/09/1908;
1656;veludo;Veludo;7/08/1930;
1657;victor 2;Víctor Leandro Bagy;21/01/1983;1.93
1658;vinicius junior;Vinícius José Paixaõ de Oliveira Junior;12/07/2000;1.76
1659;viola;Viola;1/01/1969;
1660;waldemar de britto;Waldemar De Britto;17/05/1913;
1661;waldir peres;Waldir Peres;2/01/1951;
1662;waldyr;Waldyr;21/03/1912;
1663;walter goulart;Walter Goulart;17/06/1912;
1664;weverton;Weverton Pereira da Silva;13/12/1987;1.89
1665;willian;Willian Borges da Silva;9/08/1988;1.74
1666;wilson piazza;Wilson Piazza;25/02/1943;
1667;zagallo;Zagallo;9/08/1931;
1668;ze carlos;Ze Carlos;7/02/1962;
1669;ze carlos ii;Ze Carlos Ii;14/11/1967;
1670;ze luis;Ze Luis;16/11/1904;
1671;ze maria;Ze Maria;18/05/1949;
1672;ze roberto;Ze Roberto;6/07/1974;1.72
1673;ze sergio;Ze Sergio;8/03/1957;
1674;zequinha;Zequinha;18/11/1934;
1675;zetti;Zetti;10/01/1965;
1676;zeze procopio;Zeze Procopio;12/08/1913;
1677;zico;Zico;3/03/1953;
1678;zinho;Zinho;17/06/1967;
1679;zito;Zito;8/08/1932;
1680;zizinho;Zizinho;14/09/1921;
1681;zozimo;Zozimo;19/06/1932;
1682;stefan abadzhiev;Stefan Abadzhiev;3/07/1934;
1683;stefan aladzhov;Stefan Aladzhov;18/10/1947;
1684;petar aleksandrov;Petar Aleksandrov;7/12/1962;
1685;ivaylo andonov;Ivaylo Andonov;14/08/1967;
1686;vidin apostolov;Vidin Apostolov;17/10/1941;
1687;nikolai arabov;Nikolai Arabov;14/11/1953;
1688;georgi asparukhov;Georgi Asparukhov;4/05/1943;
1689;georgi bachev;Georgi Bachev;18/04/1977;
1690;krassimir balakov;Krassimir Balakov;29/03/1966;
1691;hristo bonev;Hristo Bonev;3/02/1947;
1692;daniel borimirov;Daniel Borimirov;15/01/1970;
1693;krasimir borisov;Krasimir Borisov;8/04/1950;
1694;ivan davidov;Ivan Davidov;5/10/1943;
1695;georgi denev;Georgi Denev;18/04/1950;
1696;dinko dermendzhiev;Dinko Dermendzhiev;2/06/1941;
1697;ivan deyanov;Ivan Deyanov;16/12/1937;
1698;todor diev;Todor Diev;28/01/1934;
1699;georgi dimitrov;Georgi Dimitrov;14/01/1959;
1700;ivan dimitrov;Ivan Dimitrov;14/05/1935;
1701;pantelei dimitrov;Pantelei Dimitrov;14/05/1935;
1702;dimitar dimov;Dimitar Dimov;13/12/1937;
1703;vasil dragolov;Vasil Dragolov;17/08/1962;
1704;ilia dyakov;Ilia Dyakov;28/09/1963;
1705;boris gaganelov;Boris Gaganelov;7/10/1941;
1706;milko gaidarski;Milko Gaidarski;18/03/1946;
1707;boncho genchev;Boncho Genchev;7/07/1964;
1708;georgi georgiev;Georgi Georgiev;10/10/1963;
1709;plamen getov;Plamen Getov;4/03/1959;
1710;gosho ginchev;Gosho Ginchev;2/02/1969;
1711;rumen goranov;Rumen Goranov;17/03/1950;
1712;zhivko gospodinov;Zhivko Gospodinov;6/09/1957;
1713;bozhidar grigorov;Bozhidar Grigorov;27/07/1945;
1714;petar houbchev;Petar Houbchev;26/02/1964;
1715;marian hristov;Marian Hristov;29/07/1973;
1716;hristo iliev;Hristo Iliev;11/05/1936;
1717;ilian iliev;Ilian Iliev;2/07/1968;
1718;nikolai iliev;Nikolai Iliev;31/03/1964;
1719;bozhidar iskrenov;Bozhidar Iskrenov;1/08/1962;
1720;georgi ivanov;Georgi Ivanov;2/07/1976;
1721;ivan ivanov;Ivan Ivanov;;
1722;trifon ivanov;Trifon Ivanov;27/07/1965;
1723;kiril ivkov;Kiril Ivkov;21/06/1946;
1724;georgi kamenski;Georgi Kamenski;3/09/1947;
1725;rosen kirilov;Rosen Kirilov;4/01/1973;
1726;ilian kiryakov;Ilian Kiryakov;4/08/1967;
1727;radostin kishishev;Radostin Kishishev;30/07/1974;
1728;stoyan kitov;Stoyan Kitov;27/08/1938;
1729;bozhil kolev;Bozhil Kolev;20/05/1949;
1730;hristo kolev;Hristo Kolev;21/09/1964;
1731;ivan kolev;Ivan Kolev;1/11/1930;
1732;todor kolev;Todor Kolev;29/04/1942;
1733;emil kostadinov;Emil Kostadinov;12/08/1967;
1734;kostadin kostadinov;Kostadin Kostadinov;25/06/1959;
1735;aleksandar kostov;Aleksandar Kostov;5/03/1938;
1736;dimitar kostov;Dimitar Kostov;27/07/1936;
1737;nikola kotkov;Nikola Kotkov;9/12/1938;
1738;nikola kovachev;Nikola Kovachev;4/06/1934;
1739;emil kremenliev;Emil Kremenliev;13/08/1969;
1740;dimitar largov;Dimitar Largov;10/09/1936;
1741;iordan letchkov;Iordan Letchkov;9/07/1967;
1742;dimitar marashliev;Dimitar Marashliev;31/08/1947;
1743;aleksandar markov;Aleksandar Markov;17/08/1961;
1744;plamen markov;Plamen Markov;11/09/1957;
1745;vasil metodiev;Vasil Metodiev;6/01/1935;
1746;atanas mikhailov;Atanas Mikhailov;5/07/1949;
1747;borislav mikhailov;Borislav Mikhailov;12/02/1963;
1748;petar mikhtarski;Petar Mikhtarski;15/07/1966;
1749;kiril milanov;Kiril Milanov;17/10/1948;
1750;vasil mitkov;Vasil Mitkov;17/09/1943;
1751;stoicho mladenov;Stoicho Mladenov;12/04/1957;
1752;georgi naidenov;Georgi Naidenov;21/12/1931;
1753;anatoli nankov;Anatoli Nankov;15/07/1969;
1754;asparukh nikodimov;Asparukh Nikodimov;21/08/1945;
1755;georgi nikolov;Georgi Nikolov;;
1756;plamen nikolov;Plamen Nikolov;20/08/1961;
1757;panayot panayotov;Panayot Panayotov;30/12/1930;
1758;pavel panov;Pavel Panov;14/09/1950;
1759;nikola parchanov;Nikola Parchanov;19/06/1930;
1760;atanas pashev;Atanas Pashev;21/11/1963;
1761;dimitar penev;Dimitar Penev;12/07/1945;
1762;luboslav penev;Luboslav Penev;31/08/1966;
1763;ivaylo petkov;Ivaylo Petkov;24/03/1976;
1764;milen petkov;Milen Petkov;12/01/1974;
1765;petar petrov;Petar Petrov;20/02/1961;
1766;georgi popov;Georgi Popov;14/07/1944;
1767;kiril rakarov;Kiril Rakarov;24/05/1932;
1768;ayan sadkov;Ayan Sadkov;26/09/1961;
1769;aleksandar shalamanov;Aleksandar Shalamanov;4/09/1941;
1770;simeon simeonov;Simeon Simeonov;26/04/1946;
1771;nasko sirakov;Nasko Sirakov;26/04/1962;
1772;georgi sokolov;Georgi Sokolov;19/06/1942;
1773;stefan staikov;Stefan Staikov;3/10/1949;
1774;hristo stoichkov;Hristo Stoichkov;8/02/1966;
1775;stoicho stoilov;Stoicho Stoilov;15/10/1971;
1776;ivan stoyanov;Ivan Stoyanov;20/01/1949;
1777;tsanko tsvetanov;Tsanko Tsvetanov;6/01/1970;
1778;ilia valov;Ilia Valov;29/12/1961;
1779;mladen vasilev;Mladen Vasilev;29/07/1947;
1780;tsonyo vasilev;Tsonyo Vasilev;7/01/1952;
1781;boycho velichkov;Boycho Velichkov;13/08/1958;
1782;petar velichkov;Petar Velichkov;8/08/1940;
1783;stefan velichkov;Stefan Velichkov;15/02/1949;
1784;voin voinov;Voin Voinov;7/09/1952;
1785;ivan vutsov;Ivan Vutsov;14/12/1939;
1786;dimitar yakimov;Dimitar Yakimov;12/08/1941;
1787;evgeni yanchovski;Evgeni Yanchovski;5/09/1939;
1788;zlatko yankov;Zlatko Yankov;7/06/1966;
1789;georgi yordanov;Georgi Yordanov;21/07/1963;
1790;ivaylo yordanov;Ivaylo Yordanov;22/04/1968;
1791;stoyan yordanov;Stoyan Yordanov;29/01/1944;
1792;velko yotov;Velko Yotov;26/08/1970;
1793;adalbert zafirov;Adalbert Zafirov;29/09/1969;
1794;ivan zafirov;Ivan Zafirov;30/12/1947;
1795;radoslav zdravkov;Radoslav Zdravkov;30/07/1956;
1796;zdravko zdravkov;Zdravko Zdravkov;4/10/1970;
1797;dobromir zhechev;Dobromir Georgiev Zhechev;12/11/1942;
1798;petar zhekov;Petar Zhekov;10/10/1944;
1799;andrei zhelyazkov;Andrei Zhelyazkov;9/07/1952;
1800;patrice abanda;Patrice Abanda;3/08/1978;1.85
1801;theophile abega;Theophile Abega;9/07/1954;
1802;vincent aboubakar;Vincent Aboubakar;22/01/1992;1.76
1803;hans agbo;Hans Agbo;26/09/1967;
1804;nicolas alnoudji;Nicolas Alnoudji;9/12/1979;1.85
1805;william andem;William Andem;14/06/1968;
1806;didier angibeaud;Didier Angibeaud;8/10/1974;
1807;ibrahim aoudou;Ibrahim Aoudou;23/08/1955;
1808;benoit assou ekotto;Benoit Assou-Ekotto;24/03/1984;1.78
1809;paul bahoken;Paul Bahoken;7/07/1955;
1810;christian bassogog;Christian Mougang Bassogog;18/10/1995;1.78
1811;sebastien bassong;Sebastien Bassong;9/07/1986;1.87
1812;henri bedimo;Henri Bedimo;4/06/1984;1.80
1813;joseph antoine bell;Joseph-Antoine Bell;8/10/1954;
1814;gaetan bong;Gaetan Bong;25/04/1988;1.83
1815;alioum boukar;Alioum Boukar;3/01/1972;1.80
1816;jean charles castelletto;Jean-Charles Castelletto;26/01/1995;1.86
1817;aurelien chedjou;Aurelien Chedjou;20/06/1985;1.85
1818;eric choupo moting;Jean-Eric Maxim Choupo-Moting;23/03/1989;1.91
1819;eric djemba djemba;Eric Djemba Djemba;4/05/1981;1.74
1820;cedric djeugoue;Cedric Djeugoue;28/08/1992;1.84
1821;boneventure djonkep;Boneventure Djonkep;20/08/1961;
1822;ernest ebongue;Ernest Ebongue;15/05/1962;
1823;enzo ebosse;Enzo Ebosse;11/03/1999;1.85
1824;bertin ebwelle;Bertin Ebwelle;11/09/1962;
1825;eugene ekeke;Eugene Ekeke;30/05/1960;
1826;samuel ekeme;Samuel Ekeme;12/07/1966;
1827;joseph elanga;Joseph Elanga;2/05/1979;
1828;achille emana;Achille Emana;5/06/1982;1.80
1829;david embe;David Embe;13/11/1973;
1830;joseph enanga;Joseph Enanga;18/11/1956;
1831;eyong enoh;Eyong Enoh;23/03/1986;1.80
1832;edmond enoka;Edmond Enoka;17/12/1955;
1833;joel epalle;Joel Epalle;20/02/1978;1.69
1834;devis epassy;Devis Rogers Epassy Mboka;2/02/1993;1.87
1835;samuel etoo;Samuel Eto'o;10/03/1981;1.80
1836;alain eyobo makongo;Alain Eyobo-Makongo;17/10/1961;
1837;collins fai;Collins Ngoran Suiru Fai;13/08/1992;1.65
1838;loic feudjou;Loïc Feudjou;14/04/1992;1.82
1839;roger feutmba;Roger Feutmba;31/10/1965;
1840;jean pierre fiala fiala;Jean Pierre Fiala Fiala;22/04/1969;
1841;marc vivien foe;Marc-Vivien Foe;1/05/1975;1.94
1842;geremi;Geremi;20/12/1978;1.80
1843;souleymanou hamidou;Souleymanou Hamidou;22/11/1973;1.87
1844;martin hongla;Martin Hongla Yma II;16/03/1998;1.82
1845;mohamadou idrissou;Mohamadou Idrissou;8/03/1980;1.90
1846;samuel ipoua;Samuel Ipoua;1/03/1973;
1847;charles itandje;Charles Itandje;2/11/1982;1.93
1848;joseph desire job;Joseph-Desire Job;1/12/1977;1.80
1849;michel kaham;Michel Kaham;1/06/1952;
1850;raymond kalla;Raymond Kalla;22/04/1975;1.92
1851;idriss kameni;Idriss Kameni;18/02/1984;1.85
1852;joseph kamga;Joseph Kamga;17/08/1953;
1853;andre kana biyik;Andre Kana-Biyik;1/09/1965;
1854;daniel kome;Daniel Kome;19/05/1980;1.72
1855;emmanuel kunde;Emmanuel Kunde;15/07/1956;
1856;pierre kunde;Pierre Kunde Malong;26/07/1995;1.80
1857;lauren;Lauren;19/01/1977;1.80
1858;thomas libiih;Thomas Libiih;17/11/1967;
1859;paul loga;Paul Loga;14/08/1969;
1860;emmanuel maboang;Emmanuel Maboang;27/11/1968;
1861;marcel mahouve;Marcel Mahouve;16/01/1973;
1862;cyrille makanaky;Cyrille Makanaky;28/06/1965;
1863;jean makoun;Jean Makoun;29/05/1983;1.70
1864;georges mandjeck;Georges Mandjeck;9/12/1988;1.81
1865;marou souaibou;Souaibou Marou;3/12/2000;1.80
1866;benjamin massing;Benjamin Massing;20/06/1962;
1867;joel matip;Joel Matip;8/08/1991;1.94
1868;olivier mbaizo;Olivier Mbaissidara Mbaizo;15/08/1997;1.78
1869;bryan mbeumo;Bryan Mbeumo;7/08/1999;1.73
1870;stephane mbia;Stephane Mbia;20/05/1986;1.90
1871;gregoire mbida;Gregoire Mbida;27/01/1952;
1872;ephrem mbom;Ephrem Mbom;18/07/1954;
1873;patrick mboma;Patrick Mboma;15/11/1970;1.85
1874;emile mbouh;Emile Mbouh;30/05/1966;
1875;lucien mettomo;Lucien Mettomo;19/04/1977;1.83
1876;louis mfede;Louis Mfede;26/02/1961;
1877;roger milla;Roger Milla;20/05/1952;
1878;benjamin moukandjo;Benjamin Moukandjo;12/11/1988;1.79
1879;georges mouyeme;Georges Mouyeme;15/04/1971;
1880;landry nguemo;Landry N'Guémo;28/11/1985;1.72
1881;pius ndiefi;Pius Ndiefi;5/07/1975;1.74
1882;victor ndip;Victor Ndip;18/08/1967;
1883;rene ndjeya;Rene Ndjeya;9/10/1953;
1884;sammy ndjock;Sammy Ndjock;25/02/1990;1.90
1885;joseph ndo;Joseph Ndo;28/04/1976;1.79
1886;francois ndoumbe lea;Francois Ndoumbe Lea;30/01/1954;
1887;guy ndy;Guy Ndy;28/02/1986;1.85
1888;nicolas ngamaleu;Nicolas Brice Moumi Ngamaleu;9/07/1994;1.81
1889;simon ngapandouetnbu;Simon Brady Ngapandouetnbu;12/04/2003;1.86
1890;jerome ngom;Jerome Ngom Mbekeli;30/09/1998;1.74
1891;jacques nguea;Jacques Nguea;8/11/1955;
1892;pierre njanka;Pierre Njanka;15/03/1975;1.81
1893;thomas nkono;Thomas Nkono;20/07/1956;
1894;georges kevin nkoudou;Georges-Kévin Nkoudou Mbida;13/02/1995;1.72
1895;nicolas nkoulou;Nicolas Nkoulou;27/03/1990;1.85
1896;dany nounkeu;Dany Nounkeu;11/04/1986;1.84
1897;jean pierre nsame;Jean-Pierre Nsame;1/05/1993;1.88
1898;olivier ntcham;Jules Olivier Ntcham;9/02/1996;1.80
1899;nyom;Allan Romeo Nyom;10/05/1988;1.93
1900;salomon olembe;Salomon Olembe;8/12/1980;1.71
1901;fabrice;Fabrice Olinga;12/05/1996;1.72
1902;francois omam biyik;Francois Omam-Biyik;21/05/1966;
1903;andre onana;André Onana Onana;2/04/1996;1.90
1904;jean onana;Jean Onana;13/10/1951;
1905;jules denis onana;Jules Denis Onana;12/06/1964;
1906;gael ondoua;Gaël Bella Ondoua;4/11/1995;1.85
1907;samuel oum gouet;Samuel Yves Oum Gwet;14/12/1997;1.85
1908;jean claude pagal;Jean Claude Pagal;15/09/1964;
1909;michel pensee;Michel Pensee;16/06/1973;
1910;edgar salli;Edgar Salli;17/08/1992;1.63
1911;augustine simo;Augustine Simo;18/09/1978;
1912;alexandre song;Alexandre Song;9/09/1987;1.83
1913;rigobert song;Rigobert Song;1/07/1976;1.85
1914;jacques songoo;Jacques Songoo;17/03/1964;1.82
1915;patrick suffo;Patrick Suffo;17/01/1978;1.76
1916;stephen tataw;Stephen Tataw;31/03/1963;
1917;alphonse marie tchami;Alphonse-Marie Tchami;14/02/1971;
1918;bill tchato;Bill Tchato;14/05/1975;1.76
1919;simon tchobang;Simon Tchobang;31/08/1951;
1920;karl toko ekambi;Karl Louis Brillant Toko Ekambi;14/09/1992;1.83
1921;jean pierre tokoto;Jean-Pierre Tokoto;26/01/1948;
1922;nouhou tolo;Nouhou Tolo;23/06/1997;1.78
1923;charles toube;Charles Toube;22/01/1958;
1924;pierre webo;Pierre Webo;20/01/1982;1.80
1925;pierre wome;Pierre Wome;26/03/1979;1.78
1926;christopher wooh;Christopher Maurice Wooh;18/09/2001;1.91
1927;alphonse yombi;Alphonse Yombi;30/06/1969;
1928;andre frank zambo anguissa;André-Frank Zambo Anguissa;16/11/1995;1.84
1929;sam adekugbe;Samuel Ayomide Adekugbe;16/01/1995;1.75
1930;milan borjan;Milan Borjan;23/10/1987;1.95
1931;ian bridge;Ian Bridge;18/09/1959;
1932;tajon buchanan;Tajon Trevor Buchanan;8/02/1999;1.83
1933;lucas cavallini;Lucas Daniel Cavallini;28/12/1992;1.80
1934;derek cornelius;Derek Austin Cornelius;25/11/1997;1.86
1935;jonathan david;Jonathan Christian David;14/01/2000;1.75
1936;alphonso davies;Alphonso Boyle Davies;2/11/2000;1.83
1937;pasquale de luca;Pasquale De Luca;26/05/1962;
1938;paul dolan;Paul Dolan;16/04/1966;
1939;stephen eustaquio;Stephen Antunes Eustáquio;21/12/1996;1.78
1940;liam fraser;Liam Scott Fraser;13/02/1998;1.85
1941;gerry gray;Gerry Gray;20/01/1961;
1942;sven habermann;Sven Habermann;3/11/1961;
1943;junior hoilett;David Wayne Hoilett;5/06/1990;1.74
1944;atiba hutchinson;Atiba Hutchinson;8/02/1983;1.83
1945;gregory ion;Gregory Ion;12/03/1963;
1946;paul james;Paul James;11/11/1963;
1947;alistair johnston;Alistair William Johnston;8/10/1998;1.80
1948;mark anthony kaye;Mark-Anthony Kaye;2/12/1994;1.85
1949;ismael kone;Ismaël Kenneth Jordan Koné;16/06/2002;1.88
1950;cyle larin;Cyle Christopher Larin;17/04/1995;1.88
1951;richie laryea;Richmond Mamah Laryea;7/01/1995;1.75
1952;bob lenarduzzi;Bob Lenarduzzi;1/05/1955;
1953;tino lettieri;Tino Lettieri;27/09/1957;
1954;james lowery;James Lowery;15/01/1961;
1955;liam millar;Liam Alan Millar;27/09/1999;1.76
1956;colin miller;Colin Miller;4/10/1964;
1957;kamal miller;Kamal Anthony Miller;16/05/1997;1.83
1958;dale mitchell;Dale Mitchell;21/04/1958;
1959;terence moore;Terence Moore;2/06/1958;
1960;david norman;David Norman;6/05/1962;
1961;jonathan osorio;Jonathan Osorio;12/06/1992;1.75
1962;george pakos;George Pakos;14/08/1952;
1963;james pantemis;James Pantemis;21/02/1997;1.85
1964;samuel piette;Samuel Piette;12/11/1994;1.71
1965;randy ragan;Randy Ragan;7/06/1959;
1966;randy samuel;Randy Samuel;23/12/1963;
1967;branko segota;Branko Segota;8/06/1961;
1968;dayne st clair;Dayne Tristan St. Clair;9/05/1997;1.91
1969;mike sweeney;Mike Sweeney;25/12/1959;
1970;ike ugbo;Iké Dominique Ugbo;21/09/1998;1.85
1971;carl valentine;Carl Valentine;4/07/1958;
1972;steven vitoria;Steven de Sousa Vitória;11/01/1987;1.95
1973;igor vrablic;Igor Vrablic;19/07/1965;
1974;joel waterman;Joel Robert Waterman;24/01/1996;1.85
1975;bruce wilson;Bruce Wilson;20/06/1951;
1976;david wotherspoon;David Wallace Wotherspoon;16/01/1990;1.72
1977;akram afif;Akram Hassan Afif Yahya Afif Alyafei;18/11/1996;1.76
1978;homam ahmed;Homam Al-Amin Ahmed;25/08/1999;1.88
1979;saad al sheeb;Saad Abdullah Al-Sheeb;19/02/1990;1.88
1980;naif al hadhrami;Naif Abdulraheem Al-Hadhrami;18/07/2001;1.80
1981;salem al hajri;Salem Ali Salem Al-Hajri;10/04/1996;1.83
1982;hassan al haidos;Hassan Khalid Hassan Al-Haydos;11/12/1990;1.74
1983;bassam al rawi;Bassam Hisham Ali Al-Rawi;16/12/1997;1.75
1984;ahmed alaaeldin;Ahmed Alaa El Din Mahmoud Ibrahim;31/01/1993;1.76
1985;almoez ali;Almoez Ali Zainalabedeen Mohamed Abdulla;19/08/1996;1.80
1986;ali asad;Ali Assadalla Thaimn Qambar;19/01/1993;1.74
1987;meshaal barsham;Meshaal Aissa Barsham;14/02/1998;1.80
1988;karim boudiaf;Karim Boudiaf;16/09/1990;1.90
1989;jassem gaber;Jassem Gaber Abdulsallam;20/02/2002;1.82
1990;abdelkarim hassan;Abdelkarim Hassan Al Haj Fadlalla;28/08/1993;1.85
1991;yousuf hassan;Yousef Hassan Mohamed Ali;24/05/1996;1.86
1992;abdelaziz hatem;Abdulaziz Hatem Mohammed Abdullah;1/01/1990;1.82
1993;musaab khidir;Musaab Khidir Kamal Mohamed;1/01/1993;1.76
1994;boualem khoukhi;Boualem Khoukhi;9/07/1990;1.85
1995;assim madibo;Assim Omer Al Haj Madibo;22/10/1996;1.68
1996;pedro miguel;Pedro Miguel Carvalho Deus Correia;6/08/1990;1.80
1997;ismaeel mohammad;Ismaeel Mohammad Mohammad;5/04/1990;1.72
1998;khalid muneer;Khalid Muneer Ali Abu Bakr Mazeed;24/02/1998;1.74
1999;mohammed muntari;Mohammed Muntari;20/12/1993;1.82
2000;tarek salman;Tarek Salman Suleiman Odeh;5/12/1997;1.79
2001;moustafa tarek;Mostafa Tarek Meshaal;28/03/2001;1.74
2002;mohammed waad;Mohammed Waad Abdulwahab Jadoua Al-Bayati;18/09/1999;1.83
2003;clarence acuna;Clarence Acuña;8/02/1975;
2004;juan aguilera;Juan Aguilera;;
2005;sergio ahumada;Sergio Ahumada;2/10/1948;
2006;miiko albornoz;Miiko Albornoz;30/11/1990;1.80
2007;manuel alvarez;Manuel Alvarez;23/05/1928;
2008;charles aranguiz;Charles Aránguiz;17/04/1989;1.72
2009;pedro araya;Pedro Araya;23/01/1942;
2010;guillermo arellano;Guillermo Arellano;21/08/1908;
2011;antonio arias;Antonio Arias;9/10/1944;
2012;mauricio aros;Mauricio Aros;9/03/1976;
2013;manuel astorga;Manuel Astorga;16/03/1943;
2014;rodrigo barrera;Rodrigo Barrera;30/03/1970;
2015;jean beausejour;Jean Beausejour;1/06/1984;1.78
2016;hugo berly;Hugo Berly;31/12/1941;
2017;vladimir bigorra;Vladimir Bigorra;9/08/1954;
2018;eduardo bonvallet;Eduardo Bonvallet;13/01/1955;
2019;claudio bravo;Claudio Bravo;13/04/1983;1.83
2020;miguel busquets;Miguel Busquets;15/10/1920;
2021;carlos campos;Carlos Campos;14/02/1937;
2022;fernando campos;Fernando Campos;1/01/1921;
2023;carlos carmona;Carlos Carmona;21/02/1987;1.79
2024;hernan carvallo;Hernan Carvallo;19/08/1922;
2025;cristian castaneda;Cristian Castaneda;18/09/1968;
2026;osvaldo castro;Osvaldo Castro;14/04/1947;
2027;carlos caszely;Carlos Caszely;5/07/1950;
2028;ernesto chaparro;Ernesto Chaparro;4/01/1901;
2029;arturo coddou;Arturo Coddou;;
2030;carlos contreras;Carlos Contreras;7/10/1938;
2031;pablo contreras;Pablo Contreras;11/09/1978;1.78
2032;fernando cornejo;Fernando Cornejo;28/01/1969;
2033;marco cornez;Marco Cornez;15/10/1957;
2034;roberto cortes;Roberto Cortes;2/02/1905;
2035;atilio cremaschi;Atilio Cremaschi;8/03/1923;
2036;humberto cruz;Humberto Cruz;8/12/1939;
2037;guillermo diaz;Guillermo Diaz;29/12/1930;
2038;marcelo diaz;Marcelo Díaz;30/12/1986;1.68
2039;humberto donoso;Humberto Donoso;9/10/1938;
2040;rodolfo dubo;Rodolfo Dubo;11/09/1953;
2041;humberto elgueta;Humberto Elgueta;;
2042;enzo escobar;Enzo Escobar;10/11/1951;
2043;misael escuti;Misael Escuti;20/12/1926;
2044;cesar espinoza;Cesar Espinoza;;
2045;fabian estay;Fabian Estay;5/10/1968;
2046;marco estrada;Marco Estrada;28/05/1983;1.74
2047;luis eyzaguirre;Luis Eyzaguirre;22/06/1939;
2048;arturo farias;Arturo Farias;1/11/1927;
2049;rogelio farias;Rogelio Farias;13/08/1949;
2050;matias fernandez;Matias Fernandez;15/05/1986;1.76
2051;gonzalo fierro;Gonzalo Fierro;21/03/1983;1.71
2052;elias figueroa;Elias Figueroa;25/10/1946;
2053;miguel flores;Miguel Flores;;
2054;alberto fouilloux;Alberto Fouilloux;22/11/1940;
2055;ismael fuentes;Ismael Fuentes;4/08/1981;1.81
2056;ronald fuentes;Ronald Fuentes;22/06/1969;
2057;jose fuenzalida;José Fuenzalida;22/02/1985;1.68
2058;mario galindo;Mario Galindo;10/08/1951;
2059;miguel gamboa;Miguel Gamboa;21/06/1951;
2060;rolando garcia;Rolando Garcia;15/12/1942;
2061;lizardo garrido;Lizardo Garrido;25/08/1957;
2062;adan godoy;Adan Godoy;26/11/1936;
2063;mark gonzalez;Mark Gonzalez;10/07/1984;1.75
2064;rafael gonzalez;Rafael Gonzalez;24/04/1950;
2065;felipe gutierrez;Felipe Gutierrez;8/10/1990;1.70
2066;johnny herrera;Johnny Herrera;9/05/1981;1.84
2067;roberto hodge;Roberto Hodge;30/07/1944;
2068;carlos ibanez;Carlos Ibanez;30/11/1931;
2069;raymundo infante;Raymundo Infante;;
2070;mauricio isla;Mauricio Isla;12/06/1988;1.77
2071;gonzalo jara;Gonzalo Jara;29/08/1985;1.77
2072;honorino landa;Honorino Landa;1/06/1942;
2073;alfonso lara;Alfonso Lara;27/04/1946;
2074;mario lepe;Mario Lepe;14/04/1940;
2075;juan letelier;Juan Letelier;20/05/1959;
2076;sergio livingstone;Sergio Livingstone;26/03/1920;
2077;juan machuca;Juan Machuca;7/03/1951;
2078;manuel machuca;Manuel Machuca;1/01/1924;
2079;ruben marcos;Ruben Marcos;6/12/1942;
2080;javier margas;Javier Margas;10/05/1969;
2081;luis marin;Luis Marin;18/05/1983;1.86
2082;luis mayanes;Luis Mayanes;15/01/1925;
2083;gary medel;Gary Medel;3/08/1987;1.71
2084;eugenio mena;Eugenio Mena;18/07/1988;1.78
2085;rodrigo millar;Rodrigo Millar;3/11/1981;1.82
2086;victor morales;Victor Morales;10/05/1905;
2087;mario moreno;Mario Moreno;31/12/1935;
2088;gustavo moscoso;Gustavo Moscoso;10/08/1955;
2089;horacio munoz;Horacio Munoz;;
2090;manuel munoz;Manuel Munoz;28/04/1928;
2091;luis musrri;Luis Musrri;24/12/1968;
2092;braulio musso;Braulio Musso;24/05/1937;
2093;sergio navarro;Sergio Navarro;20/11/1936;
2094;adolfo nef;Adolfo Nef;18/01/1946;
2095;manuel neira;Manuel Neira;12/10/1977;
2096;miguel neira;Miguel Neira;9/10/1952;
2097;tomas ojeda;Tomas Ojeda;20/04/1910;
2098;juan olivares;Juan Olivares;20/02/1941;
2099;fabian orellana;Fabian Orellana;27/01/1986;1.68
2100;raul ormeno;Raul Ormeno;21/06/1958;
2101;mario ortiz;Mario Ortiz;28/01/1936;
2102;mario osben;Mario Osben;14/07/1950;
2103;guillermo paez;Guillermo Paez;18/04/1945;
2104;esteban paredes;Esteban Paredes;1/08/1980;1.79
2105;nelson parraguez;Nelson Parraguez;5/04/1971;
2106;mauricio pinilla;Mauricio Pinilla;4/02/1984;1.85
2107;miguel pinto;Miguel Pinto;4/07/1983;1.80
2108;ulises poirier;Ulises Poirier;2/02/1897;
2109;waldo ponce;Waldo Ponce;4/12/1982;1.83
2110;andres prieto;Andres Prieto;19/12/1928;
2111;ignacio prieto;Ignacio Prieto;23/09/1943;
2112;alberto quintano;Alberto Quintano;26/04/1946;
2113;rene quitral;Rene Quitral;;
2114;jaime ramirez;Jaime Ramirez;14/08/1931;
2115;marcelo ramirez;Marcelo Ramirez;29/05/1965;
2116;miguel ramirez;Miguel Ramirez;11/06/1970;
2117;orlando ramirez;Orlando Ramirez;7/05/1943;
2118;carlos reinoso;Carlos Reinoso;7/03/1945;
2119;pedro reyes;Pedro Reyes;13/11/1972;
2120;fernando riera;Fernando Riera;27/06/1920;
2121;carlos rivas;Carlos Rivas;24/05/1953;
2122;guillermo riveros;Guillermo Riveros;10/02/1902;
2123;jorge robledo;Jorge Robledo;14/04/1926;
2124;juan rodriguez;Juan Rodriguez;16/01/1944;
2125;manuel rodriguez;Manuel Rodriguez;18/01/1938;
2126;carlos rojas;Carlos Rojas;1/01/1928;
2127;eladio rojas;Eladio Rojas;8/11/1934;
2128;francisco rojas;Francisco Rojas;22/07/1974;
2129;jose rojas;José Rojas;23/06/1983;1.76
2130;manuel rojas;Manuel Rojas;13/06/1954;
2131;oscar rojas;Oscar Rojas;15/11/1958;
2132;fernando roldan;Fernando Roldan;1/01/1921;
2133;guillermo saavedra;Guillermo Saavedra;5/11/1903;
2134;osvaldo saez;Osvaldo Saez;;
2135;marcelo salas;Marcelo Salas;24/12/1974;
2136;alexis sanchez;Alexis Alejandro Sánchez Sánchez;19/12/1988;1.69
2137;leonel sanchez;Leonel Sanchez;25/04/1936;
2138;raul sanchez;Raul Sanchez;26/10/1933;
2139;carlos schneeberger;Carlos Schneeberger;21/06/1902;
2140;jose sierra;Jose Sierra;5/12/1968;
2141;francisco silva;Francisco Silva;11/02/1986;1.78
2142;jorge socias;Jorge Socias;6/10/1951;
2143;mario soto;Mario Soto;10/07/1950;
2144;humberto suazo;Humberto Suazo;10/05/1981;1.71
2145;guillermo subiabre;Guillermo Subiabre;25/02/1903;
2146;nelson tapia;Nelson Tapia;22/09/1966;
2147;carlos tejas;Carlos Tejas;4/10/1974;
2148;rodrigo tello;Rodrigo Tello;14/10/1979;1.71
2149;armando tobar;Armando Tobar;7/06/1938;
2150;jorge toro;Jorge Toro;10/01/1939;
2151;arturo torres;Arturo Torres;20/10/1906;
2152;casimiro torres;Casimiro Torres;1/01/1906;
2153;cristopher toselli;Cristopher Toselli;15/06/1988;1.83
2154;francisco urroz;Francisco Urroz;;
2155;francisco valdes;Francisco Valdes;19/03/1943;
2156;sergio valdes;Sergio Valdes;22/06/1935;
2157;jorge valdivia;Jorge Valdivia;19/10/1983;1.73
2158;alberto valentini;Alberto Valentini;25/11/1938;
2159;rene valenzuela;Rene Valenzuela;20/04/1955;
2160;leopoldo vallejos;Leopoldo Vallejos;16/07/1944;
2161;eduardo vargas;Eduardo Vargas;20/11/1989;1.75
2162;marcelo vega;Marcelo Vega;12/08/1971;
2163;leonardo veliz;Leonardo Veliz;3/09/1945;
2164;arturo vidal;Arturo Erasmo Vidal Pardo;22/05/1987;1.78
2165;carlos vidal;Carlos Vidal;24/02/1902;
2166;eberardo villalobos;Eberardo Villalobos;1/04/1908;
2167;hugo villanueva;Hugo Villanueva;9/04/1939;
2168;moises villarroel;Moises Villarroel;12/02/1976;
2169;oscar wirth;Oscar Wirth;5/11/1955;
2170;patricio yanez;Patricio Yanez;20/01/1961;
2171;guillermo yavar;Guillermo Yavar;26/03/1943;
2172;ivan zamorano;Ivan Zamorano;18/01/1967;
2173;qi an;Qi An;21/06/1981;1.92
2174;wei du;Wei Du;9/02/1982;1.87
2175;zhiyi fan;Zhiyi Fan;22/01/1970;1.83
2176;yao gao;Yao Gao;13/07/1977;1.85
2177;haidong hao;Haidong Hao;25/08/1970;1.75
2178;jin jiang;Jin Jiang;7/10/1969;1.98
2179;tie li;Tie Li;18/09/1977;1.83
2180;weifeng li;Weifeng Li;26/01/1978;1.82
2181;xiaopeng li;Xiaopeng Li;5/11/1976;1.82
2182;mingyu ma;Mingyu Ma;10/08/1972;1.76
2183;chuliang ou;Chuliang Ou;26/08/1968;1.80
2184;hong qi;Hong Qi;3/06/1976;1.78
2185;bo qu;Bo Qu;15/07/1981;1.84
2186;jiayi shao;Jiayi Shao;10/04/1980;1.86
2187;maozhen su;Maozhen Su;30/07/1972;1.86
2188;jihai sun;Jihai Sun;30/09/1977;1.82
2189;chengying wu;Chengying Wu;21/04/1975;1.83
2190;yunlong xu;Yunlong Xu;17/02/1979;1.81
2191;chen yang;Chen Yang;17/01/1974;1.86
2192;pu yang;Pu Yang;30/03/1978;1.79
2193;genwei yu;Genwei Yu;19/08/1976;1.80
2194;enhua zhang;Enhua Zhang;11/05/1974;1.83
2195;junzhe zhao;Junzhe Zhao;18/04/1979;1.80
2196;german aceros;German Aceros;30/09/1938;
2197;abel aguilar;Abel Enrique Aguilar Tapias;6/01/1985;1.86
2198;leonel alvarez;Leonel Alvarez;30/07/1965;
2199;eder alvarez balanta;Éder Álvarez Balanta;28/02/1993;1.81
2200;anibal alzate;Anibal Alzate;31/01/1933;
2201;carlos aponte;Carlos Aponte;24/01/1939;
2202;jairo arias;Jairo Arias;2/11/1938;
2203;santiago arias;Santiago Arias Naranjo;13/01/1992;1.80
2204;victor aristizabal;Victor Aristizabal;9/12/1971;1.76
2205;pablo armero;Pablo Armero;2/11/1986;1.74
2206;faustino asprilla;Faustino Hernán Asprilla Hinestroza;10/11/1969;1.76
2207;carlos bacca;Carlos Arturo Bacca Ahumada;8/09/1986;1.80
2208;wilmar barrios;Wílmar Enrique Barrios Terán;16/10/1993;1.78
2209;jorge bermudez;Jorge Bermudez;18/06/1971;
2210;jorge bolano;Jorge Bolano;28/04/1977;1.72
2211;miguel borja;Miguel Ángel Borja Hernández;26/01/1993;1.83
2212;wilmer cabrera;Wilmer Cabrera;15/09/1967;
2213;miguel calero;Miguel Calero;14/04/1971;1.89
2214;ignacio calle;Ignacio Calle;;
2215;carlos carbonero;Carlos Carbonero;25/07/1990;1.78
2216;geovanis cassiani;Geovanis Cassiani;10/01/1970;
2217;marcos coll;Marcos Coll;23/08/1935;
2218;ivan cordoba;Ivan Cordoba;11/08/1976;1.73
2219;oscar cordoba;Oscar Cordoba;3/02/1970;1.86
2220;oscar cortes;Oscar Cortes;19/10/1968;
2221;jose fernando cuadrado;José Fernando Cuadrado Romero;1/06/1985;
2222;juan guillermo cuadrado;Juan Guillermo Cuadrado Bello;26/05/1988;1.76
2223;anthony de avila;Anthony De Avila;21/12/1962;
2224;farid diaz;Farid Alfonso Díaz Rhenals;20/07/1983;1.70
2225;hector echeverri;Hector Echeverri;10/04/1938;
2226;andres escobar;Andres Escobar;13/03/1967;
2227;eusebio escobar;Eusebio Escobar;;
2228;andres estrada;Andres Estrada;12/11/1967;
2229;carlos estrada;Carlos Estrada;1/11/1961;
2230;luis fajardo;Luis Fajardo;18/08/1963;
2231;radamel falcao;Radamel Falcao García Zárate;10/02/1986;1.77
2232;delio gamboa;Delio Gamboa;28/01/1936;
2233;herman gaviria;Herman Gaviria;27/11/1969;
2234;gabriel gomez;Gabriel Gomez;8/12/1959;
2235;gildardo gomez;Gildardo Gomez;13/10/1963;
2236;hector gonzales;Hector Gonzales;7/07/1937;
2237;jaime gonzales;Jaime Gonzales;1/04/1938;
2238;fredy guarin;Fredy Guarín;30/06/1986;1.83
2239;miguel guerrero;Miguel Guerrero;7/09/1967;
2240;teofilo gutierrez;Teófilo Gutiérrez;17/05/1985;1.78
2241;ruben hernandez;Ruben Hernandez;19/02/1965;
2242;luis herrera;Luis Herrera;12/06/1962;
2243;rene higuita;Rene Higuita;27/08/1966;
2244;carlos hoyos;Carlos Hoyos;28/02/1962;
2245;victor ibarbo;Víctor Ibarbo;19/05/1990;1.88
2246;arnoldo iguaran;Arnoldo Iguaran;18/01/1957;
2247;jose izquierdo;José Heriberto Izquierdo Mena;7/07/1992;1.71
2248;marino klinger;Marino Klinger;7/02/1936;
2249;jefferson lerma;Jefferson Andrés Lerma Solís;25/10/1994;1.82
2250;oscar lopez;Oscar Lopez;2/04/1939;
2251;john lozano;John Lozano;30/03/1972;1.90
2252;jackson martinez;Jackson Martinez;3/10/1986;1.85
2253;alexander mejia;Alexander Mejía;10/07/1988;1.78
2254;alexis mendoza;Alexis Mendoza;8/11/1961;
2255;yerry mina;Yerry Fernando Mina González;23/09/1994;1.95
2256;johan mojica;Johan Andrés Mojica Palacio;21/08/1992;1.79
2257;farid mondragon;Farid Mondragon;21/06/1971;1.88
2258;antonio moreno;Antonio Moreno;25/12/1970;
2259;luis muriel;Luis Fernando Muriel Fruto;16/04/1991;1.78
2260;oscar murillo;Óscar Fabián Murillo Murillo;18/04/1988;1.84
2261;eduardo nino;Eduardo Nino;8/08/1967;
2262;nestor ortiz;Nestor Ortiz;26/09/1968;
2263;david ospina;David Ospina Ramírez;31/08/1988;1.83
2264;ever palacios;Ever Palacios;18/01/1969;
2265;luis paz;Luis Paz;;
2266;jose pazo;Jose Pazo;4/04/1964;
2267;luis carlos perea;Luis Carlos Perea;29/12/1963;
2268;ignacio perez;Ignacio Perez;;
2269;john perez;John Perez;21/02/1970;
2270;jose perez;Jose Perez;24/10/1963;
2271;wilson perez;Wilson Perez;9/08/1967;
2272;leider preciado;Leider Preciado;26/02/1977;1.80
2273;juan quintero;Juan Fernando Quintero Paniagua;18/01/1993;1.69
2274;antonio rada;Antonio Rada;13/06/1937;
2275;adrian ramos;Adrián Ramos;22/01/1986;1.85
2276;bernardo redin;Bernardo Redin;26/02/1963;
2277;hamilton ricard;Hamilton Ricard;12/01/1974;
2278;freddy rincon;Freddy Rincon;14/08/1966;
2279;james rodriguez;James David Rodríguez Rubio;12/07/1991;1.80
2280;carlos sanchez;Carlos Alberto Sánchez Moreno;6/02/1986;1.82
2281;davinson sanchez;Dávinson Sánchez Mina;12/06/1996;1.87
2282;efrain sanchez;Efrain Sanchez;26/02/1926;
2283;jose santa;Jose Santa;12/09/1970;
2284;mauricio serna;Mauricio Serna;22/01/1968;
2285;rolando serrano;Rolando Serrano;13/11/1938;
2286;jaime silva;Jaime Silva;10/10/1935;
2287;hernando tovar;Hernando Tovar;;
2288;mateus uribe;Andrés Mateus Uribe Villa;21/03/1991;1.82
2289;carlos valderrama;Carlos Alberto Valderrama Palacio;2/09/1961;1.75
2290;carlos valdes;Carlos Valdés;22/05/1985;1.83
2291;adolfo valencia;Adolfo Valencia;6/02/1968;
2292;ivan valenciano;Ivan Valenciano;18/03/1972;
2293;camilo vargas;Camilo Andrés Vargas Gil;9/03/1989;1.85
2294;leon villa;Leon Villa;12/01/1960;
2295;adelmo vivas;Adelmo Vivas;;
2296;mario yepes;Mario Yepes;13/01/1976;1.86
2297;cristian zapata;Cristián Eduardo Zapata Valencia;30/09/1986;1.89
2298;francisco zuluaga;Francisco Zuluaga;4/02/1929;
2299;juan zuniga;Juan Camilo Zúñiga Mosquera;14/12/1985;1.72
2300;chol hyok an;Chol Hyok An;27/06/1987;1.78
2301;se bok an;Se Bok An;29/10/1946;
2302;yong hak an;Yong Hak An;25/10/1978;1.82
2303;jong hyok cha;Jong Hyok Cha;25/09/1985;1.78
2304;kum chol choe;Kum Chol Choe;9/02/1987;1.78
2305;yung won ha;Yung Won Ha;20/04/1942;
2306;bong zin han;Bong Zin Han;2/09/1945;
2307;yong jo hong;Yong Jo Hong;22/05/1982;1.74
2308;seung hwi im;Seung Hwi Im;3/02/1946;
2309;yun nam ji;Yun Nam Ji;20/11/1976;1.72
2310;tae se jong;Tae Se Jong;2/03/1984;1.81
2311;bong chil kang;Bong Chil Kang;7/11/1943;
2312;ryong woon kang;Ryong Woon Kang;25/04/1942;
2313;seung woon ke;Seung Woon Ke;26/12/1943;
2314;bong hwan kim;Bong Hwan Kim;4/07/1939;
2315;kum il kim;Kum Il Kim;10/10/1987;1.70
2316;kyong il kim;Kyong Il Kim;11/12/1988;1.74
2317;myong gil kim;Myong Gil Kim;16/10/1984;1.81
2318;myong won kim;Myong Won Kim;15/07/1983;1.80
2319;seung il kim;Seung Il Kim;2/09/1945;
2320;yong jun kim;Yong Jun Kim;19/07/1983;1.82
2321;yung kil kim;Yung Kil Kim;29/01/1944;
2322;chang myung lee;Chang Myung Lee;2/01/1947;
2323;keun hak lee;Keun Hak Lee;7/07/1940;
2324;chi an li;Chi An Li;7/07/1945;
2325;dong woon li;Dong Woon Li;4/07/1945;
2326;zoong sun lim;Zoong Sun Lim;16/07/1943;
2327;in guk mun;In Guk Mun;29/09/1978;1.67
2328;song chol nam;Song Chol Nam;7/05/1982;1.78
2329;yoon kyung oh;Yoon Kyung Oh;6/08/1941;
2330;chol jin pak;Chol Jin Pak;5/09/1985;1.84
2331;doo ik pak;Doo Ik Pak;17/12/1943;
2332;li sup pak;Li Sup Pak;6/01/1944;
2333;nam chol pak 2;Nam Chol Pak;2/07/1985;1.72
2334;nam chol pak;Nam Chol Pak;3/10/1988;1.83
2335;seung zin pak;Seung Zin Pak;11/01/1941;
2336;sung hyok pak;Sung Hyok Pak;30/05/1990;1.75
2337;chol myong ri;Chol Myong Ri;18/02/1988;1.73
2338;jun il ri;Jun Il Ri;24/08/1987;1.78
2339;kwang chon ri;Kwang Chon Ri;4/09/1985;1.83
2340;kwang hyok ri;Kwang Hyok Ri;17/08/1987;1.78
2341;myong guk ri;Myong Guk Ri;9/09/1986;1.87
2342;chang kil ryoo;Chang Kil Ryoo;5/11/1940;
2343;yung kyoo shin;Yung Kyoo Shin;30/03/1942;
2344;seung kook yang;Seung Kook Yang;19/08/1944;
2345;jung hwan ahn;Jung Hwan Ahn;27/01/1976;1.77
2346;ik soo an;Ik Soo An;6/05/1965;
2347;ji hoon baek;Ji Hoon Baek;28/02/1985;1.75
2348;byung joo byun;Byung Joo Byun;26/04/1961;
2349;bum kun cha;Bum Kun Cha;22/05/1953;
2350;du ri cha;Du Ri Cha;25/07/1980;1.81
2351;byung duk cho;Byung Duk Cho;26/05/1958;
2352;gue sung cho;Cho Gue-sung;25/01/1998;1.88
2353;jae jin cho;Jae Jin Cho;9/07/1981;1.85
2354;jin ho cho;Jin Ho Cho;2/08/1973;
2355;kwang rae cho;Kwang Rae Cho;19/03/1954;
2356;min kook cho;Min Kook Cho;5/07/1963;
2357;won hee cho;Won Hee Cho;17/04/1983;1.77
2358;yong hyung cho;Yong Hyung Cho;3/11/1983;1.82
2359;young jeung cho;Young Jeung Cho;18/08/1954;
2360;yu min cho;Cho Yu-min;17/11/1996;1.82
2361;chung min choi;Chung Min Choi;30/08/1930;
2362;dae shik choi;Dae Shik Choi;10/01/1965;
2363;eun sung choi;Eun Sung Choi;5/04/1971;1.84
2364;in young choi;In Young Choi;5/03/1962;
2365;jin cheul choi;Jin Cheul Choi;26/03/1971;1.87
2366;kang hee choi;Kang Hee Choi;12/04/1959;
2367;moon sik choi;Moon Sik Choi;6/01/1971;
2368;soon ho choi;Soon Ho Choi;10/01/1962;
2369;sung yong choi;Sung Yong Choi;25/12/1975;1.73
2370;tae uk choi;Tae Uk Choi;13/03/1981;1.73
2371;yong soo choi;Yong Soo Choi;10/09/1973;1.84
2372;young il choi;Young Il Choi;25/04/1966;
2373;yung keun choi;Yung Keun Choi;8/02/1923;
2374;yung kwang chu;Yung Kwang Chu;15/07/1931;
2375;hae won chung;Hae Won Chung;1/07/1959;
2376;jong son chung;Jong Son Chung;20/03/1966;
2377;jong soo chung;Jong Soo Chung;27/03/1961;
2378;kyung ho chung;Kyung Ho Chung;22/05/1980;1.79
2379;nam sik chung;Nam Sik Chung;16/02/1917;
2380;yong hwan chung;Yong Hwan Chung;10/02/1960;
2381;il jang dae;Il Jang Dae;9/03/1975;1.84
2382;yo han go;Yo-han Go;10/03/1988;1.70
2383;sang bum gu;Sang Bum Gu;15/06/1964;
2384;dae sung ha;Dae-Sung Ha;2/03/1985;1.80
2385;seok ju ha;Seok Ju Ha;20/02/1968;1.74
2386;chung wa han;Chung Wa Han;3/11/1922;
2387;heung chul han;Heung Chul Han;17/11/1930;
2388;kook young han;Kook-Young Han;19/04/1990;1.83
2389;chul hong;Chul Hong;17/09/1990;1.77
2390;dook jong hong;Dook Jong Hong;5/05/1921;
2391;jeong ho hong;Jeong-Ho Hong;12/08/1989;1.86
2392;myung bo hong;Myung Bo Hong;12/02/1969;1.81
2393;jung moo huh;Jung Moo Huh;13/01/1955;
2394;bo kwan hwang;Bo Kwan Hwang;1/03/1965;
2395;hee chan hwang;Hee-chan Hwang;26/01/1996;1.77
2396;in beom hwang;Hwang In-beom;20/09/1996;1.77
2397;seok ho hwang;Seok-Ho Hwang;27/06/1989;1.82
2398;sun hong hwang;Sun Hong Hwang;14/07/1968;1.83
2399;ui jo hwang;Hwang Ui-jo;28/08/1992;1.84
2400;young min hyun;Young Min Hyun;25/12/1979;1.79
2401;hyun soo jang;Hyun-soo Jang;1/01/1993;1.79
2402;hyung seok jang;Hyung Seok Jang;7/07/1972;1.82
2403;gi dong jeong;Gi Dong Jeong;13/05/1961;
2404;woo yeong jeong;Jeong Woo-yeong;20/09/1999;1.80
2405;dong won ji;Dong-Won Ji;28/05/1991;1.87
2406;hyun woo cho;Jo Hyeon-woo;25/09/1991;1.90
2407;se jong ju;Se-jong Ju;30/10/1990;1.76
2408;seung hyun jung;Seung-hyun Jung;3/04/1994;1.90
2409;sung ryong jung;Sung Ryong Jung;4/01/1985;1.90
2410;woo young jung;Woo-young Jung;4/09/1989;1.86
2411;woo young jung 2;Woo-young Jung;14/12/1989;1.88
2412;chang gi kang;Chang Gi Kang;28/08/1927;
2413;deuk soo kang;Deuk Soo Kang;16/08/1961;
2414;min soo kang;Min Soo Kang;14/02/1986;1.86
2415;sung yueng ki;Sung-yueng Ki;24/01/1989;1.87
2416;bo kyung kim;Bo Kyung Kim;6/10/1989;1.78
2417;byung ji kim;Byung Ji Kim;8/04/1970;1.84
2418;chang soo kim;Chang-Soo Kim;12/09/1985;1.78
2419;do heon kim;Do Heon Kim;14/07/1982;1.75
2420;do hoon kim;Do Hoon Kim;21/07/1970;1.82
2421;do keun kim;Do Keun Kim;2/03/1972;1.80
2422;dong jin kim;Dong Jin Kim;29/01/1982;1.84
2423;hyung il kim;Hyung Il Kim;27/04/1984;1.87
2424;jae sung kim;Jae Sung Kim;3/10/1983;1.80
2425;ji sung kim;Ji Sung Kim;7/11/1924;
2426;jin kyu kim;Jin Kyu Kim;16/02/1985;1.84
2427;jin hyeon kim;Jin-hyeon Kim;6/07/1987;1.92
2428;jin su kim;Jin-hyeon Kim;13/06/1992;1.77
2429;jong boo kim;Jong Boo Kim;3/11/1965;
2430;joo sung kim;Joo Sung Kim;17/01/1966;
2431;jung woo kim;Jung Woo Kim;9/05/1982;1.83
2432;min jae kim;Kim Min-jae;15/11/1996;1.89
2433;min woo kim;Min-woo Kim;25/02/1990;1.72
2434;moon hwan kim;Kim Moon-hwan;1/08/1995;1.73
2435;nam il kim;Nam Il Kim;14/03/1977;1.80
2436;pan keun kim;Pan Keun Kim;5/03/1966;
2437;poong jo kim;Poong Jo Kim;1/10/1961;
2438;pyung seok kim;Pyung Seok Kim;22/09/1958;
2439;sam soo kim;Sam Soo Kim;8/02/1963;
2440;sang sik kim;Sang Sik Kim;17/12/1976;1.84
2441;seung gyu kim;Seung-gyu Kim;30/09/1990;1.87
2442;shin wook kim;Shin-Wook Kim;14/04/1988;1.98
2443;tae young kim;Tae Young Kim;8/11/1970;1.80
2444;tae hwan kim;Kim Tae-hwan;24/07/1989;1.77
2445;yong dae kim;Yong Dae Kim;11/10/1979;1.86
2446;young chul kim;Young Chul Kim;30/06/1976;1.83
2447;young kwang kim;Young Kwang Kim;28/06/1983;1.84
2448;young se kim;Young Se Kim;21/04/1960;
2449;young gwon kim;Young-Gwon Kim;27/02/1990;1.86
2450;jeong woon ko;Jeong Woon Ko;27/06/1966;
2451;jong soo ko;Jong Soo Ko;30/10/1978;
2452;ja cheol koo;Ja-Cheol Koo;27/02/1989;1.83
2453;tae hwi kwak;Tae-Hwi Kwak;8/07/1981;1.88
2454;chang hoon kwon;Kwon Chang-hoon;30/06/1994;1.74
2455;kyung won kwon;Kwon Kyung-won;31/01/1992;1.87
2456;bum young lee;Bum-Young Lee;2/04/1989;1.99
2457;chun soo lee;Chun Soo Lee;9/07/1981;1.75
2458;chung yong lee;Chung-yong Lee;2/07/1988;1.80
2459;dong gook lee;Dong Gook Lee;29/04/1979;1.85
2460;eul yong lee;Eul Yong Lee;8/09/1975;1.76
2461;heung sil lee;Heung Sil Lee;10/07/1961;
2462;ho lee;Ho Lee;22/10/1984;1.82
2463;jae sung lee;Lee Jae-sung;10/08/1992;1.80
2464;jong uwa lee;Jong Uwa Lee;20/07/1963;
2465;jung soo lee;Jung Soo Lee;8/01/1980;1.85
2466;kang in lee;Lee Kang-in;19/02/2001;1.73
2467;keun ho lee;Keun-Ho Lee;11/04/1985;1.76
2468;lim saeng lee;Lim Saeng Lee;18/11/1971;1.82
2469;min sung lee;Min Sung Lee;23/06/1973;1.83
2470;sang hun lee;Sang Hun Lee;11/10/1975;1.84
2471;sang yi lee;Sang Yi Lee;1/01/1922;
2472;sang yoon lee;Sang Yoon Lee;10/04/1969;1.79
2473;seung yeoul lee;Seung Yeoul Lee;6/03/1989;1.83
2474;seung woo lee;Seung-woo Lee;6/01/1998;1.70
2475;tae ho lee;Tae Ho Lee;29/01/1961;
2476;woon jae lee;Woon Jae Lee;26/04/1973;1.82
2477;yong lee;Yong Lee;24/12/1986;1.80
2478;young jin lee;Young Jin Lee;27/10/1963;
2479;young pyo lee;Young Pyo Lee;23/04/1977;1.77
2480;jong kap li;Jong Kap Li;18/03/1920;
2481;ki joo li;Ki Joo Li;12/11/1926;
2482;sao nam li;Sao Nam Li;1/01/1927;
2483;byung dae min;Byung Dae Min;20/02/1918;
2484;seon min moon;Seon-min Moon;9/06/1992;1.72
2485;sang ho na;Na Sang-ho;12/08/1996;1.73
2486;jung yoon noh;Jung Yoon Noh;28/03/1971;1.72
2487;soo jin noh;Soo Jin Noh;10/02/1962;
2488;ban suk oh;Ban-suk Oh;20/05/1988;1.89
2489;beom seok oh;Beom Seok Oh;29/07/1984;1.81
2490;yun kyo oh;Yun Kyo Oh;25/05/1960;
2491;seung ho paik;Paik Seung-ho;17/03/1997;1.82
2492;chang sun park;Chang Sun Park;2/02/1954;
2493;chu young park;Chu Young Park;10/07/1985;1.83
2494;chul woo park;Chul Woo Park;29/09/1965;
2495;il kap park;Il Kap Park;21/03/1926;
2496;ji sung park;Ji Sung Park;25/02/1981;1.75
2497;jong woo park;Jong-Woo Park;10/03/1989;1.80
2498;joo ho park;Joo-Ho Park;16/01/1987;1.76
2499;jung bae park;Jung Bae Park;19/02/1967;
2500;kyu chong park;Kyu Chong Park;12/06/1924;
2501;kyung hoon park;Kyung Hoon Park;19/01/1961;
2502;yae seung park;Yae Seung Park;1/04/1923;
2503;dong myung seo;Dong Myung Seo;4/05/1974;1.94
2504;jung won seo;Jung Won Seo;17/12/1970;1.72
2505;ki hyeon seol;Ki Hyeon Seol;8/01/1979;1.84
2506;hong gi shin;Hong Gi Shin;4/05/1968;
2507;heung min son;Son Heung-min;8/07/1992;1.83
2508;jun ho son;Son Jun-ho;12/05/1992;1.78
2509;bum keun song;Song Bum-keun;15/10/1997;1.96
2510;chong gug song;Chong Gug Song;20/02/1979;1.75
2511;min kyu song;Song Min-kyu;12/09/1999;1.79
2512;nak woon sung;Nak Woon Sung;2/02/1926;
2513;sang kwon woo;Sang Kwon Woo;2/02/1926;
2514;ki hun yeom;Ki Hun Yeom;30/03/1983;1.82
2515;byung ok yoo;Byung Ok Yoo;2/03/1964;
2516;sang chul yoo;Sang Chul Yoo;18/10/1971;1.84
2517;deok yeo yoon;Deok Yeo Yoon;25/03/1961;
2518;jong hwan yoon;Jong Hwan Yoon;16/02/1973;1.73
2519;jong gyu yoon;Yoon Jong-gyu;20/03/1998;1.73
2520;suk young yun;Suk-Young Yun;13/02/1990;1.82
2521;young sun yun;Young-sun Yun;4/10/1988;1.85
2522;kook chin yung;Kook Chin Yung;2/01/1917;
2523;kanga akale;Kanga Akale;7/03/1981;1.78
2524;jean daniel akpa akpro;Jean-Daniel Akpa-Akpro;11/10/1992;1.80
2525;brou angoua;Brou Angoua;28/11/1986;1.78
2526;serge aurier;Serge Aurier;24/12/1992;1.74
2527;souleymane bamba;Souleymane Bamba;13/01/1985;1.90
2528;boubacar barry;Boubacar Barry;30/12/1979;1.80
2529;arthur boka;Arthur Boka;2/04/1983;1.66
2530;mathis bolly;Mathis Bolly;14/11/1990;1.85
2531;wilfried bony;Wilfried Bony;10/12/1988;1.82
2532;guy demel;Guy Demel;13/06/1981;1.91
2533;serey die;Serey Die;7/11/1984;1.79
2534;aruna dindane;Aruna Dindane;26/11/1980;1.74
2535;ismael diomande;Ismael Diomande;28/08/1992;1.81
2536;constant djakpa;Constant Djakpa;17/10/1986;1.77
2537;cyrille domoraud;Cyrille Domoraud;22/07/1971;1.80
2538;seydou doumbia;Seydou Doumbia;31/12/1987;1.83
2539;didier drogba;Didier Yves Drogba Tébily;11/03/1978;1.88
2540;emmanuel eboue;Emmanuel Eboue;4/06/1983;1.78
2541;emerse fae;Emerse Fae;24/01/1984;1.73
2542;sylvain gbohouo;Sylvain Gbohouo;29/10/1988;
2543;gervinho;Gervinho;27/05/1987;1.79
2544;gerard gnanhouan;Gerard Gnanhouan;12/02/1979;1.82
2545;steve gohouri;Steve Gohouri;8/02/1981;1.87
2546;jean jacques gosso;Jean Jacques Gosso;15/03/1983;1.77
2547;max gradel;Max Gradel;30/11/1987;1.75
2548;bonaventure kalou;Bonaventure Kalou;12/01/1978;1.82
2549;salomon kalou;Salomon Kalou;5/08/1985;1.75
2550;kader keita;Kader Keita;6/08/1981;1.84
2551;arouna kone;Arouna Kone;11/11/1983;1.82
2552;bakary kone;Bakary Kone;17/09/1981;1.63
2553;emmanuel kone;Emmanuel Kone;31/12/1986;1.77
2554;blaise kouassi;Blaise Kouassi;2/02/1975;1.82
2555;sayouba mande;Sayouba Mandé;15/06/1993;1.93
2556;abdoulaye meite;Abdoulaye Meite;6/10/1980;1.85
2557;romaric;Romaric;4/06/1983;1.87
2558;giovanni sio;Giovanni Sio;31/03/1989;1.80
2559;siaka tiene;Siaka Tiene;22/02/1982;1.76
2560;ismael tiote;Ismael Tiote;21/06/1986;1.75
2561;jean jacques tizie;Jean-Jacques Tizie;7/09/1972;1.83
2562;kolo toure;Kolo Toure;19/03/1981;1.83
2563;yaya toure;Yaya Toure;13/05/1983;1.89
2564;ousmane viera;Ousmane Viera Diarrassouba;21/12/1986;1.86
2565;didier ya konan;Didier Ya Konan;22/05/1984;1.74
2566;gilles yapi yapo;Gilles Yapi Yapo;30/01/1982;1.71
2567;daniel yeboah;Daniel Yeboah;13/11/1984;1.87
2568;aristide zogbo;Aristide Zogbo;30/12/1981;1.83
2569;didier zokora;Didier Zokora;14/12/1980;1.83
2570;marc zoro;Marc Zoro;27/12/1983;1.82
2571;johnny acosta;Johnny Acosta Zamora;21/07/1983;1.76
2572;brandon aguilera;Brandon Aguilera Zamora;28/06/2003;1.79
2573;wardy alfaro;Wardy Alfaro;31/12/1977;1.80
2574;esteban alvarado;Esteban Alvarado Brown;28/04/1989;1.93
2575;randall azofeifa;Randall Azofeifa Corrales;30/12/1984;1.82
2576;gabriel badilla;Gabriel Badilla;30/06/1984;1.81
2577;hermidio barrantes;Hermidio Barrantes;2/09/1964;
2578;michael barrantes;Michael Barrantes;4/10/1983;1.77
2579;jewison bennette;Jewison Francisco Bennette Villegas;15/06/2004;1.73
2580;kurt bernard;Kurt Bernard;8/12/1977;1.85
2581;christian bolanos;Christian Bolaños Navarro;17/05/1984;1.77
2582;celso borges;Celso Borges Mora;27/05/1988;1.82
2583;randall brenes;Randall Brenes;13/08/1983;1.73
2584;stevens bryce;Stevens Bryce;16/08/1977;1.70
2585;diego calvo;Diego Calvo;25/03/1991;1.75
2586;francisco calvo;Francisco Javier Calvo Quesada;8/07/1992;1.80
2587;daniel cambronero;Daniel Cambronero;8/01/1986;1.80
2588;joel campbell;Joel Nathaniel Campbell Samuels;26/06/1992;1.78
2589;carlos castro;Carlos Castro;10/09/1979;1.72
2590;juan cayasso;Juan Cayasso;24/06/1961;
2591;walter centeno;Walter Centeno;6/10/1974;1.74
2592;daniel chacon;Daniel Alonso Chacón Salas;11/04/2001;1.83
2593;german chavarria;German Chavarria;19/03/1958;
2594;jose chaves;Jose Chaves;3/09/1958;
2595;pablo chinchilla;Pablo Chinchilla;21/12/1978;1.86
2596;daniel colindres;Daniel Colindres Solera;10/01/1985;1.80
2597;gabelo conejo;Gabelo Conejo;1/01/1960;1.78
2598;anthony contreras;Anthony Daniel Contreras Enríquez;29/01/2000;1.80
2599;rodrigo cordero;Rodrigo Cordero;4/12/1973;1.73
2600;jose cubero;José Cubero;14/02/1987;1.80
2601;miguel davis;Miguel Davis;18/06/1966;
2602;junior diaz;Júnior Díaz;12/09/1983;1.85
2603;jervis drummond;Jervis Drummond;8/09/1976;1.72
2604;oscar duarte;Óscar Esaú Duarte Gaitán;3/06/1989;1.86
2605;roger flores;Roger Flores;26/05/1959;
2606;danny fonseca;Danny Fonseca;7/11/1979;1.79
2607;rolando fonseca;Rolando Fonseca;6/08/1974;1.78
2608;waylon francis;Waylon Francis;20/09/1990;1.77
2609;keysher fuller;Keysher Fuller Spence;12/07/1994;1.83
2610;cristian gamboa;Cristian Esteban Gamboa Luna;24/10/1989;1.73
2611;roger gomez;Roger Gomez;7/02/1965;
2612;ronald gomez;Ronald Gomez;24/01/1975;1.83
2613;giancarlo gonzalez;Giancarlo González Castro;8/02/1988;1.91
2614;leonardo gonzalez;Leonardo Gonzalez;21/11/1980;1.86
2615;ronald gonzalez;Ronald Gonzalez;8/08/1970;1.81
2616;esteban granados;Esteban Granados;25/10/1985;1.83
2617;alexandre guimaraes;Alexandre Guimaraes;7/11/1959;
2618;kenner gutierrez;Kenner Gutiérrez Cerdas;9/06/1989;1.79
2619;david guzman;David Alberto Guzmán Pérez;18/02/1990;1.76
2620;anthony hernandez;Anthony William Hernández González;11/10/2001;1.79
2621;carlos hernandez;Carlos Hernandez;9/04/1982;1.70
2622;jose jaikel;Jose Jaikel;3/04/1966;
2623;claudio jara;Claudio Jara;6/05/1959;
2624;geovanni jara;Geovanni Jara;20/07/1969;1.75
2625;erick lonnis;Erick Lonnis;9/09/1965;1.82
2626;douglas lopez;Douglas Andrey López Araya;21/09/1998;1.80
2627;wilmer lopez;Wilmer Lopez;3/08/1971;1.73
2628;hector marchena;Hector Marchena;4/01/1965;
2629;luis marin 3;Luis Marin;10/08/1974;1.80
2630;ronald marin;Ronald Marin;2/11/1962;
2631;carlos martinez;;;
2632;gilberto martinez;Gilberto Martinez;1/10/1979;1.74
2633;ronald matarrita;Rónald Alberto Matarrita Ulate;9/07/1994;1.75
2634;hernan medford;Hernan Medford;23/05/1968;1.77
2635;alvaro mesen;Alvaro Mesen;24/12/1972;1.80
2636;roy miller;Roy Miller;24/11/1984;1.86
2637;mauricio montero;Mauricio Montero;19/10/1963;
2638;leonel moreira;Leonel Gerardo Moreira Ledezma;4/04/1990;1.80
2639;lester morgan;Lester Morgan;2/05/1976;1.82
2640;roy myers;Roy Myers;13/04/1969;
2641;david myrie;David Myrie;1/06/1988;1.85
2642;keylor navas;Keylor Antonio Navas Gamboa;15/12/1986;1.85
2643;victor nunez;Victor Nunez;15/04/1980;1.78
2644;marvin obando;Marvin Obando;4/04/1960;
2645;bryan oviedo;Bryan Josué Oviedo Jiménez;18/02/1990;1.72
2646;winston parks;Winston Parks;12/10/1981;1.82
2647;patrick pemberton;Patrick Alberto Pemberton Bernard;24/04/1982;1.78
2648;jose porras;Jose Porras;8/11/1970;1.84
2649;vladimir quesada;Vladimir Quesada;12/05/1966;
2650;oscar ramirez;Oscar Ramirez;8/12/1964;1.64
2651;juan jose rodriguez;Juan Jose Rodriguez;23/06/1967;1.78
2652;michael rodriguez;Michael Rodriguez;30/12/1981;1.74
2653;bryan ruiz;Bryan Jafet Ruiz González;18/08/1985;1.87
2654;alvaro saborio;Alvaro Saborio;25/03/1982;1.83
2655;youstin salas;Youstin Delfín Salas Gómez;17/06/1996;1.73
2656;miguel segura;Miguel Segura;2/09/1963;
2657;douglas sequeira;Douglas Sequeira;23/08/1977;1.86
2658;patrick sequeira;Patrick Gilmar Sequeira Mejías;1/03/1999;1.90
2659;ian smith;Ian Rey Smith Quirós;6/03/1998;1.77
2660;mauricio solis;Mauricio Solis;13/12/1972;1.77
2661;william sun sing;William Sun Sing;12/05/1977;1.84
2662;yeltsin tejeda;Yeltsin Ignacio Tejeda Valverde;17/03/1992;1.79
2663;gerson torres;Gerson Torres Barrantes;28/08/1997;1.76
2664;michael umana;Michael Umaña;16/07/1982;1.83
2665;marcos urena;Marco Danilo Ureña Porras;5/03/1990;1.79
2666;daniel vallejos;Daniel Vallejos;27/05/1981;1.75
2667;juan pablo vargas;Juan Pablo Vargas Campos;6/06/1995;1.92
2668;johan venegas;Johan Alberto Venegas Ulloa;27/11/1988;1.83
2669;harold wallace;Harold Wallace;7/09/1975;1.75
2670;rodney wallace;Rodney Wallace;17/06/1988;
2671;paulo wanchope;Paulo Wanchope;31/07/1976;1.82
2672;kendall waston;Kendall Jamaal Waston Manley;1/01/1988;1.96
2673;roan wilson;Roan Roberto Wilson Gordon;1/05/2002;1.84
2674;mauricio wright;Mauricio Wright;20/12/1970;1.91
2675;alvaro zamora;Álvaro José Zamora Mata;9/03/2002;1.80
2676;aljosa asanovic;Aljosa Asanovic;14/12/1965;
2677;marko babic;Marko Babic;28/01/1981;1.86
2678;milan badelj;Milan Badelj;25/02/1989;1.86
2679;bosko balaban;Bosko Balaban;15/10/1978;1.80
2680;borna barisic;Borna Barišić;10/11/1992;1.86
2681;slaven bilic;Slaven Bilic;11/09/1968;
2682;zvonimir boban;Zvonimir Boban;8/10/1968;
2683;alen boksic;Alen Boksic;21/01/1970;1.87
2684;ivan bosnjak;Ivan Bosnjak;6/02/1979;1.78
2685;filip bradaric;Filip Bradarić;11/01/1992;1.85
2686;marcelo brozovic;Marcelo Brozović;16/11/1992;1.81
2687;ante budimir;Ante Budimir;22/07/1991;1.90
2688;tomislav butina;Tomislav Butina;30/03/1974;1.91
2689;duje caleta car;Duje Ćaleta-Car;17/09/1996;1.92
2690;vedran corluka;Vedran Ćorluka;5/02/1986;1.93
2691;joe didulica;Joe Didulica;14/10/1977;1.91
2692;eduardo 2;Eduardo Alves Da Silva;25/02/1983;1.78
2693;martin erlic;Martin Erlić;24/01/1998;1.92
2694;ivo grbic;Ivo Grbić;18/01/1996;1.95
2695;josko gvardiol;Joško Gvardiol;23/01/2002;1.85
2696;ivica ivusic;Ivica Ivušić;1/02/1995;1.95
2697;kristijan jakic;Kristijan Jakić;24/05/1997;1.81
2698;robert jarni;Robert Jarni;26/10/1968;1.80
2699;tin jedvaj;Tin Jedvaj;28/11/1995;1.84
2700;nikica jelavic;Nikica Jelavic;27/08/1985;1.87
2701;josip juranovic;Josip Juranović;16/08/1995;1.73
2702;krunoslav jurcic;Krunoslav Jurcic;26/11/1969;
2703;goran juric;Goran Juric;5/02/1963;
2704;lovre kalinic;Lovre Kalinić;3/04/1990;2.01
2705;nikola kalinic;Nikola Kalinić;5/01/1988;1.87
2706;ivan klasnic;Ivan Klasnic;29/01/1980;1.86
2707;niko kovac;Niko Kovac;15/10/1971;1.78
2708;robert kovac;Robert Kovac;6/04/1974;1.82
2709;mateo kovacic;Mateo Kovačić;6/05/1994;1.77
2710;ardian kozniku;Ardian Kozniku;27/10/1967;
2711;andrej kramaric;Andrej Kramarić;19/06/1991;1.77
2712;niko kranjcar;Niko Kranjcar;13/08/1984;1.85
2713;petar krpan;Petar Krpan;1/07/1974;
2714;drazen ladic;Drazen Ladic;1/01/1963;
2715;ivan leko;Ivan Leko;7/02/1978;1.79
2716;jerko leko;Jerko Leko;9/04/1980;1.86
2717;marko livaja;Marko Livaja;26/08/1993;1.82
2718;dominik livakovic;Dominik Livaković;9/01/1995;1.88
2719;dejan lovren;Dejan Lovren;5/07/1989;1.88
2720;lovro majer;Lovro Majer;17/01/1998;1.78
2721;zoran mamic;Zoran Mamic;30/09/1971;
2722;mario mandzukic;Mario Mandžukić;21/05/1986;1.87
2723;silvio maric;Silvio Maric;20/03/1975;
2724;luka modric;Luka Modrić;9/09/1985;1.72
2725;marijan mrmic;Marijan Mrmic;6/05/1965;
2726;ivica olic;Ivica Olic;14/09/1979;1.83
2727;mislav orsic;Mislav Oršić;29/12/1992;1.79
2728;mario pasalic;Mario Pašalić;9/02/1995;1.89
2729;ivan perisic;Ivan Perišić;2/02/1989;1.87
2730;bruno petkovic;Bruno Petković;16/09/1994;1.93
2731;josip pivaric;Josip Pivarić;29/01/1989;1.76
2732;marko pjaca;Marko Pjaca;6/05/1995;1.86
2733;stipe pletikosa;Stipe Pletikosa;8/01/1979;1.93
2734;danijel pranjic;Danijel Pranjic;2/12/1981;1.72
2735;robert prosinecki;Robert Prosinecki;12/01/1969;1.82
2736;dado prso;Dado Prso;5/11/1974;1.87
2737;ivan rakitic;Ivan Rakitić;10/03/1988;1.84
2738;milan rapaic;Milan Rapaic;16/08/1973;1.83
2739;ante rebic;Ante Rebić;21/09/1993;1.85
2740;sammir;Jorge Sammir Cruz Campos;23/04/1987;1.78
2741;daniel saric;Daniel Saric;4/08/1972;1.78
2742;gordon schildenfeld;Gordon Schildenfeld;18/03/1985;1.91
2743;anthony seric;Anthony Seric;15/01/1979;1.81
2744;dario simic;Dario Simic;12/11/1975;1.80
2745;josip simunic;Josip Simunic;18/02/1978;1.95
2746;zvonimir soldo;Zvonimir Soldo;2/11/1967;1.89
2747;borna sosa;Borna Sosa;21/01/1998;1.87
2748;darijo srna;Darijo Srna;1/05/1982;1.82
2749;mario stanic;Mario Stanic;10/04/1972;1.87
2750;josip stanisic;Josip Stanišić;2/04/2000;1.86
2751;igor stimac;Igor Stimac;6/09/1967;1.87
2752;ivan strinic;Ivan Strinić;17/07/1987;1.86
2753;danijel subasic;Danijel Subašić;27/10/1984;1.91
2754;luka sucic;Luka Sučić;8/09/2002;1.85
2755;davor suker;Davor Suker;1/01/1968;1.81
2756;josip sutalo;Josip Šutalo;28/02/2000;1.90
2757;mario tokic;Mario Tokic;23/07/1975;1.80
2758;stjepan tomas;Stjepan Tomas;6/03/1976;1.86
2759;igor tudor;Igor Tudor;16/04/1978;1.93
2760;vladimir vasilj;Vladimir Vasilj;6/07/1975;1.88
2761;domagoj vida;Domagoj Vida;29/04/1989;1.84
2762;goran vlaovic;Goran Vlaovic;7/08/1972;1.78
2763;nikola vlasic;Nikola Vlašić;4/10/1997;1.78
2764;jurica vranjes;Jurica Vranjes;31/01/1980;1.84
2765;sime vrsaljko;Šime Vrsaljko;10/01/1992;1.83
2766;davor vugrinec;Davor Vugrinec;24/03/1975;1.79
2767;ognjen vukojevic;Ognjen Vukojevic;20/12/1983;1.84
2768;oliver zelenika;Oliver Zelenika;14/05/1993;1.92
2769;boris zivkovic;Boris Zivkovic;15/11/1975;1.82
2770;juan alonso;Juan Alonso;1/01/1911;
2771;joaquin arias;Joaquin Arias;12/11/1914;
2772;juan ayra;Juan Ayra;1/01/1911;
2773;jacinto barquin;Jacinto Barquin;3/09/1915;
2774;pedro berges;Pedro Berges;1/01/1906;
2775;benito carvajales;Benito Carvajales;1/01/1913;
2776;manuel chorens;Manuel Chorens;22/01/1916;
2777;tomas fernandez;Tomas Fernandez;1/01/1915;
2778;pedro ferrer;Pedro Ferrer;1/01/1908;
2779;jose magrina;Jose Magrina;20/03/1912;
2780;carlos oliveira;Carlos Oliveira;;
2781;jose rodriguez;Jose Rodriguez;;
2782;hector socorro;Hector Socorro;26/06/1912;
2783;mario sosa;Mario Sosa;1/01/1910;
2784;juan tunas;Juan Tunas;1/01/1913;
2785;daniel agger;Daniel Agger;12/12/1984;1.88
2786;henrik andersen;Henrik Andersen;7/05/1965;
2787;joachim andersen;Joachim Christian Andersen;31/05/1996;1.92
2788;stephan andersen;Stephan Andersen;26/11/1981;1.88
2789;frank arnesen;Frank Arnesen;30/09/1956;
2790;alexander bah;Alexander Hartmann Bah;9/12/1997;1.83
2791;jan bartram;Jan Bartram;6/03/1962;
2792;mikkel beckmann;Mikkel Beckmann;24/10/1983;1.78
2793;nicklas bendtner;Nicklas Bendtner;16/01/1988;1.94
2794;klaus berggreen;Klaus Berggreen;3/02/1958;
2795;jens bertelsen;Jens Bertelsen;15/02/1952;
2796;kasper bogelund;Kasper Bogelund;8/10/1980;1.80
2797;martin braithwaite;Martin Braithwaite Christensen;5/06/1991;1.80
2798;soren busk;Soren Busk;10/04/1953;
2799;andreas christensen;Andreas Bødtker Christensen;10/04/1996;1.92
2800;flemming christensen;Flemming Christensen;10/04/1958;
2801;oliver christensen;Oliver Christensen;22/03/1999;1.90
2802;jesper christiansen;Jesper Christiansen;24/04/1978;1.92
2803;soren colding;Soren Colding;2/09/1972;
2804;andreas cornelius;Andreas Evald Cornelius;16/03/1993;1.95
2805;henrik dalsgaard;Henrik Dalsgaard;27/07/1989;1.92
2806;mikkel damsgaard;Mikkel Krogh Damsgaard;3/07/2000;1.80
2807;thomas delaney;Thomas Joseph Delaney;3/09/1991;1.80
2808;kasper dolberg;Kasper Dolberg Rasmussen;6/10/1997;1.87
2809;preben elkjaer larsen;Preben Elkjaer Larsen;11/09/1957;
2810;thomas enevoldsen;Thomas Enevoldsen;27/07/1987;1.82
2811;christian eriksen;Christian Dannemann Eriksen;14/02/1992;1.81
2812;john eriksen;John Eriksen;20/11/1957;
2813;viktor fischer;Viktor Gorridsen Fischer;9/06/1994;1.80
2814;per frandsen;Per Frandsen;6/02/1970;
2815;per frimann;Per Frimann;4/06/1962;
2816;bjarne goldbaek;Bjarne Goldbaek;6/10/1968;
2817;thomas gravesen;Thomas Gravesen;11/03/1976;1.78
2818;jesper gronkjaer;Jesper Gronkjaer;12/08/1977;1.87
2819;jan heintze;Jan Heintze;17/08/1963;1.70
2820;thomas helveg;Thomas Helveg;24/06/1971;1.79
2821;rene henriksen;Rene Henriksen;27/08/1969;1.83
2822;jes hogh;Jes Hogh;7/05/1966;
2823;lars hogh;Lars Hogh;14/01/1959;
2824;pierre emile hojbjerg;Pierre-Emile Kordt Højbjerg;5/08/1995;1.87
2825;lars jacobsen;Lars Jacobsen;20/09/1979;1.84
2826;claus jensen;Claus Jensen;29/04/1977;1.83
2827;daniel jensen;Daniel Jensen;25/06/1979;1.80
2828;mathias jensen;Mathias Jensen;1/01/1996;1.80
2829;niclas jensen;Niclas Jensen;17/08/1974;1.80
2830;martin jorgensen;Martin Jorgensen;6/10/1975;1.80
2831;mathias jorgensen;Mathias Jattah-Njie Jørgensen;23/04/1990;1.91
2832;nicolai jorgensen;Nicolai Jørgensen;15/01/1991;1.90
2833;thomas kahlenberg;Thomas Kahlenberg;20/03/1983;1.85
2834;peter kjaer;Peter Kjaer;5/11/1965;1.87
2835;simon kjaer;Simon Thorup Kjær;26/03/1989;1.91
2836;jonas knudsen;Jonas Hjort Knudsen;16/09/1992;1.85
2837;rasmus kristensen;Rasmus Nissen Kristensen;11/07/1997;1.87
2838;mogens krogh;Mogens Krogh;31/10/1963;
2839;michael krohn dehli;Michael Krohn-Dehli;6/06/1983;1.71
2840;per kroldrup;Per Kroldrup;31/07/1979;1.94
2841;william kvist;William Vitved Kvist;24/02/1985;1.85
2842;soren larsen;Soren Larsen;6/09/1981;1.94
2843;brian laudrup;Brian Laudrup;22/02/1969;
2844;michael laudrup;Michael Laudrup;15/06/1964;
2845;jacob laursen;Jacob Laursen;6/10/1971;
2846;martin laursen;Martin Laursen;26/07/1977;1.90
2847;lukas lerager;Lukas Lerager;12/07/1993;1.83
2848;soren lerby;Soren Lerby;1/02/1958;
2849;jesper lindstrom;Jesper Grænge Lindstrøm;29/02/2000;1.82
2850;jonas lossl;Jonas Lössl;1/02/1989;1.95
2851;peter lovenkrands;Peter Lovenkrands;29/01/1980;1.81
2852;steven lustu;Steven Lustu;13/04/1971;1.85
2853;peter madsen;Peter Madsen;26/04/1978;1.83
2854;joakim maehle;Joakim Mæhle Pedersen;20/05/1997;1.85
2855;jan michaelsen;Jan Michaelsen;28/11/1970;1.82
2856;jan molby;Jan Molby;4/07/1963;
2857;peter moller;Peter Moller;23/03/1972;1.90
2858;miklos molnar;Miklos Molnar;10/04/1970;
2859;patrick mtiliga;Patrick Mtiliga;28/01/1981;1.70
2860;victor nelsson;Victor Enok Nelsson;14/10/1998;1.85
2861;allan nielsen;Allan Nielsen;13/03/1971;
2862;brian steen nielsen;Brian Steen Nielsen;28/12/1968;1.80
2863;ivan nielsen;Ivan Nielsen;9/10/1956;
2864;kent nielsen;Kent Nielsen;28/12/1961;
2865;christian norgaard;Christian Thers Nørgaard;10/03/1994;1.86
2866;jesper olsen;Jesper Olsen;20/03/1961;
2867;morten olsen;Morten Olsen;14/08/1949;
2868;christian poulsen;Christian Poulsen;28/02/1980;1.82
2869;jakob poulsen;Jakob Poulsen;7/07/1983;1.85
2870;simon poulsen;Simon Poulsen;7/04/1984;1.87
2871;ole qvist;Ole Qvist;25/02/1950;
2872;trols rasmussen;Trols Rasmussen;7/04/1961;
2873;marc rieper;Marc Rieper;5/06/1968;
2874;dennis rommedahl;Dennis Rommedahl;22/07/1978;1.78
2875;frederik ronnow;Frederik Riis Rønnow;4/08/1992;1.90
2876;ebbe sand;Ebbe Sand;19/07/1972;1.83
2877;michael schjonberg;Michael Schjonberg;19/01/1967;
2878;kasper schmeichel;Kasper Peter Schmeichel;5/11/1986;1.90
2879;peter schmeichel;Peter Schmeichel;18/11/1963;
2880;lasse schone;Lasse Schöne;27/05/1986;1.78
2881;allan simonsen;Allan Simonsen;15/12/1952;
2882;pione sisto;Pione Sisto Ifolo Emirmija;4/02/1995;1.71
2883;john sivebaek;John Sivebaek;25/10/1961;
2884;robert skov;Robert Faxe Skov;20/05/1996;1.83
2885;andreas skov olsen;Andreas Skov Olsen;29/12/1999;1.87
2886;thomas sorensen;Thomas Sorensen;12/06/1976;1.85
2887;jens stryger larsen;Jens Stryger Larsen;21/02/1991;1.82
2888;stig tofting;Stig Tofting;14/08/1969;1.73
2889;jon dahl tomasson;Jon Dahl Tomasson;29/08/1976;1.82
2890;jannik vestergaard;Jannik Vestergaard;3/08/1992;1.99
2891;daniel wass;Daniel Wass;31/05/1989;1.81
2892;morten wieghorst;Morten Wieghorst;25/02/1971;
2893;jonas wind;Jonas Older Wind;7/02/1999;1.90
2894;yussuf poulsen;Yussuf Yurary Poulsen;15/06/1994;1.93
2895;gabriel achilier;Gabriel Achilier;24/03/1985;1.82
2896;alex aguinaga;Alex Aguinaga;9/07/1968;1.72
2897;paul ambrosi;Paul Ambrosi;14/10/1980;1.77
2898;robert arboleda;Robert Arboleda;22/10/1991;1.89
2899;xavier arreaga;Xavier Arreaga;28/09/1994;1.84
2900;michael arroyo;Michael Arroyo;23/04/1987;1.77
2901;nicolas asencio;Nicolas Asencio;26/04/1975;1.70
2902;jaime ayovi;Jaime Ayoví;21/02/1988;1.83
2903;marlon ayovi;Marlon Ayovi;27/09/1971;1.74
2904;walter ayovi;Walter Ayovi;11/08/1979;1.71
2905;oscar bagui;Óscar Bagüí;10/12/1982;1.73
2906;maximo banguera;Máximo Banguera;16/12/1985;1.88
2907;cristian benitez;Cristian Benitez;1/05/1986;1.68
2908;adrian bone;Adrian Bone;24/11/1988;1.88
2909;felix borja;Felix Borja;2/04/1983;1.80
2910;juan carlos burbano;Juan Carlos Burbano;15/02/1969;1.74
2911;felipe caicedo;Felipe Caicedo;5/09/1988;1.87
2912;moises caicedo;Moisés Caicedo;2/11/2001;1.78
2913;segundo castillo;Segundo Alejandro Castillo;15/05/1982;1.79
2914;jose cevallos;Jose Cevallos;17/04/1971;1.82
2915;clever chala;Clever Chala;29/06/1971;1.80
2916;jose cifuentes;José Cifuentes;12/03/1999;1.78
2917;ulises de la cruz;Ulises De La Cruz;8/02/1974;1.78
2918;agustin delgado;Agustin Delgado;23/12/1974;1.89
2919;alexander dominguez;Alexander Domínguez;5/06/1987;1.95
2920;frickson erazo;Frickson Erazo;5/05/1988;1.90
2921;giovanny espinoza;Giovanny Espinoza;12/04/1977;1.84
2922;michael estrada;Michael Estrada;7/04/1996;1.87
2923;pervis estupinan;Pervis Estupiñán;21/01/1998;1.75
2924;angel fernandez;Angel Fernandez;2/08/1971;1.72
2925;alan franco;Alan Franco;21/08/1998;1.75
2926;hernan galindez;Hernán Galíndez;30/03/1987;1.89
2927;luis gomez;Luis Gomez;20/04/1972;1.72
2928;carlos gruezo;Carlos Gruezo;19/04/1995;1.72
2929;jorge guagua;Jorge Guagua;28/09/1981;1.79
2930;raul guerron;Raul Guerron;12/10/1976;1.84
2931;piero hincapie;Piero Hincapié;9/01/2002;1.83
2932;ivan hurtado;Ivan Hurtado;16/08/1974;1.80
2933;giovanni ibarra;Giovanni Ibarra;8/09/1969;1.79
2934;renato ibarra;Renato Ibarra;20/01/1991;1.75
2935;romario ibarra;Romario Ibarra;24/09/1994;1.75
2936;ivan kaviedes;Ivan Kaviedes;24/10/1977;1.82
2937;damian lanza;Damian Lanza;10/04/1982;1.86
2938;christian lara;Christian Lara;27/04/1980;1.62
2939;fidel martinez;Fidel Martínez;15/02/1990;1.76
2940;angel mena;Ángel Mena;21/01/1988;1.68
2941;edison mendez;Edison Mendez;16/03/1979;1.75
2942;jhegson mendez;Jhegson Méndez;26/04/1997;1.75
2943;oswaldo minda;Oswaldo Minda;26/07/1983;1.83
2944;jefferson montero;Jefferson Montero;1/09/1989;1.73
2945;cristian mora;Cristian Mora;26/08/1979;1.85
2946;christian noboa;Christian Noboa;9/04/1985;1.83
2947;alfonso obregon;Alfonso Obregon;12/05/1972;1.80
2948;william pacho;William Pacho;16/10/2001;1.88
2949;diego palacios;Diego Palacios;12/07/1999;1.69
2950;juan carlos paredes;Juan Carlos Paredes;8/06/1987;1.74
2951;jose perlaza;Jose Perlaza;6/10/1981;1.93
2952;gonzalo plata;Gonzalo Plata;1/11/2000;1.78
2953;augusto poroso;Augusto Poroso;13/04/1974;1.81
2954;jackson porozo;Jackson Porozo;4/08/2000;1.91
2955;angelo preciado;Angelo Preciado;18/02/1998;1.74
2956;ayrton preciado;Ayrton Preciado;17/07/1994;1.81
2957;moises ramirez;Moisés Ramírez;9/09/2000;1.85
2958;djorkaeff reasco;Djorkaeff Reasco;18/01/1999;1.72
2959;neicer reasco;Neicer Reasco;23/07/1977;1.71
2960;kevin rodriguez;Kevin Rodríguez;4/03/2000;1.90
2961;joao rojas;Joao Rojas;14/06/1989;1.72
2962;wellington sanchez;Wellington Sanchez;19/06/1974;1.82
2963;luis saritama;Luis Saritama;20/10/1983;1.75
2964;jeremy sarmiento;Jeremy Sarmiento;16/06/2002;1.78
2965;carlos tenorio;Carlos Tenorio;14/05/1979;1.82
2966;edwin tenorio;Edwin Tenorio;16/06/1976;1.72
2967;felix torres;Félix Torres;11/01/1997;1.87
2968;patricio urrutia;Patricio Urrutia;15/10/1977;1.78
2969;luis antonio valencia;Luis Antonio Valencia;4/08/1985;1.80
2970;enner valencia;Enner Valencia;4/11/1989;1.77
2971;edwin villafuerte;Edwin Villafuerte;12/03/1979;1.86
2972;daniel viteri;Daniel Viteri;12/12/1981;1.85
2973;mohamed abdel shafy;Mohamed Abdel-Shafy;1/07/1985;1.75
2974;gamal abdelhamid;Gamal Abdelhamid;24/11/1957;
2975;adel abdelrahman;Adel Abdelrahman;11/12/1967;
2976;magdy abedelghani;Magdy Abedelghani;27/07/1959;
2977;taher abou zeid;Taher Abou Zeid;1/04/1962;
2978;hassan al far;Hassan Al Far;1/01/1913;
2979;ayman ashraf;Ayman Ashraf;9/04/1991;1.75
2980;saber eid;Saber Eid;1/05/1959;
2981;sherif ekramy;Sherif Ekramy ِAhmed Ahmed El-Shahat;10/07/1983;1.91
2982;thabet el batal;Thabet El Batal;16/09/1953;
2983;ahmed el kass;Ahmed El Kass;8/07/1965;
2984;essam el hadary;Essam Kamal Tawfiq El-Hadary;15/01/1973;1.88
2985;ali al sayyed;Ali Mohammed El-Kaf El-Said;10/04/1908;
2986;mohamed el shenawy;Mohamed El Shenawy;18/12/1988;1.91
2987;el winsh;Mahmoud Hamdy;1/06/1995;
2988;ahmed elmohamady;Ahmed Eissa Elmohamady Abdel Fattah;9/09/1987;1.82
2989;mohamed elneny;Mohamed Naser Elsayed Elneny;11/07/1992;1.80
2990;aziz fahmy;Aziz Fahmy;;
2991;ahmed fathy;Ahmed Fathy;10/11/1984;1.75
2992;abdulrahman fawzi;Abdulrahman Fawzi;11/08/1909;
2993;omar gaber;Omar Mahmoud Gabe;30/01/1992;1.74
2994;ali gabr;Ali Gabr Gabr Mossad;10/01/1989;1.94
2995;ibrahim halim;Ibrahim Halim;10/02/1910;
2996;tarek hamed;Tarek Hamed;24/10/1988;1.65
2997;hossam hassan;Hossam Hassan;10/08/1966;1.72
2998;ibrahim hassan;Ibrahim Hassan;10/08/1966;
2999;ahmed hegazi;Ahmed Elsayed Ali Elsayed Hegazy;25/01/1991;1.93
3000;mohamed helmy;Mohamed Helmy;13/02/1912;
3001;mahmoud kahraba;Mahmoud Abdel-Moneim;13/04/1994;1.82
3002;hany kamel;Hany Kamel;;
3003;mostafa kamel taha;Mostafa Kamel Taha;;
3004;ashraf kasem;Ashraf Kasem;25/07/1966;
3005;hafez kasseb;Hafez Kasseb;;
3006;mohamed latif;Mohamed Latif;23/10/1909;
3007;kamel mansour;Kamel Mansour;2/08/1914;
3008;kamel masoud;Kamel Masoud;2/08/1914;
3009;alaa mayhoub;Alaa Mayhoub;9/01/1962;
3010;marwan mohsen;Marwan Mohsen Fahmi Tharwat;26/01/1989;1.87
3011;sam morsy;Samy Sayed Morsy;10/09/1991;1.75
3012;mahmoud moukhtar;Mahmoud Moukhtar;23/12/1907;
3013;mahmoud negro;Mahmoud Negro;;
3014;osama oraby;Osama Oraby;25/01/1962;
3015;ismail rafa at;Ismail Rafa At;1/01/1908;
3016;hassan ragab;Hassan Ragab;1/01/1909;
3017;ahmed ramzy;Ahmed Ramzy;25/10/1965;
3018;hany ramzy;Hany Ramzy;10/03/1969;
3019;abdallah said;Abdallah Said;13/07/1985;1.75
3020;mohamed salah;Mohamed Salah Hamed Mahrous Ghaly;15/06/1992;1.75
3021;saad samir;Saad El-Din Samir;1/04/1989;1.85
3022;abdel sharley;Abdel Sharli;;
3023;ayman shawky;Ayman Shawky;9/12/1962;
3024;shikabala;Mahmoud Abdel Razek Fadlallah;5/03/1986;1.83
3025;ahmed shoubeir;Ahmed Shoubeir;28/09/1961;
3026;ramadan sobhi;Ramadan Sobhi Ramadan Ahmed;23/01/1997;1.83
3027;tarek soliman;Tarek Soliman;24/01/1962;
3028;ayman taher;Ayman Taher;7/01/1966;
3029;magdy tolba;Magdy Tolba;24/02/1964;
3030;mahmoud hassan;Mahmoud Ibrahim Hassan;1/10/1994;1.79
3031;amr warda;Amr Medhat Warda;17/09/1993;1.76
3032;hesham yakan;Hesham Yakan;10/08/1962;
3033;rabie yassin;Rabie Yassin;7/09/1960;
3034;ismail youssef;Ismail Youssef;28/06/1964;
3035;elmer angel acevedo;Elmer Angel Acevedo;24/02/1946;
3036;mauricio alfaro;Mauricio Alfaro;13/02/1956;
3037;ernesto aparicio;Ernesto Aparicio;28/12/1948;
3038;silvio aquino;Silvio Aquino;30/06/1949;
3039;david cabrera;David Cabrera;12/09/1945;
3040;mario castillo;Mario Castillo;30/10/1951;
3041;guillermo castro;Guillermo Castro;25/06/1940;
3042;miguel diaz;Miguel Diaz;27/01/1957;
3043;ramon fagoaga;Ramon Fagoaga;12/01/1952;
3044;juan gualberto fernandez;Juan Gualberto Fernandez;12/07/1941;
3045;salvador flamenco cabezas;Salvador Flamenco Cabezas;28/02/1947;
3046;jorge gonzalez;Jorge Gonzalez;13/05/1958;
3047;luis guevara mora;Luis Guevara Mora;2/09/1961;
3048;francisco hernandez;Francisco Hernandez;11/12/1958;
3049;julio hernandez;Julio Hernandez;31/01/1958;
3050;jose huezo;Jose Huezo;6/06/1956;
3051;jose jovel;Jose Jovel;26/05/1951;
3052;raul magana;Raul Magana;24/02/1940;
3053;mauricio manzano;Mauricio Manzano;30/09/1943;
3054;salvador mariona;Salvador Mariona;16/12/1943;
3055;juan martinez;Juan Martinez;20/04/1948;
3056;sergio mendez;Sergio Mendez;14/02/1942;
3057;santiago mendez cortes;Santiago Mendez Cortes;19/01/1945;
3058;mario monge;Mario Monge;27/11/1938;
3059;jose munguia;Jose Munguia;28/10/1959;
3060;saturnino osorio;Saturnino Osorio;6/01/1945;
3061;francisco osorto;Francisco Osorto;20/03/1957;
3062;tomas pineda;Tomas Pineda;1/01/1939;
3063;jaime portillo;Jaime Portillo;18/09/1947;
3064;jose quintanilla;Jose Quintanilla;29/10/1947;
3065;guillermo ragazzone;Guillermo Ragazzone;5/01/1956;
3066;luis ramirez;Luis Ramirez;6/01/1954;
3067;carlos recinos;Carlos Recinos;30/06/1950;
3068;jose rivas;Jose Rivas;12/05/1958;
3069;roberto rivas;Roberto Rivas;17/07/1941;
3070;jaime rodriguez;Jaime Rodriguez;17/01/1959;
3071;mauricio rodriguez;Mauricio Rodriguez;12/09/1945;
3072;jose rugamas;Jose Rugamas;5/06/1953;
3073;genaro sermeno;Genaro Sermeno;28/11/1948;
3074;alfredo vasquez;Alfredo Vasquez;23/04/1945;
3075;joaquin ventura;Joaquin Ventura;27/10/1956;
3076;alberto villalta;Alberto Villalta;19/11/1947;
3077;abdulaziz mohamed;Abdulaziz Mohamed;12/12/1965;
3078;mohamed abdullah;Mohamed Abdullah;1/10/1963;
3079;abdullah musa;Abdullah Musa;2/03/1958;
3080;hassan abdulqader;Hassan Abdulqader;15/04/1962;
3081;abdulrahman al haddad;Abdulrahman Al Haddad;23/09/1966;
3082;adnan al talyani;Adnan Al Talyani;1/10/1964;
3083;eissa meer;Eissa Meer;16/07/1967;
3084;fahad abdulrahman;Fahad Abdulrahman;10/10/1962;
3085;fahad khamees;Fahad Khamees;24/01/1962;
3086;hassan mohamed;Hassan Mohamed;23/08/1962;
3087;hussain ghuloum;Hussain Ghuloum;24/09/1969;
3088;ibrahim meer;Ibrahim Meer;16/07/1967;
3089;ali thani jumaa;Ali Thani Jumaa;18/08/1968;
3090;khaleel ghanim;Khaleel Ghanim;12/11/1964;
3091;khalid ismail;Khalid Ismail;7/07/1965;
3092;mohamed salim;Mohamed Salim;13/01/1968;
3093;ghanim mubarak;Ghanim Mubarak;3/09/1963;
3094;muhsin musabah;Muhsin Musabah;1/01/1964;
3095;nasir khamees;Nasir Khamees;2/08/1965;
3096;abdullah sultan;Abdullah Sultan;1/10/1963;
3097;yousuf hussain;Yousuf Hussain;8/07/1965;
3098;zuhair bakheet;Zuhair Bakheet;13/07/1967;
3099;john aird;John Aird;18/02/1926;
3100;roy aitken;Roy Aitken;24/11/1958;
3101;arthur albiston;Arthur Albiston;14/07/1957;
3102;john anderson;John Anderson;8/12/1929;
3103;steve archibald;Steve Archibald;27/09/1956;
3104;sammy baird;Sammy Baird;13/05/1930;
3105;eamonn bannon;Eamonn Bannon;18/04/1958;
3106;jim bett;Jim Bett;25/11/1959;
3107;jimmy binning;Jimmy Binning;25/07/1927;
3108;john blackley;John Blackley;12/05/1948;
3109;jimmy blyth;Jimmy Blyth;2/02/1955;
3110;scott booth;Scott Booth;16/12/1971;
3111;tom boyd;Tom Boyd;24/11/1965;
3112;alan brazil;Alan Brazil;15/06/1959;
3113;billy bremner;Billy Bremner;9/12/1942;
3114;allan brown;Allan Brown;12/10/1926;
3115;bill brown;Bill Brown;8/10/1931;
3116;martin buchan;Martin Buchan;6/03/1949;
3117;craig burley;Craig Burley;24/09/1971;
3118;george burley;George Burley;3/06/1956;
3119;kenny burns;Kenny Burns;23/09/1953;
3120;colin calderwood;Colin Calderwood;20/01/1965;
3121;eric caldow;Eric Caldow;14/05/1934;
3122;bobby clark;Bobby Clark;26/09/1945;
3123;bobby collins;Bobby Collins;16/02/1931;
3124;john collins;John Collins;31/01/1968;
3125;bobby combe;Bobby Combe;29/02/1924;
3126;david cooper;David Cooper;25/02/1956;
3127;ernie copland;Ernie Copland;;
3128;peter cormack;Peter Cormack;17/07/1946;
3129;doug cowie;Doug Cowie;1/05/1926;
3130;john coyle;John Coyle;28/09/1932;
3131;willie cunningham;Willie Cunningham;22/02/1925;
3132;christian dailly;Christian Dailly;23/10/1973;
3133;kenny dalglish;Kenny Dalglish;4/03/1951;
3134;jimmy davidson;Jimmy Davidson;8/11/1925;
3135;tommy docherty;Tommy Docherty;24/04/1928;
3136;willie donachie;Willie Donachie;5/10/1951;
3137;simon donnelly;Simon Donnelly;1/12/1974;
3138;gordon durie;Gordon Durie;6/12/1965;
3139;matt elliott;Matt Elliott;1/11/1968;
3140;allan evans;Allan Evans;12/10/1956;
3141;bobby evans;Bobby Evans;16/07/1927;
3142;willie fernie;Willie Fernie;22/11/1928;
3143;robert fleck;Robert Fleck;11/08/1965;
3144;donald ford;Donald Ford;25/10/1944;
3145;tom forsyth;Tom Forsyth;23/01/1949;
3146;kevin gallacher;Kevin Gallacher;23/11/1966;
3147;archie gemmill;Archie Gemmill;24/03/1947;
3148;scot gemmill;Scot Gemmill;2/01/1971;
3149;gary gillespie;Gary Gillespie;5/07/1960;
3150;andy goram;Andy Goram;13/04/1964;
3151;richard gough;Richard Gough;5/04/1962;
3152;jonathan gould;Jonathan Gould;18/07/1968;
3153;frank gray;Frank Gray;27/10/1954;
3154;bryan gunn;Bryan Gunn;22/12/1963;
3155;harry haddock;Harry Haddock;26/07/1925;
3156;george hamilton;George Hamilton;7/12/1917;
3157;alan hansen;Alan Hansen;13/06/1955;
3158;joe harper;Joe Harper;11/01/1948;
3159;asa hartford;Asa Hartford;24/10/1950;
3160;david harvey;David Harvey;7/02/1948;
3161;davie hay;Davie Hay;29/01/1948;
3162;jackie henderson;Jackie Henderson;17/01/1932;
3163;colin hendry;Colin Hendry;7/12/1965;
3164;john hewie;John Hewie;12/12/1928;
3165;james holton;James Holton;11/04/1951;
3166;tommy hutchinson;Tommy Hutchinson;22/09/1947;
3167;stuart imlach;Stuart Imlach;6/01/1932;
3168;darren jackson;Darren Jackson;25/07/1966;
3169;sandy jardine;Sandy Jardine;31/12/1948;
3170;mo johnston;Mo Johnston;13/04/1963;
3171;willie johnston;Willie Johnston;19/12/1946;
3172;derek johnstone;Derek Johnstone;4/11/1953;
3173;jimmy johnstone;Jimmy Johnstone;30/09/1944;
3174;robert johnstone;Robert Johnstone;7/09/1929;
3175;joe jordan;Joe Jordan;15/12/1951;
3176;stuart kennedy;Stuart Kennedy;31/05/1953;
3177;paul lambert;Paul Lambert;7/08/1969;
3178;denis law;Denis Law;24/02/1940;
3179;graham leggatt;Graham Leggatt;20/06/1934;
3180;jim leighton;Jim Leighton;24/07/1958;
3181;craig levein;Craig Levein;22/10/1964;
3182;peter lorimer;Peter Lorimer;14/12/1946;
3183;lou macari;Lou Macari;7/06/1949;
3184;dave mackay;Dave Mackay;14/11/1934;
3185;john mackenzie;John Mackenzie;4/09/1925;
3186;maurice malpas;Maurice Malpas;3/08/1962;
3187;fred martin;Fred Martin;13/05/1929;
3188;don masson;Don Masson;26/08/1946;
3189;davie mathers;Davie Mathers;23/10/1931;
3190;gary mcallister;Gary Mcallister;25/12/1964;
3191;frank mcavennie;Frank Mcavennie;22/11/1959;
3192;stuart mccall;Stuart Mccall;10/06/1964;
3193;alistair mccoist;Alistair Mccoist;24/09/1962;
3194;ian mccoll;Ian Mccoll;7/06/1927;
3195;danny mcgrain;Danny Mcgrain;1/05/1950;
3196;alan mcinally;Alan Mcinally;10/02/1963;
3197;stewart mckimmie;Stewart Mckimmie;27/10/1962;
3198;billy mckinlay;Billy Mckinlay;22/04/1969;
3199;tosh mckinlay;Tosh Mckinlay;3/12/1964;
3200;alex mcleish;Alex Mcleish;21/01/1959;
3201;murdo mcleod;Murdo Mcleod;24/09/1958;
3202;ian mcmillan;Ian Mcmillan;18/03/1931;
3203;jackie mcnamara;Jackie Mcnamara;24/10/1973;
3204;david mcpherson;David Mcpherson;28/01/1964;
3205;gordon mcqueen;Gordon Mcqueen;26/06/1952;
3206;paul mcstay;Paul Mcstay;22/10/1964;
3207;willie miller;Willie Miller;2/05/1955;
3208;neil mochan;Neil Mochan;6/04/1927;
3209;willie morgan;Willie Morgan;2/10/1944;
3210;jackie mudie;Jackie Mudie;10/04/1930;
3211;jimmy murray;Jimmy Murray;4/02/1933;
3212;david narey;David Narey;12/06/1956;
3213;charlie nicholas;Charlie Nicholas;30/12/1961;
3214;stephen nicol;Stephen Nicol;11/12/1961;
3215;willie ormond;Willie Ormond;23/02/1927;
3216;alex parker;Alex Parker;2/08/1935;
3217;david provan;David Provan;8/05/1956;
3218;bruce rioch;Bruce Rioch;6/09/1947;
3219;archie robertson;Archie Robertson;15/09/1929;
3220;john robertson;John Robertson;20/01/1953;
3221;alan rough;Alan Rough;25/11/1951;
3222;erich schaedler;Erich Schaedler;6/08/1949;
3223;alex scott;Alex Scott;22/11/1937;
3224;graeme sharp;Graeme Sharp;16/10/1960;
3225;graeme souness;Graeme Souness;6/05/1953;
3226;jim stewart;Jim Stewart;9/03/1954;
3227;gordon strachan;Gordon Strachan;9/02/1957;
3228;paul sturrock;Paul Sturrock;10/10/1956;
3229;neil sullivan;Neil Sullivan;24/02/1970;
3230;allan thomson;Allan Thomson;5/10/1946;
3231;eddie turnbull;Eddie Turnbull;12/04/1923;
3232;john wark;John Wark;4/08/1957;
3233;david weir;David Weir;10/05/1970;
3234;derek whyte;Derek Whyte;31/08/1968;
3235;alex wilson;Alex Wilson;29/10/1933;
3236;george wood;George Wood;26/09/1952;
3237;tommy younger;Tommy Younger;10/04/1930;
3238;marek cech;Marek Cech;26/01/1983;1.81
3239;jan durica;Jan Durica;10/12/1981;1.87
3240;marek hamsik;Marek Hamsik;27/07/1987;1.84
3241;filip holosko;Filip Holosko;17/01/1984;1.86
3242;martin jakubko;Martin Jakubko;26/02/1980;1.93
3243;erik jendrisek;Erik Jendrisek;26/10/1986;1.76
3244;kamil kopunek;Kamil Kopunek;18/05/1984;1.80
3245;jan kozak;Jan Kozak;22/04/1980;1.92
3246;dusan kuciak;Dusan Kuciak;21/05/1985;1.95
3247;juraj kucka;Juraj Kucka;26/02/1987;1.86
3248;jan mucha;Jan Mucha;5/12/1982;1.89
3249;peter pekarik;Peter Pekarik;30/10/1986;1.76
3250;dusan pernis;Dusan Pernis;28/11/1984;1.90
3251;martin petras;Martin Petras;2/11/1979;1.87
3252;kornel salata;Kornel Salata;24/01/1985;1.90
3253;marek sapara;Marek Sapara;31/07/1982;1.76
3254;stanislav sestak;Stanislav Sestak;16/12/1982;1.78
3255;martin skrtel;Martin Skrtel;15/12/1984;1.88
3256;miroslav stoch;Miroslav Stoch;19/10/1989;1.68
3257;zdenko strba;Zdenko Strba;9/06/1976;1.87
3258;robert vittek;Robert Vittek;1/04/1982;1.88
3259;vladimir weiss;Vladimir Weiss;30/11/1989;1.76
3260;radoslav zabavnik;Radoslav Zabavnik;16/09/1980;1.80
3261;milenko acimovic;Milenko Acimovic;15/02/1977;1.86
3262;valter birsa;Valter Birsa;7/08/1986;1.80
3263;miso brecko;Miso Brecko;1/05/1984;1.72
3264;spasoje bulajic;Spasoje Bulajic;24/11/1975;1.88
3265;ales ceh;Ales Ceh;7/04/1968;1.74
3266;nastja ceh;Nastja Ceh;26/01/1978;1.81
3267;bostjan cesar;Bostjan Cesar;9/07/1982;1.90
3268;sebastijan cimirotic;Sebastijan Cimirotic;14/09/1974;1.84
3269;mladen dabanovic;Mladen Dabanovic;13/09/1971;1.96
3270;zlatko dedic;Zlatko Dedic;5/10/1984;1.72
3271;elvedin dzinic;Elvedin Dzinic;25/08/1985;1.89
3272;suad filekovic;Suad Filekovic;16/09/1978;1.90
3273;sasa gajser;Sasa Gajser;11/02/1974;1.79
3274;marinko galic;Marinko Galic;22/04/1970;1.75
3275;jasmin handanovic;Jasmin Handanovic;28/01/1978;1.97
3276;samir handanovic;Samir Handanovic;14/07/1984;1.93
3277;branko ilic;Branko Ilic;6/02/1983;1.86
3278;bojan jokic;Bojan Jokic;17/05/1986;1.71
3279;amir karic;Amir Karic;31/12/1973;1.84
3280;andraz kirm;Andraz Kirm;6/09/1984;1.85
3281;aleksander knavs;Aleksander Knavs;5/12/1975;1.90
3282;andrej komac;Andrej Komac;4/12/1979;1.70
3283;robert koren;Robert Koren;20/09/1980;1.73
3284;rene krhin;Rene Krhin;21/05/1990;1.84
3285;zlatan ljubijankic;Zlatan Ljubijankic;15/12/1983;1.85
3286;tim matavz;Tim Matavz;13/01/1989;1.90
3287;matej mavric;Matej Mavric;29/01/1979;1.86
3288;zeljko milinovic;Zeljko Milinovic;12/10/1969;1.88
3289;dejan nemec;Dejan Nemec;1/03/1977;1.84
3290;doni novak;Doni Novak;4/09/1969;1.72
3291;milivoje novakovic;Milivoje Novakovic;18/05/1979;1.91
3292;milan osterc;Milan Osterc;4/07/1975;1.84
3293;miran pavlin;Miran Pavlin;8/10/1971;1.87
3294;zoran pavlovic;Zoran Pavlovic;27/06/1976;1.90
3295;nejc pecnik;Nejc Pecnik;3/01/1986;1.87
3296;aleksandar radosavljevic;Aleksandar Radosavljevic;25/04/1979;1.81
3297;mladen rudonja;Mladen Rudonja;26/07/1971;1.75
3298;goran sankovic;Goran Sankovic;18/06/1979;1.85
3299;aleksander seliga;Aleksander Seliga;1/02/1980;1.87
3300;marko simeunovic;Marko Simeunovic;6/12/1967;1.90
3301;dalibor stevanovic;Dalibor Stevanovic;27/09/1984;1.83
3302;marko suler;Marko Suler;9/03/1983;1.87
3303;rajko tavcar;Rajko Tavcar;21/07/1974;1.80
3304;senad tiganj;Senad Tiganj;28/08/1975;1.79
3305;muamer vugdalic;Muamer Vugdalic;25/08/1977;1.90
3306;zlatko zahovic;Zlatko Zahovic;1/02/1971;1.80
3307;abelardo;Abelardo;19/04/1970;1.80
3308;juan carlos ablanedo;Juan Carlos Ablanedo;2/09/1963;
3309;juan acuna;Juan Acuña;14/02/1923;
3310;adelardo;Adelardo;26/11/1939;
3311;aguilera;Aguilera;22/05/1969;
3312;jordi alba;Jordi Alba Ramos;21/03/1989;1.70
3313;david albelda;David Albelda;1/09/1977;1.81
3314;raul albiol;Raul Albiol;4/09/1985;1.87
3315;jose alexanko;Jose Alexanko;19/09/1956;
3316;alfonso;Alfonso;26/09/1972;
3317;rafael alkorta;Rafael Alkorta;16/09/1968;
3318;miguel alonso;Miguel Alonso;1/02/1953;
3319;xabi alonso;Xabier Alonso Olano;25/11/1981;1.83
3320;amancio;Amancio;16/10/1940;
3321;guillermo amor;Guillermo Amor;4/12/1967;
3322;andrinua;Andrinua;9/05/1964;
3323;antunez;Antunez;1/11/1922;
3324;aranzabal;Aranzabal;15/03/1973;
3325;araquistain;Araquistain;4/03/1937;
3326;alvaro arbeloa;Alvaro Arbeloa;17/01/1983;1.84
3327;luis arconada;Luis Arconada;26/06/1954;
3328;kepa arrizabalaga;Kepa Arrizabalaga Revuelta;3/10/1994;1.89
3329;juan manuel asensi;Juan Manuel Asensi;23/09/1949;
3330;vicente asensi;Vicente Asensi;28/01/1919;
3331;marco asensio;Marco Asensio Willemsen;21/01/1996;1.75
3332;iago aspas;Iago Aspas Juncal;1/08/1987;1.76
3333;cesar azpilicueta;César Azpilicueta Tanco;28/08/1989;1.78
3334;jose maria bakero;Jose Maria Bakero;11/02/1963;
3335;alejandro balde;Alejandro Balde;18/10/2003;1.75
3336;ruben baraja;Ruben Baraja;11/07/1975;1.80
3337;estanislao basora;Estanislao Basora;18/11/1926;
3338;txiki beguiristain;Txiki Beguiristain;12/08/1964;
3339;antonio betancourt;Antonio Betancourt;13/03/1937;
3340;antonio biosca;Antonio Biosca;8/12/1948;
3341;sergio busquets;Sergio Busquets Burgos;16/07/1988;1.89
3342;emilio butragueno;Emilio Butragueño Santos;22/07/1963;
3343;ramon maria caldere;Ramon Maria Caldere;16/01/1959;
3344;jose antonio camacho;Jose Antonio Camacho;8/06/1955;
3345;jose camarasa;Jose Camarasa;27/09/1967;
3346;jose luis caminero;Jose Luis Caminero;8/11/1967;
3347;campanal i;Campanal I;9/12/1912;
3348;santiago canizares;Santiago Canizares;18/12/1969;1.81
3349;joan capdevila;Joan Capdevila;3/02/1978;1.82
3350;julio cardenosa;Julio Cardenosa;27/10/1949;
3351;carmelo;Carmelo;6/12/1930;
3352;francisco carrasco;Francisco Carrasco;6/03/1959;
3353;dani carvajal;Daniel Carvajal Ramos;11/01/1992;1.73
3354;iker casillas;Iker Casillas;20/05/1981;1.84
3355;santiago cazorla;Santiago Cazorla;13/12/1984;1.63
3356;albert celades;Albert Celades;29/09/1975;
3357;cesar 2;Cesar;29/06/1920;
3358;chacho;Chacho;14/04/1911;
3359;chendo;Chendo;12/10/1961;
3360;cilaurren;Cilaurren;5/11/1912;
3361;ciriaco;Ciriaco;8/08/1904;
3362;enrique collar;Enrique Collar;2/11/1934;
3363;pedro contreras;Pedro Contreras;7/01/1972;1.80
3364;diego costa;Diego da Silva Costa;7/10/1988;1.88
3365;crisanto bosch;Crisanto Bosch;26/12/1907;
3366;curro torres;Curro Torres;27/12/1976;1.80
3367;dani;Dani;28/06/1951;
3368;david de gea;David de Gea Quintana;7/11/1990;1.92
3369;antonio de la cruz;Antonio De La Cruz;7/05/1947;
3370;de pedro;De Pedro;4/08/1973;1.80
3371;luis del sol;Luis Del Sol;6/04/1935;
3372;alfredo di stefano;Alfredo Stéfano Di Stéfano Laulhé;4/07/1926;1.78
3373;echeberria;Echeberria;24/03/1940;
3374;ignacio eizaguirre;Ignacio Eizaguirre;7/11/1920;
3375;eladio;Eladio;18/11/1940;
3376;eloy;Eloy;10/07/1964;
3377;joseba etxeberria;Joseba Etxeberria;5/09/1977;1.77
3378;eulogio martinez;Eulogio Martinez;11/03/1935;
3379;cesc fabregas;Cesc Fabregas;4/05/1987;1.75
3380;ansu fati;Ansu Fati;31/10/2002;1.78
3381;fede;Fede;11/05/1908;
3382;fernando;Fernando;11/09/1965;
3383;albert ferrer;Albert Ferrer;6/06/1970;
3384;francisco;Francisco;1/11/1962;
3385;jose maria fuste;Jose Maria Fuste;15/04/1941;
3386;gabriel alonso;Gabriel Alonso;9/11/1923;
3387;gallego;Gallego;4/03/1944;
3388;ricardo gallego;Ricardo Gallego;8/02/1959;
3389;garay;Garay;10/09/1930;
3390;eric garcia;Eric García;9/01/2001;1.82
3391;luis garcia;Luis Garcia;24/06/1978;1.76
3392;gavi;Pablo Martín Páez Gavira;5/08/2004;1.73
3393;francisco gento;Francisco Gento;21/10/1933;
3394;jesus glaria;Jesus Glaria;2/01/1942;
3395;goikoetxea 2;Jon Andoni Goikoetxea Lasa;21/10/1965;
3396;goikoetxea;Andoni Goikoetxea Olaskoaga;23/08/1956;1.85
3397;gonzalvo ii;Gonzalvo Ii;16/01/1920;
3398;gonzalvo iii;Gonzalvo Iii;22/03/1922;
3399;rafael gordillo;Rafael Gordillo;24/02/1957;
3400;gorostiza;Gorostiza;15/02/1909;
3401;alberto gorriz;Alberto Gorriz;16/02/1958;
3402;gracia;Gracia;27/03/1932;
3403;pep guardiola;Pep Guardiola;18/01/1971;1.80
3404;julen guerrero;Julen Guerrero;7/01/1974;
3405;hugo guillamon;Hugo Guillamón;31/01/2000;1.78
3406;antonio guzman;Antonio Guzman;2/12/1953;
3407;ivan helguera;Ivan Helguera;28/03/1975;1.84
3408;fernando hierro;Fernando Hierro;23/03/1968;1.87
3409;hilario;Hilario;8/12/1905;
3410;silvestre igoa;Silvestre Igoa;5/09/1920;
3411;andres iniesta;Andrés Iniesta Luján;11/05/1984;1.70
3412;iraragorri;Iraragorri;16/03/1912;
3413;jose iribar;Jose Iribar;1/03/1943;
3414;isco alarcon;Francisco Román Alarcón Suárez;21/04/1992;1.76
3415;ivan campo;Ivan Campo;21/02/1974;
3416;manuel jimenez;Manolo Jiménez Abalo;26/01/1964;
3417;manuel jimenez 2;Manuel Jiménez Jiménez;27/10/1956;
3418;joaquin;Joaquin;21/07/1981;1.79
3419;joaquin 2;Joaquin;9/06/1956;
3420;juanele;Juanele;10/04/1971;
3421;juanfran garcia;Juanfran García;15/07/1976;1.83
3422;juanfran;Juanfran Torres;9/01/1985;1.80
3423;juanito 2;Juan Gómez González;10/11/1954;
3424;juanito;Juan Gutiérrez Moreno;23/07/1976;1.79
3425;julio alberto;Julio Alberto;7/10/1958;
3426;julio salinas;Julio Salinas;11/09/1962;1.88
3427;jose juncosa;Jose Juncosa;2/02/1922;
3428;kiko;Kiko;26/04/1972;
3429;koke;Jorge Resurrección Merodio;8/01/1992;1.76
3430;lafuente;Lafuente;31/12/1907;
3431;isidro langara;Isidro Langara;15/05/1912;
3432;carlos lapetra;Carlos Lapetra;29/11/1938;
3433;aymeric laporte;Aymeric Laporte;27/05/1994;1.89
3434;eugenio leal;Eugenio Leal;13/05/1953;
3435;simon lecue;Simon Lecue;11/02/1912;
3436;lesmes ii;Lesmes Ii;9/11/1926;
3437;fernando llorente;Fernando Llorente;26/02/1985;1.94
3438;marcos llorente;Marcos Llorente;30/01/1995;1.84
3439;julen lopetegui;Julen Lopetegui;28/08/1966;
3440;antonio lopez;Antonio Lopez;13/09/1981;1.73
3441;lopez ufarte;Lopez Ufarte;19/04/1958;
3442;luis enrique;Luis Enrique;8/05/1970;1.80
3443;luis marin 2;Luis Marin;4/09/1906;
3444;albert luque;Albert Luque;11/03/1978;1.84
3445;antonio maceda;Antonio Maceda;16/05/1957;
3446;manolo;Manolo;17/01/1965;
3447;maranon;Maranon;23/07/1948;
3448;marcelino;Marcelino Pérez Ayllón;13/08/1955;
3449;marcelino 2;Marcelino Martínez Cao;29/04/1940;
3450;carlos marchena;Carlos Marchena;31/07/1979;1.82
3451;marcos senna;Marcos Senna;17/07/1976;1.77
3452;marculeta;Marculeta;24/09/1907;
3453;martin vazquez;Martin Vazquez;25/09/1965;
3454;javier martinez;Javi Martinez;2/09/1988;1.90
3455;juan manuel mata;Juan Mata;28/04/1988;1.74
3456;gaizka mendieta;Gaizka Mendieta;27/03/1974;1.73
3457;michel;Michel;23/03/1963;
3458;miguel angel;Miguel Angel;24/12/1947;
3459;migueli;Migueli;19/12/1951;
3460;felipe minambres;Felipe Minambres;29/04/1965;
3461;jose molina;Jose Molina;8/08/1970;
3462;luis molowny;Luis Molowny;12/05/1925;
3463;nacho monreal;Ignacio Monreal Eraso;26/02/1986;1.79
3464;alvaro morata;Álvaro Borja Morata Martín;23/10/1992;1.90
3465;rodrigo moreno;Rodrigo Moreno Machado;6/03/1991;1.82
3466;fernando morientes;Fernando Morientes;5/04/1976;1.82
3467;jose muguerza;Jose Muguerza;15/09/1911;
3468;nacho fernandez;José Ignacio Fernández Iglesias;18/01/1990;1.79
3469;miguel angel nadal;Miguel Angel Nadal;28/07/1966;1.87
3470;nando;Nando;1/02/1921;
3471;jesus navas;Jesus Navas;21/11/1985;1.72
3472;saul niguez;Saúl Ñíguez Esclápez;21/11/1994;1.84
3473;juan nogues;Juan Nogues;28/03/1909;
3474;jose ochotorena;Jose Ochotorena;16/01/1961;
3475;alvaro odriozola;Álvaro Odriozola Arzallus;14/12/1995;1.78
3476;fernando olivella;Fernando Olivella;22/06/1936;
3477;antonio olmo;Antonio Olmo;18/01/1954;
3478;dani olmo;Dani Olmo;7/05/1998;1.79
3479;jorge otero;Jorge Otero;28/01/1969;
3480;pablo;Pablo;3/08/1981;1.92
3481;pachin;Pachin;28/12/1938;
3482;jose panizo;Jose Panizo;6/02/1922;
3483;miguel pardeza;Miguel Pardeza;8/02/1965;
3484;jose parra;Jose Parra;28/08/1925;
3485;pedri;Pedro González López;25/11/2002;1.74
3486;pedro;Pedro;28/07/1987;1.69
3487;joaquin peiro;Joaquin Peiro;29/01/1936;
3488;mariano pernia;Mariano Pernia;4/05/1977;1.77
3489;yeremi pino;Yeremi Pino;20/10/2002;1.72
3490;gerard pique;Gerard Piqué Bernabéu;2/02/1987;1.94
3491;pirri;Pirri;11/03/1945;
3492;piru gainza;Piru Gainza;28/05/1922;
3493;pizzi;Pizzi;7/06/1968;
3494;antonio puchades;Antonio Puchades;4/06/1925;
3495;ferenc puskas;Ferenc Puskas;2/04/1927;1.70
3496;carles puyol;Carles Puyol;13/04/1978;1.78
3497;quincoces i;Quincoces I;17/07/1905;
3498;quini;Quini;23/09/1949;
3499;quique;Quique;5/02/1965;
3500;quique setien;Quique Setien;27/09/1958;
3501;rafa paz;Rafa Paz;2/08/1965;
3502;antonio ramallets;Antonio Ramallets;4/07/1924;
3503;sergio ramos;Sergio Ramos García;30/03/1986;1.84
3504;raul;Raul;27/06/1977;1.80
3505;david raya;David Raya;15/09/1995;1.83
3506;luis regueiro 2;Luis Regueiro;1/07/1908;
3507;severino reijia;Severino Reijia;25/11/1938;
3508;miguel reina;Miguel Reina;21/01/1946;
3509;pepe reina;José Manuel Reina Páez;31/08/1982;1.87
3510;carles rexach;Carles Rexach;13/01/1947;
3511;jose antonio reyes;Jose Antonio Reyes;1/09/1983;1.75
3512;ricardo;Ricardo;30/12/1971;1.87
3513;hipolito rincon;Hipolito Rincon;28/04/1957;
3514;feliciano rivilla;Feliciano Rivilla;21/08/1936;
3515;roberto;Roberto;5/07/1962;
3516;rodri hernandez;Rodrigo Hernández Cascante;22/06/1996;1.90
3517;rodri;Rodri;8/03/1934;
3518;enrique romero;Enrique Romero;23/06/1971;1.83
3519;rosendo hernandez;Rosendo Hernandez;1/03/1921;
3520;ruben cano;Ruben Cano;5/02/1951;
3521;salvador sadurni;Salvador Sadurni;3/04/1941;
3522;michel salgado;Michel Salgado;22/10/1975;1.73
3523;isidoro san jose;Isidoro San Jose;27/10/1955;
3524;jose sanchez;Jose Sanchez;8/10/1956;
3525;robert sanchez;Robert Sánchez;18/11/1997;1.97
3526;manuel sanchis;Manuel Sanchís Martínez;26/03/1938;
3527;manuel sanchis 2;Manuel Sanchís Hontiyuelo;23/05/1965;
3528;jose santamaria;Jose Santamaria;31/07/1929;
3529;santillana;Santillana;23/08/1952;
3530;pablo sarabia;Pablo Sarabia;11/05/1992;1.79
3531;jesus satrustegui;Jesus Satrustegui;12/01/1954;
3532;enrique saura;Enrique Saura;2/08/1954;
3533;joan segarra;Joan Segarra;15/11/1927;
3534;juan antonio senor;Juan Antonio Senor;26/08/1958;
3535;sergi;Sergi;28/12/1971;1.74
3536;sergio;Sergio;10/11/1976;1.80
3537;alfonso silva;Alfonso Silva;19/03/1926;
3538;david silva;David Josué Jiménez Silva;8/01/1986;1.77
3539;unai simon;Unai Simón;11/06/1997;1.90
3540;sole;Sole;7/05/1905;
3541;carlos soler;Carlos Soler;2/01/1997;1.80
3542;luis suarez 2;Luis Suarez;2/05/1935;
3543;miguel tendillo;Miguel Tendillo;1/02/1961;
3544;thiago alcantara;Thiago Alcántara do Nascimento;11/04/1991;1.72
3545;tomas;Tomas;9/08/1960;
3546;fernando torres;Fernando José Torres Sanz;20/03/1984;1.86
3547;ferran torres;Ferran Torres;29/02/2000;1.84
3548;pau torres;Pau Torres;16/01/1997;1.91
3549;diego tristan;Diego Tristan;5/01/1976;1.86
3550;jose ufarte;Jose Ufarte;17/05/1941;
3551;pedro uralde;Pedro Uralde;2/03/1958;
3552;francisco uria;Francisco Uria;1/02/1950;
3553;santiago urquiaga;Santiago Urquiaga;14/04/1958;
3554;francisco urruticoechea;Francisco Urruticoechea;17/02/1952;
3555;victor valdes;Victor Valdes;14/01/1982;1.83
3556;juan carlos valeron;Juan Carlos Valeron;17/06/1975;1.80
3557;lucas vazquez;Lucas Vázquez Iglesias;1/07/1991;1.73
3558;martin ventorla;Martin Ventorla;16/12/1906;
3559;martin verges;Martin Verges;8/03/1934;
3560;victor;Victor;15/03/1957;
3561;david villa;David Villa;3/12/1981;1.75
3562;francisco villaroya;Francisco Villaroya;6/08/1966;
3563;voro;Voro;9/10/1963;
3564;nico williams;Nico Williams;12/07/2002;1.81
3565;xavi;Xavier Hernández Creus;25/01/1980;1.70
3566;zabalo;Zabalo;10/06/1910;
3567;jesus zamora;Jesus Zamora;1/01/1955;
3568;ricardo zamora;Ricardo Zamora;21/01/1901;
3569;zarra;Zarra;20/01/1921;
3570;zoco;Zoco;31/07/1939;
3571;andoni zubizarreta;Andoni Zubizarreta;23/10/1961;
3572;brenden aaronson;Brenden Aaronson;22/10/2000;1.77
3573;kellyn acosta;Kellyn Acosta;24/07/1995;1.77
3574;tyler adams;Tyler Adams;14/02/1999;1.75
3575;jeff agoos;Jeff Agoos;2/05/1968;1.83
3576;chris albright;Chris Albright;14/01/1979;1.85
3577;jozy altidore;Jozy Altidore;6/11/1989;1.85
3578;tom amrhein;Tom Amrhein;1/01/1911;
3579;bob annis;Bob Annis;5/09/1928;
3580;desmond armstrong;Desmond Armstrong;2/11/1964;
3581;andrew auld;Andrew Auld;26/01/1900;
3582;walter bahr;Walter Bahr;1/04/1927;
3583;marcelo balboa;Marcelo Balboa;8/08/1967;
3584;jimmy banks;Jimmy Banks;2/09/1964;
3585;damarcus beasley;DaMarcus Beasley;24/05/1982;1.70
3586;kyle beckerman;Kyle Beckerman;23/04/1982;1.82
3587;alejandro bedoya;Alejandro Bedoya;29/04/1987;1.78
3588;gregg berhalter;Gregg Berhalter;1/08/1973;1.86
3589;matt besler;Matt Besler;11/02/1987;1.83
3590;brian bliss;Brian Bliss;28/09/1965;
3591;carlos bocanegra;Carlos Bocanegra;25/05/1979;1.84
3592;mike bookie;Mike Bookie;12/09/1904;
3593;frank borghi;Frank Borghi;9/04/1925;
3594;jonathan bornstein;Jonathan Bornstein;7/11/1984;1.75
3595;michael bradley;Michael Bradley;31/07/1987;1.85
3596;john brooks;John Anthony Brooks;28/01/1993;1.93
3597;jim brown;Jim Brown;31/12/1908;
3598;edson buddle;Edson Buddle;21/05/1981;1.85
3599;mike burns;Mike Burns;14/09/1970;
3600;paul caligiuri;Paul Caligiuri;9/03/1964;
3601;geoff cameron;Geoff Cameron;11/07/1985;1.91
3602;cameron carter vickers;Cameron Carter-Vickers;31/12/1997;1.85
3603;timothy chandler;Timothy Chandler;29/03/1990;1.86
3604;steve cherundolo;Steve Cherundolo;19/02/1979;1.68
3605;brian ching;Brian Ching;24/05/1978;1.82
3606;ricardo clark;Ricardo Clark;10/02/1983;1.78
3607;fernando clavijo;Fernando Clavijo;23/01/1956;
3608;charlie colombo;Charlie Colombo;20/07/1920;
3609;jimmy conrad;Jimmy Conrad;12/02/1977;1.88
3610;bobby convey;Bobby Convey;27/05/1983;1.73
3611;geoff coombes;Geoff Coombes;23/04/1919;
3612;neil covone;Neil Covone;31/08/1969;
3613;bob craddock;Bob Craddock;5/09/1923;
3614;ed czerkiewicz;Ed Czerkiewicz;8/07/1912;
3615;brad davis;Brad Davis;8/11/1981;1.80
3616;luca de la torre;Luca de la Torre;23/05/1998;1.78
3617;chad deering;Chad Deering;2/09/1970;
3618;jay demerit;Jay Demerit;4/12/1979;1.80
3619;clint dempsey;Clint Dempsey;9/03/1983;1.85
3620;sergino dest;Sergiño Dest;3/11/2000;1.73
3621;nick di orio;Nick Di Orio;4/02/1921;
3622;walter dick;Walter Dick;20/09/1905;
3623;mix diskerud;Mix Diskerud;2/10/1990;1.84
3624;aldo donelli;Aldo Donelli;22/07/1907;
3625;landon donovan;Landon Donovan;4/03/1982;1.73
3626;thomas dooley;Thomas Dooley;12/05/1961;
3627;jimmy douglas;Jimmy Douglas;12/01/1898;
3628;john doyle;John Doyle;16/03/1966;
3629;maurice edu;Maurice Edu;18/04/1986;1.83
3630;eric eichmann;Eric Eichmann;7/05/1965;
3631;benny feilhaber;Benny Feilhaber;19/01/1985;1.75
3632;jesus ferreira;Jesus Ferreira;24/12/2000;1.75
3633;bill fiedler;Bill Fiedler;10/01/1910;
3634;robbie findley;Robbie Findley;4/08/1985;1.75
3635;tom florie;Tom Florie;6/09/1897;
3636;brad friedel;Brad Friedel;18/05/1971;1.93
3637;joe gaetjens;Joe Gaetjens;19/03/1924;
3638;jimmy gallagher;Jimmy Gallagher;7/06/1901;
3639;gino gardassanich;Gino Gardassanich;26/11/1922;
3640;jim gentle;Jim Gentle;21/07/1904;
3641;herculez gomez;Herculez Gomez;6/04/1982;1.78
3642;billy gonsalves;Billy Gonsalves;10/08/1908;
3643;omar gonzalez;Omar González;11/10/1988;1.96
3644;clarence goodson;Clarence Goodson;17/05/1982;1.93
3645;julian green;Julian Green;6/06/1995;1.72
3646;brad guzan;Brad Guzan;9/09/1984;1.93
3647;marcus hahnemann;Marcus Hahnemann;15/06/1972;1.92
3648;al harker;Al Harker;11/04/1910;
3649;john harkes;John Harkes;8/03/1967;
3650;frankie hejduk;Frankie Hejduk;5/08/1974;1.74
3651;chris henderson;Chris Henderson;11/12/1970;
3652;julius hjulian;Julius Hjulian;15/03/1903;
3653;stuart holden;Stuart Holden;1/08/1985;1.78
3654;ethan horvath;Ethan Horvath;9/06/1995;1.93
3655;tim howard;Tim Howard;6/03/1979;1.87
3656;aron johannsson;Aron Jóhannsson;10/11/1990;1.84
3657;eddie johnson;Eddie Johnson;31/03/1984;1.87
3658;fabian johnson;Fabian Johnson;11/12/1987;1.83
3659;sean johnson;Sean Johnson;31/05/1989;1.90
3660;cobi jones;Cobi Jones;16/06/1970;1.70
3661;jermaine jones;Jermaine Jones;16/07/1981;1.83
3662;kasey keller;Kasey Keller;29/11/1969;1.88
3663;harry keough;Harry Keough;15/11/1927;
3664;frank klopas;Frank Klopas;1/09/1966;
3665;cle kooiman;Cle Kooiman;3/07/1963;
3666;paul krumpe;Paul Krumpe;4/03/1963;
3667;alexi lalas;Alexi Lalas;1/06/1970;
3668;michael lapper;Michael Lapper;28/08/1970;
3669;bill lehmann;Bill Lehmann;20/12/1901;
3670;eddie lewis;Eddie Lewis;17/05/1974;1.78
3671;carlos llamosa;Carlos Llamosa;30/06/1969;1.80
3672;aaron long;Aaron Long;12/10/1992;1.88
3673;tom lynch;Tom Lynch;;
3674;joe maca;Joe Maca;28/09/1920;
3675;brian maisonneuve;Brian Maisonneuve;28/06/1973;
3676;joe martinelli;Joe Martinelli;1/01/1916;
3677;pablo mastroeni;Pablo Mastroeni;29/08/1976;1.78
3678;clint mathis;Clint Mathis;25/11/1976;1.78
3679;brian mcbride;Brian Mcbride;19/06/1972;1.85
3680;bart mcghee;Bart Mcghee;30/04/1899;
3681;ed mcilvenny;Ed Mcilvenny;21/10/1924;
3682;weston mckennie;Weston McKennie;28/08/1998;1.85
3683;bill mclean;Bill Mclean;27/01/1904;
3684;tony meola;Tony Meola;21/02/1969;1.85
3685;joe max moore;Joe Max Moore;23/02/1971;1.75
3686;shaquell moore;Shaquell Moore;2/11/1996;1.80
3687;george moorhouse;George Moorhouse;4/05/1901;
3688;jordan morris;Jordan Morris;26/10/1994;1.83
3689;bruce murray;Bruce Murray;25/01/1966;
3690;yunus musah;Yunus Musah;29/11/2002;1.77
3691;werner nilsen;Werner Nilsen;24/02/1904;
3692;john obrien;John O'Brien;29/08/1977;1.78
3693;arnie oliver;Arnie Oliver;22/05/1907;
3694;ben olsen;Ben Olsen;3/05/1977;1.73
3695;oguchi onyewu;Oguchi Onyewu;13/05/1982;1.92
3696;gino pariani;Gino Pariani;21/02/1928;
3697;bert patenaude;Bert Patenaude;4/11/1909;
3698;hugo perez;Hugo Perez;8/11/1963;
3699;peter pietras;Peter Pietras;21/04/1908;
3700;eddie pope;Eddie Pope;24/12/1973;1.83
3701;christian pulisic;Christian Mate Pulisic;18/09/1998;1.78
3702;preki radosavljevic;Preki Radosavljevic;24/06/1963;1.75
3703;tab ramos;Tab Ramos;21/09/1966;
3704;herman rapp;Herman Rapp;1/01/1907;
3705;tim ream;Tim Ream;5/10/1987;1.85
3706;david regis;David Regis;2/12/1968;1.80
3707;claudio reyna;Claudio Reyna;20/07/1973;1.78
3708;giovanni reyna;Giovanni Alejandro Reyna;13/11/2002;1.85
3709;nick rimando;Nick Rimando;17/06/1979;1.78
3710;antonee robinson;Antonee Robinson;8/08/1997;1.82
3711;cristian roldan;Cristian Roldan;3/06/1995;1.72
3712;francis ryan;Francis Ryan;10/01/1908;
3713;tony sanneh;Tony Sanneh;1/06/1971;1.88
3714;josh sargent;Josh Sargent;20/02/2000;1.85
3715;joe scally;Joe Scally;31/12/2002;1.84
3716;phil slone;Phil Slone;20/01/1907;
3717;juergen sommer;Juergen Sommer;27/02/1969;
3718;michael sorber;Michael Sorber;14/05/1971;
3719;ed souza;Ed Souza;22/09/1921;
3720;john souza;John Souza;12/07/1920;
3721;jonathan spector;Jonathan Spector;1/03/1986;1.83
3722;earnie stewart;Earnie Stewart;28/03/1969;1.75
3723;john stollmeyer;John Stollmeyer;25/10/1962;
3724;christopher sullivan;Christopher Sullivan;18/04/1965;
3725;francisco torres;Francisco Torres;29/10/1987;1.68
3726;ralph tracey;Ralph Tracey;23/12/1904;
3727;steve trittschuh;Steve Trittschuh;24/04/1965;
3728;matt turner;Matt Turner;24/06/1994;1.90
3729;david vanole;David Vanole;6/02/1963;
3730;frank vaughn;Frank Vaughn;18/02/1902;
3731;peter vermes;Peter Vermes;21/11/1966;
3732;frank wallace;Frank Wallace;15/07/1922;
3733;tim weah;Tim Weah;22/02/2000;1.82
3734;roy wegerle;Roy Wegerle;19/03/1964;
3735;michael windischmann;Michael Windischmann;6/12/1965;
3736;adam wolanin;Adam Wolanin;13/11/1919;
3737;josh wolff;Josh Wolff;25/02/1977;1.75
3738;chris wondolowski;Chris Wondolowski;28/07/1983;1.85
3739;alexander wood;Alexander Wood;12/06/1907;
3740;haji wright;Haji Wright;27/03/1998;1.91
3741;eric wynalda;Eric Wynalda;9/06/1969;
3742;deandre yedlin;DeAndre Yedlin;9/07/1993;1.71
3743;walker zimmerman;Walker Zimmerman;19/05/1993;1.90
3744;graham zusi;Graham Zusi;18/08/1986;1.78
3745;claude abbes;Claude Abbes;24/05/1927;
3746;eric abidal;Eric Abidal;11/09/1979;1.80
3747;joseph alcazar;Joseph Alcazar;15/06/1911;
3748;manuel amoros;Manuel Amoros;1/02/1962;
3749;nouma andoire;Nouma Andoire;19/03/1908;
3750;nicolas anelka;Nicolas Anelka;14/03/1979;1.85
3751;alphonse areola;Alphonse Areola;27/02/1993;1.95
3752;marcel artelesa;Marcel Artelesa;2/07/1938;
3753;alfred aston;Alfred Aston;16/05/1912;
3754;marcel aubour;Marcel Aubour;17/06/1940;
3755;william ayache;William Ayache;10/01/1961;
3756;edmond baraffe;Edmond Baraffe;19/10/1942;
3757;dominique baratelli;Dominique Baratelli;26/12/1947;
3758;fabien barthez;Fabien Barthez;28/06/1971;1.82
3759;jean bastien;Jean Bastien;21/06/1915;
3760;dominique bathenay;Dominique Bathenay;13/02/1954;
3761;joel bats;Joel Bats;4/01/1957;
3762;patrick battiston;Patrick Battiston;12/03/1957;
3763;georges beaucourt;Georges Beaucourt;15/04/1912;
3764;bruno bellone;Bruno Bellone;14/03/1962;
3765;raymond bellot;Raymond Bellot;6/09/1929;
3766;abdel kader ben bouali;Abdel Kader Ben Bouali;25/10/1912;
3767;abdelaziz ben tifour;Abdelaziz Ben-Tifour;25/07/1927;
3768;karim benzema;Karim Mostafa Benzema;19/12/1987;1.85
3769;marc berdoll;Marc Berdoll;6/04/1953;
3770;philippe bergeroo;Philippe Bergeroo;13/01/1954;
3771;jean paul bertrand demanes;Jean-Paul Bertrand-Demanes;13/05/1952;
3772;michel bibard;Michel Bibard;30/11/1958;
3773;guillaume bieganski;Guillaume Bieganski;3/11/1932;
3774;laurent blanc;Laurent Blanc;19/11/1965;1.90
3775;alain boghossian;Alain Boghossian;27/10/1970;1.85
3776;joseph bonnel;Joseph Bonnel;4/01/1939;
3777;bernard bosquier;Bernard Bosquier;19/06/1942;
3778;maxime bossis;Maxime Bossis;26/06/1955;
3779;jean alain boumsong;Jean-Alain Boumsong;14/12/1979;1.90
3780;francois bourbotte;Francois Bourbotte;24/02/1913;
3781;francois bracci;Francois Bracci;3/11/1951;
3782;stephan bruey;Stephan Bruey;1/12/1932;
3783;michel brusseaux;Michel Brusseaux;19/03/1913;
3784;robert budzynski;Robert Budzynski;21/05/1940;
3785;yohan cabaye;Yohan Cabaye;14/01/1986;1.75
3786;remy cabella;Rémy Cabella;8/03/1990;1.72
3787;eduardo camavinga;Eduardo Camavinga;10/11/2002;1.82
3788;vincent candela;Vincent Candela;24/10/1973;1.80
3789;marcel capelle;Marcel Capelle;11/12/1904;
3790;georges carnus;Georges Carnus;13/08/1942;
3791;cedric carrasso;Cedric Carrasso;30/12/1981;1.87
3792;jean castaneda;Jean Castaneda;20/03/1957;
3793;hector cazenave;Hector Cazenave;1/01/1914;
3794;augustin chantrel;Augustin Chantrel;11/11/1906;
3795;lionel charbonnier;Lionel Charbonnier;25/10/1966;1.81
3796;bernard chiarelli;Bernard Chiarelli;24/02/1934;
3797;pascal chimbonda;Pascal Chimbonda;21/02/1979;1.82
3798;andre chorda;Andre Chorda;20/02/1938;
3799;philippe christanval;Philippe Christanval;31/08/1978;1.85
3800;djibril cisse;Djibril Cisse;12/08/1981;1.82
3801;gael clichy;Gael Clichy;26/07/1985;1.81
3802;dominique colonna;Dominique Colonna;4/09/1928;
3803;kingsley coman;Kingsley Coman;13/06/1996;1.80
3804;nestor combin;Nestor Combin;29/12/1940;
3805;didier couecou;Didier Couecou;25/07/1944;
3806;gregory coupet;Gregory Coupet;31/12/1972;1.81
3807;alain couriol;Alain Couriol;24/10/1958;
3808;roger courtois;Roger Courtois;30/05/1912;
3809;antoine cuissard;Antoine Cuissard;19/07/1924;
3810;christian dalger;Christian Dalger;19/12/1949;
3811;julien darui;Julien Darui;16/02/1916;
3812;hector de bourgoing;Hector De Bourgoing;23/07/1934;
3813;gabriel de michele;Gabriel De Michele;6/03/1941;
3814;mathieu debuchy;Mathieu Debuchy;28/07/1985;1.76
3815;robert defosse;Robert Defosse;16/06/1909;
3816;edmond delfour;Edmond Delfour;1/11/1907;
3817;celestin delmer;Celestin Delmer;15/02/1907;
3818;ousmane dembele;Masour Ousmane Dembélé;15/05/1997;1.79
3819;rene dereuddre;Rene Dereuddre;22/06/1930;
3820;marcel desailly;Marcel Desailly;7/09/1968;1.84
3821;didier deschamps;Didier Deschamps;15/10/1968;1.74
3822;vikash dhorasoo;Vikash Dhorasoo;10/10/1973;1.68
3823;laurent di lorto;Laurent Di Lorto;1/01/1909;
3824;abou diaby;Abou Diaby;11/05/1986;1.88
3825;raoul diagne;Raoul Diagne;10/11/1910;
3826;alou diarra;Alou Diarra;15/07/1981;1.90
3827;lucas digne;Lucas Digne;20/07/1993;1.78
3828;bernard diomede;Bernard Diomede;23/01/1974;1.70
3829;axel disasi;Axel Disasi;11/03/1998;1.90
3830;jean djorkaeff;Jean Djorkaeff;27/10/1939;
3831;youri djorkaeff;Youri Djorkaeff;9/03/1968;1.79
3832;yvon douis;Yvon Douis;16/05/1935;
3833;dominique dropsy;Dominique Dropsy;9/12/1951;
3834;christophe dugarry;Christophe Dugarry;24/03/1972;1.88
3835;jean luc ettori;Jean-Luc Ettori;29/07/1955;
3836;patrice evra;Patrice Evra;15/05/1981;1.71
3837;nabil fekir;Nabil Fekir;18/07/1993;1.73
3838;luis fernandez;Luis Fernandez;2/10/1959;
3839;jean marc ferreri;Jean-Marc Ferreri;26/12/1962;
3840;youssouf fofana;Youssouf Fofana;10/01/1999;1.78
3841;just fontaine;Just Fontaine;18/08/1933;
3842;louis gabrillargues;Louis Gabrillargues;16/06/1914;
3843;william gallas;William Gallas;17/08/1977;1.81
3844;bernard genghini;Bernard Genghini;18/01/1958;
3845;lazare gianessi;Lazare Gianessi;9/11/1925;
3846;andre pierre gignac;Andre Pierre Gignac;5/12/1985;1.87
3847;rene girard;Rene Girard;4/04/1954;
3848;alain giresse;Alain Giresse;2/09/1952;
3849;olivier giroud;Olivier Giroud;30/09/1986;1.93
3850;gael givet;Gael Givet;9/10/1981;1.81
3851;leon glovacki;Leon Glovacki;19/02/1928;
3852;philippe gondet;Philippe Gondet;17/05/1942;
3853;joseph gonzalez;Joseph Gonzalez;19/02/1907;
3854;yoann gourcuff;Yoann Gourcuff;11/07/1986;1.85
3855;sidney govou;Sidney Govou;27/07/1979;1.75
3856;antoine griezmann;Antoine Griezmann;21/03/1991;1.73
3857;jacques grimonpon;Jacques Grimonpon;30/07/1925;
3858;matteo guendouzi;Mattéo Guendouzi;14/04/1999;1.84
3859;jean marc guillou;Jean-Marc Guillou;20/12/1945;
3860;stephane guivarch;Stephane Guivarch;6/09/1970;1.85
3861;gerard hausser;Gerard Hausser;18/03/1939;
3862;oscar heisserer;Oscar Heisserer;18/07/1914;
3863;thierry henry;Thierry Daniel Henry;17/08/1977;1.88
3864;yves herbert;Yves Herbert;17/08/1945;
3865;robert herbin;Robert Herbin;30/03/1939;
3866;lucas hernandez;Lucas François Bernard Hernández;14/02/1996;1.84
3867;theo hernandez;Théo Hernandez;6/10/1997;1.84
3868;kazimir hnatow;Kazimir Hnatow;9/01/1929;
3869;gerard janvion;Gerard Janvion;21/08/1953;
3870;lucien jasseron;Lucien Jasseron;29/12/1913;
3871;robert jonquet;Robert Jonquet;3/05/1925;
3872;gustave jordan;Gustave Jordan;21/02/1909;
3873;raymond kaelbel;Raymond Kaelbel;31/01/1932;
3874;ngolo kante;N'Golo Kanté;29/03/1991;1.68
3875;christian karembeu;Christian Karembeu;3/12/1970;1.78
3876;fritz keller;Fritz Keller;21/08/1913;
3877;presnel kimpembe;Presnel Kimpembe;13/08/1995;1.89
3878;randal kolo muani;Randal Kolo Muani;5/12/1998;1.87
3879;ibrahima konate;Ibrahima Konaté;25/05/1999;1.94
3880;raymond kopa;Raymond Kopa;13/10/1931;
3881;pierre korb;Pierre Korb;20/04/1908;
3882;laurent koscielny;Laurent Koscielny;10/09/1985;1.85
3883;jules kounde;Jules Koundé;12/11/1998;1.78
3884;ignace kowalczyk;Ignace Kowalczyk;27/12/1913;
3885;bernard lacombe;Bernard Lacombe;15/08/1952;
3886;maurice lafont;Maurice Lafont;13/09/1927;
3887;bernard lama;Bernard Lama;7/04/1963;1.85
3888;mickael landreau;Mickael Landreau;14/05/1979;1.84
3889;marcel langiller;Marcel Langiller;2/06/1908;
3890;jean francois larios;Jean-Francois Larios;27/08/1956;
3891;jean laurent;Jean Laurent;30/12/1906;
3892;lucien laurent;Lucien Laurent;10/12/1907;
3893;yvon le roux;Yvon Le Roux;19/04/1960;
3894;michel leblond;Michel Leblond;10/05/1932;
3895;frank leboeuf;Frank Leboeuf;22/01/1968;1.83
3896;thomas lemar;Thomas Lemar;12/11/1995;1.70
3897;andre lerond;Andre Lerond;6/12/1930;
3898;ernest liberati;Ernest Liberati;22/03/1908;
3899;noel lietaer;Noel Lietaer;17/11/1908;
3900;bixente lizarazu;Bixente Lizarazu;9/12/1969;1.69
3901;rene llense;Rene Llense;14/07/1913;
3902;hugo lloris;Hugo Lloris;26/12/1986;1.88
3903;christian lopez;Christian Lopez;15/03/1953;
3904;xerxes louis;Xerxes Louis;31/10/1926;
3905;abderrhamane mahjoub;Abderrhamane Mahjoub;25/04/1929;
3906;philippe mahut;Philippe Mahut;4/03/1956;
3907;jacques mairesse;Jacques Mairesse;27/02/1904;
3908;claude makelele;Claude Makelele;18/02/1973;1.74
3909;florent malouda;Florent Malouda;13/06/1980;1.84
3910;steve mandanda;Steve Mandanda;28/03/1985;1.87
3911;eliaquim mangala;Eliaquim Mangala;13/02/1991;1.87
3912;jean jacques marcel;Jean-Jacques Marcel;13/06/1931;
3913;roger marche;Roger Marche;5/03/1924;
3914;andre maschinot;Andre Maschinot;28/06/1903;
3915;etienne mattler;Etienne Mattler;25/12/1905;
3916;blaise matuidi;Blaise Matuidi;9/04/1987;1.75
3917;rio mavuba;Rio Mavuba;6/03/1984;1.71
3918;kylian mbappe;Kylian Mbappé Lottin;20/12/1998;1.78
3919;benjamin mendy;Benjamin Mendy;17/07/1994;1.85
3920;henri michel;Henri Michel;28/10/1947;
3921;johan micoud;Johan Micoud;24/07/1973;1.88
3922;robert mouynet;Robert Mouynet;25/03/1930;
3923;lucien muller;Lucien Muller;3/09/1934;
3924;jean nicolas;Jean Nicolas;9/06/1913;
3925;steven nzonzi;Steven Nkemboanza Mike Christopher Nzonzi;15/12/1988;1.96
3926;celestin oliver;Celestin Oliver;12/07/1930;
3927;claude papi;Claude Papi;16/04/1949;
3928;jean pierre papin;Jean-Pierre Papin;5/11/1963;
3929;benjamin pavard;Benjamin Pavard;28/03/1996;1.86
3930;armand penverne;Armand Penverne;26/11/1926;
3931;emmanuel petit;Emmanuel Petit;22/09/1970;1.85
3932;jean petit;Jean Petit;25/09/1949;
3933;roger piantoni;Roger Piantoni;26/12/1931;
3934;marcel pinel;Marcel Pinel;8/07/1908;
3935;robert pires;Robert Pires;29/10/1973;1.80
3936;jean claude piumi;Jean Claude Piumi;27/05/1940;
3937;marc planus;Marc Planus;7/03/1982;1.83
3938;michel platini;Michel François Platini;21/06/1955;1.79
3939;paul pogba;Paul Labile Pogba;15/03/1993;1.90
3940;czeslaw povolny;Czeslaw Povolny;;
3941;adrien rabiot;Adrien Rabiot;3/04/1995;1.91
3942;ulrich rame;Ulrich Rame;19/09/1972;1.87
3943;adil rami;Adil Rami;27/12/1985;1.90
3944;francois remetter;Francois Remetter;8/08/1928;
3945;loic remy;Loïc Rémy;2/01/1987;1.84
3946;anthony reveillere;Anthony Reveillere;10/11/1979;1.81
3947;franck ribery;Franck Ribery;7/04/1983;1.75
3948;patrice rio;Patrice Rio;15/08/1948;
3949;roger rio;Roger Rio;13/02/1913;
3950;laurent robuschi;Laurent Robuschi;5/10/1935;
3951;dominique rocheteau;Dominique Rocheteau;14/01/1955;
3952;olivier rouyer;Olivier Rouyer;1/12/1955;
3953;stephane ruffier;Stéphane Ruffier;27/09/1986;1.87
3954;cesar ruminski;Cesar Ruminski;13/06/1924;
3955;albert rust;Albert Rust;10/10/1953;
3956;bakari sagna;Bakari Sagna;14/02/1983;1.75
3957;willy sagnol;Willy Sagnol;18/03/1977;1.80
3958;louis saha;Louis Saha;8/08/1978;1.84
3959;mamadou sakho;Mamadou Sakho;13/02/1990;1.87
3960;william saliba;William Saliba;24/03/2001;1.92
3961;morgan schneiderlin;Morgan Schneiderlin;8/11/1989;1.81
3962;ernest schultz;Ernest Schultz;29/01/1931;
3963;johnny schuth;Johnny Schuth;7/12/1941;
3964;djibril sidibe;Djibril Sidibé;21/07/1992;1.82
3965;mikael silvestre;Mikael Silvestre;9/08/1977;1.83
3966;jacques simon;Jacques Simon;25/03/1941;
3967;moussa sissoko;Moussa Sissoko;18/08/1989;1.87
3968;didier six;Didier Six;21/08/1954;
3969;gerard soler;Gerard Soler;29/05/1954;
3970;sebastien squillaci;Sebastien Squillaci;11/08/1980;1.84
3971;yannick stopyra;Yannick Stopyra;9/01/1961;
3972;andre strappe;Andre Strappe;23/02/1928;
3973;andre tassin;Andre Tassin;23/02/1902;
3974;aurelien tchouameni;Aurélien Tchouaméni;27/01/2000;1.87
3975;florian thauvin;Florian Tristan Mariano Thauvin;26/01/1993;1.79
3976;alex thepot;Alex Thepot;30/07/1906;
3977;lilian thuram;Lilian Thuram;1/01/1972;1.85
3978;marcus thuram;Marcus Thuram;6/08/1997;1.92
3979;jean tigana;Jean Tigana;23/06/1955;
3980;corentin tolisso;Corentin Tolisso;3/08/1994;1.81
3981;jeremy toulalan;Jeremy Toulalan;10/09/1983;1.83
3982;marius tresor;Marius Tresor;15/01/1950;
3983;david trezeguet;David Trezeguet;15/10/1977;1.87
3984;thierry tusseau;Thierry Tusseau;19/01/1958;
3985;samuel umtiti;Samuel Yves Umtiti;14/11/1993;1.82
3986;dayot upamecano;Dayot Upamecano;27/10/1998;1.86
3987;mathieu valbuena;Mathieu Valbuena;28/09/1984;1.67
3988;jules vandooren;Jules Vandooren;30/12/1908;
3989;raphael varane;Raphaël Xavier Varane;25/04/1993;1.91
3990;emile veinante;Emile Veinante;12/06/1907;
3991;philippe vercruysse;Philippe Vercruysse;28/01/1962;
3992;jordan veretout;Jordan Veretout;1/03/1993;1.77
3993;georges verriest;Georges Verriest;15/07/1909;
3994;patrick vieira;Patrick Vieira;23/06/1976;1.93
3995;alex villaplane;Alex Villaplane;12/09/1903;
3996;jean vincent;Jean Vincent;29/11/1930;
3997;sylvain wiltord;Sylvain Wiltord;10/05/1974;1.73
3998;maryan wisnieski;Maryan Wisnieski;1/02/1937;
3999;daniel xuereb;Daniel Xuereb;22/06/1959;
4000;mario zatelli;Mario Zatelli;21/12/1912;
4001;zinedine zidane;Zinedine Zidane;23/06/1972;1.85
4002;ivor allchurch;Ivor Allchurch;16/10/1929;
4003;len allchurch;Len Allchurch;12/09/1933;
4004;joe allen;Joe Allen;14/03/1990;1.70
4005;ethan ampadu;Ethan Ampadu;14/09/2000;1.83
4006;colin baker;Colin Baker;18/12/1934;
4007;tom baker;Tom Baker;6/04/1936;
4008;gareth bale;Gareth Frank Bale;16/07/1989;1.86
4009;dave bowen;Dave Bowen;7/06/1928;
4010;ben cabango;Ben Cabango;30/05/2000;1.86
4011;john charles;John Charles;27/12/1931;
4012;mel charles;Mel Charles;14/05/1935;
4013;rubin colwill;Rubin James Colwill;27/04/2002;1.69
4014;vic crowe;Vic Crowe;31/01/1932;
4015;adam davies;Adam Davies;17/07/1992;1.85
4016;ben davies;Ben Davies;24/04/1993;1.81
4017;trevor edwards;Trevor Edwards;24/01/1937;
4018;john elsworthy;John Elsworthy;26/07/1931;
4019;chris gunter;Chris Gunter;21/07/1989;1.80
4020;mark harris;Mark Harris;29/12/1998;1.82
4021;wayne hennessey;Wayne Heennesey;24/01/1987;1.98
4022;ron hewitt;Ron Hewitt;21/06/1928;
4023;mel hopkins;Mel Hopkins;7/11/1934;
4024;dan james;Dan James;10/11/1997;1.71
4025;brennan johnson;Brennan Price Johnson;23/05/2001;1.79
4026;cliff jones;Cliff Jones;7/02/1935;
4027;ken jones;Ken Jones;2/01/1936;
4028;jack kelsey;Jack Kelsey;19/11/1929;
4029;ken leek;Ken Leek;26/07/1935;
4030;dylan levitt;Dylan Levitt;17/11/2000;1.80
4031;tom lockyer;Tom Lockyer;3/12/1994;1.85
4032;terry medwin;Terry Medwin;25/09/1932;
4033;chris mepham;Chris Mepham;5/11/1997;1.90
4034;kieffer moore;Kieffer Moore;8/08/1992;1.96
4035;joe morrell;Joe Morrell;3/01/1997;1.85
4036;aaron ramsey;Aaron Ramsey;26/12/1990;1.78
4037;connor roberts;Connor Roberts;23/09/1995;1.75
4038;joe rodon;Joe Rodon;22/10/1997;1.93
4039;matt smith;Matt Smith;22/11/1999;1.75
4040;derek sullivan;Derek Sullivan;10/08/1930;
4041;sorba thomas;Sorba Thomas;25/01/1999;1.85
4042;graham vearncombe;Graham Vearncombe;28/03/1934;
4043;roy vernon;Roy Vernon;14/04/1937;
4044;danny ward;Danny Ward;22/06/1993;1.91
4045;colin webster;Colin Webster;17/07/1932;
4046;jonny williams;Jonny Williams;9/10/1993;1.68
4047;neco williams;Neco Shay Williams;13/04/2001;1.83
4048;stuart williams;Stuart Williams;9/07/1930;
4049;harry wilson;Harry Wilson;22/03/1997;1.73
4050;salis abdul samed;Salis Abdul Samed;26/03/2000;1.79
4051;afriyie acquah;Afriyie Acquah;5/01/1992;1.79
4052;stephen adams;Stephen Adams;28/09/1984;1.86
4053;eric addo;Eric Addo;12/11/1978;1.82
4054;otto addo;Otto Addo;9/06/1975;1.88
4055;lee addy;Lee Addy;26/09/1985;1.78
4056;dominic adiyiah;Dominic Adiyiah;29/11/1989;1.70
4057;sammy adjei;Sammy Adjei;1/09/1980;1.86
4058;albert adomah;Albert Adomah;13/12/1987;1.85
4059;harrison afful;Harrison Afful;24/06/1986;1.70
4060;daniel afriyie;Daniel Afriyie Barnieh;26/06/2001;1.70
4061;daniel agyei;Daniel Agyei;10/11/1989;1.86
4062;emmanuel agyemang badu;Emmanuel Agyemang-Badu;2/12/1990;1.73
4063;stephen ahorlu;Stephen Ahorlu;5/09/1988;1.79
4064;joseph aidoo;Joseph Aidoo;29/09/1995;1.84
4065;daniel amartey;Daniel Amartey;21/12/1994;1.86
4066;matthew amoah;Matthew Amoah;24/10/1980;1.75
4067;anthony annan;Anthony Annan;21/07/1986;1.71
4068;stephen appiah;Stephen Appiah;24/12/1980;1.78
4069;kwadwo asamoah;Kwadwo Asamoah;9/12/1988;1.68
4070;lawrence ati zigi;Lawrence Ati-Zigi;29/11/1996;1.88
4071;christian atsu;Christian Atsu;10/01/1992;1.72
4072;andre ayew;Andre Ayew;17/12/1989;1.75
4073;ibrahim ayew;Ibrahim Ayew;16/04/1988;1.76
4074;jordan ayew;Jordan Ayew;11/09/1991;1.82
4075;derek boateng;Derek Boateng;2/05/1983;1.85
4076;kevin prince boateng;Kevin Prince Boateng;6/03/1987;1.82
4077;john boye;John Boye;23/04/1987;1.84
4078;osman bukari;Osman Bukari;13/12/1998;1.70
4079;ibrahim danlad;Ibrahim Danlad;2/12/2002;1.81
4080;fatau dauda;Fatau Dauda;6/04/1985;1.80
4081;alexander djiku;Alexander Djiku;9/08/1994;1.82
4082;haminu draman;Haminu Draman;1/04/1986;1.73
4083;michael essien;Michael Essien;3/12/1982;1.80
4084;asamoah gyan;Asamoah Gyan;22/11/1985;1.86
4085;samuel inkoom;Samuel Inkoom;1/06/1989;1.79
4086;ahmed issah;Ahmed Issah;24/05/1982;1.85
4087;abdul fatawu issahaku;Abdul Fatawu Issahaku;8/03/2004;1.77
4088;richard kingson;Richard Kingson;13/06/1978;1.82
4089;mohammed kudus;Mohammed Kudus;2/08/2000;1.75
4090;samuel kuffour;Samuel Kuffour;3/09/1976;1.78
4091;adam kwarasey;Adam Kwarasey;12/12/1987;1.90
4092;daniel kofi kyereh;Daniel-Kofi Kyereh;8/03/1996;1.79
4093;tariq lamptey;Tariq Lamptey;30/09/2000;1.70
4094;gideon mensah;Gideon Mensah;18/07/1998;1.78
4095;john mensah;John Mensah;29/11/1982;1.77
4096;jonathan mensah;Jonathan Mensah;13/07/1990;1.82
4097;habib mohamed;Habib Mohamed;10/12/1983;1.78
4098;sulley muntari;Sulley Ali Muntari;27/08/1984;1.80
4099;manaf nurudeen;Manaf Nurudeen;8/02/1999;1.90
4100;denis odoi;Denis Odoi;27/05/1988;1.78
4101;daniel opare;Daniel Opare;18/10/1990;1.73
4102;george owu;George Owu;7/07/1982;1.79
4103;elisha owusu;Elisha Owusu;7/11/1997;1.82
4104;quincy owusu abeyie;Quincy Owusu-Abeyie;15/04/1986;1.80
4105;john pantsil;John Pantsil;15/06/1981;1.78
4106;emmanuel pappoe;Emmanuel Pappoe;3/03/1981;1.77
4107;thomas partey;Thomas Partey;13/06/1993;1.85
4108;razak pimpong;Razak Pimpong;30/12/1982;1.73
4109;daniel quaye;Daniel Quaye;25/12/1980;1.78
4110;mohammed rabiu;Mohammed Rabiu;31/12/1989;1.88
4111;abdul rahman baba;Abdul Rahman Baba;2/07/1994;1.80
4112;mohammed salisu;Mohammed Salisu;17/04/1999;1.91
4113;hans sarpei;Hans Sarpei;28/06/1976;1.78
4114;alidu seidu;Alidu Seidu;4/06/2000;1.73
4115;antoine semenyo;Antoine Semenyo;7/01/2000;1.72
4116;illiasu shilla;Illiasu Shilla;26/10/1982;1.88
4117;kamal sowah;Kamal Sowah;9/01/2000;1.79
4118;kamaldeen sulemana;Kamaldeen Sulemana;15/02/2002;1.74
4119;rashid sumaila;Rashid Sumaila;18/12/1992;1.82
4120;alex tachie mensah;Alex Tachie-Mensah;15/02/1977;1.78
4121;prince tagoe;Prince Tagoe;9/11/1986;1.79
4122;isaac vorsah;Isaac Vorsah;21/06/1988;1.80
4123;mubarak wakaso;Mubarak Wakaso;25/07/1990;1.71
4124;majeed waris;Majeed Waris;19/09/1991;1.72
4125;inaki williams;Inaki Williams;15/06/1994;1.86
4126;alekos alexandris;Alekos Alexandris;21/10/1968;
4127;alexis alexiou;Alexis Alexiou;8/09/1963;
4128;alexis alexoudis;Alexis Alexoudis;20/06/1972;
4129;stratos apostololakis;Stratos Apostololakis;11/05/1964;
4130;elias atmatzidis;Elias Atmatzidis;24/04/1969;
4131;konstantinos chalkias;Konstantinos Chalkias;30/05/1974;1.98
4132;angelos charisteas;Angelos Charisteas;9/02/1980;1.91
4133;lazaros christodoulopoulos;Lazaros Christodoulopoulos;19/12/1986;1.83
4134;vasilis dimitriadis;Vasilis Dimitriadis;1/02/1966;
4135;ioannis fetfatzidis;Ioannis Fetfatzidis;21/12/1990;1.65
4136;theofanis gekas;Theofanis Gekas;23/05/1980;1.79
4137;panagiotis glykos;Panagiotis Glykos;10/10/1986;1.87
4138;minas hantzidis;Minas Hantzidis;4/07/1966;
4139;jose holebas;José LIoyd Holebas;27/06/1984;1.84
4140;giannis kalitzakis;Giannis Kalitzakis;10/02/1966;
4141;pantelis kapetanos;Pantelis Kapetanos;8/06/1983;1.90
4142;stefanos kapino;Stefanos Kapino;18/03/1994;1.98
4143;vaios karagiannis;Vaios Karagiannis;25/06/1968;
4144;georgios karagounis;Georgios Karagounis;6/03/1977;1.76
4145;kyriakos karataidis;Kyriakos Karataidis;4/07/1965;
4146;christos karkamanis;Christos Karkamanis;22/09/1969;
4147;orestis karnezis;Orestis Karnezis;11/05/1985;1.88
4148;konstantinos katsouranis;Konstantinos Katsouranis;21/06/1979;1.83
4149;savvas kofidis;Savvas Kofidis;21/03/1961;
4150;thanasis kolitsidakis;Thanasis Kolitsidakis;20/11/1966;
4151;panagiotis kone;Panagiotis Kone;26/07/1987;1.84
4152;sotirios kyrgiakos;Sotirios Kyrgiakos;23/07/1979;1.92
4153;nikos machlas;Nikos Machlas;16/06/1973;
4154;stelios malezas;Stelios Malezas;11/03/1985;1.92
4155;giannis maniatis;Giannis Maniatis;12/10/1986;1.76
4156;kostas manolas;Kostas Manolas;14/06/1991;1.88
4157;stelios manolas;Stelios Manolas;13/07/1961;
4158;spiros marangos;Spiros Marangos;20/02/1967;
4159;antonis minou;Antonis Minou;4/05/1958;
4160;kostas mitroglou;Kostas Mitroglou;12/03/1988;1.88
4161;tassos mitropoulos;Tassos Mitropoulos;23/08/1957;
4162;vangelis moras;Vangelis Moras;26/08/1981;1.93
4163;sotiris ninis;Sotiris Ninis;3/04/1990;1.73
4164;nikos nioplias;Nikos Nioplias;17/01/1965;
4165;avraam papadopoulos;Avraam Papadopoulos;3/12/1984;1.86
4166;sokratis papastathopoulos;Sokratis Papastathopoulos;9/06/1988;1.86
4167;christos patsatzoglou;Christos Patsatzoglou;19/03/1979;1.83
4168;athanasios prittas;Athanasios Prittas;9/01/1979;1.85
4169;dimitrios salpingidis;Dimitrios Salpingidis;18/08/1981;1.71
4170;georgios samaras;Georgios Samaras;21/02/1985;1.92
4171;andreas samaris;Andreas Samaris;13/06/1989;1.89
4172;dimitrios saravakos;Dimitrios Saravakos;26/07/1961;
4173;giourkas seitaridis;Giourkas Seitaridis;4/06/1981;1.85
4174;michail sifakis;Michail Sifakis;9/09/1984;1.86
4175;nikos spiropoulos;Nikos Spiropoulos;10/10/1983;1.71
4176;panagiotis tachtsidis;Panagiotis Tachtsidis;15/01/1991;1.93
4177;vasileios torosidis;Vasileios Torosidis;10/06/1985;1.85
4178;giotis tsalouchidis;Giotis Tsalouchidis;30/03/1963;
4179;nikos tsiantakis;Nikos Tsiantakis;20/10/1963;
4180;giorgios tzavellas;Giorgios Tzavellas;26/11/1987;1.83
4181;alexandros tziolis;Alexandros Tziolis;13/02/1985;1.90
4182;alexandros tzorvas;Alexandros Tzorvas;12/08/1982;1.90
4183;loukas vyntra;Loukas Vyntra;5/02/1981;1.84
4184;fritz andre;Fritz Andre;18/09/1946;
4185;eddy antoine;Eddy Antoine;27/08/1949;
4186;arsene auguste;Arsene Auguste;3/02/1951;
4187;jean hubert austin;Jean-Hubert Austin;23/02/1950;
4188;claude barthelemy;Claude Barthelemy;9/05/1945;
4189;pierre bayonne;Pierre Bayonne;11/06/1949;
4190;jean claude desir;Jean Claude Desir;8/08/1946;
4191;serge ducoste;Serge Ducoste;4/02/1944;
4192;henry francillon;Henry Francillon;26/05/1946;
4193;guy francois;Guy Francois;18/09/1947;
4194;ernst jean joseph;Ernst Jean-Joseph;11/06/1948;
4195;gerard joseph;Gerard Joseph;22/10/1949;
4196;fritz leandre;Fritz Leandre;13/03/1948;
4197;joseph marion leandre;Joseph-Marion Leandre;9/05/1945;
4198;wilfred louis;Wilfred Louis;25/10/1949;
4199;wilner nazaire;Wilner Nazaire;30/03/1950;
4200;wilner piquant;Wilner Piquant;4/12/1951;
4201;serge racine;Serge Racine;9/10/1951;
4202;guy saint vil;Guy Saint-Vil;21/10/1942;
4203;roger saint vil;Roger Saint-Vil;8/12/1949;
4204;emmanuel sanon;Emmanuel Sanon;25/06/1951;
4205;philippe vorbe;Philippe Vorbe;14/09/1947;
4206;edgar alvarez;Edgar Alvarez;18/01/1980;1.70
4207;julio cesar arzu;Julio Cesar Arzu;5/06/1954;
4208;roberto bailey;Roberto Bailey;10/08/1952;
4209;brayan beckeles;Brayan Beckeles;28/11/1985;1.86
4210;jerry bengtson;Jerry Bengtson;8/04/1987;1.87
4211;victor bernardez;Victor Bernardez;24/05/1982;1.87
4212;porfirio betancourt;Porfirio Betancourt;10/10/1957;
4213;david bueso;David Bueso;5/05/1955;
4214;jose bulnes;Jose Bulnes;21/10/1946;
4215;carlos cabellero;Carlos Cabellero;5/12/1958;
4216;ricardo canales;Ricardo Canales;30/05/1982;1.80
4217;marvin chavez;Marvin Chávez;3/11/1983;1.65
4218;osman chavez;Osman Chavez;29/07/1984;1.87
4219;jorge claros;Jorge Claros;8/01/1986;1.76
4220;allan costly;Allan Costly;13/02/1954;
4221;carlo costly;Carlo Costly;18/07/1982;1.90
4222;jose cruz;Jose Cruz;12/06/1949;
4223;juan cruz;Juan Cruz;27/02/1959;
4224;edder delgado;Edder Delgado;20/11/1986;1.76
4225;domingo drummond;Domingo Drummond;14/04/1957;
4226;donis escober;Donis Escober;3/02/1981;1.80
4227;roger espinoza;Roger Espinoza;25/10/1986;1.78
4228;jose figueroa;Jose Figueroa;15/12/1959;
4229;maynor figueroa;Maynor Figueroa;2/05/1983;1.82
4230;juan carlos garcia;Juan Carlos García;8/03/1988;1.88
4231;oscar boniek garcia;Óscar Boniek García Ramírez;4/09/1984;1.76
4232;luis garrido;Luis Garrido;5/11/1990;1.70
4233;amado guevara;Amado Guevara;2/05/1976;1.76
4234;celso guity;Celso Guity;7/08/1955;
4235;cesar gutierrez;Cesar Gutierrez;7/05/1954;
4236;emilio izaguirre;Emilio Izaguirre;10/05/1986;1.78
4237;eduardo laing;Eduardo Laing;27/12/1958;
4238;luis lopez;Luis Aurelio López Fernández;13/09/1993;1.80
4239;ramon maradiaga;Ramon Maradiaga;30/10/1954;
4240;mario martinez;Mario Roberto Martínez Hernández;30/07/1989;1.73
4241;rony martinez;Rony Darío Martínez Alméndarez;16/08/1988;1.80
4242;walter martinez;Walter Martinez;24/03/1982;1.66
4243;sergio mendoza;Sergio Mendoza;23/05/1981;1.77
4244;juan pablo montes;Juan Pablo Montes;26/10/1985;1.91
4245;andy najar;Andy Najar;16/03/1993;1.70
4246;jose nazar;Jose Nazar;7/09/1953;
4247;prudencio norales;Prudencio Norales;20/04/1956;
4248;ramon nunez;Ramon Nunez;14/11/1985;1.69
4249;julio cesar de leon;Jerry Nelson Palacios Suazo;1/11/1981;1.81
4250;jhony palacios;Johnny Palacios;20/12/1986;1.82
4251;wilson palacios;Wilson Palacios;29/07/1984;1.76
4252;carlos pavon;Carlos Pavon;9/10/1973;1.80
4253;mauricio sabillon;Mauricio Sabillon;11/11/1978;1.80
4254;jimmy steward;Jimmy Steward;9/12/1946;
4255;david suazo;David Suazo;5/11/1979;1.83
4256;hendry thomas;Hendry Thomas;23/02/1985;1.80
4257;javier toledo;Javier Toledo;30/09/1959;
4258;danilo turcios;Danilo Turcios;8/05/1978;1.66
4259;noel valladares;Noel Valladares;3/05/1977;1.79
4260;jaime villegas;Jaime Villegas;5/07/1950;
4261;george welcome;George Welcome;9/03/1985;1.92
4262;gilberto yearwood;Gilberto Yearwood;15/03/1956;
4263;hector zelaya;Hector Zelaya;12/07/1957;
4264;florian albert;Florian Albert;15/09/1941;
4265;jozsef andrusch;Jozsef Andrusch;31/03/1956;
4266;istvan avar;Istvan Avar;27/05/1905;
4267;laszlo balint;Laszlo Balint;1/02/1948;
4268;istvan balogh;Istvan Balogh;21/09/1916;
4269;jozsef bencsis;Jozsef Bencsis;6/08/1933;
4270;ferenc bene;Ferenc Bene;17/12/1944;
4271;pal berendy;Pal Berendy;30/11/1932;
4272;mihaly biro;Mihaly Biro;;
4273;sandor biro;Sandor Biro;19/08/1911;
4274;bela bodonyi;Bela Bodonyi;14/09/1956;
4275;laszlo bodor;Laszlo Bodor;17/08/1933;
4276;gyorgy bognar;Gyorgy Bognar;5/11/1961;
4277;jozsef bozsik;Jozsef Bozsik;28/11/1925;
4278;laszlo budai;Laszlo Budai;19/07/1928;
4279;dezso bundzsak;Dezso Bundzsak;3/05/1928;
4280;gyozo burcsa;Gyozo Burcsa;13/03/1954;
4281;jeno buzanszky;Jeno Buzanszky;4/05/1925;
4282;karoly csapo;Karoly Csapo;23/02/1952;
4283;laszlo cseh;Laszlo Cseh;1/01/1910;
4284;ferenc csongradi;Ferenc Csongradi;29/03/1956;
4285;lajos csordas;Lajos Csordas;6/10/1932;
4286;jozsef csuhay;Jozsef Csuhay;12/07/1957;
4287;zoltan czibor;Zoltan Czibor;23/08/1929;
4288;laszlo dajka;Laszlo Dajka;29/04/1959;
4289;lajos detari;Lajos Detari;24/04/1963;
4290;laszlo disztl;Laszlo Disztl;4/06/1962;
4291;peter disztl;Peter Disztl;30/03/1960;
4292;janos dudas;Janos Dudas;1/01/1911;
4293;marton esterhazy;Marton Esterhazy;9/04/1956;
4294;janos farkas;Janos Farkas;27/03/1942;
4295;laszlo fazekas;Laszlo Fazekas;15/10/1947;
4296;mate fenyvesi;Mate Fenyvesi;20/09/1933;
4297;zoltan friedmanszky;Zoltan Friedmanszky;22/10/1934;
4298;ferenc fulop;Ferenc Fulop;22/02/1955;
4299;gyula futo;Gyula Futo;29/12/1908;
4300;imre garaba;Imre Garaba;29/07/1958;
4301;istvan geczi;Istvan Geczi;13/06/1944;
4302;jozsef gelei;Jozsef Gelei;29/06/1938;
4303;sandor geller;Sandor Geller;12/07/1925;
4304;janos gorocs;Janos Gorocs;8/05/1939;
4305;gyula grosics;Gyula Grosics;4/02/1926;
4306;sandor gujdar;Sandor Gujdar;8/11/1951;
4307;geza gulyas;Geza Gulyas;23/03/1933;
4308;jozsef hada;Jozsef Hada;2/03/1911;
4309;gyula hajszan;Gyula Hajszan;9/10/1961;
4310;istvan halasz;Istvan Halasz;12/10/1951;
4311;peter hannich;Peter Hannich;30/03/1957;
4312;nandor hidegkuti;Nandor Hidegkuti;3/03/1922;
4313;kalman ihasz;Kalman Ihasz;6/12/1941;
4314;istvan ilku;Istvan Ilku;6/03/1933;
4315;beno kaposzta;Beno Kaposzta;7/06/1942;
4316;jozsef kardos;Jozsef Kardos;22/03/1960;
4317;bela karpati;Bela Karpati;30/09/1929;
4318;bela katzirz;Bela Katzirz;27/07/1953;
4319;tibor kemeny;Tibor Kemeny;5/03/1913;
4320;attila kerekes;Attila Kerekes;4/04/1954;
4321;zoltan kereki;Zoltan Kereki;13/07/1953;
4322;jozsef kiprich;Jozsef Kiprich;6/09/1963;
4323;imre kiss;Imre Kiss;10/08/1957;
4324;laszlo kiss;Laszlo Kiss;12/03/1956;
4325;istvan kocsis;Istvan Kocsis;6/10/1949;
4326;sandor kocsis;Sandor Kocsis;21/09/1929;
4327;vilmos kohut;Vilmos Kohut;17/07/1906;
4328;lajos koranyi;Lajos Koranyi;15/05/1907;
4329;antal kotasz;Antal Kotasz;9/09/1929;
4330;imre kovacs;Imre Kovacs;16/11/1921;
4331;kalman kovacs;Kalman Kovacs;11/09/1965;
4332;laszlo kovacs;Laszlo Kovacs;24/04/1951;
4333;bela kuharszki;Bela Kuharszki;20/04/1940;
4334;laszlo lachos;Laszlo Lachos;;
4335;mihaly lantos;Mihaly Lantos;29/09/1928;
4336;gyula lazar;Gyula Lazar;24/01/1911;
4337;gyula lorant;Gyula Lorant;6/02/1923;
4338;ferenc machos;Ferenc Machos;30/06/1932;
4339;imre markos;Imre Markos;9/06/1908;
4340;gyozo martos;Gyozo Martos;15/12/1949;
4341;imre mathesz;Imre Mathesz;25/03/1937;
4342;sandor matrai;Sandor Matrai;20/11/1932;
4343;ivan menczel;Ivan Menczel;14/12/1941;
4344;ferenc meszaros;Ferenc Meszaros;11/04/1950;
4345;kalman meszoly;Kalman Meszoly;16/07/1941;
4346;dezso molnar;Dezso Molnar;2/12/1939;
4347;tivadar monostori;Tivadar Monostori;24/03/1936;
4348;sandor muller;Sandor Muller;21/09/1948;
4349;antal nagy;Antal Nagy;16/06/1944;
4350;antal nagy 2;Antal Nagy;17/10/1956;
4351;istvan nagy;Istvan Nagy;14/04/1939;
4352;jozsef nagy;Jozsef Nagy;21/10/1960;
4353;laszlo nagy;Laszlo Nagy;21/10/1949;
4354;tibor nyilasi;Tibor Nyilasi;18/01/1955;
4355;jozsef palinkas;Jozsef Palinkas;1/01/1912;
4356;istvan palotas;Istvan Palotas;5/03/1908;
4357;peter palotas;Peter Palotas;27/06/1929;
4358;zoltan peter;Zoltan Peter;23/03/1958;
4359;sandor pinter;Sandor Pinter;18/07/1950;
4360;gyula polgar;Gyula Polgar;8/02/1912;
4361;gabor poloskei;Gabor Poloskei;11/10/1961;
4362;ferenc puskas;Ferenc Puskas;2/04/1927;1.70
4363;lajos puskas;Lajos Puskas;3/08/1944;
4364;laszlo pusztai;Laszlo Pusztai;1/03/1946;
4365;tibor rab;Tibor Rab;2/10/1955;
4366;gyula rakosi;Gyula Rakosi;9/10/1938;
4367;antal roth;Antal Roth;14/09/1960;
4368;sandor sallai;Sandor Sallai;26/03/1960;
4369;karoly sandor;Karoly Sandor;29/11/1928;
4370;bela sarosi;Bela Sarosi;15/08/1919;
4371;gyorgy sarosi;Gyorgy Sarosi;16/09/1912;
4372;laszlo sarosi;Laszlo Sarosi;27/02/1932;
4373;ferenc sas;Ferenc Sas;1/01/1915;
4374;ferenc sipos;Ferenc Sipos;13/12/1932;
4375;erno solymosi;Erno Solymosi;21/09/1940;
4376;rezso somlai;Rezso Somlai;1/01/1911;
4377;kalman sovari;Kalman Sovari;21/12/1940;
4378;laszlo sternberg;Laszlo Sternberg;28/05/1905;
4379;antal szabo;Antal Szabo;4/09/1910;
4380;gabor szabo;Gabor Szabo;14/10/1902;
4381;antal szalay;Antal Szalay;12/03/1912;
4382;jozsef szendrei;Jozsef Szendrei;25/04/1954;
4383;lazar szentes;Lazar Szentes;12/12/1955;
4384;antal szentimihalyi;Antal Szentimihalyi;13/06/1939;
4385;gusztav szepesi;Gusztav Szepesi;17/07/1939;
4386;oszkar szigeti;Oszkar Szigeti;1/01/1933;
4387;ferenc szojka;Ferenc Szojka;7/04/1931;
4388;gyorgy szucs;Gyorgy Szucs;23/04/1912;
4389;istvan tamassy;Istvan Tamassy;1/01/1911;
4390;pal teleki;Pal Teleki;5/03/1906;
4391;lajos tichy;Lajos Tichy;21/03/1935;
4392;pal titkos;Pal Titkos;8/01/1908;
4393;geza toldi;Geza Toldi;11/02/1909;
4394;andras torocsik;Andras Torocsik;1/05/1955;
4395;peter torok;Peter Torok;18/04/1951;
4396;andras toth;Andras Toth;5/09/1949;
4397;jozsef toth;Jozsef Toth;16/05/1929;
4398;jozsef toth 2;Jozsef Toth;2/12/1951;
4399;mihaly toth;Mihaly Toth;14/09/1926;
4400;jozsef turay;Jozsef Turay;1/03/1905;
4401;jozsef vago;Jozsef Vago;1/01/1906;
4402;bela varadi;Bela Varadi;12/04/1953;
4403;jozsef varga;Jozsef Varga;9/10/1954;
4404;zoltan varga;Zoltan Varga;1/01/1945;
4405;pal varhidi;Pal Varhidi;6/11/1931;
4406;mihaly vasas;Mihaly Vasas;1/01/1933;
4407;jeno vincze;Jeno Vincze;20/11/1908;
4408;jozsef zakarias;Jozsef Zakarias;25/03/1924;
4409;sandor zombori;Sandor Zombori;31/10/1951;
4410;gyula zsengeller;Gyula Zsengeller;27/12/1915;
4411;dorst;Dorst;;
4412;g faulhaber;G. Faulhaber;;
4413;j harting;J. Harting;;
4414;frans hukon;Frans Hukon;1/01/1917;
4415;frans meeng;Frans Meeng;1/01/1914;
4416;achmad nawir;Achmad Nawir;1/01/1911;
4417;tjaak pattiwael;Tjaak Pattiwael;23/02/1914;
4418;jack samuels;Jack Samuels;1/01/1912;
4419;suvarte soedarmadji;Suvarte Soedarmadji;6/12/1915;
4420;henk sommers;Henk Sommers;;
4421;anwar sutan;Anwar Sutan;21/03/1914;
4422;hans taihuttu;Hans Taihuttu;1/01/1909;
4423;hong djien tan;Hong Djien Tan;12/01/1916;
4424;mo heng tan;Mo Heng Tan;28/02/1913;
4425;see han tan;See Han Tan;1/01/1910;
4426;teilherber;Teilherber;;
4427;r telwe;R. Telwe;;
4428;g van den burgh;G. Van Den Burgh;;
4429;alan acourt;Alan A'Court;30/09/1934;
4430;tony adams;Tony Adams;10/10/1966;
4431;trent alexander arnold;Trent John Alexander-Arnold;7/10/1998;1.75
4432;dele alli;Bamidele Jermaine Alli;11/04/1996;1.88
4433;stan anderson;Stan Anderson;27/02/1934;
4434;viv anderson;Viv Anderson;29/07/1956;
4435;darren anderton;Darren Anderton;3/03/1972;1.87
4436;jimmy armfield;Jimmy Armfield;21/09/1935;
4437;ken armstrong;Ken Armstrong;3/06/1924;
4438;jeff astle;Jeff Astle;13/05/1942;
4439;john aston;John Aston;3/09/1921;
4440;gary bailey;Gary Bailey;9/08/1958;
4441;eddie baily;Eddie Baily;6/08/1925;
4442;leighton baines;Leighton Baines;11/12/1984;1.70
4443;alan ball;Alan Ball;12/05/1945;
4444;gordon banks;Gordon Banks;30/12/1937;
4445;tommy banks;Tommy Banks;10/11/1929;
4446;ross barkley;Ross Barkley;5/12/1993;1.88
4447;john barnes;John Barnes;7/11/1963;
4448;gareth barry;Gareth Barry;23/02/1981;1.80
4449;david batty;David Batty;2/12/1968;
4450;peter beardsley;Peter Beardsley;18/01/1961;
4451;dave beasant;Dave Beasant;20/03/1959;
4452;david beckham;David Robert Joseph Beckham;2/05/1975;1.83
4453;colin bell;Colin Bell;26/02/1946;
4454;jude bellingham;Jude Victor William Bellingham;29/06/2003;1.86
4455;roy bentley;Roy Bentley;17/05/1924;
4456;peter bonetti;Peter Bonetti;27/09/1941;
4457;peter brabrook;Peter Brabrook;8/11/1937;
4458;wayne bridge;Wayne Bridge;5/08/1980;1.77
4459;peter broadbent;Peter Broadbent;15/05/1933;
4460;ivor broadis;Ivor Broadis;18/12/1922;
4461;trevor brooking;Trevor Brooking;2/10/1948;
4462;wes brown;Wes Brown;13/10/1979;1.85
4463;steve bull;Steve Bull;28/03/1965;
4464;ted burgin;Ted Burgin;29/04/1927;
4465;terry butcher;Terry Butcher;28/12/1958;
4466;jack butland;Jack Butland;10/03/1993;1.96
4467;nicky butt;Nicky Butt;21/01/1975;1.79
4468;gerry byrne;Gerry Byrne;29/08/1938;
4469;roger byrne;Roger Byrne;8/02/1929;
4470;gary cahill;Gary James Cahill;19/12/1985;1.91
4471;ian callaghan;Ian Callaghan;10/04/1942;
4472;sol campbell;Sol Campbell;18/09/1974;1.88
4473;jamie carragher;Jamie Carragher;28/01/1978;1.85
4474;michael carrick;Michael Carrick;28/07/1981;1.85
4475;scott carson;Scott Carson;3/09/1985;1.90
4476;bobby charlton;Sir Robert Charlton;11/10/1937;1.73
4477;jack charlton;Jack Charlton;8/05/1935;
4478;allenby chilton;Allenby Chilton;16/09/1918;
4479;eddie clamp;Eddie Clamp;14/09/1934;
4480;allan clarke;Allan Clarke;31/07/1946;
4481;ronald clayton;Ronald Clayton;5/08/1934;
4482;ray clemence;Ray Clemence;5/08/1948;
4483;connor coady;Connor Coady;25/02/1993;1.84
4484;henry cockburn;Henry Cockburn;14/09/1921;
4485;george cohen;George Cohen;22/10/1939;
4486;ashley cole;Ashley Cole;20/12/1980;1.73
4487;joe cole;Joe Cole;8/11/1981;1.75
4488;john connelly;John Connelly;18/07/1938;
4489;terry cooper;Terry Cooper;12/07/1944;
4490;steve coppell;Steve Coppell;9/07/1955;
4491;joe corrigan;Joe Corrigan;18/11/1948;
4492;peter crouch;Peter Crouch;30/01/1981;2.01
4493;jermain defoe;Jermain Defoe;7/10/1982;1.70
4494;fabian delph;Fabian Delph;21/11/1989;1.74
4495;jimmy dickinson;Jimmy Dickinson;24/04/1925;
4496;eric dier;Eric Jeremy Edgar Dier;15/01/1994;1.88
4497;eddie ditchburn;Eddie Ditchburn;24/10/1921;
4498;kerry dixon;Kerry Dixon;24/07/1961;
4499;tony dorigo;Tony Dorigo;31/12/1965;
4500;bryan douglas;Bryan Douglas;27/05/1934;
4501;stewart downing;Stewart Downing;22/07/1984;1.82
4502;kieron dyer;Kieron Dyer;29/12/1978;1.70
4503;george eastham;George Eastham;23/09/1936;
4504;bill eckersley;Bill Eckersley;16/07/1925;
4505;terry fenwick;Terry Fenwick;17/11/1959;
4506;les ferdinand;Les Ferdinand;18/12/1966;
4507;rio ferdinand;Rio Ferdinand;7/11/1978;1.88
4508;tom finney;Tom Finney;5/04/1922;
4509;ron flowers;Ron Flowers;28/07/1934;
4510;tim flowers;Tim Flowers;3/02/1967;
4511;phil foden;Philip Walter Foden;28/05/2000;1.71
4512;fraser forster;Fraser Forster;17/03/1988;2.01
4513;ben foster;Ben Foster;3/04/1983;1.93
4514;steve foster;Steve Foster;24/09/1957;
4515;robbie fowler;Robbie Fowler;9/04/1975;1.76
4516;trevor francis;Trevor Francis;19/04/1954;
4517;connor gallagher;Connor Gallagher;6/02/2000;1.83
4518;paul gascoigne;Paul Gascoigne;27/05/1967;
4519;steven gerrard;Steven George Gerrard;30/05/1980;1.85
4520;jack grealish;Jack Grealish;10/09/1995;1.75
4521;jimmy greaves;Jimmy Greaves;20/02/1940;
4522;ken green;Ken Green;27/04/1924;
4523;robert green;Robert Green;18/01/1980;1.87
4524;owen hargreaves;Owen Hargreaves;20/01/1981;1.80
4525;joe hart;Joe Hart;19/04/1987;1.91
4526;mark hateley;Mark Hateley;7/11/1961;
4527;john haynes;John Haynes;17/10/1934;
4528;jordan henderson;Jordan Brian Henderson;17/06/1990;1.83
4529;emile heskey;Emile Heskey;11/01/1978;1.88
4530;gerry hitchens;Gerry Hitchens;8/10/1934;
4531;glenn hoddle;Glenn Hoddle;27/10/1957;
4532;steve hodge;Steve Hodge;25/10/1962;
4533;alan hodgkinson;Alan Hodgkinson;16/08/1936;
4534;harry hooper;Harry Hooper;14/06/1933;
4535;eddie hopkinson;Eddie Hopkinson;29/10/1935;
4536;don howe;Don Howe;12/10/1935;
4537;emlyn hughes;Emlyn Hughes;28/08/1947;
4538;laurie hughes;Laurie Hughes;2/03/1924;
4539;roger hunt;Roger Hunt;20/07/1938;
4540;norman hunter;Norman Hunter;29/10/1943;
4541;geoff hurst;Geoff Hurst;8/12/1941;
4542;paul ince;Paul Ince;21/10/1967;
4543;phil jagielka;Phil Jagielka;17/08/1982;1.83
4544;david james;David James;1/08/1970;1.94
4545;jermaine jenas;Jermaine Jenas;18/02/1983;1.80
4546;bedford jezzard;Bedford Jezzard;19/10/1927;
4547;glen johnson;Glen Johnson;23/08/1984;1.78
4548;phil jones;Phil Jones;21/02/1992;1.80
4549;harry kane;Harry Edward Kane;28/07/1993;1.88
4550;kevin keegan;Kevin Keegan;14/02/1951;
4551;martin keown;Martin Keown;24/07/1966;1.86
4552;derek kevan;Derek Kevan;6/03/1935;
4553;ledley king;Ledley King;12/10/1980;1.88
4554;brian labone;Brian Labone;23/01/1940;
4555;adam lallana;Adam Lallana;10/05/1988;1.72
4556;rickie lambert;Rickie Lambert;16/02/1982;1.87
4557;frank lampard;Frank Lampard;20/06/1978;1.83
4558;graeme le saux;Graeme Le Saux;17/10/1968;
4559;francis lee;Francis Lee;29/04/1944;
4560;robert lee;Robert Lee;1/02/1966;
4561;aaron lennon;Aaron Justin Lennon;16/04/1987;1.65
4562;gary lineker;Gary Lineker;30/11/1960;
4563;jesse lingard;Jesse Ellis Lingard;15/12/1992;1.75
4564;nat lofthouse;Nat Lofthouse;27/08/1925;
4565;ruben loftus cheek;Ruben Ira Loftus-Cheek;23/01/1996;1.91
4566;james maddison;James Maddison;23/11/1996;1.75
4567;harry maguire;Jacob Harry Maguire;5/03/1993;1.93
4568;wilf mannion;Wilf Mannion;16/05/1918;
4569;paul mariner;Paul Mariner;22/05/1953;
4570;alvin martin;Alvin Martin;29/07/1958;
4571;nigel martyn;Nigel Martyn;11/08/1966;1.87
4572;stanley matthews;Stanley Matthews;1/02/1915;
4573;colin mc donald;Colin Mc Donald;15/10/1930;
4574;terry mcdermott;Terry Mcdermott;8/12/1951;
4575;bill mcgarry;Bill Mcgarry;10/06/1927;
4576;steve mcmahon;Steve Mcmahon;20/08/1961;
4577;steve mcmanaman;Steve Mcmanaman;11/02/1972;1.84
4578;gilbert merrick;Gilbert Merrick;26/01/1922;
4579;paul merson;Paul Merson;20/03/1968;
4580;jackie milburn;Jackie Milburn;11/05/1924;
4581;danny mills;Danny Mills;18/05/1977;1.80
4582;mick mills;Mick Mills;4/01/1949;
4583;james milner;James Milner;4/01/1986;1.70
4584;bobby moore;Bobby Moore;12/04/1941;
4585;stan mortensen;Stan Mortensen;26/05/1921;
4586;mason mount;Mason Mount;10/01/1999;1.80
4587;jimmy mullen;Jimmy Mullen;6/01/1923;
4588;alan mullery;Alan Mullery;23/11/1941;
4589;philip neal;Philip Neal;20/02/1951;
4590;gary neville;Gary Neville;18/02/1975;1.80
4591;keith newton;Keith Newton;23/06/1941;
4592;bill nicholson;Bill Nicholson;26/01/1919;
4593;maurice norman;Maurice Norman;8/05/1934;
4594;peter osgood;Peter Osgood;20/02/1947;
4595;michael owen;Michael Owen;14/12/1979;1.72
4596;syd owen;Syd Owen;28/02/1922;
4597;alex oxlade chamberlain;Alex Oxlade-Chamberlain;15/08/1993;1.80
4598;terry paine;Terry Paine;23/03/1939;
4599;paul parker;Paul Parker;4/04/1964;
4600;alan peacock;Alan Peacock;29/10/1937;
4601;stuart pearce;Stuart Pearce;24/04/1962;
4602;martin peters;Martin Peters;8/11/1943;
4603;kalvin phillips;Kalvin Phillips;2/12/1995;1.78
4604;jordan pickford;Jordan Lee Pickford;7/03/1994;1.85
4605;david platt;David Platt;10/06/1966;
4606;nick pope;Nicholas David Pope;19/04/1992;1.91
4607;albert quixall;Albert Quixall;9/08/1933;
4608;aaron ramsdale;Aaron Ramsdale;14/05/1998;1.88
4609;alf ramsey;Alf Ramsey;22/01/1920;
4610;marcus rashford;Marcus Rashford;31/10/1997;1.80
4611;peter reid;Peter Reid;20/06/1956;
4612;declan rice;Declan Rice;14/01/1999;1.88
4613;graham rix;Graham Rix;23/10/1957;
4614;paul robinson;Paul Robinson;15/10/1979;1.93
4615;bobby robson;Bobby Robson;18/02/1933;
4616;bryan robson;Bryan Robson;11/01/1957;
4617;wayne rooney;Wayne Mark Rooney;24/10/1985;1.76
4618;danny rose;Daniel Lee Rose;2/07/1990;1.73
4619;bukayo saka;Bukayo Ayoyinka Temidayo Saka;5/09/2001;1.78
4620;kenny sansom;Kenny Sansom;26/09/1958;
4621;paul scholes;Paul Scholes;16/11/1974;1.70
4622;laurie scott;Laurie Scott;23/04/1917;
4623;david seaman;David Seaman;19/09/1963;1.91
4624;maurice setters;Maurice Setters;16/12/1936;
4625;luke shaw;Luke Shaw;12/07/1995;1.85
4626;alan shearer;Alan Shearer;13/08/1970;
4627;teddy sheringham;Teddy Sheringham;2/04/1966;1.83
4628;peter shilton;Peter Shilton;18/09/1949;
4629;peter sillett;Peter Sillett;1/02/1933;
4630;trevor sinclair;Trevor Sinclair;2/03/1973;1.77
4631;william slater;William Slater;29/04/1927;
4632;chris smalling;Chris Smalling;22/11/1989;1.96
4633;bobby smith;Bobby Smith;22/02/1933;
4634;gareth southgate;Gareth Southgate;3/09/1970;1.84
4635;ron springett;Ron Springett;22/07/1935;
4636;ron staniforth;Ron Staniforth;13/04/1924;
4637;alex stepney;Alex Stepney;18/09/1942;
4638;raheem sterling;Raheem Shaquille Sterling;8/12/1994;1.70
4639;trevor steven;Trevor Steven;21/09/1963;
4640;gary stevens;Gary Stevens;27/03/1963;
4641;gary a stevens;Gary A. Stevens;30/03/1962;
4642;nobby stiles;Nobby Stiles;18/05/1942;
4643;john stones;John Stones;28/05/1994;1.88
4644;daniel sturridge;Daniel Sturridge;1/09/1989;1.88
4645;peter swan;Peter Swan;8/10/1936;
4646;jim taylor;Jim Taylor;5/11/1917;
4647;tommy taylor;Tommy Taylor;29/01/1932;
4648;john terry;John Terry;7/12/1980;1.87
4649;phil thompson;Phil Thompson;21/01/1954;
4650;kieran trippier;Kieran John Trippier;19/09/1990;1.78
4651;matt upson;Matt Upson;18/04/1979;1.85
4652;jamie vardy;Jamie Richard Vardy;11/01/1997;1.79
4653;darius vassell;Darius Vassell;13/06/1980;1.70
4654;chris waddle;Chris Waddle;14/12/1960;
4655;theo walcott;Theo Walcott;16/03/1989;1.76
4656;des walker;Des Walker;26/11/1965;
4657;kyle walker;Kyle Andrew Walker;28/05/1990;1.78
4658;stephen warnock;Stephen Warnock;12/12/1981;1.75
4659;willie watson;Willie Watson;3/03/1920;
4660;neil webb;Neil Webb;30/07/1963;
4661;danny welbeck;Daniel Nii Tackie Mensah Welbeck;26/11/1990;1.85
4662;ben white;Benjamin William White;8/10/1997;1.86
4663;ray wilkins;Ray Wilkins;14/09/1956;
4664;bert williams;Bert Williams;31/01/1920;
4665;dennis wilshaw;Dennis Wilshaw;11/03/1926;
4666;jack wilshere;Jack Wilshere;1/01/1992;1.72
4667;callum wilson;Callum Wilson;27/02/1992;1.80
4668;ray wilson;Ray Wilson;17/12/1934;
4669;peter withe;Peter Withe;30/08/1951;
4670;tony woodcock;Tony Woodcock;6/12/1955;
4671;chris woods;Chris Woods;14/11/1959;
4672;billy wright;Billy Wright;6/02/1924;
4673;mark wright;Mark Wright;1/08/1963;
4674;tommy wright;Tommy Wright;21/10/1944;
4675;shaun wright phillips;Shaun Wright-Phillips;25/10/1981;1.68
4676;ashley young;Ashley Simon Young;9/07/1985;1.75
4677;nasrollah abdollahi;Nasrollah Abdollahi;2/10/1950;
4678;ahmed abedzadeh;Ahmed Abedzadeh;25/05/1966;
4679;amir abedzadeh;Amir Abedzadeh;26/04/1993;1.86
4680;rahman ahmadi;Rahman Ahmadi;30/07/1980;1.84
4681;jawad allahwardi;Jawad Allahwardi;16/07/1954;
4682;ahmad alnameh;Ahmad Alnameh;20/10/1982;1.89
4683;vahid amiri;Vahid Amiri;2/04/1988;1.79
4684;karim ansarifard;Karim Ansarifard;3/04/1990;1.86
4685;khodadad azizi;Khodadad Azizi;22/06/1971;1.70
4686;sardar azmoun;Sardar Azmoun;1/01/1995;1.86
4687;karim bagheri;Karim Bagheri;20/02/1974;1.87
4688;sohrab bakhtiarizadeh;Sohrab Bakhtiarizadeh;11/09/1977;1.85
4689;hashem beikzadeh;Hashem Beikzadeh;22/01/1984;1.89
4690;alireza beiranvand;Alireza Beiranvand;21/09/1992;1.94
4691;steven beitashour;Steven Beitashour;1/02/1987;1.78
4692;majid bishkar;Majid Bishkar;6/08/1956;
4693;arash borhani;Arash Borhani;14/09/1983;1.75
4694;parviz boromand;Parviz Boromand;11/09/1972;
4695;rouzbeh cheshmi;Rouzbeh Cheshmi;24/07/1993;1.94
4696;ali daei;Ali Daei;21/03/1969;1.92
4697;iraj danayfar;Iraj Danayfar;19/03/1951;
4698;daniel davari;Daniel Davari;6/01/1988;1.92
4699;ashkan dejagah;Seyed Ashkan Dejagah;5/07/1986;1.81
4700;sirous din mohammadi;Sirous Din Mohammadi;2/07/1970;
4701;omid ebrahimi;Omid Ebrahimi Zarandini;15/09/1987;1.79
4702;reza enayati;Reza Enayati;23/09/1976;1.78
4703;andranik eskandarian;Andranik Eskandarian;31/12/1951;
4704;hamid estili;Hamid Estili;1/04/1967;
4705;saeid ezatolahi;Saeed Ezatolahi Afagh;1/10/1996;1.90
4706;hussein faraki;Hussein Faraki;19/04/1956;
4707;behtash fariba;Behtash Fariba;11/02/1955;
4708;ali reza gheshghaian;Ali Reza Gheshghaian;27/02/1954;
4709;saman ghoddos;Saman Ghoddos;6/09/1993;1.75
4710;ali gholizadeh;Ali Gholizadeh Nojedeh;10/03/1996;1.76
4711;reza ghoochannejhad;Reza Ghoochannejhad Nournia;20/09/1987;1.80
4712;yahya golmohammadi;Yahya Golmohammadi;19/03/1971;1.78
4713;ghasem haddadifar;Ghasem Haddadifar;12/07/1983;1.80
4714;alireza haghighi;Alireza Haghighi;2/05/1988;1.95
4715;reza haghighi;Reza Haghighi;1/01/1989;1.97
4716;ehsan hajsafi;Ehsan Hajsafi;25/02/1990;1.78
4717;satar hamedani;Satar Hamedani;6/06/1974;
4718;vahid hashemian;Vahid Hashemian;21/07/1976;1.82
4719;nasser hejazi;Nasser Hejazi;19/12/1949;
4720;khosro heydari;Khosro Heydari;14/09/1983;1.74
4721;hossein hosseini;Hossein Hosseini;30/06/1992;1.87
4722;jalal hosseini;Jalal Hosseini;3/02/1982;1.88
4723;majid hosseini;Seyed Majid Hosseini;20/06/1996;1.87
4724;alireza jahanbakhsh;Alireza Jahanbakhsh Jirandeh;11/08/1993;1.81
4725;ghafoor jahani;Ghafoor Jahani;18/06/1950;
4726;abolfazl jalali;Abolfazl Jalali;26/06/1998;1.77
4727;hossein kaabi;Hossein Kaabi;23/09/1985;1.67
4728;hossein kanaani;Hossein Kanaani;23/03/1994;1.88
4729;ali karimi;Ali Karimi;8/11/1978;1.78
4730;ali karimi 2;Ali Karimi;11/02/1994;1.85
4731;ebrahim kassempoor;Ebrahim Kassempoor;24/08/1956;
4732;javad kazemeian;Javad Kazemeian;23/04/1981;1.74
4733;hussein kazerani;Hussein Kazerani;13/04/1947;
4734;mohammad khakpour;Mohammad Khakpour;20/02/1969;
4735;shoja khalilzadeh;Shoja Khalilzadeh;14/05/1989;1.79
4736;nader khani;Nader Khani;23/08/1963;
4737;mohammadreza khanzadeh;Mohammadreza Khanzadeh Darabi;11/05/1991;1.84
4738;rasoul khatibi;Rasoul Khatibi;22/09/1978;1.72
4739;mohammad reza korbekandi;Mohammad Reza Korbekandi;27/01/1953;
4740;ali latifi;Ali Latifi;20/02/1976;
4741;mehrzad madanchi;Mehrzad Madanchi;10/01/1985;1.80
4742;mehdi mahdavikia;Mehdi Mahdavikia;24/07/1977;1.76
4743;hossein mahini;Hossein Mahini;16/09/1986;1.84
4744;ali reza mansourian;Ali Reza Mansourian;2/12/1971;
4745;mohammad mazaheri;Mohammad-Rashid Mazaheri;18/05/1989;1.91
4746;mehrdad minavand;Mehrdad Minavand;30/11/1975;
4747;ebrahim mirzapour;Ebrahim Mirzapour;16/09/1978;1.92
4748;milad mohammadi;Milad Mohammadi Keshmarzi;29/09/1993;1.78
4749;sadegh moharrami;Sadegh Moharrami;1/03/1996;1.74
4750;pejman montazeri;Pejman Montazeri;6/09/1983;1.89
4751;bahram movadat;Bahram Movadat;30/01/1950;
4752;hassan naibagha;Hassan Naibagha;17/09/1950;
4753;nima nakisa;Nima Nakisa;1/05/1975;
4754;moharram navidkia;Moharram Navidkia;1/11/1982;1.81
4755;hassan nazari;Hassan Nazari;19/08/1955;
4756;javad nekounam;Javad Nekounam;7/09/1980;1.80
4757;payam niazmand;Payam Niazmand;6/04/1995;1.94
4758;mohammad nosrati;Mohammad Nosrati;11/01/1982;1.80
4759;ahmad nourollahi;Ahmad Nourollahi;1/02/1993;1.85
4760;nasser nuray;Nasser Nuray;9/07/1956;
4761;ali akbar ostad asadi;Ali Akbar Ostad-Asadi;17/09/1965;
4762;ali parwin;Ali Parwin;12/10/1946;
4763;mehdi pashazadeh;Mehdi Pashazadeh;27/12/1973;
4764;afshin peyravani;Afshin Peyravani;6/02/1970;
4765;mehrdad pooladi;Mehrdad Pooladi;26/02/1987;1.81
4766;morteza pouraliganji;Morteza Pouraliganji;19/04/1992;1.85
4767;bakhtiar rahmani;Bakhtiar Rahmani;23/09/1991;1.78
4768;rahman rezaei;Rahman Rezaei;20/02/1975;1.78
4769;ramin rezaeian;Ramin Rezaeian;21/03/1990;1.84
4770;hassan roudbarian;Hassan Roudbarian;6/07/1978;1.82
4771;hassan rowshan;Hassan Rowshan;2/06/1955;
4772;naim sadavi;Naim Sadavi;16/06/1969;
4773;amir hossein sadeqi;Amir Hossein Sadeghi or Sadeqi;6/09/1981;1.80
4774;mohammad sadeqi;Mohammad Sadeqi;17/03/1951;
4775;behnam seraj;Behnam Seraj;19/06/1971;
4776;reza shahroudi;Reza Shahroudi;21/02/1972;
4777;ali shojaei;Ali Shojaei;23/03/1953;
4778;masoud shojaei;Masoud Soleimani Shojaei;9/06/1984;1.84
4779;vahid talebloo;Vahid Talebloo;26/05/1982;1.85
4780;mehdi taremi;Mehdi Taremi;18/07/1992;1.85
4781;hamid majid taymouri;Hamid Majid Taymouri;3/06/1953;
4782;andranik teymourian;Andranik Timotian-Samarani;6/03/1983;1.80
4783;mehdi torabi;Mehdi Torabi;10/09/1994;1.80
4784;ferydoon zandi;Ferydoon Zandi;26/04/1979;1.84
4785;javad zarincheh;Javad Zarincheh;23/07/1966;
4786;abdul rahim;Abdul-Rahim;23/05/1963;
4787;al roubai ghanim;Al Roubai Ghanim;16/08/1961;
4788;ali jamal;Ali Jamal;2/02/1956;
4789;bassel gorgis;Bassel Gorgis;6/09/1961;
4790;hammoudi raad;Hammoudi Raad;20/04/1958;
4791;hashem natik;Hashem Natik;15/01/1960;
4792;hussein ali;Hussein Ali;5/05/1961;
4793;maad ibrahim;Maad Ibrahim;30/06/1960;
4794;insayaf abdulfattah;Insayaf Abdulfattah;2/02/1951;
4795;ahmed jassim;Ahmed Jassim;4/05/1960;
4796;karim mohamed;Karim Mohamed;1/04/1960;
4797;khalil mohamed;Khalil Mohamed;6/09/1958;
4798;mahmoud shaker;Mahmoud Shaker;5/05/1960;
4799;mohamed haris;Mohamed Haris;3/03/1958;
4800;mohamed ismail;Mohamed Ismail;17/04/1962;
4801;obid annad;Obid Annad;3/08/1955;
4802;qassim bassim;Qassim Bassim;22/03/1959;
4803;ahmed radhi;Ahmed Radhi;21/03/1964;
4804;saddam karim;Saddam Karim;26/05/1960;
4805;said hussein;Said Hussein;21/01/1958;
4806;shaker nadhum;Shaker Nadhum;13/04/1958;
4807;shaker samir;Shaker Samir;28/02/1958;
4808;john aldridge;John Aldridge;18/09/1958;
4809;phil babb;Phil Babb;30/11/1970;
4810;pat bonner;Pat Bonner;24/05/1960;
4811;gary breen;Gary Breen;12/12/1973;1.90
4812;john byrne;John Byrne;1/02/1961;
4813;lee carsley;Lee Carsley;28/02/1974;1.77
4814;tony cascarino;Tony Cascarino;1/09/1962;
4815;david connolly;David Connolly;6/06/1977;1.72
4816;tommy coyne;Tommy Coyne;14/11/1962;
4817;kenny cunningham;Kenny Cunningham;28/06/1971;1.83
4818;damien duff;Damien Duff;2/03/1979;1.77
4819;richard dunne;Richard Dunne;21/09/1979;1.87
4820;steve finnan;Steve Finnan;20/04/1976;1.83
4821;shay given;Shay Given;20/04/1976;1.87
4822;ian harte;Ian Harte;31/08/1977;1.77
4823;matt holland;Matt Holland;11/04/1974;1.75
4824;ray houghton;Ray Houghton;9/01/1962;
4825;christopher hughton;Christopher Hughton;11/12/1958;
4826;denis irwin;Denis Irwin;31/10/1965;
4827;robbie keane;Robbie Keane;8/07/1980;1.76
4828;roy keane;Roy Keane;10/08/1971;1.79
4829;david kelly;David Kelly;25/11/1965;
4830;gary kelly;Gary Kelly;9/07/1974;1.73
4831;alan kelly jr;Alan Kelly Jr.;11/08/1968;1.89
4832;alan kernaghan;Alan Kernaghan;25/04/1967;
4833;dean kiely;Dean Kiely;10/10/1970;1.84
4834;kevin kilbane;Kevin Kilbane;1/02/1977;1.85
4835;mark kinsella;Mark Kinsella;12/08/1972;1.76
4836;mick mc carthy;Mick Mc Carthy;7/02/1959;
4837;jason mcateer;Jason Mcateer;18/06/1971;1.77
4838;eddie mcgoldrick;Eddie Mcgoldrick;30/04/1965;
4839;paul mcgrath;Paul Mcgrath;4/12/1959;
4840;alan mcloughlin;Alan Mcloughlin;20/04/1967;
4841;kevin moran;Kevin Moran;29/04/1956;
4842;chris morris;Chris Morris;24/12/1963;
4843;clinton morrison;Clinton Morrison;14/05/1979;1.78
4844;andy obrien;Andy O'Brien;29/06/1979;1.77
4845;david oleary;David O'Leary;2/05/1958;
4846;gerald peyton;Gerald Peyton;20/05/1956;
4847;terry phelan;Terry Phelan;16/03/1967;
4848;niall quinn;Niall Quinn;6/10/1966;1.95
4849;steven reid;Steven Reid;10/03/1981;1.80
4850;kevin sheedy;Kevin Sheedy;21/10/1959;
4851;john sheridan;John Sheridan;1/10/1964;
4852;bernard slaven;Bernard Slaven;13/11/1960;
4853;frank stapleton;Frank Stapleton;10/07/1956;
4854;steve staunton;Steve Staunton;19/01/1969;1.83
4855;andy townsend;Andy Townsend;23/07/1963;
4856;ronnie whelan;Ronnie Whelan;25/09/1961;
4857;gerry armstrong;Gerry Armstrong;23/05/1954;
4858;billy bingham;Billy Bingham;5/08/1931;
4859;danny blanchflower;Danny Blanchflower;10/02/1926;
4860;noel brotherston;Noel Brotherston;18/11/1956;
4861;bobby campbell;Bobby Campbell;13/09/1956;
4862;david campbell;David Campbell;2/06/1965;
4863;tommy casey;Tommy Casey;11/03/1930;
4864;tommy cassidy;Tommy Cassidy;18/11/1950;
4865;mark caughey;Mark Caughey;27/08/1960;
4866;sammy chapman;Sammy Chapman;16/02/1938;
4867;colin clarke;Colin Clarke;30/10/1962;
4868;jim cleary;Jim Cleary;27/05/1956;
4869;fay coyle;Fay Coyle;1/04/1924;
4870;willie cunningham 2;Willie Cunningham;20/02/1930;
4871;wilbur cush;Wilbur Cush;10/06/1928;
4872;mal donaghy;Mal Donaghy;13/09/1957;
4873;derek dougan;Derek Dougan;20/01/1938;
4874;george dunlop;George Dunlop;16/01/1956;
4875;thomas finney;Thomas Finney;6/11/1952;
4876;len graham;Len Graham;17/10/1925;
4877;harry gregg;Harry Gregg;25/10/1932;
4878;tommy hamill;Tommy Hamill;;
4879;billy hamilton;Billy Hamilton;9/05/1957;
4880;felix healey;Felix Healey;27/09/1955;
4881;philip hughes;Philip Hughes;19/11/1964;
4882;john jameson;John Jameson;11/03/1958;
4883;pat jennings;Pat Jennings;12/06/1945;
4884;dick keith;Dick Keith;15/05/1933;
4885;john mcclelland;John Mcclelland;7/12/1955;
4886;david mccreery;David Mccreery;16/09/1957;
4887;sammy mccrory;Sammy Mccrory;;
4888;alan mcdonald;Alan Mcdonald;12/10/1963;
4889;jimmy mcilroy;Jimmy Mcilroy;25/10/1931;
4890;sam mcilroy;Sam Mcilroy;2/08/1954;
4891;alfred mcmichael;Alfred Mcmichael;1/10/1927;
4892;bernard mcnally;Bernard Mcnally;17/02/1963;
4893;peter mcparland;Peter Mcparland;25/04/1934;
4894;sammy nelson;Sammy Nelson;1/04/1949;
4895;chris nicholl;Chris Nicholl;12/10/1946;
4896;jimmy nicholl;Jimmy Nicholl;28/12/1956;
4897;john oneill;John O'Neill;11/03/1958;
4898;martin oneill;Martin O'Neill;1/03/1952;
4899;bertie peacock;Bertie Peacock;29/09/1928;
4900;steven penney;Steven Penney;16/01/1964;
4901;jim platt;Jim Platt;26/01/1952;
4902;james quinn;James Quinn;18/11/1959;
4903;paul ramsey;Paul Ramsey;3/09/1962;
4904;roy rea;Roy Rea;1/01/1933;
4905;jackie scott;Jackie Scott;22/12/1933;
4906;billy simpson;Billy Simpson;12/12/1929;
4907;ian stewart;Ian Stewart;10/09/1961;
4908;bobby trainor;Bobby Trainor;;
4909;norman uprichard;Norman Uprichard;20/04/1928;
4910;norman whiteside;Norman Whiteside;7/05/1965;
4911;nigel worthington;Nigel Worthington;4/11/1961;
4912;kari arnason;Kári Árnason;13/10/1982;1.91
4913;birkir bjarnason;Birkir Bjarnason;27/05/1988;1.82
4914;jon bodvarsson;Jón Daði Böðvarsson;25/05/1992;1.90
4915;holmar eyjolfsson;Hólmar Örn Eyjólfsson;6/08/1990;1.88
4916;alfred finnbogason;Alfreð Finnbogason;1/02/1989;1.84
4917;samuel fridjonsson;Samúel Kári Friðjónsson;22/02/1996;1.86
4918;rurik gislason;Rúrik Gíslason;25/02/1988;1.84
4919;albert gudmundsson;Albert Guðmundsson;15/06/1997;1.77
4920;johann gudmundsson;Jóhann Berg Guðmundsson;27/10/1990;1.78
4921;aron gunnarsson;Aron Einar Malmquist Gunnarsson;22/04/1989;1.78
4922;hannes halldorsson;Hannes Þór Halldórsson;27/04/1984;1.93
4923;emil hallfredsson;Emil Hallfreðsson;19/07/1984;1.85
4924;sverrir ingi ingason;Sverrir Ingi Ingason;5/07/1993;1.88
4925;hordur magnusson;Hörður Björgvin Magnússon;11/02/1993;1.90
4926;runar alex runarsson;Rúnar Alex Rúnarsson;18/02/1995;1.88
4927;birkir mar saevarsson;Birkir Már Sævarsson;11/11/1984;1.87
4928;frederik schram;Frederik August Albrecht Schram;19/01/1995;1.98
4929;gylfi sigurosson;Gylfi Þór Sigurðsson;8/09/1989;1.85
4930;ragnar sigurdsson;Ragnar Sigurðsson;19/06/1986;1.87
4931;bjorn siguroarson;Björn Bergmann Sigurðarson;26/02/1991;1.86
4932;ari skulason;Ari Freyr Skúlason;14/05/1987;1.70
4933;olafur skulason;Ólafur Ingi Skúlason;1/04/1983;1.83
4934;arnor traustason;Arnór Ingvi Traustason;30/04/1993;1.84
4935;shraga bar;Shraga Bar;24/03/1948;
4936;menachem bello;Menachem Bello;26/12/1947;
4937;eli ben rimoz;Eli Ben Rimoz;1/01/1947;
4938;george borba;George Borba;12/07/1944;
4939;yehezkel chazom;Yehezkel Chazom;1/01/1947;
4940;jehoshua faigenbaum;Jehoshua Faigenbaum;5/12/1947;
4941;yechiel hameiri;Yechiel Hameiri;20/08/1949;
4942;david karako;David Karako;11/02/1945;
4943;yair nossovsky;Yair Nossovsky;29/06/1937;
4944;david primo;David Primo;5/05/1946;
4945;moshe romano;Moshe Romano;6/05/1946;
4946;zvi rosen;Zvi Rosen;23/06/1947;
4947;shmuel rosenthal;Shmuel Rosenthal;22/04/1947;
4948;itzhak schum;Itzhak Schum;1/09/1948;
4949;yeshaiyahu schwager;Yeshaiyahu Schwager;10/02/1946;
4950;dani shmulevich rom;Daniel Shmulevich-Rom;29/11/1940;
4951;aharon shuruk;Aharon Shuruk;24/02/1946;
4952;giora spiegel;Giora Spiegel;27/07/1947;
4953;mordechai spiegler;Mordechai Spiegler;19/08/1944;
4954;rahamim talbi;Rahamim Talbi;17/05/1943;
4955;johanan vallach;Johanan Vallach;14/05/1945;
4956;itzhak vissoker;Itzhak Vissoker;18/09/1944;
4957;ignazio abate;Ignazio Abate;12/11/1986;1.80
4958;christian abbiati;Christian Abbiati;8/07/1977;1.90
4959;demetrio albertini;Demetrio Albertini;23/08/1971;1.80
4960;enrico albertosi;Enrico Albertosi;2/11/1939;
4961;luigi allemandi;Luigi Allemandi;8/11/1903;
4962;jose altafini;Jose Altafini;24/07/1938;
4963;alessandro altobelli;Alessandro Altobelli;28/11/1955;
4964;amedeo amadei;Amedeo Amadei;26/07/1921;
4965;marco amelia;Marco Amelia;2/04/1982;1.90
4966;pietro anastasi;Pietro Anastasi;7/04/1948;
4967;carlo ancelotti;Carlo Ancelotti;10/06/1959;
4968;michele andreolo;Miguel Andreolo Frodella;6/09/1912;1.69
4969;carlo annovazzi;Carlo Annovazzi;24/05/1925;
4970;giancarlo antognoni;Giancarlo Antognoni;1/04/1954;
4971;roberto anzolin;Roberto Anzolin;18/04/1938;
4972;luigi apolloni;Luigi Apolloni;2/05/1967;
4973;alberto aquilani;Alberto Aquilani;7/06/1984;1.86
4974;pietro arcari;Pietro Arcari;2/12/1909;
4975;dino baggio;Dino Baggio;24/07/1971;
4976;roberto baggio;Roberto Baggio;18/02/1967;1.74
4977;salvatore bagni;Salvatore Bagni;25/09/1956;
4978;mario balotelli;Mario Balotelli;12/08/1990;1.89
4979;franco baresi;Franco Baresi;8/05/1960;
4980;giuseppe baresi;Giuseppe Baresi;7/02/1958;
4981;paolo barison;Paolo Barison;23/06/1936;
4982;simone barone;Simone Barone;30/04/1978;1.80
4983;andrea barzagli;Andrea Barzagli;8/05/1981;1.86
4984;mauro bellugi;Mauro Bellugi;7/02/1950;
4985;antonio benarrivo;Antonio Benarrivo;21/08/1968;
4986;romeo benetti;Romeo Benetti;20/10/1945;
4987;giuseppe bergomi;Giuseppe Bergomi;22/12/1963;
4988;nicola berti;Nicola Berti;14/04/1967;
4989;mario bertini;Mario Bertini;7/01/1944;
4990;luigi bertolini;Luigi Bertolini;13/09/1904;
4991;sergio bertoni;Sergio Bertoni;23/09/1915;
4992;roberto bettega;Roberto Bettega;27/12/1950;
4993;amedeo biavati;Amedeo Biavati;4/04/1915;
4994;ivano blason;Ivano Blason;24/05/1923;
4995;salvatore bocchetti;Salvatore Bocchetti;30/11/1986;1.78
4996;roberto boninsegna;Roberto Boninsegna;13/11/1943;
4997;giampiero boniperti;Giampiero Boniperti;4/07/1928;
4998;leonardo bonucci;Leonardo Bonucci;1/05/1987;1.90
4999;ivano bordon;Ivano Bordon;13/04/1951;1.86
5000;felice borel;Felice Borel;5/04/1914;
5001;luca bucci;Luca Bucci;13/03/1969;
5002;gianluigi buffon;Gianluigi Buffon;28/01/1978;1.91
5003;lorenzo buffon;Lorenzo Buffon;19/12/1929;
5004;giacomo bulgarelli;Giacomo Bulgarelli;24/10/1940;
5005;tarcisio burgnich;Tarcisio Burgnich;25/04/1939;
5006;antonio cabrini;Antonio Cabrini;8/10/1957;
5007;umberto caligaris;Umberto Caligaris;26/07/1901;
5008;mauro camoranesi;Mauro Camoranesi;4/10/1976;1.74
5009;aldo campatelli;Aldo Campatelli;7/04/1919;
5010;antonio candreva;Antonio Candreva;28/02/1987;1.80
5011;fabio cannavaro;Fabio Cannavaro;13/09/1973;1.75
5012;fabio capello;Fabio Capello;18/06/1946;
5013;gino cappello;Gino Cappello;2/06/1920;
5014;emilio caprile;Emilio Caprile;30/09/1928;
5015;riccardo carapellese;Riccardo Carapellese;1/07/1922;
5016;andrea carnevale;Andrea Carnevale;12/01/1961;
5017;giuseppe casari;Giuseppe Casari;10/04/1922;
5018;pierluigi casiraghi;Pierluigi Casiraghi;4/03/1969;
5019;antonio cassano;Antonio Cassano;12/07/1982;1.75
5020;armando castellazzi;Armando Castellazzi;7/02/1904;
5021;luciano castellini;Luciano Castellini;12/12/1945;
5022;franco causio;Franco Causio;1/02/1949;
5023;giuseppe cavanna;Giuseppe Cavanna;18/11/1905;
5024;pierluigi cera;Pierluigi Cera;25/02/1941;
5025;alessio cerci;Alessio Cerci;23/07/1987;1.80
5026;carlo ceresoli;Carlo Ceresoli;14/06/1910;
5027;sergio cervato;Sergio Cervato;23/03/1929;
5028;giorgio chiellini;Giorgio Chiellini;14/08/1984;1.92
5029;enrico chiesa;Enrico Chiesa;29/12/1970;
5030;giorgio chinaglia;Giorgio Chinaglia;24/01/1947;
5031;bruno chizzo;Bruno Chizzo;19/04/1916;
5032;francesco coco;Francesco Coco;8/01/1977;1.81
5033;sandro cois;Sandro Cois;9/06/1972;
5034;gino colaussi;Gino Colaussi;4/03/1914;
5035;fulvio collovati;Fulvio Collovati;9/05/1957;
5036;giampiero combi;Giampiero Combi;20/11/1902;
5037;antonio conte;Antonio Conte;31/07/1969;
5038;bruno conti;Bruno Conti;13/03/1955;
5039;paolo conti;Paolo Conti;1/04/1950;
5040;alessandro costacurta;Alessandro Costacurta;24/04/1966;
5041;leonardo costagliola;Leonardo Costagliola;27/10/1921;
5042;domenico criscito;Domenico Criscito;30/12/1986;1.75
5043;antonello cuccureddu;Antonello Cuccureddu;4/10/1949;
5044;matteo darmian;Matteo Darmian;2/12/1989;1.82
5045;mario david;Mario David;13/03/1934;
5046;luigi de agostini;Luigi De Agostini;7/04/1961;
5047;fernando de napoli;Fernando De Napoli;15/03/1964;
5048;daniele de rossi;Daniele De Rossi;24/07/1983;1.82
5049;morgan de sanctis;Morgan De Sanctis;26/03/1977;1.90
5050;mattia de sciglio;Mattia De Sciglio;20/10/1992;1.83
5051;giancarlo de sisti;Giancarlo De Sisti;13/03/1943;
5052;alessandro del piero;Alessandro Del Piero;9/11/1974;1.73
5053;marco delvecchio;Marco Delvecchio;7/04/1973;1.86
5054;atilio demaria;Atilio Demaria;19/03/1909;
5055;luigi di biagio;Luigi Di Biagio;3/06/1971;1.77
5056;antonio di gennaro;Antonio Di Gennaro;5/10/1958;
5057;angelo di livio;Angelo Di Livio;26/07/1966;1.73
5058;roberto di matteo;Roberto Di Matteo;29/05/1970;
5059;antonio di natale;Antonio Di Natale;13/10/1977;1.70
5060;angelo domenghini;Angelo Domenghini;25/08/1941;
5061;roberto donadoni;Roberto Donadoni;9/09/1963;
5062;aldo donati;Aldo Donati;29/09/1910;
5063;cristiano doni;Cristiano Doni;1/04/1973;1.85
5064;giuseppe dossena;Giuseppe Dossena;2/05/1958;
5065;alberigo evani;Alberigo Evani;1/01/1963;
5066;giacinto facchetti;Giacinto Facchetti;18/07/1942;
5067;osvaldo fattori;Osvaldo Fattori;22/06/1922;
5068;ugo ferrante;Ugo Ferrante;18/07/1945;
5069;ciro ferrara;Ciro Ferrara;11/02/1967;1.82
5070;giovanni ferrari;Giovanni Ferrari;6/12/1907;
5071;rino ferrario;Rino Ferrario;7/12/1926;
5072;attilio ferraris;Attilio Ferraris;26/03/1904;
5073;pietro ferraris;Pietro Ferraris;15/02/1912;
5074;riccardo ferri;Riccardo Ferri;20/08/1963;
5075;giorgio ferrini;Giorgio Ferrini;18/08/1939;
5076;romano fogli;Romano Fogli;21/01/1938;
5077;alfredo foni;Alfredo Foni;20/01/1911;
5078;amleto frignani;Amleto Frignani;5/03/1932;
5079;zeffiro furiassi;Zeffiro Furiassi;19/01/1923;
5080;giuseppe furino;Giuseppe Furino;5/07/1946;
5081;giuseppe galderisi;Giuseppe Galderisi;22/03/1963;
5082;carlo galli;Carlo Galli;6/03/1931;
5083;giovanni galli;Giovanni Galli;29/04/1958;
5084;gennaro gattuso;Gennaro Gattuso;9/01/1978;1.77
5085;mario genta;Mario Genta;1/03/1912;
5086;claudio gentile;Claudio Gentile;27/09/1953;
5087;giorgio ghezzi;Giorgio Ghezzi;10/07/1930;
5088;giovanni giacomazzi;Giovanni Giacomazzi;18/01/1928;
5089;giuseppe giannini;Giuseppe Giannini;20/08/1964;
5090;alberto gilardino;Alberto Gilardino;5/07/1982;1.84
5091;attilio giovannini;Attilio Giovannini;30/07/1924;
5092;sergio gori;Sergio Gori;24/02/1946;
5093;guido gratton;Guido Gratton;23/09/1932;
5094;francesco graziani;Francesco Graziani;16/12/1952;
5095;fabio grosso;Fabio Grosso;28/11/1977;1.90
5096;enrique guaita;Enrique Guaita;15/07/1910;
5097;anfilogino guarisi;Anfilogino Guarisi;26/12/1905;
5098;aristide guarneri;Aristide Guarneri;7/03/1938;
5099;vincenzo iaquinta;Vincenzo Iaquinta;21/11/1979;1.86
5100;ciro immobile;Ciro Immobile;20/02/1990;1.85
5101;lorenzo insigne;Lorenzo Insigne;4/06/1991;1.63
5102;filippo inzaghi;Filippo Inzaghi;9/08/1973;1.81
5103;mark iuliano;Mark Iuliano;12/08/1973;1.87
5104;francesco janich;Francesco Janich;27/03/1937;
5105;antonio juliano;Antonio Juliano;1/01/1943;
5106;spartaco landini;Spartaco Landini;31/01/1944;
5107;gianfranco leoncini;Gianfranco Leoncini;25/09/1939;
5108;ugo locatelli;Ugo Locatelli;5/02/1916;
5109;giovanni lodetti;Giovanni Lodetti;10/08/1942;
5110;benito lorenzi;Benito Lorenzi;20/12/1925;
5111;giacomo losi;Giacomo Losi;10/09/1935;
5112;christian maggio;Christian Maggio;11/02/1982;1.84
5113;augusto magli;Augusto Magli;9/03/1923;
5114;ardico magnini;Ardico Magnini;21/10/1928;
5115;aldo maldera;Aldo Maldera;14/10/1953;
5116;cesare maldini;Cesare Maldini;5/02/1932;
5117;paolo maldini;Paolo Cesare Maldini;26/06/1968;1.86
5118;roberto mancini;Roberto Mancini;27/11/1964;
5119;lionello manfredonia;Lionello Manfredonia;27/11/1956;
5120;luca marchegiani;Luca Marchegiani;22/02/1966;
5121;federico marchetti;Federico Marchetti;7/02/1983;1.88
5122;claudio marchisio;Claudio Marchisio;19/01/1986;1.79
5123;giacomo mari;Giacomo Mari;17/10/1924;
5124;giampiero marini;Giampiero Marini;25/02/1951;
5125;giancarlo marocchi;Giancarlo Marocchi;4/07/1965;
5126;humberto maschio;Humberto Maschio;20/02/1933;
5127;guido masetti;Guido Masetti;22/11/1907;
5128;daniele massaro;Daniele Massaro;23/05/1961;
5129;marco materazzi;Marco Materazzi;19/08/1973;1.93
5130;carlo mattrel;Carlo Mattrel;14/04/1937;
5131;sandro mazzola;Sandro Mazzola;8/11/1942;
5132;giuseppe meazza;Giuseppe Meazza;23/08/1910;
5133;giampaolo menichelli;Giampaolo Menichelli;29/06/1938;
5134;luigi meroni;Luigi Meroni;24/02/1943;
5135;lorenzo minotti;Lorenzo Minotti;8/02/1967;
5136;vincenzo montella;Vincenzo Montella;18/06/1974;1.72
5137;luis monti;Luis Monti;15/05/1901;
5138;riccardo montolivo;Riccardo Montolivo;18/01/1985;1.81
5139;eraldo monzeglio;Eraldo Monzeglio;5/05/1906;
5140;bruno mora;Bruno Mora;24/03/1937;
5141;francesco moriero;Francesco Moriero;31/03/1969;
5142;francesco morini;Francesco Morini;12/08/1944;
5143;giuseppe moro;Giuseppe Moro;16/01/1921;
5144;thiago motta;Thiago Motta;28/08/1982;1.87
5145;ermes muccinelli;Ermes Muccinelli;28/07/1927;
5146;roberto mussi;Roberto Mussi;25/08/1963;
5147;sebastiano nela;Sebastiano Nela;13/03/1961;
5148;maino neri;Maino Neri;30/06/1924;
5149;alessandro nesta;Alessandro Nesta;19/03/1976;1.87
5150;fulvio nesti;Fulvio Nesti;8/06/1925;
5151;comunardo niccolai;Comunardo Niccolai;15/12/1946;
5152;massimo oddo;Massimo Oddo;14/06/1976;1.82
5153;aldo olivieri;Aldo Olivieri;2/10/1910;
5154;renato olmi;Renato Olmi;12/07/1914;
5155;gabriele oriali;Gabriele Oriali;25/11/1952;
5156;raimundo orsi;Raimundo Orsi;2/12/1901;
5157;gianluca pagliuca;Gianluca Pagliuca;18/12/1966;
5158;gabriel paletta;Gabriel Paletta;15/02/1986;1.90
5159;angelo palombo;Angelo Palombo;25/09/1981;1.77
5160;egisto pandolfini;Egisto Pandolfini;19/02/1926;
5161;christian panucci;Christian Panucci;12/04/1973;1.85
5162;carlo parola;Carlo Parola;20/09/1921;
5163;marco parolo;Marco Parolo;25/01/1985;1.86
5164;ezio pascutti;Ezio Pascutti;1/06/1937;
5165;piero pasinati;Piero Pasinati;21/07/1910;
5166;giampaolo pazzini;Giampaolo Pazzini;2/08/1984;1.80
5167;eraldo pecci;Eraldo Pecci;12/04/1955;
5168;simone pepe;Simone Pepe;30/08/1983;1.79
5169;marino perani;Marino Perani;27/10/1939;
5170;mario perazzolo;Mario Perazzolo;7/06/1911;
5171;mattia perin;Mattia Perin;10/11/1992;1.88
5172;simone perrotta;Simone Perrotta;17/09/1977;1.78
5173;angelo peruzzi;Angelo Peruzzi;16/02/1970;1.81
5174;gianluca pessotto;Gianluca Pessotto;11/08/1970;
5175;silvio piola;Silvio Piola;29/09/1913;
5176;andrea pirlo;Andrea Pirlo;19/05/1979;1.77
5177;gino pivatelli;Gino Pivatelli;27/03/1933;
5178;pierluigi pizzaballa;Pierluigi Pizzaballa;14/09/1939;
5179;mario pizziolo;Mario Pizziolo;7/12/1909;
5180;fabrizio poletti;Fabrizio Poletti;13/07/1943;
5181;pierino prati;Pierino Prati;13/12/1946;
5182;giorgio puia;Giorgio Puia;8/03/1938;
5183;paolo pulici;Paolo Pulici;27/04/1950;
5184;fabio quagliarella;Fabio Quagliarella;31/01/1983;1.80
5185;luigi radice;Luigi Radice;15/01/1935;
5186;pietro rava;Pietro Rava;12/01/1916;
5187;luciano re cecconi;Luciano Re Cecconi;1/12/1948;
5188;leandro remondini;Leandro Remondini;17/11/1917;
5189;gigi riva;Gigi Riva;7/11/1944;1.82
5190;gianni rivera;Gianni Rivera;18/08/1943;
5191;francesco rizzo;Francesco Rizzo;30/05/1943;
5192;enzo robotti;Enzo Robotti;15/06/1935;
5193;roberto rosato;Roberto Rosato;18/08/1943;
5194;virginio rosetta;Virginio Rosetta;25/02/1902;
5195;paolo rossi;Paolo Rossi;23/09/1956;
5196;giuseppe sabadini;Giuseppe Sabadini;26/03/1949;
5197;claudio sala;Claudio Sala;8/09/1947;
5198;patrizio sala;Patrizio Sala;16/06/1955;
5199;sandro salvadore;Sandro Salvadore;29/11/1939;
5200;angelo schiavio;Angelo Schiavio;15/10/1905;
5201;salvatore schillaci;Salvatore Schillaci;1/12/1964;
5202;gaetano scirea;Gaetano Scirea;25/05/1953;
5203;armando segato;Armando Segato;3/05/1930;
5204;franco selvaggi;Franco Selvaggi;15/05/1953;
5205;lucidio sentimenti;Lucidio Sentimenti;1/07/1920;
5206;pietro serantoni;Pietro Serantoni;12/12/1916;
5207;aldo serena;Aldo Serena;25/06/1960;
5208;giuseppe signori;Giuseppe Signori;17/02/1968;
5209;salvatore sirigu;Salvatore Sirigu;12/01/1987;1.92
5210;omar sivori;Omar Sivori;2/10/1935;
5211;angelo sormani;Angelo Sormani;3/07/1939;
5212;luciano spinosi;Luciano Spinosi;9/05/1950;
5213;stefano tacconi;Stefano Tacconi;13/05/1957;
5214;franco tancredi;Franco Tancredi;10/01/1955;
5215;marco tardelli;Marco Tardelli;24/09/1954;
5216;mauro tassotti;Mauro Tassotti;19/01/1960;
5217;omero tognon;Omero Tognon;3/03/1924;
5218;francesco toldo;Francesco Toldo;2/12/1971;1.96
5219;damiano tommasi;Damiano Tommasi;17/05/1974;1.77
5220;luca toni;Luca Toni;26/05/1977;1.94
5221;moreno torricelli;Moreno Torricelli;23/01/1970;
5222;francesco totti;Francesco Totti;27/09/1976;1.80
5223;giovanni trapattoni;Giovanni Trapattoni;17/03/1939;
5224;roberto tricella;Roberto Tricella;18/03/1959;
5225;paride tumburus;Paride Tumburus;8/03/1939;
5226;mario varglien;Mario Varglien;16/12/1905;
5227;marco verratti;Marco Verratti;5/11/1992;1.65
5228;gianluca vialli;Gianluca Vialli;9/07/1964;
5229;pietro vierchowod;Pietro Vierchowod;6/04/1959;
5230;christian vieri;Christian Vieri;12/07/1973;1.85
5231;lido vieri;Lido Vieri;16/07/1939;
5232;guido vincenzi;Guido Vincenzi;14/07/1932;
5233;giovanni viola;Giovanni Viola;20/06/1925;
5234;giuseppe wilson;Giuseppe Wilson;27/10/1945;
5235;cristian zaccardo;Cristian Zaccardo;21/12/1981;1.84
5236;renato zaccarelli;Renato Zaccarelli;18/01/1951;
5237;gianluca zambrotta;Gianluca Zambrotta;19/02/1977;1.81
5238;cristiano zanetti;Cristiano Zanetti;10/04/1977;1.80
5239;walter zenga;Walter Zenga;28/04/1960;
5240;dino zoff;Dino Zoff;28/02/1942;
5241;gianfranco zola;Gianfranco Zola;5/07/1966;
5242;warren barrett;Warren Barrett;7/09/1970;
5243;walter boyd;Walter Boyd;1/01/1972;
5244;durrent brown;Durrent Brown;7/08/1964;
5245;deon burton;Deon Burton;25/10/1976;
5246;peter cargill;Peter Cargill;2/03/1964;
5247;christopher dawes;Christopher Dawes;31/05/1974;
5248;linval dixon;Linval Dixon;14/09/1971;
5249;robert earle;Robert Earle;27/01/1965;
5250;ricardo gardner;Ricardo Gardner;25/09/1978;
5251;marcus gayle;Marcus Gayle;27/09/1970;
5252;ian goodison;Ian Goodison;21/11/1972;
5253;paul hall;Paul Hall;3/07/1972;
5254;aaron lawrence;Aaron Lawrence;11/08/1970;
5255;onandi lowe;Onandi Lowe;2/12/1973;
5256;stephen malcolm;Stephen Malcolm;2/05/1970;
5257;darryl powell;Darryl Powell;15/11/1971;
5258;donovan ricketts;Donovan Ricketts;6/07/1977;
5259;dean sewell;Dean Sewell;13/04/1972;
5260;fitzroy simpson;Fitzroy Simpson;26/02/1970;
5261;frank sinclair;Frank Sinclair;3/12/1971;
5262;theodore whitmore;Theodore Whitmore;5/08/1972;
5263;andrew williams;Andrew Williams;23/09/1977;
5264;yuki abe;Yuki Abe;6/09/1981;1.77
5265;yutaka akita;Yutaka Akita;6/08/1970;1.80
5266;toshihiro aoyama;Toshihiro Aoyama;22/02/1986;1.74
5267;takuma asano;Takuma Asano;10/11/1994;1.73
5268;ritsu doan;Ritsu Doan;16/06/1998;1.72
5269;yoichi doi;Yoichi Doi;25/07/1973;1.84
5270;wataru endo;Wataru Endo;9/02/1993;1.78
5271;yasuhito endo;Yasuhito Endo;28/01/1980;1.78
5272;takashi fukunishi;Takashi Fukunishi;1/09/1976;1.81
5273;shuichi gonda;Shuichi Gonda;3/03/1989;1.87
5274;genki haraguchi;Genki Haraguchi;9/05/1991;1.77
5275;makoto hasebe;Makoto Hasebe;18/01/1984;1.77
5276;toshihiro hattori;Toshihiro Hattori;23/09/1973;1.78
5277;masaaki higashiguchi;Masaaki Higashiguchi;12/05/1986;1.84
5278;takashi hirano;Takashi Hirano;15/07/1974;
5279;keisuke honda;Keisuke Honda;13/06/1986;1.82
5280;daisuke ichikawa;Daisuke Ichikawa;14/05/1980;1.81
5281;masami ihara;Masami Ihara;18/09/1967;
5282;junichi inamoto;Junichi Inamoto;18/09/1979;1.81
5283;masahiko inoha;Masahiko Inoha;28/08/1985;1.79
5284;takashi inui;Takashi Inui;2/06/1988;1.69
5285;ko itakura;Ko Itakura;27/01/1997;1.86
5286;hiroki ito;Hiroki Ito;12/05/1999;1.88
5287;junya ito;Junya Ito;9/03/1993;1.76
5288;teruyoshi ito;Teruyoshi Ito;31/08/1974;1.68
5289;daiki iwamasa;Daiki Iwamasa;30/01/1982;1.87
5290;shoji jo;Shoji Jo;17/06/1975;
5291;shinji kagawa;Shinji Kagawa;17/03/1989;1.72
5292;akira kaji;Akira Kaji;13/01/1980;1.77
5293;yoichiro kakitani;Yoichiro Kakitani;3/01/1990;1.77
5294;daichi kamada;Daichi Kamada;5/08/1996;1.80
5295;yoshikatsu kawaguchi;Yoshikatsu Kawaguchi;15/08/1975;1.80
5296;eiji kawashima;Eiji Kawashima;20/03/1983;1.85
5297;hiroshi kiyotake;Hiroshi Kiyotake;12/11/1989;1.72
5298;nobuyuki kojima;Nobuyuki Kojima;17/01/1966;
5299;yuichi komano;Yuichi Komano;25/07/1981;1.71
5300;yasuyuki konno;Yasuyuki Konno;25/01/1983;1.78
5301;take kubo;Take Kubo;4/06/2001;1.73
5302;wagner lopes;Wagner Lopes;29/01/1969;
5303;shuto machino;Shuto Machino;30/09/1999;1.85
5304;daizen maeda;Daizen Maeda;20/10/1997;1.76
5305;seiichiro maki;Seiichiro Maki;7/08/1980;1.84
5306;tomoaki makino;Tomoaki Makino;11/05/1987;1.82
5307;naoki matsuda;Naoki Matsuda;14/03/1977;1.83
5308;daisuke matsui;Daisuke Matsui;11/05/1981;1.75
5309;takumi minamino;Takumi Minamino;16/01/1995;1.74
5310;kaoru mitoma;Kaoru Mitoma;20/05/1997;1.78
5311;tsuneyasu miyamoto;Tsuneyasu Miyamoto;7/02/1977;1.76
5312;teruyuki moniwa;Teruyuki Moniwa;8/09/1981;1.81
5313;takayuki morimoto;Takayuki Morimoto;7/05/1988;1.80
5314;ryuzo morioka;Ryuzo Morioka;7/10/1975;1.80
5315;masato morishige;Masato Morishige;21/05/1987;1.83
5316;hiroaki morishima;Hiroaki Morishima;30/04/1972;1.68
5317;hidemasa morita;Hidemasa Morita;10/05/1995;1.77
5318;yoshinori muto;Yoshinori Mutō;15/07/1992;1.78
5319;tomokazu myojin;Tomokazu Myojin;24/01/1978;1.73
5320;yuto nagatomo;Yuto Nagatomo;12/09/1986;1.70
5321;kengo nakamura;Kengo Nakamura;31/10/1980;1.75
5322;kosuke nakamura;Kosuke Nakamura;27/02/1995;1.85
5323;shunsuke nakamura;Shunsuke Nakamura;24/06/1978;1.78
5324;eisuke nakanishi;Eisuke Nakanishi;23/06/1973;
5325;hidetoshi nakata;Hidetoshi Nakata;22/01/1977;1.75
5326;koji nakata;Koji Nakata;9/07/1979;1.82
5327;masashi nakayama;Masashi Nakayama;23/09/1967;1.78
5328;yuji nakazawa;Yuji Nakazawa;25/02/1978;1.87
5329;hiroshi nanami;Hiroshi Nanami;28/11/1972;1.77
5330;akira narahashi;Akira Narahashi;26/11/1971;1.70
5331;seigo narazaki;Seigo Narazaki;15/04/1976;1.86
5332;shusaku nishikawa;Shusaku Nishikawa;18/06/1986;1.83
5333;akinori nishizawa;Akinori Nishizawa;18/06/1976;1.80
5334;mitsuo ogasawara;Mitsuo Ogasawara;5/04/1979;1.73
5335;masashi oguro;Masashi Oguro;4/05/1980;1.77
5336;masayuki okano;Masayuki Okano;25/07/1972;1.75
5337;shinji okazaki;Shinji Okazaki;16/04/1986;1.74
5338;yoshito okubo;Yoshito Okubo;9/06/1982;1.70
5339;norio omura;Norio Omura;6/09/1969;
5340;shinji ono;Shinji Ono;27/09/1979;1.75
5341;yuya osako;Yuya Osako;18/05/1990;1.82
5342;ryota oshima;Ryota Oshima;23/01/1993;1.68
5343;manabu saito;Manabu Saito;4/04/1990;1.69
5344;toshihide saito;Toshihide Saito;20/04/1973;
5345;gotoku sakai;Gōtoku Sakai;14/03/1991;1.76
5346;hiroki sakai;Hiroki Sakai;12/04/1990;1.85
5347;alessandro santos;Alessandro Santos;20/07/1977;1.78
5348;daniel schmid;Daniel Schmid;3/02/1992;1.97
5349;gaku shibasaki;Gaku Shibasaki;28/05/1992;1.75
5350;gen shoji;Gen Shōji;11/12/1992;1.82
5351;hitoshi sogahata;Hitoshi Sogahata;2/08/1979;1.87
5352;naoki soma;Naoki Soma;19/07/1971;
5353;yuki soma;Yuki Soma;25/02/1997;1.66
5354;takayuki suzuki;Takayuki Suzuki;5/06/1976;1.82
5355;naohiro takahara;Naohiro Takahara;4/06/1979;1.80
5356;keiji tamada;Keiji Tamada;11/04/1980;1.73
5357;ao tanaka;Ao Tanaka;10/09/1998;1.80
5358;marcus tulio tanaka;Marcus Tulio Tanaka;24/04/1981;1.85
5359;shogo taniguchi;Shogo Taniguchi;15/07/1991;1.83
5360;kazuyuki toda;Kazuyuki Toda;30/12/1977;1.78
5361;takehiro tomiyasu;Takehiro Tomiyasu;5/11/1998;1.87
5362;keisuke tsuboi;Keisuke Tsuboi;16/09/1979;1.79
5363;atsuto uchida;Atsuto Uchida;27/03/1988;1.76
5364;ayase ueda;Ayase Ueda;28/08/1998;1.82
5365;naomichi ueda;Naomichi Ueda;24/10/1994;1.86
5366;takashi usami;Takashi Usami;6/04/1992;1.78
5367;hotaru yamaguchi;Hotaru Yamaguchi;6/10/1990;1.73
5368;motohiro yamaguchi;Motohiro Yamaguchi;29/01/1969;
5369;miki yamane;Miki Yamane;22/12/1993;1.78
5370;atsushi yanagisawa;Atsushi Yanagisawa;27/05/1977;1.77
5371;kisho yano;Kisho Yano;5/04/1984;1.85
5372;maya yoshida;Maya Yoshida;24/08/1988;1.89
5373;adam adam;Adam Adam;23/09/1957;
5374;abdulaziz al anbari;Abdulaziz Al Anbari;3/01/1954;
5375;abdulaziz al balushi;Abdulaziz Al Balushi;16/02/1960;
5376;faisal al dakhil;Faisal Al Dakhil;13/08/1957;
5377;nasser al ghanem;Nasser Al Ghanem;4/04/1961;
5378;mouayad al haddad;Mouayad Al Haddad;1/01/1960;
5379;sami al hashash;Sami Al Hashash;15/09/1959;
5380;saad al hutti;Saad Al Hutti;24/05/1954;
5381;walid al mubarak;Walid Al Mubarak;18/11/1959;
5382;jamal al qabandi;Jamal Al Qabandi;7/04/1959;
5383;hamud al shemmari;Hamud Al Shemmari;26/09/1960;
5384;ahmed al tarabulsi;Ahmed Al Tarabulsi;22/03/1947;
5385;jassem bahman;Jassem Bahman;15/02/1958;
5386;naim fajah;Naim Fajah;1/10/1957;
5387;yusuf faraj;Yusuf Faraj;20/09/1958;
5388;mohamed karam;Mohamed Karam;1/01/1955;
5389;fathi matar;Fathi Matar;23/05/1955;
5390;abdullah mayuf;Abdullah Mayuf;3/12/1953;
5391;abdulaziz mohammed;Abdulaziz Mohammed;4/12/1962;
5392;mahboud mubarak;Mahboud Mubarak;17/09/1955;
5393;mubarak mubarak;Mubarak Mubarak;1/01/1961;
5394;jasem sultan;Jasem Sultan;25/10/1953;
5395;nacer abdellah;Nacer Abdellah;3/03/1966;
5396;zakaria aboukhlal;Zakaria Aboukhlal;18/02/2000;1.79
5397;lahcen abrami;Lahcen Abrami;31/12/1969;
5398;nayef aguerd;Nayef Aguerd;30/03/1996;1.90
5399;youssef ait bennasser;Youssef Aït Bennasser;7/07/1996;1.84
5400;ahmed alaoui;Ahmed Alaoui;1/01/1949;
5401;selim amallah;Selim Amallah;15/11/1996;1.86
5402;azeddine amanallah;Azeddine Amanallah;7/04/1956;
5403;nordin amrabat;Noureddine Amrabat;31/03/1987;1.78
5404;sofyan amrabat;Sofyan Amrabat;21/08/1996;1.83
5405;gharib amzine;Gharib Amzine;3/05/1973;
5406;yahia attitat allal;Yahia Attitat-Allal;2/03/1995;1.76
5407;khalil azmi;Khalil Azmi;23/08/1964;
5408;rachid azzouzi;Rachid Azzouzi;10/01/1971;
5409;ahmed bahja;Ahmed Bahja;21/12/1970;
5410;driss bamous;Driss Bamous;15/12/1942;
5411;salaheddine bassir;Salaheddine Bassir;5/09/1972;
5412;younes belhanda;Younès Belhanda;25/02/1990;1.77
5413;allal ben kassou;Allal Ben Kassou;1/01/1941;
5414;driss ben zekri;Driss Ben Zekri;31/12/1970;
5415;medhi benatia;Medhi Amine El Mouttaqi Benatia;17/04/1987;1.89
5416;boujamaa benkhrif;Boujamaa Benkhrif;1/01/1947;
5417;badr benoun;Badr Benoun;30/09/1993;1.88
5418;abdellah bidar;Abdellah Bidar;19/08/1967;
5419;aziz bouderbala;Aziz Bouderbala;26/12/1960;
5420;sofiane boufal;Sofiane Boufal;17/09/1993;1.70
5421;aziz bouhaddouz;Aziz Bouhaddouz;30/03/1987;1.88
5422;yassine bounou;Yassine Bounou;5/04/1991;1.90
5423;mbark boussoufa;Moubarak Boussoufa;17/08/1984;1.67
5424;khalid boutaib;Khalid Boutaïb;24/04/1987;1.90
5425;noureddine bouyahyaoui;Noureddine Bouyahyaoui;7/01/1955;
5426;abdelmajid bouyboud;Abdelmajid Bouyboud;24/10/1966;
5427;mehdi carcela;Mehdi François Carcela-González;1/07/1989;1.79
5428;ilias chair;Ilias Chair;30/10/1997;1.64
5429;mohammed chaouch;Mohammed Chaouch;12/12/1966;
5430;walid cheddira;Walid Cheddira;22/01/1998;1.87
5431;said chiba;Said Chiba;28/09/1970;
5432;youssef chippo;Youssef Chippo;10/05/1973;1.74
5433;mustafa choukri;Mustafa Choukri;1/01/1945;
5434;manuel da costa;Manuel Marouane da Costa Trindade Senoussi;6/05/1986;1.94
5435;hadi dahane;Hadi Dahane;1/01/1946;
5436;rachid daoudi;Rachid Daoudi;21/02/1966;
5437;achraf dari;Achraf Dari;6/05/1999;1.90
5438;said dghay;Said Dghay;14/01/1964;
5439;nabil dirar;Nabil Dirar;25/02/1986;1.87
5440;abdelmajid dolmy;Abdelmajid Dolmy;19/04/1953;
5441;zakaria el achraf;Zakaria El Achraf;17/06/1966;
5442;karim el ahmadi;Karim El Ahmadi Aroussi;27/01/1985;1.85
5443;hababi el arbi;Hababi El Arbi;12/08/1967;
5444;mustafa el biyaz;Mustafa El Biyaz;12/12/1960;
5445;abdelkader el brazi;Abdelkader El Brazi;5/11/1964;
5446;mustapha el chadili;Mustapha El Chadili;14/02/1973;1.70
5447;mohamed el filali;Mohamed El Filali;9/07/1945;
5448;mustapha el hadaoui;Mustapha El Hadaoui;28/07/1961;
5449;mohammed el haddaoui;Mohammed El Haddaoui;21/10/1964;
5450;mustafa el hadji;Mustafa El Hadji;16/11/1971;
5451;abdelkarim el hadrioui;Abdelkarim El Hadrioui;6/03/1972;
5452;ayoub el kaabi;Ayoub El Kaabi;26/06/1993;1.82
5453;munir mohand;Munir Mohand Mohamedi El Kajoui;10/05/1989;1.90
5454;taher el khalej;Taher El Khalej;16/06/1968;
5455;bilel el khanouss;Bilel El Khanouss;10/05/2004;1.80
5456;ali el khattabi;Ali El Khattabi;17/01/1977;
5457;abdelkader el khyati;Abdelkader El Khyati;1/01/1945;
5458;jawad el yamiq;Jawad El-Yamiq;29/02/1992;1.93
5459;youssef en nesyri;Youssef En-Nesyri;1/06/1997;1.88
5460;abde ezzalzouli;Abdé Ezzalzouli;17/12/2001;1.77
5461;jilali fadili;Jilali Fadili;1/01/1940;
5462;faycal fajr;Fayçal Fajr;1/08/1988;1.78
5463;ahmed faras;Ahmed Faras;1/01/1946;
5464;mahjoub ghazouani;Mahjoub Ghazouani;1/01/1948;
5465;abdeljalil hadda;Abdeljalil Hadda;21/03/1972;
5466;achraf hakimi;Achraf Hakimi Mouh;4/11/1998;1.81
5467;abderrazak hamdallah;Abderrazak Hamdallah;17/12/1990;1.79
5468;amine harit;Amine Harit;18/06/1997;1.80
5469;mohamed hazzaz;Mohamed Hazzaz;1/01/1945;
5470;salaheddine hmied;Salaheddine Hmied;1/09/1961;
5471;abdelfettah houdani;Abdelfettah Houdani;30/07/1956;
5472;yahya jabrane;Yahya Jabrane;18/06/1991;1.83
5473;houmane jarir;Houmane Jarir;1/01/1945;
5474;fadel jilal;Fadel Jilal;4/03/1964;
5475;hassan kachloul;Hassan Kachloul;19/02/1973;
5476;driss kanoussi;Driss Kanoussi;1/01/1939;
5477;abdelrazzak khairi;Abdelrazzak Khairi;20/11/1962;
5478;labid khalifa;Labid Khalifa;1/01/1955;
5479;abdelkarim krimau;Abdelkarim Krimau;13/01/1955;
5480;abdelslam laghrissi;Abdelslam Laghrissi;5/01/1962;
5481;abdallah lamrani;Abdallah Lamrani;1/01/1946;
5482;abdelmajid lamriss;Abdelmajid Lamriss;12/02/1959;
5483;mohamed maaroufi;Mohamed Maaroufi;1/01/1947;
5484;ahmed masbahi;Ahmed Masbahi;17/01/1966;
5485;noussair mazraoui;Noussair Mazraoui;14/11/1997;1.83
5486;hamza mendyl;Hamza Mendyl;21/10/1997;1.79
5487;mustafa merry;Mustafa Merry;21/04/1958;
5488;hassan nader;Hassan Nader;8/07/1965;
5489;noureddine naybet;Noureddine Naybet;10/02/1970;
5490;rachid neqrouz;Rachid Neqrouz;10/04/1972;
5491;abderrahim ouakili;Abderrahim Ouakili;11/12/1970;
5492;lahcen oudani;Lahcen Oudani;14/07/1959;
5493;azzedine ounahi;Azzedine Ounahi;19/04/2000;1.82
5494;abdellah ouriaghli;Abdellah Ouriaghli;1/01/1943;
5495;abdelfettah rhiati;Abdelfettah Rhiati;25/02/1963;
5496;rachid rokki;Rachid Rokki;8/11/1974;
5497;youssef rossi;Youssef Rossi;28/06/1973;
5498;abdelilah saber;Abdelilah Saber;21/04/1974;
5499;abdelhamid sabiri;Abdelhamid Sabiri;28/11/1996;1.86
5500;mohamed sahil;Mohamed Sahil;11/10/1963;
5501;ghandi said;Ghandi Said;1/01/1947;
5502;romain saiss;Romain Ghanem Paul Saïss;26/03/1990;1.90
5503;jamal salami;Jamal Salami;6/10/1970;
5504;mohamed samadi;Mohamed Samadi;21/03/1970;
5505;kassem slimani;Kassem Slimani;1/01/1948;
5506;abdel aziz soulaymani;Abdel Aziz Soulaymani;30/04/1958;
5507;ahmed reda tagnaouti;Ahmed Reda Tagnaouti;5/04/1996;1.86
5508;mohamed timoumi;Mohamed Timoumi;15/01/1960;
5509;smahi triki;Smahi Triki;1/08/1967;
5510;badou zaki;Badou Zaki;2/04/1959;
5511;anass zaroury;Anass Zaroury;7/11/2000;1.76
5512;hakim ziyech;Hakim Ziyech;19/03/1993;1.81
5513;paul aguilar;Paul Aguilar;6/03/1986;1.78
5514;javier aguirre;Javier Aguirre;1/12/1958;
5515;juan manuel alejandrez;Juan Manuel Alejandrez;15/11/1943;
5516;roberto alvarado;Roberto Alvarado;7/09/1998;1.76
5517;edson alvarez;Edson Omar Álvarez Velázquez;24/10/1997;1.80
5518;kevin alvarez;Kevin Álvarez;15/01/1999;1.76
5519;rafael amador;Rafael Amador;16/11/1957;
5520;ignacio ambriz;Marcos Ignacio Ambriz Espinoza;7/02/1965;1.77
5521;efrain amezcua;Efrain Amezcua;3/08/1907;
5522;uriel antuna;Uriel Antuna;21/08/1997;1.67
5523;javier aquino;Javier Ignacio Aquino Carmona;11/02/1990;1.65
5524;nestor araujo;Néstor Araujo;29/08/1991;1.87
5525;jesus arellano;Jesus Arellano;8/05/1973;1.71
5526;raul arellano;Raul Arellano;28/02/1935;
5527;gerardo arteaga;Gerardo Arteaga;7/09/1998;1.75
5528;rafael avalos;Rafael Avalos;1/01/1926;
5529;hugo ayala;Hugo Ayala Castro;31/03/1987;1.83
5530;alberto baeza;Alberto Baeza;6/12/1938;
5531;tomas balcazar;Tomas Balcazar;21/12/1931;
5532;pablo barrera;Pablo Barrera;21/06/1987;1.72
5533;juan ignacio basaguren;Juan Ignacio Basaguren;21/07/1944;
5534;adolfo bautista;Adolfo Bautista;15/05/1979;1.85
5535;jaime belmonte;Jaime Belmonte;8/10/1934;
5536;marcelino bernal;Marcelino Bernal;27/05/1962;
5537;carlos blanco;Carlos Blanco;5/03/1927;
5538;cuauhtemoc blanco;Cuauhtemoc Blanco;17/01/1973;1.78
5539;oscar bonfiglio;Oscar Bonfiglio;5/10/1905;
5540;jose borbolla;Jose Borbolla;31/01/1920;
5541;jared borgetti;Jared Borgetti;14/08/1973;1.82
5542;enrique borja;Enrique Borja;30/12/1945;
5543;tomas boy;Tomas Boy;6/06/1952;
5544;omar bravo;Omar Bravo;4/03/1980;1.74
5545;sergio bravo;Sergio Bravo;1/01/1927;
5546;isaac brizuela;Isaac Brizuela Muñoz;28/08/1990;1.75
5547;melvin brown;Melvin Brown;28/01/1979;1.74
5548;gabriel caballero;Gabriel Caballero;5/02/1971;1.73
5549;ignacio calderon;Ignacio Calderon;13/12/1943;
5550;carlos calderon de la barca;Carlos Calderon De La Barca;2/10/1934;
5551;manuel camacho;Manuel Camacho;29/04/1929;
5552;jorge campos;Jorge Campos;15/10/1966;1.75
5553;antonio carbajal;Antonio Carbajal;7/06/1929;
5554;javier cardenas;Javier Cardenas;8/12/1952;
5555;raul cardenas;Raul Cardenas;30/10/1928;
5556;salvador carmona;Salvador Carmona;22/08/1975;1.76
5557;juan carreno;Juan Carreno;14/08/1907;
5558;carlos carus;Carlos Carus;10/07/1930;
5559;horacio casarin;Horacio Casarin;25/05/1918;
5560;francisco castrejon;Francisco Castrejon;11/06/1947;
5561;israel castro;Israel Castro;20/12/1980;1.75
5562;jesus castro;Jesus Castro;;
5563;jose castro;Jose Castro;11/08/1980;1.73
5564;arturo chaires;Arturo Chaires;14/03/1937;
5565;adrian chavez;Adrian Chavez;27/06/1962;
5566;juan chavez;Juan Chavez;18/01/1967;
5567;luis chavez;Luis Chávez;15/01/1996;1.78
5568;ernesto cisneros;Ernesto Cisneros;26/10/1940;
5569;rigoberto cisneros;Rigoberto Cisneros;15/08/1953;
5570;raul cordoba;Raul Cordoba;;
5571;jesus manuel corona;Jesús Manuel Corona Ruíz;6/01/1993;1.73
5572;jesus corona;José de Jesús Corona;26/01/1981;1.84
5573;ranulfo cortes;Ranulfo Cortes;;
5574;rodolfo cota;Rodolfo Cota;3/07/1987;1.88
5575;felix cruz;Felix Cruz;4/04/1961;
5576;francisco cruz;Francisco Cruz;24/05/1966;
5577;samuel cuburu;Samuel Cuburu;20/02/1928;
5578;leonardo cuellar;Leonardo Cuellar;14/01/1952;
5579;duilio davino;Duilio Davino;21/03/1976;1.79
5580;antonio de la torre;Antonio De La Torre;21/09/1951;
5581;carlos de los cobos;Carlos De Los Cobos;10/12/1958;
5582;alfredo del aguila;Alfredo Del Aguila;3/01/1935;
5583;jesus del muro;Jesus Del Muro;30/11/1937;
5584;joaquin del olmo;Joaquin Del Olmo;20/04/1969;1.73
5585;isidoro diaz;Isidoro Diaz;14/03/1940;
5586;alejandro dominguez;Alejandro Dominguez;9/11/1961;
5587;giovani dos santos;Giovani dos Santos Ramírez;11/05/1989;1.75
5588;jonathan dos santos;Jonathan dos Santos Ramírez;26/04/1990;1.73
5589;miguel espana;Miguel Espana;4/04/1961;
5590;eduardo espinoza;Eduardo Espinoza;12/04/1965;
5591;marco fabian;Marco Jhonfai Fabián de la Mora;21/07/1989;1.70
5592;salvador farfan;Salvador Farfan;22/06/1932;
5593;felix fernandez;Felix Fernandez;11/01/1967;
5594;antonio flores;Antonio Flores;13/07/1923;
5595;francisco flores;Francisco Flores;12/02/1926;
5596;ignacio flores;Ignacio Flores;31/07/1953;
5597;luis flores;Luis Flores;8/08/1962;
5598;jose fonseca;Jose Fonseca;2/10/1979;1.84
5599;javier fragoso;Javier Fragoso;19/04/1942;
5600;guillermo franco;Guillermo Franco;3/11/1976;1.82
5601;rogelio funes mori;Rogelio Funes Mori;5/03/1991;1.86
5602;francisco gabriel de anda;Francisco Gabriel De Anda;5/06/1971;1.88
5603;benjamin galindo;Benjamin Galindo;11/12/1960;
5604;jesus gallardo;Jesús Daniel Gallardo Vasconcelos;15/08/1994;1.74
5605;luis garcia 2;Luis Garcia;1/06/1969;
5606;rafael garcia;Rafael Garcia;14/08/1974;1.75
5607;alberto garcia aspe;Alberto Garcia Aspe;11/05/1967;1.74
5608;francisco gutierrez;Francisco Garza Gutierrez;14/03/1904;
5609;rafael gutierrez;Rafael Garza Gutierrez;13/12/1896;
5610;roberto gayon;Roberto Gayon;1/01/1905;
5611;carlos gomez;Carlos Gomez;16/08/1952;
5612;gregorio gomez;Gregorio Gomez;26/06/1924;
5613;jaime gomez;Jaime Gomez;29/12/1929;
5614;juan gomez;Juan Gomez;26/06/1924;
5615;carlos gonzalez;Carlos Gonzalez;12/04/1935;
5616;jose gonzalez;Jose Gonzalez;14/09/1942;
5617;andres guardado;José Andrés Guardado Hernández;28/09/1986;1.67
5618;carlos guevara;Carlos Guevara;;
5619;crescencio gutierrez;Crescencio Gutierrez;26/10/1933;
5620;erick gutierrez;Érick Gabriel Gutiérrez Galaviz;15/06/1995;1.76
5621;manuel gutierrez;Manuel Gutierrez;8/04/1920;
5622;miguel gutierrez 2;Miguel Gutierrez;7/05/1931;
5623;raul gutierrez;Raul Gutierrez;16/10/1966;
5624;javier guzman;Javier Guzman;9/01/1945;
5625;olaf heredia;Olaf Heredia;19/10/1957;
5626;carlos hermosillo;Carlos Hermosillo;24/08/1964;
5627;alfredo hernandez;Alfredo Hernandez;18/06/1935;
5628;francisco hernandez 2;Francisco Hernandez;;
5629;guillermo hernandez;Guillermo Hernandez;25/06/1942;
5630;hector hernandez;Hector Hernandez;6/12/1935;
5631;javier hernandez 2;Javier Hernández Gutiérrez;1/08/1961;
5632;javier hernandez;Javier Hernández Balcázar;1/06/1988;1.75
5633;luis hernandez;Luis Hernandez;22/12/1968;1.72
5634;hector herrera;Héctor Miguel Herrera;19/04/1990;1.80
5635;raul isiordia;Raul Isiordia;22/12/1952;
5636;francisco jara;Francisco Jara;3/02/1941;
5637;antonio jasso;Antonio Jasso;11/03/1935;
5638;ignacio jauregui;Ignacio Jauregui;31/07/1938;
5639;raul jimenez;Raúl Alonso Jiménez Rodríguez;5/05/1991;1.88
5640;moises jinich;Moises Jinich;;
5641;efrain juarez;Efrain Juarez;22/02/1988;1.75
5642;jose lamadrid;Jose Lamadrid;3/07/1930;
5643;raul lara;Raul Lara;28/02/1973;
5644;pablo larios;Pablo Larios;31/07/1960;
5645;miguel layun;Miguel Arturo Layún Prado;25/06/1988;1.76
5646;hilario lopez;Hilario Lopez;18/11/1907;
5647;ligorio lopez;Ligorio Lopez;3/07/1933;
5648;narciso lopez;Narciso Lopez;18/08/1928;
5649;horacio lopez salgado;Horacio Lopez Salgado;15/09/1948;
5650;enrique lopez zarza;Enrique Lopez Zarza;25/10/1958;
5651;hirving lozano;Hirving Rodrigo Lozano Bahena;30/07/1995;1.76
5652;gerardo lugo;Gerardo Lugo;13/03/1955;
5653;braulio luna;Braulio Luna;8/09/1974;1.82
5654;jonny magallon;Jonny Magallon;21/11/1981;1.78
5655;armando manzo;Armando Manzo;16/10/1958;
5656;rafael marquez;Rafael Márquez Álvarez;13/02/1979;1.85
5657;henry martin;Henry Martin;18/11/1992;1.80
5658;jesus martinez;Jesus Martinez;7/06/1952;
5659;saturnino martinez;Saturnino Martinez;1/01/1928;
5660;alberto medina;Alberto Medina;29/05/1983;1.72
5661;mario medina;Mario Medina;2/09/1952;
5662;dioniso mejia;Dioniso Mejia;6/01/1907;
5663;mario mendez;Mario Mendez;1/06/1979;1.75
5664;guillermo mendizabal;Guillermo Mendizabal;8/10/1954;
5665;magdaleno mercado;Magdaleno Mercado;4/04/1944;
5666;sigifredo mercado;Sigifredo Mercado;21/12/1968;1.83
5667;luis michel;Luis Michel;21/07/1979;1.83
5668;alfonso montemayor;Alfonso Montemayor;28/04/1922;
5669;cesar montes;César Montes;24/02/1997;1.91
5670;francisco montes;Francisco Montes;28/06/1942;
5671;ramon morales;Ramon Morales;10/10/1975;1.68
5672;hector moreno;Héctor Alfredo Moreno Herrera;17/01/1988;1.82
5673;antonio mota;Antonio Mota;1/01/1943;
5674;salvador mota;Salvador Mota;1/01/1923;
5675;antonio munguia;Antonio Munguia;27/06/1942;
5676;carlos munoz;Carlos Munoz;8/09/1962;
5677;elias munoz;Elias Munoz;3/11/1941;
5678;manuel najera;Manuel Najera;20/12/1952;
5679;pedro najera;Pedro Najera;3/02/1929;
5680;jose naranjo;Jose Naranjo;19/03/1926;
5681;jose navarro;Jose Navarro;;
5682;ramiro navarro;Ramiro Navarro;25/05/1943;
5683;manuel negrete;Manuel Negrete;11/03/1959;
5684;gabriel nunez;Gabriel Nunez;6/02/1942;
5685;guillermo ochoa;Francisco Guillermo Ochoa Magaña;13/07/1985;1.85
5686;mario ochoa;Mario Ochoa;1/01/1927;
5687;felipe olivares;Felipe Olivares;5/02/1910;
5688;jaime ordiales;Jaime Ordiales;23/12/1962;
5689;cristobal ortega;Cristobal Ortega;25/07/1956;
5690;guillermo ortiz;Guillermo Ortiz;25/06/1940;
5691;hector ortiz;Héctor Ortiz Benítez;20/12/1928;
5692;ricardo osorio;Ricardo Osorio;30/03/1980;1.73
5693;aaron padilla;Aaron Padilla;10/07/1942;
5694;francisco palencia;Francisco Palencia;28/04/1973;1.75
5695;pavel pardo;Pavel Pardo;26/07/1976;1.74
5696;ricardo pelaez linares;Ricardo Pelaez Linares;14/03/1963;
5697;carlos pena;Carlos Alberto Peña Rodríguez;29/03/1990;1.78
5698;gustavo pena;Gustavo Pena;22/11/1942;
5699;oribe peralta;Oribe Peralta Morones;12/01/1984;1.80
5700;luis perez 2;Luis Ernesto Pérez Gómez;12/01/1981;1.70
5701;luis perez;Luis Pérez González;1/01/1907;
5702;mario perez;Mario Pérez Guadarrama;30/12/1946;
5703;mario perez 2;Mario Placencia Pérez;19/02/1927;
5704;oscar perez;Oscar Perez;1/02/1973;1.71
5705;gonzalo pineda;Gonzalo Pineda;19/10/1982;1.77
5706;orbelin pineda;Orbelín Pineda;24/03/1996;1.69
5707;miguel ponce;Miguel Ángel Ponce;12/04/1989;1.76
5708;alfonso portugal;Alfonso Portugal;21/01/1934;
5709;max prieto;Max Prieto;28/03/1919;
5710;alan pulido;Alan Pulido Izaguirre;8/03/1991;1.75
5711;hector pulido;Hector Pulido;15/12/1942;
5712;fernando quirarte;Fernando Quirarte;7/07/1961;
5713;juan ramirez;Juan Ramirez;8/03/1969;
5714;ramon ramirez;Ramon Ramirez;5/12/1969;
5715;eduardo ramos;Eduardo Ramos;8/11/1949;
5716;victor rangel;Victor Rangel;11/03/1957;
5717;luis regueiro;Luis Regueiro;22/12/1943;
5718;diego reyes;Diego Antonio Reyes Rosales;19/09/1992;1.89
5719;jose reyes;Jose Reyes;12/10/1955;
5720;salvador reyes;Salvador Reyes;20/09/1936;
5721;marcos rivas;Marcos Rivas;19/09/1945;
5722;jose roca;Jose Roca;24/05/1928;
5723;alberto rodriguez;Alberto Rodriguez;1/04/1974;1.68
5724;carlos rodriguez;Carlos Rodríguez;3/01/1997;1.70
5725;francisco rodriguez;Francisco Rodriguez;20/10/1981;1.91
5726;hugo rodriguez;Hugo Rodriguez;14/03/1959;
5727;ignacio rodriguez;Ignacio Rodriguez;12/06/1956;
5728;joahan rodriguez;Joahan Rodriguez;15/08/1975;1.76
5729;jorge rodriguez;Jorge Rodriguez;18/04/1968;
5730;raimundo rodriguez;Raimundo Rodriguez;15/04/1905;
5731;pedro romero;Pedro Romero;12/04/1937;
5732;jorge romo;Jorge Romo;20/04/1923;
5733;luis romo;Luis Romo;5/06/1995;1.83
5734;felipe rosas;Felipe Rosas;5/02/1910;
5735;manuel rosas;Manuel Rosas;17/04/1912;
5736;jose ruiz;Jose Ruiz;1/01/1904;
5737;rodrigo ruiz;Rodrigo Ruiz;14/04/1923;
5738;felipe ruvalcaba;Felipe Ruvalcaba;16/02/1941;
5739;jaime salazar;Jaime Salazar;6/02/1931;
5740;carlos salcedo;Carlos Joel Salcedo Hernández;29/09/1993;1.86
5741;carlos salcido;Carlos Salcido;2/04/1980;1.76
5742;jose salgado;Jose Salgado;3/04/1966;
5743;luis salvador;Luis Salvador;26/02/1968;
5744;alfredo sanchez;Alfredo Sanchez;;
5745;hugo sanchez;Hugo Sánchez Márquez;11/07/1958;1.75
5746;joel sanchez;Joel Sanchez;17/08/1974;
5747;jorge sanchez;Jorge Sánchez;10/12/1997;1.70
5748;oswaldo sanchez;Oswaldo Sanchez;21/09/1973;1.84
5749;carlos septien;Carlos Septien;18/01/1923;
5750;guillermo sepulveda;Guillermo Sepulveda;28/02/1934;
5751;raul servin;Raul Servin;29/04/1963;
5752;enrique sesma;Enrique Sesma;22/04/1927;
5753;isidoro sota;Isidoro Sota;4/02/1902;
5754;pedro soto;Pedro Soto;22/10/1952;
5755;claudio suarez;Claudio Suarez;17/12/1968;1.81
5756;alfredo talavera;Alfredo Talavera Díaz;18/09/1982;1.88
5757;alfredo tena;Alfredo Tena;21/11/1956;
5758;isaac terrazas;Isaac Terrazas;23/01/1973;
5759;gerardo torrado;Gerardo Torrado;30/04/1979;1.73
5760;alfredo torres;Alfredo Torres;31/05/1931;
5761;jorge torres;Jorge Torres;16/01/1988;1.82
5762;mario trejo;Mario Trejo;18/09/1961;
5763;luis valdez;Luis Valdez;1/07/1965;
5764;javier valdivia;Javier Valdivia;4/12/1941;
5765;jose vantolra;Jose Vantolra;30/03/1943;
5766;javier vargas;Javier Vargas;22/11/1941;
5767;arturo vasquez;Arturo Vasquez;26/06/1949;
5768;johan vasquez;Johan Vásquez;22/10/1998;1.82
5769;jose juan vazquez;José Juan Vázquez Gómez;14/03/1988;1.66
5770;alexis vega;Alexis Vega;25/11/1997;1.75
5771;carlos vela;Carlos Alberto Vela Garrido;1/03/1989;1.79
5772;mario velarde;Mario Velarde;29/03/1940;
5773;guadalupe velazquez;Guadalupe Velazquez;12/08/1923;
5774;manuel vidrio;Manuel Vidrio;23/08/1972;1.84
5775;german villa;German Villa;2/04/1973;1.71
5776;jose villegas;Jose Villegas;20/06/1934;
5777;zague;Zague;23/05/1967;1.92
5778;felipe zetter;Felipe Zetter;3/07/1923;
5779;zinha;Zinha;23/05/1976;1.63
5780;shehu abdullahi;Shehu Abdullahi;12/03/1993;1.70
5781;dele adeleye;Dele Adeleye;25/12/1988;1.89
5782;mutiu adepoju;Mutiu Adepoju;22/12/1970;1.80
5783;rabiu afolabi;Rabiu Afolabi;18/04/1980;1.83
5784;chigozie agbim;Chigozie Agbim;28/11/1984;1.87
5785;wilfred agbonavbare;Wilfred Agbonavbare;5/10/1966;
5786;julius aghahowa;Julius Aghahowa;12/02/1982;1.78
5787;alloy agu;Alloy Agu;12/07/1967;
5788;yakubu aiyegbeni;Yakubu Aiyegbeni;22/11/1982;1.88
5789;dele aiyenugba;Dele Aiyenugba;20/11/1983;1.86
5790;daniel akpeyi;Daniel Akpeyi;3/08/1986;1.87
5791;benedict akwuegbu;Benedict Akwuegbu;3/11/1974;1.90
5792;efe ambrose;Efe Ambrose;18/10/1988;1.90
5793;shola ameobi;Shola Ameobi;12/10/1981;1.88
5794;daniel amokachi;Daniel Amokachi;30/12/1972;
5795;emmanuel amunike;Emmanuel Amunike;25/12/1970;
5796;chidozie awaziem;Chidozie Collins Awaziem;1/01/1997;1.89
5797;yussuf ayila;Yussuf Ayila;4/11/1984;1.79
5798;ramon azeez;Ramón Azeez;12/12/1992;1.69
5799;tijani babangida;Tijani Babangida;25/09/1973;1.69
5800;michel babatunde;Michel Babatunde;24/12/1992;1.79
5801;celestine babayaro;Celestine Babayaro;29/08/1978;1.72
5802;leon balogun;Leon Balogun;28/06/1988;1.90
5803;abiodun baruwa;Abiodun Baruwa;16/11/1974;
5804;justice christopher;Justice Christopher;24/12/1981;1.78
5805;tyronne ebuehi;Tyronne Ebuehi;16/12/1995;1.87
5806;elderson echiejile;Elderson Uwa Echiéjilé;20/01/1988;1.84
5807;uwa echiejile;Uwa Echiejile;20/01/1988;1.98
5808;augustine eguavoen;Augustine Eguavoen;19/08/1965;
5809;azubuike egwuekwe;Azubuike Egwuekwe;16/07/1989;1.95
5810;austin ejide;Austin Ejide;8/04/1984;1.86
5811;eric ejiofor;Eric Ejiofor;21/07/1979;1.85
5812;efan ekoku;Efan Ekoku;8/06/1967;1.85
5813;michael emenalo;Michael Emenalo;14/07/1965;
5814;emmanuel emenike;Emmanuel Emenike;10/05/1987;1.82
5815;vincent enyeama;Vincent Enyeama;29/08/1982;1.85
5816;oghenekaro etebo;Etebo Peter Oghenekaro;9/11/1995;1.72
5817;dickson etuhu;Dickson Etuhu;8/06/1982;1.91
5818;ikechukwu ezenwa;Ikechukwu Ezenwa;16/10/1988;1.86
5819;emeka ezeugo;Emeka Ezeugo;16/12/1965;
5820;reuben gabriel;Reuben Gabriel;25/09/1990;1.95
5821;finidi george;Finidi George;15/04/1971;1.87
5822;lukman haruna;Lukman Haruna;4/12/1990;1.77
5823;brown ideye;Brown Ideye;10/10/1988;1.80
5824;brian idowu;Brian Oladapo Idowu;18/05/1992;1.80
5825;odion ighalo;Odion Jude Ighalo;16/06/1989;1.81
5826;kelechi iheanacho;Kelechi Promise Iheanacho;3/10/1996;1.87
5827;pius ikedia;Pius Ikedia;11/07/1980;1.66
5828;victor ikpeba;Victor Ikpeba;12/06/1973;1.74
5829;ben iroha;Ben Iroha;29/11/1969;
5830;alex iwobi;Alexander Chuka Iwobi;3/05/1996;1.80
5831;sani kaita;Sani Kaita;2/05/1986;1.80
5832;nwankwo kanu;Nwankwo Kanu;1/08/1976;1.97
5833;stephen keshi;Stephen Keshi;23/01/1962;
5834;garba lawal;Garba Lawal;22/05/1974;1.83
5835;obafemi martins;Obafemi Martins;28/10/1984;1.70
5836;victor moses;Victor Moses;12/12/1990;1.78
5837;ahmed musa;Ahmed Musa;14/10/1992;1.70
5838;wilfred ndidi;Onyinye Wilfred Ndidi;16/12/1996;1.87
5839;simeon nwankwo;Simeon Tochukwu Nwankwo;7/05/1992;1.98
5840;chidi nwanu;Chidi Nwanu;1/01/1967;
5841;uche nwofor;Uche Nwofor;17/09/1991;1.84
5842;joel obi;Joel Chukwuma Obi;22/05/1991;1.77
5843;john obi mikel;John Michael Nchekwube Obinna;22/04/1987;1.88
5844;victor obinna;Victor Obinna;25/03/1987;1.78
5845;james obiorah;James Obiorah;24/08/1978;1.79
5846;godfrey oboabona;Godfrey Oboabona;16/08/1990;1.86
5847;peter odemwingie;Peter Odemwingie;15/07/1981;1.81
5848;chidi odiah;Chidi Odiah;17/12/1983;1.81
5849;kunle odunlami;Kunle Odunlami;30/04/1991;1.87
5850;bartholomew ogbeche;Bartholomew Ogbeche;1/10/1984;1.77
5851;chinedu ogbuke obasi;Chinedu Ogbuke Obasi;1/06/1986;1.81
5852;john ogu;John Ogu;20/04/1988;1.92
5853;uche okafor;Uche Okafor;8/08/1967;
5854;uche okechukwu;Uche Okechukwu;27/09/1967;
5855;jay jay okocha;Jay Jay Okocha;14/08/1973;1.75
5856;isaac okoronkwo;Isaac Okoronkwo;1/05/1978;1.82
5857;godwin okpara;Godwin Okpara;20/09/1972;1.77
5858;willy okpara;Willy Okpara;7/05/1968;
5859;thompson oliha;Thompson Oliha;4/10/1968;
5860;sunday oliseh;Sunday Oliseh;14/09/1974;1.83
5861;kenneth omeruo;Kenneth Josiah Omeruo;17/10/1993;1.85
5862;ogenyi onazi;Ogenyi Eddy Onazi;25/12/1992;1.73
5863;femi opabunmi;Femi Opabunmi;3/03/1985;1.70
5864;mobi oparaku;Mobi Oparaku;1/12/1976;
5865;wilson oruma;Wilson Oruma;30/12/1976;
5866;juwon oshaniwa;Juwon Oshaniwa;14/09/1990;1.84
5867;peter rufai;Peter Rufai;24/08/1963;
5868;danny shittu;Danny Shittu;2/09/1980;1.90
5869;ike shorunmu;Ike Shorunmu;16/10/1967;1.86
5870;samson siasia;Samson Siasia;14/08/1967;1.92
5871;efetobore sodje;Efetobore Sodje;5/10/1972;1.85
5872;taye taiwo;Taye Taiwo;16/04/1985;1.88
5873;william troost ekong;William Troost-Ekong;1/09/1993;1.91
5874;kalu uche;Kalu Uche;15/11/1982;1.71
5875;michael uchebo;Michael Uchebo;3/02/1990;1.94
5876;ifeanyi udeze;Ifeanyi Udeze;21/07/1980;1.79
5877;john utaka;John Utaka;8/01/1982;1.79
5878;ejike uzoenyi;Ejike Uzoenyi;23/03/1988;1.68
5879;francis uzoho;Francis Odinaka Uzoho;28/10/1998;1.96
5880;taribo west;Taribo West;26/03/1974;1.86
5881;rasheed yekini;Rasheed Yekini;23/10/1963;
5882;joseph yobo;Joseph Yobo;6/09/1980;1.85
5883;roald amundsen;Roald Amundsen;1/06/1903;
5884;oddmund andersen;Oddmund Andersen;21/12/1915;
5885;gunnar andreassen;Gunnar Andreassen;15/01/1913;
5886;hjalmar andresen;Hjalmar Andresen;18/07/1914;
5887;espen baardsen;Espen Baardsen;7/12/1977;
5888;henning berg;Henning Berg;1/09/1969;
5889;stig bjornebye;Stig Bjornebye;11/12/1969;
5890;lars bohinen;Lars Bohinen;8/09/1969;
5891;rune bratseth;Rune Bratseth;19/03/1961;
5892;arne brustad;Arne Brustad;14/04/1912;
5893;knut brynildsen;Knut Brynildsen;23/07/1917;
5894;dan eggen;Dan Eggen;13/01/1970;
5895;nils eriksen;Nils Eriksen;5/03/1911;
5896;jan fjortoft;Jan Fjortoft;10/01/1967;
5897;havard flo;Havard Flo;4/04/1970;
5898;jostein flo;Jostein Flo;3/10/1964;
5899;tore andre flo;Tore Andre Flo;15/06/1973;
5900;odd frantzen;Odd Frantzen;20/01/1913;
5901;frode grodas;Frode Grodas;24/10/1964;
5902;alf haland;Alf Haland;23/11/1972;
5903;gunnar halle;Gunnar Halle;11/08/1965;
5904;sverre hansen;Sverre Hansen;23/06/1913;
5905;vegard heggem;Vegard Heggem;13/07/1975;
5906;kristian henriksen;Kristian Henriksen;3/03/1911;
5907;erik hoftun;Erik Hoftun;3/03/1969;
5908;rolf holmberg;Rolf Holmberg;24/08/1914;
5909;oivind holmsen;Oivind Holmsen;28/04/1912;
5910;arne ileby;Arne Ileby;2/12/1913;
5911;magnar isaksen;Magnar Isaksen;13/10/1910;
5912;mini jakobsen;Mini Jakobsen;8/11/1965;
5913;rolf johannesen;Rolf Johannesen;15/03/1910;
5914;henry johansen;Henry Johansen;21/07/1904;
5915;erland johnsen;Erland Johnsen;5/04/1967;
5916;ronny johnsen;Ronny Johnsen;10/06/1969;
5917;jorgen juve;Jorgen Juve;22/11/1906;
5918;anker kihle;Anker Kihle;19/04/1917;
5919;reidar kvammen;Reidar Kvammen;23/07/1914;
5920;oyvind leonhardsen;Oyvind Leonhardsen;17/08/1970;
5921;karl loken;Karl Loken;14/08/1966;
5922;alf martinsen;Alf Martinsen;29/12/1911;
5923;thomas myhre;Thomas Myhre;16/10/1973;
5924;erik mykland;Erik Mykland;21/07/1971;
5925;roger nilsen;Roger Nilsen;8/08/1969;
5926;sverre nordby;Sverre Nordby;13/03/1910;
5927;egil ostenstad;Egil Ostenstad;2/01/1972;
5928;kjetil rekdal;Kjetil Rekdal;6/11/1968;
5929;ola by rise;Ola By Rise;14/11/1960;
5930;vidar riseth;Vidar Riseth;21/04/1972;
5931;sigurd rushfeldt;Sigurd Rushfeldt;11/12/1972;
5932;stale solbakken;Stale Solbakken;27/02/1968;
5933;ole gunnar solskjaer;Ole Gunnar Solskjaer;26/02/1973;
5934;goran sorloth;Goran Sorloth;16/07/1962;
5935;roar strand;Roar Strand;2/02/1970;
5936;erik thorstvedt;Erik Thorstvedt;28/10/1962;
5937;glen adam;Glen Adam;22/05/1959;
5938;robert almond;Robert Almond;16/04/1951;
5939;james bannatyne;James Bannatyne;30/06/1975;1.95
5940;andy barron;Andy Barron;24/12/1980;1.78
5941;leo bertos;Leo Bertos;20/12/1981;1.77
5942;allan boath;Allan Boath;14/12/1958;
5943;andy boyens;Andy Boyens;18/09/1983;1.92
5944;dave bright;Dave Bright;29/11/1949;
5945;jeremy brockie;Jeremy Brockie;7/10/1987;1.82
5946;tim brown;Tim Brown;6/03/1981;1.85
5947;jeremy christie;Jeremy Christie;22/05/1983;1.80
5948;aaron clapham;Aaron Clapham;15/01/1987;1.72
5949;duncan cole;Duncan Cole;12/07/1958;
5950;kenny cresswell;Kenny Cresswell;4/06/1958;
5951;glen dods;Glen Dods;7/07/1957;
5952;simon elliott;Simon Elliott;10/06/1974;1.80
5953;adrian elrick;Adrian Elrick;29/09/1949;
5954;rory fallon;Rory Fallon;20/03/1982;1.91
5955;ricki herbert;Ricki Herbert;10/04/1961;
5956;john hill;John Hill;7/01/1950;
5957;chris killen;Chris Killen;8/10/1981;1.88
5958;tony lochhead;Tony Lochhead;12/01/1982;1.83
5959;sam malcolmson;Sam Malcolmson;2/04/1948;
5960;billy mcclure;Billy Mcclure;4/01/1958;
5961;michael mcglinchey;Michael Mcglinchey;7/01/1987;1.73
5962;keith mckay;Keith Mckay;8/12/1956;
5963;glen moss;Glen Moss;19/01/1983;1.88
5964;dave mulligan;Dave Mulligan;24/03/1982;1.73
5965;ryan nelsen;Ryan Nelsen;18/10/1977;1.85
5966;mark paston;Mark Paston;13/12/1976;1.95
5967;barry pickering;Barry Pickering;12/12/1956;
5968;winston reid;Winston Reid;3/07/1988;1.90
5969;wynton rufer;Wynton Rufer;29/12/1962;
5970;ben sigmund;Ben Sigmund;3/02/1981;1.87
5971;peter simonsen;Peter Simonsen;17/04/1959;
5972;shane smeltz;Shane Smeltz;29/09/1981;1.84
5973;tommy smith;Tommy Smith;31/03/1990;1.87
5974;steve sumner;Steve Sumner;2/04/1955;
5975;brian turner;Brian Turner;31/07/1949;
5976;grant turner;Grant Turner;7/10/1958;
5977;frank van hattum;Frank Van Hattum;17/11/1958;
5978;ivan vicelich;Ivan Vicelich;3/09/1976;1.93
5979;richard wilson;Richard Wilson;8/05/1956;
5980;chris wood;Chris Wood;7/12/1991;1.91
5981;steve wooddin;Steve Wooddin;16/01/1955;
5982;ibrahim afellay;Ibrahim Afellay;2/04/1986;1.84
5983;nathan ake;Nathan Aké;18/02/1995;1.80
5984;willem anderiesen;Willem Anderiesen;27/11/1903;
5985;ryan babel;Ryan Babel;19/12/1986;1.85
5986;beb bakhuys;Beb Bakhuys;16/04/1909;
5987;dick been;Dick Been;;
5988;steven berghuis;Steven Berghuis;19/12/1991;1.82
5989;dennis bergkamp;Dennis Bergkamp;10/05/1969;
5990;steven bergwijn;Steven Bergwijn;8/10/1997;1.75
5991;justin bijlow;Justin Bijlow;22/01/1998;1.88
5992;daley blind;Daley Blind;9/03/1990;1.80
5993;danny blind;Danny Blind;1/08/1961;
5994;winston bogarde;Winston Bogarde;22/10/1970;
5995;sander boschker;Sander Boschker;20/10/1970;1.85
5996;johan boskamp;Johan Boskamp;21/10/1948;
5997;john bosman;John Bosman;1/02/1965;
5998;khalid boulahrouz;Khalid Boulahrouz;28/12/1981;1.84
5999;edson braafheid;Edson Braafheid;8/04/1983;1.74
6000;ernie brandts;Ernie Brandts;3/02/1956;
6001;bertus caldenhove;Bertus Caldenhove;19/01/1914;
6002;jasper cillessen;Jasper Cillessen;20/04/1989;1.88
6003;jordy clasie;Jordy Clasie;27/06/1991;1.69
6004;phillip cocu;Phillip Cocu;29/10/1970;1.82
6005;johan cruyff;Hendrik Johannes Cruijff;25/04/1947;1.78
6006;edgar davids;Edgar Davids;13/03/1973;1.68
6007;frank de boer;Frank De Boer;15/05/1970;
6008;piet de boer;Piet De Boer;10/10/1919;
6009;ronald de boer;Ronald De Boer;15/05/1970;
6010;tim de cler;Tim De Cler;8/11/1978;1.79
6011;ed de goey;Ed De Goey;20/12/1966;
6012;jonathan de guzman;Jonathan de Guzmán;13/09/1987;1.74
6013;bertus de harder;Bertus De Harder;14/01/1920;
6014;frenkie de jong;Frenkie de Jong;12/05/1997;1.81
6015;luuk de jong;Luuk De Jong;27/08/1990;1.88
6016;nigel de jong;Nigel De Jong;30/11/1984;1.74
6017;theo de jong;Theo De Jong;11/08/1947;
6018;matthijs de ligt;Matthijs De Ligt;12/08/1999;1.87
6019;marten de roon;Marten de Roon;29/03/1991;1.86
6020;stefan de vrij;Stefan de Vrij;5/02/1992;1.90
6021;arie de winter;Arie De Winter;;
6022;john de wolf;John De Wolf;10/12/1962;
6023;demy de zeeuw;Demy De Zeeuw;26/05/1983;1.74
6024;memphis depay;Memphis Depay;13/02/1994;1.78
6025;pim doesburg;Pim Doesburg;28/10/1943;
6026;daaf drok;Daaf Drok;23/05/1914;
6027;denzel dumfries;Denzel Dumfries;18/04/1996;1.88
6028;eljero elia;Eljero Elia;13/02/1987;1.77
6029;leroy fer;Leroy Fer;5/01/1990;1.88
6030;henk fraeser;Henk Fraeser;7/07/1966;
6031;jeremie frimpong;Jeremie Frimpong;10/12/2000;1.71
6032;cody gakpo;Cody Gakpo;7/05/1999;1.93
6033;ruud geels;Ruud Geels;28/07/1948;
6034;hans gillhaus;Hans Gillhaus;5/11/1963;
6035;alex graafland;Alex Graafland;16/04/1909;
6036;ruud gullit;Ruud Gullit;1/09/1962;
6037;arie haan;Arie Haan;16/11/1948;
6038;leo halle;Leo Halle;26/01/1906;
6039;jimmy floyd hasselbaink;Jimmy Floyd Hasselbaink;27/03/1972;
6040;john heitinga;John Heitinga;15/11/1983;1.82
6041;ruud hesp;Ruud Hesp;31/10/1965;
6042;joop hiele;Joop Hiele;25/12/1958;
6043;frans hogenbirk;Frans Hogenbirk;;
6044;hugo hovenkamp;Hugo Hovenkamp;5/10/1950;
6045;klaas jan huntelaar;Klaas Jan Huntelaar;12/08/1983;1.85
6046;rinus israel;Rinus Israel;19/03/1942;
6047;kew jaliens;Kew Jaliens;15/09/1978;1.83
6048;daryl janmaat;Daryl Janmaat;20/07/1989;1.85
6049;wim jansen;Wim Jansen;28/10/1946;
6050;vincent janssen;Vincent Janssen;15/06/1994;1.84
6051;jan jongbloed;Jan Jongbloed;25/11/1940;
6052;wim jonk;Wim Jonk;12/10/1966;
6053;piet keizer;Piet Keizer;14/06/1943;
6054;wim kieft;Wim Kieft;12/11/1962;
6055;davy klaassen;Davy Klaassen;21/02/1993;1.79
6056;patrick kluivert;Patrick Kluivert;1/07/1976;
6057;erwin koeman;Erwin Koeman;20/09/1961;
6058;ronald koeman;Ronald Koeman;21/03/1963;
6059;terence kongolo;Terence Kongolo;14/02/1994;1.83
6060;teun koopmeiners;Teun Koopmeiners;28/02/1998;1.84
6061;ruud krol;Ruud Krol;24/03/1949;
6062;jan kromkamp;Jan Kromkamp;17/08/1980;1.84
6063;tim krul;Tim Krul;3/04/1988;1.88
6064;dirk kuyt;Dirk Kuyt;22/07/1980;1.84
6065;denny landzaat;Denny Landzaat;6/05/1976;1.78
6066;noa lang;Noa Lang;17/06/1999;1.76
6067;wim langendaal;Wim Langendaal;13/04/1909;
6068;jeremain lens;Jeremain Lens;24/11/1987;1.78
6069;harry lubse;Harry Lubse;23/09/1951;
6070;hedwiges maduro;Hedwiges Maduro;13/02/1985;1.85
6071;tyrell malacia;Tyrell Malacia;17/08/1999;1.70
6072;bruno martins indi;Bruno Martins Indi;8/02/1992;1.85
6073;joris mathijsen;Joris Mathijsen;5/04/1980;1.82
6074;stanley menzo;Stanley Menzo;15/10/1963;
6075;niek michel;Niek Michel;30/09/1912;
6076;kees mijnders;Kees Mijnders;28/09/1912;
6077;jaap mol;Jaap Mol;3/02/1912;
6078;dick nanninga;Dick Nanninga;17/01/1949;
6079;johan neeskens;Johan Neeskens;15/09/1951;
6080;andries noppert;Andries Noppert;7/04/1994;2.03
6081;arthur numan;Arthur Numan;14/12/1969;
6082;andre ooijer;Andre Ooijer;11/07/1974;1.84
6083;karel ooms;Karel Ooms;;
6084;toon oprinsen;Toon Oprinsen;25/11/1910;
6085;marc overmars;Marc Overmars;29/03/1973;
6086;bas paauwe;Bas Paauwe;4/10/1911;
6087;remko pasveer;Remko Pasveer;8/11/1983;1.88
6088;henk pellikaan;Henk Pellikaan;10/11/1910;
6089;rene pijpers;Rene Pijpers;15/09/1917;
6090;hendrikus plenter;Hendrikus Plenter;;
6091;jan poortvliet;Jan Poortvliet;21/09/1955;
6092;piet punt;Piet Punt;6/02/1909;
6093;michael reiziger;Michael Reiziger;3/05/1973;
6094;rob rensenbrink;Rob Rensenbrink;3/07/1947;
6095;johnny rep;Johnny Rep;25/11/1951;
6096;frank rijkaard;Frank Rijkaard;30/09/1962;
6097;wim rijsbergen;Wim Rijsbergen;18/01/1952;
6098;arjen robben;Arjen Robben;23/01/1984;1.80
6099;bryan roy;Bryan Roy;12/02/1970;
6100;graeme rutjes;Graeme Rutjes;26/03/1960;
6101;stijn schaars;Stijn Schaars;11/01/1984;1.78
6102;arie schoemaker;Arie Schoemaker;8/11/1911;
6103;dirk schoenaker;Dirk Schoenaker;30/11/1952;
6104;piet schrijvers;Piet Schrijvers;15/12/1946;
6105;clarence seedorf;Clarence Seedorf;1/04/1976;1.76
6106;xavi simons;Xavi Simons;21/04/2003;1.79
6107;kick smit;Kick Smit;3/11/1911;
6108;wesley sneijder;Wesley Sneijder;9/06/1984;1.70
6109;theo snelders;Theo Snelders;7/12/1963;
6110;jaap stam;Jaap Stam;17/07/1972;
6111;maarten stekelenburg;Maarten Stekelenburg;22/09/1982;1.97
6112;pleun strik;Pleun Strik;27/05/1944;
6113;wim suurbier;Wim Suurbier;16/01/1945;
6114;gaston taument;Gaston Taument;1/10/1970;
6115;kenneth taylor;Kenneth Taylor;16/05/2002;1.82
6116;jurrien timber;Jurrïen Timber;17/06/2001;1.79
6117;henk timmer;Henk Timmer;3/12/1971;1.88
6118;eddy treijtel;Eddy Treijtel;28/05/1946;
6119;stan valckx;Stan Valckx;20/10/1963;
6120;johnny van t schip;Johnny Van 'T Schip;30/12/1963;
6121;berry van aerle;Berry Van Aerle;8/12/1962;
6122;marco van basten;Marco Van Basten;31/10/1964;
6123;mark van bommel;Mark Van Bommel;22/04/1977;1.87
6124;hans van breukelen;Hans Van Breukelen;4/10/1956;
6125;giovanni van bronckhorst;Giovanni Van Bronckhorst;5/02/1975;1.78
6126;rene van de kerkhof;Rene Van De Kerkhof;16/09/1951;
6127;willy van de kerkhof;Willy Van De Kerkhof;16/09/1951;
6128;gejus van der meulen;Gejus Van Der Meulen;23/01/1903;
6129;edwin van der sar;Edwin Van Der Sar;29/10/1970;1.95
6130;rafael van der vaart;Rafael Van Der Vaart;11/02/1983;1.75
6131;frans van der veen;Frans Van Der Veen;25/03/1919;
6132;gregory van der wiel;Gregory Van Der Wiel;3/02/1988;1.80
6133;jan van diepenbeek;Jan Van Diepenbeek;5/08/1903;
6134;virgil van dijk;Virgil van Dijk;8/07/1991;1.95
6135;ulrich van gobbel;Ulrich Van Gobbel;16/01/1971;
6136;wim van hanegem;Wim Van Hanegem;20/02/1944;
6137;puck van heel;Puck Van Heel;21/01/1904;
6138;pierre van hooijdonk;Pierre Van Hooijdonk;29/11/1969;1.93
6139;cees van ierssel;Cees Van Ierssel;6/12/1945;
6140;adri van kraay;Adri Van Kraay;1/08/1953;
6141;john van loen;John Van Loen;4/02/1965;
6142;adriaan van male;Adriaan Van Male;7/10/1910;
6143;joop van nellen;Joop Van Nellen;15/03/1910;
6144;ruud van nistelrooij;Ruud Van Nistelrooij;1/07/1976;1.88
6145;robin van persie;Robin Van Persie;6/08/1983;1.83
6146;sjef van run;Sjef Van Run;12/01/1904;
6147;henk van spaandonck;Henk Van Spaandonck;25/06/1913;
6148;adri van tiggelen;Adri Van Tiggelen;16/06/1957;
6149;peter van vossen;Peter Van Vossen;21/04/1968;
6150;gerald vanenburg;Gerald Vanenburg;5/03/1964;
6151;joel veltman;Joël Veltman;15/01/1992;1.83
6152;jan vennegoor of hesselink;Jan Vennegoor Of Hesselink;7/11/1978;1.90
6153;leen vente;Leen Vente;14/05/1911;
6154;paul verhaegh;Paul Verhaegh;1/09/1983;1.78
6155;ron vlaar;Ron Vlaar;16/02/1985;1.89
6156;michel vorm;Michel Vorm;20/10/1983;1.82
6157;harry vos;Harry Vos;4/09/1946;
6158;manus vrauwdeunt;Manus Vrauwdeunt;29/04/1914;
6159;mauk weber;Mauk Weber;13/03/1914;
6160;wout weghorst;Wout Weghorst;7/08/1992;1.97
6161;frank wels;Frank Wels;21/02/1909;
6162;georginio wijnaldum;Georginio Wijnaldum;11/11/1990;1.73
6163;pieter wildschut;Pieter Wildschut;25/10/1957;
6164;aron winter;Aron Winter;1/03/1967;
6165;richard witschge;Richard Witschge;20/09/1969;
6166;rob witschge;Rob Witschge;22/08/1966;
6167;jan wouters;Jan Wouters;17/07/1960;
6168;boudewijn zenden;Boudewijn Zenden;15/08/1976;1.78
6169;michael amir murillo;Michael Amir Murillo;11/02/1996;1.83
6170;abdiel arroyo;Abdiel Arroyo Molinar;13/12/1993;1.87
6171;ricardo avila;Ricardo Guardia Ávila;4/01/1997;
6172;felipe baloy;Felipe Abdiel Baloy Ramírez;24/02/1981;1.84
6173;edgar joel barcenas;Édgar Joel Bárcenas Herrera;23/10/1993;
6174;jose calderon;José de Jesus Calderón Frias;14/08/1985;1.87
6175;armando cooper;Armando Enrique Cooper Whitaker;26/11/1987;1.73
6176;harold cummings;Harold Oshkaly Cummings Segura;3/01/1992;1.80
6177;erick davis;Erick Javier Davis Grajales;31/03/1991;1.79
6178;ismael diaz;Ismael Díaz de León;12/05/1997;1.81
6179;fidel escobar;Fidel Escobar Mendieta;9/01/1995;1.81
6180;anibal godoy;Aníbal Cesis Godoy;10/02/1990;1.82
6181;gabriel enrique gomez;Gabriel Enrique Gómez Girón;29/05/1984;1.83
6182;adolfo machado;Adolfo Abdiel Machado;14/02/1985;1.83
6183;luis ovalle;Luis Carlos Ovalle Victoria;7/09/1988;1.77
6184;jaime penedo;Jaime Manuel Penedo Cano;26/09/1981;1.86
6185;blas perez;Blas Antonio Miguel Pérez Ortega;13/03/1981;1.87
6186;valentin pimentel;Valentín Pimentel;30/05/1991;1.85
6187;alex rodriguez;Álex Raúl Rodríguez Ledezma;5/08/1990;1.97
6188;jose luis rodriguez;José Luis Rodríguez Francis;19/06/1998;
6189;luis tejada;Luis Carlos Tejada Hansell;28/03/1982;1.84
6190;gabriel torres;Gabriel Arturo Torres Tejada;31/10/1988;1.80
6191;roman torres;Román Aureliano Torres Morcillo;20/03/1986;1.88
6192;danilo aceval;Danilo Aceval;15/09/1975;
6193;ignacio achucarro;Ignacio Achucarro;31/07/1936;
6194;roberto acuna;Roberto Acuña;25/03/1972;1.75
6195;juan aguero;Juan Aguero;24/06/1935;
6196;samuel aguilar;Samuel Aguilar;1/01/1934;
6197;edgar aguilera;Edgar Aguilera;28/07/1975;
6198;oscar aguilera;Oscar Aguilera;11/03/1935;
6199;francisco aguirre;Francisco Aguirre;1/01/1908;
6200;antolin alcaraz;Antolin Alcaraz;30/07/1982;1.84
6201;francisco alcaraz;Francisco Alcaraz;4/10/1960;
6202;faustino alonso;Faustino Alonso;15/02/1961;
6203;guido alvarenga;Guido Alvarenga;24/08/1970;1.70
6204;florencio amarilla;Florencio Amarilla;3/01/1935;
6205;francisco arce;Francisco Arce;2/04/1971;1.78
6206;edelmiro arevalo;Edelmiro Arevalo;7/01/1929;
6207;enrique avalos;Enrique Avalos;1/01/1922;
6208;marcial avalos;Marcial Avalos;;
6209;jose raul aveiro;Jose Raul Aveiro;18/07/1936;
6210;celso ayala;Celso Ayala;20/08/1970;1.77
6211;melanio baez;Melanio Baez;;
6212;richart baez;Richart Baez;31/07/1973;1.80
6213;diego barreto;Diego Barreto;16/07/1981;1.82
6214;edgar barreto;Edgar Barreto;15/07/1984;1.78
6215;lucas barrios;Lucas Barrios;13/11/1984;1.87
6216;jorge battaglia;Jorge Battaglia;12/05/1960;
6217;edgar benitez;Edgar Benitez;8/11/1987;1.76
6218;miguel benitez;Miguel Benitez;19/05/1970;
6219;pedro benitez;Pedro Benitez;;
6220;santiago benitez;Santiago Benitez;1/01/1903;
6221;delfin benitez caceres;Delfin Benitez Caceres;24/10/1910;
6222;angel berni;Angel Berni;9/01/1931;
6223;aldo bobadilla;Aldo Bobadilla;20/04/1976;1.92
6224;carlos bonet;Carlos Bonet;2/10/1977;1.76
6225;hugo brizuela;Hugo Brizuela;8/02/1970;1.73
6226;luis caballero;Luis Caballero;17/09/1962;
6227;roberto cabanas;Roberto Cabañas;11/04/1961;
6228;salvador cabanas;Salvador Cabañas;5/08/1980;1.73
6229;eufemio cabral;Eufemio Cabral;21/03/1955;
6230;antonio cabrera;Antonio Cabrera;;
6231;julio cesar caceres;Julio Cesar Caceres;5/10/1979;1.81
6232;victor caceres;Victor Caceres;25/03/1985;1.86
6233;virginio caceres;Virginio Caceres;21/05/1962;
6234;lorenzo calonga;Lorenzo Calonga;;
6235;jorge campos 2;Jorge Campos;11/08/1970;1.75
6236;adolfino canete;Adolfino Canete;13/09/1956;
6237;juan leon canete;Juan Leon Canete;;
6238;denis caniza;Denis Caniza;29/08/1974;1.74
6239;castor cantero;Castor Cantero;1/01/1918;
6240;jose cardozo;Jose Cardozo;19/03/1971;1.83
6241;oscar cardozo;Oscar Cardozo;20/05/1983;1.92
6242;cayetano carreras sagueir;Cayetano Carreras Sagueir;;
6243;pablo centurion;Pablo Centurion;;
6244;casiano cespedes;Casiano Cespedes;1/01/1924;
6245;eustaquio chamorro;Eustaquio Chamorro;;
6246;jose luis chilavert;Jose Luis Chilavert;27/07/1965;1.94
6247;rolando chilavert;Rolando Chilavert;22/05/1961;
6248;julian coronel;Julian Coronel;23/10/1958;
6249;nelson cuevas;Nelson Cuevas;10/01/1980;1.76
6250;paulo da silva;Paulo Da Silva;1/02/1980;1.84
6251;rogelio delgado;Rogelio Delgado;12/10/1959;
6252;modesto denis;Modesto Denis;1/01/1901;
6253;eusebio diaz;Eusebio Diaz;1/01/1901;
6254;diogenes dominguez;Diogenes Dominguez;1/01/1902;
6255;julio dos santos;Julio Dos Santos;7/05/1983;1.90
6256;eligio echague;Eligio Echague;1/01/1931;
6257;julio cesar enciso;Julio Cesar Enciso;5/08/1974;1.74
6258;romildo etcheverry;Romildo Etcheverry;1/01/1907;
6259;roberto fernandez;Roberto Fernandez;9/07/1954;
6260;buenaventura ferreira;Buenaventura Ferreira;14/07/1960;
6261;diego florentin;Diego Florentin;;
6262;salvador flores;Salvador Flores;1/01/1906;
6263;juan carlos franco;Juan Carlos Franco;17/04/1973;1.79
6264;carlos gamarra;Carlos Gamarra;17/02/1971;1.80
6265;rodolfo gamarra;Rodolfo Gamarra;10/12/1988;1.68
6266;tranquilino garcete;Tranquilino Garcete;1/01/1907;
6267;diego gavilan;Diego Gavilan;1/03/1980;1.76
6268;manuel gavilan;Manuel Gavilan;1/01/1921;
6269;luis gini;Luis Gini;;
6270;derlis gomez;Derlis Gomez;2/11/1972;1.81
6271;alberto gonzalez;Alberto Gonzalez;1/01/1922;
6272;armando gonzalez;Armando Gonzalez;;
6273;aurelio gonzalez;Aurelio Gonzalez;25/09/1905;
6274;jorge guasch;Jorge Guasch;17/01/1961;
6275;ramon hicks;Ramon Hicks;30/05/1960;
6276;eligio antonio insfran;Eligio Antonio Insfran;;
6277;eliseo insfran;Eliseo Insfran;;
6278;evaristo isasi;Evaristo Isasi;26/10/1955;
6279;dario jara saguier;Dario Jara Saguier;1/09/1926;
6280;victoriano leguizamon;Victoriano Leguizamon;1/01/1923;
6281;claudio lezcano;Claudio Lezcano;;
6282;juan lezcano;Juan Lezcano;5/04/1937;
6283;atilio lopez;Atilio Lopez;1/01/1925;
6284;dante lopez;Dante Lopez;16/08/1983;1.85
6285;cesar lopez fretes;Cesar Lopez Fretes;21/03/1923;
6286;julio manzur;Julio Manzur;22/01/1981;1.85
6287;ramon mayeregger;Ramon Mayeregger;19/02/1934;
6288;alfredo mendoza;Alfredo Mendoza;31/12/1963;
6289;jose leon miracca;Jose Leon Miracca;23/09/1903;
6290;agustin miranda;Agustin Miranda;1/01/1930;
6291;jose montiel;Jose Montiel;19/03/1988;1.75
6292;carlos morales;Carlos Morales;4/11/1968;
6293;claudio morel;Claudio Morel;2/02/1978;1.75
6294;gustavo morinigo;Gustavo Morinigo;23/01/1977;1.78
6295;lino nessi;Lino Nessi;1/01/1904;
6296;jorge nunez;Jorge Martín Núñez Mendoza;22/01/1978;1.76
6297;jorge nunez 2;Jorge Amado Nunes;18/10/1961;
6298;quiterio olmedo;Quiterio Olmedo;21/12/1907;
6299;amadeo ortega;Amadeo Ortega;;
6300;nestor ortigoza;Nestor Ortigoza;7/10/1984;1.80
6301;hilarion osorio;Hilarion Osorio;;
6302;carlos paredes;Carlos Paredes;16/07/1976;1.79
6303;elioro paredes;Elioro Paredes;;
6304;jose parodi;Jose Parodi;30/08/1932;
6305;benigno gilberto penayo;Benigno Gilberto Penayo;3/04/1933;
6306;cesar ramirez;Cesar Ramirez;24/03/1977;1.77
6307;cayetano re;Cayetano Re;7/02/1938;
6308;catalino rivarola;Catalino Rivarola;30/04/1965;
6309;bernabe rivera;Bernabe Rivera;;
6310;cristian riveros;Cristian Riveros;16/10/1982;1.79
6311;aristides rojas;Aristides Rojas;12/08/1968;
6312;ricardo rojas;Ricardo Rojas;26/01/1971;
6313;gerardo romero;Gerardo Romero;1/01/1906;
6314;jorge romero;Jorge Romero;23/09/1937;
6315;julio cesar romero;Julio Cesar Romero;28/08/1960;
6316;ruben ruiz diaz;Ruben Ruiz Diaz;11/11/1969;
6317;daniel sanabria;Daniel Sanabria;8/02/1977;1.82
6318;roque santa cruz;Roque Santa Cruz;16/08/1981;1.91
6319;jonathan santana;Jonathan Santana;19/10/1981;1.81
6320;pedro sarabia;Pedro Sarabia;5/07/1975;1.81
6321;vladimiro schettina;Vladimiro Schettina;8/10/1955;
6322;dario segovia;Dario Segovia;;
6323;luis silva;Luis Silva;;
6324;francisco sosa;Francisco Sosa;;
6325;estanislao struway;Estanislao Struway;25/06/1968;1.76
6326;ricardo tavarelli;Ricardo Tavarelli;2/08/1970;1.82
6327;delio toledo;Delio Toledo;10/02/1976;1.82
6328;juan torales;Juan Torales;9/03/1956;
6329;aureliano torres;Aureliano Torres;16/06/1982;1.78
6330;leongino unzain;Leongino Unzain;16/05/1925;
6331;nelson valdez;Nelson Valdez;28/11/1983;1.78
6332;marcelino vargas;Marcelino Vargas;1/01/1921;
6333;luis vargas pena;Luis Vargas Pena;1/01/1905;
6334;enrique vera;Enrique Vera;10/03/1979;1.78
6335;dario veron;Dario Veron;26/07/1979;1.81
6336;jacinto villalba;Jacinto Villalba;;
6337;salvador villalba;Salvador Villalba;29/08/1924;
6338;justo villar;Justo Villar;30/06/1977;1.80
6339;julio cesar yegros;Julio Cesar Yegros;31/01/1971;
6340;cesar zabala;Cesar Zabala;3/06/1961;
6341;eusebio acasuzo;Eusebio Acasuzo;8/04/1952;
6342;luis advincula;Luis Jan Piers Advíncula Castrillón;2/03/1990;1.77
6343;pedro aquino;Pedro Jesús Aquino Sánchez;13/04/1995;1.74
6344;miguel araujo;Miguel Araujo Blanco;24/10/1994;1.78
6345;oscar arizaga;Oscar Arizaga;20/08/1957;
6346;eduardo astengo;Eduardo Astengo;;
6347;geronimo barbadillo;Geronimo Barbadillo;24/09/1952;
6348;julio baylon;Julio Baylon;10/12/1947;
6349;carlos caceda;Carlos Alberto Cáceda Ollaguez;27/09/1991;1.83
6350;juan caceres;Juan Caceres;27/12/1949;
6351;eloy campos;Eloy Campos;31/05/1942;
6352;andre carrillo;André Martín Carrillo Díaz;14/06/1991;1.81
6353;wilder cartagena;Wilder José Cartagena Mendoza;23/09/1994;1.80
6354;jose carvallo;José Aurelio Carvallo Alonso;1/03/1986;1.83
6355;roberto challe;Roberto Challe;24/11/1946;
6356;hector chumpitaz;Hector Chumpitaz;12/04/1944;
6357;carlos cilloniz;Carlos Cilloniz;1/07/1910;
6358;ruben correa;Ruben Correa;25/07/1941;
6359;aldo corzo;Aldo Sebastián Corzo Chávez;20/05/1989;1.72
6360;luis cruzado;Luis Cruzado;6/07/1941;
6361;teofilo cubillas;Teofilo Cubillas;8/03/1949;
6362;cesar cueto;Cesar Cueto;16/06/1952;
6363;christian cueva;Christian Alberto Cueva Bravo;23/11/1991;1.69
6364;orlando de la torre;Orlando De La Torre;21/11/1943;
6365;mario de las casas;Mario De Las Casas;12/08/1905;
6366;jose del castillo;Jose Del Castillo;1/01/1943;
6367;alberto denegri;Alberto Denegri;;
6368;ruben diaz;Ruben Diaz;17/04/1952;
6369;jaime duarte;Jaime Duarte;27/02/1955;
6370;jefferson farfan;Jefferson Agustín Farfán Guadalupe;26/10/1984;1.78
6371;arturo fernandez;Arturo Fernandez;3/02/1910;
6372;jose fernandez;Jose Fernandez;14/02/1939;
6373;edison flores;Edison Michael Flores Peralta;14/05/1994;1.67
6374;nicolas fuentes;Nicolas Fuentes;20/12/1941;
6375;placido galindo;Placido Galindo;9/03/1902;
6376;alberto gallardo;Alberto Gallardo;28/11/1940;
6377;pedro gallese;Pedro David Gallese Quiroz;23/04/1990;1.88
6378;domingo garcia;Domingo Garcia;1/01/1904;
6379;hugo gastulo;Hugo Gastulo;9/01/1958;
6380;jorge gongora;Jorge Gongora;12/10/1906;
6381;javier gonzales;Javier Gonzales;11/05/1939;
6382;pedro gonzales;Pedro Gonzales;19/05/1943;
6383;jose gonzales ganoza;Jose Gonzales Ganoza;10/07/1954;
6384;raul gorriti;Raul Gorriti;10/10/1956;
6385;jesus goyzueta;Jesus Goyzueta;1/01/1947;
6386;paolo guerrero;José Paolo Guerrero Gonzales;1/01/1984;1.85
6387;miguel gutierrez;Miguel Gutierrez;19/11/1956;
6388;paolo hurtado;Cristopher Paolo César Hurtado Huertas;27/07/1990;1.77
6389;guillermo la rosa;Guillermo La Rosa;6/06/1952;
6390;ernesto labarthe;Ernesto Labarthe;2/06/1956;
6391;jose maria lavalle;Jose Maria Lavalle;5/06/1911;
6392;german leguia;German Leguia;2/01/1954;
6393;pedro leon;Pedro Leon;26/03/1943;
6394;julio lores;Julio Lores;15/09/1908;
6395;nilson loyola;Nilson Evair Loyola Morales;26/10/1994;1.75
6396;eduardo malasquez;Eduardo Malasquez;13/10/1957;
6397;rodolfo manzo;Rodolfo Manzo;5/06/1949;
6398;antonio maquilon;Antonio Maquilon;29/11/1902;
6399;ramon mifflin;Ramon Mifflin;5/04/1947;
6400;roberto mosquera;Roberto Mosquera;21/06/1956;
6401;juan munante;Juan Munante;12/07/1948;
6402;franco navarro;Franco Navarro;10/11/1961;
6403;jose navarro 2;Jose Navarro;24/09/1948;
6404;demetrio neyra;Demetrio Neyra;15/12/1908;
6405;lizardo nue rodriguez;Lizardo Nue Rodriguez;30/08/1910;
6406;juan carlos oblitas;Juan Carlos Oblitas;16/02/1951;
6407;jorge olaechea;Jorge Olaechea;27/08/1956;
6408;pablo pacheco;Pablo Pacheco;;
6409;jorge pardon;Jorge Pardon;4/03/1905;
6410;andy polo;Andy Jorman Polo Andrade;29/09/1994;1.75
6411;alfredo quesada;Alfredo Quesada;22/09/1949;
6412;julio quintana;Julio Quintana;1/01/1904;
6413;ramon quiroga;Ramon Quiroga;23/07/1950;
6414;osvaldo ramirez;Osvaldo Ramirez;28/03/1947;
6415;christian ramos;Christian Guillermo Martín Ramos Garagay;4/11/1988;1.82
6416;eladio reyes;Eladio Reyes;8/01/1948;
6417;luis reyna;Luis Reyna;6/05/1959;
6418;alberto junior rodriguez;Alberto Junior Rodríguez Valdelomar;31/03/1984;1.83
6419;percy rojas;Percy Rojas;16/09/1949;1.76
6420;roberto rojas;Roberto Rojas;26/10/1955;
6421;luis rubinos;Luis Rubinos;31/12/1940;
6422;raul ruidiaz;Raúl Mario Ruidíaz Misitich;25/07/1990;1.67
6423;rafael salguero;Rafael Salguero;10/08/1951;
6424;felix salinas;Felix Salinas;11/05/1939;
6425;anderson santamaria;Anderson Santamaría Bardales;10/01/1992;1.84
6426;jorge sarmiento;Jorge Sarmiento;2/11/1900;
6427;ottorino sartor;Ottorino Sartor;18/09/1945;
6428;alberto soria;Alberto Soria;24/01/1900;
6429;hugo sotil;Hugo Sotil;18/05/1946;
6430;luis souza;Luis Souza;6/10/1908;
6431;renato tapia;Renato Fabrizio Tapia Cortijo;28/07/1995;1.82
6432;miguel trauco;Miguel Ángel Trauco Saavedra;27/08/1992;1.70
6433;julio cesar uribe;Julio Cesar Uribe;9/05/1958;
6434;juan valdivieso;Juan Valdivieso;6/05/1910;
6435;juan alfonso valle;Juan Alfonso Valle;1/01/1905;
6436;jose velasquez;Jose Velasquez;4/06/1952;
6437;alejandro villanueva;Alejandro Villanueva;4/06/1908;
6438;yoshimar yotun;Víctor Yoshimar Yotun Flores;7/04/1990;1.71
6439;arkadiusz bak;Arkadiusz Bak;6/10/1974;1.76
6440;jacek bak;Jacek Bak;24/03/1973;1.87
6441;stanislaw baran;Stanislaw Baran;20/04/1920;
6442;marcin baszczynski;Marcin Baszczynski;7/06/1977;1.83
6443;jan bednarek;Jan Bednarek;12/04/1996;1.89
6444;bartosz bereszynski;Bartosz Bereszyński;12/07/1992;1.82
6445;bartosz bialkowski;Bartosz Marek Białkowski;6/07/1987;1.94
6446;krystian bielik;Krystian Bielik;4/01/1998;1.89
6447;zbigniew boniek;Zbigniew Boniek;3/03/1956;
6448;artur boruc;Artur Boruc;20/02/1980;1.92
6449;bartosz bosacki;Bartosz Bosacki;20/12/1975;1.89
6450;walter brom;Walter Brom;14/02/1921;
6451;pawel brozek;Pawel Brozek;21/04/1983;1.80
6452;miroslaw bulzacki;Miroslaw Bulzacki;23/10/1951;
6453;andrzej buncol;Andrzej Buncol;21/09/1959;
6454;jakub blaszczykowski;Jakub Błaszczykowski;14/12/1985;1.75
6455;matty cash;Matty Cash;7/08/1997;1.85
6456;ewald cebula;Ewald Cebula;22/03/1917;
6457;wlodzimierz ciolek;Wlodzimierz Ciolek;24/03/1956;
6458;thiago cionek;Thiago Rangel Cionek;21/04/1986;1.84
6459;leslaw cmikiewicz;Leslaw Cmikiewicz;25/08/1948;
6460;kazimierz deyna;Kazimierz Deyna;23/10/1947;
6461;tadeusz dolny;Tadeusz Dolny;7/05/1958;
6462;jan domarski;Jan Domarski;28/10/1946;
6463;jerzy dudek;Jerzy Dudek;23/03/1973;1.87
6464;dariusz dudka;Dariusz Dudka;9/12/1983;1.82
6465;ewald dytko;Ewald Dytko;18/10/1914;
6466;dariusz dziekanowski;Dariusz Dziekanowski;30/09/1962;
6467;marek dziuba;Marek Dziuba;19/12/1955;
6468;lukasz fabianski;Łukasz Fabiański;18/04/1985;1.90
6469;andrzej fischer;Andrzej Fischer;15/01/1952;
6470;przemyslaw frankowski;Przemysław Frankowski;12/04/1995;1.75
6471;jan furtok;Jan Furtok;9/03/1962;
6472;robert gadocha;Robert Gadocha;10/01/1946;
6473;antoni galecki;Antoni Galecki;4/06/1906;
6474;seweryn gancarczyk;Seweryn Gancarczyk;22/11/1981;1.81
6475;edmund giemsa;Edmund Giemsa;16/10/1912;
6476;piotr giza;Piotr Giza;28/02/1980;1.79
6477;kamil glik;Kamil Jacek Glik;3/02/1988;1.90
6478;arkadiusz glowacki;Arkadiusz Glowacki;13/03/1979;1.86
6479;wilhelm gora;Wilhelm Gora;18/01/1916;
6480;jacek goralski;Jacek Góralski;21/09/1992;1.72
6481;jerzy gorgon;Jerzy Gorgon;18/07/1949;
6482;kamil grabara;Kamil Grabara;8/01/1999;1.95
6483;kamil grosicki;Kamil Paweł Grosicki;8/06/1988;1.80
6484;robert gumny;Robert Gumny;4/06/1998;1.82
6485;zbigniew gut;Zbigniew Gut;17/04/1949;
6486;boleslaw habowski;Boleslaw Habowski;13/09/1914;
6487;tomasz hajto;Tomasz Hajto;16/10/1972;1.87
6488;andrzej iwan;Andrzej Iwan;10/11/1959;
6489;roman jakobczak;Roman Jakobczak;26/02/1946;
6490;jan jalocha;Jan Jalocha;18/07/1957;
6491;pawel janas;Pawel Janas;4/03/1953;
6492;artur jedrzejczyk;Artur Martin Jędrzejczyk;4/11/1987;1.89
6493;ireneusz jelen;Ireneusz Jelen;9/04/1981;1.84
6494;mariusz jop;Mariusz Jop;3/08/1978;1.88
6495;miroslav justek;Miroslav Justek;23/09/1948;
6496;zygmunt kalinowski;Zygmunt Kalinowski;2/05/1949;
6497;radoslaw kaluzny;Radoslaw Kaluzny;2/02/1974;1.91
6498;jakub kaminski;Jakub Kaminski;5/06/2002;1.79
6499;zdzislaw kapka;Zdzislaw Kapka;7/12/1954;
6500;jan karas;Jan Karas;17/03/1959;
6501;henryk kasperczak;Henryk Kasperczak;10/07/1946;
6502;jacek kazimierski;Jacek Kazimierski;17/08/1959;
6503;jakub kiwior;Jakub Kiwior;15/02/2000;1.89
6504;tomasz klos;Tomasz Klos;7/03/1973;1.86
6505;kazimierz kmiecik;Kazimierz Kmiecik;19/09/1951;
6506;ryszard komornicki;Ryszard Komornicki;14/08/1959;
6507;jozef korbas;Jozef Korbas;11/11/1914;
6508;kamil kosowski;Kamil Kosowski;30/08/1977;1.86
6509;zdzislaw kostrzewa;Zdzislaw Kostrzewa;26/10/1955;
6510;dawid kownacki;Dawid Kownacki;14/03/1997;1.87
6511;marek kozminski;Marek Kozminski;7/02/1971;1.78
6512;grzegorz krychowiak;Grzegorz Krychowiak;29/01/1990;1.86
6513;pawel kryszalowicz;Pawel Kryszalowicz;23/06/1974;1.83
6514;jacek krzynowek;Jacek Krzynowek;15/05/1976;1.80
6515;dariusz kubicki;Dariusz Kubicki;6/06/1963;
6516;cezary kucharski;Cezary Kucharski;17/02/1972;1.82
6517;zygmunt kukla;Zygmunt Kukla;21/01/1948;
6518;janusz kupcewicz;Janusz Kupcewicz;9/12/1955;
6519;rafal kurzawa;Rafał Kurzawa;29/01/1993;1.82
6520;marek kusto;Marek Kusto;29/04/1954;
6521;tomasz kuszczak;Tomasz Kuszczak;20/03/1982;1.91
6522;grzegorz lato;Grzegorz Lato;8/04/1950;
6523;mariusz lewandowski;Mariusz Lewandowski;18/05/1979;1.85
6524;robert lewandowski;Robert Lewandowski;21/08/1988;1.85
6525;karol linetty;Karol Linetty;2/02/1995;1.76
6526;kazimierz lis;Kazimierz Lis;9/04/1910;
6527;wlodek lubanski;Wlodek Lubanski;28/02/1947;
6528;antoni lyko;Antoni Lyko;25/07/1907;
6529;henryk maculewicz;Henryk Maculewicz;24/04/1950;
6530;edward madejski;Edward Madejski;11/08/1914;
6531;radoslaw majdan;Radoslaw Majdan;10/05/1972;1.85
6532;stefan majewski;Stefan Majewski;31/01/1956;
6533;zygmunt maszczyk;Zygmunt Maszczyk;3/05/1945;
6534;bohdan masztaler;Bohdan Masztaler;19/09/1949;
6535;adam matysek;Adam Matysek;19/07/1968;1.91
6536;waldemar matysik;Waldemar Matysik;27/09/1961;
6537;wlodzimierz mazur;Wlodzimierz Mazur;18/04/1954;
6538;sebastian mila;Sebastian Mila;10/07/1982;1.78
6539;arkadiusz milik;Arkadiusz Milik;28/02/1994;1.86
6540;jozef mlynarczyk;Jozef Mlynarczyk;20/09/1953;
6541;piotr mowlik;Piotr Mowlik;21/04/1951;
6542;maciej murawski;Maciej Murawski;20/02/1974;1.85
6543;adam musial;Adam Musial;18/12/1948;
6544;adam nawalka;Adam Nawalka;23/10/1957;
6545;erwin nyc;Erwin Nyc;24/05/1914;
6546;emmanuel olisadebe;Emmanuel Olisadebe;22/12/1978;1.80
6547;marek ostrowski;Marek Ostrowski;22/11/1959;
6548;andrzej palasz;Andrzej Palasz;22/07/1960;
6549;krzysztof pawlak;Krzysztof Pawlak;12/02/1958;
6550;michal pazdan;Michał Pazdan;21/09/1987;1.81
6551;slawomir peszko;Sławomir Konrad Peszko;19/02/1985;1.73
6552;krzysztof piatek;Krzysztof Piatek;1/07/1995;1.83
6553;ryszard piec;Ryszard Piec;17/08/1913;
6554;wilhelm piec;Wilhelm Piec;7/01/1915;
6555;leonard piontek;Leonard Piontek;3/10/1913;
6556;lukasz piszczek;Łukasz Piszczek;3/06/1985;1.84
6557;kazimierz przybys;Kazimierz Przybys;11/07/1960;
6558;arkadiusz radomski;Arkadiusz Radomski;27/06/1977;1.80
6559;grzegorz rasiak;Grzegorz Rasiak;12/01/1979;1.90
6560;wojciech rudy;Wojciech Rudy;24/10/1952;
6561;maciej rybus;Maciej Rybus;19/08/1989;1.73
6562;tomasz rzasa;Tomasz Rzasa;11/03/1973;1.81
6563;pawel sibik;Pawel Sibik;15/02/1971;1.80
6564;michal skoras;Michal Skóraś;15/06/2000;1.72
6565;lukasz skorupski;Łukasz Skorupski;5/05/1991;1.87
6566;piotr skrobowski;Piotr Skrobowski;16/10/1961;
6567;ebi smolarek;Ebi Smolarek;9/01/1981;1.76
6568;wlodimierz smolarek;Wlodimierz Smolarek;16/07/1957;
6569;radoslaw sobolewski;Radoslaw Sobolewski;13/12/1976;1.82
6570;karol swiderski;Karol Swiderski;23/01/1997;1.84
6571;piotr swierczewski;Piotr Swierczewski;8/04/1972;1.80
6572;andrzej szarmach;Andrzej Szarmach;3/10/1950;
6573;wojciech szczesny;Wojciech Tomasz Szczęsny;18/04/1990;1.95
6574;fryedryk szerfke;Fryedryk Szerfke;7/09/1909;
6575;wladyslaw szszepaniak;Wladyslaw Szszepaniak;19/05/1910;
6576;antoni szymanowski;Antoni Szymanowski;13/01/1951;
6577;damian szymanski;Damian Szymanski;16/06/1995;1.85
6578;sebastian szymanski;Sebastian Szymański;10/05/1999;1.74
6579;miroslav szymkowiak;Miroslav Szymkowiak;12/11/1976;1.79
6580;ryszard tarasiewicz;Ryszard Tarasiewicz;27/04/1962;
6581;lukasz teodorczyk;Łukasz Teodorczyk;3/06/1991;1.85
6582;jan tomaszewski;Jan Tomaszewski;9/01/1948;
6583;edmund tworz;Edmund Tworz;1/01/1914;
6584;jan urban;Jan Urban;14/05/1962;
6585;tomasz waldoch;Tomasz Waldoch;10/05/1971;1.87
6586;jozef wandzik;Jozef Wandzik;13/08/1963;
6587;jan wasiewicz;Jan Wasiewicz;6/01/1911;
6588;henryk wieczorek;Henryk Wieczorek;14/12/1949;
6589;mateusz wieteska;Mateusz Wieteska;11/02/1997;1.87
6590;ernest wilimowski;Ernest Wilimowski;23/06/1916;
6591;gerard wodarz;Gerard Wodarz;10/08/1913;
6592;roman wojcicki;Roman Wojcicki;8/01/1958;
6593;nicola zalewski;Nicola Zalewski;23/01/2002;1.75
6594;marcin zewlakow;Marcin Zewlakow;22/04/1976;1.83
6595;michal zewlakow;Michal Zewlakow;22/04/1976;1.83
6596;andrzej zgutczynski;Andrzej Zgutczynski;1/01/1958;
6597;jacek zielinski;Jacek Zielinski;10/10/1967;1.84
6598;piotr zielinski;Piotr Sebastian Zieliński;20/05/1994;1.77
6599;wladyslaw zmuda;Wladyslaw Zmuda;6/06/1954;
6600;maciej zurawski;Maciej Zurawski;12/09/1976;1.80
6601;szymon zurkowski;Szymon Żurkowski;25/09/1997;1.85
6602;abel xavier;Abel Xavier;30/11/1972;1.89
6603;alexandre baptista;Alexandre Baptista;17/02/1941;
6604;andre almeida;André Almeida;10/09/1990;1.86
6605;hugo almeida;Hugo Almeida;23/05/1984;1.93
6606;alvaro;Alvaro;3/01/1961;
6607;bruno alves;Bruno Eduardo Regufe Alves;27/11/1981;1.87
6608;americo;Americo;6/03/1933;
6609;ruben amorim;Rúben Filipe Marques Amorim;27/01/1985;1.80
6610;andre;Andre;24/12/1957;
6611;antonio sousa;Antonio Sousa;28/04/1957;
6612;bandeirinha;Bandeirinha;26/11/1962;
6613;bento;Bento;25/06/1948;
6614;beto 2;Beto;3/05/1976;1.85
6615;beto;António Alberto Bastos Pimparel;1/05/1982;1.83
6616;boa morte;Boa Morte;4/08/1977;1.80
6617;joao cancelo;João Cancelo;27/05/1994;1.82
6618;caneira;Caneira;9/02/1979;1.78
6619;capucho;Capucho;21/02/1972;1.80
6620;carlos manuel;Carlos Manuel;15/01/1958;
6621;carvalho;Carvalho;18/04/1937;
6622;william carvalho;William Silva de Carvalho;7/04/1992;1.90
6623;fabio coentrao;Fábio Alexandre Da Silva Coentrão;11/03/1988;1.81
6624;coluna;Coluna;6/08/1935;
6625;diogo costa;Diogo Costa;19/09/1999;1.92
6626;ricardo costa;Ricardo Miguel Moreira da Costa;16/05/1981;1.83
6627;costinha;Costinha;1/12/1974;1.80
6628;cruz;Cruz;12/08/1940;
6629;custodio pinto;Custodio Pinto;9/02/1942;
6630;diogo dalot;Diogo Dalot;18/03/1999;1.84
6631;damas;Damas;8/10/1947;
6632;daniel fernandes;Daniel Fernandes;25/09/1983;1.94
6633;danny;Danny;7/08/1983;1.79
6634;deco;Deco;27/08/1977;1.75
6635;diamantino;Diamantino;3/08/1959;
6636;ruben dias;Rúben Santos Gato Alves Dias;14/05/1997;1.87
6637;duda;Duda;27/06/1980;1.75
6638;eder 2;Eder;22/12/1987;1.88
6639;eduardo;Eduardo dos Reis Carvalho;19/09/1982;1.87
6640;ernesto;Ernesto;6/07/1937;
6641;eusebio;Eusebio;25/01/1942;
6642;joao felix;João Félix Sequeira;10/11/1999;1.81
6643;bruno fernandes;Bruno Miguel Borges Fernandes;8/09/1994;1.83
6644;manuel fernandes;Manuel Henrique Tavares Fernandes;5/02/1986;1.75
6645;fernando fernando couto;Fernando Fernando Couto;2/08/1969;1.84
6646;fernando meira;Fernando Meira;5/06/1978;1.92
6647;festa;Festa;21/07/1939;
6648;luis figo;Luis Figo;4/11/1972;1.80
6649;jose fonte;José Miguel da Rocha Fonte;22/12/1983;1.87
6650;frechaut;Frechaut;24/09/1977;1.84
6651;frederico;Frederico;6/04/1957;
6652;futre;Futre;28/02/1966;
6653;germano 2;Germano;18/01/1933;
6654;gomes 2;Gomes;22/11/1956;
6655;goncalo guedes;Gonçalo Manuel Ganchinho Guedes;29/11/1996;1.79
6656;raphael guerreiro;Raphaël Adelino José Guerreiro;22/12/1993;1.70
6657;hilario 2;Hilario;19/03/1939;
6658;ricardo horta;Ricardo Horta;15/09/1994;1.73
6659;hugo viana;Hugo Viana;15/01/1983;1.79
6660;inacio;Inacio;1/02/1955;
6661;jaime graca;Jaime Graca;10/01/1942;
6662;jaime magalhaes;Jaime Magalhaes;10/07/1962;
6663;joao pinto;João Manuel Vieira Pinto;19/08/1971;1.71
6664;joao pinto 2;João Domingos da Silva Pinto;21/11/1961;
6665;jorge andrade;Jorge Andrade;9/04/1978;1.84
6666;jorge costa;Jorge Costa;14/10/1971;1.88
6667;jorge martins;Jorge Martins;22/08/1954;
6668;jose antonio;Jose Antonio;29/10/1957;
6669;jose augusto;Jose Augusto;13/04/1937;
6670;jose carlos;Jose Carlos;22/09/1941;
6671;jose pereira;Jose Pereira;15/09/1931;
6672;rafael leao;Rafael Leão;10/06/1999;1.88
6673;liedson;Liedson;17/12/1977;1.73
6674;anthony lopes;Anthony Lopes;1/10/1990;1.84
6675;lourenco;Lourenco;8/04/1942;
6676;maniche;Maniche;11/11/1977;1.79
6677;manuel duarte;Manuel Duarte;20/05/1943;
6678;joao mario;João Mário Naval da Costa Eduardo;19/01/1993;1.79
6679;mario rui;Mário Rui Silva Duarte;27/05/1991;1.68
6680;gelson martins;Gelson Dany Batalha Martins;11/05/1995;1.70
6681;raul meireles;Raúl José Trindade Meireles;17/03/1983;1.79
6682;nuno mendes;Nuno Mendes;19/06/2002;1.76
6683;miguel;Miguel;4/01/1980;1.75
6684;otavio monteiro;Otávio Monteiro;9/02/1995;1.72
6685;morais;Morais;6/03/1935;
6686;morato;Morato;6/11/1964;
6687;joao moutinho;João Filipe Iria Santos Moutinho;15/09/1986;1.70
6688;nani;Rúben Filipe Marques Amorim;27/01/1985;1.80
6689;nelson;Nelson;20/10/1975;1.87
6690;neto;Luís Carlos Novo Neto;26/05/1988;1.87
6691;ruben neves;Rúben Neves;13/03/1997;1.80
6692;matheus nunes;Matheus Nunes;27/08/1998;1.81
6693;nuno gomes;Nuno Gomes;5/07/1976;1.81
6694;nuno valente;Nuno Valente;12/09/1974;1.82
6695;oliveira;Oliveira;8/06/1958;
6696;pacheco;Pacheco;22/07/1958;
6697;joao palhinha;João Palhinha;9/07/1995;1.90
6698;rui patricio;Rui Pedro dos Santos Patrício;15/02/1988;1.89
6699;pauleta;Pauleta;28/04/1973;1.81
6700;paulo bento;Paulo Bento;20/06/1969;1.75
6701;paulo ferreira;Paulo Ferreira;18/01/1979;1.81
6702;paulo santos;Paulo Santos;11/12/1972;1.84
6703;paulo sousa;Paulo Sousa;30/08/1970;1.77
6704;pedro barbosa;Pedro Barbosa;6/08/1970;1.82
6705;pedro mendes;Pedro Mendes;26/02/1979;1.77
6706;pepe;Kepler Laveran de Lima Ferreira;26/02/1983;1.87
6707;danilo pereira;Danilo Pereira;9/09/1991;1.88
6708;joao pereira;João Pereira;25/02/1984;1.72
6709;ricardo pereira;Ricardo Domingos Barbosa Pereira;6/10/1993;1.75
6710;peres;Peres;8/01/1942;
6711;petit;Petit;25/09/1976;1.78
6712;helder postiga;Hélder Manuel Marques Postiga;2/08/1982;1.82
6713;ricardo quaresma;Ricardo Andrade Quaresma Bernardo;26/09/1983;1.75
6714;quim;Quim;13/11/1975;1.84
6715;rafa;Rafael Alexandre Fernandes Ferreira Silva;17/05/1993;1.70
6716;goncalo ramos;Gonçalo Ramos;20/06/2001;1.85
6717;ribeiro;Ribeiro;2/11/1957;
6718;ricardo 2;Ricardo;11/02/1976;1.88
6719;ricardo carvalho;Ricardo Carvalho;18/05/1978;1.83
6720;rolando;Rolando;31/08/1985;1.89
6721;cristiano ronaldo;Cristiano Ronaldo dos Santos Aveiro;5/02/1985;1.87
6722;rui aguas;Rui Aguas;28/04/1960;
6723;rui costa;Rui Costa;29/03/1972;1.80
6724;rui jorge;Rui Jorge;27/03/1973;1.73
6725;jose sa;José Sá;17/01/1993;1.92
6726;sergio conceicao;Sergio Conceicao;15/11/1974;1.77
6727;adrien silva;Adrien Sébastien Perruchet da Silva;15/03/1989;1.76
6728;andre silva;André Miguel Valente da Silva;6/11/1995;1.84
6729;antonio silva;António Silva;30/10/2003;1.87
6730;bernardo silva;Bernardo Mota Veiga de Carvalho e Silva;10/08/1994;1.73
6731;simao;Simao;31/10/1979;1.70
6732;simoes;Simoes;14/12/1943;
6733;cedric soares;Cédric Ricardo Alves Soares;31/08/1991;1.72
6734;sobrinho;Sobrinho;5/05/1961;
6735;tiago;Tiago;2/05/1981;1.83
6736;jose torres;Jose Torres;8/09/1938;
6737;silvestre varela;Silvestre Varela;2/02/1985;1.80
6738;miguel veloso;Miguel Luís Pinto Veloso;11/05/1986;1.81
6739;vicente;Vicente;24/09/1935;
6740;vieirinha;Vieirinha;24/01/1986;1.73
6741;vitinha;Vitinha;13/02/2000;1.72
6742;vitor baia;Vitor Baia;15/10/1969;1.84
6743;kabasu babo;Kabasu Babo;4/03/1950;
6744;lobilo boba;Lobilo Boba;10/04/1950;
6745;mbungu ekofo;Mbungu Ekofo;24/11/1948;
6746;kakoko etepe;Kakoko Etepe;22/11/1950;
6747;muepu ilunga;Muepu Ilunga;22/08/1949;
6748;ntumba kalala;Ntumba Kalala;7/01/1949;
6749;kembo uba kembo;Kembo Uba Kembo;27/12/1947;
6750;kibonge mafu;Kibonge Mafu;12/02/1945;
6751;mavuda mafuila;Mavuda Mafuila;15/12/1949;
6752;mayanga maku;Mayanga Maku;31/10/1948;
6753;mana mambuene;Mana Mambuene;10/10/1947;
6754;kidumu mantantu;Kidumu Mantantu;17/11/1946;
6755;kilasu massamba;Kilasu Massamba;22/12/1950;
6756;mwape mialo;Mwape Mialo;30/12/1951;
6757;kazadi muamba;Kazadi Muamba;6/03/1947;
6758;mwanza nel mukombo;Mwanza Nel Mukombo;17/12/1945;
6759;ndaye mulamba;Ndaye Mulamba;4/11/1948;
6760;tubilandu ndimbi;Tubilandu Ndimbi;15/03/1948;
6761;kafula ngoye;Kafula Ngoye;11/11/1945;
6762;kalambay otepa;Kalambay Otepa;12/11/1948;
6763;buanga tshimen;Buanga Tshimen;4/01/1949;
6764;tshinabu wa munda;Tshinabu Wa Munda;8/05/1946;
6765;jozef adamec;Jozef Adamec;26/02/1942;
6766;milan albrecht;Milan Albrecht;16/07/1950;
6767;jozef barmos;Jozef Barmos;28/08/1954;
6768;milan baros;Milan Baros;28/10/1981;1.81
6769;michal benedikovic;Michal Benedikovic;31/05/1923;
6770;jan berger;Jan Berger;27/11/1955;
6771;premysl bicovsky;Premysl Bicovsky;18/08/1950;
6772;julius bielik;Julius Bielik;8/03/1962;
6773;michal bilek;Michal Bilek;13/04/1965;
6774;jaromir blazek;Jaromir Blazek;29/12/1972;1.88
6775;josef bomba;Josef Bomba;30/03/1939;
6776;jaroslav borovicka;Jaroslav Borovicka;26/01/1931;
6777;jaroslav boucek;Jaroslav Boucek;13/11/1912;
6778;vojtech bradac;Vojtech Bradac;6/10/1913;
6779;titus bubernik;Titus Bubernik;12/10/1933;
6780;jaroslav burgr;Jaroslav Burgr;7/03/1906;
6781;karel burkert;Karel Burkert;1/12/1909;
6782;jiri cadek;Jiri Cadek;7/12/1935;
6783;stefan cambal;Stefan Cambal;17/12/1908;
6784;jozef capkovic;Jozef Capkovic;11/01/1948;
6785;petr cech;Petr Cech;20/05/1982;1.97
6786;pavel cerny;Pavel Cerny;;
6787;pavel chaloupka;Pavel Chaloupka;4/05/1959;
6788;jozef chovanec;Jozef Chovanec;7/03/1960;
6789;josef ctyroky;Josef Ctyroky;30/09/1906;
6790;ferdinand daucik;Ferdinand Daucik;31/05/1910;
6791;karol dobias;Karol Dobias;18/12/1947;
6792;bretislav dolejsi;Bretislav Dolejsi;29/09/1928;
6793;milan dvorak;Milan Dvorak;19/11/1934;
6794;jiri feureisl;Jiri Feureisl;3/10/1931;
6795;jan fiala;Jan Fiala;19/05/1956;
6796;peter fieber;Peter Fieber;16/05/1964;
6797;antonin flesar;Antonin Flesar;8/05/1944;
6798;kazimir gajdos;Kazimir Gajdos;28/03/1934;
6799;tomas galasek;Tomas Galasek;15/01/1973;1.80
6800;stanislav griga;Stanislav Griga;4/11/1961;
6801;zdenek grygera;Zdenek Grygera;14/05/1980;1.85
6802;vladimir hagara;Vladimir Hagara;7/11/1943;
6803;ivan hasek;Ivan Hasek;6/09/1963;
6804;marek heinz;Marek Heinz;4/08/1977;1.88
6805;otto hemele;Otto Hemele;22/01/1926;
6806;jan hertl;Jan Hertl;23/01/1929;
6807;vladislav hlavacek;Vladislav Hlavacek;26/06/1925;
6808;jiri hledik;Jiri Hledik;19/04/1929;
6809;vaclav horak;Vaclav Horak;27/09/1912;
6810;alexander horvath;Alexander Horvath;28/12/1938;
6811;vaclav hovorka;Vaclav Hovorka;19/09/1931;
6812;ivan hrdlicka;Ivan Hrdlicka;20/11/1943;
6813;vladimir hrivnak;Vladimir Hrivnak;23/04/1945;
6814;zdenek hruska;Zdenek Hruska;25/07/1954;
6815;viliam hyravy;Viliam Hyravy;26/11/1962;
6816;frantisek jakubec;Frantisek Jakubec;12/04/1956;
6817;petr janecka;Petr Janecka;25/11/1957;
6818;marek jankulovski;Marek Jankulovski;9/05/1977;1.84
6819;david jarolim;David Jarolim;17/05/1979;1.72
6820;josef jelinek;Josef Jelinek;9/01/1942;
6821;martin jiranek;Martin Jiranek;25/05/1979;1.83
6822;karol jokl;Karol Jokl;29/08/1945;
6823;frantisek junek;Frantisek Junek;17/01/1907;
6824;jozef jurkanin;Jozef Jurkanin;5/03/1949;
6825;ladislav jurkemik;Ladislav Jurkemik;20/07/1953;
6826;ladislav kacani;Ladislav Kacani;1/04/1931;
6827;miroslav kadlec;Miroslav Kadlec;22/06/1964;
6828;josef kadraba;Josef Kadraba;29/09/1933;
6829;geza kalocsay;Geza Kalocsay;30/05/1913;
6830;vladimir kinier;Vladimir Kinier;6/04/1958;
6831;antonin kinsky;Antonin Kinsky;31/05/1975;1.87
6832;ivo knoflicek;Ivo Knoflicek;23/02/1962;
6833;jan kocian;Jan Kocian;13/03/1958;
6834;jan koller;Jan Koller;30/03/1973;2.02
6835;karel kolsky;Karel Kolsky;21/09/1914;
6836;vlastimil kopecky;Vlastimil Kopecky;14/10/1912;
6837;vladimir kos;Vladimir Kos;9/08/1935;
6838;jaroslav kosnar;Jaroslav Kosnar;17/08/1930;
6839;josef kostalek;Josef Kostalek;31/08/1909;
6840;pavel kouba;Pavel Kouba;1/09/1938;
6841;radoslav kovac;Radoslav Kovac;27/11/1979;1.88
6842;jan kozak 2;Jan Kozak;17/04/1954;
6843;anton krasnohorsky;Anton Krasnohorsky;22/10/1925;
6844;tadeas kraus;Tadeas Kraus;22/10/1932;
6845;rudolf krcil;Rudolf Krcil;5/03/1906;
6846;arnost kreuz;Arnost Kreuz;9/05/1912;
6847;tomas kriz;Tomas Kriz;17/03/1959;
6848;lubos kubik;Lubos Kubik;20/01/1964;
6849;jozef kukucka;Jozef Kukucka;13/03/1957;
6850;ladislav kuna;Ladislav Kuna;3/04/1947;
6851;andrej kvasnak;Andrej Kvasnak;19/05/1936;
6852;jan lala;Jan Lala;10/09/1936;
6853;vratislav lokvenc;Vratislav Lokvenc;27/09/1973;1.96
6854;josef ludl;Josef Ludl;3/06/1916;
6855;milan luhovy;Milan Luhovy;1/01/1963;
6856;josef majer;Josef Majer;8/06/1925;
6857;anton malatinsky;Anton Malatinsky;15/01/1920;
6858;pavel mares;Pavel Mares;18/01/1976;1.85
6859;vaclav masek;Vaclav Masek;21/03/1941;
6860;marian masny;Marian Masny;13/08/1950;
6861;josef masopust;Josef Masopust;9/02/1931;
6862;vaclav migas;Vaclav Migas;16/09/1944;
6863;ludek miklosko;Ludek Miklosko;9/12/1961;
6864;pavol molnar;Pavol Molnar;13/02/1936;
6865;anton moravcik;Anton Moravcik;3/06/1931;
6866;lubomir moravcik;Lubomir Moravcik;22/06/1965;
6867;gustav mraz;Gustav Mraz;11/09/1934;
6868;pavel nedved;Pavel Nedved;30/08/1972;1.75
6869;zdenek nehoda;Zdenek Nehoda;9/05/1952;
6870;oldrich nejedly;Oldrich Nejedly;26/12/1909;
6871;jiri nemec;Jiri Nemec;15/05/1966;
6872;vaclav nemecek;Vaclav Nemecek;25/01/1967;
6873;ladislav novak;Ladislav Novak;5/12/1931;
6874;otakar nozir;Otakar Nozir;12/03/1917;
6875;josef orth;Josef Orth;;
6876;peter paluch;Peter Paluch;17/02/1958;
6877;antonin panenka;Antonin Panenka;2/12/1948;
6878;cestmir patzel;Cestmir Patzel;2/12/1914;
6879;emil pazicky;Emil Pazicky;14/10/1927;
6880;jiri pesek;Jiri Pesek;4/06/1927;
6881;ladislav petras;Ladislav Petras;1/12/1946;
6882;vlastimil petrzela;Vlastimil Petrzela;20/07/1953;
6883;jan pivarnik;Jan Pivarnik;13/11/1947;
6884;frantisek planicka;Frantisek Planicka;2/06/1904;
6885;jaroslav plasil;Jaroslav Plasil;5/01/1982;1.83
6886;svatopluk pluskal;Svatopluk Pluskal;28/10/1930;
6887;karel poborsky;Karel Poborsky;30/03/1972;1.75
6888;jan polak;Jan Polak;14/03/1981;1.81
6889;jaroslav pollak;Jaroslav Pollak;11/07/1947;
6890;jan popluhar;Jan Popluhar;12/08/1935;
6891;tomas pospichal;Tomas Pospichal;26/06/1936;
6892;zdenek prochazka;Zdenek Prochazka;12/01/1928;
6893;antonin puc;Antonin Puc;16/05/1907;
6894;libor radimec;Libor Radimec;22/05/1950;
6895;theodor reimann;Theodor Reimann;10/02/1921;
6896;jan riha;Jan Riha;11/01/1915;
6897;tomas rosicky;Tomas Rosicky;4/10/1980;1.75
6898;david rozehnal;David Rozehnal;5/07/1980;1.91
6899;oldrich rulc;Oldrich Rulc;28/03/1911;
6900;frantisek safranek;Frantisek Safranek;2/01/1931;
6901;adolf scherer;Adolf Scherer;5/05/1938;
6902;frantisek schmucker;Frantisek Schmucker;28/01/1940;
6903;viliam schrojf;Viliam Schrojf;2/08/1931;
6904;stanislav seman;Stanislav Seman;8/08/1952;
6905;karel senecky;Karel Senecky;17/03/1919;
6906;josef silny;Josef Silny;23/01/1902;
6907;ladislav simunek;Ladislav Simunek;4/10/1916;
6908;libor sionko;Libor Sionko;1/02/1977;1.75
6909;tomas skuhravy;Tomas Skuhravy;7/09/1965;
6910;jiri sobotka;Jiri Sobotka;6/06/1911;
6911;imrich stacho;Imrich Stacho;4/11/1931;
6912;jiri stajner;Jiri Stajner;27/05/1976;1.85
6913;frantisek stambacher;Frantisek Stambacher;13/02/1953;
6914;jan stejskal;Jan Stejskal;15/01/1962;
6915;josef stibranyi;Josef Stibranyi;11/04/1940;
6916;frantisek straka;Frantisek Straka;28/05/1958;
6917;karel stromsik;Karel Stromsik;12/04/1958;
6918;frantisek svoboda;Frantisek Svoboda;5/07/1905;
6919;jiri tichy;Jiri Tichy;6/12/1933;
6920;jiri trnka;Jiri Trnka;2/12/1926;
6921;tomas ujfalusi;Tomas Ujfalusi;24/03/1978;1.85
6922;alexander vencel;Alexander Vencel;8/02/1944;
6923;bohumil vesely;Bohumil Vesely;18/06/1945;
6924;frantisek vesely;Frantisek Vesely;7/12/1943;
6925;ivo viktor;Ivo Viktor;21/05/1942;
6926;ladislav vizek;Ladislav Vizek;22/01/1955;
6927;antonin vodicka;Antonin Vodicka;1/03/1907;
6928;rostilav vojacek;Rostilav Vojacek;23/02/1949;
6929;vladimir weiss 2;Vladimir Weiss;22/09/1964;
6930;josef zeman;Josef Zeman;23/01/1915;
6931;ladislav zenisek;Ladislav Zenisek;7/03/1904;
6932;zdenek zikan;Zdenek Zikan;10/11/1937;
6933;jan zlocha;Jan Zlocha;24/03/1942;
6934;stere adamache;Stere Adamache;17/08/1941;
6935;gheorghe albu;Gheorghe Albu;18/11/1909;
6936;ioan andone;Ioan Andone;15/03/1960;
6937;gavril balint;Gavril Balint;3/01/1963;
6938;iuliu baratky;Iuliu Baratky;14/05/1910;
6939;stefan barbu;Stefan Barbu;2/03/1908;
6940;andrei barbulescu;Andrei Barbulescu;25/03/1917;
6941;miodrag belodedici;Miodrag Belodedici;20/05/1964;
6942;silviu bindea;Silviu Bindea;24/10/1912;
6943;iuliu bodola;Iuliu Bodola;26/02/1912;
6944;ionica bogdan;Ionica Bogdan;6/03/1915;
6945;coloman braun bogdan;Coloman Braun-Bogdan;13/10/1905;
6946;rudolf buerger;Rudolf Buerger;31/10/1908;
6947;rodion camataru;Rodion Camataru;22/06/1958;
6948;iulian chirita;Iulian Chirita;2/02/1967;
6949;vasile chiroiu;Vasile Chiroiu;13/08/1910;
6950;liviu ciobotariu;Liviu Ciobotariu;26/03/1971;
6951;gheorghe ciolac;Gheorghe Ciolac;10/08/1908;
6952;dan coe;Dan Coe;8/09/1941;
6953;vintila cossini;Vintila Cossini;21/11/1913;
6954;gheorghe craioveanu;Gheorghe Craioveanu;14/02/1968;
6955;alexandru cuedan;Alexandru Cuedan;26/09/1910;
6956;iosif czako;Iosif Czako;11/06/1906;
6957;mircea david;Mircea David;16/10/1914;
6958;vasile deheleanu;Vasile Deheleanu;12/08/1910;
6959;augustin deleanu;Augustin Deleanu;23/08/1944;
6960;emerich dembrovschi;Emerich Dembrovschi;6/10/1945;
6961;adalbert desu;Adalbert Desu;24/03/1909;
6962;cornel dinu;Cornel Dinu;2/08/1948;
6963;stefan dobay;Stefan Dobay;26/09/1909;
6964;anton dobos;Anton Dobos;13/10/1965;
6965;nicolae dobrin;Nicolae Dobrin;26/08/1947;
6966;flavius domide;Flavius Domide;11/05/1946;
6967;christian dulca;Christian Dulca;25/10/1972;
6968;florea dumitrache;Florea Dumitrache;22/05/1948;
6969;ilie dumitrescu;Ilie Dumitrescu;6/01/1969;
6970;ion dumitru;Ion Dumitru;2/01/1950;
6971;alfred eisenbeisser;Alfred Eisenbeisser;7/04/1908;
6972;iacob felecan;Iacob Felecan;1/01/1914;
6973;iulian filipescu;Iulian Filipescu;29/03/1974;
6974;constantin galca;Constantin Galca;8/03/1972;
6975;vasile gherghely;Vasile Gherghely;28/10/1941;
6976;gheorghe gornea;Gheorghe Gornea;2/08/1944;
6977;gheorghe hagi;Gheorghe Hagi;5/02/1965;
6978;adrian ilie;Adrian Ilie;22/04/1974;
6979;marian ivan;Marian Ivan;1/06/1969;
6980;mihai ivancescu;Mihai Ivancescu;22/03/1942;
6981;michael klein;Michael Klein;10/10/1959;
6982;rudolf kotormany;Rudolf Kotormany;23/01/1911;
6983;nicolae kovacs;Nicolae Kovacs;29/12/1911;
6984;marius lacatus;Marius Lacatus;5/04/1964;
6985;ion lapusneanu;Ion Lapusneanu;8/12/1908;
6986;gheorghe liliac;Gheorghe Liliac;22/04/1959;
6987;mircea lucescu;Mircea Lucescu;29/07/1945;
6988;silviu lung;Silviu Lung;9/09/1956;
6989;ioan lupescu;Ioan Lupescu;9/12/1968;
6990;nicolae lupescu;Nicolae Lupescu;17/12/1940;
6991;danut lupu;Danut Lupu;27/02/1967;
6992;lucian marinescu;Lucian Marinescu;24/06/1972;
6993;dorin mateut;Dorin Mateut;5/08/1965;
6994;gheorghe mihali;Gheorghe Mihali;9/12/1965;
6995;mihai mocanu;Mihai Mocanu;24/02/1942;
6996;viorel moldovan;Viorel Moldovan;8/08/1972;
6997;ioachim moldoveanu;Ioachim Moldoveanu;1/01/1913;
6998;josif moravetz;Josif Moravetz;14/01/1911;
6999;dorinel munteanu;Dorinel Munteanu;25/06/1968;
7000;zsolt muzsnai;Zsolt Muzsnai;20/06/1965;
7001;joszef nagy;Joszef Nagy;;
7002;alexandru neagu;Alexandru Neagu;19/07/1948;
7003;radu niculescu;Radu Niculescu;2/03/1975;
7004;radu nunweiller;Radu Nunweiller;16/11/1944;
7005;nica panduru;Nica Panduru;11/07/1970;
7006;corneliu papura;Corneliu Papura;5/09/1973;
7007;dumitru pavlovici;Dumitru Pavlovici;26/04/1912;
7008;niculae pescaru;Niculae Pescaru;27/03/1943;
7009;dan petrescu;Dan Petrescu;22/12/1967;
7010;adrian popescu;Adrian Popescu;26/07/1960;
7011;gabriel popescu;Gabriel Popescu;25/12/1973;
7012;gheorghe popescu;Gheorghe Popescu;9/10/1967;
7013;iuliu prassler;Iuliu Prassler;1/01/1916;
7014;stefan preda;Stefan Preda;18/06/1970;
7015;daniel prodan;Daniel Prodan;23/03/1972;
7016;florin prunea;Florin Prunea;8/08/1968;
7017;adalbert pullock;Adalbert Pullock;6/04/1907;
7018;necula raducanu;Necula Raducanu;10/05/1946;
7019;florin raducioiu;Florin Raducioiu;17/03/1970;
7020;ladislau raffinski;Ladislau Raffinski;23/04/1905;
7021;gheorghe rasinaru;Gheorghe Rasinaru;10/02/1915;
7022;mircea rednic;Mircea Rednic;9/04/1962;
7023;corneliu robe;Corneliu Robe;23/05/1908;
7024;iosif rotariu;Iosif Rotariu;27/09/1962;
7025;ioan sabau;Ioan Sabau;12/02/1968;
7026;robert sadowsky;Robert Sadowsky;16/08/1914;
7027;emil sandoi;Emil Sandoi;1/03/1965;
7028;ludovic satmareanu;Ludovic Satmareanu;21/02/1944;
7029;tibor selymes;Tibor Selymes;14/05/1970;
7030;gratian sepi;Gratian Sepi;30/12/1910;
7031;lazar sfera;Lazar Sfera;29/04/1909;
7032;constantin stanciu;Constantin Stanciu;1/01/1911;
7033;ovidiu stanga;Ovidiu Stanga;5/12/1972;
7034;dumitru stangaciu;Dumitru Stangaciu;9/08/1964;
7035;adalbert steiner;Adalbert Steiner;24/01/1907;
7036;bogdan stelea;Bogdan Stelea;5/12/1967;
7037;ilile subaseanu;Ilile Subaseanu;1/01/1906;
7038;gheorghe tataru;Gheorghe Tataru;5/05/1948;
7039;daniel timofte;Daniel Timofte;1/10/1967;
7040;marin tufan;Marin Tufan;14/10/1942;
7041;ion vladoiu;Ion Vladoiu;5/11/1968;
7042;emerich vogl;Emerich Vogl;12/08/1905;
7043;rudolf wetzer;Rudolf Wetzer;17/03/1901;
7044;samuel zauber;Samuel Zauber;1/01/1901;
7045;william zombory;William Zombory;11/01/1906;
7046;valentin afonin;Valentin Afonin;22/12/1939;
7047;igor akinfeev;Igor Vladimirovich Akinfeev;8/04/1986;1.86
7048;sergei aleinikov;Sergei Aleinikov;7/11/1961;
7049;dmitry alenichev;Dmitry Alenichev;20/10/1972;1.78
7050;sergei andreyev;Sergei Andreyev;16/05/1956;
7051;german apukthin;German Apukthin;12/06/1936;
7052;kakhi asatiani;Kakhi Asatiani;1/01/1947;
7053;andrei bal;Andrei Bal;16/02/1958;
7054;sergei baltacha;Sergei Baltacha;17/02/1958;
7055;anatoli banishevski;Anatoli Banishevski;23/02/1946;
7056;victor bannikov;Victor Bannikov;28/04/1938;
7057;igor belanov;Igor Belanov;25/09/1960;
7058;vladimir belyayev;Vladimir Belyayev;;
7059;vassili berezutski;Vassili Berezutski;20/06/1982;1.89
7060;vladimir beschastnykh;Vladimir Beschastnykh;1/04/1974;1.87
7061;vladimir bessonov;Vladimir Bessonov;5/03/1958;
7062;anatoly bishovets;Anatoly Bishovets;23/04/1946;
7063;oleg blokhin;Oleg Blokhin;5/11/1952;
7064;aleksandr borodyuk;Aleksandr Borodyuk;30/11/1962;
7065;sergei borovski;Sergei Borovski;29/01/1956;
7066;valeri broshin;Valeri Broshin;19/10/1962;
7067;aleksandr bubnov;Aleksandr Bubnov;10/10/1955;
7068;valentin bubukin;Valentin Bubukin;23/04/1933;
7069;leonid buryak;Leonid Buryak;10/07/1953;
7070;viacheslav chanov;Viacheslav Chanov;23/10/1951;
7071;victor chanov;Victor Chanov;21/07/1959;
7072;viktor chanov;Viktor Chanov;21/07/1959;
7073;stanislav cherchesov;Stanislav Cherchesov;2/09/1963;1.83
7074;denis cheryshev;Denis Dmitriyevich Cheryshev;26/12/1990;1.79
7075;igor chislenko;Igor Chislenko;4/01/1939;
7076;aleksandr chivadze;Aleksandr Chivadze;8/04/1955;
7077;givi chokheli;Givi Chokheli;27/06/1937;
7078;igor chugainov;Igor Chugainov;6/04/1970;1.87
7079;viacheslav daev;Viacheslav Daev;6/09/1972;1.85
7080;vasily danilov;Vasily Danilov;13/05/1941;
7081;vitali daraselia;Vitali Daraselia;9/10/1957;
7082;rinat dassayev;Rinat Dassayev;13/06/1957;
7083;anatoli demyanenko;Anatoli Demyanenko;19/02/1959;
7084;igor denisov;Igor Denisov;17/05/1984;1.76
7085;igor dobrovolskyi;Igor Dobrovolskyi;27/08/1967;
7086;eduard dubinski;Eduard Dubinski;6/04/1935;
7087;alan dzagoev;Alan Yelizbarovich Dzagoev;17/06/1990;1.79
7088;revaz dzodzvashvili;Revaz Dzodzvashvili;15/04/1945;
7089;artem dzyuba;Artem Sergeyevich Dzyuba;22/08/1988;1.96
7090;viktor faizulin;Viktor Faizulin;22/04/1986;1.82
7091;yuri falin;Yuri Falin;2/04/1937;
7092;genrikh fedosov;Genrikh Fedosov;6/12/1932;
7093;mario fernandes;Mário Figueira Fernandes;19/09/1990;1.89
7094;alexander filimonov;Alexander Filimonov;15/10/1973;1.93
7095;sergei fokin;Sergei Fokin;26/07/1961;
7096;vladimir gabulov;Vladimir Borisovich Gabulov;19/10/1983;1.90
7097;dimitri galiamin;Dimitri Galiamin;8/01/1963;
7098;yuri gavrilov;Yuri Gavrilov;3/05/1953;
7099;yury gazinsky;Yury Aleksandrovich Gazinsk;20/07/1989;1.84
7100;viktor getmanov;Viktor Getmanov;4/05/1940;
7101;denis glushakov;Denis Borisovich Glushakov;27/01/1987;1.82
7102;aleksandr golovin;Aleksandr Sergeyevich Golovin;30/05/1996;1.80
7103;sergei gorlukovich;Sergei Gorlukovich;18/11/1961;
7104;vladimir granat;Vladimir Vasilyevich Granat;22/05/1987;1.84
7105;gennadi gusarov;Gennadi Gusarov;11/03/1937;
7106;sergei ignashevitch;Sergei Nikolayevich Ignashevich;4/07/1979;1.86
7107;anatoli ilyin;Anatoli Ilyin;27/06/1931;
7108;aleksey ionov;Aleksey Ionov;18/02/1989;1.77
7109;aleksandr ivanov;Aleksandr Ivanov;14/04/1928;
7110;valentin ivanov;Valentin Ivanov;19/11/1934;
7111;marat izmailov;Marat Izmailov;21/09/1982;1.72
7112;viktor kanevski;Viktor Kanevski;3/10/1936;
7113;maksim kanunnikov;Maksim Kanunnikov;14/07/1991;1.83
7114;vladimir kaplichni;Vladimir Kaplichni;26/02/1944;
7115;valeri karpin;Valeri Karpin;2/02/1969;1.85
7116;anzor kavazashvili;Anzor Kavazashvili;19/07/1940;
7117;alexander kerzhakov;Alexander Kerzhakov;27/11/1982;1.75
7118;vladimir kesarev;Vladimir Kesarev;26/02/1930;
7119;dmitri kharin;Dmitri Kharin;16/08/1968;
7120;vagiz khidiyatullin;Vagiz Khidiyatullin;3/03/1959;
7121;dmitri khlestov;Dmitri Khlestov;21/01/1971;1.77
7122;vitali khmelnitski;Vitali Khmelnitski;12/06/1943;
7123;dmitry khokhlov;Dmitry Khokhlov;22/12/1975;1.89
7124;murtaz khurtsilava;Murtaz Khurtsilava;5/01/1943;
7125;galimzyan khusainov;Galimzyan Khusainov;27/06/1937;
7126;nicolai kiselyov;Nicolai Kiselyov;29/01/1946;
7127;alexander kokorin;Alexander Kokorin;19/03/1991;1.83
7128;dmitriy kombarov;Dmitri Vladimirovich Kombarov;22/01/1987;1.83
7129;alexey korneev;Alexey Korneev;6/02/1939;
7130;igor korneev;Igor Korneev;4/09/1967;
7131;sergei kotrikadze;Sergei Kotrikadze;9/08/1936;
7132;yuri kovtun;Yuri Kovtun;5/01/1970;1.89
7133;aleksei kozlov;Aleksei Kozlov;16/11/1986;1.82
7134;sergei krakovski;Sergei Krakovski;11/08/1960;
7135;konstantin krizhevski;Konstantin Krizhevski;20/02/1926;
7136;fyodor kudryashov;Fyodor Vasilievich Kudryashov;5/04/1987;1.81
7137;ilya kutepov;Ilya Olegovich Kutepov;29/07/1993;1.92
7138;boris kuznetsov;Boris Kuznetsov;14/07/1928;
7139;dmitri kuznetsov;Dmitri Kuznetsov;28/08/1965;
7140;oleg kuznetsov;Oleg Kuznetsov;22/03/1963;
7141;daler kuzyayev;Daler Adyamovich Kuzyayev;15/01/1993;1.77
7142;nikolai larionov;Nikolai Larionov;19/02/1957;
7143;igor lediakhov;Igor Lediakhov;22/05/1968;
7144;gennadi litovchenko;Gennadi Litovchenko;11/09/1963;
7145;vladimir liutyi;Vladimir Liutyi;20/04/1962;
7146;juri lodygin;Juri Lodygin;26/05/1990;1.87
7147;gennadi logofet;Gennadi Logofet;15/04/1942;
7148;evgeni lovchev;Evgeni Lovchev;29/01/1949;
7149;andrey lunyov;Andrey Yevgenyevich Lunyov;13/11/1991;1.89
7150;eduard malofeyev;Eduard Malofeyev;2/06/1942;
7151;aleksei mamykin;Aleksei Mamykin;29/02/1936;
7152;nikolai manoshin;Nikolai Manoshin;6/03/1938;
7153;eduard markarov;Eduard Markarov;20/06/1942;
7154;vladimir maslachenko;Vladimir Maslachenko;5/03/1936;
7155;anatoli maslyonkin;Anatoli Maslyonkin;26/06/1930;
7156;mikhail meskhi;Mikhail Meskhi;12/01/1937;
7157;slava metreveli;Slava Metreveli;30/05/1936;
7158;aleksei miranchuk;Aleksei Andreyevich Miranchuk;17/10/1995;1.82
7159;anton miranchuk;Anton Andreyevich Miranchuk;17/10/1995;1.82
7160;pavel mogilevets;Pavel Mogilevets;25/01/1993;1.83
7161;gennadi morozov;Gennadi Morozov;30/12/1962;
7162;aleksandr mostovoi;Aleksandr Mostovoi;22/08/1968;1.81
7163;vladimir muntyan;Vladimir Muntyan;14/09/1946;
7164;igor netto;Igor Netto;9/01/1930;
7165;ruslan nigmatullin;Ruslan Nigmatullin;7/10/1974;1.88
7166;yuri nikiforov;Yuri Nikiforov;16/09/1970;1.88
7167;givili nodiya;Givili Nodiya;2/01/1948;
7168;khoren oganesian;Khoren Oganesian;10/01/1955;
7169;viktor onopko;Viktor Onopko;14/10/1969;1.89
7170;leonid ostrovski;Leonid Ostrovski;17/01/1936;
7171;andrei piatnitski;Andrei Piatnitski;27/09/1967;
7172;ruslan pimenov;Ruslan Pimenov;25/11/1981;1.79
7173;viktor ponedelnik;Viktor Ponedelnik;22/05/1937;
7174;vladimir ponomaryov;Vladimir Ponomaryov;18/02/1940;
7175;dmitri popov;Dmitri Popov;27/02/1967;
7176;valeriy porkuyan;Valeriy Porkuyan;4/10/1944;
7177;oleg protasov;Oleg Protasov;4/02/1964;
7178;anatoli puzach;Anatoli Puzach;3/06/1941;
7179;dmitri radchenko;Dmitri Radchenko;2/12/1970;
7180;vasili rats;Vasili Rats;25/03/1961;
7181;sergei rodionov;Sergei Rodionov;3/09/1962;
7182;oleg romantsev;Oleg Romantsev;4/01/1954;
7183;sergei ryzhikov;Sergei Ryzhikov;19/09/1980;1.94
7184;yozhef sabo;Yozhef Sabo;29/02/1940;
7185;oleg salenko;Oleg Salenko;25/10/1969;
7186;sergei salnikov;Sergei Salnikov;13/09/1925;
7187;aleksandr samedov;Aleksandr Sergeyevich Samedov;19/06/1984;1.74
7188;georgy schennikov;Georgy Schennikov;27/04/1991;1.78
7189;sergei semak;Sergei Semak;27/02/1976;1.70
7190;andrey semenov;Andrei Sergeyevich Semyonov;24/03/1989;1.90
7191;andrei semionov;Andrei Igorevich Semyonov;8/06/1992;1.84
7192;igor semshov;Igor Semshov;6/04/1978;1.69
7193;dmitri sennikov;Dmitri Sennikov;24/06/1976;1.83
7194;viktor serebryanikov;Viktor Serebryanikov;29/03/1940;
7195;igor shalimov;Igor Shalimov;2/02/1969;
7196;oleg shatov;Oleg Shatov;29/07/1990;1.73
7197;ramaz shengelia;Ramaz Shengelia;1/01/1957;
7198;albert shesternyov;Albert Shesternyov;20/06/1941;
7199;leonid shmuts;Leonid Shmuts;8/10/1948;
7200;georgi sichinava;Georgi Sichinava;15/09/1944;
7201;nikita simonyan;Nikita Simonyan;12/10/1926;
7202;alexei smertin;Alexei Smertin;1/05/1975;1.76
7203;igor smolnikov;Igor Aleksandrovich Smolnikov;8/08/1988;1.78
7204;fyodor smolov;Fyodor Mikhaylovich Smolov;9/02/1990;1.87
7205;andrei solomatin;Andrei Solomatin;9/09/1975;1.83
7206;tengiz sulakvelidze;Tengiz Sulakvelidze;23/07/1956;
7207;yuri susloparov;Yuri Susloparov;14/08/1958;
7208;dmitri sychev;Dmitri Sychev;26/10/1983;1.75
7209;vladislav ternavski;Vladislav Ternavski;2/05/1969;
7210;omar tetradze;Omar Tetradze;13/10/1969;
7211;egor titov;Egor Titov;29/05/1976;1.82
7212;viktor tsaryov;Viktor Tsaryov;2/06/1931;
7213;akhrik tsveiba;Akhrik Tsveiba;10/09/1966;
7214;ilia tsymbalar;Ilia Tsymbalar;17/06/1969;
7215;aleksandr uvarov;Aleksandr Uvarov;13/01/1960;
7216;yuri voinov;Yuri Voinov;29/11/1931;
7217;valeri voronin;Valeri Voronin;17/07/1939;
7218;pavel yakovenko;Pavel Yakovenko;19/12/1964;
7219;ivan yaremchuk;Ivan Yaremchuk;19/03/1962;
7220;lev yashin;Lev Yashin;22/10/1929;
7221;aleksandr yerokhin;Aleksandr Yuryevich Yerokhin;13/10/1989;1.95
7222;vladimir yerokhin;Vladimir Yerokhin;10/04/1930;
7223;andrey yeshchenko;Andrey Yeshchenko;9/02/1984;1.76
7224;gennadi yevryuzhikhin;Gennadi Yevryuzhikhin;4/02/1944;
7225;vadim yevtushenko;Vadim Yevtushenko;1/01/1958;
7226;sergei yuran;Sergei Yuran;11/06/1969;
7227;aleksandr zavarov;Aleksandr Zavarov;20/04/1961;
7228;yuri zhirkov;Yuri Valentinovich Zhirkov;20/08/1983;1.85
7229;valeri zikov;Valeri Zikov;24/02/1944;
7230;roman zobnin;Roman Sergeyevich Zobnin;11/02/1994;1.82
7231;andrei zygmantovich;Andrei Zygmantovich;2/12/1962;
7232;keita balde;Keita Baldé Diao;8/03/1995;1.84
7233;fode ballo toure;Fodé Ballo-Toure;3/01/1997;1.82
7234;habib beye;Habib Beye;19/10/1977;1.82
7235;henri camara;Henri Camara;10/05/1977;1.76
7236;souleymane camara;Souleymane Camara;22/12/1982;1.74
7237;pathe ciss;Pathé Ciss;16/03/1994;1.86
7238;aliou cisse;Aliou Cisse;24/03/1976;1.80
7239;pape abdou cisse;Pape Abdou Cissé;14/09/1995;1.92
7240;kalidou cissokho;Kalidou Cissokho;14/12/1972;1.71
7241;ferdinand coly;Ferdinand Coly;10/09/1973;1.79
7242;omar daf;Omar Daf;12/02/1977;1.77
7243;boulaye dia;Boulaye Dia;16/11/1996;1.80
7244;abdou diallo;Abdou Diallo;4/05/1996;1.87
7245;abdoulaye diallo;Abdoulaye Diallo;30/03/1992;1.89
7246;omar diallo;Omar Diallo;28/09/1972;1.87
7247;salif diao;Salif Diao;10/02/1977;1.84
7248;krepin diatta;Krépin Diatta;25/02/1999;1.73
7249;lamine diatta;Lamine Diatta;2/07/1975;1.84
7250;famara diehiou;Famara Diéhiou;15/12/1992;1.92
7251;bamba dieng;Bamba Dieng;23/03/2000;1.78
7252;seny dieng;Seny Dieng;23/11/1994;1.95
7253;bouba diop;Bouba Diop;28/01/1978;1.93
7254;papa malick diop;Papa Malick Diop;29/12/1974;1.87
7255;el hadji diouf;El Hadji Diouf;15/01/1981;1.80
7256;mame biram diouf;Mame Biram Diouf;19/12/1987;1.85
7257;khalilou fadiga;Khalilou Fadiga;30/12/1974;1.83
7258;amdy faye;Amdy Faye;12/03/1977;1.84
7259;lamine gassama;Lamine Gassama;20/10/1989;1.81
7260;alfred gomis;Alfred Benjamin Gomis;5/09/1993;1.96
7261;idrissa gueye;Idrissa Gana Gueye;26/09/1989;1.74
7262;pape gueye;Pape Gueye;24/01/1999;1.89
7263;nicolas jackson;Nicolas Jackson;20/06/2001;1.86
7264;ismail jakobs;Ismail Jakobs;17/08/1999;1.84
7265;moussa konate;Pape Moussa Konaté;3/04/1993;1.83
7266;kalidou koulibaly;Kalidou Koulibaly;20/06/1991;1.95
7267;cheikhou kouyate;Cheikh N'Doye;21/12/1989;1.89
7268;mamadou loum;Mamadou Loum N'Diaye;30/12/1996;1.93
7269;sadio mane;Sadio Mané;10/04/1992;1.74
7270;adama mbengue;Adama Mbengue;1/12/1993;1.78
7271;kara mbodji;Serigne Modou Kara Mbodj;11/11/1989;1.92
7272;edouard mendy;Edouard Mendy;1/03/1992;1.94
7273;formose mendy;Formose Mendy;2/01/2001;1.91
7274;nampalys mendy;Nampalys Mendy;23/06/1992;1.67
7275;alfred ndiaye;Alfred John Momar N'Diaye;6/03/1990;1.87
7276;badou ndiaye;Papa Alioune Ndiay;27/10/1990;1.79
7277;khadim ndiaye;Serigne Khadim N'Diaye;30/11/1984;1.85
7278;moussa ndiaye 2;Moussa N'Diaye;18/06/2002;1.78
7279;cheikh ndoye;Cheikh N'Doye;29/03/1986;1.92
7280;moustapha name;Moustapha Name;5/05/1995;1.83
7281;iliman ndiaye;Iliman Ndiaye;6/03/2000;1.80
7282;makthar ndiaye;Makthar Ndiaye;31/12/1981;1.75
7283;moussa ndiaye;Moussa Ndiaye;20/02/1979;1.80
7284;sylvain ndiaye;Sylvain Ndiaye;25/06/1976;1.78
7285;alassane ndour;Alassane Ndour;12/12/1981;1.85
7286;mbaye niang;M'Baye Babacar Niang;19/12/1994;1.84
7287;youssouf sabaly;Youssouf Sabaly;5/03/1993;1.74
7288;diafra sakho;Diafra Sakho;24/12/1989;1.84
7289;salif sane;Salif Sané;25/08/1990;1.94
7290;ismaila sarr;Ismaïla Sarr;25/02/1998;1.75
7291;pape sarr;Pape Sarr;7/12/1977;1.80
7292;pape matar sarr;Pape Matar Sarr;14/09/2002;1.85
7293;moussa sow;Moussa Sow;19/01/1986;1.80
7294;tony sylva;Tony Sylva;17/05/1975;1.85
7295;pape thiaw;Pape Thiaw;5/02/1981;1.83
7296;amara traore;Amara Traore;25/09/1965;1.86
7297;moussa wague;Moussa Wagué;4/10/1998;1.77
7298;jovan acimovic;Jovan Acimovic;21/06/1948;
7299;andrija ankovic;Andrija Ankovic;16/07/1937;
7300;milorad arsenijevic;Milorad Arsenijevic;6/06/1906;
7301;aleksandar atanackovic;Aleksandar Atanackovic;29/04/1920;
7302;srdan babic;Srdan Babic;22/04/1996;1.95
7303;dusan bajevic;Dusan Bajevic;10/12/1948;
7304;mirsad baljic;Mirsad Baljic;4/03/1962;
7305;dusan basta;Dusan Basta;18/08/1984;1.83
7306;vladimir beara;Vladimir Beara;2/11/1928;
7307;ivica bek;Ivica Bek;29/10/1909;
7308;bruno belin;Bruno Belin;16/01/1929;
7309;stjepan bobek;Stjepan Bobek;3/12/1923;
7310;vladislav bogicevic;Vladislav Bogicevic;7/11/1950;
7311;alen boksic;Alen Boksic;21/01/1970;1.87
7312;vujadin boskov;Vujadin Boskov;16/05/1931;
7313;branko brnovic;Branko Brnovic;8/08/1967;
7314;dragoljub brnovic;Dragoljub Brnovic;2/11/1963;
7315;bozo broketa;Bozo Broketa;24/12/1921;
7316;ivan buljan;Ivan Buljan;11/12/1949;
7317;zeljko cajkovski;Zeljko Cajkovski;5/05/1925;
7318;zlatko cajkovski;Zlatko Cajkovski;24/11/1923;
7319;ratko colic;Ratko Colic;17/03/1918;
7320;tomislav crnkovic;Tomislav Crnkovic;17/06/1929;
7321;stjepan deveric;Stjepan Deveric;20/08/1961;
7322;predrag djajic;Predrag Djajic;1/05/1922;
7323;momcilo djokic;Momcilo Djokic;27/02/1911;
7324;nenad djordjevic;Nenad Djordjevic;7/08/1979;1.83
7325;predrag djordjevic;Predrag Djordjevic;4/08/1972;1.84
7326;goran djorovic;Goran Djorovic;11/11/1971;
7327;miroslav djukic;Miroslav Djukic;19/02/1966;
7328;andjelko djuricic;Andjelko Djuricic;21/11/1980;1.94
7329;filip djuricic;Filip Djuricic;30/01/1992;1.76
7330;marko dmitrovic;Marko Dmitrović;24/01/1992;1.94
7331;kiril dojcinovski;Kiril Dojcinovski;17/10/1943;
7332;ivica dragutinovic;Ivica Dragutinovic;13/11/1975;1.84
7333;ljubinko drulovic;Ljubinko Drulovic;11/09/1968;
7334;milan dudic;Milan Dudic;1/11/1979;1.83
7335;igor duljaj;Igor Duljaj;29/10/1979;1.75
7336;vladimir durkovic;Vladimir Durkovic;6/11/1937;
7337;dionizije dvornic;Dionizije Dvornic;27/04/1926;
7338;dragan dzajic;Dragan Dzajic;30/05/1946;
7339;strahinja erakovic;Strahinja Erakovic;22/01/2001;1.84
7340;ivan ergic;Ivan Ergic;21/01/1981;1.85
7341;vladimir firm;Vladimir Firm;1/01/1923;
7342;milan galic;Milan Galic;8/03/1938;
7343;goran gavrancic;Goran Gavrancic;2/08/1978;1.91
7344;dejan govedarica;Dejan Govedarica;2/10/1969;
7345;marko grujic;Marko Grujić;13/04/1996;1.91
7346;ivan gudelj;Ivan Gudelj;21/09/1960;
7347;nemanja gudelj;Nemanja Gudelj;16/11/1991;1.87
7348;enver hadziabdic;Enver Hadziabdic;6/11/1945;
7349;faruk hadzibegic;Faruk Hadzibegic;7/10/1957;
7350;vahid halilhodzic;Vahid Halilhodzic;15/10/1952;
7351;ivan horvat;Ivan Horvat;16/07/1926;
7352;branislav hrnjicek;Branislav Hrnjicek;5/06/1908;
7353;milos hrstic;Milos Hrstic;20/11/1955;
7354;ivan ilic;Ivan Ilic;17/03/2001;1.82
7355;sasa ilic;Sasa Ilic;30/12/1977;1.78
7356;gordan irovic;Gordan Irovic;;
7357;bojan isailovic;Bojan Isailovic;25/03/1980;1.92
7358;branislav ivanovic;Branislav Ivanović;22/02/1984;1.88
7359;milutin ivkovic;Milutin Ivkovic;3/03/1906;
7360;tomislav ivkovic;Tomislav Ivkovic;11/08/1960;
7361;aleksandar ivos;Aleksandar Ivos;28/06/1931;
7362;milovan jaksic;Milovan Jaksic;21/09/1909;
7363;robert jarni;Robert Jarni;26/10/1968;1.80
7364;drazen jerkovic;Drazen Jerkovic;6/08/1936;
7365;jurica jerkovic;Jurica Jerkovic;25/02/1950;
7366;ive jerolimov;Ive Jerolimov;30/03/1958;
7367;dragoslav jevric;Dragoslav Jevric;8/07/1974;1.86
7368;slavisa jokanovic;Slavisa Jokanovic;16/08/1968;
7369;milan jovanovic;Milan Jovanovic;18/04/1981;1.83
7370;miodrag jovanovic;Miodrag Jovanovic;17/01/1922;
7371;nikola jovanovic;Nikola Jovanovic;18/09/1952;
7372;luka jovic;Luka Jović;23/12/1997;1.81
7373;davor jozic;Davor Jozic;22/09/1960;
7374;vladimir jugovic;Vladimir Jugovic;30/08/1969;
7375;fahrudin jusufi;Fahrudin Jusufi;8/12/1939;
7376;gojko kacar;Gojko Kacar;26/01/1987;1.85
7377;stanislav karasi;Stanislav Karasi;8/11/1946;
7378;josip katalinski;Josip Katalinski;12/05/1948;
7379;srecko katanec;Srecko Katanec;16/07/1963;
7380;ervin katnic;Ervin Katnic;;
7381;mateja kezman;Mateja Kezman;12/04/1979;1.80
7382;aleksandar kolarov;Aleksandar Kolarov;10/11/1985;1.87
7383;slobodan komljenovic;Slobodan Komljenovic;2/01/1971;
7384;ognjen koroman;Ognjen Koroman;19/09/1978;1.79
7385;filip kostic;Filip Kostić;1/11/1992;1.84
7386;darko kovacevic;Darko Kovacevic;18/11/1973;1.88
7387;oliver kovacevic;Oliver Kovacevic;29/10/1974;1.86
7388;vladimir kovacevic;Vladimir Kovacevic;7/01/1940;
7389;branko kralj;Branko Kralj;10/03/1924;
7390;ivica kralj;Ivica Kralj;26/03/1973;
7391;milos krasic;Milos Krasic;1/11/1984;1.85
7392;srboljub krivokuca;Srboljub Krivokuca;14/03/1928;
7393;zlatko krmpotic;Zlatko Krmpotic;7/08/1958;
7394;mladen krstajic;Mladen Krstajic;4/03/1974;1.91
7395;dobrosav krstic;Dobrosav Krstic;5/02/1934;
7396;zdravko kuzmanovic;Zdravko Kuzmanovic;22/09/1987;1.87
7397;danko lazovic;Danko Lazovic;17/05/1983;1.85
7398;darko lazovic;Darko Lazovic;15/09/1990;1.81
7399;dragoje lekovic;Dragoje Lekovic;21/11/1967;
7400;luka liposinovic;Luka Liposinovic;12/05/1933;
7401;adem ljajic;Adem Ljajić;29/09/1991;1.81
7402;danijel ljuboja;Danijel Ljuboja;4/09/1978;1.87
7403;sasa lukic;Sasa Lukic;13/08/1996;1.83
7404;aleksandar lukovic;Aleksandar Lukovic;23/10/1982;1.84
7405;nemanja maksimovic;Nemanja Maksimović;26/01/1995;1.89
7406;lav mantula;Lav Mantula;8/12/1928;
7407;enver maric;Enver Maric;23/04/1948;
7408;blagoje marjanovic;Blagoje Marjanovic;9/09/1907;
7409;vlatko markovic;Vlatko Markovic;1/01/1937;
7410;nemanja matic;Nemanja Matić;1/08/1988;1.94
7411;zeljko matus;Zeljko Matus;9/08/1935;
7412;vojislav melic;Vojislav Melic;5/01/1940;
7413;rizah meskovic;Rizah Meskovic;10/08/1947;
7414;dragan mihajlovic;Dragan Mihajlovic;13/12/1906;
7415;prvoslav mihajlovic;Prvoslav Mihajlovic;13/04/1921;
7416;sinisa mihajlovic;Sinisa Mihajlovic;20/02/1969;
7417;predrag mijatovic;Predrag Mijatovic;19/01/1969;
7418;nikola milenkovic;Nikola Milenković;12/10/1997;1.95
7419;nenad milijas;Nenad Milijas;30/04/1983;1.82
7420;sergej milinkovic savic;Sergej Milinković-Savić;27/02/1995;1.92
7421;vanja milinkovic savic;Vanja Milinković-Savić;20/02/1997;2.02
7422;luka milivojevic;Luka Milivojević;7/04/1991;1.86
7423;savo milosevic;Savo Milosevic;2/09/1973;1.87
7424;sima milovanov;Sima Milovanov;10/04/1923;
7425;milorad milutinovic;Milorad Milutinovic;;
7426;milos milutinovic;Milos Milutinovic;5/02/1933;
7427;zoran mirkovic;Zoran Mirkovic;21/09/1971;
7428;rajko mitic;Rajko Mitic;19/11/1922;
7429;aleksandar mitrovic;Aleksandar Mitrović;16/09/1994;1.89
7430;stefan mitrovic;Stefan Mitrovic;22/05/1990;1.89
7431;filip mladenovic;Filip Mladenovic;15/08/1991;1.81
7432;dragan mrdja;Dragan Mrdja;23/01/1984;1.87
7433;srdjan mrkusic;Srdjan Mrkusic;26/05/1915;
7434;muhamed mujic;Muhamed Mujic;25/04/1932;
7435;drazen muzinic;Drazen Muzinic;25/01/1953;
7436;albert nadj;Albert Nadj;29/10/1974;1.74
7437;dragutin najdanovic;Dragutin Najdanovic;15/04/1908;
7438;zarko nikolic;Zarko Nikolic;16/10/1936;
7439;milos ninkovic;Milos Ninkovic;25/12/1984;1.79
7440;branko oblak;Branko Oblak;27/05/1947;
7441;ivan obradovic;Ivan Obradovic;25/07/1988;1.81
7442;tihomir ognjanov;Tihomir Ognjanov;2/03/1927;
7443;radivoje ognjanovic;Radivoje Ognjanovic;1/07/1938;
7444;perica ognjenovic;Perica Ognjenovic;24/02/1977;
7445;fahrudin omerovic;Fahrudin Omerovic;26/08/1961;
7446;bela palfi;Bela Palfi;16/02/1923;
7447;andrej panadic;Andrej Panadic;9/03/1958;
7448;darko pancev;Darko Pancev;7/09/1965;
7449;dragan pantelic;Dragan Pantelic;9/12/1951;
7450;marko pantelic;Marko Pantelic;15/09/1978;1.81
7451;zlatko papec;Zlatko Papec;17/01/1934;
7452;ilijas pasic;Ilijas Pasic;10/05/1934;
7453;predrag pasic;Predrag Pasic;18/10/1958;
7454;miroslav pavlovic;Miroslav Pavlovic;15/12/1942;
7455;strahinja pavlovic;Strahinja Pavlovic;24/05/2001;1.94
7456;luka peruzovic;Luka Peruzovic;26/02/1952;
7457;aleksandar petakovic;Aleksandar Petakovic;6/02/1930;
7458;dusan petkovic;Dusan Petkovic;13/06/1974;1.88
7459;ilija petkovic;Ilija Petkovic;22/09/1945;
7460;vlastimir petkovic;Vlastimir Petkovic;;
7461;ognjen petrovic;Ognjen Petrovic;2/01/1948;
7462;radosav petrovic;Radosav Petrovic;8/03/1989;1.93
7463;vladimir petrovic;Vladimir Petrovic;1/07/1955;
7464;zeljko petrovic;Zeljko Petrovic;13/11/1965;
7465;danilo popivoda;Danilo Popivoda;1/05/1948;
7466;vladimir popovic;Vladimir Popovic;17/03/1935;
7467;aleksandar prijovic;Aleksandar Prijović;21/04/1990;1.91
7468;robert prosinecki;Robert Prosinecki;12/01/1969;1.82
7469;ivan pudar;Ivan Pudar;16/08/1961;
7470;uros racic;Uros Racic;17/03/1998;1.93
7471;petar radakovic;Petar Radakovic;2/02/1937;
7472;nemanja radonjic;Nemanja Radonjić;15/02/1996;1.85
7473;nikola radovic;Nikola Radovic;20/10/1933;
7474;ivo radovnikovic;Ivo Radovnikovic;;
7475;zdravko rajkov;Zdravko Rajkov;5/12/1927;
7476;predrag rajkovic;Predrag Rajković;31/10/1995;1.91
7477;milan rodic;Milan Rodić;2/04/1991;1.85
7478;antonio rukavina;Antonio Rukavina;26/01/1984;1.77
7479;refik sabanadzovic;Refik Sabanadzovic;2/08/1965;
7480;ivan santek;Ivan Santek;23/04/1932;
7481;nisa saveljic;Nisa Saveljic;27/03/1970;
7482;dejan savicevic;Dejan Savicevic;15/09/1966;
7483;dragoslav sekularac;Dragoslav Sekularac;30/11/1937;
7484;branislav sekulic;Branislav Sekulic;29/10/1906;
7485;milos sestic;Milos Sestic;8/08/1956;
7486;vasilije sijakovic;Vasilije Sijakovic;31/07/1929;
7487;josip skoblar;Josip Skoblar;12/03/1941;
7488;edhem sljivo;Edhem Sljivo;16/03/1950;
7489;milutin soskic;Milutin Soskic;31/12/1937;
7490;ljubomir spajic;Ljubomir Spajic;7/03/1926;
7491;uros spajic;Uroš Spajić;13/02/1993;1.88
7492;predrag spasic;Predrag Spasic;29/09/1965;
7493;teofilo spasojevic;Teofilo Spasojevic;21/01/1909;
7494;branko stankovic;Branko Stankovic;31/10/1921;
7495;dejan stankovic;Dejan Stankovic;11/09/1978;1.81
7496;vujadin stanojkovic;Vujadin Stanojkovic;10/09/1963;
7497;ljubisa stefanovic;Ljubisa Stefanovic;4/01/1910;
7498;miroslav stevic;Miroslav Stevic;7/01/1970;
7499;nikola stipic;Nikola Stipic;18/12/1937;
7500;milan stojanovic;Milan Stojanovic;;
7501;mirko stojanovic;Mirko Stojanovic;11/06/1939;
7502;dragan stojkovic;Dragan Stojkovic;3/03/1965;1.75
7503;nenad stojkovic;Nenad Stojkovic;26/05/1956;
7504;vladimir stojkovic;Vladimir Stojković;28/07/1983;1.95
7505;neven subotic;Neven Subotic;10/12/1988;1.93
7506;davor suker;Davor Suker;1/01/1968;1.81
7507;ivica surjak;Ivica Surjak;23/03/1953;
7508;safet susic;Safet Susic;13/04/1955;
7509;ratko svilar;Ratko Svilar;6/05/1950;
7510;slavko svinjarevic;Slavko Svinjarevic;6/04/1935;
7511;dusan tadic;Dušan Tadić;20/11/1988;1.81
7512;aleksandar tirnanic;Aleksandar Tirnanic;15/07/1911;
7513;kosta tomasevic;Kosta Tomasevic;25/07/1923;
7514;novak tomic;Novak Tomic;7/01/1936;
7515;dragomir tosic;Dragomir Tosic;8/11/1909;
7516;dusko tosic;Duško Tošić;19/01/1985;1.84
7517;zoran tosic;Zoran Tosic;28/04/1987;1.71
7518;milos veljkovic;Miloš Veljković;26/09/1995;1.88
7519;toza veselinovic;Toza Veselinovic;22/10/1930;
7520;nemanja vidic;Nemanja Vidic;21/10/1981;1.85
7521;franjo vladic;Franjo Vladic;19/10/1951;
7522;dusan vlahovic;Dusan Vlahovic;28/01/2000;1.90
7523;djordje vujadinovic;Djordje Vujadinovic;6/12/1909;
7524;zlatko vujovic;Zlatko Vujovic;26/08/1958;
7525;zoran vujovic;Zoran Vujovic;26/08/1958;
7526;bernard vukas;Bernard Vukas;1/05/1927;
7527;zvonimir vukic;Zvonimir Vukic;19/07/1979;1.82
7528;zoran vulic;Zoran Vulic;4/10/1961;
7529;velimir zajec;Velimir Zajec;12/02/1956;
7530;branko zebec;Branko Zebec;17/05/1929;
7531;milan zekovic;Milan Zekovic;15/11/1925;
7532;nikola zigic;Nikola Zigic;25/09/1980;2.02
7533;andrija zivkovic;Andrija Živković;11/07/1996;1.70
7534;zvonko zivkovic;Zvonko Zivkovic;31/10/1959;
7535;sinisa zlatkovic;Sinisa Zlatkovic;;
7536;andre arendse;Andre Arendse;27/06/1967;1.90
7537;brendan augustine;Brendan Augustine;26/10/1971;
7538;brian baloyi;Brian Baloyi;16/03/1974;1.86
7539;shaun bartlett;Shaun Bartlett;31/10/1972;
7540;matthew booth;Matthew Booth;14/03/1977;1.98
7541;delron buckley;Delron Buckley;7/12/1977;1.75
7542;bradley carnell;Bradley Carnell;21/01/1977;1.74
7543;lance davids;Lance Davids;11/04/1985;1.71
7544;kagisho dikgacoi;Kagisho Dikgacoi;24/11/1984;1.80
7545;paul evans;Paul Evans;28/12/1973;
7546;mark fish;Mark Fish;14/03/1974;1.87
7547;quinton fortune;Quinton Fortune;21/05/1977;1.82
7548;siboniso gaxa;Siboniso Gaxa;6/04/1984;1.78
7549;simon gopane;Simon Gopane;26/12/1970;
7550;pierre issa;Pierre Issa;11/09/1975;1.95
7551;willem jackson;Willem Jackson;26/03/1972;
7552;moneeb josephs;Moneeb Josephs;19/05/1980;1.84
7553;thanduyise khuboni;Thanduyise Khuboni;23/05/1986;1.81
7554;bongani khumalo;Bongani Khumalo;6/01/1987;1.84
7555;doctor khumalo;Doctor Khumalo;26/06/1967;
7556;itumeleng khune;Itumeleng Khune;20/06/1987;1.80
7557;george koumantarakis;George Koumantarakis;27/03/1974;1.93
7558;jacob lekgetho;Jacob Lekgetho;24/03/1974;1.71
7559;reneilwe letsholonyane;Reneilwe Letsholonyane;9/06/1982;1.73
7560;calvin marlin;Calvin Marlin;20/04/1976;1.82
7561;tsepo masilela;Tsepo Masilela;5/05/1985;1.74
7562;phil masinga;Phil Masinga;28/06/1969;1.87
7563;benni mccarthy;Benni Mccarthy;12/11/1977;1.81
7564;helman mkhalele;Helman Mkhalele;20/10/1969;1.75
7565;thabo mngomeni;Thabo Mngomeni;24/06/1969;1.69
7566;bennett mnguni;Bennett Mnguni;18/03/1974;1.69
7567;themba mnguni;Themba Mnguni;16/12/1973;
7568;teko modise;Teko Modise;22/12/1982;1.72
7569;aaron mokoena;Aaron Mokoena;25/11/1980;1.83
7570;teboho mokoena;Teboho Mokoena;10/07/1974;1.79
7571;william mokoena;William Mokoena;31/03/1975;
7572;thabang molefe;Thabang Molefe;11/04/1979;1.80
7573;surprise moriri;Surprise Moriri;20/03/1980;1.73
7574;lebogang morula;Lebogang Morula;22/12/1968;
7575;john moshoeu;John Moshoeu;18/12/1965;1.77
7576;katlego mphela;Katlego Mphela;29/11/1984;1.80
7577;macdonald mukansi;MacDonald Mukansi;26/05/1975;1.76
7578;anele ngcongca;Anele Ngcongca;20/10/1987;1.77
7579;siyabonga nomvethe;Siyabonga Nomvethe;2/12/1977;1.78
7580;david nyathi;David Nyathi;22/03/1969;
7581;cyril nzama;Cyril Nzama;26/06/1974;1.82
7582;bernard parker;Bernard Parker;16/03/1986;1.72
7583;alfred phiri;Alfred Phiri;22/06/1974;
7584;steven pienaar;Steven Pienaar;17/03/1982;1.73
7585;jabu pule;Jabu Pule;11/07/1980;1.68
7586;lucas radebe;Lucas Radebe;12/04/1969;1.85
7587;siyabonga sangweni;Siyabonga Sangweni;29/09/1981;1.82
7588;macbeth sibaya;MacBeth Sibaya;25/11/1977;1.76
7589;jerry sikhosana;Jerry Sikhosana;8/06/1969;
7590;lucas thwala;Lucas Thwala;19/10/1981;1.70
7591;siphiwe tshabalala;Siphiwe Tshabalala;25/09/1984;1.70
7592;hans vonk;Hans Vonk;30/01/1970;1.96
7593;shu aib walters;Shu-Aib Walters;26/12/1981;1.88
7594;sibusiso zuma;Sibusiso Zuma;23/06/1975;1.80
7595;henock abrahamsson;Henock Abrahamsson;29/10/1909;
7596;thomas ahlstrom;Thomas Ahlstrom;17/07/1952;
7597;olle ahlund;Olle Ahlund;22/08/1920;
7598;niclas alexandersson;Niclas Alexandersson;29/12/1971;1.81
7599;marcus allback;Marcus Allback;5/07/1973;1.80
7600;erik almgren;Erik Almgren;28/01/1908;
7601;john alvbage;John Alvbage;10/08/1982;1.87
7602;roland aman;Roland Aman;30/01/1957;
7603;ake andersson;Ake Andersson;22/04/1917;
7604;andreas andersson;Andreas Andersson;10/04/1974;1.85
7605;bjorn andersson;Bjorn Andersson;20/07/1951;
7606;daniel andersson;Daniel Andersson;28/08/1977;1.78
7607;ernst andersson;Ernst Andersson;26/03/1909;
7608;harry andersson;Harry Andersson;7/03/1913;
7609;kennet andersson;Kennet Andersson;6/10/1967;
7610;magnus andersson;Magnus Andersson;23/04/1958;
7611;otto andersson;Otto Andersson;7/05/1910;
7612;patrik andersson;Patrik Andersson;18/08/1971;1.85
7613;roland andersson;Roland Andersson;28/03/1950;
7614;roy andersson;Roy Andersson;2/08/1949;
7615;sune andersson;Sune Andersson;27/02/1921;
7616;sven andersson;Sven Andersson;14/02/1907;
7617;sven andersson 2;Sven Andersson;6/10/1963;
7618;tomas antonelius;Tomas Antonelius;7/05/1973;1.79
7619;sanny aslund;Sanny Aslund;29/08/1952;
7620;ludwig augustinsson;Hans Carl Ludwig Augustinsson;21/04/1994;1.81
7621;jorgen augustsson;Jorgen Augustsson;28/10/1952;
7622;sven axbom;Sven Axbom;15/10/1926;
7623;kurt axelsson;Kurt Axelsson;10/11/1941;
7624;nils axelsson;Nils Axelsson;18/01/1906;
7625;marcus berg;Marcus Berg;17/08/1986;1.84
7626;orvar bergmark;Orvar Bergmark;16/11/1930;
7627;curt bergsten;Curt Bergsten;;
7628;bengt berndtsson;Bengt Berndtsson;26/01/1933;
7629;joachim bjorklund;Joachim Bjorklund;15/03/1971;1.85
7630;jesper blomqvist;Jesper Blomqvist;5/02/1974;
7631;hasse borg;Hasse Borg;4/08/1953;
7632;reino borjesson;Reino Borjesson;4/02/1929;
7633;tomas brolin;Tomas Brolin;29/11/1969;
7634;lennart bunke;Lennart Bunke;;
7635;rune carlsson;Rune Carlsson;1/10/1909;
7636;viktor claesson;Viktor Johan Anton Claesson;2/01/1992;1.83
7637;claes cronqvist;Claes Cronqvist;15/10/1944;
7638;martin dahlin;Martin Dahlin;16/04/1968;
7639;gosta dunker;Gosta Dunker;16/09/1905;
7640;jimmy durmaz;Jakup Jimmy Durmaz;22/03/1989;1.80
7641;erik edman;Erik Edman;11/11/1978;1.79
7642;ralf edstrom;Ralf Edstrom;7/10/1952;
7643;inge ejderstedt;Inge Ejderstedt;24/12/1946;
7644;albin ekdal;Albin Ekdal;28/07/1989;1.86
7645;johnny ekstrom;Johnny Ekstrom;5/03/1965;
7646;johan elmander;Johan Elmander;27/05/1981;1.88
7647;leif engqvist;Leif Engqvist;30/07/1962;
7648;ivar eriksson;Ivar Eriksson;25/12/1909;
7649;jan eriksson;Jan Eriksson;24/08/1967;
7650;lars eriksson;Lars Eriksson;21/09/1965;
7651;leif eriksson;Leif Eriksson;20/03/1942;
7652;ingemar erlandsson;Ingemar Erlandsson;16/11/1957;
7653;magnus erlingmark;Magnus Erlingmark;8/07/1968;
7654;pontus farnerud;Pontus Farnerud;4/06/1980;1.80
7655;emil forsberg;Emil Peter Forsberg;23/10/1991;1.79
7656;ingvar gard;Ingvar Gard;6/10/1921;
7657;karl erik grahn;Karl Erik Grahn;5/11/1914;
7658;ove grahn;Ove Grahn;9/05/1943;
7659;erik granath;Erik Granath;;
7660;andreas granqvist;Andreas Granqvist;16/04/1985;1.92
7661;gunnar gren;Gunnar Gren;31/10/1920;
7662;mats gren;Mats Gren;20/12/1963;
7663;roland grip;Roland Grip;1/01/1941;
7664;john guidetti;John Alberto Guidetti;15/04/1992;1.85
7665;bengt gustavsson;Bengt Gustavsson;13/01/1928;
7666;ragnar gustavsson;Ragnar Gustavsson;28/09/1907;
7667;goran hagberg;Goran Hagberg;8/11/1947;
7668;olle hakansson;Olle Hakansson;22/02/1927;
7669;kurt hamrin;Kurt Hamrin;19/11/1934;
7670;knut hansson;Knut Hansson;9/05/1911;
7671;petter hansson;Petter Hansson;14/12/1976;1.86
7672;ingemar haraldsson;Ingemar Haraldsson;3/02/1928;
7673;magnus hedman;Magnus Hedman;19/03/1973;1.93
7674;filip helander;Filip Viktor Helander;22/04/1993;1.92
7675;ronnie hellstrom;Ronnie Hellstrom;21/02/1949;
7676;oscar hiljemark;Oscar Hiljemark;28/06/1992;1.84
7677;glenn hysen;Glenn Hysen;30/10/1959;
7678;zlatan ibrahimovic;Zlatan Ibrahimovic;3/10/1981;1.95
7679;klas ingesson;Klas Ingesson;20/08/1968;
7680;andreas isaksson;Andreas Isaksson;3/10/1981;1.99
7681;sven jacobsson;Sven Jacobsson;17/04/1914;
7682;andreas jakobsson;Andreas Jakobsson;6/10/1972;1.89
7683;gunnar jansson;Gunnar Jansson;;
7684;pontus jansson;Pontus Jansson;13/02/1991;1.90
7685;ulrik jansson;Ulrik Jansson;2/02/1968;
7686;hans jeppsson;Hans Jeppsson;10/05/1925;
7687;ake johansson;Ake Johansson;19/03/1928;
7688;gunnar johansson ii;Gunnar Johansson Ii;29/02/1924;
7689;karl johnsson;Karl Johnsson;;
7690;karl johan johnsson;Karl-Johan Johnsson;28/01/1990;1.87
7691;sven jonasson;Sven Jonasson;9/07/1909;
7692;mattias jonson;Mattias Jonson;16/01/1974;1.78
7693;egon jonsson;Egon Jonsson;8/10/1921;
7694;henry kallgren;Henry Kallgren;13/03/1931;
7695;olle kallgren;Olle Kallgren;7/09/1907;
7696;kim kallstrom;Kim Kallstrom;24/08/1982;1.81
7697;pontus kamark;Pontus Kamark;5/04/1969;1.77
7698;kent karlsson;Kent Karlsson;25/11/1945;
7699;tore keller;Tore Keller;4/01/1905;
7700;isaac kiese thelin;Isaac Kiese Thelin;24/06/1992;1.89
7701;magnus kihlstedt;Magnus Kihlstedt;29/02/1972;1.90
7702;ove kindvall;Ove Kindvall;16/05/1943;
7703;krister kirstersson;Krister Kirstersson;25/07/1942;
7704;emil krafth;Emil Henry Kristoffer Krafth;2/08/1994;1.81
7705;knut kroon;Knut Kroon;19/06/1906;
7706;bo larsson;Bo Larsson;5/05/1944;
7707;henrik larsson;Henrik Larsson;20/09/1971;1.77
7708;lennart larsson;Lennart Larsson;9/07/1953;
7709;peter larsson;Peter Larsson;8/03/1961;
7710;sebastian larsson;Sebastian Bengt Ulf Larsson;6/06/1985;1.78
7711;sven gunnar larsson;Sven-Gunnar Larsson;10/05/1940;
7712;nils liedholm;Nils Liedholm;8/10/1922;
7713;anders limpar;Anders Limpar;24/09/1965;
7714;torsten lindberg;Torsten Lindberg;14/04/1917;
7715;victor lindelof;Victor Jörgen Nilsson Lindelöf;17/07/1994;1.87
7716;arne linderholm;Arne Linderholm;22/02/1916;
7717;anders linderoth;Anders Linderoth;21/03/1950;
7718;tobias linderoth;Tobias Linderoth;21/04/1979;1.77
7719;sven lindman;Sven Lindman;19/04/1942;
7720;roger ljung;Roger Ljung;8/01/1966;
7721;fredrik ljungberg;Fredrik Ljungberg;16/04/1977;1.76
7722;gosta lofgren;Gosta Lofgren;29/08/1923;
7723;teddy lucic;Teddy Lucic;15/04/1973;1.87
7724;mikael lustig;Carl Mikael Lustig;13/12/1986;1.91
7725;benno magnusson;Benno Magnusson;4/02/1953;
7726;mats magnusson;Mats Magnusson;10/07/1963;
7727;leif malberg;Leif Malberg;1/09/1945;
7728;arne mansson;Arne Mansson;;
7729;bror mellberg;Bror Mellberg;9/12/1923;
7730;olof mellberg;Olof Mellberg;3/09/1977;1.84
7731;hakan mild;Hakan Mild;14/06/1971;1.82
7732;johan mjallby;Johan Mjallby;9/02/1971;1.86
7733;jan moller;Jan Moller;17/09/1953;
7734;goran nicklasson;Goran Nicklasson;20/08/1942;
7735;erik nilsson;Erik Nilsson;6/08/1916;
7736;harry nilsson;Harry Nilsson;;
7737;joakim nilsson;Joakim Nilsson;31/03/1966;
7738;mikael nilsson;Mikael Nilsson;24/06/1978;1.82
7739;mikael nilsson 2;Mikael Nilsson;28/09/1968;
7740;roland nilsson;Roland Nilsson;27/11/1963;
7741;stellan nilsson;Stellan Nilsson;28/05/1922;
7742;torbjorn nilsson;Torbjorn Nilsson;9/07/1954;
7743;knut nordahl;Knut Nordahl;13/01/1920;
7744;thomas nordahl;Thomas Nordahl;24/05/1946;
7745;kristoffer nordfeldt;Bo Kristoffer Nordfeldt;23/06/1989;1.90
7746;olle nordin;Olle Nordin;23/11/1949;
7747;bjorn nordqvist;Bjorn Nordqvist;6/10/1942;
7748;arne nyberg;Arne Nyberg;20/06/1913;
7749;niclas nyhlen;Niclas Nyhlen;21/03/1966;
7750;prawitz oberg;Prawitz Oberg;16/11/1930;
7751;ove ohlsson;Ove Ohlsson;19/08/1938;
7752;robin olsen;Robin Olsen;8/01/1990;1.98
7753;gunnar olsson;Gunnar Olsson;19/07/1908;
7754;jan olsson;Jan Olsson;30/03/1942;
7755;martin olsson;Martin Tony Waikwa Olsson;17/05/1988;1.70
7756;karl erik palmer;Karl-Erik Palmer;17/04/1929;
7757;sten palsson;Sten Palsson;4/12/1945;
7758;sigge parling;Sigge Parling;26/03/1930;
7759;erik persson;Erik Persson;19/11/1909;
7760;orjan persson;Orjan Persson;27/08/1942;
7761;stefan petterson;Stefan Petterson;22/03/1963;
7762;ronny pettersson;Ronny Pettersson;26/04/1940;
7763;thomas ravelli;Thomas Ravelli;13/08/1959;
7764;stefan rehn;Stefan Rehn;22/09/1966;
7765;marcus rohden;Marcus Christer Rohdén;11/05/1991;1.82
7766;nils rosen;Nils Rosen;22/05/1902;
7767;markus rosenberg;Markus Rosenberg;27/09/1982;1.84
7768;anders rydberg;Anders Rydberg;3/03/1903;
7769;ingvar rydell;Ingvar Rydell;7/05/1922;
7770;lennart samuelsson;Lennart Samuelsson;7/07/1924;
7771;roland sandberg;Roland Sandberg;16/12/1946;
7772;stefan schwarz;Stefan Schwarz;18/04/1969;
7773;hans selander;Hans Selander;15/03/1945;
7774;arne selmonsson;Arne Selmonsson;29/03/1931;
7775;rami shaaban;Rami Shaaban;30/06/1975;1.93
7776;agne simonsson;Agne Simonsson;19/10/1935;
7777;gustav sjoberg;Gustav Sjoberg;23/03/1913;
7778;thomas sjoberg;Thomas Sjoberg;6/07/1952;
7779;lennart skoglund;Lennart Skoglund;24/12/1929;
7780;fredrik stenman;Fredrik Stenman;2/06/1983;1.87
7781;glenn stromberg;Glenn Stromberg;5/01/1960;
7782;stig sundqvist;Stig Sundqvist;19/07/1922;
7783;kurt svanstrom;Kurt Svanstrom;24/03/1915;
7784;anders svensson;Anders Svensson;17/07/1976;1.77
7785;gustav svensson;Karl Gustav Johan Svensson;7/02/1987;1.84
7786;kalle svensson;Kalle Svensson;11/11/1925;
7787;karl svensson;Karl Svensson;21/03/1984;1.89
7788;magnus svensson;Magnus Svensson;10/03/1969;1.72
7789;michael svensson;Michael Svensson;25/11/1975;1.89
7790;tommy svensson;Tommy Svensson;4/03/1945;
7791;tore svensson;Tore Svensson;6/12/1927;
7792;staffan tapper;Staffan Tapper;10/07/1948;
7793;jonas thern;Jonas Thern;20/03/1967;
7794;arvid thoern;Arvid Thoern;;
7795;ola toivonen;Nils Ola Toivonen;3/07/1986;1.91
7796;conny torstensson;Conny Torstensson;28/08/1949;
7797;tom turesson;Tom Turesson;17/05/1942;
7798;sven unger;Sven Unger;;
7799;benny wendt;Benny Wendt;4/11/1950;
7800;gustav wetterstrom;Gustav Wetterstrom;15/10/1911;
7801;eivar widlund;Eivar Widlund;1/01/1906;
7802;christian wilhelmsson;Christian Wilhelmsson;8/12/1979;1.77
7803;andre abegglen;Andre Abegglen;7/03/1909;
7804;paul aebi;Paul Aebi;10/09/1910;
7805;michel aebischer;Michel Aebischer;6/01/1997;1.83
7806;georges aeby;Georges Aeby;10/09/1913;
7807;manuel akanji;Manuel Akanji;19/07/1995;1.86
7808;toni allemann;Toni Allemann;6/01/1936;
7809;willy allemann;Willy Allemann;10/06/1942;
7810;lauro amado;Lauro Amado;15/03/1912;
7811;kurt ambruster;Kurt Ambruster;16/09/1934;
7812;kiki antenen;Kiki Antenen;3/11/1929;1.74
7813;rene bader;Rene Bader;7/08/1922;
7814;heinz baeni;Heinz Baeni;18/11/1936;
7815;erwin ballabio;Erwin Ballabio;20/10/1918;
7816;robert ballaman;Robert Ballaman;21/06/1926;
7817;tranquillo barnetta;Tranquillo Barnetta;22/05/1985;1.76
7818;walter beerli;Walter Beerli;23/07/1928;
7819;valon behrami;Valon Behrami;19/04/1985;1.84
7820;diego benaglio;Diego Benaglio;8/09/1983;1.93
7821;fredy bickel;Fredy Bickel;12/05/1918;
7822;thomas bickel;Thomas Bickel;6/10/1963;
7823;heinz bigler;Heinz Bigler;21/12/1925;
7824;renato bizzozero;Renato Bizzozero;1/01/1912;
7825;roger bocquet;Roger Bocquet;9/04/1921;
7826;giuseppe bossi;Giuseppe Bossi;29/08/1911;
7827;georges bregy;Georges Bregy;17/01/1958;
7828;rene brodmann;Rene Brodmann;25/10/1933;
7829;martin brunner;Martin Brunner;23/04/1963;
7830;albert buche;Albert Buche;1/01/1911;
7831;otto buehler;Otto Buehler;;
7832;albert bunjaku;Albert Bunjaku;29/11/1983;1.78
7833;roman burki;Roman Bürki;14/11/1990;1.87
7834;ricardo cabanas;Ricardo Cabanas;17/01/1979;1.73
7835;charles casali;Charles Casali;27/04/1923;
7836;stephane chapuisat;Stephane Chapuisat;28/06/1969;
7837;fabio coltorti;Fabio Coltorti;3/12/1980;1.97
7838;eray comert;Eray Cömert;4/02/1998;1.83
7839;eugenio corrodi;Eugenio Corrodi;2/07/1922;
7840;david degen;David Degen;15/02/1983;1.83
7841;philipp degen;Philipp Degen;15/02/1983;1.84
7842;eren derdiyok;Eren Derdiyok;12/06/1988;1.90
7843;johan djourou;Johan Danon Djourou-Gbadjere;18/01/1987;1.92
7844;josip drmic;Josip Drmić;8/08/1992;1.84
7845;richard duerr;Richard Duerr;1/12/1938;
7846;blerim dzemaili;Blerim Džemaili;12/04/1986;1.79
7847;mario eggimann;Mario Eggimann;24/01/1981;1.84
7848;oliver eggimann;Oliver Eggimann;28/01/1919;
7849;andy egli;Andy Egli;8/05/1958;
7850;walter eich;Walter Eich;27/05/1925;
7851;leo eichmann;Leo Eichmann;24/12/1936;
7852;charly elsener;Charly Elsener;13/08/1934;
7853;nico elvedi;Nico Elvedi;30/09/1996;1.87
7854;breel embolo;Breel Donald Embolo;14/02/1997;1.84
7855;norbert eschmann;Norbert Eschmann;19/09/1933;
7856;christian fassnachft;Christian Fassnachft;11/11/1993;1.85
7857;jackie fatton;Jackie Fatton;19/12/1925;
7858;edimilson fernandes;Edimilson Fernandes Ribeiro;15/04/1996;1.90
7859;gelson fernandes;Gelson da Conceição Tavares Fernandes;2/09/1986;1.83
7860;gilbert fesselet;Gilbert Fesselet;16/04/1928;
7861;marcel flueckiger;Marcel Flueckiger;20/09/1929;
7862;sebastien fournier;Sebastien Fournier;27/06/1971;
7863;alexander frei;Alexander Frei;15/07/1979;1.80
7864;fabian frei;Fabian Frei;8/01/1989;1.83
7865;remo freuler;Remo Freuler;15/04/1992;1.81
7866;ernst frick;Ernst Frick;;
7867;hans peter friedlaender;Hans-Peter Friedlaender;6/11/1920;
7868;alessandro frigerio;Alessandro Frigerio;15/11/1914;
7869;roberto frigerio;Roberto Frigerio;16/11/1938;
7870;ivo frosio;Ivo Frosio;27/04/1930;
7871;hans ruedi fuhrer;Hans-Ruedi Fuhrer;24/12/1937;
7872;mario gavranovic;Mario Gavranović;24/11/1989;1.75
7873;alain geiger;Alain Geiger;5/11/1960;
7874;louis gobet;Louis Gobet;28/10/1908;
7875;vittore gottardi;Vittore Gottardi;24/09/1941;
7876;marco grassi;Marco Grassi;8/08/1968;
7877;tullio grassi;Tullio Grassi;5/02/1910;
7878;stephane grichting;Stephane Grichting;30/03/1979;1.86
7879;andre grobety;Andre Grobety;22/06/1933;
7880;albert guinchard;Albert Guinchard;10/11/1914;
7881;daniel gygax;Daniel Gygax;28/08/1981;1.79
7882;ruedi gyger;Ruedi Gyger;16/04/1920;
7883;dominique herr;Dominique Herr;25/10/1965;
7884;erwin hochstrasser;Erwin Hochstrasser;;
7885;robert hosp;Robert Hosp;13/12/1939;
7886;marc hottiger;Marc Hottiger;7/11/1967;
7887;willy huber;Willy Huber;17/12/1913;
7888;sepp huegi;Sepp Huegi;23/01/1930;
7889;ernst hufschmid;Ernst Hufschmid;4/02/1913;
7890;adolphe hug;Adolphe Hug;23/09/1923;
7891;benjamin huggel;Benjamin Huggel;7/07/1977;1.90
7892;gokhan inler;Gokhan Inler;27/06/1984;1.83
7893;fernand jaccard;Fernand Jaccard;8/10/1907;
7894;alfred jaeck;Alfred Jaeck;2/08/1911;
7895;willy jaeggi;Willy Jaeggi;28/07/1906;
7896;ardon jashari;Ardon Jashari;30/07/2002;1.81
7897;fritz kehl;Fritz Kehl;12/07/1937;
7898;willy kernen;Willy Kernen;6/08/1929;
7899;leopold kielholz;Leopold Kielholz;9/06/1911;
7900;adrian knup;Adrian Knup;2/07/1968;
7901;gregor kobel;Gregor Kobel;6/12/1997;1.94
7902;philipp kohn;Philipp Köhn;2/04/1998;1.90
7903;fritz kuenzli;Fritz Kuenzli;8/01/1946;
7904;koebi kuhn;Koebi Kuhn;12/10/1943;
7905;michael lang;Michael Lang;8/02/1991;1.84
7906;august lehmann;August Lehmann;26/01/1909;
7907;stephan lehmann;Stephan Lehmann;15/08/1963;
7908;werner leimgruber;Werner Leimgruber;2/09/1934;
7909;johnny leoni;Johnny Leoni;30/06/1984;1.89
7910;stephan lichtsteiner;Stephan Lichtsteiner;16/01/1984;1.80
7911;ernst loertscher;Ernst Loertscher;15/03/1913;
7912;edmond loichot;Edmond Loichot;;
7913;gerhard lusenti;Gerhard Lusenti;24/04/1921;
7914;mauro lustrinelli;Mauro Lustrinelli;26/02/1976;1.73
7915;ludovic magnin;Ludovic Magnin;20/04/1979;1.86
7916;xavier margairaz;Xavier Margairaz;7/01/1984;1.85
7917;roger mathis;Roger Mathis;4/04/1921;
7918;marcel mauron;Marcel Mauron;25/03/1929;
7919;admir mehmedi;Admir Mehmedi;16/03/1991;1.78
7920;eugen meier;Eugen Meier;30/04/1930;
7921;severino minelli;Severino Minelli;6/09/1909;
7922;fritz morf;Fritz Morf;29/01/1928;
7923;francois moubandje;Jacques François Moubandje;21/06/1990;1.82
7924;patrick mueller;Patrick Mueller;17/12/1976;1.82
7925;yvon mvogo;Yvon Landry Mvogo Nganoma;6/06/1994;1.88
7926;andre neury;Andre Neury;3/09/1921;
7927;blaise nkufo;Blaise Nkufo;25/05/1975;1.86
7928;karl odermatt;Karl Odermatt;17/12/1942;
7929;christophe ohrel;Christophe Ohrel;7/04/1968;
7930;noah okafor;Noah Okafor;24/05/2000;1.85
7931;jonas omlin;Jonas Omlin;10/01/1994;1.90
7932;arnaldo ortelli;Arnaldo Ortelli;;
7933;marco padalino;Marco Padalino;8/12/1983;1.77
7934;eugene parlier;Eugene Parlier;13/02/1929;
7935;marco pascolo;Marco Pascolo;9/05/1966;
7936;raymond pasello;Raymond Pasello;12/01/1905;
7937;antonio permunian;Antonio Permunian;16/08/1930;
7938;philippe pottier;Philippe Pottier;9/07/1938;
7939;mario prosperi;Mario Prosperi;4/08/1945;
7940;rene quentin;Rene Quentin;5/08/1943;
7941;yvan quentin;Yvan Quentin;2/05/1970;
7942;roger quinche;Roger Quinche;22/07/1922;
7943;oskar rauch;Oskar Rauch;;
7944;gilbert rey;Gilbert Rey;30/10/1930;
7945;kurt rey;Kurt Rey;1/01/1923;
7946;fabian rieder;Fabian Rieder;16/02/2002;1.81
7947;ferdinando riva;Ferdinando Riva;3/07/1930;
7948;ricardo rodriguez;Ricardo Iván Rodríguez Araya;25/08/1992;1.80
7949;peter roesch;Peter Roesch;14/09/1930;
7950;martin rueda;Martin Rueda;9/01/1963;
7951;eugen rupf;Eugen Rupf;;
7952;fabian schar;Fabian Lukas Schär;20/12/1991;1.86
7953;jean claude schindelholz;Jean-Claude Schindelholz;11/10/1940;
7954;heinz schneiter;Heinz Schneiter;12/04/1935;
7955;pirmin schwegler;Pirmin Schwegler;9/03/1987;1.78
7956;frank sechehaye;Frank Sechehaye;3/11/1907;
7957;haris seferovic;Haris Seferović;22/02/1992;1.86
7958;philippe senderos;Philippe Senderos;14/02/1985;1.90
7959;ciriaco sforza;Ciriaco Sforza;2/03/1970;
7960;xherdan shaqiri;Xherdan Shaqiri;10/10/1991;1.69
7961;hans siegenthaler;Hans Siegenthaler;1/01/1923;
7962;felice soldini;Felice Soldini;1/01/1915;
7963;yann sommer;Yann Sommer;17/12/1988;1.83
7964;djibril sow;Djibril Sow;6/02/1997;1.83
7965;hermann springer;Hermann Springer;4/12/1908;
7966;christoph spycher;Christoph Spycher;30/03/1978;1.74
7967;renato steffen;Renato Steffen;3/11/1991;1.70
7968;adolf stelzer;Adolf Stelzer;1/09/1908;
7969;kurt stettler;Kurt Stettler;21/08/1932;
7970;xavier stierli;Xavier Stierli;29/10/1940;
7971;valentin stocker;Valentin Stocker;12/04/1989;1.78
7972;marco streller;Marco Streller;18/06/1981;1.95
7973;georges stuber;Georges Stuber;11/05/1925;
7974;juerg studer;Juerg Studer;8/09/1966;
7975;nestor subiat;Nestor Subiat;23/04/1966;
7976;alain sutter;Alain Sutter;22/01/1968;
7977;patrick sylvestre;Patrick Sylvestre;1/09/1968;
7978;ely tacchella;Ely Tacchella;25/05/1936;
7979;jean tamini;Jean Tamini;9/12/1919;
7980;ruben vargas;Rubén Vargas;5/08/1998;1.79
7981;sirio vernati;Sirio Vernati;12/05/1907;
7982;johann vogel;Johann Vogel;8/03/1977;1.75
7983;steve von bergen;Steve Von Bergen;10/06/1983;1.83
7984;willy von kaenel;Willy Von Kaenel;30/10/1909;
7985;marcel vonlanden;Marcel Vonlanden;8/09/1933;
7986;roger vonlanthen;Roger Vonlanthen;5/12/1930;
7987;georges vuilleumier;Georges Vuilleumier;21/09/1944;
7988;fritz wagner;Fritz Wagner;;
7989;eugen walachek;Eugen Walachek;20/06/1916;
7990;hans weber;Hans Weber;8/09/1934;
7991;max weiler;Max Weiler;25/09/1900;
7992;walter weiler;Walter Weiler;4/12/1903;
7993;raphael wicky;Raphael Wicky;26/04/1977;1.78
7994;silvan widmer;Silvan Widmer;5/03/1993;1.83
7995;marco woelfli;Marco Woelfli;22/08/1982;1.85
7996;rolf wuethrich;Rolf Wuethrich;4/09/1938;
7997;thomas wyss;Thomas Wyss;29/08/1966;
7998;granit xhaka;Granit Xhaka;27/09/1992;1.83
7999;hakan yakin;Hakan Yakin;22/02/1977;1.80
8000;denis zakaria;Denis Lemi Zakaria Lako Lado;20/11/1996;1.89
8001;reto ziegler;Reto Ziegler;16/01/1986;1.83
8002;steven zuber;Steven Zuber;17/08/1991;1.82
8003;pascal zuberbuehler;Pascal Zuberbuehler;8/01/1971;1.97
8004;jean paul abalo;Jean-Paul Abalo;26/06/1975;1.77
8005;emmanuel adebayor;Emmanuel Adebayor;26/02/1984;1.90
8006;kossi agassa;Kossi Agassa;2/07/1978;1.90
8007;kuami agboh;Kuami Agboh;28/12/1977;1.77
8008;eric akoto;Eric Akoto;20/07/1980;1.92
8009;ludovic assemoassa;Ludovic Assemoassa;18/09/1980;1.84
8010;franck atsou;Franck Atsou;1/08/1978;1.88
8011;yao aziawonou;Yao Aziawonou;30/11/1979;1.85
8012;thomas dossevi;Thomas Dossevi;6/03/1979;1.83
8013;affo erassa;Affo Erassa;19/02/1983;1.90
8014;richmond forson;Richmond Forson;23/05/1980;1.80
8015;robert malm;Robert Malm;21/08/1973;1.79
8016;cherif toure mamam;Cherif Toure Mamam;13/01/1983;1.82
8017;mohamed kader;Mohamed Kader;8/04/1979;1.74
8018;dare nibombe;Dare Nibombe;16/06/1980;1.96
8019;kodjovi obilale;Kodjovi Obilale;8/10/1984;1.93
8020;adekanmi olufade;Adekanmi Olufade;7/01/1980;1.70
8021;alaixys romao;Alaixys Romao;18/01/1984;1.80
8022;moustapha salifou;Moustapha Salifou;1/06/1983;1.80
8023;yao junior senaya;Yao Junior Senaya;19/04/1984;1.67
8024;ouro nimini tchagnirou;Ouro-Nimini Tchagnirou;31/12/1977;1.90
8025;massamasso tchangai;Massamasso Tchangai;8/08/1978;1.83
8026;assimiou toure;Assimiou Toure;1/01/1988;1.80
8027;marvin andrews;Marvin Andrews;22/12/1975;1.87
8028;christopher birchall;Christopher Birchall;5/05/1984;1.75
8029;atiba charles;Atiba Charles;29/09/1977;1.88
8030;ian cox;Ian Cox;25/03/1971;1.83
8031;carlos edwards;Carlos Edwards;24/10/1978;1.80
8032;cornell glen;Cornell Glen;21/10/1980;1.75
8033;cyd gray;Cyd Gray;21/11/1976;1.73
8034;shaka hislop;Shaka Hislop;22/02/1969;1.93
8035;clayton ince;Clayton Ince;13/07/1972;1.91
8036;kelvin jack;Kelvin Jack;29/04/1976;1.93
8037;avery john;Avery John;18/06/1975;1.83
8038;stern john;Stern John;30/10/1976;1.80
8039;kenwyne jones;Kenwyne Jones;5/10/1984;1.88
8040;russell latapy;Russell Latapy;2/08/1968;1.83
8041;dennis lawrence;Dennis Lawrence;1/08/1974;2.01
8042;collin samuel;Collin Samuel;27/08/1981;1.75
8043;brent sancho;Brent Sancho;13/03/1977;1.85
8044;jason scotland;Jason Scotland;18/02/1979;1.75
8045;densill theobald;Densill Theobald;27/06/1982;1.81
8046;aurtis whitley;Aurtis Whitley;1/05/1977;1.80
8047;evans wise;Evans Wise;23/11/1973;1.75
8048;anthony wolfe;Anthony Wolfe;23/12/1983;1.80
8049;dwight yorke;Dwight Yorke;3/11/1971;1.82
8050;ali abdi;Ali Abdi;20/12/1993;1.77
8051;mohamed akid;Mohamed Akid;5/07/1949;
8052;anis ayari;Anis Ayari;16/02/1982;1.81
8053;khaled badra;Khaled Badra;8/04/1973;1.85
8054;anice badri;Anice Badri;18/09/1990;
8055;rami bedoui;Rami Bedoui;19/01/1990;1.87
8056;hassen bejaoui;Hassen Bejaoui;14/02/1976;1.88
8057;faycal ben ahmed;Faycal Ben Ahmed;7/03/1973;
8058;mohamed ben amor;Mohamed Amine Ben Amor;3/05/1992;1.80
8059;lamine ben aziza;Lamine Ben Aziza;10/11/1952;
8060;raouf ben aziza;Raouf Ben Aziza;23/09/1953;
8061;mohamed ben moussa;Mohamed Ben Moussa;5/04/1954;
8062;farouk ben mustapha;Farouk Ben Mustapha;1/07/1989;1.94
8063;agrebi ben rehaiem;Agrebi Ben Rehaiem;20/03/1951;
8064;mohamed ali ben romdhane;Mohamed Ali Ben Romdhane;6/09/1999;1.82
8065;chaouki ben saada;Chaouki Ben Saada;1/07/1984;1.70
8066;bechir ben said;Bechir Ben Said;29/11/1992;1.93
8067;mehdi ben slimane;Mehdi Ben Slimane;1/01/1974;
8068;imed ben younes;Imed Ben Younes;16/06/1974;
8069;fakhreddine ben youssef;Fakhreddine Ben Youssef;23/06/1991;1.92
8070;syam ben youssef;Syam Ben Youssef;31/03/1989;1.89
8071;slim benachour;Slim Benachour;8/09/1981;1.70
8072;yohan benalouane;Yohan Benalouane;28/03/1987;1.87
8073;zoubeir beya;Zoubeir Beya;15/05/1971;1.78
8074;riadh bouazizi;Riadh Bouazizi;8/04/1973;1.86
8075;mounir boukadida;Mounir Boukadida;24/10/1967;1.85
8076;ali boumnijel;Ali Boumnijel;13/04/1966;1.88
8077;raouf bouzaiene;Raouf Bouzaiene;16/08/1970;1.74
8078;dylan bronn;Dylan Bronn;19/06/1995;1.86
8079;ghailene chaalali;Ghailene Chaalali;28/02/1994;1.79
8080;kamel chebali;Kamel Chebali;9/03/1954;
8081;adel chedli;Adel Chedli;16/09/1976;1.76
8082;ohman chehaibi;Ohman Chehaibi;23/12/1954;
8083;sirajeddine chihi;Sirajeddine Chihi;16/04/1970;
8084;yassine chikhaoui;Yassine Chikhaoui;22/09/1986;1.87
8085;ferid chouchane;Ferid Chouchane;19/04/1973;
8086;clayton;Clayton;21/03/1974;1.80
8087;aymen dahmen;Aymen Dahmen;28/01/1997;1.88
8088;tarek dhiab;Tarek Dhiab;15/07/1954;
8089;mokhtar douieb;Mokhtar Douieb;23/03/1952;
8090;mohamed drager;Mohamed Drager;25/06/1996;1.80
8091;choukri el ouaer;Choukri El Ouaer;15/08/1966;
8092;adel el sellimi;Adel El Sellimi;16/11/1972;1.76
8093;ridha ellouz;Ridha Ellouz;27/04/1953;
8094;karim essediri;Karim Essediri;29/07/1979;1.85
8095;hassan gabsi;Hassan Gabsi;23/02/1974;1.71
8096;khaled gasmi;Khaled Gasmi;8/04/1953;
8097;nader ghandri;Nader Ghandri;18/02/1995;1.96
8098;kais ghodhbane;Kais Ghodhbane;7/01/1976;1.83
8099;nejib ghommidh;Nejib Ghommidh;12/03/1953;
8100;haykel guemamdia;Haykel Guemamdia;22/12/1981;1.82
8101;oussama haddadi;Oussama Haddadi;28/01/1992;1.88
8102;karim haggui;Karim Haggui;20/01/1984;1.88
8103;mokhtar hasni;Mokhtar Hasni;19/03/1952;
8104;mouez hassen;Mouez Hassen;5/03/1995;1.86
8105;bilel ifa;Bilel Ifa;9/03/1990;1.85
8106;sabri jaballah;Sabri Jaballah;28/06/1973;
8107;radhi jaidi;Radhi Jaidi;30/08/1975;1.92
8108;ahmed jaouachi;Ahmed Jaouachi;13/07/1975;1.79
8109;seifeddine jaziri;Seifeddine Jaziri;12/02/1993;1.80
8110;zied jaziri;Zied Jaziri;12/07/1978;1.71
8111;issam jebali;Issam Jebali;25/01/1991;1.82
8112;omar jebali;Omar Jebali;24/12/1956;
8113;riadh jelassi;Riadh Jelassi;7/07/1971;1.75
8114;david jemmali;David Jemmali;13/12/1974;1.88
8115;ali kaabi;Ali Kaabi;15/11/1953;
8116;salah karoui;Salah Karoui;11/09/1951;
8117;hamdi kasraoui;Hamdi Kasraoui;18/01/1983;1.92
8118;wajdi kechrida;Wajdi Kechrida;5/11/1995;1.77
8119;saber khalifa;Saber Khalifa;14/10/1986;
8120;ahmed khalil;Ahmed Khalil Sebait Mubarak Al-Junaibi;8/06/1991;1.78
8121;saif eddine khaoui;Saîf-Eddine Khaoui;27/04/1995;1.80
8122;wahbi khazri;Wahbi Khazri;8/02/1991;1.82
8123;taha yassine khenissi;Taha Yassine Khenissi;6/01/1992;1.80
8124;khemais labidi;Khemais Labidi;30/08/1950;
8125;mohsen labidi;Mohsen Labidi;15/01/1954;
8126;aissa laidouni;Aissa Laidouni;13/12/1996;1.83
8127;temime lakhzami;Temime Lakhzami;1/01/1949;
8128;nejib liman;Nejib Liman;12/06/1953;
8129;ali maaloul;Ali Maâloul;1/01/1990;1.75
8130;hamdi marzouki;Hamdi Marzouki;23/01/1977;1.82
8131;aymen mathlouthi;Aymen Mathlouthi;14/09/1984;1.82
8132;hannibal mejbri;Hannibal Mejbri;21/01/2003;1.77
8133;mourad melki;Mourad Melki;9/05/1975;1.78
8134;sofiane melliti;Sofiane Melliti;18/08/1978;1.78
8135;yassine meriah;Yassine Meriah;2/07/1993;1.83
8136;imed mhadhebi;Imed Mhadhebi;22/03/1976;1.75
8137;mohamed mkacher;Mohamed Mkacher;25/05/1975;1.80
8138;emir mkademi;Emir Mkademi;20/08/1978;1.78
8139;jaouhar mnari;Jaouhar Mnari;8/11/1976;1.83
8140;youssef msakni;Youssef Msakni;28/10/1990;1.75
8141;mehdi nafti;Mehdi Nafti;28/11/1978;1.78
8142;hamdi nagguez;Hamdi Nagguez;28/10/1992;1.95
8143;mokhtar naili;Mokhtar Naili;3/09/1953;
8144;hamed namouchi;Hamed Namouchi;14/02/1984;1.83
8145;adel nefzi;Adel Nefzi;16/03/1974;1.83
8146;sadouk sassi;Sadouk Sassi;15/11/1945;
8147;karim saidi;Karim Saidi;24/03/1983;1.84
8148;radhouane salhi;Radhouane Salhi;18/12/1967;
8149;santos;Santos;20/03/1979;1.72
8150;ferjani sassi;Ferjani Sassi;18/03/1992;1.86
8151;ellyes skhiri;Ellyes Skhiri;10/05/1995;1.85
8152;anis slimane;Anis Ben Slimane;16/03/2001;1.88
8153;naim sliti;Naïm Sliti;27/07/1992;1.73
8154;skander souayah;Skander Souayah;20/11/1972;
8155;bassem srarfi;Bassem Srarfi;25/06/1997;1.76
8156;montassar talbi;Montassar Talbi;26/05/1998;1.90
8157;tarek thabet;Tarek Thabet;16/08/1971;1.76
8158;hatem trabelsi;Hatem Trabelsi;25/01/1977;1.80
8159;sami trabelsi;Sami Trabelsi;4/02/1968;
8160;alaeddine yahia;Alaeddine Yahia;26/09/1981;1.86
8161;ali zitouni;Ali Zitouni;11/01/1981;1.78
8162;berman ahmet;Berman Ahmet;;
8163;kacmaz akgun;Kacmaz Akgun;;
8164;fatih akyel;Fatih Akyel;26/12/1977;1.80
8165;beratligil ali;Beratligil Ali;;
8166;emre asik;Emre Asik;13/12/1973;1.85
8167;dirimlili basri;Dirimlili Basri;7/06/1929;
8168;yildiray basturk;Yildiray Basturk;24/12/1978;1.68
8169;emre belozoglu;Emre Belozoglu;7/09/1980;1.71
8170;eken bulent;Eken Bulent;26/10/1923;
8171;sargun burhan;Sargun Burhan;11/02/1929;
8172;okan buruk;Okan Buruk;19/10/1973;1.69
8173;omer catkic;Omer Catkic;15/10/1974;1.73
8174;zeybek cetin;Zeybek Cetin;12/09/1932;
8175;tas coskun;Tas Coskun;23/04/1935;
8176;umit davala;Umit Davala;30/07/1973;1.86
8177;abdullah ercan;Abdullah Ercan;8/12/1971;1.82
8178;arif erdem;Arif Erdem;2/01/1972;1.80
8179;mustafa erton;Mustafa Erton;21/04/1926;
8180;ismail feridun;Ismail Feridun;5/04/1933;
8181;tayfur havutcu;Tayfur Havutcu;23/04/1970;1.80
8182;muzzy izzet;Muzzy Izzet;31/10/1974;1.77
8183;aytac kadri;Aytac Kadri;1/01/1931;
8184;nihat kahveci;Nihat Kahveci;23/11/1979;1.75
8185;tugay kerimoglu;Tugay Kerimoglu;24/08/1970;1.75
8186;erol keskin;Erol Keskin;2/03/1927;
8187;bulent korkmaz;Bulent Korkmaz;24/11/1968;1.81
8188;lefter kucukandonyadis;Lefter Kucukandonyadis;22/12/1925;
8189;ilhan mansiz;Ilhan Mansiz;10/08/1975;1.84
8190;dincer mehmet;Dincer Mehmet;;
8191;erdem naci;Erdem Naci;28/01/1931;
8192;gunar nedim;Gunar Nedim;;
8193;onarici nemci;Onarici Nemci;2/11/1925;
8194;alpay ozalan;Alpay Ozalan;29/05/1973;1.88
8195;umit ozat;Umit Ozat;30/10/1976;1.83
8196;zafer ozgultekin;Zafer Ozgultekin;10/03/1975;1.83
8197;ergun penbe;Ergun Penbe;17/05/1972;1.78
8198;rustu recber;Rustu Recber;10/05/1973;1.86
8199;bolatli ridvan;Bolatli Ridvan;2/12/1928;
8200;izak rober;Izak Rober;21/12/1930;
8201;hasan sas;Hasan Sas;1/08/1976;1.76
8202;mamat suat;Mamat Suat;8/11/1930;
8203;ersoy sukru;Ersoy Sukru;14/01/1934;
8204;hakan sukur;Hakan Sukur;1/09/1971;1.91
8205;seren turgay;Seren Turgay;15/05/1932;
8206;hakan unsal;Hakan Unsal;14/05/1973;1.78
8207;oleksiy belik;Oleksiy Belik;15/02/1981;1.84
8208;dmytro chigrynskyi;Dmytro Chigrynskyi;7/11/1986;1.90
8209;oleg gusev;Oleg Gusev;25/04/1983;1.79
8210;andriy gusin;Andriy Gusin;11/12/1972;1.88
8211;oleksandr iatsenko;Oleksandr Iatsenko;24/02/1985;1.80
8212;maksym kalinichenko;Maksym Kalinichenko;26/01/1979;1.76
8213;artem milevskiy;Artem Milevskiy;12/01/1985;1.90
8214;sergiy nazarenko;Sergiy Nazarenko;16/02/1980;1.76
8215;andriy nesmachnyi;Andriy Nesmachnyi;28/02/1979;1.82
8216;andriy pyatov;Andriy Pyatov;28/06/1984;1.90
8217;serhiy rebrov;Serhiy Rebrov;3/06/1974;1.75
8218;ruslan rotan;Ruslan Rotan;29/10/1981;1.76
8219;andriy rusol;Andriy Rusol;16/01/1983;1.82
8220;oleg shelayev;Oleg Shelayev;5/11/1976;1.81
8221;andriy shevchenko;Andriy Shevchenko;29/09/1976;1.83
8222;oleksandr shovkovskyi;Oleksandr Shovkovskyi;2/01/1975;1.91
8223;bohdan shust;Bohdan Shust;4/03/1986;1.89
8224;vyacheslav sviderskyi;Vyacheslav Sviderskyi;1/01/1979;1.85
8225;anatoliy tymoschuk;Anatoliy Tymoschuk;30/03/1979;1.81
8226;vladyslav vashchuk;Vladyslav Vashchuk;2/01/1975;1.80
8227;andriy vorobey;Andriy Vorobey;29/11/1978;1.78
8228;andriy voronin;Andriy Voronin;21/07/1979;1.79
8229;vladimir yezerskyi;Vladimir Yezerskyi;15/11/1976;1.83
8230;julio abbadie;Julio Abbadie;7/09/1930;
8231;sebastian abreu;Sebastian Abreu;17/10/1976;1.93
8232;eduardo acevedo;Eduardo Acevedo;25/09/1959;
8233;carlos aguilera;Carlos Aguilera;21/09/1964;
8234;eliseo alvarez;Eliseo Alvarez;9/08/1940;
8235;emilio alvarez;Emilio Alvarez;10/02/1939;
8236;fernando alvez;Fernando Alvez;4/09/1959;
8237;antonio alzamendi;Antonio Alzamendi;7/06/1956;
8238;javier ambrois;Javier Ambrois;9/05/1932;
8239;atilio ancheta;Atilio Ancheta;19/07/1948;
8240;jose andrade;Jose Andrade;22/11/1901;
8241;juan anselmo;Juan Anselmo;30/04/1902;
8242;ronald araujo;Ronald Araújo;7/03/1999;1.85
8243;egidio arevalo;Egidio Arevalo;1/01/1982;1.68
8244;enrique ballestrero;Enrique Ballestrero;18/01/1905;
8245;ruben bareno;Ruben Bareno;23/01/1944;
8246;jorge barrios;Jorge Barrios;24/01/1961;
8247;jose batista;Jose Batista;6/03/1962;
8248;pablo bengoechea;Pablo Bengoechea;27/06/1965;
8249;rodrigo bentancur;Rodrigo Bentancur Colmán;25/06/1997;1.87
8250;mario bergara;Mario Bergara;1/12/1937;
8251;joe bizera;Joe Bizera;17/05/1980;1.81
8252;carlos borges;Carlos Borges;14/01/1932;
8253;miguel bossio;Miguel Bossio;10/02/1960;
8254;julio cesar britos;Julio Cesar Britos;18/05/1926;
8255;juan burgueno;Juan Burgueno;1/01/1923;
8256;angel cabrera;Angel Cabrera;9/10/1939;
8257;wilmar cabrera;Wilmar Cabrera;31/07/1959;
8258;martin caceres;José Martín Cáceres Silva;7/04/1987;1.78
8259;omar caetano;Omar Caetano;8/11/1938;
8260;juan carlos calvo;Juan Carlos Calvo;26/06/1906;
8261;francisco camera;Francisco Camera;1/01/1942;
8262;martin campana;Martín Nicolás Campaña Delgado;29/05/1989;1.87
8263;agustin canobbio;Agustín Canobbio;1/10/1998;1.75
8264;miguel cappuccini;Miguel Cappuccini;5/01/1904;
8265;nestor carballo;Nestor Carballo;3/02/1929;
8266;alberto cardaccio;Alberto Cardaccio;26/08/1949;
8267;fabian carini;Fabian Carini;26/12/1979;1.89
8268;juan castillo;Juan Castillo;17/04/1978;1.81
8269;hector castro;Hector Castro;29/11/1904;
8270;luis ernesto castro;Luis Ernesto Castro;31/07/1921;
8271;william castro;William Castro;22/05/1962;
8272;edinson cavani;Edinson Roberto Cavani Gómez;14/02/1987;1.84
8273;pedro cea;Pedro Cea;1/09/1900;
8274;sebastian coates;Sebastián Coates Nion;7/10/1990;1.96
8275;ruben corbo;Ruben Corbo;20/01/1952;
8276;walter corbo;Walter Corbo;2/05/1949;
8277;carlos correa;Carlos Correa;13/01/1968;
8278;julio cortes;Julio Cortes;29/03/1941;
8279;luis cruz;Luis Cruz;28/04/1925;
8280;luis cubilla;Luis Cubilla;28/03/1940;
8281;pedro cubilla;Pedro Cubilla;25/05/1933;
8282;jorge da silva;Jorge Da Silva;11/12/1961;
8283;mirto davoine;Mirto Davoine;13/02/1933;
8284;giorgian de arrascaeta;Giorgian Daniel De Arrascaeta Benedetti;1/06/1994;1.77
8285;nicolas de la cruz;Nicolás de la Cruz;1/06/1997;1.67
8286;hugo de leon;Hugo De Leon;27/02/1958;
8287;gonzalo de los santos;Gonzalo De Los Santos;19/07/1976;1.86
8288;gustavo de simone;Gustavo De Simone;23/04/1948;
8289;nelson diaz;Nelson Diaz;12/01/1942;
8290;victor diogo;Victor Diogo;9/04/1958;
8291;alfonso dominguez;Alfonso Dominguez;24/09/1965;
8292;pablo dorado;Pablo Dorado;22/06/1908;
8293;sebastian eguren;Sebastian Eguren;8/01/1981;1.86
8294;federico elduayen;Federico Elduayen;25/06/1977;1.81
8295;guillermo escalada;Guillermo Escalada;24/04/1936;
8296;victor esparrago;Victor Esparrago;6/10/1944;
8297;alvaro fernandez;Alvaro Fernandez;11/10/1985;1.85
8298;gustavo fernandez;Gustavo Fernandez;16/02/1952;
8299;lorenzo fernandez;Lorenzo Fernandez;20/05/1900;
8300;sebastian fernandez;Sebastian Fernandez;23/05/1985;1.67
8301;daniel fonseca;Daniel Fonseca;13/09/1969;
8302;dagoberto fontes;Dagoberto Fontes;6/06/1943;
8303;diego forlan;Diego Forlan;19/05/1979;1.81
8304;pablo forlan;Pablo Forlan;14/07/1945;
8305;enzo francescoli;Enzo Francescoli Uriarte;12/11/1961;1.81
8306;jorge fucile;Jorge Fucile;19/11/1984;1.77
8307;schubert gambetta;Schubert Gambetta;14/04/1920;
8308;pablo garcia;Pablo Garcia;11/05/1977;1.86
8309;walter gargano;Walter Gargano;23/07/1984;1.68
8310;luis garisto;Luis Garisto;3/12/1945;
8311;alvaro gestido;Alvaro Gestido;17/05/1907;
8312;alcides ghiggia;Alcides Ghiggia;22/12/1926;
8313;jose maria gimenez;José María Giménez de Vargas;20/01/1995;1.85
8314;diego godin;Diego Roberto Godín Leal;16/02/1986;1.85
8315;alberto gomez;Alberto Gomez;10/06/1944;
8316;jose gomez;Jose Gomez;23/10/1949;
8317;maxi gomez;Maximiliano Gómez González;14/08/1996;1.86
8318;nestor goncalves;Nestor Goncalves;27/04/1936;
8319;alvaro gonzalez;Alvaro González;29/10/1984;1.75
8320;edgardo gonzalez;Edgardo Gonzalez;30/09/1936;
8321;ignacio gonzalez;Ignacio Gonzalez;14/05/1982;1.80
8322;juan carlos gonzalez;Juan Carlos Gonzalez;22/08/1924;
8323;mario gonzalez;Mario Gonzalez;27/05/1950;
8324;matias gonzalez;Matias Gonzalez;6/08/1925;
8325;ruben gonzalez;Ruben Gonzalez;17/07/1939;
8326;gianni guigou;Gianni Guigou;22/02/1975;1.75
8327;nelson gutierrez;Nelson Gutierrez;13/04/1962;
8328;abel hernandez;Abel Hernández;8/08/1990;1.86
8329;jose herrera;Jose Herrera;17/06/1965;
8330;juan hohberg;Juan Hohberg;19/06/1926;1.78
8331;victoriano iriarte;Victoriano Iriarte;1/11/1902;
8332;baudilio jauregui;Baudilio Jauregui;9/07/1945;
8333;julio cesar jimenez;Julio Cesar Jimenez;27/08/1954;
8334;ronald langon;Ronald Langon;6/08/1939;
8335;diego laxalt;Diego Sebastián Laxalt Suárez;7/02/1993;1.77
8336;alejandro lembo;Alejandro Lembo;15/02/1978;1.78
8337;roberto leopardi;Roberto Leopardi;19/07/1933;
8338;nicolas lodeiro;Marcelo Nicolás Lodeiro Benítez;21/03/1989;1.73
8339;julio losada;Julio Losada;16/06/1950;
8340;diego lugano;Diego Lugano;2/11/1980;1.88
8341;julio maceiras;Julio Maceiras;22/04/1926;
8342;federico magallanes;Federico Magallanes;22/08/1976;1.81
8343;luis maidana;Luis Maidana;24/02/1934;
8344;ildo maneiro;Ildo Maneiro;4/08/1947;
8345;jorge manicera;Jorge Manicera;4/11/1938;
8346;walter mantegazza;Walter Mantegazza;17/06/1952;
8347;sergio martinez;Sergio Martinez;15/02/1969;
8348;william martinez;William Martinez;13/01/1928;
8349;ernesto mascheroni;Ernesto Mascheroni;21/11/1907;
8350;juan masnik;Juan Masnik;2/03/1943;
8351;roque maspoli;Roque Maspoli;12/10/1917;
8352;roberto matosas;Roberto Matosas;11/05/1940;
8353;ladislao mazurkiewicz;Ladislao Mazurkiewicz;14/02/1945;
8354;angel melogno;Angel Melogno;22/03/1905;
8355;gustavo mendez;Gustavo Mendez;3/02/1971;1.76
8356;mario mendez 2;Mario Mendez;11/05/1938;
8357;omar mendez;Omar Pedro Méndez;7/08/1934;
8358;oscar miguez;Oscar Miguez;5/12/1927;
8359;denis milar;Denis Milar;20/06/1952;
8360;paolo montero;Paolo Montero;3/09/1971;1.79
8361;julio montero castillo;Julio Montero Castillo;25/04/1944;
8362;julio morales;Julio Morales;16/02/1945;
8363;richard morales;Richard Morales;21/02/1975;1.97
8364;ruben moran;Ruben Moran;6/08/1930;
8365;fernando morena;Fernando Morena;2/02/1952;
8366;juan mujica;Juan Mujica;22/12/1944;
8367;rodrigo munoz;Rodrigo Muñoz;22/01/1982;1.84
8368;gustavo munua;Gustavo Munua;27/01/1978;1.86
8369;fernando muslera;Néstor Fernando Muslera Micol;16/06/1986;1.90
8370;nahitan nandez;Nahitan Michel Nández Acosta;28/12/1995;1.71
8371;jose nasazzi;Jose Nasazzi;24/05/1901;
8372;darwin nunez;Darwin Núñez;24/06/1999;1.85
8373;fabian oneill;Fabian O'Neill;14/10/1973;1.85
8374;mathias olivera;Mathías Olivera;31/10/1997;1.74
8375;nicolas olivera;Nicolas Olivera;30/05/1978;1.66
8376;washington ortuno;Washington Ortuno;13/05/1928;
8377;santiago ostolaza;Santiago Ostolaza;10/07/1962;
8378;celso otero;Celso Otero;1/02/1958;
8379;ricardo pavoni;Ricardo Pavoni;8/07/1943;
8380;anibal paz;Anibal Paz;18/02/1918;
8381;ruben paz;Ruben Paz;8/08/1959;
8382;facundo pellistri;Facundo Pellistri Rebollo;20/12/2001;1.74
8383;jose perdomo;Jose Perdomo;5/01/1965;
8384;alfonso pereira;Alfonso Pereira;19/10/1956;
8385;alvaro pereira;Alvaro Pereira;28/11/1985;1.82
8386;eduardo pereira;Eduardo Pereira;21/03/1954;
8387;maximiliano pereira;Victorio Maximiliano Pereira Páez;8/06/1984;1.73
8388;ruben pereira;Ruben Pereira;28/01/1968;
8389;diego perez;Diego Fernando Pérez Aguado;18/05/1980;1.76
8390;domingo perez;Domingo Perez;7/06/1936;
8391;julio perez;Julio Perez;19/06/1926;
8392;pedro petrone;Pedro Petrone;11/05/1905;
8393;rodolfo pini;Rodolfo Pini;1/01/1926;
8394;jose pintos;Jose Pintos;25/03/1964;
8395;conduelo piriz;Conduelo Piriz;9/10/1904;
8396;gaston ramirez;Gastón Exequiel Ramírez Pereyra;2/12/1990;1.83
8397;luis ramos;Luis Ramos;9/10/1939;
8398;venancio ramos;Venancio Ramos;20/06/1959;
8399;alvaro recoba;Alvaro Recoba;17/03/1976;1.78
8400;emilio recoba;Emilio Recoba;3/11/1904;
8401;mario regueiro;Mario Regueiro;14/09/1978;1.78
8402;felipe revelez;Felipe Revelez;30/09/1959;
8403;luis rijo;Luis Rijo;28/09/1927;
8404;carlos riolfo;Carlos Riolfo;5/11/1905;
8405;urbano rivera;Urbano Rivera;1/04/1926;
8406;eliseo rivero;Eliseo Rivero;27/12/1957;
8407;pedro rocha;Pedro Rocha;3/12/1942;
8408;sergio rochet;Sergio Rochet;23/03/1993;1.89
8409;cristian rodriguez;Cristian Gabriel Rodríguez Barotti;30/09/1985;1.75
8410;dario rodriguez;Dario Rodriguez;17/09/1974;1.86
8411;jose luis rodriguez 2;José Luis Rodríguez;14/03/1997;1.83
8412;rodolf rodriguez;Rodolfo Rodriguez;20/01/1956;
8413;victor rodriguez andrade;Victor Rodriguez Andrade;14/02/1927;
8414;carlos romero;Carlos Romero;7/09/1927;
8415;marcelo romero;Marcelo Romero;4/07/1976;1.76
8416;jose salazar;Jose Salazar;26/10/1963;
8417;zoilo saldombide;Zoilo Saldombide;18/03/1905;
8418;hector salva;Hector Salva;27/11/1939;
8419;carlos andres sanchez;Carlos Andrés Sánchez Arcosa;2/12/1984;1.71
8420;rodolfo sandoval;Rodolfo Sandoval;4/10/1948;
8421;jose santamaria;Jose Santamaria;31/07/1929;
8422;sergio santin;Sergio Santin;6/08/1956;
8423;hector santos;Hector Santos;29/10/1944;
8424;mario saralegui;Mario Saralegui;24/04/1959;
8425;jose sasia;Jose Sasia;27/12/1933;
8426;hector scarone;Hector Scarone;26/11/1898;
8427;juan schiaffino;Juan Schiaffino;28/07/1925;
8428;andres scotti;Andres Scotti;14/12/1975;1.83
8429;dario silva;Dario Silva;2/11/1972;1.78
8430;gaston silva;Gastón Alexis Silva Perdomo;5/03/1994;1.85
8431;hector silva;Hector Silva;1/02/1940;
8432;juan silva;Juan Silva;30/08/1948;
8433;martin silva;Martín Andrés Silva Leites;25/03/1983;1.87
8434;ruben soria;Ruben Soria;1/01/1935;
8435;gonzalo sorondo;Gonzalo Sorondo;9/10/1979;1.90
8436;roberto sosa;Roberto Eliseo Sosa;14/06/1935;
8437;ruben sosa;Ruben Sosa;25/04/1966;
8438;sebastian sosa;Sebastián Sosa;19/08/1986;1.84
8439;rafael souto;Rafael Souto;24/10/1930;
8440;christian stuani;Cristhian Ricardo Stuani Curbelo;12/10/1986;1.86
8441;luis suarez;Luis Alberto Suárez Díaz;24/01/1987;1.82
8442;walter taibo;Walter Taibo;7/03/1931;
8443;domingo tejera;Domingo Tejera;27/07/1899;
8444;eusebio tejera;Eusebio Tejera;6/01/1922;
8445;lucas torreira;Lucas Sebastián Torreira Di Pascua;11/02/1996;1.68
8446;facundo torres;Facundo Torres;13/04/2000;1.75
8447;horacio troche;Horacio Troche;4/02/1935;
8448;luis ubina;Luis Ubina;7/06/1940;
8449;manuel ugarte;Manuel Ugarte;11/04/2001;1.82
8450;santos urdinaran;Santos Urdinaran;30/03/1900;
8451;jonathan urretaviscaya;Jonathan Matías Urretaviscaya da Luz;19/03/1990;1.74
8452;jose urruzmendi;Jose Urruzmendi;25/08/1944;
8453;federico valverde;Federico Santiago Valverde Dipetta;22/07/1998;1.82
8454;guillermo varela;Guillermo Varela Olivera;24/03/1993;1.73
8455;gustavo varela;Gustavo Varela;14/05/1978;1.72
8456;obdulio varela;Obdulio Varela;20/09/1917;
8457;matias vecino;Matías Vecino Falero;24/08/1991;1.89
8458;cesar vega;Cesar Vega;2/09/1959;
8459;mauricio victorino;Mauricio Victorino;11/10/1982;1.82
8460;ernesto vidal;Ernesto Vidal;15/11/1921;
8461;milton viera;Milton Viera;11/05/1946;
8462;hector vilches;Hector Vilches;14/02/1926;
8463;matias vina;Matías Viña;9/11/1997;1.80
8464;adolfo zeoli;Adolfo Zeoli;2/05/1962;
8465;oscar zubia;Oscar Zubia;8/02/1946;
