id_plantel;id_jugador;num_camisa;posicion
1;1979;1.0;Arquero
1;1991;21.0;Arquero
1;1987;22.0;Arquero
1;1996;2.0;Defensor
1;2002;4.0;Defensor
1;2000;5.0;Defensor
1;1993;13.0;Defensor
1;1978;14.0;Defensor
1;1983;15.0;Defensor
1;1994;16.0;Defensor
1;1997;17.0;Defensor
1;1990;3.0;Mediocampista
1;1992;6.0;Mediocampista
1;1986;8.0;Mediocampista
1;1982;10.0;Mediocampista
1;1988;12.0;Mediocampista
1;1981;20.0;Mediocampista
1;1995;23.0;Mediocampista
1;1980;24.0;Mediocampista
1;1989;25.0;Mediocampista
1;2001;26.0;Mediocampista
1;1984;7.0;Delantero
1;1999;9.0;Delantero
1;1977;11.0;Delantero
1;1998;18.0;Delantero
1;1985;19.0;Delantero
1;2926;1.0;Arquero
1;2957;12.0;Arquero
1;2919;22.0;Arquero
1;2967;2.0;Defensor
1;2931;3.0;Defensor
1;2898;4.0;Defensor
1;2948;6.0;Defensor
1;2923;7.0;Defensor
1;2899;14.0;Defensor
1;2955;17.0;Defensor
1;2949;18.0;Defensor
1;2954;25.0;Defensor
1;2916;5.0;Mediocampista
1;2928;8.0;Mediocampista
1;2956;9.0;Mediocampista
1;2935;10.0;Mediocampista
1;2940;15.0;Mediocampista
1;2964;16.0;Mediocampista
1;2952;19.0;Mediocampista
1;2942;20.0;Mediocampista
1;2925;21.0;Mediocampista
1;2912;23.0;Mediocampista
1;2922;11.0;Delantero
1;2970;13.0;Delantero
1;2958;24.0;Delantero
1;2960;26.0;Delantero
1;6087;1.0;Arquero
1;5991;13.0;Arquero
1;6080;23.0;Arquero
1;6116;2.0;Defensor
1;6018;3.0;Defensor
1;6134;4.0;Defensor
1;5983;5.0;Defensor
1;6020;6.0;Defensor
1;6071;16.0;Defensor
1;5992;17.0;Defensor
1;6027;22.0;Defensor
1;6031;26.0;Defensor
1;5988;11.0;Mediocampista
1;6055;14.0;Mediocampista
1;6019;15.0;Mediocampista
1;6060;20.0;Mediocampista
1;6014;21.0;Mediocampista
1;6115;24.0;Mediocampista
1;6106;25.0;Mediocampista
1;5990;7.0;Delantero
1;6032;8.0;Delantero
1;6015;9.0;Delantero
1;6024;10.0;Delantero
1;6066;12.0;Delantero
1;6050;18.0;Delantero
1;6160;19.0;Delantero
1;7252;1.0;Arquero
1;7272;16.0;Arquero
1;7260;23.0;Arquero
1;7273;2.0;Defensor
1;7266;3.0;Defensor
1;7239;4.0;Defensor
1;7267;8.0;Defensor
1;7278;10.0;Defensor
1;7233;12.0;Defensor
1;7264;14.0;Defensor
1;7287;21.0;Defensor
1;7244;22.0;Defensor
1;7280;24.0;Defensor
1;7261;5.0;Mediocampista
1;7274;6.0;Mediocampista
1;7237;11.0;Mediocampista
1;7248;15.0;Mediocampista
1;7292;17.0;Mediocampista
1;7268;25.0;Mediocampista
1;7262;26.0;Mediocampista
1;7263;7.0;Delantero
1;7243;9.0;Delantero
1;7281;13.0;Delantero
1;7290;18.0;Delantero
1;7250;19.0;Delantero
1;7251;20.0;Delantero
5;3728;1.0;Arquero
5;3654;12.0;Arquero
5;3659;25.0;Arquero
5;3620;2.0;Defensor
5;3743;3.0;Defensor
5;3710;5.0;Defensor
5;3705;13.0;Defensor
5;3672;15.0;Defensor
5;3686;18.0;Defensor
5;3602;20.0;Defensor
5;3742;22.0;Defensor
5;3715;26.0;Defensor
5;3574;4.0;Mediocampista
5;3690;6.0;Mediocampista
5;3682;8.0;Mediocampista
5;3616;14.0;Mediocampista
5;3711;17.0;Mediocampista
5;3573;23.0;Mediocampista
5;3708;7.0;Delantero
5;3632;9.0;Delantero
5;3701;10.0;Delantero
5;3572;11.0;Delantero
5;3688;16.0;Delantero
5;3740;19.0;Delantero
5;3733;21.0;Delantero
5;3714;24.0;Delantero
5;4021;1.0;Arquero
5;4044;12.0;Arquero
5;4015;21.0;Arquero
5;4019;2.0;Defensor
5;4047;3.0;Defensor
5;4016;4.0;Defensor
5;4033;5.0;Defensor
5;4038;6.0;Defensor
5;4037;14.0;Defensor
5;4005;15.0;Defensor
5;4031;17.0;Defensor
5;4010;24.0;Defensor
5;4013;25.0;Defensor
5;4004;7.0;Mediocampista
5;4049;8.0;Mediocampista
5;4036;10.0;Mediocampista
5;4035;16.0;Mediocampista
5;4046;18.0;Mediocampista
5;4041;22.0;Mediocampista
5;4030;23.0;Mediocampista
5;4039;26.0;Mediocampista
5;4025;9.0;Delantero
5;4008;11.0;Delantero
5;4034;13.0;Delantero
5;4020;19.0;Delantero
5;4024;20.0;Delantero
5;4604;1.0;Arquero
5;4606;13.0;Arquero
5;4608;23.0;Arquero
5;4657;2.0;Defensor
5;4625;3.0;Defensor
5;4643;5.0;Defensor
5;4567;6.0;Defensor
5;4650;12.0;Defensor
5;4496;15.0;Defensor
5;4483;16.0;Defensor
5;4431;18.0;Defensor
5;4662;21.0;Defensor
5;4612;4.0;Mediocampista
5;4528;8.0;Mediocampista
5;4603;14.0;Mediocampista
5;4586;19.0;Mediocampista
5;4511;20.0;Mediocampista
5;4454;22.0;Mediocampista
5;4566;25.0;Mediocampista
5;4517;26.0;Mediocampista
5;4520;7.0;Delantero
5;4549;9.0;Delantero
5;4638;10.0;Delantero
5;4610;11.0;Delantero
5;4619;17.0;Delantero
5;4667;24.0;Delantero
5;4690;1.0;Arquero
5;4757;12.0;Arquero
5;4679;22.0;Arquero
5;4721;24.0;Arquero
5;4749;2.0;Defensor
5;4716;3.0;Defensor
5;4735;4.0;Defensor
5;4748;5.0;Defensor
5;4766;8.0;Defensor
5;4728;13.0;Defensor
5;4695;15.0;Defensor
5;4723;19.0;Defensor
5;4769;23.0;Defensor
5;4726;25.0;Defensor
5;4705;6.0;Mediocampista
5;4724;7.0;Mediocampista
5;4683;11.0;Mediocampista
5;4709;14.0;Mediocampista
5;4783;16.0;Mediocampista
5;4710;17.0;Mediocampista
5;4730;18.0;Mediocampista
5;4759;21.0;Mediocampista
5;4780;9.0;Delantero
5;4684;10.0;Delantero
5;4686;20.0;Delantero
9;371;1.0;Arquero
9;404;21.0;Arquero
9;385;22.0;Arquero
9;392;2.0;Defensor
9;428;3.0;Defensor
9;384;4.0;Defensor
9;387;5.0;Defensor
9;386;6.0;Defensor
9;341;12.0;Defensor
9;406;13.0;Defensor
9;434;17.0;Defensor
9;391;7.0;Mediocampista
9;398;8.0;Mediocampista
9;431;14.0;Mediocampista
9;394;15.0;Mediocampista
9;403;16.0;Mediocampista
9;382;18.0;Mediocampista
9;423;23.0;Mediocampista
9;389;24.0;Mediocampista
9;433;26.0;Mediocampista
9;388;9.0;Delantero
9;390;10.0;Delantero
9;407;11.0;Delantero
9;416;19.0;Delantero
9;383;20.0;Delantero
9;412;25.0;Delantero
9;528;1.0;Arquero
9;755;12.0;Arquero
9;673;23.0;Arquero
9;620;2.0;Defensor
9;781;3.0;Defensor
9;688;4.0;Defensor
9;728;6.0;Defensor
9;749;13.0;Defensor
9;703;19.0;Defensor
9;675;25.0;Defensor
9;686;26.0;Defensor
9;712;5.0;Mediocampista
9;594;7.0;Mediocampista
9;514;8.0;Mediocampista
9;709;14.0;Mediocampista
9;519;16.0;Mediocampista
9;635;17.0;Mediocampista
9;743;18.0;Mediocampista
9;669;20.0;Mediocampista
9;615;24.0;Mediocampista
9;523;9.0;Delantero
9;682;10.0;Delantero
9;602;11.0;Delantero
9;588;15.0;Delantero
9;606;21.0;Delantero
9;674;22.0;Delantero
9;5756;1.0;Arquero
9;5574;12.0;Arquero
9;5685;13.0;Arquero
9;5524;2.0;Defensor
9;5669;3.0;Defensor
9;5517;4.0;Defensor
9;5768;5.0;Defensor
9;5527;6.0;Defensor
9;5672;15.0;Defensor
9;5747;19.0;Defensor
9;5604;23.0;Defensor
9;5518;26.0;Defensor
9;5733;7.0;Mediocampista
9;5724;8.0;Mediocampista
9;5620;14.0;Mediocampista
9;5634;16.0;Mediocampista
9;5617;18.0;Mediocampista
9;5567;24.0;Mediocampista
9;5639;9.0;Delantero
9;5770;10.0;Delantero
9;5601;11.0;Delantero
9;5706;17.0;Delantero
9;5657;20.0;Delantero
9;5522;21.0;Delantero
9;5651;22.0;Delantero
9;5516;25.0;Delantero
9;6573;1.0;Arquero
9;6565;12.0;Arquero
9;6482;22.0;Arquero
9;6455;2.0;Defensor
9;6492;3.0;Defensor
9;6589;4.0;Defensor
9;6443;5.0;Defensor
9;6503;14.0;Defensor
9;6477;15.0;Defensor
9;6444;18.0;Defensor
9;6484;25.0;Defensor
9;6446;6.0;Mediocampista
9;6577;8.0;Mediocampista
9;6512;10.0;Mediocampista
9;6483;11.0;Mediocampista
9;6498;13.0;Mediocampista
9;6601;17.0;Mediocampista
9;6578;19.0;Mediocampista
9;6598;20.0;Mediocampista
9;6593;21.0;Mediocampista
9;6470;24.0;Mediocampista
9;6564;26.0;Mediocampista
9;6539;7.0;Delantero
9;6524;9.0;Delantero
9;6570;16.0;Delantero
9;6552;23.0;Delantero
13;891;1.0;Arquero
13;882;12.0;Arquero
13;907;18.0;Arquero
13;831;2.0;Defensor
13;814;3.0;Defensor
13;888;4.0;Defensor
13;853;5.0;Defensor
13;914;8.0;Defensor
13;817;16.0;Defensor
13;896;19.0;Defensor
13;832;20.0;Defensor
13;856;24.0;Defensor
13;846;10.0;Mediocampista
13;875;13.0;Mediocampista
13;869;14.0;Mediocampista
13;833;17.0;Mediocampista
13;847;22.0;Mediocampista
13;815;26.0;Mediocampista
13;818;6.0;Delantero
13;861;7.0;Delantero
13;865;9.0;Delantero
13;863;11.0;Delantero
13;834;15.0;Delantero
13;858;21.0;Delantero
13;840;23.0;Delantero
13;828;25.0;Delantero
13;2878;1.0;Arquero
13;2801;16.0;Arquero
13;2875;22.0;Arquero
13;2787;2.0;Defensor
13;2860;3.0;Defensor
13;2835;4.0;Defensor
13;2854;5.0;Defensor
13;2799;6.0;Defensor
13;2837;13.0;Defensor
13;2887;17.0;Defensor
13;2891;18.0;Defensor
13;2790;26.0;Defensor
13;2828;7.0;Mediocampista
13;2807;8.0;Mediocampista
13;2811;10.0;Mediocampista
13;2885;11.0;Mediocampista
13;2806;14.0;Mediocampista
13;2865;15.0;Mediocampista
13;2824;23.0;Mediocampista
13;2884;24.0;Mediocampista
13;2849;25.0;Mediocampista
13;2797;9.0;Delantero
13;2808;12.0;Delantero
13;2893;19.0;Delantero
13;2894;20.0;Delantero
13;2804;21.0;Delantero
13;3902;1.0;Arquero
13;3910;16.0;Arquero
13;3751;23.0;Arquero
13;3929;2.0;Defensor
13;3829;3.0;Defensor
13;3989;4.0;Defensor
13;3883;5.0;Defensor
13;3840;13.0;Defensor
13;3960;17.0;Defensor
13;3986;18.0;Defensor
13;3866;21.0;Defensor
13;3867;22.0;Defensor
13;3879;24.0;Defensor
13;3858;6.0;Mediocampista
13;3974;8.0;Mediocampista
13;3941;14.0;Mediocampista
13;3992;15.0;Mediocampista
13;3787;25.0;Mediocampista
13;3856;7.0;Delantero
13;3849;9.0;Delantero
13;3918;10.0;Delantero
13;3818;11.0;Delantero
13;3878;12.0;Delantero
13;3768;19.0;Delantero
13;3803;20.0;Delantero
13;3978;26.0;Delantero
13;8131;1.0;Arquero
13;8087;16.0;Arquero
13;8066;22.0;Arquero
13;8104;26.0;Arquero
13;8105;2.0;Defensor
13;8156;3.0;Defensor
13;8135;4.0;Defensor
13;8078;6.0;Defensor
13;8129;12.0;Defensor
13;8090;20.0;Defensor
13;8118;21.0;Defensor
13;8050;24.0;Defensor
13;8097;5.0;Mediocampista
13;8132;8.0;Mediocampista
13;8150;13.0;Mediocampista
13;8126;14.0;Mediocampista
13;8064;15.0;Mediocampista
13;8151;17.0;Mediocampista
13;8079;18.0;Mediocampista
13;8140;7.0;Delantero
13;8111;9.0;Delantero
13;8122;10.0;Delantero
13;8123;11.0;Delantero
13;8109;19.0;Delantero
13;8153;23.0;Delantero
13;8152;25.0;Delantero
17;196;1.0;Arquero
17;269;12.0;Arquero
17;266;22.0;Arquero
17;228;2.0;Defensor
17;220;3.0;Defensor
17;72;4.0;Defensor
17;132;5.0;Defensor
17;261;15.0;Defensor
17;143;16.0;Defensor
17;82;20.0;Defensor
17;236;23.0;Defensor
17;20;25.0;Defensor
17;136;6.0;Mediocampista
17;76;8.0;Mediocampista
17;77;11.0;Mediocampista
17;192;13.0;Mediocampista
17;193;14.0;Mediocampista
17;31;17.0;Mediocampista
17;111;18.0;Mediocampista
17;233;19.0;Mediocampista
17;81;21.0;Mediocampista
17;90;7.0;Delantero
17;67;9.0;Delantero
17;73;10.0;Delantero
17;2;24.0;Delantero
17;187;26.0;Delantero
17;2642;1.0;Arquero
17;2574;18.0;Arquero
17;2658;23.0;Arquero
17;2667;3.0;Defensor
17;2609;4.0;Defensor
17;2604;6.0;Defensor
17;2645;8.0;Defensor
17;2586;15.0;Defensor
17;2631;16.0;Defensor
17;2672;19.0;Defensor
17;2633;22.0;Defensor
17;2592;2.0;Mediocampista
17;2582;5.0;Mediocampista
17;2579;9.0;Mediocampista
17;2653;10.0;Mediocampista
17;2663;13.0;Mediocampista
17;2655;14.0;Mediocampista
17;2662;17.0;Mediocampista
17;2572;20.0;Mediocampista
17;2626;21.0;Mediocampista
17;2673;24.0;Mediocampista
17;2620;25.0;Mediocampista
17;2675;26.0;Mediocampista
17;2598;7.0;Delantero
17;2668;11.0;Delantero
17;2588;12.0;Delantero
17;3525;1.0;Arquero
17;3505;13.0;Arquero
17;3539;23.0;Arquero
17;3333;2.0;Defensor
17;3390;3.0;Defensor
17;3548;4.0;Defensor
17;3335;14.0;Defensor
17;3405;15.0;Defensor
17;3312;18.0;Defensor
17;3353;20.0;Defensor
17;3433;24.0;Defensor
17;3341;5.0;Mediocampista
17;3438;6.0;Mediocampista
17;3429;8.0;Mediocampista
17;3392;9.0;Mediocampista
17;3516;16.0;Mediocampista
17;3541;19.0;Mediocampista
17;3485;26.0;Mediocampista
17;3464;7.0;Delantero
17;3331;10.0;Delantero
17;3547;11.0;Delantero
17;3564;12.0;Delantero
17;3489;17.0;Delantero
17;3478;21.0;Delantero
17;3530;22.0;Delantero
17;3380;25.0;Delantero
17;5296;1.0;Arquero
17;5273;12.0;Arquero
17;5348;23.0;Arquero
17;5369;2.0;Defensor
17;5359;3.0;Defensor
17;5285;4.0;Defensor
17;5320;5.0;Defensor
17;5361;16.0;Defensor
17;5346;19.0;Defensor
17;5372;22.0;Defensor
17;5286;26.0;Defensor
17;5270;6.0;Mediocampista
17;5349;7.0;Mediocampista
17;5268;8.0;Mediocampista
17;5310;9.0;Mediocampista
17;5309;10.0;Mediocampista
17;5301;11.0;Mediocampista
17;5317;13.0;Mediocampista
17;5287;14.0;Mediocampista
17;5294;15.0;Mediocampista
17;5357;17.0;Mediocampista
17;5353;24.0;Mediocampista
17;5267;18.0;Delantero
17;5303;20.0;Delantero
17;5364;21.0;Delantero
17;5304;25.0;Delantero
21;1080;1.0;Arquero
21;1156;12.0;Arquero
21;1068;13.0;Arquero
21;1043;2.0;Defensor
21;1200;3.0;Defensor
21;1117;4.0;Defensor
21;1247;5.0;Defensor
21;1105;19.0;Defensor
21;1099;26.0;Defensor
21;1257;6.0;Mediocampista
21;1087;7.0;Mediocampista
21;1203;8.0;Mediocampista
21;1155;15.0;Mediocampista
21;1128;16.0;Mediocampista
21;1169;18.0;Mediocampista
21;1227;20.0;Mediocampista
21;1067;21.0;Mediocampista
21;1147;9.0;Delantero
21;1127;10.0;Delantero
21;1064;11.0;Delantero
21;1154;14.0;Delantero
21;1205;17.0;Delantero
21;1091;22.0;Delantero
21;1049;23.0;Delantero
21;1170;24.0;Delantero
21;1112;25.0;Delantero
21;1968;1.0;Arquero
21;1963;16.0;Arquero
21;1930;18.0;Arquero
21;1947;2.0;Defensor
21;1929;3.0;Defensor
21;1957;4.0;Defensor
21;1972;5.0;Defensor
21;1951;22.0;Defensor
21;1934;25.0;Defensor
21;1974;26.0;Defensor
21;1964;6.0;Mediocampista
21;1939;7.0;Mediocampista
21;1940;8.0;Mediocampista
21;1943;10.0;Mediocampista
21;1944;13.0;Mediocampista
21;1948;14.0;Mediocampista
21;1949;15.0;Mediocampista
21;1961;21.0;Mediocampista
21;1955;23.0;Mediocampista
21;1976;24.0;Mediocampista
21;1933;9.0;Delantero
21;1932;11.0;Delantero
21;1970;12.0;Delantero
21;1950;17.0;Delantero
21;1936;19.0;Delantero
21;1935;20.0;Delantero
21;2718;1.0;Arquero
21;2694;12.0;Arquero
21;2696;23.0;Arquero
21;2750;2.0;Defensor
21;2680;3.0;Defensor
21;2693;5.0;Defensor
21;2719;6.0;Defensor
21;2747;19.0;Defensor
21;2695;20.0;Defensor
21;2761;21.0;Defensor
21;2701;22.0;Defensor
21;2756;24.0;Defensor
21;2720;7.0;Mediocampista
21;2709;8.0;Mediocampista
21;2724;10.0;Mediocampista
21;2686;11.0;Mediocampista
21;2763;13.0;Mediocampista
21;2728;15.0;Mediocampista
21;2754;25.0;Mediocampista
21;2697;26.0;Mediocampista
21;2729;4.0;Delantero
21;2711;9.0;Delantero
21;2717;14.0;Delantero
21;2730;16.0;Delantero
21;2687;17.0;Delantero
21;2727;18.0;Delantero
21;5422;1.0;Arquero
21;5453;12.0;Arquero
21;5507;22.0;Arquero
21;5466;2.0;Defensor
21;5485;3.0;Defensor
21;5398;5.0;Defensor
21;5502;6.0;Defensor
21;5458;18.0;Defensor
21;5437;20.0;Defensor
21;5417;24.0;Defensor
21;5406;25.0;Defensor
21;5404;4.0;Mediocampista
21;5512;7.0;Mediocampista
21;5493;8.0;Mediocampista
21;5511;10.0;Mediocampista
21;5428;13.0;Mediocampista
21;5396;14.0;Mediocampista
21;5401;15.0;Mediocampista
21;5420;17.0;Mediocampista
21;5455;23.0;Mediocampista
21;5472;26.0;Mediocampista
21;5467;9.0;Delantero
21;5499;11.0;Delantero
21;5460;16.0;Delantero
21;5459;19.0;Delantero
21;5430;21.0;Delantero
25;1353;1.0;Arquero
25;1664;12.0;Arquero
25;1432;23.0;Arquero
25;1410;2.0;Defensor
25;1638;3.0;Defensor
25;1542;4.0;Defensor
25;1634;6.0;Defensor
25;1356;13.0;Defensor
25;1553;14.0;Defensor
25;1643;16.0;Defensor
25;1385;24.0;Defensor
25;1399;5.0;Mediocampista
25;1577;7.0;Mediocampista
25;1460;8.0;Mediocampista
25;1446;15.0;Mediocampista
25;1476;17.0;Mediocampista
25;1608;22.0;Mediocampista
25;1612;9.0;Delantero
25;1564;10.0;Delantero
25;1602;11.0;Delantero
25;1462;18.0;Delantero
25;1361;19.0;Delantero
25;1658;20.0;Delantero
25;1623;21.0;Delantero
25;1589;25.0;Delantero
25;1544;26.0;Delantero
25;1889;1.0;Arquero
25;1834;16.0;Arquero
25;1903;23.0;Arquero
25;1895;3.0;Defensor
25;1926;4.0;Defensor
25;1868;17.0;Defensor
25;1837;19.0;Defensor
25;1816;21.0;Defensor
25;1823;24.0;Defensor
25;1922;25.0;Defensor
25;1906;5.0;Mediocampista
25;1894;7.0;Mediocampista
25;1928;8.0;Mediocampista
25;1907;14.0;Mediocampista
25;1856;15.0;Mediocampista
25;1844;18.0;Mediocampista
25;1898;22.0;Mediocampista
25;1865;26.0;Mediocampista
25;1890;2.0;Delantero
25;1888;6.0;Delantero
25;1897;9.0;Delantero
25;1802;10.0;Delantero
25;1810;11.0;Delantero
25;1920;12.0;Delantero
25;1818;13.0;Delantero
25;1869;20.0;Delantero
25;7330;1.0;Arquero
25;7476;12.0;Arquero
25;7421;23.0;Arquero
25;7455;2.0;Defensor
25;7339;3.0;Defensor
25;7418;4.0;Defensor
25;7518;5.0;Defensor
25;7430;13.0;Defensor
25;7302;15.0;Defensor
25;7431;25.0;Defensor
25;7405;6.0;Mediocampista
25;7347;8.0;Mediocampista
25;7533;14.0;Mediocampista
25;7403;16.0;Mediocampista
25;7385;17.0;Mediocampista
25;7470;19.0;Mediocampista
25;7420;20.0;Mediocampista
25;7398;22.0;Mediocampista
25;7354;24.0;Mediocampista
25;7345;26.0;Mediocampista
25;7472;7.0;Delantero
25;7429;9.0;Delantero
25;7511;10.0;Delantero
25;7372;11.0;Delantero
25;7522;18.0;Delantero
25;7329;21.0;Delantero
25;7963;1.0;Arquero
25;7931;12.0;Arquero
25;7901;21.0;Arquero
25;7902;24.0;Arquero
25;7858;2.0;Defensor
25;7994;3.0;Defensor
25;7853;4.0;Defensor
25;7807;5.0;Defensor
25;7967;11.0;Defensor
25;7948;13.0;Defensor
25;7838;18.0;Defensor
25;7952;22.0;Defensor
25;8000;6.0;Mediocampista
25;7865;8.0;Mediocampista
25;7998;10.0;Mediocampista
25;7805;14.0;Mediocampista
25;7964;15.0;Mediocampista
25;7856;16.0;Mediocampista
25;7864;20.0;Mediocampista
25;7960;23.0;Mediocampista
25;7946;25.0;Mediocampista
25;7896;26.0;Mediocampista
25;7854;7.0;Delantero
25;7957;9.0;Delantero
25;7980;17.0;Delantero
25;7930;19.0;Delantero
29;2441;1.0;Arquero
29;2509;12.0;Arquero
29;2406;21.0;Arquero
29;2519;2.0;Defensor
29;2428;3.0;Defensor
29;2432;4.0;Defensor
29;2389;14.0;Defensor
29;2434;15.0;Defensor
29;2449;19.0;Defensor
29;2455;20.0;Defensor
29;2444;23.0;Defensor
29;2360;24.0;Defensor
29;2411;5.0;Mediocampista
29;2396;6.0;Mediocampista
29;2507;7.0;Mediocampista
29;2491;8.0;Mediocampista
29;2463;10.0;Mediocampista
29;2395;11.0;Mediocampista
29;2508;13.0;Mediocampista
29;2485;17.0;Mediocampista
29;2466;18.0;Mediocampista
29;2454;22.0;Mediocampista
29;2404;25.0;Mediocampista
29;2511;26.0;Mediocampista
29;2352;9.0;Delantero
29;2399;16.0;Delantero
29;4070;1.0;Arquero
29;4079;12.0;Arquero
29;4099;16.0;Arquero
29;4093;2.0;Defensor
29;4100;3.0;Defensor
29;4112;4.0;Defensor
29;4094;14.0;Defensor
29;4064;15.0;Defensor
29;4111;17.0;Defensor
29;4065;18.0;Defensor
29;4081;23.0;Defensor
29;4114;26.0;Defensor
29;4107;5.0;Mediocampista
29;4103;6.0;Mediocampista
29;4087;7.0;Mediocampista
29;4092;8.0;Mediocampista
29;4078;11.0;Mediocampista
29;4060;13.0;Mediocampista
29;4089;20.0;Mediocampista
29;4050;21.0;Mediocampista
29;4118;22.0;Mediocampista
29;4117;24.0;Mediocampista
29;4074;9.0;Delantero
29;4072;10.0;Delantero
29;4125;19.0;Delantero
29;4115;25.0;Delantero
29;6698;1.0;Arquero
29;6725;12.0;Arquero
29;6625;22.0;Arquero
29;6630;2.0;Defensor
29;6706;3.0;Defensor
29;6636;4.0;Defensor
29;6656;5.0;Defensor
29;6707;13.0;Defensor
29;6682;19.0;Defensor
29;6617;20.0;Defensor
29;6729;24.0;Defensor
29;6697;6.0;Mediocampista
29;6643;8.0;Mediocampista
29;6622;14.0;Mediocampista
29;6741;16.0;Mediocampista
29;6678;17.0;Mediocampista
29;6691;18.0;Mediocampista
29;6692;23.0;Mediocampista
29;6684;25.0;Mediocampista
29;6721;7.0;Delantero
29;6728;9.0;Delantero
29;6730;10.0;Delantero
29;6642;11.0;Delantero
29;6672;15.0;Delantero
29;6658;21.0;Delantero
29;6716;26.0;Delantero
29;8369;1.0;Arquero
29;8438;12.0;Arquero
29;8408;23.0;Arquero
29;8313;2.0;Defensor
29;8314;3.0;Defensor
29;8242;4.0;Defensor
29;8454;13.0;Defensor
29;8374;16.0;Defensor
29;8463;17.0;Defensor
29;8274;19.0;Defensor
29;8258;22.0;Defensor
29;8411;26.0;Defensor
29;8457;5.0;Mediocampista
29;8249;6.0;Mediocampista
29;8285;7.0;Mediocampista
29;8284;10.0;Mediocampista
29;8445;14.0;Mediocampista
29;8453;15.0;Mediocampista
29;8263;24.0;Mediocampista
29;8449;25.0;Mediocampista
29;8382;8.0;Delantero
29;8441;9.0;Delantero
29;8372;11.0;Delantero
29;8317;18.0;Delantero
29;8446;20.0;Delantero
29;8272;21.0;Delantero
33;399;1.0;Arquero
33;401;21.0;Arquero
33;404;22.0;Arquero
33;393;2.0;Defensor
33;421;3.0;Defensor
33;387;4.0;Defensor
33;420;5.0;Defensor
33;386;6.0;Defensor
33;406;13.0;Defensor
33;419;23.0;Defensor
33;391;7.0;Mediocampista
33;408;8.0;Mediocampista
33;416;9.0;Mediocampista
33;397;11.0;Mediocampista
33;423;12.0;Mediocampista
33;431;14.0;Mediocampista
33;396;15.0;Mediocampista
33;400;16.0;Mediocampista
33;395;17.0;Mediocampista
33;390;18.0;Mediocampista
33;405;10.0;Delantero
33;402;19.0;Delantero
33;413;20.0;Delantero
33;2984;1.0;Arquero
33;2981;16.0;Arquero
33;2986;23.0;Arquero
33;2994;2.0;Defensor
33;2988;3.0;Defensor
33;2999;6.0;Defensor
33;2991;7.0;Defensor
33;2979;12.0;Defensor
33;2973;13.0;Defensor
33;2987;15.0;Defensor
33;3021;20.0;Defensor
33;2993;4.0;Mediocampista
33;3011;5.0;Mediocampista
33;2996;8.0;Mediocampista
33;2989;17.0;Mediocampista
33;3019;19.0;Mediocampista
33;3030;21.0;Mediocampista
33;3010;9.0;Delantero
33;3020;10.0;Delantero
33;3001;11.0;Delantero
33;3026;14.0;Delantero
33;3024;18.0;Delantero
33;3031;22.0;Delantero
33;7047;1.0;Arquero
33;7149;12.0;Arquero
33;7096;20.0;Arquero
33;7093;2.0;Defensor
33;7137;3.0;Defensor
33;7106;4.0;Defensor
33;7191;5.0;Defensor
33;7136;13.0;Defensor
33;7104;14.0;Defensor
33;7203;23.0;Defensor
33;7074;6.0;Mediocampista
33;7141;7.0;Mediocampista
33;7099;8.0;Mediocampista
33;7087;9.0;Mediocampista
33;7230;11.0;Mediocampista
33;7158;15.0;Mediocampista
33;7159;16.0;Mediocampista
33;7102;17.0;Mediocampista
33;7228;18.0;Mediocampista
33;7187;19.0;Mediocampista
33;7221;21.0;Mediocampista
33;7204;10.0;Delantero
33;7089;22.0;Delantero
33;8369;1.0;Arquero
33;8262;12.0;Arquero
33;8433;23.0;Arquero
33;8313;2.0;Defensor
33;8314;3.0;Defensor
33;8454;4.0;Defensor
33;8430;13.0;Defensor
33;8387;16.0;Defensor
33;8274;19.0;Defensor
33;8258;22.0;Defensor
33;8419;5.0;Mediocampista
33;8249;6.0;Mediocampista
33;8409;7.0;Mediocampista
33;8370;8.0;Mediocampista
33;8445;14.0;Mediocampista
33;8457;15.0;Mediocampista
33;8335;17.0;Mediocampista
33;8441;9.0;Delantero
33;8284;10.0;Delantero
33;8440;11.0;Delantero
33;8317;18.0;Delantero
33;8451;20.0;Delantero
33;8272;21.0;Delantero
37;3368;1.0;Arquero
37;3328;13.0;Arquero
37;3509;23.0;Arquero
37;3353;2.0;Defensor
37;3490;3.0;Defensor
37;3468;4.0;Defensor
37;3475;12.0;Defensor
37;3333;14.0;Defensor
37;3503;15.0;Defensor
37;3463;16.0;Defensor
37;3312;18.0;Defensor
37;3341;5.0;Mediocampista
37;3411;6.0;Mediocampista
37;3472;7.0;Mediocampista
37;3429;8.0;Mediocampista
37;3544;10.0;Mediocampista
37;3331;20.0;Mediocampista
37;3414;22.0;Mediocampista
37;3465;9.0;Delantero
37;3557;11.0;Delantero
37;3332;17.0;Delantero
37;3364;19.0;Delantero
37;3538;21.0;Delantero
37;4690;1.0;Arquero
37;4745;12.0;Arquero
37;4679;22.0;Arquero
37;4716;3.0;Defensor
37;4695;4.0;Defensor
37;4748;5.0;Defensor
37;4766;8.0;Defensor
37;4737;13.0;Defensor
37;4750;15.0;Defensor
37;4723;19.0;Defensor
37;4769;23.0;Defensor
37;4783;2.0;Mediocampista
37;4705;6.0;Mediocampista
37;4778;7.0;Mediocampista
37;4701;9.0;Mediocampista
37;4683;11.0;Mediocampista
37;4684;10.0;Delantero
37;4709;14.0;Delantero
37;4711;16.0;Delantero
37;4780;17.0;Delantero
37;4724;18.0;Delantero
37;4686;20.0;Delantero
37;4699;21.0;Delantero
37;5422;1.0;Arquero
37;5453;12.0;Arquero
37;5507;22.0;Arquero
37;5466;2.0;Defensor
37;5486;3.0;Defensor
37;5434;4.0;Defensor
37;5415;5.0;Defensor
37;5502;6.0;Defensor
37;5439;17.0;Defensor
37;5512;7.0;Mediocampista
37;5442;8.0;Mediocampista
37;5412;10.0;Mediocampista
37;5462;11.0;Mediocampista
37;5423;14.0;Mediocampista
37;5399;15.0;Mediocampista
37;5403;16.0;Mediocampista
37;5468;18.0;Mediocampista
37;5404;21.0;Mediocampista
37;5427;23.0;Mediocampista
37;5452;9.0;Delantero
37;5424;13.0;Delantero
37;5459;19.0;Delantero
37;5421;20.0;Delantero
37;6698;1.0;Arquero
37;6674;12.0;Arquero
37;6615;22.0;Arquero
37;6607;2.0;Defensor
37;6706;3.0;Defensor
37;6656;5.0;Defensor
37;6649;6.0;Defensor
37;6636;13.0;Defensor
37;6709;15.0;Defensor
37;6679;19.0;Defensor
37;6733;21.0;Defensor
37;6644;4.0;Mediocampista
37;6687;8.0;Mediocampista
37;6678;10.0;Mediocampista
37;6730;11.0;Mediocampista
37;6622;14.0;Mediocampista
37;6643;16.0;Mediocampista
37;6727;23.0;Mediocampista
37;6721;7.0;Delantero
37;6728;9.0;Delantero
37;6655;17.0;Delantero
37;6680;18.0;Delantero
37;6713;20.0;Delantero
41;891;1.0;Arquero
41;849;12.0;Arquero
41;907;18.0;Arquero
41;831;2.0;Defensor
41;871;3.0;Defensor
41;873;5.0;Defensor
41;851;6.0;Defensor
41;817;16.0;Defensor
41;885;19.0;Defensor
41;892;20.0;Defensor
41;862;8.0;Mediocampista
41;875;13.0;Mediocampista
41;848;15.0;Mediocampista
41;847;22.0;Mediocampista
41;886;23.0;Mediocampista
41;822;4.0;Delantero
41;861;7.0;Delantero
41;850;9.0;Delantero
41;857;10.0;Delantero
41;876;11.0;Delantero
41;865;14.0;Delantero
41;813;17.0;Delantero
41;880;21.0;Delantero
41;2878;1.0;Arquero
41;2850;16.0;Arquero
41;2875;22.0;Arquero
41;2890;3.0;Defensor
41;2835;4.0;Defensor
41;2836;5.0;Defensor
41;2799;6.0;Defensor
41;2831;13.0;Defensor
41;2805;14.0;Defensor
41;2887;17.0;Defensor
41;2839;2.0;Mediocampista
41;2841;7.0;Mediocampista
41;2807;8.0;Mediocampista
41;2811;10.0;Mediocampista
41;2847;18.0;Mediocampista
41;2880;19.0;Mediocampista
41;2832;9.0;Delantero
41;2797;11.0;Delantero
41;2808;12.0;Delantero
41;2813;15.0;Delantero
41;2894;20.0;Delantero
41;2804;21.0;Delantero
41;2882;23.0;Delantero
41;3902;1.0;Arquero
41;3910;16.0;Arquero
41;3751;23.0;Arquero
41;3929;2.0;Defensor
41;3877;3.0;Defensor
41;3989;4.0;Defensor
41;3985;5.0;Defensor
41;3943;17.0;Defensor
41;3964;19.0;Defensor
41;3866;21.0;Defensor
41;3919;22.0;Defensor
41;3939;6.0;Mediocampista
41;3980;12.0;Mediocampista
41;3874;13.0;Mediocampista
41;3916;14.0;Mediocampista
41;3925;15.0;Mediocampista
41;3856;7.0;Delantero
41;3896;8.0;Delantero
41;3849;9.0;Delantero
41;3918;10.0;Delantero
41;3818;11.0;Delantero
41;3837;18.0;Delantero
41;3975;20.0;Delantero
41;6377;1.0;Arquero
41;6349;12.0;Arquero
41;6354;21.0;Arquero
41;6418;2.0;Defensor
41;6359;3.0;Defensor
41;6425;4.0;Defensor
41;6344;5.0;Defensor
41;6432;6.0;Defensor
41;6415;15.0;Defensor
41;6342;17.0;Defensor
41;6395;22.0;Defensor
41;6388;7.0;Mediocampista
41;6363;8.0;Mediocampista
41;6431;13.0;Mediocampista
41;6410;14.0;Mediocampista
41;6353;16.0;Mediocampista
41;6438;19.0;Mediocampista
41;6343;23.0;Mediocampista
41;6386;9.0;Delantero
41;6370;10.0;Delantero
41;6422;11.0;Delantero
41;6352;18.0;Delantero
41;6373;20.0;Delantero
45;642;1.0;Arquero
45;528;12.0;Arquero
45;565;23.0;Arquero
45;681;2.0;Defensor
45;781;3.0;Defensor
45;526;4.0;Defensor
45;613;6.0;Defensor
45;514;8.0;Defensor
45;747;16.0;Defensor
45;703;17.0;Defensor
45;759;18.0;Defensor
45;551;5.0;Mediocampista
45;539;7.0;Mediocampista
45;602;11.0;Mediocampista
45;683;13.0;Mediocampista
45;678;14.0;Mediocampista
45;722;15.0;Mediocampista
45;660;20.0;Mediocampista
45;718;22.0;Mediocampista
45;646;9.0;Delantero
45;682;10.0;Delantero
45;515;19.0;Delantero
45;606;21.0;Delantero
45;2718;1.0;Arquero
45;2704;12.0;Arquero
45;2753;23.0;Arquero
45;2765;2.0;Defensor
45;2752;3.0;Defensor
45;2690;5.0;Defensor
45;2719;6.0;Defensor
45;2699;13.0;Defensor
45;2689;15.0;Defensor
45;2761;21.0;Defensor
45;2731;22.0;Defensor
45;2737;7.0;Mediocampista
45;2709;8.0;Mediocampista
45;2724;10.0;Mediocampista
45;2686;11.0;Mediocampista
45;2685;14.0;Mediocampista
45;2678;19.0;Mediocampista
45;2729;4.0;Delantero
45;2711;9.0;Delantero
45;2705;16.0;Delantero
45;2722;17.0;Delantero
45;2739;18.0;Delantero
45;2732;20.0;Delantero
45;4922;1.0;Arquero
45;4928;12.0;Arquero
45;4926;13.0;Arquero
45;4927;2.0;Defensor
45;4924;5.0;Defensor
45;4930;6.0;Defensor
45;4912;14.0;Defensor
45;4915;15.0;Defensor
45;4925;18.0;Defensor
45;4932;23.0;Defensor
45;4917;3.0;Mediocampista
45;4919;4.0;Mediocampista
45;4920;7.0;Mediocampista
45;4913;8.0;Mediocampista
45;4929;10.0;Mediocampista
45;4933;16.0;Mediocampista
45;4921;17.0;Mediocampista
45;4918;19.0;Mediocampista
45;4923;20.0;Mediocampista
45;4934;21.0;Mediocampista
45;4931;9.0;Delantero
45;4916;11.0;Delantero
45;4914;22.0;Delantero
45;5818;1.0;Arquero
45;5790;16.0;Arquero
45;5879;23.0;Arquero
45;5824;2.0;Defensor
45;5806;3.0;Defensor
45;5873;5.0;Defensor
45;5802;6.0;Defensor
45;5780;12.0;Defensor
45;5796;20.0;Defensor
45;5805;21.0;Defensor
45;5861;22.0;Defensor
45;5838;4.0;Mediocampista
45;5816;8.0;Mediocampista
45;5843;10.0;Mediocampista
45;5842;15.0;Mediocampista
45;5862;17.0;Mediocampista
45;5852;19.0;Mediocampista
45;5837;7.0;Delantero
45;5825;9.0;Delantero
45;5836;11.0;Delantero
45;5839;13.0;Delantero
45;5826;14.0;Delantero
45;5830;18.0;Delantero
49;1353;1.0;Arquero
49;1400;16.0;Arquero
49;1432;23.0;Arquero
49;1638;2.0;Defensor
49;1555;3.0;Defensor
49;1465;4.0;Defensor
49;1455;6.0;Defensor
49;1536;12.0;Defensor
49;1542;13.0;Defensor
49;1410;14.0;Defensor
49;1447;22.0;Defensor
49;1399;5.0;Mediocampista
49;1606;8.0;Mediocampista
49;1594;11.0;Mediocampista
49;1580;15.0;Mediocampista
49;1452;17.0;Mediocampista
49;1460;18.0;Mediocampista
49;1665;19.0;Mediocampista
49;1429;7.0;Delantero
49;1462;9.0;Delantero
49;1564;10.0;Delantero
49;1620;20.0;Delantero
49;1642;21.0;Delantero
49;2642;1.0;Arquero
49;2647;18.0;Arquero
49;2638;23.0;Arquero
49;2571;2.0;Defensor
49;2613;3.0;Defensor
49;2659;4.0;Defensor
49;2604;6.0;Defensor
49;2645;8.0;Defensor
49;2586;15.0;Defensor
49;2610;16.0;Defensor
49;2672;19.0;Defensor
49;2618;22.0;Defensor
49;2582;5.0;Mediocampista
49;2581;7.0;Mediocampista
49;2596;9.0;Mediocampista
49;2653;10.0;Mediocampista
49;2670;13.0;Mediocampista
49;2575;14.0;Mediocampista
49;2662;17.0;Mediocampista
49;2619;20.0;Mediocampista
49;2668;11.0;Delantero
49;2588;12.0;Delantero
49;2665;21.0;Delantero
49;7504;1.0;Arquero
49;7476;12.0;Arquero
49;7330;23.0;Arquero
49;7478;2.0;Defensor
49;7516;3.0;Defensor
49;7491;5.0;Defensor
49;7358;6.0;Defensor
49;7382;11.0;Defensor
49;7518;13.0;Defensor
49;7477;14.0;Defensor
49;7418;15.0;Defensor
49;7422;4.0;Mediocampista
49;7533;7.0;Mediocampista
49;7511;10.0;Mediocampista
49;7345;16.0;Mediocampista
49;7385;17.0;Mediocampista
49;7420;20.0;Mediocampista
49;7410;21.0;Mediocampista
49;7401;22.0;Mediocampista
49;7467;8.0;Delantero
49;7429;9.0;Delantero
49;7472;18.0;Delantero
49;7372;19.0;Delantero
49;7963;1.0;Arquero
49;7925;12.0;Arquero
49;7833;21.0;Arquero
49;7910;2.0;Defensor
49;7923;3.0;Defensor
49;7853;4.0;Defensor
49;7807;5.0;Defensor
49;7905;6.0;Defensor
49;7948;13.0;Defensor
49;7843;20.0;Defensor
49;7952;22.0;Defensor
49;7865;8.0;Mediocampista
49;7998;10.0;Mediocampista
49;7819;11.0;Mediocampista
49;8002;14.0;Mediocampista
49;7846;15.0;Mediocampista
49;7859;16.0;Mediocampista
49;8000;17.0;Mediocampista
49;7960;23.0;Mediocampista
49;7854;7.0;Delantero
49;7957;9.0;Delantero
49;7872;18.0;Delantero
49;7844;19.0;Delantero
53;196;1.0;Arquero
53;269;12.0;Arquero
53;266;22.0;Arquero
53;213;2.0;Defensor
53;91;3.0;Defensor
53;72;4.0;Defensor
53;116;5.0;Defensor
53;261;15.0;Defensor
53;228;16.0;Defensor
53;26;17.0;Defensor
53;136;18.0;Defensor
53;134;6.0;Mediocampista
53;48;7.0;Mediocampista
53;155;8.0;Mediocampista
53;206;10.0;Mediocampista
53;192;13.0;Mediocampista
53;76;14.0;Mediocampista
53;229;19.0;Mediocampista
53;31;20.0;Mediocampista
53;81;21.0;Mediocampista
53;282;9.0;Delantero
53;223;11.0;Delantero
53;75;23.0;Delantero
53;2441;1.0;Arquero
53;2427;21.0;Arquero
53;2406;23.0;Arquero
53;2477;2.0;Defensor
53;2408;3.0;Defensor
53;2488;4.0;Defensor
53;2521;5.0;Defensor
53;2498;6.0;Defensor
53;2433;12.0;Defensor
53;2389;14.0;Defensor
53;2449;19.0;Defensor
53;2401;20.0;Defensor
53;2382;22.0;Defensor
53;2407;8.0;Mediocampista
53;2474;10.0;Mediocampista
53;2452;13.0;Mediocampista
53;2410;15.0;Mediocampista
53;2415;16.0;Mediocampista
53;2463;17.0;Mediocampista
53;2484;18.0;Mediocampista
53;2507;7.0;Delantero
53;2442;9.0;Delantero
53;2395;11.0;Delantero
53;5572;1.0;Arquero
53;5756;12.0;Arquero
53;5685;13.0;Arquero
53;5529;2.0;Defensor
53;5740;3.0;Defensor
53;5656;4.0;Defensor
53;5672;15.0;Defensor
53;5634;16.0;Defensor
53;5517;21.0;Defensor
53;5620;5.0;Mediocampista
53;5588;6.0;Mediocampista
53;5645;7.0;Mediocampista
53;5587;10.0;Mediocampista
53;5617;18.0;Mediocampista
53;5523;20.0;Mediocampista
53;5604;23.0;Mediocampista
53;5591;8.0;Delantero
53;5639;9.0;Delantero
53;5771;11.0;Delantero
53;5632;14.0;Delantero
53;5571;17.0;Delantero
53;5699;19.0;Delantero
53;5651;22.0;Delantero
53;7752;1.0;Arquero
53;7690;12.0;Arquero
53;7745;23.0;Arquero
53;7724;2.0;Defensor
53;7715;3.0;Defensor
53;7660;4.0;Defensor
53;7755;5.0;Defensor
53;7620;6.0;Defensor
53;7674;14.0;Defensor
53;7704;16.0;Defensor
53;7684;18.0;Defensor
53;7710;7.0;Mediocampista
53;7644;8.0;Mediocampista
53;7655;10.0;Mediocampista
53;7785;13.0;Mediocampista
53;7676;15.0;Mediocampista
53;7636;17.0;Mediocampista
53;7765;19.0;Mediocampista
53;7640;21.0;Mediocampista
53;7625;9.0;Delantero
53;7664;11.0;Delantero
53;7795;20.0;Delantero
53;7700;22.0;Delantero
57;1080;1.0;Arquero
57;1156;12.0;Arquero
57;1068;13.0;Arquero
57;1043;2.0;Defensor
57;1242;3.0;Defensor
57;1142;4.0;Defensor
57;1247;5.0;Defensor
57;1155;15.0;Defensor
57;1056;20.0;Defensor
57;1105;23.0;Defensor
57;1257;6.0;Mediocampista
57;1087;7.0;Mediocampista
57;1118;8.0;Mediocampista
57;1064;11.0;Mediocampista
57;1128;16.0;Mediocampista
57;1203;17.0;Mediocampista
57;1103;19.0;Mediocampista
57;1071;22.0;Mediocampista
57;1147;9.0;Delantero
57;1127;10.0;Delantero
57;1154;14.0;Delantero
57;1139;18.0;Delantero
57;1049;21.0;Delantero
57;4604;1.0;Arquero
57;4466;13.0;Arquero
57;4606;23.0;Arquero
57;4657;2.0;Defensor
57;4618;3.0;Defensor
57;4643;5.0;Defensor
57;4567;6.0;Defensor
57;4650;12.0;Defensor
57;4470;15.0;Defensor
57;4548;16.0;Defensor
57;4494;17.0;Defensor
57;4676;18.0;Defensor
57;4431;22.0;Defensor
57;4496;4.0;Mediocampista
57;4563;7.0;Mediocampista
57;4528;8.0;Mediocampista
57;4432;20.0;Mediocampista
57;4565;21.0;Mediocampista
57;4549;9.0;Delantero
57;4638;10.0;Delantero
57;4652;11.0;Delantero
57;4661;14.0;Delantero
57;4610;19.0;Delantero
57;6184;1.0;Arquero
57;6174;12.0;Arquero
57;6187;22.0;Arquero
57;6169;2.0;Defensor
57;6176;3.0;Defensor
57;6179;4.0;Defensor
57;6191;5.0;Defensor
57;6182;13.0;Defensor
57;6177;15.0;Defensor
57;6183;17.0;Defensor
57;6172;23.0;Defensor
57;6181;6.0;Mediocampista
57;6173;8.0;Mediocampista
57;6175;11.0;Mediocampista
57;6186;14.0;Mediocampista
57;6171;19.0;Mediocampista
57;6180;20.0;Mediocampista
57;6188;21.0;Mediocampista
57;6185;7.0;Delantero
57;6190;9.0;Delantero
57;6178;10.0;Delantero
57;6170;16.0;Delantero
57;6189;18.0;Delantero
57;8062;1.0;Arquero
57;8131;16.0;Arquero
57;8104;22.0;Arquero
57;8070;2.0;Defensor
57;8072;3.0;Defensor
57;8135;4.0;Defensor
57;8101;5.0;Defensor
57;8055;6.0;Defensor
57;8078;11.0;Defensor
57;8129;12.0;Defensor
57;8142;21.0;Defensor
57;8054;9.0;Mediocampista
57;8150;13.0;Mediocampista
57;8058;14.0;Mediocampista
57;8151;17.0;Mediocampista
57;8121;7.0;Delantero
57;8069;8.0;Delantero
57;8122;10.0;Delantero
57;8120;15.0;Delantero
57;8155;18.0;Delantero
57;8119;19.0;Delantero
57;8079;20.0;Delantero
57;8153;23.0;Delantero
61;2263;1.0;Arquero
61;2293;12.0;Arquero
61;2221;22.0;Arquero
61;2297;2.0;Defensor
61;2260;3.0;Defensor
61;2203;4.0;Defensor
61;2255;13.0;Defensor
61;2256;17.0;Defensor
61;2224;18.0;Defensor
61;2281;23.0;Defensor
61;2208;5.0;Mediocampista
61;2280;6.0;Mediocampista
61;2197;8.0;Mediocampista
61;2279;10.0;Mediocampista
61;2222;11.0;Mediocampista
61;2288;15.0;Mediocampista
61;2249;16.0;Mediocampista
61;2273;20.0;Mediocampista
61;2207;7.0;Delantero
61;2231;9.0;Delantero
61;2259;14.0;Delantero
61;2211;19.0;Delantero
61;2247;21.0;Delantero
61;5296;1.0;Arquero
61;5277;12.0;Arquero
61;5322;23.0;Arquero
61;5365;2.0;Defensor
61;5350;3.0;Defensor
61;5320;5.0;Defensor
61;5270;6.0;Defensor
61;5346;19.0;Defensor
61;5306;20.0;Defensor
61;5345;21.0;Defensor
61;5372;22.0;Defensor
61;5279;4.0;Mediocampista
61;5349;7.0;Mediocampista
61;5274;8.0;Mediocampista
61;5291;10.0;Mediocampista
61;5366;11.0;Mediocampista
61;5284;14.0;Mediocampista
61;5367;16.0;Mediocampista
61;5275;17.0;Mediocampista
61;5342;18.0;Mediocampista
61;5337;9.0;Delantero
61;5318;13.0;Delantero
61;5341;15.0;Delantero
61;6573;1.0;Arquero
61;6445;12.0;Arquero
61;6468;22.0;Arquero
61;6550;2.0;Defensor
61;6492;3.0;Defensor
61;6458;4.0;Defensor
61;6443;5.0;Defensor
61;6477;15.0;Defensor
61;6444;18.0;Defensor
61;6556;20.0;Defensor
61;6480;6.0;Mediocampista
61;6525;8.0;Mediocampista
61;6512;10.0;Mediocampista
61;6483;11.0;Mediocampista
61;6561;13.0;Mediocampista
61;6454;16.0;Mediocampista
61;6551;17.0;Mediocampista
61;6598;19.0;Mediocampista
61;6519;21.0;Mediocampista
61;6539;7.0;Delantero
61;6524;9.0;Delantero
61;6581;14.0;Delantero
61;6510;23.0;Delantero
61;7245;1.0;Arquero
61;7277;16.0;Arquero
61;7260;23.0;Arquero
61;7270;2.0;Defensor
61;7266;3.0;Defensor
61;7271;4.0;Defensor
61;7287;12.0;Defensor
61;7259;21.0;Defensor
61;7297;22.0;Defensor
61;7261;5.0;Mediocampista
61;7289;6.0;Mediocampista
61;7267;8.0;Mediocampista
61;7279;11.0;Mediocampista
61;7275;13.0;Mediocampista
61;7276;17.0;Mediocampista
61;7293;7.0;Delantero
61;7256;9.0;Delantero
61;7269;10.0;Delantero
61;7265;14.0;Delantero
61;7288;15.0;Delantero
61;7290;18.0;Delantero
61;7286;19.0;Delantero
61;7232;20.0;Delantero
65;1491;1.0;Arquero
65;1503;12.0;Arquero
65;1657;22.0;Arquero
65;1356;2.0;Defensor
65;1638;3.0;Defensor
65;1414;4.0;Defensor
65;1536;6.0;Defensor
65;1412;13.0;Defensor
65;1549;14.0;Defensor
65;1477;15.0;Defensor
65;1532;23.0;Defensor
65;1452;5.0;Mediocampista
65;1580;8.0;Mediocampista
65;1573;11.0;Mediocampista
65;1601;16.0;Mediocampista
65;1527;17.0;Mediocampista
65;1480;18.0;Mediocampista
65;1665;19.0;Mediocampista
65;1379;20.0;Mediocampista
65;1481;7.0;Delantero
65;1459;9.0;Delantero
65;1564;10.0;Delantero
65;1492;21.0;Delantero
65;1838;1.0;Arquero
65;1847;16.0;Arquero
65;1884;23.0;Arquero
65;1808;2.0;Defensor
65;1895;3.0;Defensor
65;1820;4.0;Defensor
65;1896;5.0;Defensor
65;1812;12.0;Defensor
65;1817;14.0;Defensor
65;1870;17.0;Defensor
65;1899;22.0;Defensor
65;1912;6.0;Mediocampista
65;1880;7.0;Mediocampista
65;1863;11.0;Mediocampista
65;1831;18.0;Mediocampista
65;1867;21.0;Mediocampista
65;1878;8.0;Delantero
65;1835;9.0;Delantero
65;1802;10.0;Delantero
65;1818;13.0;Delantero
65;1924;15.0;Delantero
65;1901;19.0;Delantero
65;1910;20.0;Delantero
65;2733;1.0;Arquero
65;2768;12.0;Arquero
65;2753;23.0;Arquero
65;2765;2.0;Defensor
65;2734;3.0;Defensor
65;2690;5.0;Defensor
65;2719;6.0;Defensor
65;2748;11.0;Defensor
65;2742;13.0;Defensor
65;2761;21.0;Defensor
65;2729;4.0;Mediocampista
65;2737;7.0;Mediocampista
65;2767;8.0;Mediocampista
65;2724;10.0;Mediocampista
65;2686;14.0;Mediocampista
65;2678;15.0;Mediocampista
65;2740;19.0;Mediocampista
65;2709;20.0;Mediocampista
65;2700;9.0;Delantero
65;2739;16.0;Delantero
65;2722;17.0;Delantero
65;2726;18.0;Delantero
65;2692;22.0;Delantero
65;5572;1.0;Arquero
65;5756;12.0;Arquero
65;5685;13.0;Arquero
65;5725;2.0;Defensor
65;5741;3.0;Defensor
65;5656;4.0;Defensor
65;5718;5.0;Defensor
65;5645;7.0;Defensor
65;5672;15.0;Defensor
65;5707;16.0;Defensor
65;5513;22.0;Defensor
65;5634;6.0;Mediocampista
65;5591;8.0;Mediocampista
65;5587;10.0;Mediocampista
65;5546;17.0;Mediocampista
65;5617;18.0;Mediocampista
65;5523;20.0;Mediocampista
65;5697;21.0;Mediocampista
65;5769;23.0;Mediocampista
65;5639;9.0;Delantero
65;5710;11.0;Delantero
65;5632;14.0;Delantero
65;5699;19.0;Delantero
69;891;1.0;Arquero
69;859;12.0;Arquero
69;838;18.0;Arquero
69;837;2.0;Defensor
69;830;3.0;Defensor
69;897;6.0;Defensor
69;914;8.0;Defensor
69;868;19.0;Defensor
69;910;22.0;Defensor
69;873;5.0;Mediocampista
69;842;10.0;Mediocampista
69;878;11.0;Mediocampista
69;819;13.0;Mediocampista
69;902;14.0;Mediocampista
69;848;15.0;Mediocampista
69;844;16.0;Mediocampista
69;870;17.0;Mediocampista
69;905;20.0;Mediocampista
69;862;21.0;Mediocampista
69;820;23.0;Mediocampista
69;822;4.0;Delantero
69;861;7.0;Delantero
69;899;9.0;Delantero
69;2019;1.0;Arquero
69;2153;12.0;Arquero
69;2066;23.0;Arquero
69;2084;2.0;Defensor
69;2006;3.0;Defensor
69;2070;4.0;Defensor
69;2129;13.0;Defensor
69;2083;17.0;Defensor
69;2071;18.0;Defensor
69;2141;5.0;Mediocampista
69;2023;6.0;Mediocampista
69;2164;8.0;Mediocampista
69;2157;10.0;Mediocampista
69;2015;15.0;Mediocampista
69;2065;16.0;Mediocampista
69;2057;19.0;Mediocampista
69;2008;20.0;Mediocampista
69;2038;21.0;Mediocampista
69;2136;7.0;Delantero
69;2106;9.0;Delantero
69;2161;11.0;Delantero
69;2099;14.0;Delantero
69;2104;22.0;Delantero
69;3354;1.0;Arquero
69;3368;12.0;Arquero
69;3509;23.0;Arquero
69;3314;2.0;Defensor
69;3490;3.0;Defensor
69;3422;5.0;Defensor
69;3503;15.0;Defensor
69;3312;18.0;Defensor
69;3333;22.0;Defensor
69;3454;4.0;Mediocampista
69;3411;6.0;Mediocampista
69;3565;8.0;Mediocampista
69;3379;10.0;Mediocampista
69;3319;14.0;Mediocampista
69;3341;16.0;Mediocampista
69;3429;17.0;Mediocampista
69;3355;20.0;Mediocampista
69;3538;21.0;Mediocampista
69;3561;7.0;Delantero
69;3546;9.0;Delantero
69;3486;11.0;Delantero
69;3455;13.0;Delantero
69;3364;19.0;Delantero
69;6002;1.0;Arquero
69;6156;22.0;Arquero
69;6063;23.0;Arquero
69;6155;2.0;Defensor
69;6020;3.0;Defensor
69;6072;4.0;Defensor
69;5992;5.0;Defensor
69;6048;7.0;Defensor
69;6154;12.0;Defensor
69;6151;13.0;Defensor
69;6059;14.0;Defensor
69;6016;6.0;Mediocampista
69;6012;8.0;Mediocampista
69;6108;10.0;Mediocampista
69;6003;16.0;Mediocampista
69;6029;18.0;Mediocampista
69;6162;20.0;Mediocampista
69;6145;9.0;Delantero
69;6098;11.0;Delantero
69;6064;15.0;Delantero
69;6068;17.0;Delantero
69;6045;19.0;Delantero
69;6024;21.0;Delantero
73;2263;1.0;Arquero
73;2293;12.0;Arquero
73;2257;22.0;Arquero
73;2297;2.0;Defensor
73;2296;3.0;Defensor
73;2203;4.0;Defensor
73;2205;7.0;Defensor
73;2199;16.0;Defensor
73;2299;18.0;Defensor
73;2290;23.0;Defensor
73;2215;5.0;Mediocampista
73;2280;6.0;Mediocampista
73;2197;8.0;Mediocampista
73;2279;10.0;Mediocampista
73;2222;11.0;Mediocampista
73;2238;13.0;Mediocampista
73;2245;14.0;Mediocampista
73;2253;15.0;Mediocampista
73;2273;20.0;Mediocampista
73;2240;9.0;Delantero
73;2207;17.0;Delantero
73;2275;19.0;Delantero
73;2252;21.0;Delantero
73;2528;1.0;Arquero
73;2542;16.0;Arquero
73;2555;23.0;Arquero
73;2564;2.0;Defensor
73;2529;3.0;Defensor
73;2562;4.0;Defensor
73;2524;7.0;Defensor
73;2526;17.0;Defensor
73;2536;18.0;Defensor
73;2527;22.0;Defensor
73;2569;5.0;Mediocampista
73;2530;6.0;Mediocampista
73;2560;9.0;Mediocampista
73;2535;14.0;Mediocampista
73;2547;15.0;Mediocampista
73;2563;19.0;Mediocampista
73;2533;20.0;Mediocampista
73;2549;8.0;Delantero
73;2543;10.0;Delantero
73;2539;11.0;Delantero
73;2531;12.0;Delantero
73;2565;13.0;Delantero
73;2558;21.0;Delantero
73;4147;1.0;Arquero
73;4137;12.0;Arquero
73;4142;13.0;Arquero
73;4180;3.0;Defensor
73;4156;4.0;Defensor
73;4162;5.0;Defensor
73;4183;11.0;Defensor
73;4177;15.0;Defensor
73;4166;19.0;Defensor
73;4139;20.0;Defensor
73;4155;2.0;Mediocampista
73;4181;6.0;Mediocampista
73;4151;8.0;Mediocampista
73;4144;10.0;Mediocampista
73;4133;16.0;Mediocampista
73;4135;18.0;Mediocampista
73;4148;21.0;Mediocampista
73;4171;22.0;Mediocampista
73;4176;23.0;Mediocampista
73;4170;7.0;Delantero
73;4160;9.0;Delantero
73;4169;14.0;Delantero
73;4136;17.0;Delantero
73;5296;1.0;Arquero
73;5332;12.0;Arquero
73;5273;23.0;Arquero
73;5363;2.0;Defensor
73;5345;3.0;Defensor
73;5320;5.0;Defensor
73;5315;6.0;Defensor
73;5266;14.0;Defensor
73;5300;15.0;Defensor
73;5283;19.0;Defensor
73;5346;21.0;Defensor
73;5372;22.0;Defensor
73;5271;7.0;Mediocampista
73;5297;8.0;Mediocampista
73;5291;10.0;Mediocampista
73;5367;16.0;Mediocampista
73;5275;17.0;Mediocampista
73;5279;4.0;Delantero
73;5337;9.0;Delantero
73;5293;11.0;Delantero
73;5338;13.0;Delantero
73;5341;18.0;Delantero
73;5343;20.0;Delantero
77;2642;1.0;Arquero
77;2647;18.0;Arquero
77;2587;23.0;Arquero
77;2571;2.0;Defensor
77;2613;3.0;Defensor
77;2664;4.0;Defensor
77;2604;6.0;Defensor
77;2641;8.0;Defensor
77;2608;12.0;Defensor
77;2602;15.0;Defensor
77;2610;16.0;Defensor
77;2636;19.0;Defensor
77;2582;5.0;Mediocampista
77;2581;7.0;Mediocampista
77;2578;11.0;Mediocampista
77;2616;13.0;Mediocampista
77;2662;17.0;Mediocampista
77;2585;20.0;Mediocampista
77;2600;22.0;Mediocampista
77;2588;9.0;Delantero
77;2653;10.0;Delantero
77;2583;14.0;Delantero
77;2665;21.0;Delantero
77;4525;1.0;Arquero
77;4513;13.0;Arquero
77;4512;22.0;Arquero
77;4547;2.0;Defensor
77;4442;3.0;Defensor
77;4470;5.0;Defensor
77;4543;6.0;Defensor
77;4632;12.0;Defensor
77;4548;16.0;Defensor
77;4625;23.0;Defensor
77;4519;4.0;Mediocampista
77;4666;7.0;Mediocampista
77;4557;8.0;Mediocampista
77;4528;14.0;Mediocampista
77;4597;15.0;Mediocampista
77;4583;17.0;Mediocampista
77;4555;20.0;Mediocampista
77;4446;21.0;Mediocampista
77;4644;9.0;Delantero
77;4617;10.0;Delantero
77;4661;11.0;Delantero
77;4556;18.0;Delantero
77;4638;19.0;Delantero
77;5002;1.0;Arquero
77;5209;12.0;Arquero
77;5171;13.0;Arquero
77;5050;2.0;Defensor
77;5028;3.0;Defensor
77;5044;4.0;Defensor
77;4957;7.0;Defensor
77;4983;15.0;Defensor
77;4998;19.0;Defensor
77;5158;20.0;Defensor
77;5144;5.0;Mediocampista
77;5010;6.0;Mediocampista
77;5122;8.0;Mediocampista
77;4973;14.0;Mediocampista
77;5048;16.0;Mediocampista
77;5163;18.0;Mediocampista
77;5176;21.0;Mediocampista
77;5227;23.0;Mediocampista
77;4978;9.0;Delantero
77;5019;10.0;Delantero
77;5025;11.0;Delantero
77;5100;17.0;Delantero
77;5101;22.0;Delantero
77;8369;1.0;Arquero
77;8367;12.0;Arquero
77;8433;23.0;Arquero
77;8340;2.0;Defensor
77;8314;3.0;Defensor
77;8306;4.0;Defensor
77;8313;13.0;Defensor
77;8387;16.0;Defensor
77;8274;19.0;Defensor
77;8258;22.0;Defensor
77;8309;5.0;Mediocampista
77;8385;6.0;Mediocampista
77;8409;7.0;Mediocampista
77;8338;14.0;Mediocampista
77;8389;15.0;Mediocampista
77;8243;17.0;Mediocampista
77;8396;18.0;Mediocampista
77;8319;20.0;Mediocampista
77;8328;8.0;Delantero
77;8441;9.0;Delantero
77;8303;10.0;Delantero
77;8440;11.0;Delantero
77;8272;21.0;Delantero
81;2906;1.0;Arquero
81;2908;12.0;Arquero
81;2919;22.0;Arquero
81;2929;2.0;Defensor
81;2920;3.0;Defensor
81;2950;4.0;Defensor
81;2904;10.0;Defensor
81;2905;18.0;Defensor
81;2895;21.0;Defensor
81;2934;5.0;Mediocampista
81;2946;6.0;Mediocampista
81;2944;7.0;Mediocampista
81;2941;8.0;Mediocampista
81;2943;14.0;Mediocampista
81;2900;15.0;Mediocampista
81;2969;16.0;Mediocampista
81;2963;19.0;Mediocampista
81;2939;20.0;Mediocampista
81;2928;23.0;Mediocampista
81;2961;9.0;Delantero
81;2911;11.0;Delantero
81;2970;13.0;Delantero
81;2902;17.0;Delantero
81;3902;1.0;Arquero
81;3953;16.0;Arquero
81;3888;23.0;Arquero
81;3814;2.0;Defensor
81;3836;3.0;Defensor
81;3989;4.0;Defensor
81;3959;5.0;Defensor
81;3911;13.0;Defensor
81;3956;15.0;Defensor
81;3827;17.0;Defensor
81;3882;21.0;Defensor
81;3785;6.0;Mediocampista
81;3786;7.0;Mediocampista
81;3987;8.0;Mediocampista
81;3856;11.0;Mediocampista
81;3917;12.0;Mediocampista
81;3916;14.0;Mediocampista
81;3967;18.0;Mediocampista
81;3939;19.0;Mediocampista
81;3961;22.0;Mediocampista
81;3849;9.0;Delantero
81;3768;10.0;Delantero
81;3945;20.0;Delantero
81;4238;1.0;Arquero
81;4259;18.0;Arquero
81;4226;22.0;Arquero
81;4218;2.0;Defensor
81;4229;3.0;Defensor
81;4244;4.0;Defensor
81;4211;5.0;Defensor
81;4230;6.0;Defensor
81;4236;7.0;Defensor
81;4209;21.0;Defensor
81;4251;8.0;Mediocampista
81;4240;10.0;Mediocampista
81;4224;12.0;Mediocampista
81;4231;14.0;Mediocampista
81;4227;15.0;Mediocampista
81;4245;17.0;Mediocampista
81;4232;19.0;Mediocampista
81;4219;20.0;Mediocampista
81;4217;23.0;Mediocampista
81;4249;9.0;Delantero
81;4210;11.0;Delantero
81;4221;13.0;Delantero
81;4241;16.0;Delantero
81;7820;1.0;Arquero
81;7963;12.0;Arquero
81;7833;21.0;Arquero
81;7910;2.0;Defensor
81;8001;3.0;Defensor
81;7958;4.0;Defensor
81;7983;5.0;Defensor
81;7905;6.0;Defensor
81;7948;13.0;Defensor
81;7843;20.0;Defensor
81;7952;22.0;Defensor
81;7817;7.0;Mediocampista
81;7892;8.0;Mediocampista
81;7998;10.0;Mediocampista
81;7819;11.0;Mediocampista
81;7971;14.0;Mediocampista
81;7846;15.0;Mediocampista
81;7859;16.0;Mediocampista
81;7960;23.0;Mediocampista
81;7957;9.0;Delantero
81;7872;17.0;Delantero
81;7919;18.0;Delantero
81;7844;19.0;Delantero
85;750;1.0;Arquero
85;699;12.0;Arquero
85;525;21.0;Arquero
85;629;2.0;Defensor
85;570;3.0;Defensor
85;806;4.0;Defensor
85;600;15.0;Defensor
85;747;16.0;Defensor
85;616;17.0;Defensor
85;542;23.0;Defensor
85;623;5.0;Mediocampista
85;551;6.0;Mediocampista
85;602;7.0;Mediocampista
85;722;8.0;Mediocampista
85;745;11.0;Mediocampista
85;614;13.0;Mediocampista
85;678;14.0;Mediocampista
85;524;19.0;Mediocampista
85;646;9.0;Delantero
85;682;10.0;Delantero
85;708;18.0;Delantero
85;515;20.0;Delantero
85;659;22.0;Delantero
85;1317;1.0;Arquero
85;1321;12.0;Arquero
85;1316;22.0;Arquero
85;1319;3.0;Defensor
85;1333;4.0;Defensor
85;1326;5.0;Defensor
85;1337;6.0;Defensor
85;1318;7.0;Defensor
85;1334;15.0;Defensor
85;1338;2.0;Mediocampista
85;1331;8.0;Mediocampista
85;1329;10.0;Mediocampista
85;1330;13.0;Mediocampista
85;1335;14.0;Mediocampista
85;1327;16.0;Mediocampista
85;1325;17.0;Mediocampista
85;1328;18.0;Mediocampista
85;1323;20.0;Mediocampista
85;1322;21.0;Mediocampista
85;1332;23.0;Mediocampista
85;1324;9.0;Delantero
85;1320;11.0;Delantero
85;1336;19.0;Delantero
85;4680;1.0;Arquero
85;4714;12.0;Arquero
85;4698;22.0;Arquero
85;4722;4.0;Defensor
85;4773;5.0;Defensor
85;4743;13.0;Defensor
85;4750;15.0;Defensor
85;4682;17.0;Defensor
85;4689;19.0;Defensor
85;4691;20.0;Defensor
85;4765;23.0;Defensor
85;4720;2.0;Mediocampista
85;4716;3.0;Mediocampista
85;4756;6.0;Mediocampista
85;4778;7.0;Mediocampista
85;4715;8.0;Mediocampista
85;4713;11.0;Mediocampista
85;4782;14.0;Mediocampista
85;4767;18.0;Mediocampista
85;4699;21.0;Mediocampista
85;4724;9.0;Delantero
85;4684;10.0;Delantero
85;4711;16.0;Delantero
85;5815;1.0;Arquero
85;5810;16.0;Arquero
85;5784;21.0;Arquero
85;5882;2.0;Defensor
85;5792;5.0;Defensor
85;5809;6.0;Defensor
85;5849;12.0;Defensor
85;5866;13.0;Defensor
85;5846;14.0;Defensor
85;5861;22.0;Defensor
85;5878;3.0;Mediocampista
85;5820;4.0;Mediocampista
85;5843;10.0;Mediocampista
85;5798;15.0;Mediocampista
85;5862;17.0;Mediocampista
85;5800;18.0;Mediocampista
85;5837;7.0;Delantero
85;5847;8.0;Delantero
85;5814;9.0;Delantero
85;5836;11.0;Delantero
85;5841;19.0;Delantero
85;5875;20.0;Delantero
85;5793;23.0;Delantero
89;196;1.0;Arquero
89;292;12.0;Arquero
89;280;22.0;Arquero
89;80;2.0;Defensor
89;72;3.0;Defensor
89;114;4.0;Defensor
89;116;5.0;Defensor
89;50;15.0;Defensor
89;180;17.0;Defensor
89;26;20.0;Defensor
89;194;21.0;Defensor
89;134;6.0;Mediocampista
89;246;7.0;Mediocampista
89;206;8.0;Mediocampista
89;48;14.0;Mediocampista
89;162;16.0;Mediocampista
89;155;18.0;Mediocampista
89;151;23.0;Mediocampista
89;243;9.0;Delantero
89;214;10.0;Delantero
89;142;11.0;Delantero
89;192;13.0;Delantero
89;77;19.0;Delantero
89;3655;1.0;Arquero
89;3646;12.0;Arquero
89;3709;22.0;Arquero
89;3742;2.0;Defensor
89;3643;3.0;Defensor
89;3589;5.0;Defensor
89;3596;6.0;Defensor
89;3585;7.0;Defensor
89;3601;20.0;Defensor
89;3603;21.0;Defensor
89;3658;23.0;Defensor
89;3595;4.0;Mediocampista
89;3623;10.0;Mediocampista
89;3587;11.0;Mediocampista
89;3661;13.0;Mediocampista
89;3615;14.0;Mediocampista
89;3586;15.0;Mediocampista
89;3645;16.0;Mediocampista
89;3744;19.0;Mediocampista
89;3619;8.0;Delantero
89;3656;9.0;Delantero
89;3577;17.0;Delantero
89;3738;18.0;Delantero
89;4052;1.0;Arquero
89;4091;12.0;Arquero
89;4080;16.0;Arquero
89;4085;2.0;Defensor
89;4101;4.0;Defensor
89;4119;15.0;Defensor
89;4096;19.0;Defensor
89;4077;21.0;Defensor
89;4059;23.0;Defensor
89;4083;5.0;Mediocampista
89;4051;6.0;Mediocampista
89;4071;7.0;Mediocampista
89;4062;8.0;Mediocampista
89;4072;10.0;Mediocampista
89;4098;11.0;Mediocampista
89;4058;14.0;Mediocampista
89;4110;17.0;Mediocampista
89;4069;20.0;Mediocampista
89;4123;22.0;Mediocampista
89;4084;3.0;Delantero
89;4076;9.0;Delantero
89;4074;13.0;Delantero
89;4124;18.0;Delantero
89;6639;1.0;Arquero
89;6698;12.0;Arquero
89;6615;22.0;Arquero
89;6607;2.0;Defensor
89;6623;5.0;Defensor
89;6626;13.0;Defensor
89;6690;14.0;Defensor
89;6604;19.0;Defensor
89;6708;21.0;Defensor
89;6706;3.0;Mediocampista
89;6738;4.0;Mediocampista
89;6622;6.0;Mediocampista
89;6687;8.0;Mediocampista
89;6740;10.0;Mediocampista
89;6715;15.0;Mediocampista
89;6681;16.0;Mediocampista
89;6688;17.0;Mediocampista
89;6609;20.0;Mediocampista
89;6721;7.0;Delantero
89;6605;9.0;Delantero
89;6638;11.0;Delantero
89;6737;18.0;Delantero
89;6712;23.0;Delantero
93;500;1.0;Arquero
93;508;16.0;Arquero
93;483;23.0;Arquero
93;452;2.0;Defensor
93;470;3.0;Defensor
93;442;4.0;Defensor
93;473;5.0;Defensor
93;496;6.0;Defensor
93;492;12.0;Defensor
93;455;17.0;Defensor
93;486;20.0;Defensor
93;507;7.0;Mediocampista
93;480;8.0;Mediocampista
93;454;11.0;Mediocampista
93;450;14.0;Mediocampista
93;461;18.0;Mediocampista
93;503;19.0;Mediocampista
93;497;22.0;Mediocampista
93;469;9.0;Delantero
93;465;10.0;Delantero
93;501;13.0;Delantero
93;502;15.0;Delantero
93;485;21.0;Delantero
93;1080;1.0;Arquero
93;1156;12.0;Arquero
93;1054;13.0;Arquero
93;1043;2.0;Defensor
93;1242;3.0;Defensor
93;1142;4.0;Defensor
93;1247;5.0;Defensor
93;1208;15.0;Defensor
93;1146;18.0;Defensor
93;1229;21.0;Defensor
93;1073;23.0;Defensor
93;1257;6.0;Mediocampista
93;1087;7.0;Mediocampista
93;1118;8.0;Mediocampista
93;1127;10.0;Mediocampista
93;1154;14.0;Mediocampista
93;1101;16.0;Mediocampista
93;1103;19.0;Mediocampista
93;1139;20.0;Mediocampista
93;1071;22.0;Mediocampista
93;1147;9.0;Delantero
93;1159;11.0;Delantero
93;1171;17.0;Delantero
93;2409;1.0;Arquero
93;2441;21.0;Arquero
93;2456;23.0;Arquero
93;2418;2.0;Defensor
93;2520;3.0;Defensor
93;2453;4.0;Defensor
93;2449;5.0;Defensor
93;2397;6.0;Defensor
93;2477;12.0;Defensor
93;2391;20.0;Defensor
93;2498;22.0;Defensor
93;2416;7.0;Mediocampista
93;2384;8.0;Mediocampista
93;2452;13.0;Mediocampista
93;2388;14.0;Mediocampista
93;2497;15.0;Mediocampista
93;2415;16.0;Mediocampista
93;2458;17.0;Mediocampista
93;2507;9.0;Delantero
93;2493;10.0;Delantero
93;2467;11.0;Delantero
93;2442;18.0;Delantero
93;2405;19.0;Delantero
93;7047;1.0;Arquero
93;7146;12.0;Arquero
93;7183;16.0;Arquero
93;7133;2.0;Defensor
93;7188;3.0;Defensor
93;7106;4.0;Defensor
93;7190;5.0;Defensor
93;7104;13.0;Defensor
93;7059;14.0;Defensor
93;7223;22.0;Defensor
93;7084;7.0;Mediocampista
93;7101;8.0;Mediocampista
93;7087;10.0;Mediocampista
93;7160;15.0;Mediocampista
93;7196;17.0;Mediocampista
93;7228;18.0;Mediocampista
93;7187;19.0;Mediocampista
93;7090;20.0;Mediocampista
93;7108;21.0;Mediocampista
93;7128;23.0;Mediocampista
93;7113;6.0;Delantero
93;7127;9.0;Delantero
93;7117;11.0;Delantero
97;3902;1.0;Arquero
97;3910;16.0;Arquero
97;3791;23.0;Arquero
97;3956;2.0;Defensor
97;3746;3.0;Defensor
97;3946;4.0;Defensor
97;3843;5.0;Defensor
97;3937;6.0;Defensor
97;3836;13.0;Defensor
97;3970;17.0;Defensor
97;3801;22.0;Defensor
97;3854;8.0;Mediocampista
97;3981;14.0;Mediocampista
97;3909;15.0;Mediocampista
97;3826;18.0;Mediocampista
97;3824;19.0;Mediocampista
97;3947;7.0;Delantero
97;3800;9.0;Delantero
97;3855;10.0;Delantero
97;3846;11.0;Delantero
97;3863;12.0;Delantero
97;3987;20.0;Delantero
97;3750;21.0;Delantero
97;5704;1.0;Arquero
97;5685;13.0;Arquero
97;5667;23.0;Arquero
97;5725;2.0;Defensor
97;5741;3.0;Defensor
97;5656;4.0;Defensor
97;5692;5.0;Defensor
97;5513;12.0;Defensor
97;5672;15.0;Defensor
97;5641;16.0;Defensor
97;5654;19.0;Defensor
97;5759;6.0;Mediocampista
97;5561;8.0;Mediocampista
97;5617;18.0;Mediocampista
97;5761;20.0;Mediocampista
97;5532;7.0;Delantero
97;5600;9.0;Delantero
97;5538;10.0;Delantero
97;5771;11.0;Delantero
97;5632;14.0;Delantero
97;5587;17.0;Delantero
97;5534;21.0;Delantero
97;5660;22.0;Delantero
97;7552;1.0;Arquero
97;7556;16.0;Arquero
97;7593;22.0;Arquero
97;7548;2.0;Defensor
97;7561;3.0;Defensor
97;7569;4.0;Defensor
97;7578;5.0;Defensor
97;7540;14.0;Defensor
97;7590;15.0;Defensor
97;7554;20.0;Defensor
97;7587;21.0;Defensor
97;7588;6.0;Mediocampista
97;7543;7.0;Mediocampista
97;7591;8.0;Mediocampista
97;7584;10.0;Mediocampista
97;7568;11.0;Mediocampista
97;7559;12.0;Mediocampista
97;7544;13.0;Mediocampista
97;7573;19.0;Mediocampista
97;7553;23.0;Mediocampista
97;7576;9.0;Delantero
97;7582;17.0;Delantero
97;7579;18.0;Delantero
97;8369;1.0;Arquero
97;8268;12.0;Arquero
97;8433;23.0;Arquero
97;8340;2.0;Defensor
97;8314;3.0;Defensor
97;8306;4.0;Defensor
97;8459;6.0;Defensor
97;8387;16.0;Defensor
97;8428;19.0;Defensor
97;8258;22.0;Defensor
97;8309;5.0;Mediocampista
97;8293;8.0;Mediocampista
97;8385;11.0;Mediocampista
97;8338;14.0;Mediocampista
97;8389;15.0;Mediocampista
97;8243;17.0;Mediocampista
97;8321;18.0;Mediocampista
97;8297;20.0;Mediocampista
97;8272;7.0;Delantero
97;8441;9.0;Delantero
97;8303;10.0;Delantero
97;8231;13.0;Delantero
97;8300;21.0;Delantero
101;734;1.0;Arquero
101;525;21.0;Arquero
101;750;22.0;Arquero
101;600;2.0;Defensor
101;742;3.0;Defensor
101;562;4.0;Defensor
101;643;6.0;Defensor
101;630;12.0;Defensor
101;760;13.0;Defensor
101;703;15.0;Defensor
101;554;5.0;Mediocampista
101;602;7.0;Mediocampista
101;800;8.0;Mediocampista
101;678;14.0;Mediocampista
101;641;17.0;Mediocampista
101;745;20.0;Mediocampista
101;715;23.0;Mediocampista
101;646;9.0;Delantero
101;682;10.0;Delantero
101;786;11.0;Delantero
101;515;16.0;Delantero
101;710;18.0;Delantero
101;684;19.0;Delantero
101;2476;1.0;Arquero
101;2409;18.0;Arquero
101;2447;21.0;Arquero
101;2489;2.0;Defensor
101;2423;3.0;Defensor
101;2358;4.0;Defensor
101;2479;12.0;Defensor
101;2465;14.0;Defensor
101;2422;15.0;Defensor
101;2350;22.0;Defensor
101;2414;23.0;Defensor
101;2435;5.0;Mediocampista
101;2416;6.0;Mediocampista
101;2496;7.0;Mediocampista
101;2431;8.0;Mediocampista
101;2424;13.0;Mediocampista
101;2415;16.0;Mediocampista
101;2458;17.0;Mediocampista
101;2514;19.0;Mediocampista
101;2345;9.0;Delantero
101;2493;10.0;Delantero
101;2473;11.0;Delantero
101;2459;20.0;Delantero
101;4131;1.0;Arquero
101;4182;12.0;Arquero
101;4174;13.0;Arquero
101;4173;2.0;Defensor
101;4167;3.0;Defensor
101;4175;4.0;Defensor
101;4162;5.0;Defensor
101;4165;8.0;Defensor
101;4183;11.0;Defensor
101;4177;15.0;Defensor
101;4152;16.0;Defensor
101;4166;19.0;Defensor
101;4154;22.0;Defensor
101;4181;6.0;Mediocampista
101;4144;10.0;Mediocampista
101;4163;18.0;Mediocampista
101;4148;21.0;Mediocampista
101;4168;23.0;Mediocampista
101;4170;7.0;Delantero
101;4132;9.0;Delantero
101;4169;14.0;Delantero
101;4136;17.0;Delantero
101;4141;20.0;Delantero
101;5815;1.0;Arquero
101;5810;16.0;Arquero
101;5789;23.0;Arquero
101;5882;2.0;Defensor
101;5872;3.0;Defensor
101;5783;5.0;Defensor
101;5868;6.0;Defensor
101;5848;17.0;Defensor
101;5807;21.0;Defensor
101;5781;22.0;Defensor
101;5832;4.0;Mediocampista
101;5874;12.0;Mediocampista
101;5797;13.0;Mediocampista
101;5831;14.0;Mediocampista
101;5822;15.0;Mediocampista
101;5817;20.0;Mediocampista
101;5877;7.0;Delantero
101;5788;8.0;Delantero
101;5835;9.0;Delantero
101;5823;10.0;Delantero
101;5847;11.0;Delantero
101;5844;18.0;Delantero
101;5851;19.0;Delantero
105;467;1.0;Arquero
105;458;16.0;Arquero
105;483;23.0;Arquero
105;452;2.0;Defensor
105;441;3.0;Defensor
105;506;4.0;Defensor
105;473;5.0;Defensor
105;443;12.0;Defensor
105;481;14.0;Defensor
105;492;18.0;Defensor
105;496;20.0;Defensor
105;488;6.0;Mediocampista
105;451;7.0;Mediocampista
105;480;8.0;Mediocampista
105;490;13.0;Mediocampista
105;509;15.0;Mediocampista
105;471;17.0;Mediocampista
105;507;19.0;Mediocampista
105;477;21.0;Mediocampista
105;438;22.0;Mediocampista
105;468;9.0;Delantero
105;499;10.0;Delantero
105;462;11.0;Delantero
105;3276;1.0;Arquero
105;3275;12.0;Arquero
105;3299;16.0;Arquero
105;3263;2.0;Defensor
105;3271;3.0;Defensor
105;3302;4.0;Defensor
105;3267;5.0;Defensor
105;3277;6.0;Defensor
105;3278;13.0;Defensor
105;3272;19.0;Defensor
105;3287;22.0;Defensor
105;3283;8.0;Mediocampista
105;3262;10.0;Mediocampista
105;3284;15.0;Mediocampista
105;3280;17.0;Mediocampista
105;3296;18.0;Mediocampista
105;3282;20.0;Mediocampista
105;3301;21.0;Mediocampista
105;3295;7.0;Delantero
105;3285;9.0;Delantero
105;3291;11.0;Delantero
105;3270;14.0;Delantero
105;3286;23.0;Delantero
105;3655;1.0;Arquero
105;3646;18.0;Arquero
105;3647;23.0;Arquero
105;3721;2.0;Defensor
105;3591;3.0;Defensor
105;3695;5.0;Defensor
105;3604;6.0;Defensor
105;3594;12.0;Defensor
105;3618;15.0;Defensor
105;3644;21.0;Defensor
105;3595;4.0;Mediocampista
105;3585;7.0;Mediocampista
105;3619;8.0;Mediocampista
105;3625;10.0;Mediocampista
105;3653;11.0;Mediocampista
105;3606;13.0;Mediocampista
105;3725;16.0;Mediocampista
105;3629;19.0;Mediocampista
105;3631;22.0;Mediocampista
105;3641;9.0;Delantero
105;3598;14.0;Delantero
105;3577;17.0;Delantero
105;3634;20.0;Delantero
105;4544;1.0;Arquero
105;4523;12.0;Arquero
105;4525;23.0;Arquero
105;4547;2.0;Defensor
105;4486;3.0;Defensor
105;4507;5.0;Defensor
105;4648;6.0;Defensor
105;4658;13.0;Defensor
105;4651;15.0;Defensor
105;4473;18.0;Defensor
105;4553;20.0;Defensor
105;4519;4.0;Mediocampista
105;4561;7.0;Mediocampista
105;4557;8.0;Mediocampista
105;4487;11.0;Mediocampista
105;4448;14.0;Mediocampista
105;4583;16.0;Mediocampista
105;4675;17.0;Mediocampista
105;4474;22.0;Mediocampista
105;4492;9.0;Delantero
105;4617;10.0;Delantero
105;4493;19.0;Delantero
105;4529;21.0;Delantero
109;196;1.0;Arquero
109;284;12.0;Arquero
109;40;22.0;Arquero
109;65;3.0;Defensor
109;7;4.0;Defensor
109;265;5.0;Defensor
109;12;14.0;Defensor
109;162;16.0;Defensor
109;180;17.0;Defensor
109;26;20.0;Defensor
109;124;2.0;Mediocampista
109;134;6.0;Mediocampista
109;246;7.0;Mediocampista
109;206;8.0;Mediocampista
109;192;13.0;Mediocampista
109;270;15.0;Mediocampista
109;155;18.0;Mediocampista
109;176;21.0;Mediocampista
109;135;9.0;Delantero
109;214;10.0;Delantero
109;142;11.0;Delantero
109;41;19.0;Delantero
109;75;23.0;Delantero
109;894;1.0;Arquero
109;836;12.0;Arquero
109;849;18.0;Arquero
109;877;2.0;Defensor
109;874;3.0;Defensor
109;816;6.0;Defensor
109;911;8.0;Defensor
109;825;11.0;Defensor
109;873;20.0;Defensor
109;824;21.0;Defensor
109;827;5.0;Mediocampista
109;835;7.0;Mediocampista
109;841;13.0;Mediocampista
109;848;15.0;Mediocampista
109;904;16.0;Mediocampista
109;905;22.0;Mediocampista
109;822;4.0;Delantero
109;854;9.0;Delantero
109;855;10.0;Delantero
109;845;14.0;Delantero
109;890;17.0;Delantero
109;839;19.0;Delantero
109;820;23.0;Delantero
109;4061;1.0;Arquero
109;4063;16.0;Arquero
109;4088;22.0;Arquero
109;4113;2.0;Defensor
109;4105;4.0;Defensor
109;4095;5.0;Defensor
109;4085;7.0;Defensor
109;4096;8.0;Defensor
109;4122;15.0;Defensor
109;4073;17.0;Defensor
109;4055;19.0;Defensor
109;4067;6.0;Mediocampista
109;4075;9.0;Mediocampista
109;4068;10.0;Mediocampista
109;4098;11.0;Mediocampista
109;4072;13.0;Mediocampista
109;4069;21.0;Mediocampista
109;4084;3.0;Delantero
109;4121;12.0;Delantero
109;4066;14.0;Delantero
109;4056;18.0;Delantero
109;4104;20.0;Delantero
109;4076;23.0;Delantero
109;7504;1.0;Arquero
109;7357;12.0;Arquero
109;7328;23.0;Arquero
109;7478;2.0;Defensor
109;7382;3.0;Defensor
109;7520;5.0;Defensor
109;7358;6.0;Defensor
109;7404;13.0;Defensor
109;7441;16.0;Defensor
109;7505;20.0;Defensor
109;7376;4.0;Mediocampista
109;7517;7.0;Mediocampista
109;7495;10.0;Mediocampista
109;7419;11.0;Mediocampista
109;7369;14.0;Mediocampista
109;7391;17.0;Mediocampista
109;7439;18.0;Mediocampista
109;7462;19.0;Mediocampista
109;7396;22.0;Mediocampista
109;7397;8.0;Delantero
109;7450;9.0;Delantero
109;7532;15.0;Delantero
109;7432;21.0;Delantero
113;1851;1.0;Arquero
113;1843;16.0;Arquero
113;1887;22.0;Arquero
113;1808;2.0;Defensor
113;1895;3.0;Defensor
113;1913;4.0;Defensor
113;1811;5.0;Defensor
113;1842;8.0;Defensor
113;1814;12.0;Defensor
113;1817;14.0;Defensor
113;1870;19.0;Defensor
113;1912;6.0;Mediocampista
113;1880;7.0;Mediocampista
113;1863;11.0;Mediocampista
113;1831;18.0;Mediocampista
113;1864;20.0;Mediocampista
113;1867;21.0;Mediocampista
113;1835;9.0;Delantero
113;1828;10.0;Delantero
113;1818;13.0;Delantero
113;1924;15.0;Delantero
113;1845;17.0;Delantero
113;1802;23.0;Delantero
113;2886;1.0;Arquero
113;2788;16.0;Arquero
113;2802;22.0;Arquero
113;2835;3.0;Defensor
113;2785;4.0;Defensor
113;2825;6.0;Defensor
113;2840;13.0;Defensor
113;2870;15.0;Defensor
113;2859;23.0;Defensor
113;2868;2.0;Mediocampista
113;2841;5.0;Mediocampista
113;2827;7.0;Mediocampista
113;2830;10.0;Mediocampista
113;2833;12.0;Mediocampista
113;2869;14.0;Mediocampista
113;2810;20.0;Mediocampista
113;2811;21.0;Mediocampista
113;2818;8.0;Delantero
113;2889;9.0;Delantero
113;2793;11.0;Delantero
113;2792;17.0;Delantero
113;2842;18.0;Delantero
113;2874;19.0;Delantero
113;5331;1.0;Arquero
113;5296;21.0;Arquero
113;5295;23.0;Arquero
113;5299;3.0;Defensor
113;5358;4.0;Defensor
113;5320;5.0;Defensor
113;5363;6.0;Defensor
113;5289;13.0;Defensor
113;5300;15.0;Defensor
113;5328;22.0;Defensor
113;5264;2.0;Mediocampista
113;5271;7.0;Mediocampista
113;5308;8.0;Mediocampista
113;5323;10.0;Mediocampista
113;5321;14.0;Mediocampista
113;5275;17.0;Mediocampista
113;5279;18.0;Mediocampista
113;5282;20.0;Mediocampista
113;5337;9.0;Delantero
113;5356;11.0;Delantero
113;5371;12.0;Delantero
113;5338;16.0;Delantero
113;5313;19.0;Delantero
113;6111;1.0;Arquero
113;6156;16.0;Arquero
113;5995;22.0;Arquero
113;6132;2.0;Defensor
113;6040;3.0;Defensor
113;6073;4.0;Defensor
113;6125;5.0;Defensor
113;5998;12.0;Defensor
113;6082;13.0;Defensor
113;5999;15.0;Defensor
113;6123;6.0;Mediocampista
113;6016;8.0;Mediocampista
113;6108;10.0;Mediocampista
113;6023;14.0;Mediocampista
113;6101;18.0;Mediocampista
113;5982;20.0;Mediocampista
113;6130;23.0;Mediocampista
113;6064;7.0;Delantero
113;6145;9.0;Delantero
113;6098;11.0;Delantero
113;6028;17.0;Delantero
113;5985;19.0;Delantero
113;6045;21.0;Delantero
117;3248;1.0;Arquero
117;3250;12.0;Arquero
117;3246;23.0;Arquero
117;3249;2.0;Defensor
117;3255;3.0;Defensor
117;3238;4.0;Defensor
117;3260;5.0;Defensor
117;3239;16.0;Defensor
117;3252;21.0;Defensor
117;3251;22.0;Defensor
117;3257;6.0;Mediocampista
117;3259;7.0;Mediocampista
117;3245;8.0;Mediocampista
117;3253;10.0;Mediocampista
117;3256;15.0;Mediocampista
117;3240;17.0;Mediocampista
117;3247;19.0;Mediocampista
117;3244;20.0;Mediocampista
117;3254;9.0;Delantero
117;3258;11.0;Delantero
117;3241;13.0;Delantero
117;3242;14.0;Delantero
117;3243;18.0;Delantero
117;5002;1.0;Arquero
117;5121;12.0;Arquero
117;5049;14.0;Arquero
117;5112;2.0;Defensor
117;5042;3.0;Defensor
117;5028;4.0;Defensor
117;5011;5.0;Defensor
117;4995;13.0;Defensor
117;5237;19.0;Defensor
117;4998;23.0;Defensor
117;5048;6.0;Mediocampista
117;5168;7.0;Mediocampista
117;5084;8.0;Mediocampista
117;5122;15.0;Mediocampista
117;5008;16.0;Mediocampista
117;5159;17.0;Mediocampista
117;5176;21.0;Mediocampista
117;5138;22.0;Mediocampista
117;5099;9.0;Delantero
117;5059;10.0;Delantero
117;5090;11.0;Delantero
117;5184;18.0;Delantero
117;5166;20.0;Delantero
117;5966;1.0;Arquero
117;5963;12.0;Arquero
117;5939;23.0;Arquero
117;5970;2.0;Defensor
117;5958;3.0;Defensor
117;5968;4.0;Defensor
117;5978;5.0;Defensor
117;5965;6.0;Defensor
117;5943;18.0;Defensor
117;5973;19.0;Defensor
117;5952;7.0;Mediocampista
117;5946;8.0;Mediocampista
117;5941;11.0;Mediocampista
117;5940;13.0;Mediocampista
117;5961;15.0;Mediocampista
117;5948;16.0;Mediocampista
117;5964;17.0;Mediocampista
117;5947;21.0;Mediocampista
117;5972;9.0;Delantero
117;5957;10.0;Delantero
117;5954;14.0;Delantero
117;5980;20.0;Delantero
117;5945;22.0;Delantero
117;6338;1.0;Arquero
117;6213;12.0;Arquero
117;6223;22.0;Arquero
117;6335;2.0;Defensor
117;6293;3.0;Defensor
117;6238;4.0;Defensor
117;6231;5.0;Defensor
117;6250;14.0;Defensor
117;6329;17.0;Defensor
117;6200;21.0;Defensor
117;6224;6.0;Mediocampista
117;6214;8.0;Mediocampista
117;6319;11.0;Mediocampista
117;6334;13.0;Mediocampista
117;6232;15.0;Mediocampista
117;6310;16.0;Mediocampista
117;6300;20.0;Mediocampista
117;6241;7.0;Delantero
117;6318;9.0;Delantero
117;6217;10.0;Delantero
117;6331;18.0;Delantero
117;6215;19.0;Delantero
117;6265;23.0;Delantero
121;1503;1.0;Arquero
121;1473;12.0;Arquero
121;1427;22.0;Arquero
121;1532;2.0;Defensor
121;1522;3.0;Defensor
121;1500;4.0;Defensor
121;1552;6.0;Defensor
121;1356;13.0;Defensor
121;1525;14.0;Defensor
121;1638;15.0;Defensor
121;1468;16.0;Defensor
121;1450;5.0;Mediocampista
121;1441;7.0;Mediocampista
121;1469;8.0;Mediocampista
121;1513;10.0;Mediocampista
121;1499;17.0;Mediocampista
121;1601;18.0;Mediocampista
121;1502;19.0;Mediocampista
121;1514;20.0;Mediocampista
121;1523;9.0;Delantero
121;1621;11.0;Delantero
121;1566;21.0;Delantero
121;1475;23.0;Delantero
121;2341;1.0;Arquero
121;2317;18.0;Arquero
121;2318;20.0;Arquero
121;2303;2.0;Defensor
121;2338;3.0;Defensor
121;2339;5.0;Defensor
121;2309;8.0;Defensor
121;2330;13.0;Defensor
121;2334;14.0;Defensor
121;2328;16.0;Defensor
121;2340;21.0;Defensor
121;2333;4.0;Mediocampista
121;2315;6.0;Mediocampista
121;2327;11.0;Mediocampista
121;2320;15.0;Mediocampista
121;2302;17.0;Mediocampista
121;2337;19.0;Mediocampista
121;2316;22.0;Mediocampista
121;2336;23.0;Mediocampista
121;2300;7.0;Delantero
121;2310;9.0;Delantero
121;2307;10.0;Delantero
121;2304;12.0;Delantero
121;2528;1.0;Arquero
121;2568;16.0;Arquero
121;2567;23.0;Arquero
121;2525;2.0;Defensor
121;2529;3.0;Defensor
121;2562;4.0;Defensor
121;2545;6.0;Defensor
121;2559;17.0;Defensor
121;2532;20.0;Defensor
121;2540;21.0;Defensor
121;2527;22.0;Defensor
121;2569;5.0;Mediocampista
121;2560;9.0;Mediocampista
121;2546;12.0;Mediocampista
121;2557;13.0;Mediocampista
121;2553;14.0;Mediocampista
121;2563;19.0;Mediocampista
121;2538;7.0;Delantero
121;2549;8.0;Delantero
121;2543;10.0;Delantero
121;2539;11.0;Delantero
121;2534;15.0;Delantero
121;2550;18.0;Delantero
121;6639;1.0;Arquero
121;6615;12.0;Arquero
121;6632;22.0;Arquero
121;6607;2.0;Defensor
121;6701;3.0;Defensor
121;6720;4.0;Defensor
121;6637;5.0;Defensor
121;6719;6.0;Defensor
121;6683;13.0;Defensor
121;6626;21.0;Defensor
121;6623;23.0;Defensor
121;6705;8.0;Mediocampista
121;6738;14.0;Mediocampista
121;6706;15.0;Mediocampista
121;6681;16.0;Mediocampista
121;6609;17.0;Mediocampista
121;6735;19.0;Mediocampista
121;6634;20.0;Mediocampista
121;6721;7.0;Delantero
121;6673;9.0;Delantero
121;6633;10.0;Delantero
121;6731;11.0;Delantero
121;6605;18.0;Delantero
125;2019;1.0;Arquero
125;2107;12.0;Arquero
125;2081;23.0;Arquero
125;2055;2.0;Defensor
125;2109;3.0;Defensor
125;2070;4.0;Defensor
125;2031;5.0;Defensor
125;2083;17.0;Defensor
125;2071;18.0;Defensor
125;2023;6.0;Mediocampista
125;2164;8.0;Mediocampista
125;2157;10.0;Mediocampista
125;2046;13.0;Mediocampista
125;2050;14.0;Mediocampista
125;2051;19.0;Mediocampista
125;2085;20.0;Mediocampista
125;2148;21.0;Mediocampista
125;2136;7.0;Delantero
125;2144;9.0;Delantero
125;2063;11.0;Delantero
125;2015;15.0;Delantero
125;2099;16.0;Delantero
125;2104;22.0;Delantero
125;3354;1.0;Arquero
125;3555;12.0;Arquero
125;3509;23.0;Arquero
125;3314;2.0;Defensor
125;3490;3.0;Defensor
125;3450;4.0;Defensor
125;3496;5.0;Defensor
125;3349;11.0;Defensor
125;3503;15.0;Defensor
125;3326;17.0;Defensor
125;3411;6.0;Mediocampista
125;3565;8.0;Mediocampista
125;3379;10.0;Mediocampista
125;3319;14.0;Mediocampista
125;3341;16.0;Mediocampista
125;3454;20.0;Mediocampista
125;3538;21.0;Mediocampista
125;3561;7.0;Delantero
125;3546;9.0;Delantero
125;3455;13.0;Delantero
125;3486;18.0;Delantero
125;3437;19.0;Delantero
125;3471;22.0;Delantero
125;4216;1.0;Arquero
125;4259;18.0;Arquero
125;4226;22.0;Arquero
125;4218;2.0;Defensor
125;4229;3.0;Defensor
125;4250;4.0;Defensor
125;4211;5.0;Defensor
125;4231;14.0;Defensor
125;4253;16.0;Defensor
125;4236;21.0;Defensor
125;4243;23.0;Defensor
125;4256;6.0;Mediocampista
125;4248;7.0;Mediocampista
125;4251;8.0;Mediocampista
125;4206;17.0;Mediocampista
125;4258;19.0;Mediocampista
125;4233;20.0;Mediocampista
125;4252;9.0;Delantero
125;4249;10.0;Delantero
125;4255;11.0;Delantero
125;4261;12.0;Delantero
125;4227;13.0;Delantero
125;4242;15.0;Delantero
125;7820;1.0;Arquero
125;7995;12.0;Arquero
125;7909;21.0;Arquero
125;7910;2.0;Defensor
125;7915;3.0;Defensor
125;7958;4.0;Defensor
125;7983;5.0;Defensor
125;7878;13.0;Defensor
125;8001;17.0;Defensor
125;7847;22.0;Defensor
125;7891;6.0;Mediocampista
125;7817;7.0;Mediocampista
125;7892;8.0;Mediocampista
125;7819;11.0;Mediocampista
125;7933;14.0;Mediocampista
125;7999;15.0;Mediocampista
125;7859;16.0;Mediocampista
125;7955;20.0;Mediocampista
125;7960;23.0;Mediocampista
125;7863;9.0;Delantero
125;7927;10.0;Delantero
125;7832;18.0;Delantero
125;7842;19.0;Delantero
129;163;1.0;Arquero
129;127;12.0;Arquero
129;104;23.0;Arquero
129;124;2.0;Defensor
129;65;3.0;Defensor
129;117;4.0;Defensor
129;202;6.0;Defensor
129;162;16.0;Defensor
129;180;17.0;Defensor
129;181;21.0;Defensor
129;131;5.0;Mediocampista
129;246;7.0;Mediocampista
129;66;8.0;Mediocampista
129;13;13.0;Mediocampista
129;105;15.0;Mediocampista
129;30;18.0;Mediocampista
129;239;19.0;Mediocampista
129;204;22.0;Mediocampista
129;87;9.0;Delantero
129;198;10.0;Delantero
129;142;11.0;Delantero
129;8;14.0;Delantero
129;214;20.0;Delantero
129;2635;1.0;Arquero
129;2648;18.0;Arquero
129;2573;23.0;Arquero
129;2603;2.0;Defensor
129;2629;3.0;Defensor
129;2664;4.0;Defensor
129;2632;5.0;Defensor
129;2614;12.0;Defensor
129;2669;15.0;Defensor
129;2576;17.0;Defensor
129;2652;22.0;Defensor
129;2606;6.0;Mediocampista
129;2581;7.0;Mediocampista
129;2660;8.0;Mediocampista
129;2591;10.0;Mediocampista
129;2575;14.0;Mediocampista
129;2621;16.0;Mediocampista
129;2657;20.0;Mediocampista
129;2671;9.0;Delantero
129;2612;11.0;Delantero
129;2580;13.0;Delantero
129;2654;19.0;Delantero
129;2643;21.0;Delantero
129;2971;1.0;Arquero
129;2945;12.0;Arquero
129;2937;22.0;Arquero
129;2929;2.0;Defensor
129;2932;3.0;Defensor
129;2917;4.0;Defensor
129;2951;5.0;Defensor
129;2897;13.0;Defensor
129;2921;17.0;Defensor
129;2959;18.0;Defensor
129;2968;6.0;Mediocampista
129;2938;7.0;Mediocampista
129;2941;8.0;Mediocampista
129;2913;14.0;Mediocampista
129;2903;15.0;Mediocampista
129;2969;16.0;Mediocampista
129;2963;19.0;Mediocampista
129;2966;20.0;Mediocampista
129;2909;9.0;Delantero
129;2936;10.0;Delantero
129;2918;11.0;Delantero
129;2965;21.0;Delantero
129;2907;23.0;Delantero
129;6448;1.0;Arquero
129;6521;12.0;Arquero
129;6468;22.0;Arquero
129;6494;2.0;Defensor
129;6474;3.0;Defensor
129;6442;4.0;Defensor
129;6440;6.0;Defensor
129;6595;14.0;Defensor
129;6464;17.0;Defensor
129;6523;18.0;Defensor
129;6449;19.0;Defensor
129;6508;5.0;Mediocampista
129;6569;7.0;Mediocampista
129;6514;8.0;Mediocampista
129;6579;10.0;Mediocampista
129;6538;13.0;Mediocampista
129;6567;15.0;Mediocampista
129;6558;16.0;Mediocampista
129;6476;20.0;Mediocampista
129;6600;9.0;Delantero
129;6559;11.0;Delantero
129;6493;21.0;Delantero
129;6451;23.0;Delantero
133;4614;1.0;Arquero
133;4544;13.0;Arquero
133;4475;22.0;Arquero
133;4590;2.0;Defensor
133;4486;3.0;Defensor
133;4507;5.0;Defensor
133;4648;6.0;Defensor
133;4472;12.0;Defensor
133;4458;14.0;Defensor
133;4473;15.0;Defensor
133;4519;4.0;Mediocampista
133;4452;7.0;Mediocampista
133;4557;8.0;Mediocampista
133;4487;11.0;Mediocampista
133;4524;16.0;Mediocampista
133;4545;17.0;Mediocampista
133;4474;18.0;Mediocampista
133;4561;19.0;Mediocampista
133;4501;20.0;Mediocampista
133;4617;9.0;Delantero
133;4595;10.0;Delantero
133;4492;21.0;Delantero
133;4655;23.0;Delantero
133;6338;1.0;Arquero
133;6270;12.0;Arquero
133;6223;22.0;Arquero
133;6296;2.0;Defensor
133;6327;3.0;Defensor
133;6264;4.0;Defensor
133;6231;5.0;Defensor
133;6250;14.0;Defensor
133;6286;15.0;Defensor
133;6238;21.0;Defensor
133;6224;6.0;Mediocampista
133;6228;7.0;Mediocampista
133;6214;8.0;Mediocampista
133;6194;10.0;Mediocampista
133;6267;11.0;Mediocampista
133;6302;13.0;Mediocampista
133;6310;16.0;Mediocampista
133;6291;17.0;Mediocampista
133;6255;19.0;Mediocampista
133;6318;9.0;Delantero
133;6331;18.0;Delantero
133;6284;20.0;Delantero
133;6249;23.0;Delantero
133;7680;1.0;Arquero
133;7601;12.0;Arquero
133;7775;23.0;Arquero
133;7738;2.0;Defensor
133;7730;3.0;Defensor
133;7723;4.0;Defensor
133;7641;5.0;Defensor
133;7671;13.0;Defensor
133;7780;14.0;Defensor
133;7787;15.0;Defensor
133;7718;6.0;Mediocampista
133;7598;7.0;Mediocampista
133;7784;8.0;Mediocampista
133;7721;9.0;Mediocampista
133;7696;16.0;Mediocampista
133;7606;19.0;Mediocampista
133;7802;21.0;Mediocampista
133;7678;10.0;Delantero
133;7707;11.0;Delantero
133;7646;17.0;Delantero
133;7692;18.0;Delantero
133;7599;20.0;Delantero
133;7767;22.0;Delantero
133;8034;1.0;Arquero
133;8036;21.0;Arquero
133;8035;22.0;Arquero
133;8030;2.0;Defensor
133;8037;3.0;Defensor
133;8027;4.0;Defensor
133;8043;5.0;Defensor
133;8041;6.0;Defensor
133;8033;8.0;Defensor
133;8029;17.0;Defensor
133;8028;7.0;Mediocampista
133;8046;9.0;Mediocampista
133;8031;11.0;Mediocampista
133;8045;18.0;Mediocampista
133;8048;23.0;Mediocampista
133;8040;10.0;Delantero
133;8042;12.0;Delantero
133;8032;13.0;Delantero
133;8038;14.0;Delantero
133;8039;15.0;Delantero
133;8047;16.0;Delantero
133;8049;19.0;Delantero
133;8044;20.0;Delantero
137;511;1.0;Arquero
137;621;12.0;Arquero
137;792;23.0;Arquero
137;533;2.0;Defensor
137;775;3.0;Defensor
137;585;4.0;Defensor
137;643;6.0;Defensor
137;766;13.0;Defensor
137;685;15.0;Defensor
137;593;17.0;Defensor
137;562;21.0;Defensor
137;569;5.0;Mediocampista
137;678;8.0;Mediocampista
137;740;10.0;Mediocampista
137;516;16.0;Mediocampista
137;745;18.0;Mediocampista
137;638;22.0;Mediocampista
137;765;7.0;Delantero
137;589;9.0;Delantero
137;786;11.0;Delantero
137;708;14.0;Delantero
137;682;19.0;Delantero
137;590;20.0;Delantero
137;2561;1.0;Arquero
137;2544;16.0;Arquero
137;2528;23.0;Arquero
137;2529;3.0;Defensor
137;2562;4.0;Defensor
137;2554;6.0;Defensor
137;2556;12.0;Defensor
137;2570;13.0;Defensor
137;2537;17.0;Defensor
137;2540;21.0;Defensor
137;2523;2.0;Mediocampista
137;2569;5.0;Mediocampista
137;2541;7.0;Mediocampista
137;2566;10.0;Mediocampista
137;2550;18.0;Mediocampista
137;2563;19.0;Mediocampista
137;2532;20.0;Mediocampista
137;2557;22.0;Mediocampista
137;2548;8.0;Delantero
137;2551;9.0;Delantero
137;2539;11.0;Delantero
137;2552;14.0;Delantero
137;2534;15.0;Delantero
137;6129;1.0;Arquero
137;6117;22.0;Arquero
137;6111;23.0;Arquero
137;6047;2.0;Defensor
137;5998;3.0;Defensor
137;6073;4.0;Defensor
137;6125;5.0;Defensor
137;6062;12.0;Defensor
137;6082;13.0;Defensor
137;6040;14.0;Defensor
137;6010;15.0;Defensor
137;6065;6.0;Mediocampista
137;6004;8.0;Mediocampista
137;6130;10.0;Mediocampista
137;6070;16.0;Mediocampista
137;6123;18.0;Mediocampista
137;6108;20.0;Mediocampista
137;6064;7.0;Delantero
137;6144;9.0;Delantero
137;6098;11.0;Delantero
137;6145;17.0;Delantero
137;6152;19.0;Delantero
137;5985;21.0;Delantero
137;7367;1.0;Arquero
137;7387;12.0;Arquero
137;7504;23.0;Arquero
137;7332;3.0;Defensor
137;7520;5.0;Defensor
137;7343;6.0;Defensor
137;7305;13.0;Defensor
137;7324;14.0;Defensor
137;7334;15.0;Defensor
137;7458;16.0;Defensor
137;7394;20.0;Defensor
137;7340;2.0;Mediocampista
137;7335;4.0;Mediocampista
137;7384;7.0;Mediocampista
137;7495;10.0;Mediocampista
137;7325;11.0;Mediocampista
137;7436;17.0;Mediocampista
137;7527;18.0;Mediocampista
137;7355;22.0;Mediocampista
137;7381;8.0;Delantero
137;7423;9.0;Delantero
137;7532;19.0;Delantero
137;7402;21.0;Delantero
141;325;1.0;Arquero
141;327;12.0;Arquero
141;334;22.0;Arquero
141;333;2.0;Defensor
141;324;3.0;Defensor
141;328;4.0;Defensor
141;326;5.0;Defensor
141;338;15.0;Defensor
141;329;20.0;Defensor
141;320;21.0;Defensor
141;332;23.0;Defensor
141;337;6.0;Mediocampista
141;322;7.0;Mediocampista
141;318;8.0;Mediocampista
141;335;11.0;Mediocampista
141;321;13.0;Mediocampista
141;336;14.0;Mediocampista
141;339;17.0;Mediocampista
141;331;9.0;Delantero
141;317;10.0;Delantero
141;323;16.0;Delantero
141;330;18.0;Delantero
141;319;19.0;Delantero
141;4747;1.0;Arquero
141;4770;12.0;Arquero
141;4779;22.0;Arquero
141;4688;3.0;Defensor
141;4712;4.0;Defensor
141;4768;5.0;Defensor
141;4727;13.0;Defensor
141;4773;19.0;Defensor
141;4758;20.0;Defensor
141;4742;2.0;Mediocampista
141;4756;6.0;Mediocampista
141;4784;7.0;Mediocampista
141;4729;8.0;Mediocampista
141;4782;14.0;Mediocampista
141;4754;18.0;Mediocampista
141;4741;21.0;Mediocampista
141;4778;23.0;Mediocampista
141;4718;9.0;Delantero
141;4696;10.0;Delantero
141;4738;11.0;Delantero
141;4693;15.0;Delantero
141;4702;16.0;Delantero
141;4732;17.0;Delantero
141;5748;1.0;Arquero
141;5572;12.0;Arquero
141;5685;13.0;Arquero
141;5755;2.0;Defensor
141;5741;3.0;Defensor
141;5656;4.0;Defensor
141;5692;5.0;Defensor
141;5705;14.0;Defensor
141;5563;15.0;Defensor
141;5663;16.0;Defensor
141;5617;18.0;Defensor
141;5725;22.0;Defensor
141;5759;6.0;Mediocampista
141;5779;7.0;Mediocampista
141;5695;8.0;Mediocampista
141;5606;20.0;Mediocampista
141;5700;23.0;Mediocampista
141;5541;9.0;Delantero
141;5600;10.0;Delantero
141;5671;11.0;Delantero
141;5598;17.0;Delantero
141;5544;19.0;Delantero
141;5525;21.0;Delantero
141;6718;1.0;Arquero
141;6714;12.0;Arquero
141;6702;22.0;Arquero
141;6701;2.0;Defensor
141;6618;3.0;Defensor
141;6626;4.0;Defensor
141;6646;5.0;Defensor
141;6683;13.0;Defensor
141;6694;14.0;Defensor
141;6719;16.0;Defensor
141;6627;6.0;Mediocampista
141;6711;8.0;Mediocampista
141;6659;10.0;Mediocampista
141;6676;18.0;Mediocampista
141;6735;19.0;Mediocampista
141;6634;20.0;Mediocampista
141;6648;7.0;Delantero
141;6699;9.0;Delantero
141;6731;11.0;Delantero
141;6616;15.0;Delantero
141;6721;17.0;Delantero
141;6693;21.0;Delantero
141;6712;23.0;Delantero
145;3655;1.0;Arquero
145;3662;18.0;Arquero
145;3647;19.0;Arquero
145;3576;2.0;Defensor
145;3591;3.0;Defensor
145;3677;4.0;Defensor
145;3604;6.0;Defensor
145;3670;7.0;Defensor
145;3588;12.0;Defensor
145;3609;13.0;Defensor
145;3695;22.0;Defensor
145;3700;23.0;Defensor
145;3692;5.0;Mediocampista
145;3619;8.0;Mediocampista
145;3707;10.0;Mediocampista
145;3694;14.0;Mediocampista
145;3610;15.0;Mediocampista
145;3585;17.0;Mediocampista
145;3625;21.0;Mediocampista
145;3657;9.0;Delantero
145;3605;11.0;Delantero
145;3737;16.0;Delantero
145;3679;20.0;Delantero
145;4057;1.0;Arquero
145;4102;16.0;Arquero
145;4088;22.0;Arquero
145;4113;2.0;Defensor
145;4090;4.0;Defensor
145;4095;5.0;Defensor
145;4106;6.0;Defensor
145;4116;7.0;Defensor
145;4097;13.0;Defensor
145;4105;15.0;Defensor
145;4109;17.0;Defensor
145;4086;21.0;Defensor
145;4083;8.0;Mediocampista
145;4075;9.0;Mediocampista
145;4068;10.0;Mediocampista
145;4098;11.0;Mediocampista
145;4053;18.0;Mediocampista
145;4054;20.0;Mediocampista
145;4082;23.0;Mediocampista
145;4084;3.0;Delantero
145;4120;12.0;Delantero
145;4066;14.0;Delantero
145;4108;19.0;Delantero
145;5002;1.0;Arquero
145;5173;12.0;Arquero
145;4965;14.0;Arquero
145;5235;2.0;Defensor
145;5095;3.0;Defensor
145;5011;5.0;Defensor
145;4983;6.0;Defensor
145;5149;13.0;Defensor
145;5237;19.0;Defensor
145;5152;22.0;Defensor
145;5129;23.0;Defensor
145;5048;4.0;Mediocampista
145;5084;8.0;Mediocampista
145;5222;10.0;Mediocampista
145;5008;16.0;Mediocampista
145;4982;17.0;Mediocampista
145;5172;20.0;Mediocampista
145;5176;21.0;Mediocampista
145;5052;7.0;Delantero
145;5220;9.0;Delantero
145;5090;11.0;Delantero
145;5099;15.0;Delantero
145;5102;18.0;Delantero
145;6785;1.0;Arquero
145;6774;16.0;Arquero
145;6831;23.0;Arquero
145;6801;2.0;Defensor
145;6858;3.0;Defensor
145;6818;6.0;Defensor
145;6821;13.0;Defensor
145;6921;21.0;Defensor
145;6898;22.0;Defensor
145;6799;4.0;Mediocampista
145;6841;5.0;Mediocampista
145;6887;8.0;Mediocampista
145;6897;10.0;Mediocampista
145;6868;11.0;Mediocampista
145;6819;14.0;Mediocampista
145;6912;17.0;Mediocampista
145;6888;19.0;Mediocampista
145;6885;20.0;Mediocampista
145;6908;7.0;Delantero
145;6834;9.0;Delantero
145;6853;12.0;Delantero
145;6768;15.0;Delantero
145;6804;18.0;Delantero
149;894;1.0;Arquero
149;826;12.0;Arquero
149;852;18.0;Arquero
149;877;2.0;Defensor
149;874;3.0;Defensor
149;881;6.0;Defensor
149;825;14.0;Defensor
149;816;16.0;Defensor
149;873;22.0;Defensor
149;822;4.0;Mediocampista
149;827;5.0;Mediocampista
149;835;7.0;Mediocampista
149;895;8.0;Mediocampista
149;860;11.0;Mediocampista
149;841;13.0;Mediocampista
149;911;20.0;Mediocampista
149;898;21.0;Mediocampista
149;820;23.0;Mediocampista
149;906;9.0;Delantero
149;855;10.0;Delantero
149;811;15.0;Delantero
149;900;17.0;Delantero
149;854;19.0;Delantero
149;1419;1.0;Arquero
149;1624;12.0;Arquero
149;1503;22.0;Arquero
149;1390;2.0;Defensor
149;1522;3.0;Defensor
149;1500;4.0;Defensor
149;1618;6.0;Defensor
149;1406;13.0;Defensor
149;1525;14.0;Defensor
149;1409;15.0;Defensor
149;1468;16.0;Defensor
149;1444;5.0;Mediocampista
149;1513;8.0;Mediocampista
149;1628;10.0;Mediocampista
149;1672;11.0;Mediocampista
149;1469;17.0;Mediocampista
149;1554;18.0;Mediocampista
149;1507;19.0;Mediocampista
149;1609;20.0;Mediocampista
149;1345;7.0;Delantero
149;1629;9.0;Delantero
149;1459;21.0;Delantero
149;1621;23.0;Delantero
149;2733;1.0;Arquero
149;2691;12.0;Arquero
149;2688;23.0;Arquero
149;2745;3.0;Defensor
149;2708;4.0;Defensor
149;2759;5.0;Defensor
149;2744;7.0;Defensor
149;2757;11.0;Defensor
149;2758;13.0;Defensor
149;2748;2.0;Mediocampista
149;2764;6.0;Mediocampista
149;2677;8.0;Mediocampista
149;2707;10.0;Mediocampista
149;2724;14.0;Mediocampista
149;2715;15.0;Mediocampista
149;2716;16.0;Mediocampista
149;2712;19.0;Mediocampista
149;2743;20.0;Mediocampista
149;2736;9.0;Delantero
149;2706;17.0;Delantero
149;2726;18.0;Delantero
149;2679;21.0;Delantero
149;2684;22.0;Delantero
149;5331;1.0;Arquero
149;5269;12.0;Arquero
149;5295;23.0;Arquero
149;5312;2.0;Defensor
149;5299;3.0;Defensor
149;5311;5.0;Defensor
149;5326;6.0;Defensor
149;5347;14.0;Defensor
149;5362;19.0;Defensor
149;5292;21.0;Defensor
149;5328;22.0;Defensor
149;5271;4.0;Mediocampista
149;5325;7.0;Mediocampista
149;5334;8.0;Mediocampista
149;5323;10.0;Mediocampista
149;5272;15.0;Mediocampista
149;5282;17.0;Mediocampista
149;5340;18.0;Mediocampista
149;5355;9.0;Delantero
149;5305;11.0;Delantero
149;5370;13.0;Delantero
149;5335;16.0;Delantero
149;5356;20.0;Delantero
153;2476;1.0;Arquero
153;2445;20.0;Arquero
153;2447;21.0;Arquero
153;2446;2.0;Defensor
153;2422;3.0;Defensor
153;2365;4.0;Defensor
153;2426;6.0;Defensor
153;2479;12.0;Defensor
153;2440;18.0;Defensor
153;2510;22.0;Defensor
153;2357;23.0;Defensor
153;2435;5.0;Mediocampista
153;2496;7.0;Mediocampista
153;2419;8.0;Mediocampista
153;2460;13.0;Mediocampista
153;2347;15.0;Mediocampista
153;2462;17.0;Mediocampista
153;2345;9.0;Delantero
153;2493;10.0;Delantero
153;2505;11.0;Delantero
153;2457;14.0;Delantero
153;2378;16.0;Delantero
153;2353;19.0;Delantero
153;3888;1.0;Arquero
153;3758;16.0;Arquero
153;3806;23.0;Arquero
153;3779;2.0;Defensor
153;3746;3.0;Defensor
153;3843;5.0;Defensor
153;3965;13.0;Defensor
153;3977;15.0;Defensor
153;3850;17.0;Defensor
153;3957;19.0;Defensor
153;3797;21.0;Defensor
153;3994;4.0;Mediocampista
153;3908;6.0;Mediocampista
153;3909;7.0;Mediocampista
153;3822;8.0;Mediocampista
153;4001;10.0;Mediocampista
153;3826;18.0;Mediocampista
153;3947;22.0;Mediocampista
153;3855;9.0;Delantero
153;3997;11.0;Delantero
153;3863;12.0;Delantero
153;3958;14.0;Delantero
153;3983;20.0;Delantero
153;8003;1.0;Arquero
153;7820;12.0;Arquero
153;7837;21.0;Arquero
153;7843;2.0;Defensor
153;7915;3.0;Defensor
153;7958;4.0;Defensor
153;7878;13.0;Defensor
153;7966;17.0;Defensor
153;7924;20.0;Defensor
153;7841;23.0;Defensor
153;7916;5.0;Mediocampista
153;7982;6.0;Mediocampista
153;7834;7.0;Mediocampista
153;7993;8.0;Mediocampista
153;7846;15.0;Mediocampista
153;7817;16.0;Mediocampista
153;7819;19.0;Mediocampista
153;7999;22.0;Mediocampista
153;7863;9.0;Delantero
153;7881;10.0;Delantero
153;7972;11.0;Delantero
153;7840;14.0;Delantero
153;7914;18.0;Delantero
153;8024;1.0;Arquero
153;8006;16.0;Arquero
153;8019;22.0;Arquero
153;8018;2.0;Defensor
153;8004;3.0;Defensor
153;8025;5.0;Defensor
153;8008;12.0;Defensor
153;8009;19.0;Defensor
153;8026;23.0;Defensor
153;8011;6.0;Mediocampista
153;8007;8.0;Mediocampista
153;8012;9.0;Mediocampista
153;8016;10.0;Mediocampista
153;8021;15.0;Mediocampista
153;8013;20.0;Mediocampista
153;8010;21.0;Mediocampista
153;8005;4.0;Delantero
153;8022;7.0;Delantero
153;8015;11.0;Delantero
153;8014;13.0;Delantero
153;8020;14.0;Delantero
153;8017;17.0;Delantero
153;8023;18.0;Delantero
157;349;1.0;Arquero
157;436;21.0;Arquero
157;426;22.0;Arquero
157;352;2.0;Defensor
157;435;3.0;Defensor
157;367;4.0;Defensor
157;370;5.0;Defensor
157;425;12.0;Defensor
157;377;13.0;Defensor
157;345;15.0;Defensor
157;347;17.0;Defensor
157;355;6.0;Mediocampista
157;410;7.0;Mediocampista
157;430;8.0;Mediocampista
157;375;10.0;Mediocampista
157;424;14.0;Mediocampista
157;414;16.0;Mediocampista
157;379;18.0;Mediocampista
157;429;19.0;Mediocampista
157;361;9.0;Delantero
157;358;11.0;Delantero
157;364;20.0;Delantero
157;359;23.0;Delantero
157;3354;1.0;Arquero
157;3348;19.0;Arquero
157;3509;23.0;Arquero
157;3522;2.0;Defensor
157;3488;3.0;Defensor
157;3450;4.0;Defensor
157;3496;5.0;Defensor
157;3440;12.0;Defensor
157;3503;15.0;Defensor
157;3424;20.0;Defensor
157;3480;22.0;Defensor
157;3313;6.0;Mediocampista
157;3565;8.0;Mediocampista
157;3511;10.0;Mediocampista
157;3411;13.0;Mediocampista
157;3319;14.0;Mediocampista
157;3451;16.0;Mediocampista
157;3418;17.0;Mediocampista
157;3379;18.0;Mediocampista
157;3504;7.0;Delantero
157;3546;9.0;Delantero
157;3391;11.0;Delantero
157;3561;21.0;Delantero
157;8076;1.0;Arquero
157;8145;16.0;Arquero
157;8117;22.0;Arquero
157;8102;3.0;Defensor
157;8160;4.0;Defensor
157;8158;6.0;Defensor
157;8107;15.0;Defensor
157;8114;18.0;Defensor
157;8052;19.0;Defensor
157;8147;21.0;Defensor
157;8141;8.0;Mediocampista
157;8098;10.0;Mediocampista
157;8139;12.0;Mediocampista
157;8074;13.0;Mediocampista
157;8081;14.0;Mediocampista
157;8144;20.0;Mediocampista
157;8134;23.0;Mediocampista
157;8094;2.0;Delantero
157;8110;5.0;Delantero
157;8100;7.0;Delantero
157;8084;9.0;Delantero
157;8149;11.0;Delantero
157;8065;17.0;Delantero
157;8222;1.0;Arquero
157;8216;12.0;Arquero
157;8223;23.0;Arquero
157;8215;2.0;Defensor
157;8211;3.0;Defensor
157;8229;5.0;Defensor
157;8219;6.0;Defensor
157;8208;13.0;Defensor
157;8226;17.0;Defensor
157;8224;22.0;Defensor
157;8225;4.0;Mediocampista
157;8220;8.0;Mediocampista
157;8209;9.0;Mediocampista
157;8217;11.0;Mediocampista
157;8210;14.0;Mediocampista
157;8214;18.0;Mediocampista
157;8212;19.0;Mediocampista
157;8218;21.0;Mediocampista
157;8221;7.0;Delantero
157;8228;10.0;Delantero
157;8213;15.0;Delantero
157;8227;16.0;Delantero
157;8207;20.0;Delantero
161;2886;1.0;Arquero
161;2834;16.0;Arquero
161;2802;22.0;Arquero
161;2821;3.0;Defensor
161;2846;4.0;Defensor
161;2819;5.0;Defensor
161;2820;6.0;Defensor
161;2829;12.0;Defensor
161;2852;13.0;Defensor
161;2796;20.0;Defensor
161;2888;2.0;Mediocampista
161;2817;7.0;Mediocampista
161;2826;14.0;Mediocampista
161;2855;15.0;Mediocampista
161;2868;17.0;Mediocampista
161;2862;23.0;Mediocampista
161;2818;8.0;Delantero
161;2889;9.0;Delantero
161;2830;10.0;Delantero
161;2876;11.0;Delantero
161;2851;18.0;Delantero
161;2874;19.0;Delantero
161;2853;21.0;Delantero
161;3942;1.0;Arquero
161;3758;16.0;Arquero
161;3806;23.0;Arquero
161;3788;2.0;Defensor
161;3900;3.0;Defensor
161;3799;5.0;Defensor
161;3820;8.0;Defensor
161;3965;13.0;Defensor
161;3977;15.0;Defensor
161;3895;18.0;Defensor
161;3957;19.0;Defensor
161;3994;4.0;Mediocampista
161;3831;6.0;Mediocampista
161;3908;7.0;Mediocampista
161;4001;10.0;Mediocampista
161;3775;14.0;Mediocampista
161;3931;17.0;Mediocampista
161;3921;22.0;Mediocampista
161;3800;9.0;Delantero
161;3997;11.0;Delantero
161;3863;12.0;Delantero
161;3983;20.0;Delantero
161;3834;21.0;Delantero
161;7294;1.0;Arquero
161;7246;16.0;Arquero
161;7240;22.0;Arquero
161;7242;2.0;Defensor
161;7254;4.0;Defensor
161;7285;5.0;Defensor
161;7238;6.0;Defensor
161;7249;13.0;Defensor
161;7241;17.0;Defensor
161;7234;21.0;Defensor
161;7291;3.0;Mediocampista
161;7257;10.0;Mediocampista
161;7258;12.0;Mediocampista
161;7283;14.0;Mediocampista
161;7247;15.0;Mediocampista
161;7253;19.0;Mediocampista
161;7284;20.0;Mediocampista
161;7282;23.0;Mediocampista
161;7235;7.0;Delantero
161;7296;8.0;Delantero
161;7236;9.0;Delantero
161;7255;11.0;Delantero
161;7295;18.0;Delantero
161;8267;1.0;Arquero
161;8368;12.0;Arquero
161;8294;23.0;Arquero
161;8355;2.0;Defensor
161;8336;3.0;Defensor
161;8360;4.0;Defensor
161;8410;6.0;Defensor
161;8435;14.0;Defensor
161;8251;19.0;Defensor
161;8308;5.0;Mediocampista
161;8326;7.0;Mediocampista
161;8455;8.0;Mediocampista
161;8375;15.0;Mediocampista
161;8415;16.0;Mediocampista
161;8287;22.0;Mediocampista
161;8429;9.0;Delantero
161;8373;10.0;Delantero
161;8342;11.0;Delantero
161;8231;13.0;Delantero
161;8401;17.0;Delantero
161;8363;18.0;Delantero
161;8399;20.0;Delantero
161;8303;21.0;Delantero
165;3300;1.0;Arquero
165;3269;12.0;Arquero
165;3289;22.0;Arquero
165;3298;2.0;Defensor
165;3288;3.0;Defensor
165;3305;4.0;Defensor
165;3274;5.0;Defensor
165;3281;6.0;Defensor
165;3264;23.0;Defensor
165;3290;7.0;Mediocampista
165;3265;8.0;Mediocampista
165;3306;10.0;Mediocampista
165;3293;11.0;Mediocampista
165;3273;14.0;Mediocampista
165;3303;15.0;Mediocampista
165;3294;17.0;Mediocampista
165;3261;18.0;Mediocampista
165;3279;19.0;Mediocampista
165;3266;20.0;Mediocampista
165;3292;9.0;Delantero
165;3297;13.0;Delantero
165;3304;16.0;Delantero
165;3268;21.0;Delantero
165;3354;1.0;Arquero
165;3512;13.0;Arquero
165;3363;23.0;Arquero
165;3366;2.0;Defensor
165;3421;3.0;Defensor
165;3496;5.0;Defensor
165;3408;6.0;Defensor
165;3518;15.0;Defensor
165;3565;19.0;Defensor
165;3469;20.0;Defensor
165;3407;4.0;Mediocampista
165;3336;8.0;Mediocampista
165;3370;11.0;Mediocampista
165;3313;14.0;Mediocampista
165;3456;16.0;Mediocampista
165;3556;17.0;Mediocampista
165;3536;18.0;Mediocampista
165;3442;21.0;Mediocampista
165;3418;22.0;Mediocampista
165;3504;7.0;Delantero
165;3466;9.0;Delantero
165;3549;10.0;Delantero
165;3444;12.0;Delantero
165;6246;1.0;Arquero
165;6338;12.0;Arquero
165;6326;22.0;Arquero
165;6205;2.0;Defensor
165;6320;3.0;Defensor
165;6264;4.0;Defensor
165;6210;5.0;Defensor
165;6263;17.0;Defensor
165;6231;18.0;Defensor
165;6317;19.0;Defensor
165;6238;21.0;Defensor
165;6325;6.0;Mediocampista
165;6203;8.0;Mediocampista
165;6194;10.0;Mediocampista
165;6302;13.0;Mediocampista
165;6267;14.0;Mediocampista
165;6224;15.0;Mediocampista
165;6294;16.0;Mediocampista
165;6212;7.0;Delantero
165;6318;9.0;Delantero
165;6235;11.0;Delantero
165;6240;20.0;Delantero
165;6249;23.0;Delantero
165;7592;1.0;Arquero
165;7536;16.0;Arquero
165;7560;20.0;Arquero
165;7581;2.0;Defensor
165;7542;3.0;Defensor
165;7569;4.0;Defensor
165;7558;5.0;Defensor
165;7550;13.0;Defensor
165;7586;19.0;Defensor
165;7572;22.0;Defensor
165;7588;6.0;Mediocampista
165;7547;7.0;Mediocampista
165;7565;8.0;Mediocampista
165;7577;9.0;Mediocampista
165;7566;10.0;Mediocampista
165;7585;11.0;Mediocampista
165;7570;12.0;Mediocampista
165;7594;15.0;Mediocampista
165;7541;18.0;Mediocampista
165;7584;21.0;Mediocampista
165;7579;14.0;Delantero
165;7563;17.0;Delantero
165;7557;23.0;Delantero
169;1539;1.0;Arquero
169;1419;12.0;Arquero
169;1624;22.0;Arquero
169;1390;2.0;Defensor
169;1522;3.0;Defensor
169;1630;4.0;Defensor
169;1437;5.0;Defensor
169;1618;6.0;Defensor
169;1375;13.0;Defensor
169;1359;14.0;Defensor
169;1509;16.0;Defensor
169;1609;7.0;Mediocampista
169;1469;8.0;Mediocampista
169;1614;10.0;Mediocampista
169;1628;11.0;Mediocampista
169;1514;15.0;Mediocampista
169;1653;18.0;Mediocampista
169;1506;19.0;Mediocampista
169;1629;9.0;Delantero
169;1416;17.0;Delantero
169;1434;20.0;Delantero
169;1529;21.0;Delantero
169;1513;23.0;Delantero
169;2173;1.0;Arquero
169;2178;22.0;Arquero
169;2183;23.0;Arquero
169;2194;2.0;Defensor
169;2192;3.0;Defensor
169;2189;4.0;Defensor
169;2175;5.0;Defensor
169;2188;7.0;Defensor
169;2180;14.0;Defensor
169;2174;17.0;Defensor
169;2190;21.0;Defensor
169;2186;6.0;Mediocampista
169;2179;8.0;Mediocampista
169;2182;9.0;Mediocampista
169;2193;11.0;Mediocampista
169;2176;13.0;Mediocampista
169;2195;15.0;Mediocampista
169;2181;18.0;Mediocampista
169;2184;19.0;Mediocampista
169;2177;10.0;Delantero
169;2187;12.0;Delantero
169;2185;16.0;Delantero
169;2191;20.0;Delantero
169;2625;1.0;Arquero
169;2635;18.0;Arquero
169;2639;23.0;Arquero
169;2603;2.0;Defensor
169;2629;3.0;Defensor
169;2674;4.0;Defensor
169;2632;5.0;Defensor
169;2651;14.0;Defensor
169;2669;15.0;Defensor
169;2595;21.0;Defensor
169;2589;22.0;Defensor
169;2627;6.0;Mediocampista
169;2660;8.0;Mediocampista
169;2591;10.0;Mediocampista
169;2666;13.0;Mediocampista
169;2599;19.0;Mediocampista
169;2607;7.0;Delantero
169;2671;9.0;Delantero
169;2612;11.0;Delantero
169;2646;12.0;Delantero
169;2584;16.0;Delantero
169;2634;17.0;Delantero
169;2661;20.0;Delantero
169;8198;1.0;Arquero
169;8173;12.0;Arquero
169;8196;23.0;Arquero
169;8166;2.0;Defensor
169;8187;3.0;Defensor
169;8164;4.0;Defensor
169;8194;5.0;Defensor
169;8195;16.0;Defensor
169;8206;20.0;Defensor
169;8172;7.0;Mediocampista
169;8185;8.0;Mediocampista
169;8168;10.0;Mediocampista
169;8182;13.0;Mediocampista
169;8181;14.0;Mediocampista
169;8197;18.0;Mediocampista
169;8177;19.0;Mediocampista
169;8169;21.0;Mediocampista
169;8176;22.0;Mediocampista
169;8178;6.0;Delantero
169;8204;9.0;Delantero
169;8201;11.0;Delantero
169;8184;15.0;Delantero
169;8189;17.0;Delantero
173;2476;1.0;Arquero
173;2417;12.0;Arquero
173;2363;23.0;Arquero
173;2400;2.0;Defensor
173;2365;4.0;Defensor
173;2443;7.0;Defensor
173;2469;15.0;Defensor
173;2392;20.0;Defensor
173;2369;3.0;Mediocampista
173;2435;5.0;Mediocampista
173;2516;6.0;Mediocampista
173;2479;10.0;Mediocampista
173;2460;13.0;Mediocampista
173;2518;17.0;Mediocampista
173;2345;19.0;Mediocampista
173;2496;21.0;Mediocampista
173;2510;22.0;Mediocampista
173;2370;8.0;Delantero
173;2505;9.0;Delantero
173;2371;11.0;Delantero
173;2457;14.0;Delantero
173;2350;16.0;Delantero
173;2398;18.0;Delantero
173;3636;1.0;Arquero
173;3662;18.0;Arquero
173;3684;19.0;Arquero
173;3650;2.0;Defensor
173;3588;3.0;Defensor
173;3677;4.0;Defensor
173;3706;6.0;Defensor
173;3575;12.0;Defensor
173;3604;14.0;Defensor
173;3671;16.0;Defensor
173;3713;22.0;Defensor
173;3700;23.0;Defensor
173;3692;5.0;Mediocampista
173;3670;7.0;Mediocampista
173;3722;8.0;Mediocampista
173;3707;10.0;Mediocampista
173;3660;13.0;Mediocampista
173;3585;17.0;Mediocampista
173;3625;21.0;Mediocampista
173;3685;9.0;Delantero
173;3678;11.0;Delantero
173;3737;15.0;Delantero
173;3679;20.0;Delantero
173;6463;1.0;Arquero
173;6531;12.0;Arquero
173;6535;22.0;Arquero
173;6504;2.0;Defensor
173;6597;3.0;Defensor
173;6595;4.0;Defensor
173;6487;6.0;Defensor
173;6478;13.0;Defensor
173;6585;15.0;Defensor
173;6440;20.0;Defensor
173;6562;5.0;Mediocampista
173;6571;7.0;Mediocampista
173;6497;10.0;Mediocampista
173;6542;16.0;Mediocampista
173;6439;17.0;Mediocampista
173;6514;18.0;Mediocampista
173;6511;21.0;Mediocampista
173;6563;23.0;Mediocampista
173;6516;8.0;Delantero
173;6513;9.0;Delantero
173;6546;11.0;Delantero
173;6594;14.0;Delantero
173;6600;19.0;Delantero
173;6742;1.0;Arquero
173;6689;15.0;Arquero
173;6718;16.0;Arquero
173;6666;2.0;Defensor
173;6602;3.0;Defensor
173;6618;4.0;Defensor
173;6645;5.0;Defensor
173;6665;13.0;Defensor
173;6650;18.0;Defensor
173;6614;22.0;Defensor
173;6724;23.0;Defensor
173;6703;6.0;Mediocampista
173;6723;10.0;Mediocampista
173;6659;12.0;Mediocampista
173;6704;14.0;Mediocampista
173;6700;17.0;Mediocampista
173;6711;20.0;Mediocampista
173;6648;7.0;Delantero
173;6663;8.0;Delantero
173;6699;9.0;Delantero
173;6726;11.0;Delantero
173;6619;19.0;Delantero
173;6693;21.0;Delantero
177;127;1.0;Arquero
177;163;12.0;Arquero
177;40;23.0;Arquero
177;167;2.0;Defensor
177;221;3.0;Defensor
177;16;4.0;Defensor
177;291;6.0;Defensor
177;131;15.0;Defensor
177;28;18.0;Defensor
177;181;21.0;Defensor
177;219;5.0;Mediocampista
177;86;8.0;Mediocampista
177;225;10.0;Mediocampista
177;13;13.0;Mediocampista
177;125;16.0;Mediocampista
177;239;19.0;Mediocampista
177;66;22.0;Mediocampista
177;198;7.0;Delantero
177;122;9.0;Delantero
177;142;11.0;Delantero
177;8;14.0;Delantero
177;27;17.0;Delantero
177;24;20.0;Delantero
177;349;1.0;Arquero
177;436;21.0;Arquero
177;415;22.0;Arquero
177;362;2.0;Defensor
177;435;3.0;Defensor
177;437;4.0;Defensor
177;418;5.0;Defensor
177;376;6.0;Defensor
177;352;12.0;Defensor
177;377;13.0;Defensor
177;409;23.0;Defensor
177;374;7.0;Mediocampista
177;430;8.0;Mediocampista
177;375;10.0;Mediocampista
177;425;14.0;Mediocampista
177;354;16.0;Mediocampista
177;373;17.0;Mediocampista
177;379;18.0;Mediocampista
177;355;19.0;Mediocampista
177;361;9.0;Delantero
177;353;11.0;Delantero
177;351;15.0;Delantero
177;381;20.0;Delantero
177;1815;1.0;Arquero
177;1914;16.0;Arquero
177;1851;22.0;Arquero
177;1918;2.0;Defensor
177;1925;3.0;Defensor
177;1913;4.0;Defensor
177;1850;5.0;Defensor
177;1892;6.0;Defensor
177;1842;8.0;Defensor
177;1875;13.0;Defensor
177;1900;20.0;Defensor
177;1857;12.0;Mediocampista
177;1833;14.0;Mediocampista
177;1804;15.0;Mediocampista
177;1841;17.0;Mediocampista
177;1854;23.0;Mediocampista
177;1885;7.0;Delantero
177;1835;9.0;Delantero
177;1873;10.0;Delantero
177;1881;11.0;Delantero
177;1915;18.0;Delantero
177;1819;19.0;Delantero
177;1848;21.0;Delantero
177;4821;1.0;Arquero
177;4833;16.0;Arquero
177;4831;23.0;Arquero
177;4820;2.0;Defensor
177;4822;3.0;Defensor
177;4817;4.0;Defensor
177;4854;5.0;Defensor
177;4811;14.0;Defensor
177;4819;15.0;Defensor
177;4830;18.0;Defensor
177;4844;20.0;Defensor
177;4828;6.0;Mediocampista
177;4837;7.0;Mediocampista
177;4823;8.0;Mediocampista
177;4835;12.0;Mediocampista
177;4813;22.0;Mediocampista
177;4818;9.0;Delantero
177;4827;10.0;Delantero
177;4834;11.0;Delantero
177;4815;13.0;Delantero
177;4848;17.0;Delantero
177;4843;19.0;Delantero
177;4849;21.0;Delantero
181;563;1.0;Arquero
181;577;12.0;Arquero
181;555;23.0;Arquero
181;533;2.0;Defensor
181;732;4.0;Defensor
181;760;6.0;Defensor
181;731;13.0;Defensor
181;580;22.0;Defensor
181;775;3.0;Mediocampista
181;520;5.0;Mediocampista
181;807;8.0;Mediocampista
181;701;10.0;Mediocampista
181;800;11.0;Mediocampista
181;772;14.0;Mediocampista
181;648;15.0;Mediocampista
181;516;16.0;Mediocampista
181;625;20.0;Mediocampista
181;663;7.0;Delantero
181;545;9.0;Delantero
181;664;17.0;Delantero
181;637;18.0;Delantero
181;589;19.0;Delantero
181;572;21.0;Delantero
181;4623;1.0;Arquero
181;4571;13.0;Arquero
181;4544;22.0;Arquero
181;4581;2.0;Defensor
181;4486;3.0;Defensor
181;4507;5.0;Defensor
181;4472;6.0;Defensor
181;4462;12.0;Defensor
181;4458;14.0;Defensor
181;4551;15.0;Defensor
181;4634;16.0;Defensor
181;4630;4.0;Mediocampista
181;4452;7.0;Mediocampista
181;4621;8.0;Mediocampista
181;4524;18.0;Mediocampista
181;4487;19.0;Mediocampista
181;4467;21.0;Mediocampista
181;4502;23.0;Mediocampista
181;4515;9.0;Delantero
181;4595;10.0;Delantero
181;4529;11.0;Delantero
181;4627;17.0;Delantero
181;4653;20.0;Delantero
181;5869;1.0;Arquero
181;5810;12.0;Arquero
181;5815;22.0;Arquero
181;5801;3.0;Defensor
181;5856;5.0;Defensor
181;5880;6.0;Defensor
181;5783;13.0;Defensor
181;5876;14.0;Defensor
181;5871;16.0;Defensor
181;5811;19.0;Defensor
181;5882;2.0;Mediocampista
181;5782;8.0;Mediocampista
181;5855;10.0;Mediocampista
181;5834;11.0;Mediocampista
181;5804;15.0;Mediocampista
181;5845;20.0;Mediocampista
181;5832;4.0;Delantero
181;5827;7.0;Delantero
181;5850;9.0;Delantero
181;5786;17.0;Delantero
181;5791;18.0;Delantero
181;5877;21.0;Delantero
181;5863;23.0;Delantero
181;7673;1.0;Arquero
181;7701;12.0;Arquero
181;7680;23.0;Arquero
181;7730;2.0;Defensor
181;7612;3.0;Defensor
181;7732;4.0;Defensor
181;7789;5.0;Defensor
181;7618;13.0;Defensor
181;7641;14.0;Defensor
181;7682;15.0;Defensor
181;7723;16.0;Defensor
181;7718;6.0;Mediocampista
181;7598;7.0;Mediocampista
181;7784;8.0;Mediocampista
181;7721;9.0;Mediocampista
181;7788;17.0;Mediocampista
181;7692;18.0;Mediocampista
181;7654;19.0;Mediocampista
181;7606;20.0;Mediocampista
181;7599;10.0;Delantero
181;7707;11.0;Delantero
181;7678;21.0;Delantero
181;7604;22.0;Delantero
185;2733;1.0;Arquero
185;2688;12.0;Arquero
185;2760;23.0;Arquero
185;2743;2.0;Defensor
185;2745;3.0;Defensor
185;2758;4.0;Defensor
185;2769;6.0;Defensor
185;2741;15.0;Defensor
185;7363;17.0;Defensor
185;2744;20.0;Defensor
185;2708;21.0;Defensor
185;2738;5.0;Mediocampista
185;2766;7.0;Mediocampista
185;7468;8.0;Mediocampista
185;2707;10.0;Mediocampista
185;2749;13.0;Mediocampista
185;2746;14.0;Mediocampista
185;2764;16.0;Mediocampista
185;7506;9.0;Delantero
185;7311;11.0;Delantero
185;2726;18.0;Delantero
185;2762;19.0;Delantero
185;2679;22.0;Delantero
185;2914;1.0;Arquero
185;2933;12.0;Arquero
185;2972;22.0;Arquero
185;2953;2.0;Defensor
185;2932;3.0;Defensor
185;2917;4.0;Defensor
185;2930;6.0;Defensor
185;2927;8.0;Defensor
185;2903;15.0;Defensor
185;2921;17.0;Defensor
185;2904;23.0;Defensor
185;2947;5.0;Mediocampista
185;2901;7.0;Mediocampista
185;2896;10.0;Mediocampista
185;2910;14.0;Mediocampista
185;2915;16.0;Mediocampista
185;2941;19.0;Mediocampista
185;2966;20.0;Mediocampista
185;2962;21.0;Mediocampista
185;2936;9.0;Delantero
185;2918;11.0;Delantero
185;2924;13.0;Delantero
185;2965;18.0;Delantero
185;5002;1.0;Arquero
185;4958;12.0;Arquero
185;5218;22.0;Arquero
185;5161;2.0;Defensor
185;5117;3.0;Defensor
185;5032;4.0;Defensor
185;5011;5.0;Defensor
185;5149;13.0;Defensor
185;5103;15.0;Defensor
185;5129;23.0;Defensor
185;5238;6.0;Mediocampista
185;5084;8.0;Mediocampista
185;5063;11.0;Mediocampista
185;5055;14.0;Mediocampista
185;5057;16.0;Mediocampista
185;5219;17.0;Mediocampista
185;5237;19.0;Mediocampista
185;5052;7.0;Delantero
185;5102;9.0;Delantero
185;5222;10.0;Delantero
185;5053;18.0;Delantero
185;5136;20.0;Delantero
185;5230;21.0;Delantero
185;5704;1.0;Arquero
185;5748;12.0;Arquero
185;5552;23.0;Arquero
185;5602;2.0;Defensor
185;5774;5.0;Defensor
185;5556;16.0;Defensor
185;5547;20.0;Defensor
185;5723;22.0;Defensor
185;5606;3.0;Mediocampista
185;5656;4.0;Mediocampista
185;5759;6.0;Mediocampista
185;5671;7.0;Mediocampista
185;5607;8.0;Mediocampista
185;5653;11.0;Mediocampista
185;5666;13.0;Mediocampista
185;5775;14.0;Mediocampista
185;5728;18.0;Mediocampista
185;5548;19.0;Mediocampista
185;5541;9.0;Delantero
185;5538;10.0;Delantero
185;5633;15.0;Delantero
185;5694;17.0;Delantero
185;5525;21.0;Delantero
189;1094;1.0;Arquero
189;1231;13.0;Arquero
189;1132;23.0;Arquero
189;1100;2.0;Defensor
189;1086;3.0;Defensor
189;1224;4.0;Defensor
189;1222;5.0;Defensor
189;1215;12.0;Defensor
189;1176;15.0;Defensor
189;1208;16.0;Defensor
189;1193;6.0;Mediocampista
189;1124;8.0;Mediocampista
189;1253;10.0;Mediocampista
189;1238;11.0;Mediocampista
189;1243;14.0;Mediocampista
189;1116;17.0;Mediocampista
189;1233;18.0;Mediocampista
189;1201;19.0;Mediocampista
189;1052;21.0;Mediocampista
189;1256;7.0;Delantero
189;1196;9.0;Delantero
189;1198;20.0;Delantero
189;1163;22.0;Delantero
189;5295;1.0;Arquero
189;5331;12.0;Arquero
189;5351;23.0;Arquero
189;5265;2.0;Defensor
189;5307;3.0;Defensor
189;5314;4.0;Defensor
189;5276;6.0;Defensor
189;5326;16.0;Defensor
189;5311;17.0;Defensor
189;5282;5.0;Mediocampista
189;5325;7.0;Mediocampista
189;5316;8.0;Mediocampista
189;5347;14.0;Mediocampista
189;5272;15.0;Mediocampista
189;5340;18.0;Mediocampista
189;5334;19.0;Mediocampista
189;5319;20.0;Mediocampista
189;5360;21.0;Mediocampista
189;5280;22.0;Mediocampista
189;5333;9.0;Delantero
189;5327;10.0;Delantero
189;5354;11.0;Delantero
189;5370;13.0;Delantero
189;7165;1.0;Arquero
189;7073;12.0;Arquero
189;7094;23.0;Arquero
189;7132;2.0;Defensor
189;7166;3.0;Defensor
189;7169;7.0;Defensor
189;7079;13.0;Defensor
189;7078;14.0;Defensor
189;7193;18.0;Defensor
189;7202;4.0;Mediocampista
189;7205;5.0;Mediocampista
189;7192;6.0;Mediocampista
189;7115;8.0;Mediocampista
189;7211;9.0;Mediocampista
189;7162;10.0;Mediocampista
189;7049;15.0;Mediocampista
189;7189;17.0;Mediocampista
189;7111;20.0;Mediocampista
189;7123;21.0;Mediocampista
189;7060;11.0;Delantero
189;7117;16.0;Delantero
189;7172;19.0;Delantero
189;7208;22.0;Delantero
189;8076;1.0;Arquero
189;8056;16.0;Arquero
189;8108;22.0;Arquero
189;8053;2.0;Defensor
189;8137;4.0;Defensor
189;8158;6.0;Defensor
189;8077;12.0;Defensor
189;8130;14.0;Defensor
189;8107;15.0;Defensor
189;8157;17.0;Defensor
189;8138;19.0;Defensor
189;8086;23.0;Defensor
189;8073;3.0;Mediocampista
189;8095;8.0;Mediocampista
189;8098;10.0;Mediocampista
189;8074;13.0;Mediocampista
189;8071;18.0;Mediocampista
189;8133;21.0;Mediocampista
189;8110;5.0;Delantero
189;8136;7.0;Delantero
189;8113;9.0;Delantero
189;8092;11.0;Delantero
189;8161;20.0;Delantero
193;1641;1.0;Arquero
193;1395;12.0;Arquero
193;1419;22.0;Arquero
193;1390;2.0;Defensor
193;1348;3.0;Defensor
193;1510;4.0;Defensor
193;1618;6.0;Defensor
193;1474;14.0;Defensor
193;1360;15.0;Defensor
193;1403;5.0;Mediocampista
193;1472;7.0;Mediocampista
193;1430;8.0;Mediocampista
193;1614;10.0;Mediocampista
193;1444;11.0;Mediocampista
193;1669;13.0;Mediocampista
193;1672;16.0;Mediocampista
193;1428;17.0;Mediocampista
193;1518;18.0;Mediocampista
193;1416;19.0;Mediocampista
193;1629;9.0;Delantero
193;1374;20.0;Delantero
193;1438;21.0;Delantero
193;3180;1.0;Arquero
193;3229;12.0;Arquero
193;3152;21.0;Arquero
193;3203;2.0;Defensor
193;3111;3.0;Defensor
193;3120;4.0;Defensor
193;3163;5.0;Defensor
193;3199;6.0;Defensor
193;3233;16.0;Defensor
193;3139;18.0;Defensor
193;3234;19.0;Defensor
193;3132;22.0;Defensor
193;3117;8.0;Mediocampista
193;3124;11.0;Mediocampista
193;3177;14.0;Mediocampista
193;3148;15.0;Mediocampista
193;3198;17.0;Mediocampista
193;3146;7.0;Delantero
193;3138;9.0;Delantero
193;3168;10.0;Delantero
193;3137;13.0;Delantero
193;3110;20.0;Delantero
193;5445;1.0;Arquero
193;5414;12.0;Arquero
193;5446;22.0;Arquero
193;5498;2.0;Defensor
193;5451;3.0;Defensor
193;5497;4.0;Defensor
193;5509;5.0;Defensor
193;5489;6.0;Defensor
193;5490;13.0;Defensor
193;5397;15.0;Defensor
193;5454;20.0;Defensor
193;5450;7.0;Mediocampista
193;5431;8.0;Mediocampista
193;5408;16.0;Mediocampista
193;5405;17.0;Mediocampista
193;5432;18.0;Mediocampista
193;5503;19.0;Mediocampista
193;5465;9.0;Delantero
193;5491;10.0;Delantero
193;5456;11.0;Delantero
193;5411;14.0;Delantero
193;5496;21.0;Delantero
193;5901;1.0;Arquero
193;5923;12.0;Arquero
193;5887;13.0;Arquero
193;5903;2.0;Defensor
193;5916;3.0;Defensor
193;5888;4.0;Defensor
193;5889;5.0;Defensor
193;5894;15.0;Defensor
193;5907;19.0;Defensor
193;5932;6.0;Mediocampista
193;5924;7.0;Mediocampista
193;5920;8.0;Mediocampista
193;5928;10.0;Mediocampista
193;5912;11.0;Mediocampista
193;5930;21.0;Mediocampista
193;5935;22.0;Mediocampista
193;5899;9.0;Delantero
193;5905;14.0;Delantero
193;5898;16.0;Delantero
193;5897;17.0;Delantero
193;5927;18.0;Delantero
193;5933;20.0;Delantero
197;970;1.0;Arquero
197;1037;16.0;Arquero
197;962;21.0;Arquero
197;1013;3.0;Defensor
197;991;4.0;Defensor
197;932;5.0;Defensor
197;965;6.0;Defensor
197;951;12.0;Defensor
197;1014;2.0;Mediocampista
197;992;8.0;Mediocampista
197;949;10.0;Mediocampista
197;916;11.0;Mediocampista
197;926;13.0;Mediocampista
197;1036;15.0;Mediocampista
197;980;17.0;Mediocampista
197;1019;18.0;Mediocampista
197;948;20.0;Mediocampista
197;977;22.0;Mediocampista
197;938;7.0;Delantero
197;1029;9.0;Delantero
197;1002;14.0;Delantero
197;996;19.0;Delantero
197;1914;1.0;Arquero
197;1805;16.0;Arquero
197;1815;22.0;Arquero
197;1925;3.0;Defensor
197;1913;4.0;Defensor
197;1850;5.0;Defensor
197;1892;6.0;Defensor
197;1857;12.0;Defensor
197;1800;13.0;Defensor
197;1909;17.0;Defensor
197;1827;2.0;Mediocampista
197;1806;8.0;Mediocampista
197;1911;14.0;Mediocampista
197;1885;15.0;Mediocampista
197;1861;19.0;Mediocampista
197;1900;20.0;Mediocampista
197;1902;7.0;Delantero
197;1917;9.0;Delantero
197;1873;10.0;Delantero
197;1835;11.0;Delantero
197;1846;18.0;Delantero
197;1848;21.0;Delantero
197;2146;1.0;Arquero
197;2115;12.0;Arquero
197;2147;22.0;Arquero
197;2025;2.0;Defensor
197;2056;3.0;Defensor
197;2128;4.0;Defensor
197;2080;5.0;Defensor
197;2119;6.0;Defensor
197;2116;14.0;Defensor
197;2168;15.0;Defensor
197;2012;16.0;Defensor
197;2105;7.0;Mediocampista
197;2003;8.0;Mediocampista
197;2140;10.0;Mediocampista
197;2162;17.0;Mediocampista
197;2091;18.0;Mediocampista
197;2032;19.0;Mediocampista
197;2045;20.0;Mediocampista
197;2172;9.0;Delantero
197;2135;11.0;Delantero
197;2095;13.0;Delantero
197;2014;21.0;Delantero
197;5218;1.0;Arquero
197;5157;12.0;Arquero
197;5002;22.0;Arquero
197;4987;2.0;Defensor
197;5117;3.0;Defensor
197;5011;4.0;Defensor
197;5040;5.0;Defensor
197;5149;6.0;Defensor
197;5174;7.0;Defensor
197;5221;8.0;Defensor
197;4959;9.0;Mediocampista
197;4975;11.0;Mediocampista
197;5033;13.0;Mediocampista
197;5055;14.0;Mediocampista
197;5057;15.0;Mediocampista
197;5058;16.0;Mediocampista
197;5141;17.0;Mediocampista
197;5052;10.0;Delantero
197;4976;18.0;Delantero
197;5102;19.0;Delantero
197;5029;20.0;Delantero
197;5230;21.0;Delantero
201;349;1.0;Arquero
201;372;21.0;Arquero
201;343;22.0;Arquero
201;362;2.0;Defensor
201;365;3.0;Defensor
201;437;4.0;Defensor
201;427;5.0;Defensor
201;377;13.0;Defensor
201;352;17.0;Defensor
201;363;19.0;Defensor
201;411;6.0;Mediocampista
201;374;7.0;Mediocampista
201;357;12.0;Mediocampista
201;368;14.0;Mediocampista
201;354;16.0;Mediocampista
201;379;18.0;Mediocampista
201;432;20.0;Mediocampista
201;353;8.0;Delantero
201;361;9.0;Delantero
201;369;10.0;Delantero
201;366;11.0;Delantero
201;380;15.0;Delantero
201;2879;1.0;Arquero
201;2838;16.0;Arquero
201;2834;22.0;Arquero
201;2877;2.0;Defensor
201;2873;3.0;Defensor
201;2822;4.0;Defensor
201;2819;5.0;Defensor
201;2820;6.0;Defensor
201;2803;12.0;Defensor
201;2845;13.0;Defensor
201;2821;20.0;Defensor
201;2861;7.0;Mediocampista
201;2814;8.0;Mediocampista
201;2844;10.0;Mediocampista
201;2892;14.0;Mediocampista
201;2888;15.0;Mediocampista
201;2816;17.0;Mediocampista
201;2830;21.0;Mediocampista
201;2858;9.0;Delantero
201;2843;11.0;Delantero
201;2857;18.0;Delantero
201;2876;19.0;Delantero
201;3887;1.0;Arquero
201;3758;16.0;Arquero
201;3795;22.0;Arquero
201;3788;2.0;Defensor
201;3900;3.0;Defensor
201;3774;5.0;Defensor
201;3820;8.0;Defensor
201;3977;15.0;Defensor
201;3895;18.0;Defensor
201;3994;4.0;Mediocampista
201;3831;6.0;Mediocampista
201;3821;7.0;Mediocampista
201;4001;10.0;Mediocampista
201;3935;11.0;Mediocampista
201;3828;13.0;Mediocampista
201;3775;14.0;Mediocampista
201;3931;17.0;Mediocampista
201;3875;19.0;Mediocampista
201;3860;9.0;Delantero
201;3863;12.0;Delantero
201;3983;20.0;Delantero
201;3834;21.0;Delantero
201;7592;1.0;Arquero
201;7538;16.0;Arquero
201;7545;22.0;Arquero
201;7549;23.0;Arquero
201;7567;2.0;Defensor
201;7580;3.0;Defensor
201;7551;4.0;Defensor
201;7546;5.0;Defensor
201;7586;19.0;Defensor
201;7550;21.0;Defensor
201;7547;7.0;Mediocampista
201;7583;8.0;Mediocampista
201;7575;10.0;Mediocampista
201;7564;11.0;Mediocampista
201;7537;12.0;Mediocampista
201;7541;13.0;Mediocampista
201;7555;15.0;Mediocampista
201;7574;18.0;Mediocampista
201;7571;20.0;Mediocampista
201;7562;6.0;Delantero
201;7539;9.0;Delantero
201;7589;14.0;Delantero
201;7563;17.0;Delantero
205;1796;1.0;Arquero
205;1747;12.0;Arquero
205;1727;2.0;Defensor
205;1722;3.0;Defensor
205;1763;4.0;Defensor
205;1710;13.0;Defensor
205;1793;15.0;Defensor
205;1725;21.0;Defensor
205;1790;5.0;Mediocampista
205;1788;6.0;Mediocampista
205;1690;10.0;Mediocampista
205;1717;11.0;Mediocampista
205;1715;14.0;Mediocampista
205;1753;16.0;Mediocampista
205;1775;17.0;Mediocampista
205;1692;18.0;Mediocampista
205;1689;19.0;Mediocampista
205;1764;22.0;Mediocampista
205;1733;7.0;Delantero
205;1774;8.0;Delantero
205;1762;9.0;Delantero
205;1720;20.0;Delantero
205;3571;1.0;Arquero
205;3348;13.0;Arquero
205;3461;22.0;Arquero
205;3383;2.0;Defensor
205;3324;3.0;Defensor
205;3317;4.0;Defensor
205;3307;5.0;Defensor
205;3408;6.0;Defensor
205;3535;12.0;Defensor
205;3415;14.0;Defensor
205;3311;15.0;Defensor
205;3469;20.0;Defensor
205;3404;8.0;Mediocampista
205;3356;16.0;Mediocampista
205;3321;18.0;Mediocampista
205;3442;21.0;Mediocampista
205;3466;7.0;Delantero
205;3493;9.0;Delantero
205;3504;10.0;Delantero
205;3316;11.0;Delantero
205;3377;17.0;Delantero
205;3428;19.0;Delantero
205;5867;1.0;Arquero
205;5858;12.0;Arquero
205;5803;22.0;Arquero
205;5864;2.0;Defensor
205;5801;3.0;Defensor
205;5854;5.0;Defensor
205;5880;6.0;Defensor
205;5853;16.0;Defensor
205;5808;17.0;Defensor
205;5829;19.0;Defensor
205;5821;7.0;Mediocampista
205;5782;8.0;Mediocampista
205;5855;10.0;Mediocampista
205;5834;11.0;Mediocampista
205;5860;15.0;Mediocampista
205;5865;18.0;Mediocampista
205;5857;21.0;Mediocampista
205;5832;4.0;Delantero
205;5881;9.0;Delantero
205;5799;13.0;Delantero
205;5794;14.0;Delantero
205;5828;20.0;Delantero
205;6246;1.0;Arquero
205;6192;12.0;Arquero
205;6316;22.0;Arquero
205;6205;2.0;Defensor
205;6308;3.0;Defensor
205;6264;4.0;Defensor
205;6210;5.0;Defensor
205;6320;11.0;Defensor
205;6312;14.0;Defensor
205;6238;20.0;Defensor
205;6197;6.0;Mediocampista
205;6194;10.0;Mediocampista
205;6302;13.0;Mediocampista
205;6257;16.0;Mediocampista
205;6292;19.0;Mediocampista
205;6339;7.0;Delantero
205;6311;8.0;Delantero
205;6240;9.0;Delantero
205;6218;15.0;Delantero
205;6225;17.0;Delantero
205;6306;18.0;Delantero
205;6235;21.0;Delantero
209;1096;1.0;Arquero
209;1228;12.0;Arquero
209;1241;13.0;Arquero
209;1081;2.0;Defensor
209;1197;3.0;Defensor
209;1250;4.0;Defensor
209;1053;5.0;Defensor
209;1076;15.0;Defensor
209;1086;16.0;Defensor
209;1245;17.0;Defensor
209;1224;19.0;Defensor
209;1100;22.0;Defensor
209;1213;6.0;Mediocampista
209;1256;7.0;Mediocampista
209;1222;11.0;Mediocampista
209;1189;14.0;Mediocampista
209;1238;18.0;Mediocampista
209;1052;21.0;Mediocampista
209;1168;8.0;Delantero
209;1163;9.0;Delantero
209;1166;10.0;Delantero
209;1162;20.0;Delantero
209;2417;1.0;Arquero
209;2503;22.0;Arquero
209;2468;3.0;Defensor
209;2372;4.0;Defensor
209;2469;5.0;Defensor
209;2516;6.0;Defensor
209;2470;12.0;Defensor
209;2443;13.0;Defensor
209;2402;16.0;Defensor
209;2381;19.0;Defensor
209;2392;20.0;Defensor
209;2369;2.0;Mediocampista
209;2421;7.0;Mediocampista
209;2486;8.0;Mediocampista
209;2451;14.0;Mediocampista
209;2472;15.0;Mediocampista
209;2385;17.0;Mediocampista
209;2420;9.0;Delantero
209;2371;10.0;Delantero
209;2504;11.0;Delantero
209;2398;18.0;Delantero
209;2459;21.0;Delantero
209;5552;1.0;Arquero
209;5748;12.0;Arquero
209;5704;22.0;Arquero
209;5755;2.0;Defensor
209;5746;3.0;Defensor
209;5579;5.0;Defensor
209;5695;13.0;Defensor
209;5758;16.0;Defensor
209;5556;18.0;Defensor
209;5775;4.0;Mediocampista
209;5536;6.0;Mediocampista
209;5714;7.0;Mediocampista
209;5607;8.0;Mediocampista
209;5643;14.0;Mediocampista
209;5653;19.0;Mediocampista
209;5688;20.0;Mediocampista
209;5696;9.0;Delantero
209;5605;10.0;Delantero
209;5538;11.0;Delantero
209;5633;15.0;Delantero
209;5694;17.0;Delantero
209;5525;21.0;Delantero
209;6129;1.0;Arquero
209;6011;18.0;Arquero
209;6041;22.0;Arquero
209;6093;2.0;Defensor
209;6110;3.0;Defensor
209;6007;4.0;Defensor
209;6081;5.0;Defensor
209;6082;13.0;Defensor
209;5994;15.0;Defensor
209;6052;6.0;Mediocampista
209;6009;7.0;Mediocampista
209;6105;10.0;Mediocampista
209;6004;11.0;Mediocampista
209;6168;12.0;Mediocampista
209;6006;16.0;Mediocampista
209;6125;19.0;Mediocampista
209;6164;20.0;Mediocampista
209;5989;8.0;Delantero
209;6056;9.0;Delantero
209;6085;14.0;Delantero
209;6138;17.0;Delantero
209;6039;21.0;Delantero
213;145;1.0;Arquero
213;127;12.0;Arquero
213;163;22.0;Arquero
213;287;2.0;Defensor
213;93;3.0;Defensor
213;146;4.0;Defensor
213;95;5.0;Defensor
213;267;6.0;Defensor
213;11;14.0;Defensor
213;224;19.0;Defensor
213;185;7.0;Mediocampista
213;178;8.0;Mediocampista
213;83;10.0;Mediocampista
213;125;13.0;Mediocampista
213;64;15.0;Mediocampista
213;86;16.0;Mediocampista
213;291;17.0;Mediocampista
213;264;21.0;Mediocampista
213;137;9.0;Delantero
213;177;11.0;Delantero
213;140;18.0;Delantero
213;24;20.0;Delantero
213;3636;1.0;Arquero
213;3717;16.0;Arquero
213;3662;18.0;Arquero
213;3700;3.0;Defensor
213;3599;4.0;Defensor
213;3626;5.0;Defensor
213;3706;6.0;Defensor
213;3575;12.0;Defensor
213;3583;17.0;Defensor
213;3667;22.0;Defensor
213;3650;2.0;Mediocampista
213;3734;7.0;Mediocampista
213;3722;8.0;Mediocampista
213;3703;10.0;Mediocampista
213;3660;13.0;Mediocampista
213;3702;14.0;Mediocampista
213;3617;15.0;Mediocampista
213;3675;19.0;Mediocampista
213;3707;21.0;Mediocampista
213;3685;9.0;Delantero
213;3741;11.0;Delantero
213;3679;20.0;Delantero
213;4678;1.0;Arquero
213;4753;12.0;Arquero
213;4694;22.0;Arquero
213;4772;3.0;Defensor
213;4734;4.0;Defensor
213;4764;5.0;Defensor
213;4700;8.0;Defensor
213;4761;15.0;Defensor
213;4785;17.0;Defensor
213;4763;20.0;Defensor
213;4742;2.0;Mediocampista
213;4687;6.0;Mediocampista
213;4744;7.0;Mediocampista
213;4704;9.0;Mediocampista
213;4736;14.0;Mediocampista
213;4776;16.0;Mediocampista
213;4717;18.0;Mediocampista
213;4696;10.0;Delantero
213;4685;11.0;Delantero
213;4740;13.0;Delantero
213;4775;19.0;Delantero
213;4746;21.0;Delantero
213;7390;1.0;Arquero
213;7399;12.0;Arquero
213;7427;2.0;Defensor
213;7326;3.0;Defensor
213;7327;5.0;Defensor
213;7313;6.0;Defensor
213;7416;11.0;Defensor
213;7383;13.0;Defensor
213;7481;14.0;Defensor
213;7368;4.0;Mediocampista
213;7374;7.0;Mediocampista
213;7482;8.0;Mediocampista
213;7502;10.0;Mediocampista
213;7333;15.0;Mediocampista
213;7464;16.0;Mediocampista
213;7344;18.0;Mediocampista
213;7498;19.0;Mediocampista
213;7495;20.0;Mediocampista
213;7417;9.0;Delantero
213;7423;17.0;Delantero
213;7444;21.0;Delantero
213;7386;22.0;Delantero
217;2219;1.0;Arquero
217;2213;12.0;Arquero
217;2257;22.0;Arquero
217;2218;2.0;Defensor
217;2264;3.0;Defensor
217;2283;4.0;Defensor
217;2209;5.0;Defensor
217;2212;13.0;Defensor
217;2258;16.0;Defensor
217;2284;6.0;Mediocampista
217;2251;8.0;Mediocampista
217;2289;10.0;Mediocampista
217;2210;14.0;Mediocampista
217;2228;17.0;Mediocampista
217;2269;18.0;Mediocampista
217;2278;19.0;Mediocampista
217;2223;7.0;Delantero
217;2291;9.0;Delantero
217;2206;11.0;Delantero
217;2204;15.0;Delantero
217;2277;20.0;Delantero
217;2272;21.0;Delantero
217;4623;1.0;Arquero
217;4571;13.0;Arquero
217;4510;22.0;Arquero
217;4472;2.0;Defensor
217;4558;3.0;Defensor
217;4430;5.0;Defensor
217;4634;6.0;Defensor
217;4590;12.0;Defensor
217;4551;18.0;Defensor
217;4507;21.0;Defensor
217;4542;4.0;Mediocampista
217;4452;7.0;Mediocampista
217;4449;8.0;Mediocampista
217;4577;11.0;Mediocampista
217;4435;14.0;Mediocampista
217;4579;15.0;Mediocampista
217;4621;16.0;Mediocampista
217;4560;17.0;Mediocampista
217;4626;9.0;Delantero
217;4627;10.0;Delantero
217;4506;19.0;Delantero
217;4595;20.0;Delantero
217;7034;1.0;Arquero
217;7036;12.0;Arquero
217;7016;22.0;Arquero
217;7009;2.0;Defensor
217;6967;3.0;Defensor
217;6964;4.0;Defensor
217;7012;6.0;Defensor
217;6950;13.0;Defensor
217;6973;18.0;Defensor
217;7029;20.0;Defensor
217;6974;5.0;Mediocampista
217;6999;8.0;Mediocampista
217;6977;10.0;Mediocampista
217;7003;14.0;Mediocampista
217;6992;15.0;Mediocampista
217;7011;16.0;Mediocampista
217;7033;19.0;Mediocampista
217;6984;7.0;Delantero
217;6996;9.0;Delantero
217;6978;11.0;Delantero
217;6969;17.0;Delantero
217;6954;21.0;Delantero
217;8091;1.0;Arquero
217;8148;16.0;Arquero
217;8076;22.0;Arquero
217;8159;3.0;Defensor
217;8075;4.0;Defensor
217;8158;5.0;Defensor
217;8085;6.0;Defensor
217;8157;7.0;Defensor
217;8086;17.0;Defensor
217;8106;20.0;Defensor
217;8053;21.0;Defensor
217;8073;8.0;Mediocampista
217;8098;10.0;Mediocampista
217;8074;13.0;Mediocampista
217;8083;14.0;Mediocampista
217;8154;15.0;Mediocampista
217;8057;19.0;Mediocampista
217;8068;2.0;Delantero
217;8113;9.0;Delantero
217;8092;11.0;Delantero
217;8133;12.0;Delantero
217;8067;18.0;Delantero
221;741;1.0;Arquero
221;563;12.0;Arquero
221;577;17.0;Arquero
221;533;2.0;Defensor
221;580;3.0;Defensor
221;730;4.0;Defensor
221;769;6.0;Defensor
221;719;13.0;Defensor
221;802;14.0;Defensor
221;807;22.0;Defensor
221;520;5.0;Mediocampista
221;772;8.0;Mediocampista
221;800;11.0;Mediocampista
221;530;15.0;Mediocampista
221;549;16.0;Mediocampista
221;625;20.0;Mediocampista
221;663;7.0;Delantero
221;545;9.0;Delantero
221;701;10.0;Delantero
221;536;18.0;Delantero
221;589;19.0;Delantero
221;596;21.0;Delantero
221;2714;1.0;Arquero
221;2725;12.0;Arquero
221;2760;22.0;Arquero
221;2751;4.0;Defensor
221;2703;5.0;Defensor
221;2681;6.0;Defensor
221;2746;14.0;Defensor
221;2759;15.0;Defensor
221;2721;18.0;Defensor
221;2744;20.0;Defensor
221;2743;3.0;Mediocampista
221;2676;7.0;Mediocampista
221;7468;8.0;Mediocampista
221;2682;10.0;Mediocampista
221;2723;11.0;Mediocampista
221;2749;13.0;Mediocampista
221;7363;17.0;Mediocampista
221;2702;21.0;Mediocampista
221;2713;2.0;Delantero
221;7506;9.0;Delantero
221;2710;16.0;Delantero
221;2762;19.0;Delantero
221;5242;1.0;Arquero
221;5254;13.0;Arquero
221;5258;14.0;Arquero
221;5256;2.0;Defensor
221;5248;4.0;Defensor
221;5252;5.0;Defensor
221;5259;12.0;Defensor
221;5250;15.0;Defensor
221;5261;19.0;Defensor
221;5244;21.0;Defensor
221;5247;3.0;Mediocampista
221;5260;6.0;Mediocampista
221;5246;7.0;Mediocampista
221;5262;11.0;Mediocampista
221;5249;16.0;Mediocampista
221;5257;20.0;Mediocampista
221;5251;8.0;Delantero
221;5263;9.0;Delantero
221;5243;10.0;Delantero
221;5255;17.0;Delantero
221;5245;18.0;Delantero
221;5253;22.0;Delantero
221;5298;1.0;Arquero
221;5295;20.0;Arquero
221;5331;21.0;Arquero
221;5330;2.0;Defensor
221;5352;3.0;Defensor
221;5281;4.0;Defensor
221;5339;5.0;Defensor
221;5276;13.0;Defensor
221;5344;16.0;Defensor
221;5265;17.0;Defensor
221;5324;19.0;Defensor
221;5368;6.0;Mediocampista
221;5288;7.0;Mediocampista
221;5325;8.0;Mediocampista
221;5329;10.0;Mediocampista
221;5340;11.0;Mediocampista
221;5316;15.0;Mediocampista
221;5278;22.0;Mediocampista
221;5327;9.0;Delantero
221;5302;12.0;Delantero
221;5336;14.0;Delantero
221;5290;18.0;Delantero
225;2219;1.0;Arquero
225;2257;12.0;Arquero
225;2266;22.0;Arquero
225;2226;2.0;Defensor
225;2254;3.0;Defensor
225;2242;4.0;Defensor
225;2262;13.0;Defensor
225;2267;15.0;Defensor
225;2220;18.0;Defensor
225;2271;20.0;Defensor
225;2233;5.0;Mediocampista
225;2234;6.0;Mediocampista
225;2251;8.0;Mediocampista
225;2289;10.0;Mediocampista
225;2198;14.0;Mediocampista
225;2284;17.0;Mediocampista
225;2278;19.0;Mediocampista
225;2223;7.0;Delantero
225;2292;9.0;Delantero
225;2291;11.0;Delantero
225;2204;16.0;Delantero
225;2206;21.0;Delantero
225;3684;1.0;Arquero
225;3717;12.0;Arquero
225;3636;18.0;Arquero
225;3668;2.0;Defensor
225;3599;3.0;Defensor
225;3665;4.0;Defensor
225;3626;5.0;Defensor
225;3583;17.0;Defensor
225;3600;20.0;Defensor
225;3607;21.0;Defensor
225;3667;22.0;Defensor
225;3649;6.0;Mediocampista
225;3698;7.0;Mediocampista
225;3703;9.0;Mediocampista
225;3660;13.0;Mediocampista
225;3718;16.0;Mediocampista
225;3707;19.0;Mediocampista
225;3722;8.0;Delantero
225;3734;10.0;Delantero
225;3741;11.0;Delantero
225;3664;14.0;Delantero
225;3685;15.0;Delantero
225;7016;1.0;Arquero
225;7036;12.0;Arquero
225;7014;22.0;Arquero
225;7009;2.0;Defensor
225;7015;3.0;Defensor
225;6941;4.0;Defensor
225;7012;6.0;Defensor
225;7029;13.0;Defensor
225;6994;14.0;Defensor
225;7006;19.0;Defensor
225;6989;5.0;Mediocampista
225;6999;7.0;Mediocampista
225;6948;8.0;Mediocampista
225;6977;10.0;Mediocampista
225;7005;15.0;Mediocampista
225;6974;18.0;Mediocampista
225;7033;20.0;Mediocampista
225;7019;9.0;Delantero
225;6969;11.0;Delantero
225;7041;16.0;Delantero
225;6996;17.0;Delantero
225;6979;21.0;Delantero
225;7935;1.0;Arquero
225;7907;12.0;Arquero
225;7829;22.0;Arquero
225;7886;2.0;Defensor
225;7941;3.0;Defensor
225;7883;4.0;Defensor
225;7873;5.0;Defensor
225;7849;13.0;Defensor
225;7950;18.0;Defensor
225;7974;19.0;Defensor
225;7827;6.0;Mediocampista
225;7976;7.0;Mediocampista
225;7929;8.0;Mediocampista
225;7959;10.0;Mediocampista
225;7822;16.0;Mediocampista
225;7862;17.0;Mediocampista
225;7977;20.0;Mediocampista
225;7997;21.0;Mediocampista
225;7900;9.0;Delantero
225;7836;11.0;Delantero
225;7975;14.0;Delantero
225;7876;15.0;Delantero
229;1641;1.0;Arquero
229;1675;12.0;Arquero
229;1471;22.0;Arquero
229;1497;2.0;Defensor
229;1611;3.0;Defensor
229;1627;4.0;Defensor
229;1382;6.0;Defensor
229;1348;13.0;Defensor
229;1390;14.0;Defensor
229;1537;15.0;Defensor
229;1548;5.0;Mediocampista
229;1430;8.0;Mediocampista
229;1678;9.0;Mediocampista
229;1600;10.0;Mediocampista
229;1518;16.0;Mediocampista
229;1550;17.0;Mediocampista
229;1374;7.0;Delantero
229;1625;11.0;Delantero
229;1586;18.0;Delantero
229;1560;19.0;Delantero
229;1629;20.0;Delantero
229;1659;21.0;Delantero
229;1813;1.0;Arquero
229;1893;21.0;Arquero
229;1914;22.0;Arquero
229;1913;3.0;Defensor
229;1826;4.0;Defensor
229;1882;5.0;Defensor
229;1850;13.0;Defensor
229;1916;14.0;Defensor
229;1803;15.0;Defensor
229;1853;2.0;Mediocampista
229;1858;6.0;Mediocampista
229;1874;8.0;Mediocampista
229;1876;10.0;Mediocampista
229;1860;11.0;Mediocampista
229;1859;12.0;Mediocampista
229;1841;17.0;Mediocampista
229;1840;18.0;Mediocampista
229;1902;7.0;Delantero
229;1877;9.0;Delantero
229;1917;16.0;Delantero
229;1829;19.0;Delantero
229;1879;20.0;Delantero
229;7073;1.0;Arquero
229;7119;16.0;Arquero
229;7139;2.0;Defensor
229;7103;3.0;Defensor
229;7097;4.0;Defensor
229;7166;5.0;Defensor
229;7209;6.0;Defensor
229;7210;12.0;Defensor
229;7169;18.0;Defensor
229;7121;21.0;Defensor
229;7171;7.0;Mediocampista
229;7175;8.0;Mediocampista
229;7115;10.0;Mediocampista
229;7064;13.0;Mediocampista
229;7130;14.0;Mediocampista
229;7214;17.0;Mediocampista
229;7162;19.0;Mediocampista
229;7143;20.0;Mediocampista
229;7185;9.0;Delantero
229;7060;11.0;Delantero
229;7179;15.0;Delantero
229;7226;22.0;Delantero
229;7763;1.0;Arquero
229;7650;12.0;Arquero
229;7673;22.0;Arquero
229;7740;2.0;Defensor
229;7612;3.0;Defensor
229;7629;4.0;Defensor
229;7720;5.0;Defensor
229;7739;13.0;Defensor
229;7697;14.0;Defensor
229;7723;15.0;Defensor
229;7772;6.0;Mediocampista
229;7679;8.0;Mediocampista
229;7793;9.0;Mediocampista
229;7713;16.0;Mediocampista
229;7764;17.0;Mediocampista
229;7731;18.0;Mediocampista
229;7630;21.0;Mediocampista
229;7707;7.0;Delantero
229;7638;10.0;Delantero
229;7633;11.0;Delantero
229;7609;19.0;Delantero
229;7653;20.0;Delantero
233;118;1.0;Arquero
233;145;12.0;Arquero
233;127;22.0;Arquero
233;32;3.0;Defensor
233;146;4.0;Defensor
233;95;5.0;Defensor
233;37;6.0;Defensor
233;23;14.0;Defensor
233;276;17.0;Defensor
233;259;2.0;Mediocampista
233;185;7.0;Mediocampista
233;83;8.0;Mediocampista
233;178;10.0;Mediocampista
233;69;15.0;Mediocampista
233;232;16.0;Mediocampista
233;53;20.0;Mediocampista
233;14;21.0;Mediocampista
233;226;9.0;Delantero
233;157;11.0;Delantero
233;272;13.0;Delantero
233;140;18.0;Delantero
233;137;19.0;Delantero
233;1313;1.0;Arquero
233;1304;12.0;Arquero
233;1312;19.0;Arquero
233;1296;2.0;Defensor
233;1309;3.0;Defensor
233;1303;4.0;Defensor
233;1298;5.0;Defensor
233;1311;13.0;Defensor
233;1276;16.0;Defensor
233;1308;17.0;Defensor
233;1267;6.0;Mediocampista
233;1297;7.0;Mediocampista
233;1289;8.0;Mediocampista
233;1278;10.0;Mediocampista
233;1300;14.0;Mediocampista
233;1310;15.0;Mediocampista
233;1274;20.0;Mediocampista
233;1307;21.0;Mediocampista
233;1265;22.0;Mediocampista
233;1295;9.0;Delantero
233;1292;11.0;Delantero
233;1299;18.0;Delantero
233;2364;1.0;Arquero
233;2494;21.0;Arquero
233;2476;22.0;Arquero
233;2376;2.0;Defensor
233;2464;3.0;Defensor
233;2436;4.0;Defensor
233;2499;5.0;Defensor
233;2506;7.0;Defensor
233;2372;12.0;Defensor
233;2346;13.0;Defensor
233;2392;20.0;Defensor
233;2478;6.0;Mediocampista
233;2486;8.0;Mediocampista
233;2430;9.0;Mediocampista
233;2450;10.0;Mediocampista
233;2362;14.0;Mediocampista
233;2354;15.0;Mediocampista
233;2385;16.0;Mediocampista
233;2383;17.0;Mediocampista
233;2367;19.0;Mediocampista
233;2504;11.0;Delantero
233;2398;18.0;Delantero
233;3571;1.0;Arquero
233;3348;13.0;Arquero
233;3439;22.0;Arquero
233;3383;2.0;Defensor
233;3479;3.0;Defensor
233;3345;4.0;Defensor
233;3307;5.0;Defensor
233;3408;6.0;Defensor
233;3535;12.0;Defensor
233;3563;17.0;Defensor
233;3317;18.0;Defensor
233;3469;20.0;Defensor
233;3395;7.0;Mediocampista
233;3404;8.0;Mediocampista
233;3403;9.0;Mediocampista
233;3334;10.0;Mediocampista
233;3346;15.0;Mediocampista
233;3460;16.0;Mediocampista
233;3442;21.0;Mediocampista
233;3338;11.0;Delantero
233;3420;14.0;Delantero
233;3426;19.0;Delantero
237;639;1.0;Arquero
237;652;12.0;Arquero
237;768;22.0;Arquero
237;799;2.0;Defensor
237;580;3.0;Defensor
237;769;4.0;Defensor
237;754;6.0;Defensor
237;566;13.0;Defensor
237;556;15.0;Defensor
237;603;16.0;Defensor
237;739;5.0;Mediocampista
237;543;8.0;Mediocampista
237;671;10.0;Mediocampista
237;772;14.0;Mediocampista
237;723;18.0;Mediocampista
237;744;20.0;Mediocampista
237;670;21.0;Mediocampista
237;572;7.0;Delantero
237;545;9.0;Delantero
237;679;11.0;Delantero
237;701;17.0;Delantero
237;536;19.0;Delantero
237;1747;1.0;Arquero
237;1756;12.0;Arquero
237;1739;2.0;Defensor
237;1722;3.0;Defensor
237;1777;4.0;Defensor
237;1714;5.0;Defensor
237;1718;15.0;Defensor
237;1726;16.0;Defensor
237;1788;6.0;Mediocampista
237;1741;9.0;Mediocampista
237;1692;11.0;Mediocampista
237;1790;13.0;Mediocampista
237;1707;14.0;Mediocampista
237;1708;19.0;Mediocampista
237;1690;20.0;Mediocampista
237;1733;7.0;Delantero
237;1774;8.0;Delantero
237;1771;10.0;Delantero
237;1748;17.0;Delantero
237;1684;18.0;Delantero
237;1792;21.0;Delantero
237;1685;22.0;Delantero
237;4159;1.0;Arquero
237;4146;15.0;Arquero
237;4130;20.0;Arquero
237;4129;2.0;Defensor
237;4150;3.0;Defensor
237;4157;4.0;Defensor
237;4140;5.0;Defensor
237;4143;13.0;Defensor
237;4145;18.0;Defensor
237;4127;22.0;Defensor
237;4178;6.0;Mediocampista
237;4164;8.0;Mediocampista
237;4161;10.0;Mediocampista
237;4179;11.0;Mediocampista
237;4158;12.0;Mediocampista
237;4138;17.0;Mediocampista
237;4149;19.0;Mediocampista
237;4172;7.0;Delantero
237;4153;9.0;Delantero
237;4134;14.0;Delantero
237;4128;16.0;Delantero
237;4126;21.0;Delantero
237;5867;1.0;Arquero
237;5787;16.0;Arquero
237;5785;22.0;Arquero
237;5808;2.0;Defensor
237;5829;3.0;Defensor
237;5833;4.0;Defensor
237;5854;5.0;Defensor
237;5840;6.0;Defensor
237;5819;13.0;Defensor
237;5813;19.0;Defensor
237;5853;20.0;Defensor
237;5859;8.0;Mediocampista
237;5855;10.0;Mediocampista
237;5795;11.0;Mediocampista
237;5860;15.0;Mediocampista
237;5782;21.0;Mediocampista
237;5821;7.0;Delantero
237;5881;9.0;Delantero
237;5870;12.0;Delantero
237;5794;14.0;Delantero
237;5828;17.0;Delantero
237;5812;18.0;Delantero
241;4810;1.0;Arquero
241;4831;22.0;Arquero
241;4826;2.0;Defensor
241;4847;3.0;Defensor
241;4841;4.0;Defensor
241;4839;5.0;Defensor
241;4854;11.0;Defensor
241;4830;12.0;Defensor
241;4832;13.0;Defensor
241;4809;14.0;Defensor
241;4828;6.0;Mediocampista
241;4855;7.0;Mediocampista
241;4824;8.0;Mediocampista
241;4851;10.0;Mediocampista
241;4838;17.0;Mediocampista
241;4856;18.0;Mediocampista
241;4840;19.0;Mediocampista
241;4837;21.0;Mediocampista
241;4808;9.0;Delantero
241;4816;15.0;Delantero
241;4814;16.0;Delantero
241;4829;20.0;Delantero
241;5157;1.0;Arquero
241;5120;12.0;Arquero
241;5001;22.0;Arquero
241;4972;2.0;Defensor
241;4985;3.0;Defensor
241;5040;4.0;Defensor
241;5117;5.0;Defensor
241;4979;6.0;Defensor
241;5135;7.0;Defensor
241;5146;8.0;Defensor
241;5216;9.0;Defensor
241;4959;11.0;Mediocampista
241;4975;13.0;Mediocampista
241;4988;14.0;Mediocampista
241;5037;15.0;Mediocampista
241;5061;16.0;Mediocampista
241;5065;17.0;Mediocampista
241;5241;21.0;Mediocampista
241;4976;10.0;Delantero
241;5018;18.0;Delantero
241;5128;19.0;Delantero
241;5208;20.0;Delantero
241;5552;1.0;Arquero
241;5593;12.0;Arquero
241;5565;22.0;Arquero
241;5755;2.0;Defensor
241;5713;3.0;Defensor
241;5520;4.0;Defensor
241;5714;5.0;Defensor
241;5742;18.0;Defensor
241;5623;21.0;Defensor
241;5536;6.0;Mediocampista
241;5607;8.0;Mediocampista
241;5566;13.0;Mediocampista
241;5584;14.0;Mediocampista
241;5590;15.0;Mediocampista
241;5603;17.0;Mediocampista
241;5729;20.0;Mediocampista
241;5626;7.0;Delantero
241;5745;9.0;Delantero
241;5605;10.0;Delantero
241;5777;11.0;Delantero
241;5763;16.0;Delantero
241;5743;19.0;Delantero
241;5936;1.0;Arquero
241;5901;12.0;Arquero
241;5929;13.0;Arquero
241;5903;2.0;Defensor
241;5915;3.0;Defensor
241;5891;4.0;Defensor
241;5889;5.0;Defensor
241;5925;14.0;Defensor
241;5921;15.0;Defensor
241;5894;17.0;Defensor
241;5902;18.0;Defensor
241;5888;20.0;Defensor
241;5924;7.0;Mediocampista
241;5920;8.0;Mediocampista
241;5928;10.0;Mediocampista
241;5935;19.0;Mediocampista
241;5890;22.0;Mediocampista
241;5898;6.0;Delantero
241;5896;9.0;Delantero
241;5912;11.0;Delantero
241;5934;16.0;Delantero
241;5931;21.0;Delantero
245;349;1.0;Arquero
245;372;21.0;Arquero
245;360;22.0;Arquero
245;350;2.0;Defensor
245;365;3.0;Defensor
245;437;4.0;Defensor
245;427;5.0;Defensor
245;340;13.0;Defensor
245;348;15.0;Defensor
245;378;17.0;Defensor
245;411;6.0;Mediocampista
245;346;8.0;Mediocampista
245;368;14.0;Mediocampista
245;422;16.0;Mediocampista
245;344;18.0;Mediocampista
245;432;19.0;Mediocampista
245;356;7.0;Delantero
245;342;9.0;Delantero
245;369;10.0;Delantero
245;366;11.0;Delantero
245;361;12.0;Delantero
245;417;20.0;Delantero
245;1183;1.0;Arquero
245;1096;12.0;Arquero
245;1241;20.0;Arquero
245;1150;2.0;Defensor
245;1053;3.0;Defensor
245;1042;4.0;Defensor
245;1195;5.0;Defensor
245;1126;13.0;Defensor
245;1098;14.0;Defensor
245;1115;15.0;Defensor
245;1224;19.0;Defensor
245;1186;22.0;Defensor
245;1197;6.0;Mediocampista
245;1213;7.0;Mediocampista
245;1189;10.0;Mediocampista
245;1052;16.0;Mediocampista
245;1256;18.0;Mediocampista
245;1216;21.0;Mediocampista
245;1166;8.0;Delantero
245;1090;9.0;Delantero
245;1083;11.0;Delantero
245;1254;17.0;Delantero
245;5407;1.0;Arquero
245;5438;12.0;Arquero
245;5441;22.0;Arquero
245;5395;2.0;Defensor
245;5451;3.0;Defensor
245;5454;4.0;Defensor
245;5509;5.0;Defensor
245;5489;6.0;Defensor
245;5484;14.0;Defensor
245;5490;18.0;Defensor
245;5450;7.0;Mediocampista
245;5408;8.0;Mediocampista
245;5448;10.0;Mediocampista
245;5436;11.0;Mediocampista
245;5443;15.0;Mediocampista
245;5426;19.0;Mediocampista
245;5475;20.0;Mediocampista
245;5429;9.0;Delantero
245;5409;13.0;Delantero
245;5488;16.0;Delantero
245;5480;17.0;Delantero
245;5504;21.0;Delantero
245;6011;1.0;Arquero
245;6129;13.0;Arquero
245;6109;22.0;Arquero
245;6007;2.0;Defensor
245;6058;4.0;Defensor
245;6135;14.0;Defensor
245;5993;15.0;Defensor
245;6081;16.0;Defensor
245;6119;18.0;Defensor
245;6022;21.0;Defensor
245;6096;3.0;Mediocampista
245;6166;5.0;Mediocampista
245;6167;6.0;Mediocampista
245;6052;8.0;Mediocampista
245;6009;9.0;Mediocampista
245;6164;20.0;Mediocampista
245;6085;7.0;Delantero
245;5989;10.0;Delantero
245;6099;11.0;Delantero
245;5997;12.0;Delantero
245;6114;17.0;Delantero
245;6149;19.0;Delantero
249;978;1.0;Arquero
249;970;21.0;Arquero
249;969;22.0;Arquero
249;915;2.0;Defensor
249;987;3.0;Defensor
249;991;4.0;Defensor
249;1013;5.0;Defensor
249;1006;7.0;Defensor
249;917;8.0;Defensor
249;1023;18.0;Defensor
249;1040;6.0;Mediocampista
249;979;10.0;Mediocampista
249;955;11.0;Mediocampista
249;921;12.0;Mediocampista
249;1003;16.0;Mediocampista
249;937;19.0;Mediocampista
249;949;20.0;Mediocampista
249;996;9.0;Delantero
249;986;13.0;Delantero
249;1005;14.0;Delantero
249;961;15.0;Delantero
249;992;17.0;Delantero
249;6914;1.0;Arquero
249;6863;21.0;Arquero
249;6876;22.0;Arquero
249;6772;2.0;Defensor
249;6827;3.0;Defensor
249;6833;5.0;Defensor
249;6916;6.0;Defensor
249;6773;7.0;Defensor
249;6796;12.0;Defensor
249;6830;15.0;Defensor
249;6803;4.0;Mediocampista
249;6788;8.0;Mediocampista
249;6848;9.0;Mediocampista
249;6866;11.0;Mediocampista
249;6871;13.0;Mediocampista
249;6929;14.0;Mediocampista
249;6815;16.0;Mediocampista
249;6872;20.0;Mediocampista
249;6909;10.0;Delantero
249;6832;17.0;Delantero
249;6855;18.0;Delantero
249;6800;19.0;Delantero
249;3684;1.0;Arquero
249;3662;18.0;Arquero
249;3729;22.0;Arquero
249;3727;2.0;Defensor
249;3628;3.0;Defensor
249;3584;4.0;Defensor
249;3735;5.0;Defensor
249;3666;12.0;Defensor
249;3580;15.0;Defensor
249;3583;17.0;Defensor
249;3600;20.0;Defensor
249;3649;6.0;Mediocampista
249;3703;7.0;Mediocampista
249;3590;8.0;Mediocampista
249;3723;14.0;Mediocampista
249;3651;19.0;Mediocampista
249;3612;21.0;Mediocampista
249;3724;9.0;Delantero
249;3731;10.0;Delantero
249;3741;11.0;Delantero
249;3630;13.0;Delantero
249;3689;16.0;Delantero
249;5239;1.0;Arquero
249;5213;12.0;Arquero
249;5157;22.0;Arquero
249;4979;2.0;Defensor
249;4987;3.0;Defensor
249;5046;4.0;Defensor
249;5069;5.0;Defensor
249;5074;6.0;Defensor
249;5117;7.0;Defensor
249;5229;8.0;Defensor
249;4967;9.0;Mediocampista
249;4988;10.0;Mediocampista
249;5047;11.0;Mediocampista
249;5089;13.0;Mediocampista
249;5125;14.0;Mediocampista
249;5061;17.0;Mediocampista
249;4976;15.0;Delantero
249;5016;16.0;Delantero
249;5118;18.0;Delantero
249;5201;19.0;Delantero
249;5207;20.0;Delantero
249;5228;21.0;Delantero
253;736;1.0;Arquero
253;586;1.0;Arquero
253;639;12.0;Arquero
253;571;22.0;Arquero
253;546;5.0;Defensor
253;611;11.0;Defensor
253;667;13.0;Defensor
253;689;15.0;Defensor
253;769;17.0;Defensor
253;770;18.0;Defensor
253;754;19.0;Defensor
253;773;20.0;Defensor
253;544;2.0;Mediocampista
253;543;4.0;Mediocampista
253;567;6.0;Mediocampista
253;564;7.0;Mediocampista
253;671;10.0;Mediocampista
253;633;14.0;Mediocampista
253;695;16.0;Mediocampista
253;789;21.0;Mediocampista
253;536;3.0;Delantero
253;572;8.0;Delantero
253;601;9.0;Delantero
253;1813;1.0;Arquero
253;1893;16.0;Arquero
253;1914;22.0;Arquero
253;1905;3.0;Defensor
253;1866;4.0;Defensor
253;1824;5.0;Defensor
253;1855;6.0;Defensor
253;1927;12.0;Defensor
253;1916;14.0;Defensor
253;1882;17.0;Defensor
253;1853;2.0;Mediocampista
253;1874;8.0;Mediocampista
253;1876;10.0;Mediocampista
253;1908;13.0;Mediocampista
253;1858;15.0;Mediocampista
253;1839;19.0;Mediocampista
253;1860;21.0;Mediocampista
253;1902;7.0;Delantero
253;1877;9.0;Delantero
253;1825;11.0;Delantero
253;1821;18.0;Delantero
253;1862;20.0;Delantero
253;6988;1.0;Arquero
253;7036;12.0;Arquero
253;6986;22.0;Arquero
253;7022;2.0;Defensor
253;6981;3.0;Defensor
253;6936;4.0;Defensor
253;7024;5.0;Defensor
253;7010;13.0;Defensor
253;7027;19.0;Defensor
253;7012;6.0;Mediocampista
253;7025;8.0;Mediocampista
253;6977;10.0;Mediocampista
253;6991;11.0;Mediocampista
253;6993;15.0;Mediocampista
253;7000;20.0;Mediocampista
253;6989;21.0;Mediocampista
253;6984;7.0;Delantero
253;6947;9.0;Delantero
253;7019;14.0;Delantero
253;7039;16.0;Delantero
253;6969;17.0;Delantero
253;6937;18.0;Delantero
253;7082;1.0;Arquero
253;7072;16.0;Arquero
253;7215;22.0;Arquero
253;7061;2.0;Defensor
253;7120;3.0;Defensor
253;7140;4.0;Defensor
253;7083;5.0;Defensor
253;7213;13.0;Defensor
253;7231;17.0;Defensor
253;7095;19.0;Defensor
253;7103;20.0;Defensor
253;7180;6.0;Mediocampista
253;7048;7.0;Mediocampista
253;7144;8.0;Mediocampista
253;7227;9.0;Mediocampista
253;7219;15.0;Mediocampista
253;7195;18.0;Mediocampista
253;7066;21.0;Mediocampista
253;7177;10.0;Delantero
253;7085;11.0;Delantero
253;7064;12.0;Delantero
253;7145;14.0;Delantero
257;1641;1.0;Arquero
257;1340;12.0;Arquero
257;1668;22.0;Arquero
257;1497;2.0;Defensor
257;1610;3.0;Defensor
257;1382;6.0;Defensor
257;1559;13.0;Defensor
257;1348;14.0;Defensor
257;1611;19.0;Defensor
257;1546;21.0;Defensor
257;1430;4.0;Mediocampista
257;1349;5.0;Mediocampista
257;1381;7.0;Mediocampista
257;1651;8.0;Mediocampista
257;1636;10.0;Mediocampista
257;1550;18.0;Mediocampista
257;1392;9.0;Delantero
257;1625;11.0;Delantero
257;1560;15.0;Delantero
257;1374;16.0;Delantero
257;1607;17.0;Delantero
257;1647;20.0;Delantero
257;2597;1.0;Arquero
257;2577;21.0;Arquero
257;2656;22.0;Arquero
257;2649;2.0;Defensor
257;2605;3.0;Defensor
257;2615;4.0;Defensor
257;2644;5.0;Defensor
257;2594;6.0;Defensor
257;2630;15.0;Defensor
257;2624;18.0;Defensor
257;2637;20.0;Defensor
257;2593;8.0;Mediocampista
257;2617;9.0;Mediocampista
257;2650;10.0;Mediocampista
257;2611;12.0;Mediocampista
257;2601;13.0;Mediocampista
257;2628;19.0;Mediocampista
257;2634;7.0;Delantero
257;2623;11.0;Delantero
257;2590;14.0;Delantero
257;2622;16.0;Delantero
257;2640;17.0;Delantero
257;3180;1.0;Arquero
257;3150;12.0;Arquero
257;3154;22.0;Arquero
257;3200;2.0;Defensor
257;3151;4.0;Defensor
257;3186;6.0;Defensor
257;3149;11.0;Defensor
257;3181;15.0;Defensor
257;3197;17.0;Defensor
257;3204;19.0;Defensor
257;3100;3.0;Mediocampista
257;3206;5.0;Mediocampista
257;3106;8.0;Mediocampista
257;3201;10.0;Mediocampista
257;3192;16.0;Mediocampista
257;3124;18.0;Mediocampista
257;3190;20.0;Mediocampista
257;3170;7.0;Delantero
257;3193;9.0;Delantero
257;3138;13.0;Delantero
257;3196;14.0;Delantero
257;3143;21.0;Delantero
257;7617;1.0;Arquero
257;7650;12.0;Arquero
257;7763;22.0;Arquero
257;7649;2.0;Defensor
257;7677;3.0;Defensor
257;7709;4.0;Defensor
257;7720;5.0;Defensor
257;7740;6.0;Defensor
257;7749;7.0;Defensor
257;7772;8.0;Defensor
257;7647;9.0;Mediocampista
257;7679;10.0;Mediocampista
257;7685;11.0;Mediocampista
257;7713;13.0;Mediocampista
257;7737;14.0;Mediocampista
257;7781;15.0;Mediocampista
257;7793;16.0;Mediocampista
257;7662;19.0;Mediocampista
257;7633;17.0;Delantero
257;7645;18.0;Delantero
257;7726;20.0;Delantero
257;7761;21.0;Delantero
261;118;1.0;Arquero
261;10;12.0;Arquero
261;145;22.0;Arquero
261;224;2.0;Defensor
261;32;3.0;Defensor
261;146;4.0;Defensor
261;9;5.0;Defensor
261;37;6.0;Defensor
261;23;14.0;Defensor
261;252;16.0;Defensor
261;212;19.0;Defensor
261;168;7.0;Mediocampista
261;83;8.0;Mediocampista
261;178;10.0;Mediocampista
261;19;15.0;Mediocampista
261;185;17.0;Mediocampista
261;267;20.0;Mediocampista
261;99;21.0;Mediocampista
261;272;9.0;Delantero
261;183;11.0;Delantero
261;226;13.0;Delantero
261;140;18.0;Delantero
261;2243;1.0;Arquero
261;2261;12.0;Arquero
261;2226;2.0;Defensor
261;2235;3.0;Defensor
261;2242;4.0;Defensor
261;2294;5.0;Defensor
261;2244;13.0;Defensor
261;2267;15.0;Defensor
261;2216;17.0;Defensor
261;2254;21.0;Defensor
261;2270;6.0;Mediocampista
261;2234;8.0;Mediocampista
261;2289;10.0;Mediocampista
261;2276;11.0;Mediocampista
261;2198;14.0;Mediocampista
261;2212;18.0;Mediocampista
261;2230;20.0;Mediocampista
261;2229;7.0;Delantero
261;2239;9.0;Delantero
261;2246;16.0;Delantero
261;2278;19.0;Delantero
261;2241;22.0;Delantero
261;3079;1.0;Arquero
261;3094;17.0;Arquero
261;3080;22.0;Arquero
261;3090;2.0;Defensor
261;3093;4.0;Defensor
261;3078;6.0;Defensor
261;3088;15.0;Defensor
261;3092;16.0;Defensor
261;3083;19.0;Defensor
261;3097;20.0;Defensor
261;3081;21.0;Defensor
261;3089;3.0;Mediocampista
261;3096;5.0;Mediocampista
261;3091;8.0;Mediocampista
261;3086;13.0;Mediocampista
261;3095;14.0;Mediocampista
261;3084;18.0;Mediocampista
261;3085;7.0;Delantero
261;3077;9.0;Delantero
261;3082;10.0;Delantero
261;3098;11.0;Delantero
261;3087;12.0;Delantero
261;7360;1.0;Arquero
261;7445;12.0;Arquero
261;7399;22.0;Arquero
261;7496;2.0;Defensor
261;7492;3.0;Defensor
261;7528;4.0;Defensor
261;7349;5.0;Defensor
261;7373;6.0;Defensor
261;7379;13.0;Defensor
261;7363;17.0;Defensor
261;7304;18.0;Defensor
261;7447;21.0;Defensor
261;7314;7.0;Mediocampista
261;7508;8.0;Mediocampista
261;7502;10.0;Mediocampista
261;7468;15.0;Mediocampista
261;7479;16.0;Mediocampista
261;7448;9.0;Delantero
261;7524;11.0;Delantero
261;7311;14.0;Delantero
261;7482;19.0;Delantero
261;7506;20.0;Delantero
265;1183;1.0;Arquero
265;1051;12.0;Arquero
265;1096;20.0;Arquero
265;1121;2.0;Defensor
265;1042;3.0;Defensor
265;1077;4.0;Defensor
265;1104;7.0;Defensor
265;1126;13.0;Defensor
265;1092;15.0;Defensor
265;1098;16.0;Defensor
265;1181;17.0;Defensor
265;1248;22.0;Defensor
265;1244;5.0;Mediocampista
265;1115;6.0;Mediocampista
265;1213;8.0;Mediocampista
265;1189;10.0;Mediocampista
265;1197;18.0;Mediocampista
265;1090;9.0;Delantero
265;1070;11.0;Delantero
265;1074;14.0;Delantero
265;1218;19.0;Delantero
265;1256;21.0;Delantero
265;2437;1.0;Arquero
265;2403;19.0;Arquero
265;2364;21.0;Arquero
265;2501;2.0;Defensor
265;2366;3.0;Defensor
265;2517;4.0;Defensor
265;2380;5.0;Defensor
265;2377;13.0;Defensor
265;2356;15.0;Defensor
265;2383;17.0;Defensor
265;2392;20.0;Defensor
265;2487;7.0;Mediocampista
265;2375;8.0;Mediocampista
265;2394;9.0;Mediocampista
265;2472;10.0;Mediocampista
265;2461;12.0;Mediocampista
265;2430;16.0;Mediocampista
265;2478;22.0;Mediocampista
265;2475;6.0;Delantero
265;2348;11.0;Delantero
265;2368;14.0;Delantero
265;2398;18.0;Delantero
265;3571;1.0;Arquero
265;3308;13.0;Arquero
265;3474;22.0;Arquero
265;3359;2.0;Defensor
265;3416;3.0;Defensor
265;3322;4.0;Defensor
265;3527;5.0;Defensor
265;3499;8.0;Defensor
265;3317;12.0;Defensor
265;3401;14.0;Defensor
265;3408;17.0;Defensor
265;3453;6.0;Mediocampista
265;3382;10.0;Mediocampista
265;3562;11.0;Mediocampista
265;3515;15.0;Mediocampista
265;3334;16.0;Mediocampista
265;3501;18.0;Mediocampista
265;3457;21.0;Mediocampista
265;3483;7.0;Delantero
265;3342;9.0;Delantero
265;3426;19.0;Delantero
265;3446;20.0;Delantero
265;8236;1.0;Arquero
265;8386;12.0;Arquero
265;8464;22.0;Arquero
265;8327;2.0;Defensor
265;8286;3.0;Defensor
265;8329;4.0;Defensor
265;8291;6.0;Defensor
265;8402;13.0;Defensor
265;8394;14.0;Defensor
265;8383;5.0;Mediocampista
265;8377;8.0;Mediocampista
265;8305;9.0;Mediocampista
265;8381;10.0;Mediocampista
265;8277;15.0;Mediocampista
265;8248;16.0;Mediocampista
265;8388;20.0;Mediocampista
265;8271;21.0;Mediocampista
265;8237;7.0;Delantero
265;8437;11.0;Delantero
265;8347;17.0;Delantero
265;8233;18.0;Delantero
265;8301;19.0;Delantero
269;3025;1.0;Arquero
269;3028;21.0;Arquero
269;2982;22.0;Arquero
269;2998;2.0;Defensor
269;3033;3.0;Defensor
269;3018;4.0;Defensor
269;3004;6.0;Defensor
269;3032;5.0;Mediocampista
269;3034;7.0;Mediocampista
269;2976;8.0;Mediocampista
269;2974;10.0;Mediocampista
269;3027;11.0;Mediocampista
269;2977;12.0;Mediocampista
269;3009;14.0;Mediocampista
269;2980;15.0;Mediocampista
269;3029;16.0;Mediocampista
269;3014;18.0;Mediocampista
269;2997;9.0;Delantero
269;3017;13.0;Delantero
269;3023;17.0;Delantero
269;2975;19.0;Delantero
269;2983;20.0;Delantero
269;4628;1.0;Arquero
269;4671;13.0;Arquero
269;4451;22.0;Arquero
269;4640;2.0;Defensor
269;4601;3.0;Defensor
269;4656;5.0;Defensor
269;4465;6.0;Defensor
269;4599;12.0;Defensor
269;4673;14.0;Defensor
269;4499;15.0;Defensor
269;4660;4.0;Mediocampista
269;4616;7.0;Mediocampista
269;4654;8.0;Mediocampista
269;4447;11.0;Mediocampista
269;4576;16.0;Mediocampista
269;4605;17.0;Mediocampista
269;4532;18.0;Mediocampista
269;4518;19.0;Mediocampista
269;4639;20.0;Mediocampista
269;4450;9.0;Delantero
269;4562;10.0;Delantero
269;4463;21.0;Delantero
269;4810;1.0;Arquero
269;4846;22.0;Arquero
269;4842;2.0;Defensor
269;4854;3.0;Defensor
269;4836;4.0;Defensor
269;4841;5.0;Defensor
269;4839;7.0;Defensor
269;4845;12.0;Defensor
269;4825;14.0;Defensor
269;4856;6.0;Mediocampista
269;4824;8.0;Mediocampista
269;4850;11.0;Mediocampista
269;4855;13.0;Mediocampista
269;4851;16.0;Mediocampista
269;4840;21.0;Mediocampista
269;4808;9.0;Delantero
269;4814;10.0;Delantero
269;4852;15.0;Delantero
269;4848;17.0;Delantero
269;4853;18.0;Delantero
269;4829;19.0;Delantero
269;4812;20.0;Delantero
269;6124;1.0;Arquero
269;6042;16.0;Arquero
269;6074;22.0;Arquero
269;6121;2.0;Defensor
269;6058;4.0;Defensor
269;6148;5.0;Defensor
269;6100;13.0;Defensor
269;6030;18.0;Defensor
269;5993;21.0;Defensor
269;6096;3.0;Mediocampista
269;6167;6.0;Mediocampista
269;6057;7.0;Mediocampista
269;6150;8.0;Mediocampista
269;6036;10.0;Mediocampista
269;6165;11.0;Mediocampista
269;6120;14.0;Mediocampista
269;6164;20.0;Mediocampista
269;6122;9.0;Delantero
269;6054;12.0;Delantero
269;6099;15.0;Delantero
269;6034;17.0;Delantero
269;6141;19.0;Delantero
273;652;15.0;Arquero
273;736;18.0;Arquero
273;808;22.0;Arquero
273;561;5.0;Defensor
273;714;6.0;Defensor
273;584;8.0;Defensor
273;592;9.0;Defensor
273;631;13.0;Defensor
273;695;16.0;Defensor
273;754;19.0;Defensor
273;544;2.0;Mediocampista
273;552;3.0;Mediocampista
273;557;4.0;Mediocampista
273;564;7.0;Mediocampista
273;671;10.0;Mediocampista
273;608;12.0;Mediocampista
273;633;14.0;Mediocampista
273;782;20.0;Mediocampista
273;788;21.0;Mediocampista
273;521;1.0;Delantero
273;794;11.0;Delantero
273;713;17.0;Delantero
273;1747;1.0;Arquero
273;1778;22.0;Arquero
273;1687;3.0;Defensor
273;1765;4.0;Defensor
273;1699;5.0;Defensor
273;1795;12.0;Defensor
273;1743;13.0;Defensor
273;1704;21.0;Defensor
273;1771;2.0;Mediocampista
273;1799;6.0;Mediocampista
273;1768;8.0;Mediocampista
273;1712;10.0;Mediocampista
273;1709;11.0;Mediocampista
273;1744;14.0;Mediocampista
273;1789;15.0;Mediocampista
273;1730;17.0;Mediocampista
273;1760;19.0;Mediocampista
273;1719;7.0;Delantero
273;1751;9.0;Delantero
273;1703;16.0;Delantero
273;1781;18.0;Delantero
273;1734;20.0;Delantero
273;2351;1.0;Arquero
273;2490;21.0;Arquero
273;2501;2.0;Defensor
273;2377;3.0;Defensor
273;2380;5.0;Defensor
273;2438;12.0;Defensor
273;2356;14.0;Defensor
273;2515;15.0;Defensor
273;2355;4.0;Mediocampista
273;2359;8.0;Mediocampista
273;2368;9.0;Mediocampista
273;2487;13.0;Mediocampista
273;2393;17.0;Mediocampista
273;2439;18.0;Mediocampista
273;2348;19.0;Mediocampista
273;2475;6.0;Delantero
273;2429;7.0;Delantero
273;2492;10.0;Delantero
273;2349;11.0;Delantero
273;2430;16.0;Delantero
273;2448;20.0;Delantero
273;2413;22.0;Delantero
273;5083;1.0;Arquero
273;5214;12.0;Arquero
273;5239;22.0;Arquero
273;4987;2.0;Defensor
273;5006;3.0;Defensor
273;5035;4.0;Defensor
273;5147;5.0;Defensor
273;5202;6.0;Defensor
273;5224;7.0;Defensor
273;5229;8.0;Defensor
273;4967;9.0;Mediocampista
273;4977;10.0;Mediocampista
273;4980;11.0;Mediocampista
273;5047;13.0;Mediocampista
273;5056;14.0;Mediocampista
273;5215;15.0;Mediocampista
273;5038;16.0;Delantero
273;5228;17.0;Delantero
273;4963;18.0;Delantero
273;5081;19.0;Delantero
273;5195;20.0;Delantero
273;5207;21.0;Delantero
277;1178;1.0;Arquero
277;1164;12.0;Arquero
277;1051;20.0;Arquero
277;1121;2.0;Defensor
277;1213;3.0;Defensor
277;1098;4.0;Defensor
277;1187;5.0;Defensor
277;1126;13.0;Defensor
277;1077;14.0;Defensor
277;1061;19.0;Defensor
277;1104;21.0;Defensor
277;1248;22.0;Defensor
277;1237;6.0;Mediocampista
277;1232;7.0;Mediocampista
277;1189;8.0;Mediocampista
277;1070;11.0;Mediocampista
277;1214;15.0;Mediocampista
277;1161;17.0;Mediocampista
277;1230;9.0;Delantero
277;1106;10.0;Delantero
277;1074;16.0;Delantero
277;1249;18.0;Delantero
277;4790;1.0;Arquero
277;4794;20.0;Arquero
277;4795;21.0;Arquero
277;4793;2.0;Defensor
277;4797;3.0;Defensor
277;4806;4.0;Defensor
277;4807;5.0;Defensor
277;4796;13.0;Defensor
277;4791;15.0;Defensor
277;4801;17.0;Defensor
277;4787;22.0;Defensor
277;4792;6.0;Mediocampista
277;4799;7.0;Mediocampista
277;4788;12.0;Mediocampista
277;4789;14.0;Mediocampista
277;4798;16.0;Mediocampista
277;4800;18.0;Mediocampista
277;4802;19.0;Mediocampista
277;4803;8.0;Delantero
277;4804;9.0;Delantero
277;4805;10.0;Delantero
277;4786;11.0;Delantero
277;5644;1.0;Arquero
277;5727;12.0;Arquero
277;5625;20.0;Arquero
277;5762;2.0;Defensor
277;5712;3.0;Defensor
277;5655;4.0;Defensor
277;5575;14.0;Defensor
277;5751;17.0;Defensor
277;5519;18.0;Defensor
277;5581;6.0;Mediocampista
277;5589;7.0;Mediocampista
277;5586;8.0;Mediocampista
277;5543;10.0;Mediocampista
277;5676;16.0;Mediocampista
277;5689;21.0;Mediocampista
277;5683;22.0;Mediocampista
277;5576;5.0;Delantero
277;5745;9.0;Delantero
277;5626;11.0;Delantero
277;5514;13.0;Delantero
277;5597;15.0;Delantero
277;5631;19.0;Delantero
277;6259;1.0;Arquero
277;6216;12.0;Arquero
277;6248;22.0;Arquero
277;6328;2.0;Defensor
277;6340;3.0;Defensor
277;6321;4.0;Defensor
277;6251;5.0;Defensor
277;6233;13.0;Defensor
277;6226;14.0;Defensor
277;6229;15.0;Defensor
277;6297;6.0;Mediocampista
277;6260;7.0;Mediocampista
277;6315;8.0;Mediocampista
277;6236;10.0;Mediocampista
277;6274;16.0;Mediocampista
277;6201;17.0;Mediocampista
277;6247;19.0;Mediocampista
277;6227;9.0;Delantero
277;6288;11.0;Delantero
277;6278;18.0;Delantero
277;6275;20.0;Delantero
277;6202;21.0;Delantero
281;1953;1.0;Arquero
281;1942;21.0;Arquero
281;1938;22.0;Arquero
281;1952;2.0;Defensor
281;1975;3.0;Defensor
281;1959;5.0;Defensor
281;1931;6.0;Defensor
281;1966;12.0;Defensor
281;1956;20.0;Defensor
281;1965;4.0;Mediocampista
281;1941;8.0;Mediocampista
281;1969;11.0;Mediocampista
281;1962;13.0;Mediocampista
281;1946;15.0;Mediocampista
281;1945;16.0;Mediocampista
281;1960;17.0;Mediocampista
281;1954;18.0;Mediocampista
281;1937;19.0;Mediocampista
281;1971;7.0;Delantero
281;1967;9.0;Delantero
281;1973;10.0;Delantero
281;1958;14.0;Delantero
281;3761;1.0;Arquero
281;3770;21.0;Arquero
281;3955;22.0;Arquero
281;3748;2.0;Defensor
281;3755;3.0;Defensor
281;3762;4.0;Defensor
281;3772;5.0;Defensor
281;3778;6.0;Defensor
281;3893;7.0;Defensor
281;3984;8.0;Defensor
281;3838;9.0;Mediocampista
281;3938;10.0;Mediocampista
281;3839;11.0;Mediocampista
281;3848;12.0;Mediocampista
281;3844;13.0;Mediocampista
281;3979;14.0;Mediocampista
281;3991;15.0;Mediocampista
281;3764;16.0;Delantero
281;3928;17.0;Delantero
281;3951;18.0;Delantero
281;3971;19.0;Delantero
281;3999;20.0;Delantero
281;4291;1.0;Arquero
281;4382;18.0;Arquero
281;4265;22.0;Arquero
281;4368;2.0;Defensor
281;4367;3.0;Defensor
281;4403;4.0;Defensor
281;4316;5.0;Defensor
281;4300;6.0;Defensor
281;4350;8.0;Defensor
281;4286;12.0;Defensor
281;4290;13.0;Defensor
281;4358;14.0;Defensor
281;4288;9.0;Mediocampista
281;4289;10.0;Mediocampista
281;4311;15.0;Mediocampista
281;4352;16.0;Mediocampista
281;4280;17.0;Mediocampista
281;4322;7.0;Delantero
281;4293;11.0;Delantero
281;4276;19.0;Delantero
281;4331;20.0;Delantero
281;4309;21.0;Delantero
281;7082;1.0;Arquero
281;7072;16.0;Arquero
281;7134;22.0;Arquero
281;7061;2.0;Defensor
281;7076;3.0;Defensor
281;7161;4.0;Defensor
281;7083;5.0;Defensor
281;7067;6.0;Defensor
281;7140;10.0;Defensor
281;7142;15.0;Defensor
281;7219;7.0;Mediocampista
281;7218;8.0;Mediocampista
281;7227;9.0;Mediocampista
281;7053;12.0;Mediocampista
281;7144;13.0;Mediocampista
281;7048;20.0;Mediocampista
281;7180;21.0;Mediocampista
281;7063;11.0;Delantero
281;7181;14.0;Delantero
281;7225;17.0;Delantero
281;7177;18.0;Delantero
281;7057;19.0;Delantero
285;463;1.0;Arquero
285;464;21.0;Arquero
285;439;22.0;Arquero
285;472;2.0;Defensor
285;479;4.0;Defensor
285;491;5.0;Defensor
285;498;15.0;Defensor
285;487;16.0;Defensor
285;457;19.0;Defensor
285;493;20.0;Defensor
285;459;3.0;Mediocampista
285;476;6.0;Mediocampista
285;489;8.0;Mediocampista
285;444;10.0;Mediocampista
285;510;14.0;Mediocampista
285;447;17.0;Mediocampista
285;445;18.0;Mediocampista
285;440;7.0;Delantero
285;494;9.0;Delantero
285;484;11.0;Delantero
285;448;12.0;Delantero
285;474;13.0;Delantero
285;1393;1.0;Arquero
285;1587;12.0;Arquero
285;1516;22.0;Arquero
285;1439;2.0;Defensor
285;1574;3.0;Defensor
285;1435;4.0;Defensor
285;1508;6.0;Defensor
285;1498;13.0;Defensor
285;1504;14.0;Defensor
285;1546;16.0;Defensor
285;1382;17.0;Defensor
285;1448;5.0;Mediocampista
285;1677;10.0;Mediocampista
285;1349;15.0;Mediocampista
285;1639;18.0;Mediocampista
285;1443;19.0;Mediocampista
285;1636;20.0;Mediocampista
285;1651;21.0;Mediocampista
285;1560;7.0;Delantero
285;1398;8.0;Delantero
285;1392;9.0;Delantero
285;1436;11.0;Delantero
285;3571;1.0;Arquero
285;3554;13.0;Arquero
285;3308;22.0;Arquero
285;3545;2.0;Defensor
285;3344;3.0;Defensor
285;3445;4.0;Defensor
285;3396;8.0;Defensor
285;3425;11.0;Defensor
285;3359;15.0;Defensor
285;3560;5.0;Mediocampista
285;3399;6.0;Mediocampista
285;3534;7.0;Mediocampista
285;3388;14.0;Mediocampista
285;3384;17.0;Mediocampista
285;3343;18.0;Mediocampista
285;3457;21.0;Mediocampista
285;3342;9.0;Delantero
285;3352;10.0;Delantero
285;3500;12.0;Delantero
285;3513;16.0;Delantero
285;3426;19.0;Delantero
285;3376;20.0;Delantero
285;4883;1.0;Arquero
285;4901;12.0;Arquero
285;4881;13.0;Arquero
285;4896;2.0;Defensor
285;4872;3.0;Defensor
285;4897;4.0;Defensor
285;4888;5.0;Defensor
285;4911;15.0;Defensor
285;4885;18.0;Defensor
285;4886;6.0;Mediocampista
285;4890;8.0;Mediocampista
285;4903;16.0;Mediocampista
285;4892;20.0;Mediocampista
285;4862;21.0;Mediocampista
285;4900;7.0;Delantero
285;4902;9.0;Delantero
285;4910;10.0;Delantero
285;4907;11.0;Delantero
285;4857;14.0;Delantero
285;4867;17.0;Delantero
285;4879;19.0;Delantero
285;4865;22.0;Delantero
289;242;1.0;Arquero
289;251;12.0;Arquero
289;119;22.0;Arquero
289;34;2.0;Defensor
289;32;3.0;Defensor
289;62;4.0;Defensor
289;96;5.0;Defensor
289;52;6.0;Defensor
289;23;14.0;Defensor
289;9;15.0;Defensor
289;121;17.0;Defensor
289;168;7.0;Mediocampista
289;178;8.0;Mediocampista
289;172;10.0;Mediocampista
289;4;13.0;Mediocampista
289;267;16.0;Mediocampista
289;218;18.0;Mediocampista
289;227;21.0;Mediocampista
289;272;9.0;Delantero
289;231;11.0;Delantero
289;5;19.0;Delantero
289;107;20.0;Delantero
289;2872;1.0;Arquero
289;2871;16.0;Arquero
289;2823;22.0;Arquero
289;2883;2.0;Defensor
289;2798;3.0;Defensor
289;2867;4.0;Defensor
289;2863;5.0;Defensor
289;2795;12.0;Defensor
289;2864;17.0;Defensor
289;2786;21.0;Defensor
289;2848;6.0;Mediocampista
289;2856;7.0;Mediocampista
289;2866;8.0;Mediocampista
289;2794;9.0;Mediocampista
289;2844;11.0;Mediocampista
289;2815;13.0;Mediocampista
289;2789;15.0;Mediocampista
289;2791;20.0;Mediocampista
289;2809;10.0;Delantero
289;2881;14.0;Delantero
289;2800;18.0;Delantero
289;2812;19.0;Delantero
289;3180;1.0;Arquero
289;3150;12.0;Arquero
289;3221;22.0;Arquero
289;3151;2.0;Defensor
289;3186;3.0;Defensor
289;3200;5.0;Defensor
289;3207;6.0;Defensor
289;3214;13.0;Defensor
289;3212;14.0;Defensor
289;3101;15.0;Defensor
289;3225;4.0;Mediocampista
289;3227;7.0;Mediocampista
289;3100;8.0;Mediocampista
289;3105;9.0;Mediocampista
289;3106;10.0;Mediocampista
289;3206;11.0;Mediocampista
289;3191;16.0;Delantero
289;3103;17.0;Delantero
289;3224;18.0;Delantero
289;3213;19.0;Delantero
289;3228;20.0;Delantero
289;3126;21.0;Delantero
289;8412;1.0;Arquero
289;8236;12.0;Arquero
289;8378;22.0;Arquero
289;8327;2.0;Defensor
289;8232;3.0;Defensor
289;8290;4.0;Defensor
289;8247;6.0;Defensor
289;8458;13.0;Defensor
289;8384;14.0;Defensor
289;8406;15.0;Defensor
289;8253;5.0;Mediocampista
289;8246;8.0;Mediocampista
289;8305;10.0;Mediocampista
289;8422;11.0;Mediocampista
289;8424;16.0;Mediocampista
289;8416;17.0;Mediocampista
289;8381;18.0;Mediocampista
289;8237;7.0;Delantero
289;8282;9.0;Delantero
289;8398;19.0;Delantero
289;8233;20.0;Delantero
289;8257;21.0;Delantero
293;4628;1.0;Arquero
293;4671;13.0;Arquero
293;4440;22.0;Arquero
293;4640;2.0;Defensor
293;4620;3.0;Defensor
293;4570;5.0;Defensor
293;4465;6.0;Defensor
293;4434;12.0;Defensor
293;4505;14.0;Defensor
293;4641;15.0;Defensor
293;4531;4.0;Mediocampista
293;4616;7.0;Mediocampista
293;4663;8.0;Mediocampista
293;4654;11.0;Mediocampista
293;4611;16.0;Mediocampista
293;4639;17.0;Mediocampista
293;4532;18.0;Mediocampista
293;4447;19.0;Mediocampista
293;4526;9.0;Delantero
293;4562;10.0;Delantero
293;4450;20.0;Delantero
293;4498;21.0;Delantero
293;5510;1.0;Arquero
293;5470;12.0;Arquero
293;5471;22.0;Arquero
293;5478;2.0;Defensor
293;5482;3.0;Defensor
293;5444;4.0;Defensor
293;5425;5.0;Defensor
293;5492;14.0;Defensor
293;5474;19.0;Defensor
293;5418;20.0;Defensor
293;5440;6.0;Mediocampista
293;5448;7.0;Mediocampista
293;5419;8.0;Mediocampista
293;5508;10.0;Mediocampista
293;5449;15.0;Mediocampista
293;5402;16.0;Mediocampista
293;5477;17.0;Mediocampista
293;5506;21.0;Mediocampista
293;5479;9.0;Delantero
293;5487;11.0;Delantero
293;5495;13.0;Delantero
293;5500;18.0;Delantero
293;6540;1.0;Arquero
293;6502;12.0;Arquero
293;6586;19.0;Arquero
293;6557;2.0;Defensor
293;6599;3.0;Defensor
293;6547;4.0;Defensor
293;6592;5.0;Defensor
293;6532;10.0;Defensor
293;6515;14.0;Defensor
293;6549;18.0;Defensor
293;6536;6.0;Mediocampista
293;6580;7.0;Mediocampista
293;6500;9.0;Mediocampista
293;6506;13.0;Mediocampista
293;6453;15.0;Mediocampista
293;6466;21.0;Mediocampista
293;6584;8.0;Delantero
293;6568;11.0;Delantero
293;6548;16.0;Delantero
293;6596;17.0;Delantero
293;6447;20.0;Delantero
293;6471;22.0;Delantero
293;6613;1.0;Arquero
293;6667;12.0;Arquero
293;6631;22.0;Arquero
293;6664;2.0;Defensor
293;6606;5.0;Defensor
293;6651;8.0;Defensor
293;6612;11.0;Defensor
293;6686;13.0;Defensor
293;6695;15.0;Defensor
293;6668;16.0;Defensor
293;6734;18.0;Defensor
293;6660;20.0;Defensor
293;6611;3.0;Mediocampista
293;6717;4.0;Mediocampista
293;6620;6.0;Mediocampista
293;6696;7.0;Mediocampista
293;6662;14.0;Mediocampista
293;6610;21.0;Mediocampista
293;6654;9.0;Delantero
293;6652;10.0;Delantero
293;6635;17.0;Delantero
293;6722;19.0;Delantero
297;1893;1.0;Arquero
297;1813;12.0;Arquero
297;1919;22.0;Arquero
297;1849;2.0;Defensor
297;1832;3.0;Defensor
297;1883;4.0;Defensor
297;1904;5.0;Defensor
297;1855;6.0;Defensor
297;1872;7.0;Defensor
297;1886;15.0;Defensor
297;1807;16.0;Defensor
297;1871;8.0;Mediocampista
297;1923;11.0;Mediocampista
297;1801;14.0;Mediocampista
297;1852;17.0;Mediocampista
297;1830;19.0;Mediocampista
297;1877;9.0;Delantero
297;1921;10.0;Delantero
297;1809;13.0;Delantero
297;1891;18.0;Delantero
297;1836;20.0;Delantero
297;1822;21.0;Delantero
297;5240;1.0;Arquero
297;4999;12.0;Arquero
297;5083;22.0;Arquero
297;4979;2.0;Defensor
297;4987;3.0;Defensor
297;5006;4.0;Defensor
297;5035;5.0;Defensor
297;5086;6.0;Defensor
297;5202;7.0;Defensor
297;5229;8.0;Defensor
297;4970;9.0;Mediocampista
297;5064;10.0;Mediocampista
297;5124;11.0;Mediocampista
297;5155;13.0;Mediocampista
297;5215;14.0;Mediocampista
297;5022;15.0;Mediocampista
297;5038;16.0;Mediocampista
297;5128;17.0;Mediocampista
297;4963;18.0;Delantero
297;5094;19.0;Delantero
297;5195;20.0;Delantero
297;5204;21.0;Delantero
297;6341;1.0;Arquero
297;6383;12.0;Arquero
297;6413;21.0;Arquero
297;6369;2.0;Defensor
297;6423;3.0;Defensor
297;6379;4.0;Defensor
297;6345;13.0;Defensor
297;6387;14.0;Defensor
297;6368;15.0;Defensor
297;6407;16.0;Defensor
297;6436;6.0;Mediocampista
297;6362;8.0;Mediocampista
297;6433;9.0;Mediocampista
297;6361;10.0;Mediocampista
297;6396;18.0;Mediocampista
297;6419;20.0;Mediocampista
297;6417;22.0;Mediocampista
297;6392;5.0;Delantero
297;6347;7.0;Delantero
297;6406;11.0;Delantero
297;6402;17.0;Delantero
297;6389;19.0;Delantero
297;6540;1.0;Arquero
297;6502;21.0;Arquero
297;6541;22.0;Arquero
297;6467;2.0;Defensor
297;6518;3.0;Defensor
297;6461;4.0;Defensor
297;6491;5.0;Defensor
297;6566;6.0;Defensor
297;6490;7.0;Defensor
297;6599;9.0;Defensor
297;6532;10.0;Defensor
297;6592;12.0;Defensor
297;6536;8.0;Mediocampista
297;6453;13.0;Mediocampista
297;6548;14.0;Mediocampista
297;6457;15.0;Mediocampista
297;6568;11.0;Delantero
297;6522;16.0;Delantero
297;6572;17.0;Delantero
297;6520;18.0;Delantero
297;6488;19.0;Delantero
297;6447;20.0;Delantero
301;242;1.0;Arquero
301;63;21.0;Arquero
301;119;22.0;Arquero
301;34;2.0;Defensor
301;62;4.0;Defensor
301;61;5.0;Defensor
301;88;12.0;Defensor
301;253;15.0;Defensor
301;103;19.0;Defensor
301;128;20.0;Defensor
301;33;3.0;Mediocampista
301;49;6.0;Mediocampista
301;168;7.0;Mediocampista
301;190;10.0;Mediocampista
301;172;14.0;Mediocampista
301;55;17.0;Mediocampista
301;178;18.0;Mediocampista
301;59;8.0;Delantero
301;115;9.0;Delantero
301;231;11.0;Delantero
301;222;13.0;Delantero
301;6;16.0;Delantero
301;456;1.0;Arquero
301;439;21.0;Arquero
301;449;22.0;Arquero
301;472;2.0;Defensor
301;478;3.0;Defensor
301;479;4.0;Defensor
301;495;5.0;Defensor
301;482;12.0;Defensor
301;487;16.0;Defensor
301;475;17.0;Defensor
301;446;6.0;Mediocampista
301;466;8.0;Mediocampista
301;444;10.0;Mediocampista
301;505;13.0;Mediocampista
301;510;14.0;Mediocampista
301;460;15.0;Mediocampista
301;489;18.0;Mediocampista
301;504;19.0;Mediocampista
301;440;7.0;Delantero
301;448;9.0;Delantero
301;484;11.0;Delantero
301;453;20.0;Delantero
301;968;1.0;Arquero
301;933;21.0;Arquero
301;978;22.0;Arquero
301;974;2.0;Defensor
301;984;3.0;Defensor
301;928;4.0;Defensor
301;990;5.0;Defensor
301;981;16.0;Defensor
301;997;17.0;Defensor
301;1034;19.0;Defensor
301;946;6.0;Mediocampista
301;999;8.0;Mediocampista
301;952;10.0;Mediocampista
301;958;11.0;Mediocampista
301;993;12.0;Mediocampista
301;919;14.0;Mediocampista
301;930;15.0;Mediocampista
301;1008;7.0;Delantero
301;973;9.0;Delantero
301;939;13.0;Delantero
301;959;18.0;Delantero
301;1035;20.0;Delantero
301;2169;1.0;Arquero
301;2033;12.0;Arquero
301;2102;22.0;Arquero
301;2061;2.0;Defensor
301;2159;3.0;Defensor
301;2017;4.0;Defensor
301;2052;5.0;Defensor
301;2143;10.0;Defensor
301;2131;17.0;Defensor
301;2058;18.0;Defensor
301;2042;19.0;Defensor
301;2040;6.0;Mediocampista
301;2018;7.0;Mediocampista
301;2121;8.0;Mediocampista
301;2100;14.0;Mediocampista
301;2130;16.0;Mediocampista
301;2096;20.0;Mediocampista
301;2075;9.0;Delantero
301;2088;11.0;Delantero
301;2027;13.0;Delantero
301;2170;15.0;Delantero
301;2059;21.0;Delantero
305;538;2.0;Arquero
305;619;7.0;Arquero
305;736;16.0;Arquero
305;627;8.0;Defensor
305;695;13.0;Defensor
305;697;14.0;Defensor
305;714;15.0;Defensor
305;784;18.0;Defensor
305;790;19.0;Defensor
305;796;22.0;Defensor
305;527;1.0;Mediocampista
305;540;3.0;Mediocampista
305;626;9.0;Mediocampista
305;671;10.0;Mediocampista
305;645;12.0;Mediocampista
305;550;4.0;Delantero
305;567;5.0;Delantero
305;604;6.0;Delantero
305;654;11.0;Delantero
305;762;17.0;Delantero
305;794;20.0;Delantero
305;795;21.0;Delantero
305;1178;1.0;Arquero
305;1082;12.0;Arquero
305;1164;22.0;Arquero
305;1121;2.0;Defensor
305;1157;3.0;Defensor
305;1152;4.0;Defensor
305;1187;5.0;Defensor
305;1048;14.0;Defensor
305;1093;15.0;Defensor
305;1180;16.0;Defensor
305;1237;6.0;Mediocampista
305;1232;7.0;Mediocampista
305;1225;8.0;Mediocampista
305;1078;10.0;Mediocampista
305;1240;17.0;Mediocampista
305;1161;18.0;Mediocampista
305;1158;19.0;Mediocampista
305;1230;9.0;Delantero
305;1070;11.0;Delantero
305;1212;13.0;Delantero
305;1234;20.0;Delantero
305;1083;21.0;Delantero
305;3047;1.0;Arquero
305;3049;19.0;Arquero
305;3059;20.0;Arquero
305;3040;2.0;Defensor
305;3051;3.0;Defensor
305;3067;4.0;Defensor
305;3043;5.0;Defensor
305;3061;12.0;Defensor
305;3070;15.0;Defensor
305;3042;18.0;Defensor
305;3075;6.0;Mediocampista
305;3038;7.0;Mediocampista
305;3072;8.0;Mediocampista
305;3050;10.0;Mediocampista
305;3036;16.0;Mediocampista
305;3048;9.0;Delantero
305;3046;11.0;Delantero
305;3068;13.0;Delantero
305;3066;14.0;Delantero
305;3065;17.0;Delantero
305;4344;1.0;Arquero
305;4318;21.0;Arquero
305;4323;22.0;Arquero
305;4340;2.0;Defensor
305;4267;3.0;Defensor
305;4398;4.0;Defensor
305;4300;6.0;Defensor
305;4365;13.0;Defensor
305;4368;14.0;Defensor
305;4320;18.0;Defensor
305;4403;19.0;Defensor
305;4286;20.0;Defensor
305;4348;5.0;Mediocampista
305;4354;8.0;Mediocampista
305;4284;16.0;Mediocampista
305;4282;17.0;Mediocampista
305;4295;7.0;Delantero
305;4394;9.0;Delantero
305;4324;10.0;Delantero
305;4361;11.0;Delantero
305;4383;12.0;Delantero
305;4274;15.0;Delantero
309;6904;1.0;Arquero
309;6814;21.0;Arquero
309;6917;22.0;Arquero
309;6816;2.0;Defensor
309;6795;3.0;Defensor
309;6825;4.0;Defensor
309;6767;5.0;Defensor
309;6928;6.0;Defensor
309;6894;14.0;Defensor
309;6849;15.0;Defensor
309;6842;7.0;Mediocampista
309;6877;8.0;Mediocampista
309;6771;12.0;Mediocampista
309;6770;13.0;Mediocampista
309;6787;16.0;Mediocampista
309;6913;17.0;Mediocampista
309;6926;9.0;Delantero
309;6847;10.0;Delantero
309;6869;11.0;Delantero
309;6817;18.0;Delantero
309;6860;19.0;Delantero
309;6882;20.0;Delantero
309;3757;1.0;Arquero
309;3792;21.0;Arquero
309;3835;22.0;Arquero
309;3748;2.0;Defensor
309;3762;3.0;Defensor
309;3778;4.0;Defensor
309;3869;5.0;Defensor
309;3903;6.0;Defensor
309;3906;7.0;Defensor
309;3982;8.0;Defensor
309;3844;9.0;Mediocampista
309;3938;10.0;Mediocampista
309;3847;11.0;Mediocampista
309;3848;12.0;Mediocampista
309;3890;13.0;Mediocampista
309;3979;14.0;Mediocampista
309;3764;15.0;Delantero
309;3807;16.0;Delantero
309;3885;17.0;Delantero
309;3951;18.0;Delantero
309;3968;19.0;Delantero
309;3969;20.0;Delantero
309;4482;1.0;Arquero
309;4491;13.0;Arquero
309;4628;22.0;Arquero
309;4434;2.0;Defensor
309;4465;4.0;Defensor
309;4514;6.0;Defensor
309;4582;12.0;Defensor
309;4589;14.0;Defensor
309;4620;17.0;Defensor
309;4649;18.0;Defensor
309;4461;3.0;Mediocampista
309;4490;5.0;Mediocampista
309;4531;9.0;Mediocampista
309;4574;10.0;Mediocampista
309;4613;15.0;Mediocampista
309;4616;16.0;Mediocampista
309;4663;19.0;Mediocampista
309;4550;7.0;Delantero
309;4516;8.0;Delantero
309;4569;11.0;Delantero
309;4669;20.0;Delantero
309;4670;21.0;Delantero
309;5384;1.0;Arquero
309;5373;21.0;Arquero
309;5385;22.0;Arquero
309;5386;2.0;Defensor
309;5392;3.0;Defensor
309;5382;4.0;Defensor
309;5381;5.0;Defensor
309;5393;13.0;Defensor
309;5390;14.0;Defensor
309;5379;15.0;Defensor
309;5383;17.0;Defensor
309;5380;6.0;Mediocampista
309;5389;7.0;Mediocampista
309;5375;8.0;Mediocampista
309;5377;11.0;Mediocampista
309;5387;12.0;Mediocampista
309;5388;18.0;Mediocampista
309;5394;9.0;Delantero
309;5374;10.0;Delantero
309;5376;16.0;Delantero
309;5378;19.0;Delantero
309;5391;20.0;Delantero
313;3327;1.0;Arquero
313;3554;21.0;Arquero
313;3458;22.0;Arquero
313;3344;2.0;Defensor
313;3399;3.0;Defensor
313;3543;5.0;Defensor
313;3315;6.0;Defensor
313;3553;12.0;Defensor
313;3417;13.0;Defensor
313;3445;14.0;Defensor
313;3318;4.0;Mediocampista
313;3419;8.0;Mediocampista
313;3567;10.0;Mediocampista
313;3532;15.0;Mediocampista
313;3524;16.0;Mediocampista
313;3388;17.0;Mediocampista
313;3423;7.0;Delantero
313;3531;9.0;Delantero
313;3441;11.0;Delantero
313;3551;18.0;Delantero
313;3529;19.0;Delantero
313;3498;20.0;Delantero
313;4246;1.0;Arquero
313;4207;21.0;Arquero
313;4254;22.0;Arquero
313;4235;2.0;Defensor
313;4260;3.0;Defensor
313;4214;4.0;Defensor
313;4220;5.0;Defensor
313;4225;12.0;Defensor
313;4222;17.0;Defensor
313;4239;6.0;Mediocampista
313;4257;8.0;Mediocampista
313;4213;11.0;Mediocampista
313;4223;14.0;Mediocampista
313;4263;15.0;Mediocampista
313;4208;16.0;Mediocampista
313;4262;20.0;Mediocampista
313;4237;7.0;Delantero
313;4212;9.0;Delantero
313;4228;10.0;Delantero
313;4247;13.0;Delantero
313;4215;18.0;Delantero
313;4234;19.0;Delantero
313;4883;1.0;Arquero
313;4901;17.0;Arquero
313;4874;22.0;Arquero
313;4896;2.0;Defensor
313;4872;3.0;Defensor
313;4895;5.0;Defensor
313;4897;6.0;Defensor
313;4885;12.0;Defensor
313;4894;13.0;Defensor
313;4886;4.0;Mediocampista
313;4898;8.0;Mediocampista
313;4890;10.0;Mediocampista
313;4864;14.0;Mediocampista
313;4875;15.0;Mediocampista
313;4882;18.0;Mediocampista
313;4868;20.0;Mediocampista
313;4860;7.0;Delantero
313;4857;9.0;Delantero
313;4879;11.0;Delantero
313;4910;16.0;Delantero
313;4880;19.0;Delantero
313;4861;21.0;Delantero
313;7449;1.0;Arquero
313;7469;12.0;Arquero
313;7509;22.0;Arquero
313;7366;2.0;Defensor
313;7529;4.0;Defensor
313;7503;5.0;Defensor
313;7393;6.0;Defensor
313;7525;9.0;Defensor
313;7371;14.0;Defensor
313;7353;15.0;Defensor
313;7346;3.0;Mediocampista
313;7463;7.0;Mediocampista
313;7488;8.0;Mediocampista
313;7534;10.0;Mediocampista
313;7365;17.0;Mediocampista
313;7524;11.0;Delantero
313;7508;13.0;Delantero
313;7485;16.0;Delantero
313;7321;18.0;Delantero
313;7350;19.0;Delantero
313;7507;20.0;Delantero
313;7453;21.0;Delantero
317;1661;1.0;Arquero
317;1585;12.0;Arquero
317;1393;22.0;Arquero
317;1515;2.0;Defensor
317;1574;3.0;Defensor
317;1530;4.0;Defensor
317;1508;6.0;Defensor
317;1433;13.0;Defensor
317;1505;14.0;Defensor
317;1435;16.0;Defensor
317;1588;17.0;Defensor
317;1649;5.0;Mediocampista
317;1584;7.0;Mediocampista
317;1639;8.0;Mediocampista
317;1677;10.0;Mediocampista
317;1431;11.0;Mediocampista
317;1448;15.0;Mediocampista
317;1372;18.0;Mediocampista
317;1605;19.0;Mediocampista
317;1635;9.0;Delantero
317;1619;20.0;Delantero
317;1423;21.0;Delantero
317;3221;1.0;Arquero
317;3236;12.0;Arquero
317;3180;22.0;Arquero
317;3195;2.0;Defensor
317;3153;3.0;Defensor
317;3157;5.0;Defensor
317;3207;6.0;Defensor
317;3200;13.0;Defensor
317;3212;14.0;Defensor
317;3140;17.0;Defensor
317;3118;21.0;Defensor
317;3225;4.0;Mediocampista
317;3227;7.0;Mediocampista
317;3232;10.0;Mediocampista
317;3159;16.0;Mediocampista
317;3133;8.0;Delantero
317;3112;9.0;Delantero
317;3220;11.0;Delantero
317;3175;15.0;Delantero
317;3103;18.0;Delantero
317;3228;19.0;Delantero
317;3217;20.0;Delantero
317;5979;1.0;Arquero
317;5967;21.0;Arquero
317;5977;22.0;Arquero
317;5951;2.0;Defensor
317;5955;3.0;Defensor
317;5944;5.0;Defensor
317;5938;6.0;Defensor
317;5959;11.0;Defensor
317;5953;14.0;Defensor
317;5956;15.0;Defensor
317;5937;16.0;Defensor
317;5949;8.0;Mediocampista
317;5974;10.0;Mediocampista
317;5962;12.0;Mediocampista
317;5950;13.0;Mediocampista
317;5942;17.0;Mediocampista
317;5971;18.0;Mediocampista
317;5960;19.0;Mediocampista
317;5975;4.0;Delantero
317;5969;7.0;Delantero
317;5981;9.0;Delantero
317;5976;20.0;Delantero
317;7082;1.0;Arquero
317;7071;16.0;Arquero
317;7070;22.0;Arquero
317;7206;2.0;Defensor
317;7076;3.0;Defensor
317;7120;4.0;Defensor
317;7054;5.0;Defensor
317;7083;6.0;Defensor
317;7065;14.0;Defensor
317;7182;20.0;Defensor
317;7061;8.0;Mediocampista
317;7098;9.0;Mediocampista
317;7168;10.0;Mediocampista
317;7053;12.0;Mediocampista
317;7081;13.0;Mediocampista
317;7069;17.0;Mediocampista
317;7207;18.0;Mediocampista
317;7197;7.0;Delantero
317;7063;11.0;Delantero
317;7050;15.0;Delantero
317;7225;19.0;Delantero
317;7181;21.0;Delantero
321;1178;1.0;Arquero
321;1082;12.0;Arquero
321;1164;22.0;Arquero
321;1121;2.0;Defensor
321;1157;3.0;Defensor
321;1152;4.0;Defensor
321;1187;5.0;Defensor
321;1048;14.0;Defensor
321;1093;15.0;Defensor
321;1180;16.0;Defensor
321;1237;6.0;Mediocampista
321;1232;7.0;Mediocampista
321;1225;8.0;Mediocampista
321;1078;10.0;Mediocampista
321;1240;17.0;Mediocampista
321;1161;18.0;Mediocampista
321;1158;19.0;Mediocampista
321;1230;9.0;Delantero
321;1070;11.0;Delantero
321;1212;13.0;Delantero
321;1234;20.0;Delantero
321;1083;21.0;Delantero
321;6540;1.0;Arquero
321;6502;21.0;Arquero
321;6541;22.0;Arquero
321;6467;2.0;Defensor
321;6518;3.0;Defensor
321;6461;4.0;Defensor
321;6491;5.0;Defensor
321;6566;6.0;Defensor
321;6490;7.0;Defensor
321;6599;9.0;Defensor
321;6532;10.0;Defensor
321;6592;12.0;Defensor
321;6536;8.0;Mediocampista
321;6453;13.0;Mediocampista
321;6548;14.0;Mediocampista
321;6457;15.0;Mediocampista
321;6568;11.0;Delantero
321;6522;16.0;Delantero
321;6572;17.0;Delantero
321;6520;18.0;Delantero
321;6488;19.0;Delantero
321;6447;20.0;Delantero
321;7082;1.0;Arquero
321;7071;16.0;Arquero
321;7070;22.0;Arquero
321;7206;2.0;Defensor
321;7076;3.0;Defensor
321;7120;4.0;Defensor
321;7054;5.0;Defensor
321;7083;6.0;Defensor
321;7065;14.0;Defensor
321;7182;20.0;Defensor
321;7061;8.0;Mediocampista
321;7098;9.0;Mediocampista
321;7168;10.0;Mediocampista
321;7053;12.0;Mediocampista
321;7081;13.0;Mediocampista
321;7069;17.0;Mediocampista
321;7207;18.0;Mediocampista
321;7197;7.0;Delantero
321;7063;11.0;Delantero
321;7050;15.0;Delantero
321;7225;19.0;Delantero
321;7181;21.0;Delantero
324;242;1.0;Arquero
324;63;21.0;Arquero
324;119;22.0;Arquero
324;34;2.0;Defensor
324;62;4.0;Defensor
324;61;5.0;Defensor
324;88;12.0;Defensor
324;253;15.0;Defensor
324;103;19.0;Defensor
324;128;20.0;Defensor
324;33;3.0;Mediocampista
324;49;6.0;Mediocampista
324;168;7.0;Mediocampista
324;190;10.0;Mediocampista
324;172;14.0;Mediocampista
324;55;17.0;Mediocampista
324;178;18.0;Mediocampista
324;59;8.0;Delantero
324;115;9.0;Delantero
324;231;11.0;Delantero
324;222;13.0;Delantero
324;6;16.0;Delantero
324;3327;1.0;Arquero
324;3554;21.0;Arquero
324;3458;22.0;Arquero
324;3344;2.0;Defensor
324;3399;3.0;Defensor
324;3543;5.0;Defensor
324;3315;6.0;Defensor
324;3553;12.0;Defensor
324;3417;13.0;Defensor
324;3445;14.0;Defensor
324;3318;4.0;Mediocampista
324;3419;8.0;Mediocampista
324;3567;10.0;Mediocampista
324;3532;15.0;Mediocampista
324;3524;16.0;Mediocampista
324;3388;17.0;Mediocampista
324;3423;7.0;Delantero
324;3531;9.0;Delantero
324;3441;11.0;Delantero
324;3551;18.0;Delantero
324;3529;19.0;Delantero
324;3498;20.0;Delantero
324;4482;1.0;Arquero
324;4491;13.0;Arquero
324;4628;22.0;Arquero
324;4434;2.0;Defensor
324;4465;4.0;Defensor
324;4514;6.0;Defensor
324;4582;12.0;Defensor
324;4589;14.0;Defensor
324;4620;17.0;Defensor
324;4649;18.0;Defensor
324;4461;3.0;Mediocampista
324;4490;5.0;Mediocampista
324;4531;9.0;Mediocampista
324;4574;10.0;Mediocampista
324;4613;15.0;Mediocampista
324;4616;16.0;Mediocampista
324;4663;19.0;Mediocampista
324;4550;7.0;Delantero
324;4516;8.0;Delantero
324;4569;11.0;Delantero
324;4669;20.0;Delantero
324;4670;21.0;Delantero
327;538;2.0;Arquero
327;619;7.0;Arquero
327;736;16.0;Arquero
327;627;8.0;Defensor
327;695;13.0;Defensor
327;697;14.0;Defensor
327;714;15.0;Defensor
327;784;18.0;Defensor
327;790;19.0;Defensor
327;796;22.0;Defensor
327;527;1.0;Mediocampista
327;540;3.0;Mediocampista
327;626;9.0;Mediocampista
327;671;10.0;Mediocampista
327;645;12.0;Mediocampista
327;550;4.0;Delantero
327;567;5.0;Delantero
327;604;6.0;Delantero
327;654;11.0;Delantero
327;762;17.0;Delantero
327;794;20.0;Delantero
327;795;21.0;Delantero
327;1661;1.0;Arquero
327;1585;12.0;Arquero
327;1393;22.0;Arquero
327;1515;2.0;Defensor
327;1574;3.0;Defensor
327;1530;4.0;Defensor
327;1508;6.0;Defensor
327;1433;13.0;Defensor
327;1505;14.0;Defensor
327;1435;16.0;Defensor
327;1588;17.0;Defensor
327;1649;5.0;Mediocampista
327;1584;7.0;Mediocampista
327;1639;8.0;Mediocampista
327;1677;10.0;Mediocampista
327;1431;11.0;Mediocampista
327;1448;15.0;Mediocampista
327;1372;18.0;Mediocampista
327;1605;19.0;Mediocampista
327;1635;9.0;Delantero
327;1619;20.0;Delantero
327;1423;21.0;Delantero
327;5240;1.0;Arquero
327;4999;12.0;Arquero
327;5083;22.0;Arquero
327;4979;2.0;Defensor
327;4987;3.0;Defensor
327;5006;4.0;Defensor
327;5035;5.0;Defensor
327;5086;6.0;Defensor
327;5202;7.0;Defensor
327;5229;8.0;Defensor
327;4970;9.0;Mediocampista
327;5064;10.0;Mediocampista
327;5124;11.0;Mediocampista
327;5155;13.0;Mediocampista
327;5215;14.0;Mediocampista
327;5022;15.0;Mediocampista
327;5038;16.0;Mediocampista
327;5128;17.0;Mediocampista
327;4963;18.0;Delantero
327;5094;19.0;Delantero
327;5195;20.0;Delantero
327;5204;21.0;Delantero
330;968;1.0;Arquero
330;933;21.0;Arquero
330;978;22.0;Arquero
330;974;2.0;Defensor
330;984;3.0;Defensor
330;928;4.0;Defensor
330;990;5.0;Defensor
330;981;16.0;Defensor
330;997;17.0;Defensor
330;1034;19.0;Defensor
330;946;6.0;Mediocampista
330;999;8.0;Mediocampista
330;952;10.0;Mediocampista
330;958;11.0;Mediocampista
330;993;12.0;Mediocampista
330;919;14.0;Mediocampista
330;930;15.0;Mediocampista
330;1008;7.0;Delantero
330;973;9.0;Delantero
330;939;13.0;Delantero
330;959;18.0;Delantero
330;1035;20.0;Delantero
330;3757;1.0;Arquero
330;3792;21.0;Arquero
330;3835;22.0;Arquero
330;3748;2.0;Defensor
330;3762;3.0;Defensor
330;3778;4.0;Defensor
330;3869;5.0;Defensor
330;3903;6.0;Defensor
330;3906;7.0;Defensor
330;3982;8.0;Defensor
330;3844;9.0;Mediocampista
330;3938;10.0;Mediocampista
330;3847;11.0;Mediocampista
330;3848;12.0;Mediocampista
330;3890;13.0;Mediocampista
330;3979;14.0;Mediocampista
330;3764;15.0;Delantero
330;3807;16.0;Delantero
330;3885;17.0;Delantero
330;3951;18.0;Delantero
330;3968;19.0;Delantero
330;3969;20.0;Delantero
330;4883;1.0;Arquero
330;4901;17.0;Arquero
330;4874;22.0;Arquero
330;4896;2.0;Defensor
330;4872;3.0;Defensor
330;4895;5.0;Defensor
330;4897;6.0;Defensor
330;4885;12.0;Defensor
330;4894;13.0;Defensor
330;4886;4.0;Mediocampista
330;4898;8.0;Mediocampista
330;4890;10.0;Mediocampista
330;4864;14.0;Mediocampista
330;4875;15.0;Mediocampista
330;4882;18.0;Mediocampista
330;4868;20.0;Mediocampista
330;4860;7.0;Delantero
330;4857;9.0;Delantero
330;4879;11.0;Delantero
330;4910;16.0;Delantero
330;4880;19.0;Delantero
330;4861;21.0;Delantero
333;538;3.0;Arquero
333;619;5.0;Arquero
333;656;13.0;Arquero
333;627;7.0;Defensor
333;628;8.0;Defensor
333;655;11.0;Defensor
333;697;15.0;Defensor
333;707;18.0;Defensor
333;714;19.0;Defensor
333;784;20.0;Defensor
333;522;1.0;Mediocampista
333;527;2.0;Mediocampista
333;626;6.0;Mediocampista
333;647;9.0;Mediocampista
333;658;12.0;Mediocampista
333;704;17.0;Mediocampista
333;795;21.0;Mediocampista
333;801;22.0;Mediocampista
333;550;4.0;Delantero
333;654;10.0;Delantero
333;668;14.0;Delantero
333;702;16.0;Delantero
333;3757;1.0;Arquero
333;3771;21.0;Arquero
333;3833;22.0;Arquero
333;3762;2.0;Defensor
333;3778;3.0;Defensor
333;3869;4.0;Defensor
333;3781;5.0;Defensor
333;3903;6.0;Defensor
333;3948;7.0;Defensor
333;3982;8.0;Defensor
333;3760;9.0;Mediocampista
333;3859;10.0;Mediocampista
333;3920;11.0;Mediocampista
333;3927;12.0;Mediocampista
333;3932;13.0;Mediocampista
333;3938;15.0;Mediocampista
333;3769;14.0;Delantero
333;3810;16.0;Delantero
333;3885;17.0;Delantero
333;3951;18.0;Delantero
333;3968;19.0;Delantero
333;3952;20.0;Delantero
333;4306;1.0;Arquero
333;4344;21.0;Arquero
333;4332;22.0;Arquero
333;4395;2.0;Defensor
333;4325;3.0;Defensor
333;4398;4.0;Defensor
333;4321;6.0;Defensor
333;4340;12.0;Defensor
333;4267;14.0;Defensor
333;4365;15.0;Defensor
333;4409;5.0;Mediocampista
333;4354;8.0;Mediocampista
333;4359;10.0;Mediocampista
333;4282;13.0;Mediocampista
333;4310;16.0;Mediocampista
333;4353;18.0;Mediocampista
333;4298;20.0;Mediocampista
333;4295;7.0;Delantero
333;4394;9.0;Delantero
333;4402;11.0;Delantero
333;4364;17.0;Delantero
333;4396;19.0;Delantero
333;5240;1.0;Arquero
333;5039;12.0;Arquero
333;4999;22.0;Arquero
333;4984;2.0;Defensor
333;5006;3.0;Defensor
333;5043;4.0;Defensor
333;5086;5.0;Defensor
333;5115;6.0;Defensor
333;5119;7.0;Defensor
333;5202;8.0;Defensor
333;4970;9.0;Mediocampista
333;4986;10.0;Mediocampista
333;5167;11.0;Mediocampista
333;5198;13.0;Mediocampista
333;5215;14.0;Mediocampista
333;5236;15.0;Mediocampista
333;5022;16.0;Mediocampista
333;5197;17.0;Mediocampista
333;4992;18.0;Delantero
333;5094;19.0;Delantero
333;5183;20.0;Delantero
333;5195;21.0;Delantero
337;174;1.0;Arquero
337;130;21.0;Arquero
337;38;22.0;Arquero
337;273;2.0;Defensor
337;47;3.0;Defensor
337;230;4.0;Defensor
337;128;5.0;Defensor
337;294;8.0;Defensor
337;245;12.0;Defensor
337;148;13.0;Defensor
337;29;6.0;Mediocampista
337;60;10.0;Mediocampista
337;18;15.0;Mediocampista
337;44;16.0;Mediocampista
337;290;18.0;Mediocampista
337;190;20.0;Mediocampista
337;1;7.0;Delantero
337;59;9.0;Delantero
337;231;11.0;Delantero
337;188;14.0;Delantero
337;106;17.0;Delantero
337;289;19.0;Delantero
337;5719;1.0;Arquero
337;5754;22.0;Arquero
337;5678;2.0;Defensor
337;5757;3.0;Defensor
337;5715;4.0;Defensor
337;5767;5.0;Defensor
337;5658;12.0;Defensor
337;5569;13.0;Defensor
337;5611;14.0;Defensor
337;5596;15.0;Defensor
337;5664;6.0;Mediocampista
337;5580;7.0;Mediocampista
337;5554;16.0;Mediocampista
337;5578;17.0;Mediocampista
337;5652;18.0;Mediocampista
337;5650;8.0;Delantero
337;5716;9.0;Delantero
337;5689;10.0;Delantero
337;5745;11.0;Delantero
337;5726;19.0;Delantero
337;5661;20.0;Delantero
337;5635;21.0;Delantero
337;6582;1.0;Arquero
337;6517;21.0;Arquero
337;6509;22.0;Arquero
337;6529;3.0;Defensor
337;6576;4.0;Defensor
337;6481;6.0;Defensor
337;6599;9.0;Defensor
337;6560;10.0;Defensor
337;6518;13.0;Defensor
337;6495;14.0;Defensor
337;6592;20.0;Defensor
337;6544;5.0;Mediocampista
337;6501;8.0;Mediocampista
337;6534;11.0;Mediocampista
337;6460;12.0;Mediocampista
337;6537;2.0;Delantero
337;6488;7.0;Delantero
337;6520;15.0;Delantero
337;6522;16.0;Delantero
337;6572;17.0;Delantero
337;6447;18.0;Delantero
337;6527;19.0;Delantero
337;8146;1.0;Arquero
337;8059;21.0;Arquero
337;8143;22.0;Arquero
337;8089;2.0;Defensor
337;8115;3.0;Defensor
337;8125;5.0;Defensor
337;8093;17.0;Defensor
337;8080;18.0;Defensor
337;8112;20.0;Defensor
337;8096;4.0;Mediocampista
337;8099;6.0;Mediocampista
337;8063;8.0;Mediocampista
337;8088;10.0;Mediocampista
337;8124;12.0;Mediocampista
337;8127;7.0;Delantero
337;8051;9.0;Delantero
337;8060;11.0;Delantero
337;8128;13.0;Delantero
337;8116;14.0;Delantero
337;8061;15.0;Delantero
337;8082;16.0;Delantero
337;8103;19.0;Delantero
341;968;1.0;Arquero
341;935;21.0;Arquero
341;920;22.0;Arquero
341;1007;2.0;Defensor
341;984;3.0;Defensor
341;924;4.0;Defensor
341;990;5.0;Defensor
341;1022;14.0;Defensor
341;1034;15.0;Defensor
341;989;16.0;Defensor
341;946;6.0;Mediocampista
341;950;7.0;Mediocampista
341;999;8.0;Mediocampista
341;975;10.0;Mediocampista
341;958;11.0;Mediocampista
341;976;12.0;Mediocampista
341;944;13.0;Mediocampista
341;919;20.0;Mediocampista
341;973;9.0;Delantero
341;983;17.0;Delantero
341;1008;18.0;Delantero
341;994;19.0;Delantero
341;1516;1.0;Arquero
341;1393;12.0;Arquero
341;1661;22.0;Arquero
341;1648;2.0;Defensor
341;1574;3.0;Defensor
341;1357;4.0;Defensor
341;1435;6.0;Defensor
341;1562;13.0;Defensor
341;1339;14.0;Defensor
341;1597;15.0;Defensor
341;1622;16.0;Defensor
341;1649;5.0;Mediocampista
341;1677;8.0;Mediocampista
341;1615;10.0;Mediocampista
341;1423;11.0;Mediocampista
341;1372;17.0;Mediocampista
341;1404;21.0;Mediocampista
341;1673;7.0;Delantero
341;1603;9.0;Delantero
341;1467;18.0;Delantero
341;1496;19.0;Delantero
341;1619;20.0;Delantero
341;3327;1.0;Arquero
341;3458;13.0;Arquero
341;3554;22.0;Arquero
341;3369;2.0;Defensor
341;3552;3.0;Defensor
341;3459;5.0;Defensor
341;3340;6.0;Defensor
341;3477;16.0;Defensor
341;3448;17.0;Defensor
341;3491;18.0;Defensor
341;3329;4.0;Mediocampista
341;3350;11.0;Mediocampista
341;3406;12.0;Mediocampista
341;3434;14.0;Mediocampista
341;3523;21.0;Mediocampista
341;3367;7.0;Delantero
341;3423;8.0;Delantero
341;3498;9.0;Delantero
341;3529;10.0;Delantero
341;3447;15.0;Delantero
341;3510;19.0;Delantero
341;3520;20.0;Delantero
341;7675;1.0;Arquero
341;7667;12.0;Arquero
341;7733;17.0;Arquero
341;7631;2.0;Defensor
341;7614;3.0;Defensor
341;7747;4.0;Defensor
341;7652;5.0;Defensor
341;7610;13.0;Defensor
341;7602;14.0;Defensor
341;7698;19.0;Defensor
341;7613;20.0;Defensor
341;7792;6.0;Mediocampista
341;7717;7.0;Mediocampista
341;7706;8.0;Mediocampista
341;7708;9.0;Mediocampista
341;7746;18.0;Mediocampista
341;7778;10.0;Delantero
341;7799;11.0;Delantero
341;7742;15.0;Delantero
341;7796;16.0;Delantero
341;7619;21.0;Delantero
341;7642;22.0;Delantero
345;3221;1.0;Arquero
345;3109;12.0;Arquero
345;3122;20.0;Arquero
345;3169;2.0;Defensor
345;3136;3.0;Defensor
345;3116;4.0;Defensor
345;3205;5.0;Defensor
345;3176;13.0;Defensor
345;3145;14.0;Defensor
345;3119;22.0;Defensor
345;3218;6.0;Mediocampista
345;3188;7.0;Mediocampista
345;3159;10.0;Mediocampista
345;3147;15.0;Mediocampista
345;3183;16.0;Mediocampista
345;3225;18.0;Mediocampista
345;3158;21.0;Mediocampista
345;3133;8.0;Delantero
345;3175;9.0;Delantero
345;3171;11.0;Delantero
345;3172;17.0;Delantero
345;3220;19.0;Delantero
345;4719;1.0;Arquero
345;4751;12.0;Arquero
345;4739;22.0;Arquero
345;4681;5.0;Defensor
345;4708;11.0;Defensor
345;4755;14.0;Defensor
345;4703;15.0;Defensor
345;4777;19.0;Defensor
345;4733;21.0;Defensor
345;4697;2.0;Mediocampista
345;4752;6.0;Mediocampista
345;4762;7.0;Mediocampista
345;4731;8.0;Mediocampista
345;4774;9.0;Mediocampista
345;4707;3.0;Delantero
345;4692;4.0;Delantero
345;4771;10.0;Delantero
345;4781;13.0;Delantero
345;4760;16.0;Delantero
345;4725;17.0;Delantero
345;4706;18.0;Delantero
345;4677;20.0;Delantero
345;6104;1.0;Arquero
345;6051;8.0;Arquero
345;6025;19.0;Arquero
345;6091;2.0;Defensor
345;6140;4.0;Defensor
345;6061;5.0;Defensor
345;6163;7.0;Defensor
345;6044;15.0;Defensor
345;6097;17.0;Defensor
345;6113;20.0;Defensor
345;6000;22.0;Defensor
345;6103;3.0;Mediocampista
345;6049;6.0;Mediocampista
345;6037;9.0;Mediocampista
345;6127;11.0;Mediocampista
345;6079;13.0;Mediocampista
345;5996;14.0;Mediocampista
345;6078;18.0;Mediocampista
345;6126;10.0;Delantero
345;6094;12.0;Delantero
345;6095;16.0;Delantero
345;6069;21.0;Delantero
345;6427;1.0;Arquero
345;6350;13.0;Arquero
345;6413;21.0;Arquero
345;6369;2.0;Defensor
345;6397;3.0;Defensor
345;6356;4.0;Defensor
345;6368;5.0;Defensor
345;6403;14.0;Defensor
345;6420;22.0;Defensor
345;6436;6.0;Mediocampista
345;6362;8.0;Mediocampista
345;6419;9.0;Mediocampista
345;6384;16.0;Mediocampista
345;6411;17.0;Mediocampista
345;6390;18.0;Mediocampista
345;6429;20.0;Mediocampista
345;6401;7.0;Delantero
345;6361;10.0;Delantero
345;6406;11.0;Delantero
345;6400;12.0;Delantero
345;6392;15.0;Delantero
345;6389;19.0;Delantero
349;174;1.0;Arquero
349;130;21.0;Arquero
349;38;22.0;Arquero
349;273;2.0;Defensor
349;47;3.0;Defensor
349;230;4.0;Defensor
349;128;5.0;Defensor
349;294;8.0;Defensor
349;245;12.0;Defensor
349;148;13.0;Defensor
349;29;6.0;Mediocampista
349;60;10.0;Mediocampista
349;18;15.0;Mediocampista
349;44;16.0;Mediocampista
349;290;18.0;Mediocampista
349;190;20.0;Mediocampista
349;1;7.0;Delantero
349;59;9.0;Delantero
349;231;11.0;Delantero
349;188;14.0;Delantero
349;106;17.0;Delantero
349;289;19.0;Delantero
349;968;1.0;Arquero
349;935;21.0;Arquero
349;920;22.0;Arquero
349;1007;2.0;Defensor
349;984;3.0;Defensor
349;924;4.0;Defensor
349;990;5.0;Defensor
349;1022;14.0;Defensor
349;1034;15.0;Defensor
349;989;16.0;Defensor
349;946;6.0;Mediocampista
349;950;7.0;Mediocampista
349;999;8.0;Mediocampista
349;975;10.0;Mediocampista
349;958;11.0;Mediocampista
349;976;12.0;Mediocampista
349;944;13.0;Mediocampista
349;919;20.0;Mediocampista
349;973;9.0;Delantero
349;983;17.0;Delantero
349;1008;18.0;Delantero
349;994;19.0;Delantero
349;5240;1.0;Arquero
349;5039;12.0;Arquero
349;4999;22.0;Arquero
349;4984;2.0;Defensor
349;5006;3.0;Defensor
349;5043;4.0;Defensor
349;5086;5.0;Defensor
349;5115;6.0;Defensor
349;5119;7.0;Defensor
349;5202;8.0;Defensor
349;4970;9.0;Mediocampista
349;4986;10.0;Mediocampista
349;5167;11.0;Mediocampista
349;5198;13.0;Mediocampista
349;5215;14.0;Mediocampista
349;5236;15.0;Mediocampista
349;5022;16.0;Mediocampista
349;5197;17.0;Mediocampista
349;4992;18.0;Delantero
349;5094;19.0;Delantero
349;5183;20.0;Delantero
349;5195;21.0;Delantero
349;6104;1.0;Arquero
349;6051;8.0;Arquero
349;6025;19.0;Arquero
349;6091;2.0;Defensor
349;6140;4.0;Defensor
349;6061;5.0;Defensor
349;6163;7.0;Defensor
349;6044;15.0;Defensor
349;6097;17.0;Defensor
349;6113;20.0;Defensor
349;6000;22.0;Defensor
349;6103;3.0;Mediocampista
349;6049;6.0;Mediocampista
349;6037;9.0;Mediocampista
349;6127;11.0;Mediocampista
349;6079;13.0;Mediocampista
349;5996;14.0;Mediocampista
349;6078;18.0;Mediocampista
349;6126;10.0;Delantero
349;6094;12.0;Delantero
349;6095;16.0;Delantero
349;6069;21.0;Delantero
353;538;3.0;Arquero
353;619;5.0;Arquero
353;656;13.0;Arquero
353;627;7.0;Defensor
353;628;8.0;Defensor
353;655;11.0;Defensor
353;697;15.0;Defensor
353;707;18.0;Defensor
353;714;19.0;Defensor
353;784;20.0;Defensor
353;522;1.0;Mediocampista
353;527;2.0;Mediocampista
353;626;6.0;Mediocampista
353;647;9.0;Mediocampista
353;658;12.0;Mediocampista
353;704;17.0;Mediocampista
353;795;21.0;Mediocampista
353;801;22.0;Mediocampista
353;550;4.0;Delantero
353;654;10.0;Delantero
353;668;14.0;Delantero
353;702;16.0;Delantero
353;1516;1.0;Arquero
353;1393;12.0;Arquero
353;1661;22.0;Arquero
353;1648;2.0;Defensor
353;1574;3.0;Defensor
353;1357;4.0;Defensor
353;1435;6.0;Defensor
353;1562;13.0;Defensor
353;1339;14.0;Defensor
353;1597;15.0;Defensor
353;1622;16.0;Defensor
353;1649;5.0;Mediocampista
353;1677;8.0;Mediocampista
353;1615;10.0;Mediocampista
353;1423;11.0;Mediocampista
353;1372;17.0;Mediocampista
353;1404;21.0;Mediocampista
353;1673;7.0;Delantero
353;1603;9.0;Delantero
353;1467;18.0;Delantero
353;1496;19.0;Delantero
353;1619;20.0;Delantero
353;6427;1.0;Arquero
353;6350;13.0;Arquero
353;6413;21.0;Arquero
353;6369;2.0;Defensor
353;6397;3.0;Defensor
353;6356;4.0;Defensor
353;6368;5.0;Defensor
353;6403;14.0;Defensor
353;6420;22.0;Defensor
353;6436;6.0;Mediocampista
353;6362;8.0;Mediocampista
353;6419;9.0;Mediocampista
353;6384;16.0;Mediocampista
353;6411;17.0;Mediocampista
353;6390;18.0;Mediocampista
353;6429;20.0;Mediocampista
353;6401;7.0;Delantero
353;6361;10.0;Delantero
353;6406;11.0;Delantero
353;6400;12.0;Delantero
353;6392;15.0;Delantero
353;6389;19.0;Delantero
353;6582;1.0;Arquero
353;6517;21.0;Arquero
353;6509;22.0;Arquero
353;6529;3.0;Defensor
353;6576;4.0;Defensor
353;6481;6.0;Defensor
353;6599;9.0;Defensor
353;6560;10.0;Defensor
353;6518;13.0;Defensor
353;6495;14.0;Defensor
353;6592;20.0;Defensor
353;6544;5.0;Mediocampista
353;6501;8.0;Mediocampista
353;6534;11.0;Mediocampista
353;6460;12.0;Mediocampista
353;6537;2.0;Delantero
353;6488;7.0;Delantero
353;6520;15.0;Delantero
353;6522;16.0;Delantero
353;6572;17.0;Delantero
353;6447;18.0;Delantero
353;6527;19.0;Delantero
357;174;1.0;Arquero
357;199;21.0;Arquero
357;139;22.0;Arquero
357;273;2.0;Defensor
357;33;3.0;Defensor
357;245;4.0;Defensor
357;17;5.0;Defensor
357;109;6.0;Defensor
357;44;8.0;Defensor
357;153;20.0;Defensor
357;286;7.0;Mediocampista
357;195;10.0;Mediocampista
357;205;12.0;Mediocampista
357;108;14.0;Mediocampista
357;60;15.0;Mediocampista
357;29;16.0;Mediocampista
357;129;19.0;Mediocampista
357;78;9.0;Delantero
357;102;11.0;Delantero
357;189;13.0;Delantero
357;106;17.0;Delantero
357;101;18.0;Delantero
357;297;1.0;Arquero
357;295;21.0;Arquero
357;299;22.0;Arquero
357;306;2.0;Defensor
357;296;3.0;Defensor
357;316;4.0;Defensor
357;300;5.0;Defensor
357;315;12.0;Defensor
357;304;18.0;Defensor
357;310;6.0;Mediocampista
357;309;7.0;Mediocampista
357;305;10.0;Mediocampista
357;307;13.0;Mediocampista
357;312;14.0;Mediocampista
357;303;16.0;Mediocampista
357;301;17.0;Mediocampista
357;311;19.0;Mediocampista
357;308;8.0;Delantero
357;298;9.0;Delantero
357;313;11.0;Delantero
357;314;15.0;Delantero
357;302;20.0;Delantero
357;883;1.0;Arquero
357;872;21.0;Arquero
357;866;22.0;Arquero
357;903;2.0;Defensor
357;913;3.0;Defensor
357;893;4.0;Defensor
357;829;5.0;Defensor
357;912;15.0;Defensor
357;889;16.0;Defensor
357;909;18.0;Defensor
357;884;6.0;Mediocampista
357;887;7.0;Mediocampista
357;864;8.0;Mediocampista
357;908;9.0;Mediocampista
357;901;14.0;Mediocampista
357;843;17.0;Mediocampista
357;867;10.0;Delantero
357;810;11.0;Delantero
357;812;12.0;Delantero
357;879;13.0;Delantero
357;823;19.0;Delantero
357;821;20.0;Delantero
357;2160;1.0;Arquero
357;2098;21.0;Arquero
357;2094;22.0;Arquero
357;2060;2.0;Defensor
357;2112;3.0;Defensor
357;2011;4.0;Defensor
357;2052;5.0;Defensor
357;2124;6.0;Defensor
357;2077;12.0;Defensor
357;2064;13.0;Defensor
357;2058;15.0;Defensor
357;2155;8.0;Mediocampista
357;2118;10.0;Mediocampista
357;2073;14.0;Mediocampista
357;2103;16.0;Mediocampista
357;2171;17.0;Mediocampista
357;2142;18.0;Mediocampista
357;2049;19.0;Mediocampista
357;2027;7.0;Delantero
357;2005;9.0;Delantero
357;2163;11.0;Delantero
357;2026;20.0;Delantero
361;1516;1.0;Arquero
361;1604;12.0;Arquero
361;1661;22.0;Arquero
361;1524;2.0;Defensor
361;1541;3.0;Defensor
361;1671;4.0;Defensor
361;1666;5.0;Defensor
361;1540;6.0;Defensor
361;1562;14.0;Defensor
361;1350;15.0;Defensor
361;1538;16.0;Defensor
361;1615;10.0;Mediocampista
361;1582;11.0;Mediocampista
361;1396;17.0;Mediocampista
361;1343;18.0;Mediocampista
361;1423;21.0;Mediocampista
361;1489;7.0;Delantero
361;1517;8.0;Delantero
361;1402;9.0;Delantero
361;1652;13.0;Delantero
361;1556;19.0;Delantero
361;1440;20.0;Delantero
361;3160;1.0;Arquero
361;3230;12.0;Arquero
361;3226;13.0;Arquero
361;3169;2.0;Defensor
361;3195;3.0;Defensor
361;3165;5.0;Defensor
361;3108;6.0;Defensor
361;3116;14.0;Defensor
361;3136;16.0;Defensor
361;3205;21.0;Defensor
361;3222;22.0;Defensor
361;3113;4.0;Mediocampista
361;3173;7.0;Mediocampista
361;3161;10.0;Mediocampista
361;3128;15.0;Mediocampista
361;3144;17.0;Mediocampista
361;3166;18.0;Mediocampista
361;3133;8.0;Delantero
361;3175;9.0;Delantero
361;3182;11.0;Delantero
361;3178;19.0;Delantero
361;3209;20.0;Delantero
361;7407;1.0;Arquero
361;7461;21.0;Arquero
361;7413;22.0;Arquero
361;7316;2.0;Defensor
361;7348;3.0;Defensor
361;7435;4.0;Defensor
361;7378;5.0;Defensor
361;7310;6.0;Defensor
361;7456;14.0;Defensor
361;7331;15.0;Defensor
361;7459;7.0;Mediocampista
361;7440;8.0;Mediocampista
361;7298;10.0;Mediocampista
361;7365;12.0;Mediocampista
361;7454;13.0;Mediocampista
361;7521;16.0;Mediocampista
361;7463;20.0;Mediocampista
361;7507;9.0;Delantero
361;7338;11.0;Delantero
361;7465;17.0;Delantero
361;7377;18.0;Delantero
361;7303;19.0;Delantero
361;6757;1.0;Arquero
361;6760;12.0;Arquero
361;6762;22.0;Arquero
361;6747;2.0;Defensor
361;6758;3.0;Defensor
361;6763;4.0;Defensor
361;6744;5.0;Defensor
361;6743;11.0;Defensor
361;6756;16.0;Defensor
361;6755;6.0;Mediocampista
361;6764;7.0;Mediocampista
361;6753;8.0;Mediocampista
361;6749;9.0;Mediocampista
361;6754;10.0;Mediocampista
361;6759;13.0;Mediocampista
361;6750;15.0;Mediocampista
361;6761;17.0;Mediocampista
361;6752;14.0;Delantero
361;6751;18.0;Delantero
361;6745;19.0;Delantero
361;6748;20.0;Delantero
361;6746;21.0;Delantero
365;1711;1.0;Arquero
365;1773;21.0;Arquero
365;1770;22.0;Arquero
365;1794;2.0;Defensor
365;1797;3.0;Defensor
365;1783;4.0;Defensor
365;1761;6.0;Defensor
365;1683;12.0;Defensor
365;1754;17.0;Defensor
365;1780;18.0;Defensor
365;1723;19.0;Defensor
365;1729;5.0;Mediocampista
365;1691;8.0;Mediocampista
365;1776;10.0;Mediocampista
365;1784;7.0;Delantero
365;1746;9.0;Delantero
365;1695;11.0;Delantero
365;1779;13.0;Delantero
365;1749;14.0;Delantero
365;1758;15.0;Delantero
365;1713;16.0;Delantero
365;1693;20.0;Delantero
365;6051;8.0;Arquero
365;6104;18.0;Arquero
365;6118;21.0;Arquero
365;6139;4.0;Defensor
365;6046;5.0;Defensor
365;6017;7.0;Defensor
365;6061;12.0;Defensor
365;6097;17.0;Defensor
365;6113;20.0;Defensor
365;6157;22.0;Defensor
365;6037;2.0;Mediocampista
365;6136;3.0;Mediocampista
365;6049;6.0;Mediocampista
365;6127;11.0;Mediocampista
365;6079;13.0;Mediocampista
365;6112;19.0;Mediocampista
365;6033;1.0;Delantero
365;6053;9.0;Delantero
365;6126;10.0;Delantero
365;6005;14.0;Delantero
365;6094;15.0;Delantero
365;6095;16.0;Delantero
365;7675;1.0;Arquero
365;7711;12.0;Arquero
365;7667;17.0;Arquero
365;7754;2.0;Defensor
365;7698;3.0;Defensor
365;7747;4.0;Defensor
365;7605;5.0;Defensor
365;7663;13.0;Defensor
365;7621;18.0;Defensor
365;7658;6.0;Mediocampista
365;7706;7.0;Mediocampista
365;7702;9.0;Mediocampista
365;7792;14.0;Mediocampista
365;7643;16.0;Mediocampista
365;7637;19.0;Mediocampista
365;7719;20.0;Mediocampista
365;7760;21.0;Mediocampista
365;7596;22.0;Mediocampista
365;7796;8.0;Delantero
365;7642;10.0;Delantero
365;7771;11.0;Delantero
365;7725;15.0;Delantero
365;8353;1.0;Arquero
365;8423;12.0;Arquero
365;8298;22.0;Arquero
365;8332;2.0;Defensor
365;8350;3.0;Defensor
365;8304;4.0;Defensor
365;8361;5.0;Defensor
365;8379;6.0;Defensor
365;8288;13.0;Defensor
365;8310;14.0;Defensor
365;8323;15.0;Defensor
365;8280;7.0;Mediocampista
365;8296;8.0;Mediocampista
365;8407;10.0;Mediocampista
365;8266;16.0;Mediocampista
365;8333;17.0;Mediocampista
365;8346;18.0;Mediocampista
365;8365;9.0;Delantero
365;8275;11.0;Delantero
365;8359;19.0;Delantero
365;8432;20.0;Delantero
365;8316;21.0;Delantero
369;574;1.0;Arquero
369;619;12.0;Arquero
369;763;21.0;Arquero
369;541;5.0;Defensor
369;575;7.0;Defensor
369;634;9.0;Defensor
369;644;10.0;Defensor
369;725;14.0;Defensor
369;756;16.0;Defensor
369;778;17.0;Defensor
369;787;19.0;Defensor
369;804;20.0;Defensor
369;560;6.0;Mediocampista
369;581;8.0;Mediocampista
369;785;18.0;Mediocampista
369;534;2.0;Delantero
369;535;3.0;Delantero
369;537;4.0;Delantero
369;647;11.0;Delantero
369;654;13.0;Delantero
369;733;15.0;Delantero
369;805;22.0;Delantero
369;4192;1.0;Arquero
369;4200;2.0;Arquero
369;4195;22.0;Arquero
369;4186;3.0;Defensor
369;4184;4.0;Defensor
369;4191;5.0;Defensor
369;4189;6.0;Defensor
369;4194;12.0;Defensor
369;4199;14.0;Defensor
369;4197;17.0;Defensor
369;4198;21.0;Defensor
369;4205;7.0;Mediocampista
369;4190;8.0;Mediocampista
369;4185;9.0;Mediocampista
369;4193;10.0;Mediocampista
369;4201;13.0;Mediocampista
369;4187;19.0;Mediocampista
369;4202;11.0;Delantero
369;4203;15.0;Delantero
369;4196;16.0;Delantero
369;4188;18.0;Delantero
369;4204;20.0;Delantero
369;5240;1.0;Arquero
369;4960;12.0;Arquero
369;5021;22.0;Arquero
369;5212;2.0;Defensor
369;5066;3.0;Defensor
369;5142;5.0;Defensor
369;5005;6.0;Defensor
369;5196;13.0;Defensor
369;4984;14.0;Defensor
369;5234;15.0;Defensor
369;4986;4.0;Mediocampista
369;5131;7.0;Mediocampista
369;5012;8.0;Mediocampista
369;5190;10.0;Mediocampista
369;5105;16.0;Mediocampista
369;5187;17.0;Mediocampista
369;5022;18.0;Mediocampista
369;5030;9.0;Delantero
369;5189;11.0;Delantero
369;4966;19.0;Delantero
369;4996;20.0;Delantero
369;5183;21.0;Delantero
369;6469;1.0;Arquero
369;6582;2.0;Arquero
369;6496;3.0;Arquero
369;6576;4.0;Defensor
369;6485;5.0;Defensor
369;6481;6.0;Defensor
369;6452;8.0;Defensor
369;6599;9.0;Defensor
369;6543;10.0;Defensor
369;6588;7.0;Mediocampista
369;6459;11.0;Mediocampista
369;6460;12.0;Mediocampista
369;6501;13.0;Mediocampista
369;6533;14.0;Mediocampista
369;6489;15.0;Delantero
369;6522;16.0;Delantero
369;6572;17.0;Delantero
369;6472;18.0;Delantero
369;6462;19.0;Delantero
369;6499;20.0;Delantero
369;6505;21.0;Delantero
369;6520;22.0;Delantero
373;297;1.0;Arquero
373;295;21.0;Arquero
373;299;22.0;Arquero
373;306;2.0;Defensor
373;296;3.0;Defensor
373;316;4.0;Defensor
373;300;5.0;Defensor
373;315;12.0;Defensor
373;304;18.0;Defensor
373;310;6.0;Mediocampista
373;309;7.0;Mediocampista
373;305;10.0;Mediocampista
373;307;13.0;Mediocampista
373;312;14.0;Mediocampista
373;303;16.0;Mediocampista
373;301;17.0;Mediocampista
373;311;19.0;Mediocampista
373;308;8.0;Delantero
373;298;9.0;Delantero
373;313;11.0;Delantero
373;314;15.0;Delantero
373;302;20.0;Delantero
373;574;1.0;Arquero
373;619;12.0;Arquero
373;763;21.0;Arquero
373;541;5.0;Defensor
373;575;7.0;Defensor
373;634;9.0;Defensor
373;644;10.0;Defensor
373;725;14.0;Defensor
373;756;16.0;Defensor
373;778;17.0;Defensor
373;787;19.0;Defensor
373;804;20.0;Defensor
373;560;6.0;Mediocampista
373;581;8.0;Mediocampista
373;785;18.0;Mediocampista
373;534;2.0;Delantero
373;535;3.0;Delantero
373;537;4.0;Delantero
373;647;11.0;Delantero
373;654;13.0;Delantero
373;733;15.0;Delantero
373;805;22.0;Delantero
373;1516;1.0;Arquero
373;1604;12.0;Arquero
373;1661;22.0;Arquero
373;1524;2.0;Defensor
373;1541;3.0;Defensor
373;1671;4.0;Defensor
373;1666;5.0;Defensor
373;1540;6.0;Defensor
373;1562;14.0;Defensor
373;1350;15.0;Defensor
373;1538;16.0;Defensor
373;1615;10.0;Mediocampista
373;1582;11.0;Mediocampista
373;1396;17.0;Mediocampista
373;1343;18.0;Mediocampista
373;1423;21.0;Mediocampista
373;1489;7.0;Delantero
373;1517;8.0;Delantero
373;1402;9.0;Delantero
373;1652;13.0;Delantero
373;1556;19.0;Delantero
373;1440;20.0;Delantero
373;6051;8.0;Arquero
373;6104;18.0;Arquero
373;6118;21.0;Arquero
373;6139;4.0;Defensor
373;6046;5.0;Defensor
373;6017;7.0;Defensor
373;6061;12.0;Defensor
373;6097;17.0;Defensor
373;6113;20.0;Defensor
373;6157;22.0;Defensor
373;6037;2.0;Mediocampista
373;6136;3.0;Mediocampista
373;6049;6.0;Mediocampista
373;6127;11.0;Mediocampista
373;6079;13.0;Mediocampista
373;6112;19.0;Mediocampista
373;6033;1.0;Delantero
373;6053;9.0;Delantero
373;6126;10.0;Delantero
373;6005;14.0;Delantero
373;6094;15.0;Delantero
373;6095;16.0;Delantero
377;174;1.0;Arquero
377;199;21.0;Arquero
377;139;22.0;Arquero
377;273;2.0;Defensor
377;33;3.0;Defensor
377;245;4.0;Defensor
377;17;5.0;Defensor
377;109;6.0;Defensor
377;44;8.0;Defensor
377;153;20.0;Defensor
377;286;7.0;Mediocampista
377;195;10.0;Mediocampista
377;205;12.0;Mediocampista
377;108;14.0;Mediocampista
377;60;15.0;Mediocampista
377;29;16.0;Mediocampista
377;129;19.0;Mediocampista
377;78;9.0;Delantero
377;102;11.0;Delantero
377;189;13.0;Delantero
377;106;17.0;Delantero
377;101;18.0;Delantero
377;6469;1.0;Arquero
377;6582;2.0;Arquero
377;6496;3.0;Arquero
377;6576;4.0;Defensor
377;6485;5.0;Defensor
377;6481;6.0;Defensor
377;6452;8.0;Defensor
377;6599;9.0;Defensor
377;6543;10.0;Defensor
377;6588;7.0;Mediocampista
377;6459;11.0;Mediocampista
377;6460;12.0;Mediocampista
377;6501;13.0;Mediocampista
377;6533;14.0;Mediocampista
377;6489;15.0;Delantero
377;6522;16.0;Delantero
377;6572;17.0;Delantero
377;6472;18.0;Delantero
377;6462;19.0;Delantero
377;6499;20.0;Delantero
377;6505;21.0;Delantero
377;6520;22.0;Delantero
377;7675;1.0;Arquero
377;7711;12.0;Arquero
377;7667;17.0;Arquero
377;7754;2.0;Defensor
377;7698;3.0;Defensor
377;7747;4.0;Defensor
377;7605;5.0;Defensor
377;7663;13.0;Defensor
377;7621;18.0;Defensor
377;7658;6.0;Mediocampista
377;7706;7.0;Mediocampista
377;7702;9.0;Mediocampista
377;7792;14.0;Mediocampista
377;7643;16.0;Mediocampista
377;7637;19.0;Mediocampista
377;7719;20.0;Mediocampista
377;7760;21.0;Mediocampista
377;7596;22.0;Mediocampista
377;7796;8.0;Delantero
377;7642;10.0;Delantero
377;7771;11.0;Delantero
377;7725;15.0;Delantero
377;7407;1.0;Arquero
377;7461;21.0;Arquero
377;7413;22.0;Arquero
377;7316;2.0;Defensor
377;7348;3.0;Defensor
377;7435;4.0;Defensor
377;7378;5.0;Defensor
377;7310;6.0;Defensor
377;7456;14.0;Defensor
377;7331;15.0;Defensor
377;7459;7.0;Mediocampista
377;7440;8.0;Mediocampista
377;7298;10.0;Mediocampista
377;7365;12.0;Mediocampista
377;7454;13.0;Mediocampista
377;7521;16.0;Mediocampista
377;7463;20.0;Mediocampista
377;7507;9.0;Delantero
377;7338;11.0;Delantero
377;7465;17.0;Delantero
377;7377;18.0;Delantero
377;7303;19.0;Delantero
381;1179;1.0;Arquero
381;1204;12.0;Arquero
381;1114;22.0;Arquero
381;1133;2.0;Defensor
381;1202;3.0;Defensor
381;1108;4.0;Defensor
381;1140;5.0;Defensor
381;1050;13.0;Defensor
381;1149;14.0;Defensor
381;1175;20.0;Defensor
381;1111;6.0;Mediocampista
381;1190;7.0;Mediocampista
381;1225;8.0;Mediocampista
381;1211;15.0;Mediocampista
381;1239;17.0;Mediocampista
381;1107;9.0;Delantero
381;1219;10.0;Delantero
381;1184;11.0;Delantero
381;1182;16.0;Delantero
381;1143;18.0;Delantero
381;1066;19.0;Delantero
381;1138;21.0;Delantero
381;3052;1.0;Arquero
381;3062;13.0;Arquero
381;3044;20.0;Arquero
381;3069;2.0;Defensor
381;3054;3.0;Defensor
381;3057;4.0;Defensor
381;3060;5.0;Defensor
381;3053;14.0;Defensor
381;3041;18.0;Defensor
381;3064;6.0;Mediocampista
381;3071;7.0;Mediocampista
381;3074;8.0;Mediocampista
381;3055;9.0;Mediocampista
381;3058;12.0;Mediocampista
381;3073;16.0;Mediocampista
381;3056;19.0;Mediocampista
381;3076;22.0;Mediocampista
381;3045;10.0;Delantero
381;3037;11.0;Delantero
381;3039;15.0;Delantero
381;3063;17.0;Delantero
381;3035;21.0;Delantero
381;5549;1.0;Arquero
381;5673;12.0;Arquero
381;5560;22.0;Arquero
381;5515;2.0;Defensor
381;5698;3.0;Defensor
381;5670;4.0;Defensor
381;5702;5.0;Defensor
381;5629;6.0;Defensor
381;5765;13.0;Defensor
381;5624;14.0;Defensor
381;5721;7.0;Mediocampista
381;5675;8.0;Mediocampista
381;5711;15.0;Mediocampista
381;5585;16.0;Mediocampista
381;5616;17.0;Mediocampista
381;5772;18.0;Mediocampista
381;5542;9.0;Delantero
381;5649;10.0;Delantero
381;5693;11.0;Delantero
381;5764;19.0;Delantero
381;5533;20.0;Delantero
381;5599;21.0;Delantero
381;7199;1.0;Arquero
381;7116;2.0;Arquero
381;7220;13.0;Arquero
381;7046;3.0;Defensor
381;7088;4.0;Defensor
381;7114;5.0;Defensor
381;7148;6.0;Defensor
381;7147;7.0;Defensor
381;7124;8.0;Defensor
381;7198;9.0;Defensor
381;7229;10.0;Defensor
381;7052;11.0;Mediocampista
381;7126;12.0;Mediocampista
381;7163;14.0;Mediocampista
381;7194;15.0;Mediocampista
381;7062;16.0;Delantero
381;7224;17.0;Delantero
381;7157;18.0;Delantero
381;7167;19.0;Delantero
381;7178;20.0;Delantero
381;7122;21.0;Delantero
381;7176;22.0;Delantero
385;4956;1.0;Arquero
385;4941;21.0;Arquero
385;4943;22.0;Arquero
385;4935;2.0;Defensor
385;4936;3.0;Defensor
385;4944;4.0;Defensor
385;4946;5.0;Defensor
385;4947;6.0;Defensor
385;4949;12.0;Defensor
385;4955;16.0;Defensor
385;4942;20.0;Defensor
385;4948;7.0;Mediocampista
385;4952;8.0;Mediocampista
385;4951;19.0;Mediocampista
385;4940;9.0;Delantero
385;4953;10.0;Delantero
385;4938;11.0;Delantero
385;4939;13.0;Delantero
385;4950;14.0;Delantero
385;4954;15.0;Delantero
385;4937;17.0;Delantero
385;4945;18.0;Delantero
385;4960;1.0;Arquero
385;5240;12.0;Arquero
385;5231;17.0;Arquero
385;5005;2.0;Defensor
385;5066;3.0;Defensor
385;5180;4.0;Defensor
385;5024;5.0;Defensor
385;5068;6.0;Defensor
385;5151;7.0;Defensor
385;5193;8.0;Defensor
385;5182;9.0;Defensor
385;4989;10.0;Mediocampista
385;5190;14.0;Mediocampista
385;5131;15.0;Mediocampista
385;5051;16.0;Mediocampista
385;5105;18.0;Mediocampista
385;5080;21.0;Mediocampista
385;5189;11.0;Delantero
385;5060;13.0;Delantero
385;5092;19.0;Delantero
385;4996;20.0;Delantero
385;5181;22.0;Delantero
385;7675;1.0;Arquero
385;7711;12.0;Arquero
385;7762;17.0;Arquero
385;7773;2.0;Defensor
385;7623;3.0;Defensor
385;7747;4.0;Defensor
385;7663;5.0;Defensor
385;7703;14.0;Defensor
385;7727;15.0;Defensor
385;7754;20.0;Defensor
385;7790;6.0;Mediocampista
385;7706;7.0;Mediocampista
385;7651;8.0;Mediocampista
385;7760;11.0;Mediocampista
385;7744;16.0;Mediocampista
385;7734;19.0;Mediocampista
385;7643;21.0;Mediocampista
385;7702;9.0;Delantero
385;7658;10.0;Delantero
385;7637;13.0;Delantero
385;7797;18.0;Delantero
385;7757;22.0;Delantero
385;8353;1.0;Arquero
385;8423;12.0;Arquero
385;8276;22.0;Arquero
385;8239;2.0;Defensor
385;8352;3.0;Defensor
385;8448;4.0;Defensor
385;8366;6.0;Defensor
385;8261;14.0;Defensor
385;8361;5.0;Mediocampista
385;8280;7.0;Mediocampista
385;8407;8.0;Mediocampista
385;8296;9.0;Mediocampista
385;8344;10.0;Mediocampista
385;8420;13.0;Mediocampista
385;8259;16.0;Mediocampista
385;8278;20.0;Mediocampista
385;8362;11.0;Delantero
385;8302;15.0;Delantero
385;8245;17.0;Delantero
385;8315;18.0;Delantero
385;8465;19.0;Delantero
385;8339;21.0;Delantero
389;1451;1.0;Arquero
389;1344;12.0;Arquero
389;1516;22.0;Arquero
389;1387;2.0;Defensor
389;1666;3.0;Defensor
389;1394;4.0;Defensor
389;1538;6.0;Defensor
389;1368;14.0;Defensor
389;1456;15.0;Defensor
389;1445;16.0;Defensor
389;1495;17.0;Defensor
389;1671;21.0;Defensor
389;1407;5.0;Mediocampista
389;1466;8.0;Mediocampista
389;1650;9.0;Mediocampista
389;1615;11.0;Mediocampista
389;1582;18.0;Mediocampista
389;1489;7.0;Delantero
389;1591;10.0;Delantero
389;1616;13.0;Delantero
389;1440;19.0;Delantero
389;1413;20.0;Delantero
389;6925;1.0;Arquero
389;6797;13.0;Arquero
389;6922;22.0;Arquero
389;6791;2.0;Defensor
389;6862;3.0;Defensor
389;6802;4.0;Defensor
389;6810;5.0;Defensor
389;6883;12.0;Defensor
389;6813;14.0;Defensor
389;6933;15.0;Defensor
389;6851;6.0;Mediocampista
389;6923;7.0;Mediocampista
389;6850;9.0;Mediocampista
389;6812;16.0;Mediocampista
389;6889;17.0;Mediocampista
389;6924;18.0;Mediocampista
389;6881;8.0;Delantero
389;6765;10.0;Delantero
389;6822;11.0;Delantero
389;6824;19.0;Delantero
389;6766;20.0;Delantero
389;6784;21.0;Delantero
389;4444;1.0;Arquero
389;4456;12.0;Arquero
389;4637;13.0;Arquero
389;4591;2.0;Defensor
389;4489;3.0;Defensor
389;4554;5.0;Defensor
389;4584;6.0;Defensor
389;4674;14.0;Defensor
389;4642;15.0;Defensor
389;4477;17.0;Defensor
389;4588;4.0;Mediocampista
389;4443;8.0;Mediocampista
389;4476;9.0;Mediocampista
389;4537;16.0;Mediocampista
389;4540;18.0;Mediocampista
389;4453;19.0;Mediocampista
389;4559;7.0;Delantero
389;4541;10.0;Delantero
389;4602;11.0;Delantero
389;4594;20.0;Delantero
389;4480;21.0;Delantero
389;4438;22.0;Delantero
389;7018;1.0;Arquero
389;6934;21.0;Arquero
389;6976;22.0;Arquero
389;7028;2.0;Defensor
389;6990;3.0;Defensor
389;6995;4.0;Defensor
389;6962;5.0;Defensor
389;6952;6.0;Defensor
389;6980;12.0;Defensor
389;6959;13.0;Defensor
389;7008;20.0;Defensor
389;6960;7.0;Mediocampista
389;6965;8.0;Mediocampista
389;7004;10.0;Mediocampista
389;6975;14.0;Mediocampista
389;6970;15.0;Mediocampista
389;7002;16.0;Mediocampista
389;6968;9.0;Delantero
389;6987;11.0;Delantero
389;7038;17.0;Delantero
389;7040;18.0;Delantero
389;6966;19.0;Delantero
393;174;1.0;Arquero
393;175;21.0;Arquero
393;288;22.0;Arquero
393;109;2.0;Defensor
393;240;3.0;Defensor
393;17;4.0;Defensor
393;241;5.0;Defensor
393;279;6.0;Defensor
393;273;7.0;Defensor
393;58;11.0;Defensor
393;207;15.0;Defensor
393;170;16.0;Defensor
393;248;18.0;Defensor
393;85;8.0;Mediocampista
393;205;12.0;Mediocampista
393;46;19.0;Mediocampista
393;247;9.0;Delantero
393;94;10.0;Delantero
393;189;13.0;Delantero
393;165;14.0;Delantero
393;169;17.0;Delantero
393;78;20.0;Delantero
393;1770;1.0;Arquero
393;1791;13.0;Arquero
393;1724;22.0;Arquero
393;1769;2.0;Defensor
393;1700;3.0;Defensor
393;1683;4.0;Defensor
393;1761;6.0;Defensor
393;1706;12.0;Defensor
393;1797;14.0;Defensor
393;1705;15.0;Defensor
393;1694;5.0;Mediocampista
393;1691;8.0;Mediocampista
393;1696;11.0;Mediocampista
393;1754;16.0;Mediocampista
393;1732;17.0;Mediocampista
393;1766;7.0;Delantero
393;1798;9.0;Delantero
393;1786;10.0;Delantero
393;1742;18.0;Delantero
393;1688;19.0;Delantero
393;1750;20.0;Delantero
393;1713;21.0;Delantero
393;5413;1.0;Arquero
393;5469;12.0;Arquero
393;5494;19.0;Arquero
393;5481;2.0;Defensor
393;5416;3.0;Defensor
393;5476;4.0;Defensor
393;5505;5.0;Defensor
393;5461;13.0;Defensor
393;5457;18.0;Defensor
393;5483;6.0;Mediocampista
393;5501;7.0;Mediocampista
393;5410;8.0;Mediocampista
393;5447;10.0;Mediocampista
393;5435;15.0;Mediocampista
393;5433;16.0;Mediocampista
393;5463;9.0;Delantero
393;5464;11.0;Delantero
393;5473;14.0;Delantero
393;5400;17.0;Delantero
393;6421;1.0;Arquero
393;6358;12.0;Arquero
393;6385;21.0;Arquero
393;6351;2.0;Defensor
393;6364;3.0;Defensor
393;6356;4.0;Defensor
393;6374;5.0;Defensor
393;6382;13.0;Defensor
393;6372;14.0;Defensor
393;6381;15.0;Defensor
393;6424;16.0;Defensor
393;6399;6.0;Mediocampista
393;6355;7.0;Mediocampista
393;6348;8.0;Mediocampista
393;6360;17.0;Mediocampista
393;6416;19.0;Mediocampista
393;6393;9.0;Delantero
393;6361;10.0;Delantero
393;6376;11.0;Delantero
393;6366;18.0;Delantero
393;6429;20.0;Delantero
393;6414;22.0;Delantero
397;3754;1.0;Arquero
397;3790;21.0;Arquero
397;3963;22.0;Arquero
397;3777;5.0;Defensor
397;3784;6.0;Defensor
397;3798;7.0;Defensor
397;3813;11.0;Defensor
397;3830;12.0;Defensor
397;3752;2.0;Mediocampista
397;3776;4.0;Mediocampista
397;3864;15.0;Mediocampista
397;3865;16.0;Mediocampista
397;3923;17.0;Mediocampista
397;3936;18.0;Mediocampista
397;3756;3.0;Delantero
397;3804;8.0;Delantero
397;3805;9.0;Delantero
397;3812;10.0;Delantero
397;3852;13.0;Delantero
397;3861;14.0;Delantero
397;3950;19.0;Delantero
397;3966;20.0;Delantero
397;4444;1.0;Arquero
397;4635;12.0;Arquero
397;4456;13.0;Arquero
397;4485;2.0;Defensor
397;4668;3.0;Defensor
397;4477;5.0;Defensor
397;4584;6.0;Defensor
397;4436;14.0;Defensor
397;4468;15.0;Defensor
397;4540;18.0;Defensor
397;4642;4.0;Mediocampista
397;4443;7.0;Mediocampista
397;4602;16.0;Mediocampista
397;4509;17.0;Mediocampista
397;4471;20.0;Mediocampista
397;4521;8.0;Delantero
397;4476;9.0;Delantero
397;4541;10.0;Delantero
397;4488;11.0;Delantero
397;4598;19.0;Delantero
397;4539;21.0;Delantero
397;4503;22.0;Delantero
397;5553;1.0;Arquero
397;5549;12.0;Arquero
397;5766;22.0;Arquero
397;5564;2.0;Defensor
397;5698;3.0;Defensor
397;5583;4.0;Defensor
397;5638;5.0;Defensor
397;5616;13.0;Defensor
397;5684;14.0;Defensor
397;5585;6.0;Mediocampista
397;5568;9.0;Mediocampista
397;5629;15.0;Mediocampista
397;5717;16.0;Mediocampista
397;5665;17.0;Mediocampista
397;5738;7.0;Delantero
397;5693;8.0;Delantero
397;5599;10.0;Delantero
397;5636;11.0;Delantero
397;5677;18.0;Delantero
397;5720;19.0;Delantero
397;5542;20.0;Delantero
397;5682;21.0;Delantero
397;8353;1.0;Arquero
397;8436;12.0;Arquero
397;8442;22.0;Arquero
397;8447;2.0;Defensor
397;8345;3.0;Defensor
397;8304;4.0;Defensor
397;8318;5.0;Defensor
397;8289;13.0;Defensor
397;8448;15.0;Defensor
397;8397;20.0;Defensor
397;8259;6.0;Mediocampista
397;8278;7.0;Mediocampista
397;8235;14.0;Mediocampista
397;8234;16.0;Mediocampista
397;8431;19.0;Mediocampista
397;8296;21.0;Mediocampista
397;8452;8.0;Delantero
397;8425;9.0;Delantero
397;8407;10.0;Delantero
397;8390;11.0;Delantero
397;8418;17.0;Delantero
397;8461;18.0;Delantero
401;268;1.0;Arquero
401;22;21.0;Arquero
401;174;22.0;Arquero
401;109;2.0;Defensor
401;240;3.0;Defensor
401;241;5.0;Defensor
401;279;6.0;Defensor
401;171;14.0;Defensor
401;207;15.0;Defensor
401;208;17.0;Defensor
401;248;18.0;Defensor
401;17;4.0;Mediocampista
401;35;7.0;Mediocampista
401;85;8.0;Mediocampista
401;205;12.0;Mediocampista
401;170;16.0;Mediocampista
401;247;9.0;Delantero
401;94;10.0;Delantero
401;54;11.0;Delantero
401;113;13.0;Delantero
401;150;19.0;Delantero
401;78;20.0;Delantero
401;748;1.0;Arquero
401;651;2.0;Arquero
401;632;3.0;Arquero
401;725;4.0;Defensor
401;568;6.0;Defensor
401;676;7.0;Defensor
401;618;8.0;Defensor
401;665;13.0;Defensor
401;797;5.0;Mediocampista
401;771;9.0;Mediocampista
401;738;10.0;Mediocampista
401;716;11.0;Mediocampista
401;518;12.0;Mediocampista
401;764;17.0;Mediocampista
401;579;14.0;Delantero
401;774;15.0;Delantero
401;636;16.0;Delantero
401;746;18.0;Delantero
401;529;19.0;Delantero
401;698;20.0;Delantero
401;677;21.0;Delantero
401;783;22.0;Delantero
401;3413;1.0;Arquero
401;3339;12.0;Arquero
401;3508;13.0;Arquero
401;3526;2.0;Defensor
401;3375;3.0;Defensor
401;3514;14.0;Defensor
401;3507;15.0;Defensor
401;3476;16.0;Defensor
401;3310;21.0;Defensor
401;3371;4.0;Mediocampista
401;3570;5.0;Mediocampista
401;3394;6.0;Mediocampista
401;3542;10.0;Mediocampista
401;3387;17.0;Mediocampista
401;3491;18.0;Mediocampista
401;3550;7.0;Delantero
401;3320;8.0;Delantero
401;3449;9.0;Delantero
401;3393;11.0;Delantero
401;3385;19.0;Delantero
401;3487;20.0;Delantero
401;3432;22.0;Delantero
401;7852;1.0;Arquero
401;7851;12.0;Arquero
401;7939;22.0;Arquero
401;7809;2.0;Defensor
401;7811;3.0;Defensor
401;7828;5.0;Defensor
401;7871;7.0;Defensor
401;7879;9.0;Defensor
401;7908;14.0;Defensor
401;7954;18.0;Defensor
401;7970;19.0;Defensor
401;7978;20.0;Defensor
401;7814;4.0;Mediocampista
401;7845;6.0;Mediocampista
401;7904;11.0;Mediocampista
401;7928;15.0;Mediocampista
401;7875;8.0;Delantero
401;7885;10.0;Delantero
401;7903;13.0;Delantero
401;7940;16.0;Delantero
401;7953;17.0;Delantero
401;7987;21.0;Delantero
405;1470;1.0;Arquero
405;1534;12.0;Arquero
405;1424;2.0;Defensor
405;1454;3.0;Defensor
405;1376;4.0;Defensor
405;1387;5.0;Defensor
405;1355;6.0;Defensor
405;1572;7.0;Defensor
405;1583;8.0;Defensor
405;1613;9.0;Defensor
405;1466;11.0;Mediocampista
405;1417;13.0;Mediocampista
405;1520;14.0;Mediocampista
405;1679;15.0;Mediocampista
405;1650;20.0;Mediocampista
405;1591;10.0;Delantero
405;1463;16.0;Delantero
405;1489;17.0;Delantero
405;1347;18.0;Delantero
405;1637;19.0;Delantero
405;1578;21.0;Delantero
405;1440;22.0;Delantero
405;1752;1.0;Arquero
405;1770;21.0;Arquero
405;1697;22.0;Arquero
405;1769;2.0;Defensor
405;1785;3.0;Defensor
405;1705;4.0;Defensor
405;1761;5.0;Defensor
405;1745;12.0;Defensor
405;1740;15.0;Defensor
405;1686;19.0;Defensor
405;1696;7.0;Mediocampista
405;1728;8.0;Mediocampista
405;1787;18.0;Mediocampista
405;1694;20.0;Mediocampista
405;1797;6.0;Delantero
405;1688;9.0;Delantero
405;1798;10.0;Delantero
405;1731;11.0;Delantero
405;1786;13.0;Delantero
405;1737;14.0;Delantero
405;1735;16.0;Delantero
405;1682;17.0;Delantero
405;4384;1.0;Arquero
405;4302;21.0;Arquero
405;4301;22.0;Arquero
405;4315;2.0;Defensor
405;4342;3.0;Defensor
405;4377;4.0;Defensor
405;4345;5.0;Defensor
405;4385;17.0;Defensor
405;4313;18.0;Defensor
405;4374;6.0;Mediocampista
405;4404;8.0;Mediocampista
405;4341;13.0;Mediocampista
405;4351;14.0;Mediocampista
405;4270;7.0;Delantero
405;4264;9.0;Delantero
405;4294;10.0;Delantero
405;4366;11.0;Delantero
405;4296;12.0;Delantero
405;4346;15.0;Delantero
405;4391;16.0;Delantero
405;4363;19.0;Delantero
405;4349;20.0;Delantero
405;6608;1.0;Arquero
405;6621;2.0;Arquero
405;6671;3.0;Arquero
405;6739;4.0;Defensor
405;6653;5.0;Defensor
405;6657;9.0;Defensor
405;6628;14.0;Defensor
405;6685;17.0;Defensor
405;6603;20.0;Defensor
405;6670;21.0;Defensor
405;6647;22.0;Defensor
405;6710;6.0;Mediocampista
405;6624;10.0;Mediocampista
405;6661;16.0;Mediocampista
405;6629;19.0;Mediocampista
405;6640;7.0;Delantero
405;6675;8.0;Delantero
405;6732;11.0;Delantero
405;6669;12.0;Delantero
405;6641;13.0;Delantero
405;6677;15.0;Delantero
405;6736;18.0;Delantero
409;2062;9.0;Arquero
409;2098;13.0;Arquero
409;2016;2.0;Defensor
409;2039;5.0;Defensor
409;2047;6.0;Defensor
409;2052;7.0;Defensor
409;2158;20.0;Defensor
409;2167;21.0;Defensor
409;2036;4.0;Mediocampista
409;2054;8.0;Mediocampista
409;2067;10.0;Mediocampista
409;2079;12.0;Mediocampista
409;2111;14.0;Mediocampista
409;2137;17.0;Mediocampista
409;2009;1.0;Delantero
409;2021;3.0;Delantero
409;2072;11.0;Delantero
409;2114;15.0;Delantero
409;2117;16.0;Delantero
409;2149;18.0;Delantero
409;2155;19.0;Delantero
409;2171;22.0;Delantero
409;2322;1.0;Arquero
409;2323;9.0;Arquero
409;2332;2.0;Defensor
409;2343;3.0;Defensor
409;2311;4.0;Defensor
409;2326;5.0;Defensor
409;2325;16.0;Defensor
409;2308;6.0;Mediocampista
409;2331;7.0;Mediocampista
409;2312;10.0;Mediocampista
409;2306;11.0;Mediocampista
409;2329;13.0;Mediocampista
409;2305;14.0;Mediocampista
409;2335;8.0;Delantero
409;2319;12.0;Delantero
409;2344;15.0;Delantero
409;2314;17.0;Delantero
409;2313;18.0;Delantero
409;2321;19.0;Delantero
409;2342;20.0;Delantero
409;2301;21.0;Delantero
409;2324;22.0;Delantero
409;4960;1.0;Arquero
409;4971;2.0;Arquero
409;5178;18.0;Arquero
409;5005;5.0;Defensor
409;5066;6.0;Defensor
409;5098;8.0;Defensor
409;5104;9.0;Defensor
409;5106;11.0;Defensor
409;5193;21.0;Defensor
409;5199;22.0;Defensor
409;5004;4.0;Mediocampista
409;5076;7.0;Mediocampista
409;5105;10.0;Mediocampista
409;5107;12.0;Mediocampista
409;5109;13.0;Mediocampista
409;5131;14.0;Mediocampista
409;5190;19.0;Mediocampista
409;5191;20.0;Mediocampista
409;4981;3.0;Delantero
409;5134;15.0;Delantero
409;5164;16.0;Delantero
409;5169;17.0;Delantero
409;7220;1.0;Arquero
409;7116;21.0;Arquero
409;7056;22.0;Arquero
409;7170;3.0;Defensor
409;7174;4.0;Defensor
409;7046;5.0;Defensor
409;7198;6.0;Defensor
409;7100;9.0;Defensor
409;7080;10.0;Defensor
409;7129;13.0;Defensor
409;7124;7.0;Mediocampista
409;7184;8.0;Mediocampista
409;7217;12.0;Mediocampista
409;7200;14.0;Mediocampista
409;7194;2.0;Delantero
409;7075;11.0;Delantero
409;7125;15.0;Delantero
409;7157;16.0;Delantero
409;7176;17.0;Delantero
409;7055;18.0;Delantero
409;7150;19.0;Delantero
409;7153;20.0;Delantero
413;2282;1.0;Arquero
413;2295;2.0;Arquero
413;2298;3.0;Defensor
413;2200;4.0;Defensor
413;2237;5.0;Defensor
413;2214;6.0;Defensor
413;2201;7.0;Defensor
413;2225;8.0;Defensor
413;2250;11.0;Defensor
413;2286;9.0;Mediocampista
413;2285;10.0;Mediocampista
413;2287;12.0;Mediocampista
413;2217;15.0;Mediocampista
413;2196;13.0;Delantero
413;2265;14.0;Delantero
413;2268;16.0;Delantero
413;2248;17.0;Delantero
413;2227;18.0;Delantero
413;2232;19.0;Delantero
413;2274;20.0;Delantero
413;2236;21.0;Delantero
413;2202;22.0;Delantero
413;7220;1.0;Arquero
413;7154;2.0;Arquero
413;7131;3.0;Arquero
413;7086;4.0;Defensor
413;7077;5.0;Defensor
413;7170;6.0;Defensor
413;7155;7.0;Defensor
413;7198;8.0;Defensor
413;7152;9.0;Mediocampista
413;7164;10.0;Mediocampista
413;7184;11.0;Mediocampista
413;7217;12.0;Mediocampista
413;7105;13.0;Delantero
413;7110;14.0;Delantero
413;7112;15.0;Delantero
413;7151;16.0;Delantero
413;7156;17.0;Delantero
413;7157;18.0;Delantero
413;7173;19.0;Delantero
413;7194;20.0;Delantero
413;7125;21.0;Delantero
413;7075;22.0;Delantero
413;8436;1.0;Arquero
413;8343;12.0;Arquero
413;8447;2.0;Defensor
413;8235;3.0;Defensor
413;8356;4.0;Defensor
413;8318;5.0;Defensor
413;8348;14.0;Defensor
413;8434;15.0;Defensor
413;8325;17.0;Defensor
413;8234;18.0;Defensor
413;8281;6.0;Mediocampista
413;8278;8.0;Mediocampista
413;8407;10.0;Mediocampista
413;8320;16.0;Mediocampista
413;8256;22.0;Mediocampista
413;8390;7.0;Delantero
413;8425;9.0;Delantero
413;8280;11.0;Delantero
413;8334;19.0;Delantero
413;8250;20.0;Delantero
413;8431;21.0;Delantero
413;8295;23.0;Delantero
413;7489;1.0;Arquero
413;7392;12.0;Arquero
413;7501;19.0;Arquero
413;7336;2.0;Defensor
413;7375;3.0;Defensor
413;7409;5.0;Defensor
413;7510;13.0;Defensor
413;7486;14.0;Defensor
413;7438;20.0;Defensor
413;7471;4.0;Mediocampista
413;7466;6.0;Mediocampista
413;7299;7.0;Mediocampista
413;7483;8.0;Mediocampista
413;7411;15.0;Mediocampista
413;7434;16.0;Mediocampista
413;7361;22.0;Mediocampista
413;7364;9.0;Delantero
413;7342;10.0;Delantero
413;7487;11.0;Delantero
413;7412;17.0;Delantero
413;7388;18.0;Delantero
413;7499;21.0;Delantero
417;268;1.0;Arquero
417;234;21.0;Arquero
417;57;22.0;Arquero
417;56;2.0;Defensor
417;240;3.0;Defensor
417;241;4.0;Defensor
417;285;5.0;Defensor
417;201;12.0;Defensor
417;159;13.0;Defensor
417;281;14.0;Defensor
417;263;6.0;Mediocampista
417;85;8.0;Mediocampista
417;35;10.0;Mediocampista
417;71;15.0;Mediocampista
417;260;16.0;Mediocampista
417;149;7.0;Delantero
417;247;9.0;Delantero
417;235;11.0;Delantero
417;152;17.0;Delantero
417;98;18.0;Delantero
417;256;19.0;Delantero
417;274;20.0;Delantero
417;2043;1.0;Arquero
417;2062;12.0;Arquero
417;2013;22.0;Arquero
417;2047;2.0;Defensor
417;2138;3.0;Defensor
417;2093;4.0;Defensor
417;2030;5.0;Defensor
417;2156;13.0;Defensor
417;2074;14.0;Defensor
417;2125;15.0;Defensor
417;2036;16.0;Defensor
417;2127;6.0;Mediocampista
417;2150;8.0;Mediocampista
417;2054;10.0;Mediocampista
417;2101;17.0;Mediocampista
417;2114;7.0;Delantero
417;2072;9.0;Delantero
417;2137;11.0;Delantero
417;2087;18.0;Delantero
417;2092;19.0;Delantero
417;2021;20.0;Delantero
417;2149;21.0;Delantero
417;5003;1.0;Arquero
417;5130;12.0;Arquero
417;4960;13.0;Arquero
417;5111;2.0;Defensor
417;5199;4.0;Defensor
417;5116;5.0;Defensor
417;5192;16.0;Defensor
417;5045;18.0;Defensor
417;5104;19.0;Defensor
417;5185;3.0;Mediocampista
417;5223;6.0;Mediocampista
417;5225;20.0;Mediocampista
417;5075;21.0;Mediocampista
417;5140;7.0;Delantero
417;5126;8.0;Delantero
417;4962;9.0;Delantero
417;5210;10.0;Delantero
417;5133;11.0;Delantero
417;5190;14.0;Delantero
417;5211;15.0;Delantero
417;5164;17.0;Delantero
417;5004;22.0;Delantero
417;7852;1.0;Arquero
417;7937;2.0;Arquero
417;7969;3.0;Arquero
417;7898;4.0;Defensor
417;7922;5.0;Defensor
417;7949;6.0;Defensor
417;7954;7.0;Defensor
417;7978;8.0;Defensor
417;7879;9.0;Defensor
417;7897;10.0;Defensor
417;7920;11.0;Mediocampista
417;7990;13.0;Mediocampista
417;7845;16.0;Mediocampista
417;7996;21.0;Mediocampista
417;7985;12.0;Delantero
417;7808;14.0;Delantero
417;7812;15.0;Delantero
417;7855;17.0;Delantero
417;7938;18.0;Delantero
417;7944;19.0;Delantero
417;7986;20.0;Delantero
417;7869;22.0;Delantero
421;1470;1.0;Arquero
421;1401;22.0;Arquero
421;1424;2.0;Defensor
421;1547;3.0;Defensor
421;1681;5.0;Defensor
421;1568;6.0;Defensor
421;1488;12.0;Defensor
421;1376;13.0;Defensor
421;1511;14.0;Defensor
421;1355;15.0;Defensor
421;1679;4.0;Mediocampista
421;1421;8.0;Mediocampista
421;1674;16.0;Mediocampista
421;1551;17.0;Mediocampista
421;1463;7.0;Delantero
421;1408;9.0;Delantero
421;1591;10.0;Delantero
421;1592;11.0;Delantero
421;1487;18.0;Delantero
421;1654;19.0;Delantero
421;1358;20.0;Delantero
421;1667;21.0;Delantero
421;6903;1.0;Arquero
421;6902;13.0;Arquero
421;6840;22.0;Arquero
421;6852;2.0;Defensor
421;6890;3.0;Defensor
421;6873;4.0;Defensor
421;6886;5.0;Defensor
421;6919;12.0;Defensor
421;6775;21.0;Defensor
421;6861;6.0;Mediocampista
421;6915;7.0;Mediocampista
421;6779;16.0;Mediocampista
421;6851;19.0;Mediocampista
421;6901;8.0;Delantero
421;6864;9.0;Delantero
421;6765;10.0;Delantero
421;6820;11.0;Delantero
421;6859;14.0;Delantero
421;6837;15.0;Delantero
421;6891;17.0;Delantero
421;6828;18.0;Delantero
421;6776;20.0;Delantero
421;3325;1.0;Arquero
421;3521;2.0;Arquero
421;3351;3.0;Arquero
421;3373;7.0;Defensor
421;3402;10.0;Defensor
421;3514;11.0;Defensor
421;3481;13.0;Defensor
421;3507;16.0;Defensor
421;3517;17.0;Defensor
421;8421;19.0;Defensor
421;3533;20.0;Defensor
421;3371;5.0;Mediocampista
421;3389;8.0;Mediocampista
421;3542;21.0;Mediocampista
421;3559;22.0;Mediocampista
421;3362;4.0;Delantero
421;3372;6.0;Delantero
421;3393;9.0;Delantero
421;3487;12.0;Delantero
421;4362;14.0;Delantero
421;3378;15.0;Delantero
421;3310;18.0;Delantero
421;5553;1.0;Arquero
421;5613;12.0;Arquero
421;5673;22.0;Arquero
421;5583;2.0;Defensor
421;5750;3.0;Defensor
421;5776;4.0;Defensor
421;5564;13.0;Defensor
421;5731;14.0;Defensor
421;5638;15.0;Defensor
421;5555;5.0;Mediocampista
421;5679;6.0;Mediocampista
421;5592;16.0;Mediocampista
421;5738;17.0;Mediocampista
421;5627;18.0;Mediocampista
421;5582;7.0;Delantero
421;5720;8.0;Delantero
421;5630;9.0;Delantero
421;5690;10.0;Delantero
421;5585;11.0;Delantero
421;5637;19.0;Delantero
421;5772;20.0;Delantero
421;5530;21.0;Delantero
425;748;1.0;Arquero
425;605;12.0;Arquero
425;737;2.0;Defensor
425;676;3.0;Defensor
425;758;4.0;Defensor
425;705;6.0;Defensor
425;672;14.0;Defensor
425;693;15.0;Defensor
425;518;17.0;Defensor
425;573;18.0;Defensor
425;757;5.0;Mediocampista
425;752;13.0;Mediocampista
425;738;16.0;Mediocampista
425;612;7.0;Delantero
425;711;8.0;Delantero
425;706;9.0;Delantero
425;761;10.0;Delantero
425;547;11.0;Delantero
425;776;19.0;Delantero
425;696;20.0;Delantero
425;512;21.0;Delantero
425;636;22.0;Delantero
425;1752;1.0;Arquero
425;1721;18.0;Arquero
425;1759;20.0;Arquero
425;1767;2.0;Defensor
425;1700;3.0;Defensor
425;1728;4.0;Defensor
425;1736;5.0;Defensor
425;1702;8.0;Defensor
425;1797;12.0;Defensor
425;1755;22.0;Defensor
425;1738;6.0;Mediocampista
425;1698;7.0;Mediocampista
425;1735;16.0;Mediocampista
425;1701;17.0;Mediocampista
425;1716;9.0;Delantero
425;1731;10.0;Delantero
425;1786;11.0;Delantero
425;1782;13.0;Delantero
425;1772;14.0;Delantero
425;1688;15.0;Delantero
425;1696;19.0;Delantero
425;1757;21.0;Delantero
425;4305;1.0;Arquero
425;4384;21.0;Arquero
425;4314;22.0;Arquero
425;4342;2.0;Defensor
425;4345;3.0;Defensor
425;4372;4.0;Defensor
425;4375;5.0;Defensor
425;4374;6.0;Defensor
425;4377;12.0;Defensor
425;4313;13.0;Defensor
425;4304;8.0;Mediocampista
425;4351;14.0;Mediocampista
425;4343;15.0;Mediocampista
425;4369;7.0;Delantero
425;4264;9.0;Delantero
425;4391;10.0;Delantero
425;4296;11.0;Delantero
425;4294;16.0;Delantero
425;4366;17.0;Delantero
425;4347;18.0;Delantero
425;4333;19.0;Delantero
425;4275;20.0;Delantero
425;4635;1.0;Arquero
425;4533;12.0;Arquero
425;4444;22.0;Arquero
425;4436;2.0;Defensor
425;4668;3.0;Defensor
425;4593;15.0;Defensor
425;4584;16.0;Defensor
425;4536;21.0;Defensor
425;4645;5.0;Mediocampista
425;4509;6.0;Mediocampista
425;4433;14.0;Mediocampista
425;4503;20.0;Mediocampista
425;4615;4.0;Delantero
425;4488;7.0;Delantero
425;4521;8.0;Delantero
425;4530;9.0;Delantero
425;4527;10.0;Delantero
425;4476;11.0;Delantero
425;4552;13.0;Delantero
425;4500;17.0;Delantero
425;4539;18.0;Delantero
425;4600;19.0;Delantero
429;97;1.0;Arquero
429;234;21.0;Arquero
429;160;22.0;Arquero
429;56;2.0;Defensor
429;126;3.0;Defensor
429;283;5.0;Defensor
429;254;7.0;Defensor
429;240;17.0;Defensor
429;110;18.0;Defensor
429;203;20.0;Defensor
429;51;4.0;Mediocampista
429;263;6.0;Mediocampista
429;277;9.0;Mediocampista
429;238;10.0;Mediocampista
429;217;8.0;Delantero
429;235;11.0;Delantero
429;247;12.0;Delantero
429;141;13.0;Delantero
429;42;14.0;Delantero
429;133;15.0;Delantero
429;260;16.0;Delantero
429;210;19.0;Delantero
429;576;1.0;Arquero
429;691;12.0;Arquero
429;793;3.0;Defensor
429;661;4.0;Defensor
429;607;14.0;Defensor
429;513;15.0;Defensor
429;737;17.0;Defensor
429;598;2.0;Mediocampista
429;751;5.0;Mediocampista
429;797;6.0;Mediocampista
429;721;13.0;Mediocampista
429;690;16.0;Mediocampista
429;587;7.0;Delantero
429;735;8.0;Delantero
429;680;9.0;Delantero
429;746;10.0;Delantero
429;657;11.0;Delantero
429;553;18.0;Delantero
429;532;19.0;Delantero
429;649;20.0;Delantero
429;761;21.0;Delantero
429;591;22.0;Delantero
429;6911;1.0;Arquero
429;6792;19.0;Arquero
429;6903;22.0;Arquero
429;6867;2.0;Defensor
429;6873;4.0;Defensor
429;6890;16.0;Defensor
429;6779;17.0;Defensor
429;6900;21.0;Defensor
429;6782;3.0;Mediocampista
429;6861;5.0;Mediocampista
429;6886;6.0;Mediocampista
429;6806;15.0;Mediocampista
429;6865;20.0;Mediocampista
429;6798;7.0;Delantero
429;6793;8.0;Delantero
429;6864;9.0;Delantero
429;6776;10.0;Delantero
429;6844;11.0;Delantero
429;6932;12.0;Delantero
429;6811;13.0;Delantero
429;6794;14.0;Delantero
429;6901;18.0;Delantero
429;4877;1.0;Arquero
429;4909;12.0;Arquero
429;4904;18.0;Arquero
429;4870;2.0;Defensor
429;4891;3.0;Defensor
429;4884;5.0;Defensor
429;4876;19.0;Defensor
429;4878;21.0;Defensor
429;4859;4.0;Mediocampista
429;4899;6.0;Mediocampista
429;4889;10.0;Mediocampista
429;4866;20.0;Mediocampista
429;4858;7.0;Delantero
429;4871;8.0;Delantero
429;4906;9.0;Delantero
429;4893;11.0;Delantero
429;4863;13.0;Delantero
429;4905;14.0;Delantero
429;4887;15.0;Delantero
429;4873;16.0;Delantero
429;4869;17.0;Delantero
429;4908;22.0;Delantero
433;3237;1.0;Arquero
433;3115;2.0;Arquero
433;3216;3.0;Defensor
433;3121;4.0;Defensor
433;3164;5.0;Defensor
433;3155;6.0;Defensor
433;3194;7.0;Defensor
433;3141;9.0;Defensor
433;3135;10.0;Mediocampista
433;3184;11.0;Mediocampista
433;3129;12.0;Mediocampista
433;3104;13.0;Mediocampista
433;3231;8.0;Delantero
433;3179;14.0;Delantero
433;3223;15.0;Delantero
433;3211;16.0;Delantero
433;3210;17.0;Delantero
433;3130;18.0;Delantero
433;3123;19.0;Delantero
433;3219;20.0;Delantero
433;3167;21.0;Delantero
433;3142;22.0;Delantero
433;3745;1.0;Arquero
433;3802;2.0;Arquero
433;3944;3.0;Arquero
433;3873;4.0;Defensor
433;3897;5.0;Defensor
433;3913;6.0;Defensor
433;3922;7.0;Defensor
433;3796;8.0;Mediocampista
433;3868;9.0;Mediocampista
433;3871;10.0;Mediocampista
433;3886;11.0;Mediocampista
433;3912;12.0;Mediocampista
433;3930;13.0;Mediocampista
433;3926;19.0;Mediocampista
433;3765;14.0;Delantero
433;3782;15.0;Delantero
433;3832;16.0;Delantero
433;3841;17.0;Delantero
433;3880;18.0;Delantero
433;3933;20.0;Delantero
433;3996;21.0;Delantero
433;3998;22.0;Delantero
433;6287;1.0;Arquero
433;6196;12.0;Arquero
433;6206;2.0;Defensor
433;6282;3.0;Defensor
433;6193;4.0;Defensor
433;6256;6.0;Defensor
433;6269;13.0;Defensor
433;6322;14.0;Defensor
433;6290;17.0;Defensor
433;6337;5.0;Mediocampista
433;6323;15.0;Mediocampista
433;6195;7.0;Delantero
433;6304;8.0;Delantero
433;6314;9.0;Delantero
433;6198;10.0;Delantero
433;6204;11.0;Delantero
433;6281;16.0;Delantero
433;6305;18.0;Delantero
433;6277;19.0;Delantero
433;6209;20.0;Delantero
433;6307;21.0;Delantero
433;6276;22.0;Delantero
433;7306;1.0;Arquero
433;7392;2.0;Arquero
433;7356;20.0;Arquero
433;7486;3.0;Defensor
433;7320;4.0;Defensor
433;7514;5.0;Defensor
433;7473;21.0;Defensor
433;7530;6.0;Mediocampista
433;7395;8.0;Mediocampista
433;7312;9.0;Mediocampista
433;7480;10.0;Mediocampista
433;7466;11.0;Mediocampista
433;7425;14.0;Mediocampista
433;7483;15.0;Mediocampista
433;7426;7.0;Delantero
433;7457;12.0;Delantero
433;7519;13.0;Delantero
433;7452;16.0;Delantero
433;7475;17.0;Delantero
433;7400;18.0;Delantero
433;7443;19.0;Delantero
433;7364;22.0;Delantero
437;4028;1.0;Arquero
437;4027;12.0;Arquero
437;4042;13.0;Arquero
437;4048;2.0;Defensor
437;4023;3.0;Defensor
437;4040;4.0;Defensor
437;4017;14.0;Defensor
437;4012;5.0;Mediocampista
437;4009;6.0;Mediocampista
437;4006;15.0;Mediocampista
437;4014;16.0;Mediocampista
437;4018;20.0;Mediocampista
437;4007;22.0;Mediocampista
437;4032;7.0;Delantero
437;4022;8.0;Delantero
437;4011;9.0;Delantero
437;4002;10.0;Delantero
437;4026;11.0;Delantero
437;4029;17.0;Delantero
437;4043;18.0;Delantero
437;4045;19.0;Delantero
437;4003;21.0;Delantero
437;4305;1.0;Arquero
437;4314;22.0;Arquero
437;4342;2.0;Defensor
437;4374;3.0;Defensor
437;4372;4.0;Defensor
437;4317;12.0;Defensor
437;4386;13.0;Defensor
437;4387;14.0;Defensor
437;4277;5.0;Mediocampista
437;4271;6.0;Mediocampista
437;4329;15.0;Mediocampista
437;4278;7.0;Delantero
437;4391;8.0;Delantero
437;4312;9.0;Delantero
437;4279;10.0;Delantero
437;4369;11.0;Delantero
437;4334;16.0;Delantero
437;4406;17.0;Delantero
437;4347;18.0;Delantero
437;4297;19.0;Delantero
437;4269;20.0;Delantero
437;4296;21.0;Delantero
437;5553;1.0;Arquero
437;5551;12.0;Arquero
437;5613;13.0;Arquero
437;5583;2.0;Defensor
437;5732;3.0;Defensor
437;5776;4.0;Defensor
437;5622;14.0;Defensor
437;5750;15.0;Defensor
437;5722;16.0;Defensor
437;5708;5.0;Mediocampista
437;5595;6.0;Mediocampista
437;5627;7.0;Mediocampista
437;5555;17.0;Mediocampista
437;5739;18.0;Mediocampista
437;5537;20.0;Mediocampista
437;5720;8.0;Delantero
437;5550;9.0;Delantero
437;5619;10.0;Delantero
437;5752;11.0;Delantero
437;5535;19.0;Delantero
437;5647;21.0;Delantero
437;5615;22.0;Delantero
437;7786;1.0;Arquero
437;7791;12.0;Arquero
437;7672;16.0;Arquero
437;7626;2.0;Defensor
437;7622;3.0;Defensor
437;7687;5.0;Defensor
437;7750;13.0;Defensor
437;7712;4.0;Mediocampista
437;7758;6.0;Mediocampista
437;7661;8.0;Mediocampista
437;7665;14.0;Mediocampista
437;7632;15.0;Mediocampista
437;7668;17.0;Mediocampista
437;7669;7.0;Delantero
437;7776;9.0;Delantero
437;7774;10.0;Delantero
437;7779;11.0;Delantero
437;7722;18.0;Delantero
437;7694;19.0;Delantero
437;7729;20.0;Delantero
437;7628;21.0;Delantero
437;7751;22.0;Delantero
441;1026;1.0;Arquero
441;1012;12.0;Arquero
441;931;22.0;Arquero
441;940;2.0;Defensor
441;943;3.0;Defensor
441;1025;4.0;Defensor
441;942;5.0;Defensor
441;967;15.0;Defensor
441;918;18.0;Defensor
441;966;6.0;Mediocampista
441;1021;16.0;Mediocampista
441;971;17.0;Mediocampista
441;1000;21.0;Mediocampista
441;954;7.0;Delantero
441;972;8.0;Delantero
441;925;9.0;Delantero
441;963;10.0;Delantero
441;1015;11.0;Delantero
441;1010;13.0;Delantero
441;941;14.0;Delantero
441;929;19.0;Delantero
441;982;20.0;Delantero
441;1401;1.0;Arquero
441;1470;3.0;Arquero
441;1376;2.0;Defensor
441;1424;4.0;Defensor
441;1571;8.0;Defensor
441;1681;9.0;Defensor
441;1568;12.0;Defensor
441;1415;14.0;Defensor
441;1572;15.0;Defensor
441;1547;16.0;Defensor
441;1422;5.0;Mediocampista
441;1421;6.0;Mediocampista
441;1557;13.0;Mediocampista
441;1679;19.0;Mediocampista
441;1667;7.0;Delantero
441;1591;10.0;Delantero
441;1463;11.0;Delantero
441;1493;17.0;Delantero
441;4962;18.0;Delantero
441;1654;20.0;Delantero
441;1420;21.0;Delantero
441;1592;22.0;Delantero
441;4573;1.0;Arquero
441;4535;12.0;Arquero
441;4533;13.0;Arquero
441;4536;2.0;Defensor
441;4445;3.0;Defensor
441;4479;4.0;Defensor
441;4672;5.0;Defensor
441;4629;14.0;Defensor
441;4593;16.0;Defensor
441;4631;6.0;Mediocampista
441;4481;15.0;Mediocampista
441;4500;7.0;Delantero
441;4615;8.0;Delantero
441;4552;9.0;Delantero
441;4527;10.0;Delantero
441;4508;11.0;Delantero
441;4457;17.0;Delantero
441;4459;18.0;Delantero
441;4633;19.0;Delantero
441;4476;20.0;Delantero
441;4429;21.0;Delantero
441;4624;22.0;Delantero
441;7220;1.0;Arquero
441;7154;12.0;Arquero
441;7058;13.0;Arquero
441;7118;2.0;Defensor
441;7135;3.0;Defensor
441;7138;4.0;Defensor
441;7170;14.0;Defensor
441;7155;15.0;Defensor
441;7222;22.0;Defensor
441;7216;5.0;Mediocampista
441;7164;6.0;Mediocampista
441;7212;16.0;Mediocampista
441;7051;7.0;Delantero
441;7110;8.0;Delantero
441;7201;9.0;Delantero
441;7186;10.0;Delantero
441;7107;11.0;Delantero
441;7109;17.0;Delantero
441;7068;18.0;Delantero
441;7105;19.0;Delantero
441;7091;20.0;Delantero
441;7092;21.0;Delantero
445;1401;1.0;Arquero
445;1656;21.0;Arquero
445;1389;22.0;Arquero
445;1424;2.0;Defensor
445;1568;3.0;Defensor
445;1384;4.0;Defensor
445;1373;6.0;Defensor
445;1581;12.0;Defensor
445;1352;13.0;Defensor
445;1547;15.0;Defensor
445;1596;5.0;Mediocampista
445;1421;8.0;Mediocampista
445;1442;14.0;Mediocampista
445;1418;16.0;Mediocampista
445;1501;7.0;Delantero
445;1369;9.0;Delantero
445;1595;10.0;Delantero
445;1458;11.0;Delantero
445;1545;17.0;Delantero
445;1482;18.0;Delantero
445;1483;19.0;Delantero
445;1631;20.0;Delantero
445;3944;1.0;Arquero
445;3954;2.0;Arquero
445;3745;3.0;Arquero
445;3845;4.0;Defensor
445;3857;5.0;Defensor
445;3873;6.0;Defensor
445;3913;7.0;Defensor
445;3773;8.0;Defensor
445;3871;10.0;Defensor
445;3930;14.0;Defensor
445;3809;9.0;Mediocampista
445;3904;11.0;Mediocampista
445;3912;12.0;Mediocampista
445;3905;13.0;Mediocampista
445;3767;15.0;Mediocampista
445;3894;19.0;Mediocampista
445;3819;16.0;Delantero
445;3851;17.0;Delantero
445;3880;18.0;Delantero
445;3962;20.0;Delantero
445;3972;21.0;Delantero
445;3996;22.0;Delantero
445;5553;1.0;Arquero
445;5674;12.0;Arquero
445;5648;2.0;Defensor
445;5732;3.0;Defensor
445;5659;4.0;Defensor
445;5545;13.0;Defensor
445;5614;14.0;Defensor
445;5722;20.0;Defensor
445;5686;21.0;Defensor
445;5555;5.0;Mediocampista
445;5528;6.0;Mediocampista
445;5679;16.0;Mediocampista
445;5760;7.0;Delantero
445;5680;8.0;Delantero
445;5642;9.0;Delantero
445;5531;10.0;Delantero
445;5526;11.0;Delantero
445;5537;15.0;Delantero
445;5749;17.0;Delantero
445;5558;18.0;Delantero
445;5640;19.0;Delantero
445;5573;22.0;Delantero
445;7306;1.0;Arquero
445;7389;12.0;Arquero
445;7494;2.0;Defensor
445;7320;3.0;Defensor
445;7351;5.0;Defensor
445;7531;13.0;Defensor
445;7424;16.0;Defensor
445;7308;17.0;Defensor
445;7318;4.0;Mediocampista
445;7312;6.0;Mediocampista
445;7530;11.0;Mediocampista
445;7406;14.0;Mediocampista
445;7490;15.0;Mediocampista
445;7442;7.0;Delantero
445;7428;8.0;Delantero
445;7526;9.0;Delantero
445;7309;10.0;Delantero
445;7426;18.0;Delantero
445;7451;19.0;Delantero
445;7337;20.0;Delantero
445;7519;21.0;Delantero
445;7457;22.0;Delantero
449;271;1.0;Arquero
449;156;21.0;Arquero
449;160;22.0;Arquero
449;161;2.0;Defensor
449;147;3.0;Defensor
449;15;4.0;Defensor
449;56;5.0;Defensor
449;215;7.0;Defensor
449;166;10.0;Defensor
449;173;8.0;Mediocampista
449;179;9.0;Mediocampista
449;182;11.0;Mediocampista
449;277;16.0;Mediocampista
449;25;18.0;Mediocampista
449;51;6.0;Delantero
449;217;12.0;Delantero
449;186;13.0;Delantero
449;141;14.0;Delantero
449;278;15.0;Delantero
449;100;17.0;Delantero
449;211;19.0;Delantero
449;235;20.0;Delantero
449;2390;1.0;Arquero
449;2387;12.0;Arquero
449;2500;2.0;Defensor
449;2502;3.0;Defensor
449;2483;6.0;Defensor
449;2480;13.0;Defensor
449;2386;14.0;Defensor
449;2412;4.0;Mediocampista
449;2471;5.0;Mediocampista
449;2379;11.0;Mediocampista
449;2425;15.0;Mediocampista
449;2374;16.0;Mediocampista
449;2482;7.0;Delantero
449;2361;8.0;Delantero
449;2513;9.0;Delantero
449;2512;10.0;Delantero
449;2495;17.0;Delantero
449;2373;18.0;Delantero
449;2481;19.0;Delantero
449;2522;20.0;Delantero
449;4305;1.0;Arquero
449;4303;21.0;Arquero
449;4307;22.0;Arquero
449;4281;2.0;Defensor
449;4335;4.0;Defensor
449;4317;12.0;Defensor
449;4405;13.0;Defensor
449;4337;3.0;Mediocampista
449;4277;5.0;Mediocampista
449;4408;6.0;Mediocampista
449;4330;14.0;Mediocampista
449;4387;15.0;Mediocampista
449;4397;7.0;Delantero
449;4326;8.0;Delantero
449;4312;9.0;Delantero
449;4362;10.0;Delantero
449;4287;11.0;Delantero
449;4278;16.0;Delantero
449;4338;17.0;Delantero
449;4285;18.0;Delantero
449;4357;19.0;Delantero
449;4399;20.0;Delantero
449;8205;1.0;Arquero
449;8203;12.0;Arquero
449;8199;2.0;Defensor
449;8167;3.0;Defensor
449;8179;4.0;Defensor
449;8170;13.0;Defensor
449;8165;14.0;Defensor
449;8192;16.0;Defensor
449;8191;17.0;Defensor
449;8163;18.0;Defensor
449;8162;19.0;Defensor
449;8174;5.0;Mediocampista
449;8200;6.0;Mediocampista
449;8190;15.0;Mediocampista
449;8186;7.0;Delantero
449;8202;8.0;Delantero
449;8180;9.0;Delantero
449;8171;10.0;Delantero
449;8188;11.0;Delantero
449;8193;20.0;Delantero
449;8183;21.0;Delantero
449;8175;22.0;Delantero
453;1012;1.0;Arquero
453;988;15.0;Arquero
453;1038;16.0;Arquero
453;942;2.0;Defensor
453;943;3.0;Defensor
453;918;4.0;Defensor
453;967;13.0;Defensor
453;940;20.0;Defensor
453;985;5.0;Mediocampista
453;966;6.0;Mediocampista
453;1021;12.0;Mediocampista
453;936;14.0;Mediocampista
453;1027;17.0;Mediocampista
453;1004;18.0;Mediocampista
453;964;7.0;Delantero
453;1010;8.0;Delantero
453;1032;9.0;Delantero
453;998;10.0;Delantero
453;963;11.0;Delantero
453;929;19.0;Delantero
453;1020;21.0;Delantero
453;947;22.0;Delantero
453;6895;1.0;Arquero
453;6911;21.0;Arquero
453;6903;22.0;Arquero
453;6900;2.0;Defensor
453;6873;4.0;Defensor
453;6920;5.0;Defensor
453;6843;12.0;Defensor
453;6886;3.0;Mediocampista
453;6769;6.0;Mediocampista
453;6808;13.0;Mediocampista
453;6806;14.0;Mediocampista
453;6892;16.0;Mediocampista
453;6807;7.0;Delantero
453;6805;8.0;Delantero
453;6857;9.0;Delantero
453;6879;10.0;Delantero
453;6880;11.0;Delantero
453;6826;15.0;Delantero
453;6844;17.0;Delantero
453;6856;18.0;Delantero
453;6838;19.0;Delantero
453;6798;20.0;Delantero
453;3187;1.0;Arquero
453;3102;14.0;Arquero
453;3131;2.0;Defensor
453;3099;3.0;Defensor
453;3134;6.0;Defensor
453;3235;18.0;Defensor
453;3141;4.0;Mediocampista
453;3135;5.0;Mediocampista
453;3129;7.0;Mediocampista
453;3189;17.0;Mediocampista
453;3185;8.0;Delantero
453;3156;9.0;Delantero
453;3114;10.0;Delantero
453;3208;11.0;Delantero
453;3142;12.0;Delantero
453;3215;13.0;Delantero
453;3174;15.0;Delantero
453;3162;16.0;Delantero
453;3107;19.0;Delantero
453;3125;20.0;Delantero
453;3127;21.0;Delantero
453;3202;22.0;Delantero
453;8351;1.0;Arquero
453;8341;12.0;Arquero
453;8421;2.0;Defensor
453;8348;3.0;Defensor
453;8413;4.0;Defensor
453;8283;13.0;Defensor
453;8444;14.0;Defensor
453;8265;16.0;Defensor
453;8456;5.0;Mediocampista
453;8337;6.0;Mediocampista
453;8405;15.0;Mediocampista
453;8279;17.0;Mediocampista
453;8230;7.0;Delantero
453;8330;8.0;Delantero
453;8358;9.0;Delantero
453;8427;10.0;Delantero
453;8252;11.0;Delantero
453;8439;18.0;Delantero
453;8238;19.0;Delantero
453;8357;20.0;Delantero
453;8391;21.0;Delantero
453;8270;22.0;Delantero
457;1122;1.0;Arquero
457;1120;12.0;Arquero
457;1045;17.0;Arquero
457;1113;2.0;Defensor
457;1207;3.0;Defensor
457;1110;13.0;Defensor
457;1217;18.0;Defensor
457;1136;4.0;Mediocampista
457;1065;5.0;Mediocampista
457;1151;6.0;Mediocampista
457;1223;14.0;Mediocampista
457;1046;19.0;Mediocampista
457;1148;20.0;Mediocampista
457;1226;21.0;Mediocampista
457;1251;7.0;Delantero
457;1134;8.0;Delantero
457;1079;9.0;Delantero
457;1044;10.0;Delantero
457;1153;11.0;Delantero
457;1210;15.0;Delantero
457;1209;16.0;Delantero
457;1220;22.0;Delantero
457;4578;1.0;Arquero
457;4464;12.0;Arquero
457;4636;2.0;Defensor
457;4469;3.0;Defensor
457;4672;4.0;Defensor
457;4596;5.0;Defensor
457;4522;13.0;Defensor
457;4478;18.0;Defensor
457;4495;6.0;Mediocampista
457;4575;14.0;Mediocampista
457;4437;19.0;Mediocampista
457;4572;7.0;Delantero
457;4460;8.0;Delantero
457;4564;9.0;Delantero
457;4647;10.0;Delantero
457;4508;11.0;Delantero
457;4665;15.0;Delantero
457;4607;16.0;Delantero
457;4587;17.0;Delantero
457;4546;20.0;Delantero
457;4527;21.0;Delantero
457;4534;22.0;Delantero
457;5087;1.0;Arquero
457;5233;12.0;Arquero
457;5041;22.0;Arquero
457;5232;2.0;Defensor
457;5088;3.0;Defensor
457;5114;13.0;Defensor
457;5027;14.0;Defensor
457;5148;4.0;Mediocampista
457;5217;5.0;Mediocampista
457;5150;6.0;Mediocampista
457;5123;15.0;Mediocampista
457;5071;16.0;Mediocampista
457;5203;17.0;Mediocampista
457;5093;20.0;Mediocampista
457;5145;7.0;Delantero
457;5160;8.0;Delantero
457;5082;9.0;Delantero
457;5013;10.0;Delantero
457;5110;11.0;Delantero
457;5177;18.0;Delantero
457;4997;19.0;Delantero
457;5078;21.0;Delantero
457;7850;1.0;Arquero
457;7934;2.0;Arquero
457;7973;3.0;Arquero
457;7825;4.0;Defensor
457;7861;5.0;Defensor
457;7917;6.0;Defensor
457;7926;7.0;Defensor
457;7848;10.0;Defensor
457;7898;14.0;Defensor
457;7823;8.0;Mediocampista
457;7835;9.0;Mediocampista
457;7860;12.0;Mediocampista
457;7870;13.0;Mediocampista
457;7855;11.0;Delantero
457;7812;15.0;Delantero
457;7816;16.0;Delantero
457;7857;17.0;Delantero
457;7888;18.0;Delantero
457;7918;19.0;Delantero
457;7920;20.0;Delantero
457;7947;21.0;Delantero
457;7986;22.0;Delantero
461;1370;;Arquero
461;1401;;Arquero
461;1442;;Defensor
461;1367;;Defensor
461;1568;;Defensor
461;1512;;Defensor
461;1563;;Defensor
461;1680;;Mediocampista
461;1569;;Mediocampista
461;1633;;Mediocampista
461;1411;;Mediocampista
461;1373;;Mediocampista
461;1380;;Mediocampista
461;1341;;Delantero
461;1342;;Delantero
461;1351;;Delantero
461;1369;;Delantero
461;1533;;Delantero
461;1486;;Delantero
461;1461;;Delantero
461;1458;;Delantero
461;1405;;Delantero
461;5553;;Arquero
461;5570;;Arquero
461;5778;;Defensor
461;5737;;Defensor
461;5722;;Defensor
461;5668;;Defensor
461;5621;;Defensor
461;5612;;Defensor
461;5618;;Mediocampista
461;5691;;Mediocampista
461;5686;;Mediocampista
461;5577;;Mediocampista
461;5628;;Mediocampista
461;5594;;Mediocampista
461;5680;;Delantero
461;5773;;Delantero
461;5749;;Delantero
461;5559;;Delantero
461;5709;;Delantero
461;5703;;Delantero
461;5681;;Delantero
461;5540;;Delantero
461;7306;;Arquero
461;7433;;Arquero
461;7535;;Defensor
461;7341;;Defensor
461;7319;;Defensor
461;7351;;Defensor
461;7315;;Defensor
461;7494;;Defensor
461;7474;;Mediocampista
461;7380;;Mediocampista
461;7446;;Mediocampista
461;7370;;Mediocampista
461;7322;;Mediocampista
461;7318;;Mediocampista
461;7428;;Delantero
461;7442;;Delantero
461;7415;;Delantero
461;7317;;Delantero
461;7309;;Delantero
461;7513;;Delantero
461;7526;;Delantero
461;7301;;Delantero
461;7890;;Arquero
461;7839;;Arquero
461;7973;;Arquero
461;7962;;Defensor
461;7913;;Defensor
461;7926;;Defensor
461;7882;;Defensor
461;7945;;Defensor
461;7825;;Defensor
461;7942;;Mediocampista
461;7848;;Mediocampista
461;7961;;Delantero
461;7812;;Delantero
461;7867;;Delantero
461;7857;;Delantero
461;7821;;Delantero
461;7818;;Delantero
461;7813;;Delantero
461;7979;;Delantero
465;3309;;Arquero
465;3502;;Arquero
465;3374;;Arquero
465;3484;;Defensor
465;3436;;Defensor
465;3397;;Defensor
465;3386;;Defensor
465;3537;;Defensor
465;3330;;Defensor
465;3323;;Defensor
465;3398;;Mediocampista
465;3494;;Mediocampista
465;3470;;Mediocampista
465;3519;;Delantero
465;3492;;Delantero
465;3482;;Delantero
465;3462;;Delantero
465;3427;;Delantero
465;3410;;Delantero
465;3357;;Delantero
465;3337;;Delantero
465;3569;;Delantero
465;4664;;Arquero
465;4497;;Arquero
465;4439;;Defensor
465;4646;;Defensor
465;4622;;Defensor
465;4609;;Defensor
465;4672;;Defensor
465;4504;;Defensor
465;4592;;Mediocampista
465;4538;;Mediocampista
465;4495;;Mediocampista
465;4659;;Mediocampista
465;4441;;Delantero
465;4455;;Delantero
465;4484;;Delantero
465;4508;;Delantero
465;4587;;Delantero
465;4585;;Delantero
465;4580;;Delantero
465;4568;;Delantero
465;4572;;Delantero
465;2076;;Arquero
465;2113;;Arquero
465;2132;;Defensor
465;2078;;Defensor
465;2007;;Defensor
465;2053;;Defensor
465;2048;;Defensor
465;2154;;Defensor
465;2134;;Mediocampista
465;2020;;Mediocampista
465;2126;;Mediocampista
465;2024;;Mediocampista
465;2022;;Mediocampista
465;2123;;Delantero
465;2120;;Delantero
465;2110;;Delantero
465;2090;;Delantero
465;2082;;Delantero
465;2069;;Delantero
465;2068;;Delantero
465;2035;;Delantero
465;2037;;Delantero
465;3639;;Arquero
465;3593;;Arquero
465;3674;;Defensor
465;3663;;Defensor
465;3579;;Defensor
465;3611;;Defensor
465;3681;;Mediocampista
465;3720;;Mediocampista
465;3608;;Mediocampista
465;3582;;Mediocampista
465;3732;;Delantero
465;3719;;Delantero
465;3696;;Delantero
465;3613;;Delantero
465;3637;;Delantero
465;3621;;Delantero
465;3736;;Delantero
469;7786;;Arquero
469;7714;;Arquero
469;7615;;Defensor
469;7770;;Defensor
469;7735;;Defensor
469;7688;;Defensor
469;7728;;Defensor
469;7743;;Mediocampista
469;7597;;Mediocampista
469;7656;;Mediocampista
469;7693;;Delantero
469;7782;;Delantero
469;7779;;Delantero
469;7769;;Delantero
469;7756;;Delantero
469;7741;;Delantero
469;7686;;Delantero
469;7729;;Delantero
469;5143;;Arquero
469;5205;;Arquero
469;5017;;Arquero
469;5091;;Defensor
469;5079;;Defensor
469;5162;;Defensor
469;5188;;Defensor
469;4994;;Defensor
469;5123;;Mediocampista
469;5113;;Mediocampista
469;5217;;Mediocampista
469;5067;;Mediocampista
469;4969;;Mediocampista
469;5009;;Mediocampista
469;4997;;Delantero
469;5160;;Delantero
469;5145;;Delantero
469;5013;;Delantero
469;5014;;Delantero
469;5015;;Delantero
469;5110;;Delantero
469;4964;;Delantero
469;6332;;Arquero
469;6243;;Arquero
469;6303;;Defensor
469;6271;;Defensor
469;6268;;Defensor
469;6244;;Defensor
469;6230;;Defensor
469;6239;;Mediocampista
469;6280;;Mediocampista
469;6272;;Mediocampista
469;6211;;Mediocampista
469;6237;;Delantero
469;6301;;Delantero
469;6208;;Delantero
469;6324;;Delantero
469;6330;;Delantero
469;6285;;Delantero
469;6283;;Delantero
469;6279;;Delantero
469;6222;;Delantero
469;6234;;Delantero
469;6207;;Delantero
472;8380;;Arquero
472;8351;;Arquero
472;8348;;Defensor
472;8324;;Defensor
472;8462;;Defensor
472;8307;;Defensor
472;8444;;Defensor
472;8414;;Mediocampista
472;8456;;Mediocampista
472;8393;;Mediocampista
472;8413;;Mediocampista
472;8376;;Mediocampista
472;8322;;Mediocampista
472;8364;;Delantero
472;8460;;Delantero
472;8255;;Delantero
472;8427;;Delantero
472;8312;;Delantero
472;8403;;Delantero
472;8358;;Delantero
472;8391;;Delantero
472;8254;;Delantero
472;1286;;Arquero
472;1263;;Arquero
472;1258;;Defensor
472;1271;;Defensor
472;1305;;Mediocampista
472;1283;;Mediocampista
472;1315;;Mediocampista
472;1280;;Mediocampista
472;1261;;Mediocampista
472;1272;;Mediocampista
472;1314;;Delantero
472;1260;;Delantero
472;1290;;Delantero
472;1288;;Delantero
472;1281;;Delantero
472;1285;;Delantero
472;1284;;Delantero
472;1269;;Delantero
472;1273;;Delantero
478;558;;Arquero
478;559;;Arquero
478;717;;Defensor
478;700;;Defensor
478;692;;Defensor
478;597;;Defensor
478;809;;Defensor
478;583;;Defensor
478;729;;Mediocampista
478;5137;;Mediocampista
478;780;;Mediocampista
478;609;;Mediocampista
478;798;;Delantero
478;777;;Delantero
478;767;;Delantero
478;779;;Delantero
478;727;;Delantero
478;726;;Delantero
478;578;;Delantero
478;617;;Delantero
478;610;;Delantero
478;5054;;Delantero
478;2044;;Arquero
478;2034;;Arquero
478;2122;;Defensor
478;2028;;Defensor
478;2108;;Defensor
478;2086;;Defensor
478;2133;;Mediocampista
478;2041;;Mediocampista
478;2151;;Mediocampista
478;2152;;Mediocampista
478;2145;;Delantero
478;2139;;Delantero
478;2165;;Delantero
478;2004;;Delantero
478;2097;;Delantero
478;2089;;Delantero
478;2029;;Delantero
478;2010;;Delantero
478;2166;;Delantero
478;3976;;Arquero
478;3973;;Arquero
478;3749;;Defensor
478;3789;;Defensor
478;3915;;Defensor
478;3934;;Mediocampista
478;3995;;Mediocampista
478;3891;;Mediocampista
478;3817;;Mediocampista
478;3794;;Mediocampista
478;3889;;Delantero
478;3898;;Delantero
478;3914;;Delantero
478;3816;;Delantero
478;3990;;Delantero
478;3892;;Delantero
478;5753;;Arquero
478;5539;;Arquero
478;5735;;Defensor
478;5608;;Defensor
478;5609;;Defensor
478;5744;;Mediocampista
478;5734;;Mediocampista
478;5730;;Mediocampista
478;5521;;Mediocampista
478;5646;;Delantero
478;5687;;Delantero
478;5701;;Delantero
478;5610;;Delantero
478;5562;;Delantero
478;5736;;Delantero
478;5557;;Delantero
478;5662;;Delantero
482;7500;;Arquero
482;7362;;Arquero
482;7359;;Defensor
482;7515;;Defensor
482;7414;;Defensor
482;7497;;Defensor
482;7493;;Mediocampista
482;7300;;Mediocampista
482;7323;;Mediocampista
482;7512;;Delantero
482;7484;;Delantero
482;7460;;Delantero
482;7437;;Delantero
482;7408;;Delantero
482;7352;;Delantero
482;7307;;Delantero
482;7523;;Delantero
482;1655;;Arquero
482;1494;;Arquero
482;1670;;Defensor
482;1386;;Defensor
482;1484;;Defensor
482;1576;;Mediocampista
482;1575;;Mediocampista
482;1485;;Mediocampista
482;1479;;Mediocampista
482;1457;;Mediocampista
482;1453;;Mediocampista
482;1449;;Mediocampista
482;1378;;Mediocampista
482;1377;;Delantero
482;1644;;Delantero
482;1632;;Delantero
482;1599;;Delantero
482;1598;;Delantero
482;1397;;Delantero
482;1567;;Delantero
482;1558;;Delantero
482;1535;;Delantero
482;1425;;Delantero
482;1362;;Delantero
482;1293;;Arquero
482;1266;;Arquero
482;1275;;Defensor
482;1277;;Defensor
482;1302;;Defensor
482;1306;;Mediocampista
482;1268;;Mediocampista
482;1264;;Mediocampista
482;1262;;Mediocampista
482;1287;;Mediocampista
482;1301;;Delantero
482;1294;;Delantero
482;1291;;Delantero
482;1282;;Delantero
482;1279;;Delantero
482;1270;;Delantero
482;1259;;Delantero
485;8244;;Arquero
485;8264;;Arquero
485;8371;;Defensor
485;8349;;Defensor
485;8400;;Defensor
485;8443;;Defensor
485;8240;;Mediocampista
485;8354;;Mediocampista
485;8311;;Mediocampista
485;8299;;Mediocampista
485;8395;;Mediocampista
485;8404;;Mediocampista
485;8392;;Delantero
485;8426;;Delantero
485;8417;;Delantero
485;8331;;Delantero
485;8292;;Delantero
485;8273;;Delantero
485;8269;;Delantero
485;8260;;Delantero
485;8241;;Delantero
485;8450;;Delantero
485;6434;;Arquero
485;6409;;Arquero
485;6398;;Defensor
485;6365;;Defensor
485;6428;;Defensor
485;6371;;Defensor
485;6435;;Mediocampista
485;6412;;Mediocampista
485;6346;;Mediocampista
485;6375;;Mediocampista
485;6367;;Mediocampista
485;6378;;Mediocampista
485;6357;;Delantero
485;6430;;Delantero
485;6426;;Delantero
485;6391;;Delantero
485;6408;;Delantero
485;6405;;Delantero
485;6404;;Delantero
485;6380;;Delantero
485;6394;;Delantero
485;6437;;Delantero
485;7044;;Arquero
485;6985;;Arquero
485;6946;;Defensor
485;7042;;Defensor
485;6956;;Defensor
485;7035;;Defensor
485;7023;;Mediocampista
485;7020;;Mediocampista
485;6971;;Mediocampista
485;6983;;Delantero
485;7032;;Delantero
485;6961;;Delantero
485;7037;;Delantero
485;7043;;Delantero
485;6939;;Delantero
488;3627;;Arquero
488;3739;;Defensor
488;3687;;Defensor
488;3726;;Defensor
488;3730;;Defensor
488;3592;;Mediocampista
488;3638;;Mediocampista
488;3693;;Mediocampista
488;3716;;Mediocampista
488;3697;;Delantero
488;3680;;Delantero
488;3642;;Delantero
488;3640;;Delantero
488;3635;;Delantero
488;3597;;Delantero
488;3581;;Delantero
488;6219;;Arquero
488;6252;;Arquero
488;6245;;Defensor
488;6298;;Defensor
488;6289;;Defensor
488;6262;;Defensor
488;6261;;Mediocampista
488;6199;;Mediocampista
488;6266;;Mediocampista
488;6258;;Mediocampista
488;6253;;Mediocampista
488;6220;;Mediocampista
488;6254;;Delantero
488;6333;;Delantero
488;6313;;Delantero
488;6309;;Delantero
488;6299;;Delantero
488;6221;;Delantero
488;6295;;Delantero
488;6273;;Delantero
488;6242;;Delantero
488;6336;;Delantero
488;1047;;Arquero
488;1085;;Arquero
488;1167;;Defensor
488;1135;;Defensor
488;1089;;Defensor
488;1129;;Mediocampista
488;1109;;Mediocampista
488;1088;;Mediocampista
488;1072;;Mediocampista
488;1058;;Mediocampista
488;1188;;Delantero
488;1246;;Delantero
488;1041;;Delantero
488;1160;;Delantero
488;1102;;Delantero
488;1252;;Delantero
491;36;;Arquero
491;1001;;Arquero
491;120;;Arquero
491;257;;Defensor
491;237;;Defensor
491;191;;Defensor
491;123;;Defensor
491;250;;Mediocampista
491;184;;Mediocampista
491;158;;Mediocampista
491;1031;;Mediocampista
491;138;;Mediocampista
491;74;;Mediocampista
491;262;;Delantero
491;1024;;Delantero
491;68;;Delantero
491;249;;Delantero
491;70;;Delantero
491;209;;Delantero
491;197;;Delantero
491;84;;Delantero
491;164;;Delantero
491;1047;;Arquero
491;1057;;Arquero
491;1235;;Arquero
491;1173;;Defensor
491;1177;;Defensor
491;1191;;Defensor
491;1194;;Defensor
491;1123;;Defensor
491;1199;;Mediocampista
491;1206;;Mediocampista
491;1130;;Mediocampista
491;1097;;Mediocampista
491;1084;;Mediocampista
491;1119;;Delantero
491;1236;;Delantero
491;1059;;Delantero
491;1062;;Delantero
491;1063;;Delantero
491;1069;;Delantero
491;1165;;Delantero
491;1137;;Delantero
491;1252;;Delantero
491;1663;;Arquero
491;1371;;Arquero
491;1561;;Defensor
491;1531;;Defensor
491;1426;;Defensor
491;1490;;Defensor
491;1346;;Mediocampista
491;1543;;Mediocampista
491;1676;;Mediocampista
491;1363;;Mediocampista
491;1388;;Mediocampista
491;1383;;Mediocampista
491;1519;;Delantero
491;1645;;Delantero
491;1626;;Delantero
491;1617;;Delantero
491;1593;;Delantero
491;1579;;Delantero
491;1565;;Delantero
491;1478;;Delantero
491;1521;;Delantero
491;1526;;Delantero
491;6781;;Arquero
491;6884;;Arquero
491;6875;;Defensor
491;6780;;Defensor
491;6790;;Defensor
491;6874;;Mediocampista
491;6839;;Mediocampista
491;6836;;Mediocampista
491;6835;;Mediocampista
491;6786;;Mediocampista
491;6777;;Mediocampista
491;6899;;Delantero
491;6905;;Delantero
491;6896;;Delantero
491;6893;;Delantero
491;6907;;Delantero
491;6870;;Delantero
491;6854;;Delantero
491;6846;;Delantero
491;6809;;Delantero
491;6778;;Delantero
491;6930;;Delantero
491;2775;;Arquero
491;2772;;Arquero
491;2773;;Defensor
491;2776;;Defensor
491;2781;;Mediocampista
491;2777;;Mediocampista
491;2774;;Mediocampista
491;2771;;Mediocampista
491;2783;;Delantero
491;2782;;Delantero
491;2780;;Delantero
491;2779;;Delantero
491;2778;;Delantero
491;2770;;Delantero
491;2784;;Delantero
491;3901;;Arquero
491;3823;;Arquero
491;3811;;Arquero
491;3780;;Defensor
491;3915;;Defensor
491;3825;;Defensor
491;3766;;Defensor
491;3940;;Defensor
491;3988;;Defensor
491;3793;;Defensor
491;3816;;Mediocampista
491;3862;;Mediocampista
491;3870;;Mediocampista
491;3872;;Mediocampista
491;3990;;Mediocampista
491;3759;;Mediocampista
491;3924;;Delantero
491;3884;;Delantero
491;3753;;Delantero
491;3808;;Delantero
491;3783;;Delantero
491;4000;;Delantero
491;4355;;Arquero
491;4308;;Arquero
491;4379;;Arquero
491;4273;;Defensor
491;4328;;Defensor
491;4360;;Defensor
491;4388;;Mediocampista
491;4381;;Mediocampista
491;4400;;Mediocampista
491;4370;;Mediocampista
491;4268;;Mediocampista
491;4336;;Mediocampista
491;4292;;Mediocampista
491;4407;;Delantero
491;4272;;Delantero
491;4393;;Delantero
491;4392;;Delantero
491;4410;;Delantero
491;4283;;Delantero
491;4373;;Delantero
491;4371;;Delantero
491;4327;;Delantero
491;4424;;Arquero
491;4413;;Arquero
491;4418;;Defensor
491;4417;;Defensor
491;4414;;Defensor
491;4411;;Defensor
491;4428;;Defensor
491;4415;;Mediocampista
491;4416;;Mediocampista
491;4412;;Mediocampista
491;4421;;Mediocampista
491;4427;;Delantero
491;4426;;Delantero
491;4425;;Delantero
491;4423;;Delantero
491;4422;;Delantero
491;4420;;Delantero
491;4419;;Delantero
491;5153;;Arquero
491;5127;;Arquero
491;5026;;Arquero
491;5139;;Defensor
491;5077;;Defensor
491;5186;;Defensor
491;5154;;Mediocampista
491;5170;;Mediocampista
491;5108;;Mediocampista
491;5085;;Mediocampista
491;4968;;Mediocampista
491;5206;;Mediocampista
491;5070;;Mediocampista
491;5062;;Mediocampista
491;4991;;Delantero
491;5175;;Delantero
491;4993;;Delantero
491;5165;;Delantero
491;5031;;Delantero
491;5034;;Delantero
491;5132;;Delantero
491;5073;;Delantero
491;5926;;Arquero
491;5918;;Arquero
491;5914;;Arquero
491;5917;;Defensor
491;5913;;Defensor
491;5909;;Defensor
491;5883;;Defensor
491;5884;;Defensor
491;5895;;Mediocampista
491;5885;;Mediocampista
491;5908;;Mediocampista
491;5906;;Mediocampista
491;5904;;Mediocampista
491;5911;;Delantero
491;5922;;Delantero
491;5919;;Delantero
491;5900;;Delantero
491;5886;;Delantero
491;5892;;Delantero
491;5910;;Delantero
491;5893;;Delantero
491;6075;;Arquero
491;6142;;Arquero
491;5987;;Defensor
491;6001;;Defensor
491;6159;;Defensor
491;6090;;Defensor
491;6086;;Mediocampista
491;6089;;Mediocampista
491;6137;;Mediocampista
491;5984;;Mediocampista
491;6043;;Mediocampista
491;6083;;Delantero
491;6153;;Delantero
491;6147;;Delantero
491;6008;;Delantero
491;6013;;Delantero
491;6131;;Delantero
491;6107;;Delantero
491;6092;;Delantero
491;6021;;Delantero
491;6026;;Delantero
491;6161;;Delantero
491;6450;;Arquero
491;6530;;Arquero
491;6583;;Defensor
491;6473;;Defensor
491;6475;;Defensor
491;6575;;Defensor
491;6545;;Mediocampista
491;6526;;Mediocampista
491;6554;;Mediocampista
491;6479;;Mediocampista
491;6465;;Mediocampista
491;6587;;Mediocampista
491;6574;;Delantero
491;6590;;Delantero
491;6555;;Delantero
491;6441;;Delantero
491;6553;;Delantero
491;6528;;Delantero
491;6507;;Delantero
491;6486;;Delantero
491;6456;;Delantero
491;6591;;Delantero
491;7026;;Arquero
491;6957;;Arquero
491;7007;;Arquero
491;7031;;Defensor
491;6972;;Defensor
491;6949;;Defensor
491;6946;;Defensor
491;7020;;Mediocampista
491;6953;;Mediocampista
491;7021;;Mediocampista
491;6940;;Mediocampista
491;7013;;Delantero
491;7001;;Delantero
491;6997;;Delantero
491;6983;;Delantero
491;6963;;Delantero
491;6945;;Delantero
491;6944;;Delantero
491;6943;;Delantero
491;6942;;Delantero
491;6938;;Delantero
491;7595;;Arquero
491;7777;;Arquero
491;7695;;Defensor
491;7735;;Defensor
491;7736;;Defensor
491;7648;;Defensor
491;7657;;Mediocampista
491;7783;;Mediocampista
491;7681;;Mediocampista
491;7600;;Mediocampista
491;7716;;Mediocampista
491;7748;;Delantero
491;7759;;Delantero
491;7798;;Delantero
491;7699;;Delantero
491;7691;;Delantero
491;7670;;Delantero
491;7634;;Delantero
491;7627;;Delantero
491;7608;;Delantero
491;7603;;Delantero
491;7800;;Delantero
491;7887;;Arquero
491;7824;;Arquero
491;7815;;Arquero
491;7968;;Defensor
491;7921;;Defensor
491;7906;;Defensor
491;7965;;Mediocampista
491;7981;;Mediocampista
491;7880;;Mediocampista
491;7911;;Mediocampista
491;7943;;Mediocampista
491;7988;;Delantero
491;7951;;Delantero
491;7899;;Delantero
491;7804;;Delantero
491;7806;;Delantero
491;7810;;Delantero
491;7821;;Delantero
491;7868;;Delantero
491;7877;;Delantero
491;7803;;Delantero
491;7989;;Delantero
507;7956;;Arquero
507;7874;;Defensor
507;7932;;Defensor
507;7991;;Defensor
507;7992;;Defensor
507;7912;;Mediocampista
507;7893;;Mediocampista
507;7889;;Mediocampista
507;7866;;Mediocampista
507;7884;;Delantero
507;7826;;Delantero
507;7984;;Delantero
507;7830;;Delantero
507;7936;;Delantero
507;7831;;Delantero
507;7895;;Delantero
507;7894;;Delantero
507;7801;;Arquero
507;7768;;Arquero
507;7611;;Defensor
507;7616;;Defensor
507;7624;;Defensor
507;7659;;Defensor
507;7766;;Mediocampista
507;7689;;Mediocampista
507;7607;;Mediocampista
507;7635;;Mediocampista
507;7666;;Delantero
507;7794;;Delantero
507;7753;;Delantero
507;7705;;Delantero
507;7639;;Delantero
507;7683;;Delantero
507;7045;;Arquero
507;7017;;Arquero
507;6935;;Defensor
507;6982;;Mediocampista
507;7042;;Mediocampista
507;6998;;Mediocampista
507;6958;;Mediocampista
507;6955;;Mediocampista
507;6951;;Delantero
507;7030;;Delantero
507;6128;;Arquero
507;6038;;Arquero
507;6133;;Defensor
507;6146;;Defensor
507;6088;;Mediocampista
507;6084;;Mediocampista
507;6143;;Delantero
507;6158;;Delantero
507;6102;;Delantero
507;6077;;Delantero
507;6076;;Delantero
507;6067;;Delantero
507;6035;;Delantero
507;5986;;Delantero
507;5036;;Arquero
507;5023;;Arquero
507;4961;;Defensor
507;5194;;Defensor
507;5007;;Defensor
507;5137;;Mediocampista
507;5179;;Mediocampista
507;5072;;Mediocampista
507;4990;;Mediocampista
507;5226;;Mediocampista
507;5020;;Mediocampista
507;5054;;Delantero
507;5097;;Delantero
507;5156;;Delantero
507;5096;;Delantero
507;4974;;Delantero
507;5200;;Delantero
507;5000;;Delantero
507;4401;;Defensor
507;4378;;Defensor
507;4299;;Defensor
507;4356;;Mediocampista
507;4376;;Mediocampista
507;4389;;Delantero
507;4390;;Delantero
507;4266;;Delantero
507;4380;;Delantero
507;4339;;Delantero
507;4319;;Delantero
507;3815;;Arquero
507;3976;;Arquero
507;3907;;Defensor
507;3763;;Defensor
507;3853;;Defensor
507;3899;;Mediocampista
507;3949;;Mediocampista
507;3842;;Mediocampista
507;3817;;Mediocampista
507;3993;;Mediocampista
507;3892;;Delantero
507;3881;;Delantero
507;3876;;Delantero
507;3747;;Delantero
507;3652;;Arquero
507;3676;;Defensor
507;3687;;Defensor
507;3614;;Defensor
507;3704;;Defensor
507;3648;;Defensor
507;3699;;Mediocampista
507;3673;;Mediocampista
507;3669;;Mediocampista
507;3578;;Mediocampista
507;3638;;Mediocampista
507;3633;;Mediocampista
507;3642;;Delantero
507;3622;;Delantero
507;3691;;Delantero
507;3624;;Delantero
507;3683;;Delantero
507;3635;;Delantero
507;3712;;Delantero
507;3568;;Arquero
507;3473;;Arquero
507;3497;;Defensor
507;3361;;Defensor
507;3452;;Defensor
507;3566;;Defensor
507;3443;;Mediocampista
507;3435;;Mediocampista
507;3467;;Mediocampista
507;3412;;Mediocampista
507;3409;;Mediocampista
507;3360;;Mediocampista
507;3506;;Delantero
507;3540;;Delantero
507;3558;;Delantero
507;3431;;Delantero
507;3430;;Delantero
507;3400;;Delantero
507;3381;;Delantero
507;3365;;Delantero
507;3358;;Delantero
507;3347;;Delantero
507;2990;;Arquero
507;3008;;Arquero
507;3022;;Defensor
507;2985;;Defensor
507;3015;;Defensor
507;3016;;Mediocampista
507;3006;;Mediocampista
507;3005;;Mediocampista
507;3003;;Mediocampista
507;3000;;Mediocampista
507;2995;;Mediocampista
507;2978;;Mediocampista
507;3002;;Delantero
507;3007;;Delantero
507;3012;;Delantero
507;3013;;Delantero
507;2992;;Delantero
507;6878;;Arquero
507;6931;;Defensor
507;6789;;Defensor
507;6927;;Mediocampista
507;6845;;Mediocampista
507;6783;;Mediocampista
507;6823;;Delantero
507;6906;;Delantero
507;6910;;Delantero
507;6918;;Delantero
507;6829;;Delantero
507;1590;;Arquero
507;1464;;Arquero
507;1528;;Defensor
507;1640;;Defensor
507;1570;;Defensor
507;1646;;Mediocampista
507;1364;;Mediocampista
507;1662;;Mediocampista
507;1391;;Mediocampista
507;1397;;Delantero
507;1366;;Delantero
507;1365;;Delantero
507;1660;;Delantero
507;1172;;Defensor
507;1141;;Defensor
507;1192;;Mediocampista
507;1174;;Mediocampista
507;1221;;Mediocampista
507;1255;;Mediocampista
507;1185;;Mediocampista
507;1075;;Mediocampista
507;1129;;Mediocampista
507;1055;;Mediocampista
507;1246;;Delantero
507;1060;;Delantero
507;1131;;Delantero
507;1095;;Delantero
507;1125;;Delantero
507;1145;;Delantero
507;1144;;Delantero
507;995;;Arquero
507;934;;Arquero
507;1011;;Defensor
507;957;;Defensor
507;1016;;Defensor
507;927;;Defensor
507;953;;Mediocampista
507;1018;;Mediocampista
507;1028;;Mediocampista
507;1030;;Delantero
507;1017;;Delantero
507;1033;;Delantero
507;1009;;Delantero
507;922;;Delantero
507;960;;Delantero
507;956;;Delantero
507;945;;Delantero
507;923;;Delantero
507;1039;;Delantero
507;622;;Arquero
507;640;;Arquero
507;531;;Defensor
507;548;;Defensor
507;582;;Defensor
507;720;;Defensor
507;662;;Mediocampista
507;694;;Mediocampista
507;517;;Mediocampista
507;791;;Mediocampista
507;666;;Mediocampista
507;724;;Delantero
507;753;;Delantero
507;653;;Delantero
507;650;;Delantero
507;624;;Delantero
507;595;;Delantero
507;803;;Delantero
507;154;;Arquero
507;89;;Defensor
507;244;;Defensor
507;39;;Defensor
507;255;;Mediocampista
507;3;;Mediocampista
507;293;;Mediocampista
507;79;;Mediocampista
507;21;;Delantero
507;200;;Delantero
507;43;;Delantero
507;45;;Delantero
507;144;;Delantero
507;92;;Delantero
507;112;;Delantero
