id,mundial,pais,grupo,jugador,referencia,camiseta,posicion
1,2022,Catar,A,Saad Al Sheeb,saad_al_sheeb.php,1,Arquero
2,2022,Catar,A,Yousuf Hassan,yousuf_hassan.php,21,Arquero
3,2022,Catar,A,Meshaal Barsham,meshaal_barsham.php,22,Arquero
4,2022,Catar,A,Pedro Miguel,pedro_miguel.php,2,Defensor
5,2022,Catar,A,Mohammed Waad,mohammed_waad.php,4,Defensor
6,2022,Catar,A,Tarek Salman,tarek_salman.php,5,Defensor
7,2022,Catar,A,Musaab Khidir,musaab_khidir.php,13,Defensor
8,2022,Catar,A,Homam Ahmed,homam_ahmed.php,14,Defensor
9,2022,Catar,A,Bassam Al-Rawi,bassam_al_rawi.php,15,Defensor
10,2022,Catar,A,Boualem Khoukhi,boualem_khoukhi.php,16,Defensor
11,2022,Catar,A,Ismaeel Mohammad,ismaeel_mohammad.php,17,Defensor
12,2022,Catar,A,Abdelkarim Hassan,abdelkarim_hassan.php,3,Mediocampista
13,2022,Catar,A,Abdelaziz Hatem,abdelaziz_hatem.php,6,Mediocampista
14,2022,Catar,A,Ali Asad,ali_asad.php,8,Mediocampista
15,2022,Catar,A,Hassan Al-Haydos,hassan_al_haidos.php,10,Mediocampista
16,2022,Catar,A,Karim Boudiaf,karim_boudiaf.php,12,Mediocampista
17,2022,Catar,A,Salem Al-Hajri,salem_al_hajri.php,20,Mediocampista
18,2022,Catar,A,Assim Madibo,assim_madibo.php,23,Mediocampista
19,2022,Catar,A,Naif Al-Hadhrami,naif_al_hadhrami.php,24,Mediocampista
20,2022,Catar,A,Jassem Gaber,jassem_gaber.php,25,Mediocampista
21,2022,Catar,A,Mostafa Tarek,moustafa_tarek.php,26,Mediocampista
22,2022,Catar,A,Ahmed Alaaeldin,ahmed_alaaeldin.php,7,Delantero
23,2022,Catar,A,Mohammed Muntari,mohammed_muntari.php,9,Delantero
24,2022,Catar,A,Akram Afif,akram_afif.php,11,Delantero
25,2022,Catar,A,Khalid Muneer,khalid_muneer.php,18,Delantero
26,2022,Catar,A,Almoez Ali,almoez_ali.php,19,Delantero
27,2022,Ecuador,A,Hernán Galíndez,hernan_galindez.php,1,Arquero
28,2022,Ecuador,A,Moisés Ramírez,moises_ramirez.php,12,Arquero
29,2022,Ecuador,A,Alexander Domínguez,alexander_dominguez.php,22,Arquero
30,2022,Ecuador,A,Félix Torres,felix_torres.php,2,Defensor
31,2022,Ecuador,A,Piero Hincapié,piero_hincapie.php,3,Defensor
32,2022,Ecuador,A,Robert Arboleda,robert_arboleda.php,4,Defensor
33,2022,Ecuador,A,William Pacho,william_pacho.php,6,Defensor
34,2022,Ecuador,A,Pervis Estupiñán,pervis_estupinan.php,7,Defensor
35,2022,Ecuador,A,Xavier Arreaga,xavier_arreaga.php,14,Defensor
36,2022,Ecuador,A,Angelo Preciado,angelo_preciado.php,17,Defensor
37,2022,Ecuador,A,Diego Palacios,diego_palacios.php,18,Defensor
38,2022,Ecuador,A,Jackson Porozo,jackson_porozo.php,25,Defensor
39,2022,Ecuador,A,José Cifuentes,jose_cifuentes.php,5,Mediocampista
40,2022,Ecuador,A,Carlos Gruezo,carlos_gruezo.php,8,Mediocampista
41,2022,Ecuador,A,Ayrton Preciado,ayrton_preciado.php,9,Mediocampista
42,2022,Ecuador,A,Romario Ibarra,romario_ibarra.php,10,Mediocampista
43,2022,Ecuador,A,Ángel Mena,angel_mena.php,15,Mediocampista
44,2022,Ecuador,A,Jeremy Sarmiento,jeremy_sarmiento.php,16,Mediocampista
45,2022,Ecuador,A,Gonzalo Plata,gonzalo_plata.php,19,Mediocampista
46,2022,Ecuador,A,Jhegson Méndez,jhegson_mendez.php,20,Mediocampista
47,2022,Ecuador,A,Alan Franco,alan_franco.php,21,Mediocampista
48,2022,Ecuador,A,Moisés Caicedo,moises_caicedo.php,23,Mediocampista
49,2022,Ecuador,A,Michael Estrada,michael_estrada.php,11,Delantero
50,2022,Ecuador,A,Enner Valencia,enner_valencia.php,13,Delantero
51,2022,Ecuador,A,Djorkaeff Reasco,djorkaeff_reasco.php,24,Delantero
52,2022,Ecuador,A,Kevin Rodríguez,kevin_rodriguez.php,26,Delantero
53,2022,Paises Bajos,A,Remko Pasveer,remko_pasveer.php,1,Arquero
54,2022,Paises Bajos,A,Justin Bijlow,justin_bijlow.php,13,Arquero
55,2022,Paises Bajos,A,Andries Noppert,andries_noppert.php,23,Arquero
56,2022,Paises Bajos,A,Jurrïen Timber,jurrien_timber.php,2,Defensor
57,2022,Paises Bajos,A,Matthijs De Ligt,matthijs_de_ligt.php,3,Defensor
58,2022,Paises Bajos,A,Virgil Van Dijk,virgil_van_dijk.php,4,Defensor
59,2022,Paises Bajos,A,Nathan Aké,nathan_ake.php,5,Defensor
60,2022,Paises Bajos,A,Stefan de Vrij,stefan_de_vrij.php,6,Defensor
61,2022,Paises Bajos,A,Tyrell Malacia,tyrell_malacia.php,16,Defensor
62,2022,Paises Bajos,A,Daley Blind,daley_blind.php,17,Defensor
63,2022,Paises Bajos,A,Denzel Dumfries,denzel_dumfries.php,22,Defensor
64,2022,Paises Bajos,A,Jeremie Frimpong,jeremie_frimpong.php,26,Defensor
65,2022,Paises Bajos,A,Steven Berghuis,steven_berghuis.php,11,Mediocampista
66,2022,Paises Bajos,A,Davy Klaassen,davy_klaassen.php,14,Mediocampista
67,2022,Paises Bajos,A,Marten de Roon,marten_de_roon.php,15,Mediocampista
68,2022,Paises Bajos,A,Teun Koopmeiners,teun_koopmeiners.php,20,Mediocampista
69,2022,Paises Bajos,A,Frenkie de Jong,frenkie_de_jong.php,21,Mediocampista
70,2022,Paises Bajos,A,Kenneth Taylor,kenneth_taylor.php,24,Mediocampista
71,2022,Paises Bajos,A,Xavi Simons,xavi_simons.php,25,Mediocampista
72,2022,Paises Bajos,A,Steven Bergwijn,steven_bergwijn.php,7,Delantero
73,2022,Paises Bajos,A,Cody Gakpo,cody_gakpo.php,8,Delantero
74,2022,Paises Bajos,A,Luuk De Jong,luuk_de_jong.php,9,Delantero
75,2022,Paises Bajos,A,Memphis Depay,memphis_depay.php,10,Delantero
76,2022,Paises Bajos,A,Noa Lang,noa_lang.php,12,Delantero
77,2022,Paises Bajos,A,Vincent Janssen,vincent_janssen.php,18,Delantero
78,2022,Paises Bajos,A,Wout Weghorst,wout_weghorst.php,19,Delantero
79,2022,Senegal,A,Seny Dieng,seny_dieng.php,1,Arquero
80,2022,Senegal,A,Edouard Mendy,edouard_mendy.php,16,Arquero
81,2022,Senegal,A,Alfred Gomis,alfred_gomis.php,23,Arquero
82,2022,Senegal,A,Formose Mendy,formose_mendy.php,2,Defensor
83,2022,Senegal,A,Kalidou Koulibaly,kalidou_koulibaly.php,3,Defensor
84,2022,Senegal,A,Pape Abdou Cissé,pape_abdou_cisse.php,4,Defensor
85,2022,Senegal,A,Cheikhou Kouyaté,cheikhou_kouyate.php,8,Defensor
86,2022,Senegal,A,Moussa N'Diaye,moussa_ndiaye_2.php,10,Defensor
87,2022,Senegal,A,Fodé Ballo-Toure,fode_ballo_toure.php,12,Defensor
88,2022,Senegal,A,Ismail Jakobs,ismail_jakobs.php,14,Defensor
89,2022,Senegal,A,Youssouf Sabaly,youssouf_sabaly.php,21,Defensor
90,2022,Senegal,A,Abdou Diallo,abdou_diallo.php,22,Defensor
91,2022,Senegal,A,Moustapha Name,moustapha_name.php,24,Defensor
92,2022,Senegal,A,Idrissa Gana Gueye,idrissa_gueye.php,5,Mediocampista
93,2022,Senegal,A,Nampalys Mendy,nampalys_mendy.php,6,Mediocampista
94,2022,Senegal,A,Pathé Ciss,pathe_ciss.php,11,Mediocampista
95,2022,Senegal,A,Krépin Diatta,krepin_diatta.php,15,Mediocampista
96,2022,Senegal,A,Pape Matar Sarr,pape_matar_sarr.php,17,Mediocampista
97,2022,Senegal,A,Mamadou Loum,mamadou_loum.php,25,Mediocampista
98,2022,Senegal,A,Pape Gueye,pape_gueye.php,26,Mediocampista
99,2022,Senegal,A,Nicolas Jackson,nicolas_jackson.php,7,Delantero
100,2022,Senegal,A,Boulaye Dia,boulaye_dia.php,9,Delantero
101,2022,Senegal,A,Iliman Ndiaye,iliman_ndiaye.php,13,Delantero
102,2022,Senegal,A,Ismaïla Sarr,ismaila_sarr.php,18,Delantero
103,2022,Senegal,A,Famara Diéhiou,famara_diehiou.php,19,Delantero
104,2022,Senegal,A,Bamba Dieng,bamba_dieng.php,20,Delantero
105,2022,Estados Unidos,B,Matt Turner,matt_turner.php,1,Arquero
106,2022,Estados Unidos,B,Ethan Horvath,ethan_horvath.php,12,Arquero
107,2022,Estados Unidos,B,Sean Johnson,sean_johnson.php,25,Arquero
108,2022,Estados Unidos,B,Sergiño Dest,sergino_dest.php,2,Defensor
109,2022,Estados Unidos,B,Walker Zimmerman,walker_zimmerman.php,3,Defensor
110,2022,Estados Unidos,B,Antonee Robinson,antonee_robinson.php,5,Defensor
111,2022,Estados Unidos,B,Tim Ream,tim_ream.php,13,Defensor
112,2022,Estados Unidos,B,Aaron Long,aaron_long.php,15,Defensor
113,2022,Estados Unidos,B,Shaquell Moore,shaquell_moore.php,18,Defensor
114,2022,Estados Unidos,B,Cameron Carter-Vickers,cameron_carter_vickers.php,20,Defensor
115,2022,Estados Unidos,B,DeAndre Yedlin,deandre_yedlin.php,22,Defensor
116,2022,Estados Unidos,B,Joe Scally,joe_scally.php,26,Defensor
117,2022,Estados Unidos,B,Tyler Adams,tyler_adams.php,4,Mediocampista
118,2022,Estados Unidos,B,Yunus Musah,yunus_musah.php,6,Mediocampista
119,2022,Estados Unidos,B,Weston McKennie,weston_mckennie.php,8,Mediocampista
120,2022,Estados Unidos,B,Luca de la Torre,luca_de_la_torre.php,14,Mediocampista
121,2022,Estados Unidos,B,Cristian Roldan,cristian_roldan.php,17,Mediocampista
122,2022,Estados Unidos,B,Kellyn Acosta,kellyn_acosta.php,23,Mediocampista
123,2022,Estados Unidos,B,Giovanni Reyna,giovanni_reyna.php,7,Delantero
124,2022,Estados Unidos,B,Jesus Ferreira,jesus_ferreira.php,9,Delantero
125,2022,Estados Unidos,B,Christian Pulisic,christian_pulisic.php,10,Delantero
126,2022,Estados Unidos,B,Brenden Aaronson,brenden_aaronson.php,11,Delantero
127,2022,Estados Unidos,B,Jordan Morris,jordan_morris.php,16,Delantero
128,2022,Estados Unidos,B,Haji Wright,haji_wright.php,19,Delantero
129,2022,Estados Unidos,B,Tim Weah,tim_weah.php,21,Delantero
130,2022,Estados Unidos,B,Josh Sargent,josh_sargent.php,24,Delantero
131,2022,Gales,B,Wayne Heennesey,wayne_hennessey.php,1,Arquero
132,2022,Gales,B,Danny Ward,danny_ward.php,12,Arquero
133,2022,Gales,B,Adam Davies,adam_davies.php,21,Arquero
134,2022,Gales,B,Chris Gunter,chris_gunter.php,2,Defensor
135,2022,Gales,B,Neco Williams,neco_williams.php,3,Defensor
136,2022,Gales,B,Ben Davies,ben_davies.php,4,Defensor
137,2022,Gales,B,Chris Mepham,chris_mepham.php,5,Defensor
138,2022,Gales,B,Joe Rodon,joe_rodon.php,6,Defensor
139,2022,Gales,B,Connor Roberts,connor_roberts.php,14,Defensor
140,2022,Gales,B,Ethan Ampadu,ethan_ampadu.php,15,Defensor
141,2022,Gales,B,Tom Lockyer,tom_lockyer.php,17,Defensor
142,2022,Gales,B,Ben Cabango,ben_cabango.php,24,Defensor
143,2022,Gales,B,Rubin Colwill,rubin_colwill.php,25,Defensor
144,2022,Gales,B,Joe Allen,joe_allen.php,7,Mediocampista
145,2022,Gales,B,Harry Wilson,harry_wilson.php,8,Mediocampista
146,2022,Gales,B,Aaron Ramsey,aaron_ramsey.php,10,Mediocampista
147,2022,Gales,B,Joe Morrell,joe_morrell.php,16,Mediocampista
148,2022,Gales,B,Jonny Williams,jonny_williams.php,18,Mediocampista
149,2022,Gales,B,Sorba Thomas,sorba_thomas.php,22,Mediocampista
150,2022,Gales,B,Dylan Levitt,dylan_levitt.php,23,Mediocampista
151,2022,Gales,B,Matt Smith,matt_smith.php,26,Mediocampista
152,2022,Gales,B,Brennan Johnson,brennan_johnson.php,9,Delantero
153,2022,Gales,B,Gareth Bale,gareth_bale.php,11,Delantero
154,2022,Gales,B,Kieffer Moore,kieffer_moore.php,13,Delantero
155,2022,Gales,B,Mark Harris,mark_harris.php,19,Delantero
156,2022,Gales,B,Dan James,dan_james.php,20,Delantero
157,2022,Inglaterra,B,Jordan Pickford,jordan_pickford.php,1,Arquero
158,2022,Inglaterra,B,Nick Pope,nick_pope.php,13,Arquero
159,2022,Inglaterra,B,Aaron Ramsdale,aaron_ramsdale.php,23,Arquero
160,2022,Inglaterra,B,Kyle Walker,kyle_walker.php,2,Defensor
161,2022,Inglaterra,B,Luke Shaw,luke_shaw.php,3,Defensor
162,2022,Inglaterra,B,John Stones,john_stones.php,5,Defensor
163,2022,Inglaterra,B,Harry Maguire,harry_maguire.php,6,Defensor
164,2022,Inglaterra,B,Kieran Trippier,kieran_trippier.php,12,Defensor
165,2022,Inglaterra,B,Eric Dier,eric_dier.php,15,Defensor
166,2022,Inglaterra,B,Connor Coady,connor_coady.php,16,Defensor
167,2022,Inglaterra,B,Trent Alexander-Arnold,trent_alexander_arnold.php,18,Defensor
168,2022,Inglaterra,B,Ben White,ben_white.php,21,Defensor
169,2022,Inglaterra,B,Declan Rice,declan_rice.php,4,Mediocampista
170,2022,Inglaterra,B,Jordan Henderson,jordan_henderson.php,8,Mediocampista
171,2022,Inglaterra,B,Kalvin Phillips,kalvin_phillips.php,14,Mediocampista
172,2022,Inglaterra,B,Mason Mount,mason_mount.php,19,Mediocampista
173,2022,Inglaterra,B,Phil Foden,phil_foden.php,20,Mediocampista
174,2022,Inglaterra,B,Jude Bellingham,jude_bellingham.php,22,Mediocampista
175,2022,Inglaterra,B,James Maddison,james_maddison.php,25,Mediocampista
176,2022,Inglaterra,B,Connor Gallagher,connor_gallagher.php,26,Mediocampista
177,2022,Inglaterra,B,Jack Grealish,jack_grealish.php,7,Delantero
178,2022,Inglaterra,B,Harry Kane,harry_kane.php,9,Delantero
179,2022,Inglaterra,B,Raheem Sterling,raheem_sterling.php,10,Delantero
180,2022,Inglaterra,B,Marcus Rashford,marcus_rashford.php,11,Delantero
181,2022,Inglaterra,B,Bukayo Saka,bukayo_saka.php,17,Delantero
182,2022,Inglaterra,B,Callum Wilson,callum_wilson.php,24,Delantero
183,2022,Irán,B,Alireza Beiranvand,alireza_beiranvand.php,1,Arquero
184,2022,Irán,B,Payam Niazmand,payam_niazmand.php,12,Arquero
185,2022,Irán,B,Amir Abedzadeh,amir_abedzadeh.php,22,Arquero
186,2022,Irán,B,Hossein Hosseini,hossein_hosseini.php,24,Arquero
187,2022,Irán,B,Sadegh Moharrami,sadegh_moharrami.php,2,Defensor
188,2022,Irán,B,Ehsan Hajsafi,ehsan_hajsafi.php,3,Defensor
189,2022,Irán,B,Shoja Khalilzadeh,shoja_khalilzadeh.php,4,Defensor
190,2022,Irán,B,Milad Mohammadi,milad_mohammadi.php,5,Defensor
191,2022,Irán,B,Morteza Pouraliganji,morteza_pouraliganji.php,8,Defensor
192,2022,Irán,B,Hossein Kanaani,hossein_kanaani.php,13,Defensor
193,2022,Irán,B,Rouzbeh Cheshmi,rouzbeh_cheshmi.php,15,Defensor
194,2022,Irán,B,Majid Hosseini,majid_hosseini.php,19,Defensor
195,2022,Irán,B,Ramin Rezaeian,ramin_rezaeian.php,23,Defensor
196,2022,Irán,B,Abolfazl Jalali,abolfazl_jalali.php,25,Defensor
197,2022,Irán,B,Saeid Ezatolahi,saeid_ezatolahi.php,6,Mediocampista
198,2022,Irán,B,Alireza Jahanbakhsh,alireza_jahanbakhsh.php,7,Mediocampista
199,2022,Irán,B,Vahid Amiri,vahid_amiri.php,11,Mediocampista
200,2022,Irán,B,Saman Ghoddos,saman_ghoddos.php,14,Mediocampista
201,2022,Irán,B,Mehdi Torabi,mehdi_torabi.php,16,Mediocampista
202,2022,Irán,B,Ali Gholizadeh,ali_gholizadeh.php,17,Mediocampista
203,2022,Irán,B,Ali Karimi,ali_karimi_2.php,18,Mediocampista
204,2022,Irán,B,Ahmad Nourollahi,ahmad_nourollahi.php,21,Mediocampista
205,2022,Irán,B,Mehdi Taremi,mehdi_taremi.php,9,Delantero
206,2022,Irán,B,Karim Ansarifard,karim_ansarifard.php,10,Delantero
207,2022,Irán,B,Sardar Azmoun,sardar_azmoun.php,20,Delantero
208,2022,Arabia Saudita,C,Mohammed Al Rubaie,mohammed_al_rubaie.php,1,Arquero
209,2022,Arabia Saudita,C,Mohammed Al-Owais,mohammed_al_owais.php,21,Arquero
210,2022,Arabia Saudita,C,Nawaf Al-Aqidi,nawaf_al_aqidi.php,22,Arquero
211,2022,Arabia Saudita,C,Sultan Al-Ghanam,sultan_al_ghanam.php,2,Defensor
212,2022,Arabia Saudita,C,Abdullah Madu,abdullah_madu.php,3,Defensor
213,2022,Arabia Saudita,C,Abdulelah Al-Amri,abdulelah_al_amri.php,4,Defensor
214,2022,Arabia Saudita,C,Ali Al-Bulaihi,ali_al_bulaihi.php,5,Defensor
215,2022,Arabia Saudita,C,Mohammed Al-Breik,mohammed_al_breik.php,6,Defensor
216,2022,Arabia Saudita,C,Saud Abdulhamid,saud_abdulhamid.php,12,Defensor
217,2022,Arabia Saudita,C,Yasser Al-Shahrani,yasser_al_shahrani.php,13,Defensor
218,2022,Arabia Saudita,C,Hassan Tambakti,hassan_tambakti.php,17,Defensor
219,2022,Arabia Saudita,C,Salman Al-Faraj,salman_al_faraj.php,7,Mediocampista
220,2022,Arabia Saudita,C,Abdulelah Al-Malki,abdulellah_al_malki.php,8,Mediocampista
221,2022,Arabia Saudita,C,Abdullah Otayf,abdullah_otayf.php,14,Mediocampista
222,2022,Arabia Saudita,C,Ali Al-Hassan,ali_al_hassan.php,15,Mediocampista
223,2022,Arabia Saudita,C,Sami Al-Najei,sami_al_najei.php,16,Mediocampista
224,2022,Arabia Saudita,C,Nawaf Al-Abed,nawaf_al_abed.php,18,Mediocampista
225,2022,Arabia Saudita,C,Mohamed Kanno,mohamed_kanno.php,23,Mediocampista
226,2022,Arabia Saudita,C,Nasser Al-Dawsari,nasser_al_dawsari.php,24,Mediocampista
227,2022,Arabia Saudita,C,Riyadh Sharahili,riyadh_sharahili.php,26,Mediocampista
228,2022,Arabia Saudita,C,Firas Al-Buraikan,firas_al_buraikan.php,9,Delantero
229,2022,Arabia Saudita,C,Salem Al-Dawsari,salem_al_dawsari.php,10,Delantero
230,2022,Arabia Saudita,C,Saleh Al-Shehri,saleh_al_shehri.php,11,Delantero
231,2022,Arabia Saudita,C,Hattan Bahebri,hattan_bahebri.php,19,Delantero
232,2022,Arabia Saudita,C,Abdulrahman Al-Aboud,abdulrahman_al_aboud.php,20,Delantero
233,2022,Arabia Saudita,C,Haitham Asiri,haitham_asiri.php,25,Delantero
234,2022,Argentina,C,Franco Armani,franco_armani.php,1,Arquero
235,2022,Argentina,C,Geronimo Rulli,geronimo_rulli.php,12,Arquero
236,2022,Argentina,C,Emiliano Martinez,emiliano_martinez.php,23,Arquero
237,2022,Argentina,C,Juan Foyth,juan_foyth.php,2,Defensor
238,2022,Argentina,C,Nicolas Tagliafico,nicolas_tagliafico.php,3,Defensor
239,2022,Argentina,C,Gonzalo Montiel,gonzalo_montiel.php,4,Defensor
240,2022,Argentina,C,German Pezzella,german_pezzella.php,6,Defensor
241,2022,Argentina,C,Cristian Romero,cristian_romero.php,13,Defensor
242,2022,Argentina,C,Nicolas Otamendi,nicolas_otamendi.php,19,Defensor
243,2022,Argentina,C,Lisandro Martinez,lisandro_martinez.php,25,Defensor
244,2022,Argentina,C,Nahuel Molina,nahuel_molina.php,26,Defensor
245,2022,Argentina,C,Leandro Paredes,leandro_paredes.php,5,Mediocampista
246,2022,Argentina,C,Rodrigo De Paul,rodrigo_de_paul.php,7,Mediocampista
247,2022,Argentina,C,Marcos Acuña,marcos_acuna.php,8,Mediocampista
248,2022,Argentina,C,Exequiel Palacios,exequiel_palacios.php,14,Mediocampista
249,2022,Argentina,C,Thiago Almada,thiago_almada.php,16,Mediocampista
250,2022,Argentina,C,Alejandro Gomez,alejandro_gomez.php,17,Mediocampista
251,2022,Argentina,C,Guido Rodriguez,guido_rodriguez.php,18,Mediocampista
252,2022,Argentina,C,Alexis Mac Allister,alexis_mac_allister.php,20,Mediocampista
253,2022,Argentina,C,Enzo Fernandez,enzo_fernandez.php,24,Mediocampista
254,2022,Argentina,C,Julian Alvarez,julian_alvarez.php,9,Delantero
255,2022,Argentina,C,Lionel Messi,lionel_messi.php,10,Delantero
256,2022,Argentina,C,Angel Di Maria,angel_di_maria.php,11,Delantero
257,2022,Argentina,C,Ángel Correa,angel_correa.php,15,Delantero
258,2022,Argentina,C,Paulo Dybala,paulo_dybala.php,21,Delantero
259,2022,Argentina,C,Lautaro Martinez,lautaro_martinez.php,22,Delantero
260,2022,México,C,Alfredo Talavera,alfredo_talavera.php,1,Arquero
261,2022,México,C,Rodolfo Cota,rodolfo_cota.php,12,Arquero
262,2022,México,C,Guillermo Ochoa,guillermo_ochoa.php,13,Arquero
263,2022,México,C,Néstor Araujo,nestor_araujo.php,2,Defensor
264,2022,México,C,César Montes,cesar_montes.php,3,Defensor
265,2022,México,C,Edson Álvarez,edson_alvarez.php,4,Defensor
266,2022,México,C,Johan Vásquez,johan_vasquez.php,5,Defensor
267,2022,México,C,Gerardo Arteaga,gerardo_arteaga.php,6,Defensor
268,2022,México,C,Hector Moreno,hector_moreno.php,15,Defensor
269,2022,México,C,Jorge Sánchez,jorge_sanchez.php,19,Defensor
270,2022,México,C,Jesús Gallardo,jesus_gallardo.php,23,Defensor
271,2022,México,C,Kevin Álvarez,kevin_alvarez.php,26,Defensor
272,2022,México,C,Luis Romo,luis_romo.php,7,Mediocampista
273,2022,México,C,Carlos Rodríguez,carlos_rodriguez.php,8,Mediocampista
274,2022,México,C,Érick Gutiérrez,erick_gutierrez.php,14,Mediocampista
275,2022,México,C,Héctor Herrera,hector_herrera.php,16,Mediocampista
276,2022,México,C,Andres Guardado,andres_guardado.php,18,Mediocampista
277,2022,México,C,Luis Chávez,luis_chavez.php,24,Mediocampista
278,2022,México,C,Raúl Jiménez,raul_jimenez.php,9,Delantero
279,2022,México,C,Alexis Vega,alexis_vega.php,10,Delantero
280,2022,México,C,Rogelio Funes Mori,rogelio_funes_mori.php,11,Delantero
281,2022,México,C,Orbelín Pineda,orbelin_pineda.php,17,Delantero
282,2022,México,C,Henry Martin,henry_martin.php,20,Delantero
283,2022,México,C,Uriel Antuna,uriel_antuna.php,21,Delantero
284,2022,México,C,Hirving Lozano,hirving_lozano.php,22,Delantero
285,2022,México,C,Roberto Alvarado,roberto_alvarado.php,25,Delantero
286,2022,Polonia,C,Wojciech Szczęsny,wojciech_szczesny.php,1,Arquero
287,2022,Polonia,C,Lukasz Skorupski,lukasz_skorupski.php,12,Arquero
288,2022,Polonia,C,Kamil Grabara,kamil_grabara.php,22,Arquero
289,2022,Polonia,C,Matty Cash,matty_cash.php,2,Defensor
290,2022,Polonia,C,Artur Jędrzejczyk,artur_jedrzejczyk.php,3,Defensor
291,2022,Polonia,C,Mateusz Wieteska,mateusz_wieteska.php,4,Defensor
292,2022,Polonia,C,Jan Bednarek,jan_bednarek.php,5,Defensor
293,2022,Polonia,C,Jakub Kiwior,jakub_kiwior.php,14,Defensor
294,2022,Polonia,C,Kamil Glik,kamil_glik.php,15,Defensor
295,2022,Polonia,C,Bartosz Bereszyński,bartosz_bereszynski.php,18,Defensor
296,2022,Polonia,C,Robert Gumny,robert_gumny.php,25,Defensor
297,2022,Polonia,C,Krystian Bielik,krystian_bielik.php,6,Mediocampista
298,2022,Polonia,C,Damian Szymanski,damian_szymanski.php,8,Mediocampista
299,2022,Polonia,C,Grzegorz Krychowiak,grzegorz_krychowiak.php,10,Mediocampista
300,2022,Polonia,C,Kamil Grosicki,kamil_grosicki.php,11,Mediocampista
301,2022,Polonia,C,Jakub Kaminski,jakub_kaminski.php,13,Mediocampista
302,2022,Polonia,C,Szymon Zurkowski,szymon_zurkowski.php,17,Mediocampista
303,2022,Polonia,C,Sebastian Szymański,sebastian_szymanski.php,19,Mediocampista
304,2022,Polonia,C,Piotr Zieliński,piotr_zielinski.php,20,Mediocampista
305,2022,Polonia,C,Nicola Zalewski,nicola_zalewski.php,21,Mediocampista
306,2022,Polonia,C,Przemyslaw Frankowski,przemyslaw_frankowski.php,24,Mediocampista
307,2022,Polonia,C,Michal Skóraś,michal_skoras.php,26,Mediocampista
308,2022,Polonia,C,Arkadiusz Milik,arkadiusz_milik.php,7,Delantero
309,2022,Polonia,C,Robert Lewandowski,robert_lewandowski.php,9,Delantero
310,2022,Polonia,C,Karol Swiderski,karol_swiderski.php,16,Delantero
311,2022,Polonia,C,Krzysztof Piatek,krzysztof_piatek.php,23,Delantero
312,2022,Australia,D,Mathew Ryan,mathew_ryan.php,1,Arquero
313,2022,Australia,D,Andrew Redmayne,andrew_redmayne.php,12,Arquero
314,2022,Australia,D,Danny Vukovic,danny_vukovic.php,18,Arquero
315,2022,Australia,D,Milos Degenek,milos_degenek.php,2,Defensor
316,2022,Australia,D,Nathaniel Atkinson,nathaniel_atkinson.php,3,Defensor
317,2022,Australia,D,Kye Rowles,kye_rowles.php,4,Defensor
318,2022,Australia,D,Fran Karacic,fran_karacic.php,5,Defensor
319,2022,Australia,D,Bailey Wright,bailey_wright.php,8,Defensor
320,2022,Australia,D,Aziz Behich,aziz_behich.php,16,Defensor
321,2022,Australia,D,Harry Souttar,harry_souttar.php,19,Defensor
322,2022,Australia,D,Thomas Deng,thomas_deng.php,20,Defensor
323,2022,Australia,D,Joel King,joel_king.php,24,Defensor
324,2022,Australia,D,Ajdin Hrustic,ajdin_hrustic.php,10,Mediocampista
325,2022,Australia,D,Aaron Mooy,aaron_mooy.php,13,Mediocampista
326,2022,Australia,D,Riley McGree,riley_mcgree.php,14,Mediocampista
327,2022,Australia,D,Cameron Devlin,cameron_devlin.php,17,Mediocampista
328,2022,Australia,D,Jackson Irvine,jackson_irvine.php,22,Mediocampista
329,2022,Australia,D,Keanu Baccus,keanu_baccus.php,26,Mediocampista
330,2022,Australia,D,Martin Boyle,martin_boyle.php,6,Delantero
331,2022,Australia,D,Mathew Leckie,mathew_leckie.php,7,Delantero
332,2022,Australia,D,Jamie Maclaren,jamie_maclaren.php,9,Delantero
333,2022,Australia,D,Awer Mabil,awer_mabil.php,11,Delantero
334,2022,Australia,D,Mitchell Duke,mitchell_duke.php,15,Delantero
335,2022,Australia,D,Garang Kuol,garang_kuol.php,21,Delantero
336,2022,Australia,D,Craig Goodwin,craig_goodwin.php,23,Delantero
337,2022,Australia,D,Jason Cummings,jason_cummings.php,25,Delantero
338,2022,Dinamarca,D,Kasper Schmeichel,kasper_schmeichel.php,1,Arquero
339,2022,Dinamarca,D,Oliver Christensen,oliver_christensen.php,16,Arquero
340,2022,Dinamarca,D,Frederik Ronnow,frederik_ronnow.php,22,Arquero
341,2022,Dinamarca,D,Joachim Andersen,joachim_andersen.php,2,Defensor
342,2022,Dinamarca,D,Victor Nelsson,victor_nelsson.php,3,Defensor
343,2022,Dinamarca,D,Simon Kjaer,simon_kjaer.php,4,Defensor
344,2022,Dinamarca,D,Joakim Maehle,joakim_maehle.php,5,Defensor
345,2022,Dinamarca,D,Andreas Christensen,andreas_christensen.php,6,Defensor
346,2022,Dinamarca,D,Rasmus Kristensen,rasmus_kristensen.php,13,Defensor
347,2022,Dinamarca,D,Jens Stryger Larsen,jens_stryger_larsen.php,17,Defensor
348,2022,Dinamarca,D,Daniel Wass,daniel_wass.php,18,Defensor
349,2022,Dinamarca,D,Alexander Bah,alexander_bah.php,26,Defensor
350,2022,Dinamarca,D,Mathias Jensen,mathias_jensen.php,7,Mediocampista
351,2022,Dinamarca,D,Thomas Delaney,thomas_delaney.php,8,Mediocampista
352,2022,Dinamarca,D,Christian Eriksen,christian_eriksen.php,10,Mediocampista
353,2022,Dinamarca,D,Andreas Skov Olsen,andreas_skov_olsen.php,11,Mediocampista
354,2022,Dinamarca,D,Mikkel Damsgaard,mikkel_damsgaard.php,14,Mediocampista
355,2022,Dinamarca,D,Christian Norgaard,christian_norgaard.php,15,Mediocampista
356,2022,Dinamarca,D,Pierre-Emile Hojbjerg,pierre_emile_hojbjerg.php,23,Mediocampista
357,2022,Dinamarca,D,Robert Skov,robert_skov.php,24,Mediocampista
358,2022,Dinamarca,D,Jesper Lindstrom,jesper_lindstrom.php,25,Mediocampista
359,2022,Dinamarca,D,Martin Braithwaite,martin_braithwaite.php,9,Delantero
360,2022,Dinamarca,D,Kasper Dolberg,kasper_dolberg.php,12,Delantero
361,2022,Dinamarca,D,Jonas Wind,jonas_wind.php,19,Delantero
362,2022,Dinamarca,D,Yussuf Yurary Poulsen,yussuf_poulsen.php,20,Delantero
363,2022,Dinamarca,D,Andreas Cornelius,andreas_cornelius.php,21,Delantero
364,2022,Francia,D,Hugo Lloris,hugo_lloris.php,1,Arquero
365,2022,Francia,D,Steve Mandanda,steve_mandanda.php,16,Arquero
366,2022,Francia,D,Alphonse Areola,alphonse_areola.php,23,Arquero
367,2022,Francia,D,Benjamin Pavard,benjamin_pavard.php,2,Defensor
368,2022,Francia,D,Axel Disasi,axel_disasi.php,3,Defensor
369,2022,Francia,D,Raphael Varane,raphael_varane.php,4,Defensor
370,2022,Francia,D,Jules Koundé,jules_kounde.php,5,Defensor
371,2022,Francia,D,Youssouf Fofana,youssouf_fofana.php,13,Defensor
372,2022,Francia,D,William Saliba,william_saliba.php,17,Defensor
373,2022,Francia,D,Dayot Upamecano,dayot_upamecano.php,18,Defensor
374,2022,Francia,D,Lucas Hernandez,lucas_hernandez.php,21,Defensor
375,2022,Francia,D,Théo Hernandez,theo_hernandez.php,22,Defensor
376,2022,Francia,D,Ibrahima Konaté,ibrahima_konate.php,24,Defensor
377,2022,Francia,D,Mattéo Guendouzi,matteo_guendouzi.php,6,Mediocampista
378,2022,Francia,D,Aurélien Tchouaméni,aurelien_tchouameni.php,8,Mediocampista
379,2022,Francia,D,Adrien Rabiot,adrien_rabiot.php,14,Mediocampista
380,2022,Francia,D,Jordan Veretout,jordan_veretout.php,15,Mediocampista
381,2022,Francia,D,Eduardo Camavinga,eduardo_camavinga.php,25,Mediocampista
382,2022,Francia,D,Antoine Griezmann,antoine_griezmann.php,7,Delantero
383,2022,Francia,D,Olivier Giroud,olivier_giroud.php,9,Delantero
384,2022,Francia,D,Kylian Mbappé,kylian_mbappe.php,10,Delantero
385,2022,Francia,D,Ousmane Dembélé,ousmane_dembele.php,11,Delantero
386,2022,Francia,D,Randal Kolo Muani,randal_kolo_muani.php,12,Delantero
387,2022,Francia,D,Karim Benzema,karim_benzema.php,19,Delantero
388,2022,Francia,D,Kingsley Coman,kingsley_coman.php,20,Delantero
389,2022,Francia,D,Marcus Thuram,marcus_thuram.php,26,Delantero
390,2022,Túnez,D,Aymen Mathlouthi,aymen_mathlouthi.php,1,Arquero
391,2022,Túnez,D,Aymen Dahmen,aymen_dahmen.php,16,Arquero
392,2022,Túnez,D,Bechir Ben Said,bechir_ben_said.php,22,Arquero
393,2022,Túnez,D,Mouez Hassen,mouez_hassen.php,26,Arquero
394,2022,Túnez,D,Bilel Ifa,bilel_ifa.php,2,Defensor
395,2022,Túnez,D,Montassar Talbi,montassar_talbi.php,3,Defensor
396,2022,Túnez,D,Yassine Meriah,yassine_meriah.php,4,Defensor
397,2022,Túnez,D,Dylan Bronn,dylan_bronn.php,6,Defensor
398,2022,Túnez,D,Ali Maâloul,ali_maaloul.php,12,Defensor
399,2022,Túnez,D,Mohamed Drager,mohamed_drager.php,20,Defensor
400,2022,Túnez,D,Wajdi Kechrida,wajdi_kechrida.php,21,Defensor
401,2022,Túnez,D,Ali Abdi,ali_abdi.php,24,Defensor
402,2022,Túnez,D,Nader Ghandri,nader_ghandri.php,5,Mediocampista
403,2022,Túnez,D,Hannibal Mejbri,hannibal_mejbri.php,8,Mediocampista
404,2022,Túnez,D,Ferjani Sassi,ferjani_sassi.php,13,Mediocampista
405,2022,Túnez,D,Aissa Laidouni,aissa_laidouni.php,14,Mediocampista
406,2022,Túnez,D,Mohamed Ali Ben Romdhane,mohamed_ali_ben_romdhane.php,15,Mediocampista
407,2022,Túnez,D,Ellyes Skhiri,ellyes_skhiri.php,17,Mediocampista
408,2022,Túnez,D,Ghailene Chaalali,ghailene_chaalali.php,18,Mediocampista
409,2022,Túnez,D,Youssef Msakni,youssef_msakni.php,7,Delantero
410,2022,Túnez,D,Issam Jebali,issam_jebali.php,9,Delantero
411,2022,Túnez,D,Wahbi Khazri,wahbi_khazri.php,10,Delantero
412,2022,Túnez,D,Taha Yassine Khenissi,taha_yassine_khenissi.php,11,Delantero
413,2022,Túnez,D,Seifeddine Jaziri,seifeddine_jaziri.php,19,Delantero
414,2022,Túnez,D,Naïm Sliti,naim_sliti.php,23,Delantero
415,2022,Túnez,D,Anis Slimane,anis_slimane.php,25,Delantero
416,2022,Alemania,E,Manuel Neuer,manuel_neuer.php,1,Arquero
417,2022,Alemania,E,Kevin Trapp,kevin_trapp.php,12,Arquero
418,2022,Alemania,E,Marc-André ter Stegen,marc_andre_ter_stegen.php,22,Arquero
419,2022,Alemania,E,Antonio Rüdiger,antonio_rudiger.php,2,Defensor
420,2022,Alemania,E,David Raum,david_raum.php,3,Defensor
421,2022,Alemania,E,Matthias Ginter,matthias_ginter.php,4,Defensor
422,2022,Alemania,E,Thilo Kehrer,thilo_kehrer.php,5,Defensor
423,2022,Alemania,E,Niklas Süle,niklas_sule.php,15,Defensor
424,2022,Alemania,E,Lukas Klostermann,lukas_klostermann.php,16,Defensor
425,2022,Alemania,E,Christian Günter,christian_gunter.php,20,Defensor
426,2022,Alemania,E,Nico Schlotterbeck,nico_schlotterbeck.php,23,Defensor
427,2022,Alemania,E,Armel Bella-Kotchap,armel_bella_kotchap.php,25,Defensor
428,2022,Alemania,E,Joshua Kimmich,joshua_kimmich.php,6,Mediocampista
429,2022,Alemania,E,Leon Goretzka,leon_goretzka.php,8,Mediocampista
430,2022,Alemania,E,Mario Götze,mario_gotze.php,11,Mediocampista
431,2022,Alemania,E,Thomas Müller,thomas_mueller.php,13,Mediocampista
432,2022,Alemania,E,Jamal Musiala,jamal_musiala.php,14,Mediocampista
433,2022,Alemania,E,Julian Brandt,julian_brandt.php,17,Mediocampista
434,2022,Alemania,E,Jonas Hofmann,jonas_hofmann.php,18,Mediocampista
435,2022,Alemania,E,Leroy Sané,leroy_sane.php,19,Mediocampista
436,2022,Alemania,E,Ilkay Gündogan,ilkay_gundogan.php,21,Mediocampista
437,2022,Alemania,E,Kai Havertz,kai_havertz.php,7,Delantero
438,2022,Alemania,E,Niclas Füllkrug,niclas_fullkrug.php,9,Delantero
439,2022,Alemania,E,Serge Gnabry,serge_gnabry.php,10,Delantero
440,2022,Alemania,E,Karim Adeyemi,karim_adeyemi.php,24,Delantero
441,2022,Alemania,E,Youssoufa Moukoko,youssoufa_moukoko.php,26,Delantero
442,2022,Costa Rica,E,Keylor Navas,keylor_navas.php,1,Arquero
443,2022,Costa Rica,E,Esteban Alvarado,esteban_alvarado.php,18,Arquero
444,2022,Costa Rica,E,Patrick Sequeira,patrick_sequeira.php,23,Arquero
445,2022,Costa Rica,E,Juan Pablo Vargas,juan_pablo_vargas.php,3,Defensor
446,2022,Costa Rica,E,Keysher Fuller,keysher_fuller.php,4,Defensor
447,2022,Costa Rica,E,Óscar Duarte,oscar_duarte.php,6,Defensor
448,2022,Costa Rica,E,Bryan Oviedo,bryan_oviedo.php,8,Defensor
449,2022,Costa Rica,E,Francisco Calvo,francisco_calvo.php,15,Defensor
450,2022,Costa Rica,E,Carlos Martínez,carlos_martinez.php,16,Defensor
451,2022,Costa Rica,E,Kendall Waston,kendall_waston.php,19,Defensor
452,2022,Costa Rica,E,Rónald Matarrita,ronald_matarrita.php,22,Defensor
453,2022,Costa Rica,E,Daniel Chacón,daniel_chacon.php,2,Mediocampista
454,2022,Costa Rica,E,Celso Borges,celso_borges.php,5,Mediocampista
455,2022,Costa Rica,E,Jewison Bennette,jewison_bennette.php,9,Mediocampista
456,2022,Costa Rica,E,Bryan Ruiz,bryan_ruiz.php,10,Mediocampista
457,2022,Costa Rica,E,Gerson Torres,gerson_torres.php,13,Mediocampista
458,2022,Costa Rica,E,Youstin Salas,youstin_salas.php,14,Mediocampista
459,2022,Costa Rica,E,Yeltsin Tejeda,yeltsin_tejeda.php,17,Mediocampista
460,2022,Costa Rica,E,Brandon Aguilera,brandon_aguilera.php,20,Mediocampista
461,2022,Costa Rica,E,Douglas López,douglas_lopez.php,21,Mediocampista
462,2022,Costa Rica,E,Roan Wilson,roan_wilson.php,24,Mediocampista
463,2022,Costa Rica,E,Anthony Hernández,anthony_hernandez.php,25,Mediocampista
464,2022,Costa Rica,E,Álvaro Zamora,alvaro_zamora.php,26,Mediocampista
465,2022,Costa Rica,E,Anthony Contreras,anthony_contreras.php,7,Delantero
466,2022,Costa Rica,E,Johan Venegas,johan_venegas.php,11,Delantero
467,2022,Costa Rica,E,Joel Campbell,joel_campbell.php,12,Delantero
468,2022,España,E,Robert Sánchez,robert_sanchez.php,1,Arquero
469,2022,España,E,David Raya,david_raya.php,13,Arquero
470,2022,España,E,Unai Simón,unai_simon.php,23,Arquero
471,2022,España,E,César Azpilicueta,cesar_azpilicueta.php,2,Defensor
472,2022,España,E,Eric García,eric_garcia.php,3,Defensor
473,2022,España,E,Pau Torres,pau_torres.php,4,Defensor
474,2022,España,E,Alejandro Balde,alejandro_balde.php,14,Defensor
475,2022,España,E,Hugo Guillamón,hugo_guillamon.php,15,Defensor
476,2022,España,E,Jordi Alba,jordi_alba.php,18,Defensor
477,2022,España,E,Dani Carvajal,dani_carvajal.php,20,Defensor
478,2022,España,E,Aymeric Laporte,aymeric_laporte.php,24,Defensor
479,2022,España,E,Sergio Busquets,sergio_busquets.php,5,Mediocampista
480,2022,España,E,Marcos Llorente,marcos_llorente.php,6,Mediocampista
481,2022,España,E,Koke,koke.php,8,Mediocampista
482,2022,España,E,Gavi,gavi.php,9,Mediocampista
483,2022,España,E,Rodri,rodri_hernandez.php,16,Mediocampista
484,2022,España,E,Carlos Soler,carlos_soler.php,19,Mediocampista
485,2022,España,E,Pedri,pedri.php,26,Mediocampista
486,2022,España,E,Álvaro Morata,alvaro_morata.php,7,Delantero
487,2022,España,E,Marco Asensio,marco_asensio.php,10,Delantero
488,2022,España,E,Ferran Torres,ferran_torres.php,11,Delantero
489,2022,España,E,Nico Williams,nico_williams.php,12,Delantero
490,2022,España,E,Yeremi Pino,yeremi_pino.php,17,Delantero
491,2022,España,E,Dani Olmo,dani_olmo.php,21,Delantero
492,2022,España,E,Pablo Sarabia,pablo_sarabia.php,22,Delantero
493,2022,España,E,Ansu Fati,ansu_fati.php,25,Delantero
494,2022,Japón,E,Eiji Kawashima,eiji_kawashima.php,1,Arquero
495,2022,Japón,E,Shuichi Gonda,shuichi_gonda.php,12,Arquero
496,2022,Japón,E,Daniel Schmid,daniel_schmid.php,23,Arquero
497,2022,Japón,E,Miki Yamane,miki_yamane.php,2,Defensor
498,2022,Japón,E,Shogo Taniguchi,shogo_taniguchi.php,3,Defensor
499,2022,Japón,E,Ko Itakura,ko_itakura.php,4,Defensor
500,2022,Japón,E,Yuto Nagatomo,yuto_nagatomo.php,5,Defensor
501,2022,Japón,E,Takehiro Tomiyasu,takehiro_tomiyasu.php,16,Defensor
502,2022,Japón,E,Hiroki Sakai,hiroki_sakai.php,19,Defensor
503,2022,Japón,E,Maya Yoshida,maya_yoshida.php,22,Defensor
504,2022,Japón,E,Hiroki Ito,hiroki_ito.php,26,Defensor
505,2022,Japón,E,Wataru Endo,wataru_endo.php,6,Mediocampista
506,2022,Japón,E,Gaku Shibasaki,gaku_shibasaki.php,7,Mediocampista
507,2022,Japón,E,Ritsu Doan,ritsu_doan.php,8,Mediocampista
508,2022,Japón,E,Kaoru Mitoma,kaoru_mitoma.php,9,Mediocampista
509,2022,Japón,E,Takumi Minamino,takumi_minamino.php,10,Mediocampista
510,2022,Japón,E,Take Kubo,take_kubo.php,11,Mediocampista
511,2022,Japón,E,Hidemasa Morita,hidemasa_morita.php,13,Mediocampista
512,2022,Japón,E,Junya Ito,junya_ito.php,14,Mediocampista
513,2022,Japón,E,Daichi Kamada,daichi_kamada.php,15,Mediocampista
514,2022,Japón,E,Ao Tanaka,ao_tanaka.php,17,Mediocampista
515,2022,Japón,E,Yuki Soma,yuki_soma.php,24,Mediocampista
516,2022,Japón,E,Takuma Asano,takuma_asano.php,18,Delantero
517,2022,Japón,E,Shuto Machino,shuto_machino.php,20,Delantero
518,2022,Japón,E,Ayase Ueda,ayase_ueda.php,21,Delantero
519,2022,Japón,E,Daizen Maeda,daizen_maeda.php,25,Delantero
520,2022,Bélgica,F,Thibaut Courtois,thibaut_courtois.php,1,Arquero
521,2022,Bélgica,F,Simon Mignolet,simon_mignolet.php,12,Arquero
522,2022,Bélgica,F,Koen Casteels,koen_casteels.php,13,Arquero
523,2022,Bélgica,F,Toby Alderweireld,toby_alderweireld.php,2,Defensor
524,2022,Bélgica,F,Arthur Theate,arthur_theate.php,3,Defensor
525,2022,Bélgica,F,Wout Faes,wout_faes.php,4,Defensor
526,2022,Bélgica,F,Jan Vertonghen,jan_vertonghen.php,5,Defensor
527,2022,Bélgica,F,Leander Dendoncker,leander_dendoncker.php,19,Defensor
528,2022,Bélgica,F,Zeno Debast,zeno_debast.php,26,Defensor
529,2022,Bélgica,F,Axel Witsel,axel_witsel.php,6,Mediocampista
530,2022,Bélgica,F,Kevin De Bruyne,kevin_de_bruyne.php,7,Mediocampista
531,2022,Bélgica,F,Youri Tielemans,youri_tielemans.php,8,Mediocampista
532,2022,Bélgica,F,Thomas Meunier,thomas_meunier.php,15,Mediocampista
533,2022,Bélgica,F,Thorgan Hazard,thorgan_hazard.php,16,Mediocampista
534,2022,Bélgica,F,Amadou Onana,amadou_onana.php,18,Mediocampista
535,2022,Bélgica,F,Hans Vanaken,hans_vanaken.php,20,Mediocampista
536,2022,Bélgica,F,Timothy Castagne,timothy_castagne.php,21,Mediocampista
537,2022,Bélgica,F,Romelu Lukaku,romelu_lukaku.php,9,Delantero
538,2022,Bélgica,F,Eden Hazard,eden_hazard.php,10,Delantero
539,2022,Bélgica,F,Yannick Carrasco,yannick_carrasco.php,11,Delantero
540,2022,Bélgica,F,Dries Mertens,dries_mertens.php,14,Delantero
541,2022,Bélgica,F,Leandro Trossard,leandro_trossard.php,17,Delantero
542,2022,Bélgica,F,Charles De Ketelaere,charles_de_ketelaere.php,22,Delantero
543,2022,Bélgica,F,Michy Batshuayi,michy_batshuayi.php,23,Delantero
544,2022,Bélgica,F,Lois Openda,lois_openda.php,24,Delantero
545,2022,Bélgica,F,Jeremy Doku,jeremy_doku.php,25,Delantero
546,2022,Canadá,F,Dayne St. Clair,dayne_st_clair.php,1,Arquero
547,2022,Canadá,F,James Pantemis,james_pantemis.php,16,Arquero
548,2022,Canadá,F,Milan Borjan,milan_borjan.php,18,Arquero
549,2022,Canadá,F,Alistair Johnston,alistair_johnston.php,2,Defensor
550,2022,Canadá,F,Sam Adekugbe,sam_adekugbe.php,3,Defensor
551,2022,Canadá,F,Kamal Miller,kamal_miller.php,4,Defensor
552,2022,Canadá,F,Steven Vitoria,steven_vitoria.php,5,Defensor
553,2022,Canadá,F,Richie Laryea,richie_laryea.php,22,Defensor
554,2022,Canadá,F,Derek Cornelius,derek_cornelius.php,25,Defensor
555,2022,Canadá,F,Joel Waterman,joel_waterman.php,26,Defensor
556,2022,Canadá,F,Samuel Piette,samuel_piette.php,6,Mediocampista
557,2022,Canadá,F,Stephen Eustaquio,stephen_eustaquio.php,7,Mediocampista
558,2022,Canadá,F,Liam Fraser,liam_fraser.php,8,Mediocampista
559,2022,Canadá,F,Junior Hoilett,junior_hoilett.php,10,Mediocampista
560,2022,Canadá,F,Atiba Hutchinson,atiba_hutchinson.php,13,Mediocampista
561,2022,Canadá,F,Mark-Anthony Kaye,mark_anthony_kaye.php,14,Mediocampista
562,2022,Canadá,F,Ismaël Koné,ismael_kone.php,15,Mediocampista
563,2022,Canadá,F,Jonathan Osorio,jonathan_osorio.php,21,Mediocampista
564,2022,Canadá,F,Liam Millar,liam_millar.php,23,Mediocampista
565,2022,Canadá,F,David Wotherspoon,david_wotherspoon.php,24,Mediocampista
566,2022,Canadá,F,Lucas Cavallini,lucas_cavallini.php,9,Delantero
567,2022,Canadá,F,Tajon Buchanan,tajon_buchanan.php,11,Delantero
568,2022,Canadá,F,Ike Ugbo,ike_ugbo.php,12,Delantero
569,2022,Canadá,F,Cyle Larin,cyle_larin.php,17,Delantero
570,2022,Canadá,F,Alphonso Davies,alphonso_davies.php,19,Delantero
571,2022,Canadá,F,Jonathan David,jonathan_david.php,20,Delantero
572,2022,Croacia,F,Dominik Livaković,dominik_livakovic.php,1,Arquero
573,2022,Croacia,F,Ivo Grbic,ivo_grbic.php,12,Arquero
574,2022,Croacia,F,Ivica Ivusic,ivica_ivusic.php,23,Arquero
575,2022,Croacia,F,Josip Stanisic,josip_stanisic.php,2,Defensor
576,2022,Croacia,F,Borna Barisic,borna_barisic.php,3,Defensor
577,2022,Croacia,F,Martin Erlic,martin_erlic.php,5,Defensor
578,2022,Croacia,F,Dejan Lovren,dejan_lovren.php,6,Defensor
579,2022,Croacia,F,Borna Sosa,borna_sosa.php,19,Defensor
580,2022,Croacia,F,Josko Gvardiol,josko_gvardiol.php,20,Defensor
581,2022,Croacia,F,Domagoj Vida,domagoj_vida.php,21,Defensor
582,2022,Croacia,F,Josip Juranovic,josip_juranovic.php,22,Defensor
583,2022,Croacia,F,Josip Sutalo,josip_sutalo.php,24,Defensor
584,2022,Croacia,F,Lovro Majer,lovro_majer.php,7,Mediocampista
585,2022,Croacia,F,Mateo Kovacic,mateo_kovacic.php,8,Mediocampista
586,2022,Croacia,F,Luka Modric,luka_modric.php,10,Mediocampista
587,2022,Croacia,F,Marcelo Brozovic,marcelo_brozovic.php,11,Mediocampista
588,2022,Croacia,F,Nikola Vlasic,nikola_vlasic.php,13,Mediocampista
589,2022,Croacia,F,Mario Pasalic,mario_pasalic.php,15,Mediocampista
590,2022,Croacia,F,Luka Sucic,luka_sucic.php,25,Mediocampista
591,2022,Croacia,F,Kristijan Jakic,kristijan_jakic.php,26,Mediocampista
592,2022,Croacia,F,Ivan Perisic,ivan_perisic.php,4,Delantero
593,2022,Croacia,F,Andrej Kramarić,andrej_kramaric.php,9,Delantero
594,2022,Croacia,F,Marko Livaja,marko_livaja.php,14,Delantero
595,2022,Croacia,F,Bruno Petkovic,bruno_petkovic.php,16,Delantero
596,2022,Croacia,F,Ante Budimir,ante_budimir.php,17,Delantero
597,2022,Croacia,F,Mislav Orsic,mislav_orsic.php,18,Delantero
598,2022,Marruecos,F,Yassine Bounou,yassine_bounou.php,1,Arquero
599,2022,Marruecos,F,Munir El Kajoui,munir_mohand.php,12,Arquero
600,2022,Marruecos,F,Ahmed Reda Tagnaouti,ahmed_reda_tagnaouti.php,22,Arquero
601,2022,Marruecos,F,Achraf Hakimi,achraf_hakimi.php,2,Defensor
602,2022,Marruecos,F,Noussair Mazraoui,noussair_mazraoui.php,3,Defensor
603,2022,Marruecos,F,Nayef Aguerd,nayef_aguerd.php,5,Defensor
604,2022,Marruecos,F,Romain Saïss,romain_saiss.php,6,Defensor
605,2022,Marruecos,F,Jawad El-Yamiq,jawad_el_yamiq.php,18,Defensor
606,2022,Marruecos,F,Achraf Dari,achraf_dari.php,20,Defensor
607,2022,Marruecos,F,Badr Benoun,badr_benoun.php,24,Defensor
608,2022,Marruecos,F,Yahia Attitat-Allal,yahia_attitat_allal.php,25,Defensor
609,2022,Marruecos,F,Sofyan Amrabat,sofyan_amrabat.php,4,Mediocampista
610,2022,Marruecos,F,Hakim Ziyech,hakim_ziyech.php,7,Mediocampista
611,2022,Marruecos,F,Azzedine Ounahi,azzedine_ounahi.php,8,Mediocampista
612,2022,Marruecos,F,Anass Zaroury,anass_zaroury.php,10,Mediocampista
613,2022,Marruecos,F,Ilias Chair,ilias_chair.php,13,Mediocampista
614,2022,Marruecos,F,Zakaria Aboukhlal,zakaria_aboukhlal.php,14,Mediocampista
615,2022,Marruecos,F,Selim Amallah,selim_amallah.php,15,Mediocampista
616,2022,Marruecos,F,Sofiane Boufal,sofiane_boufal.php,17,Mediocampista
617,2022,Marruecos,F,Bilel El Khanouss,bilel_el_khanouss.php,23,Mediocampista
618,2022,Marruecos,F,Yahya Jabrane,yahya_jabrane.php,26,Mediocampista
619,2022,Marruecos,F,Abderrazak Hamdallah,abderrazak_hamdallah.php,9,Delantero
620,2022,Marruecos,F,Abdelhamid Sabiri,abdelhamid_sabiri.php,11,Delantero
621,2022,Marruecos,F,Abdé Ezzalzouli,abde_ezzalzouli.php,16,Delantero
622,2022,Marruecos,F,Youssef En-Nesyri,youssef_en_nesyri.php,19,Delantero
623,2022,Marruecos,F,Walid Cheddira,walid_cheddira.php,21,Delantero
624,2022,Brasil,G,Alisson,alisson.php,1,Arquero
625,2022,Brasil,G,Weverton,weverton.php,12,Arquero
626,2022,Brasil,G,Ederson,ederson.php,23,Arquero
627,2022,Brasil,G,Danilo,danilo.php,2,Defensor
628,2022,Brasil,G,Thiago Silva,thiago_silva.php,3,Defensor
629,2022,Brasil,G,Marquinhos,marquinhos.php,4,Defensor
630,2022,Brasil,G,Alex Sandro,alex_sandro.php,6,Defensor
631,2022,Brasil,G,Dani Alves,dani_alves.php,13,Defensor
632,2022,Brasil,G,Eder Militao,eder_militao.php,14,Defensor
633,2022,Brasil,G,Alex Telles,alex_telles.php,16,Defensor
634,2022,Brasil,G,Bremer,bremer.php,24,Defensor
635,2022,Brasil,G,Casemiro,casemiro.php,5,Mediocampista
636,2022,Brasil,G,Lucas Paqueta,lucas_paqueta.php,7,Mediocampista
637,2022,Brasil,G,Fred,fred_rodrigues.php,8,Mediocampista
638,2022,Brasil,G,Fabinho,fabinho.php,15,Mediocampista
639,2022,Brasil,G,Bruno Guimaraes,bruno_guimaraes.php,17,Mediocampista
640,2022,Brasil,G,Everton Ribeiro,everton_ribeiro.php,22,Mediocampista
641,2022,Brasil,G,Richarlison,richarlison.php,9,Delantero
642,2022,Brasil,G,Neymar Jr.,neymar.php,10,Delantero
643,2022,Brasil,G,Raphinha,raphinha.php,11,Delantero
644,2022,Brasil,G,Gabriel Jesus,gabriel_jesus.php,18,Delantero
645,2022,Brasil,G,Antony,antony.php,19,Delantero
646,2022,Brasil,G,Vinicius Junior,vinicius_junior.php,20,Delantero
647,2022,Brasil,G,Rodrygo,rodrygo.php,21,Delantero
648,2022,Brasil,G,Pedro,pedro_guilherme.php,25,Delantero
649,2022,Brasil,G,Gabriel Martinelli,gabriel_martinelli.php,26,Delantero
650,2022,Camerún,G,Simon Ngapandouetnbu,simon_ngapandouetnbu.php,1,Arquero
651,2022,Camerún,G,Devis Epassy,devis_epassy.php,16,Arquero
652,2022,Camerún,G,André Onana,andre_onana.php,23,Arquero
653,2022,Camerún,G,Nicolas Nkoulou,nicolas_nkoulou.php,3,Defensor
654,2022,Camerún,G,Christopher Wooh,christopher_wooh.php,4,Defensor
655,2022,Camerún,G,Olivier Mbaizo,olivier_mbaizo.php,17,Defensor
656,2022,Camerún,G,Collins Faï,collins_fai.php,19,Defensor
657,2022,Camerún,G,Jean-Charles Castelletto,jean_charles_castelletto.php,21,Defensor
658,2022,Camerún,G,Enzo Ebosse,enzo_ebosse.php,24,Defensor
659,2022,Camerún,G,Nouhou Tolo,nouhou_tolo.php,25,Defensor
660,2022,Camerún,G,Gaël Ondoua,gael_ondoua.php,5,Mediocampista
661,2022,Camerún,G,Georges-Kévin Nkoudou,georges_kevin_nkoudou.php,7,Mediocampista
662,2022,Camerún,G,André-Frank Zambo Anguissa,andre_frank_zambo_anguissa.php,8,Mediocampista
663,2022,Camerún,G,Samuel Oum Gouet,samuel_oum_gouet.php,14,Mediocampista
664,2022,Camerún,G,Pierre Kunde,pierre_kunde.php,15,Mediocampista
665,2022,Camerún,G,Martin Hongla,martin_hongla.php,18,Mediocampista
666,2022,Camerún,G,Olivier Ntcham,olivier_ntcham.php,22,Mediocampista
667,2022,Camerún,G,Souaïbou Marou,marou_souaibou.php,26,Mediocampista
668,2022,Camerún,G,Jerome Ngom Mbekeli,jerome_ngom.php,2,Delantero
669,2022,Camerún,G,Nicolas Ngamaleu,nicolas_ngamaleu.php,6,Delantero
670,2022,Camerún,G,Jean-Pierre Nsame,jean_pierre_nsame.php,9,Delantero
671,2022,Camerún,G,Vincent Aboubakar,vincent_aboubakar.php,10,Delantero
672,2022,Camerún,G,Christian Bassogog,christian_bassogog.php,11,Delantero
673,2022,Camerún,G,Karl Toko-Ekambi,karl_toko_ekambi.php,12,Delantero
674,2022,Camerún,G,Eric Maxim Choupo Moting,eric_choupo_moting.php,13,Delantero
675,2022,Camerún,G,Bryan Mbeumo,bryan_mbeumo.php,20,Delantero
676,2022,Serbia,G,Marko Dmitrović,marko_dmitrovic.php,1,Arquero
677,2022,Serbia,G,Predrag Rajković,predrag_rajkovic.php,12,Arquero
678,2022,Serbia,G,Vanja Milinković-Savić,vanja_milinkovic_savic.php,23,Arquero
679,2022,Serbia,G,Strahinja Pavlovic,strahinja_pavlovic.php,2,Defensor
680,2022,Serbia,G,Strahinja Erakovic,strahinja_erakovic.php,3,Defensor
681,2022,Serbia,G,Nikola Milenković,nikola_milenkovic.php,4,Defensor
682,2022,Serbia,G,Miloš Veljković,milos_veljkovic.php,5,Defensor
683,2022,Serbia,G,Stefan Mitrovic,stefan_mitrovic.php,13,Defensor
684,2022,Serbia,G,Srdan Babic,srdan_babic.php,15,Defensor
685,2022,Serbia,G,Filip Mladenovic,filip_mladenovic.php,25,Defensor
686,2022,Serbia,G,Nemanja Maksimović,nemanja_maksimovic.php,6,Mediocampista
687,2022,Serbia,G,Nemanja Gudelj,nemanja_gudelj.php,8,Mediocampista
688,2022,Serbia,G,Andrija Živković,andrija_zivkovic.php,14,Mediocampista
689,2022,Serbia,G,Sasa Lukic,sasa_lukic.php,16,Mediocampista
690,2022,Serbia,G,Filip Kostić,filip_kostic.php,17,Mediocampista
691,2022,Serbia,G,Uros Racic,uros_racic.php,19,Mediocampista
692,2022,Serbia,G,Sergej Milinković-Savić,sergej_milinkovic_savic.php,20,Mediocampista
693,2022,Serbia,G,Darko Lazovic,darko_lazovic.php,22,Mediocampista
694,2022,Serbia,G,Ivan Ilic,ivan_ilic.php,24,Mediocampista
695,2022,Serbia,G,Marko Grujić,marko_grujic.php,26,Mediocampista
696,2022,Serbia,G,Nemanja Radonjić,nemanja_radonjic.php,7,Delantero
697,2022,Serbia,G,Aleksandar Mitrović,aleksandar_mitrovic.php,9,Delantero
698,2022,Serbia,G,Dušan Tadić,dusan_tadic.php,10,Delantero
699,2022,Serbia,G,Luka Jović,luka_jovic.php,11,Delantero
700,2022,Serbia,G,Dusan Vlahovic,dusan_vlahovic.php,18,Delantero
701,2022,Serbia,G,Filip Djuricic,filip_djuricic.php,21,Delantero
702,2022,Suiza,G,Yann Sommer,yann_sommer.php,1,Arquero
703,2022,Suiza,G,Jonas Omlin,jonas_omlin.php,12,Arquero
704,2022,Suiza,G,Gregor Kobel,gregor_kobel.php,21,Arquero
705,2022,Suiza,G,Philipp Köhn,philipp_kohn.php,24,Arquero
706,2022,Suiza,G,Edimilson Fernandes,edimilson_fernandes.php,2,Defensor
707,2022,Suiza,G,Silvan Widmer,silvan_widmer.php,3,Defensor
708,2022,Suiza,G,Nico Elvedi,nico_elvedi.php,4,Defensor
709,2022,Suiza,G,Manuel Akanji,manuel_akanji.php,5,Defensor
710,2022,Suiza,G,Renato Steffen,renato_steffen.php,11,Defensor
711,2022,Suiza,G,Ricardo Rodriguez,ricardo_rodriguez.php,13,Defensor
712,2022,Suiza,G,Eray Cömert,eray_comert.php,18,Defensor
713,2022,Suiza,G,Fabian Schär,fabian_schar.php,22,Defensor
714,2022,Suiza,G,Denis Zakaria,denis_zakaria.php,6,Mediocampista
715,2022,Suiza,G,Remo Freuler,remo_freuler.php,8,Mediocampista
716,2022,Suiza,G,Granit Xhaka,granit_xhaka.php,10,Mediocampista
717,2022,Suiza,G,Michel Aebischer,michel_aebischer.php,14,Mediocampista
718,2022,Suiza,G,Djibril Sow,djibril_sow.php,15,Mediocampista
719,2022,Suiza,G,Christian Fassnachft,christian_fassnachft.php,16,Mediocampista
720,2022,Suiza,G,Fabian Frei,fabian_frei.php,20,Mediocampista
721,2022,Suiza,G,Xherdan Shaqiri,xherdan_shaqiri.php,23,Mediocampista
722,2022,Suiza,G,Fabian Rieder,fabian_rieder.php,25,Mediocampista
723,2022,Suiza,G,Ardon Jashari,ardon_jashari.php,26,Mediocampista
724,2022,Suiza,G,Breel Embolo,breel_embolo.php,7,Delantero
725,2022,Suiza,G,Haris Seferovic,haris_seferovic.php,9,Delantero
726,2022,Suiza,G,Rubén Vargas,ruben_vargas.php,17,Delantero
727,2022,Suiza,G,Noah Okafor,noah_okafor.php,19,Delantero
728,2022,Corea del Sur,H,Seung-gyu Kim,seung_gyu_kim.php,1,Arquero
729,2022,Corea del Sur,H,Bum-keun Song,bum_keun_song.php,12,Arquero
730,2022,Corea del Sur,H,Hyeon-woo Jo,hyun_woo_cho.php,21,Arquero
731,2022,Corea del Sur,H,Jong-gyu Yoon,jong_gyu_yoon.php,2,Defensor
732,2022,Corea del Sur,H,Jin-su Kim,jin_su_kim.php,3,Defensor
733,2022,Corea del Sur,H,Min-jae Kim,min_jae_kim.php,4,Defensor
734,2022,Corea del Sur,H,Chul Hong,chul_hong.php,14,Defensor
735,2022,Corea del Sur,H,Moon-hwan Kim,moon_hwan_kim.php,15,Defensor
736,2022,Corea del Sur,H,Young-Gwon Kim,young_gwon_kim.php,19,Defensor
737,2022,Corea del Sur,H,Kyung-won Kwon,kyung_won_kwon.php,20,Defensor
738,2022,Corea del Sur,H,Tae-hwan Kim,tae_hwan_kim.php,23,Defensor
739,2022,Corea del Sur,H,Yu-min Cho,yu_min_cho.php,24,Defensor
740,2022,Corea del Sur,H,Woo-young Jung,woo_young_jung_2.php,5,Mediocampista
741,2022,Corea del Sur,H,In-beom Hwang,in_beom_hwang.php,6,Mediocampista
742,2022,Corea del Sur,H,Heung-Min Son,heung_min_son.php,7,Mediocampista
743,2022,Corea del Sur,H,Seung-ho Paik,seung_ho_paik.php,8,Mediocampista
744,2022,Corea del Sur,H,Jae-sung Lee,jae_sung_lee.php,10,Mediocampista
745,2022,Corea del Sur,H,Hee-chan Hwang,hee_chan_hwang.php,11,Mediocampista
746,2022,Corea del Sur,H,Jun-ho Son,jun_ho_son.php,13,Mediocampista
747,2022,Corea del Sur,H,Sang-ho Na,sang_ho_na.php,17,Mediocampista
748,2022,Corea del Sur,H,Kang-in Lee,kang_in_lee.php,18,Mediocampista
749,2022,Corea del Sur,H,Chang-hoon Kwon,chang_hoon_kwon.php,22,Mediocampista
750,2022,Corea del Sur,H,Woo-yeong Jeong,woo_yeong_jeong.php,25,Mediocampista
751,2022,Corea del Sur,H,Min-kyu Song,min_kyu_song.php,26,Mediocampista
752,2022,Corea del Sur,H,Gue-sung Cho,gue_sung_cho.php,9,Delantero
753,2022,Corea del Sur,H,Ui-jo Hwang,ui_jo_hwang.php,16,Delantero
754,2022,Ghana,H,Lawrence Ati-Zigi,lawrence_ati_zigi.php,1,Arquero
755,2022,Ghana,H,Ibrahim Danlad,ibrahim_danlad.php,12,Arquero
756,2022,Ghana,H,Manaf Nurudeen,manaf_nurudeen.php,16,Arquero
757,2022,Ghana,H,Tariq Lamptey,tariq_lamptey.php,2,Defensor
758,2022,Ghana,H,Denis Odoi,denis_odoi.php,3,Defensor
759,2022,Ghana,H,Mohammed Salisu,mohammed_salisu.php,4,Defensor
760,2022,Ghana,H,Gideon Mensah,gideon_mensah.php,14,Defensor
761,2022,Ghana,H,Joseph Aidoo,joseph_aidoo.php,15,Defensor
762,2022,Ghana,H,Baba Rahman,abdul_rahman_baba.php,17,Defensor
763,2022,Ghana,H,Daniel Amartey,daniel_amartey.php,18,Defensor
764,2022,Ghana,H,Alexander Djiku,alexander_djiku.php,23,Defensor
765,2022,Ghana,H,Alidu Seidu,alidu_seidu.php,26,Defensor
766,2022,Ghana,H,Thomas Partey,thomas_partey.php,5,Mediocampista
767,2022,Ghana,H,Elisha Owusu,elisha_owusu.php,6,Mediocampista
768,2022,Ghana,H,Abdul Fatawu Issahaku,abdul_fatawu_issahaku.php,7,Mediocampista
769,2022,Ghana,H,Daniel-Kofi Kyereh,daniel_kofi_kyereh.php,8,Mediocampista
770,2022,Ghana,H,Osman Bukari,osman_bukari.php,11,Mediocampista
771,2022,Ghana,H,Daniel Afriyie,daniel_afriyie.php,13,Mediocampista
772,2022,Ghana,H,Mohammed Kudus,mohammed_kudus.php,20,Mediocampista
773,2022,Ghana,H,Salis Abdul Samed,salis_abdul_samed.php,21,Mediocampista
774,2022,Ghana,H,Kamaldeen Sulemana,kamaldeen_sulemana.php,22,Mediocampista
775,2022,Ghana,H,Kamal Sowah,kamal_sowah.php,24,Mediocampista
776,2022,Ghana,H,Jordan Ayew,jordan_ayew.php,9,Delantero
777,2022,Ghana,H,Andre Ayew,andre_ayew.php,10,Delantero
778,2022,Ghana,H,Inaki Williams,inaki_williams.php,19,Delantero
779,2022,Ghana,H,Antoine Semenyo,antoine_semenyo.php,25,Delantero
780,2022,Portugal,H,Rui Patricio,rui_patricio.php,1,Arquero
781,2022,Portugal,H,José Sá,jose_sa.php,12,Arquero
782,2022,Portugal,H,Diogo Costa,diogo_costa.php,22,Arquero
783,2022,Portugal,H,Diogo Dalot,diogo_dalot.php,2,Defensor
784,2022,Portugal,H,Pepe,pepe.php,3,Defensor
785,2022,Portugal,H,Rúben Dias,ruben_dias.php,4,Defensor
786,2022,Portugal,H,Raphaël Guerreiro,raphael_guerreiro.php,5,Defensor
787,2022,Portugal,H,Danilo Pereira,danilo_pereira.php,13,Defensor
788,2022,Portugal,H,Nuno Mendes,nuno_mendes.php,19,Defensor
789,2022,Portugal,H,João Cancelo,joao_cancelo.php,20,Defensor
790,2022,Portugal,H,António Silva,antonio_silva.php,24,Defensor
791,2022,Portugal,H,João Palhinha,joao_palhinha.php,6,Mediocampista
792,2022,Portugal,H,Bruno Fernandes,bruno_fernandes.php,8,Mediocampista
793,2022,Portugal,H,William Carvalho,william_carvalho.php,14,Mediocampista
794,2022,Portugal,H,Vitinha,vitinha.php,16,Mediocampista
795,2022,Portugal,H,João Mário,joao_mario.php,17,Mediocampista
796,2022,Portugal,H,Rúben Neves,ruben_neves.php,18,Mediocampista
797,2022,Portugal,H,Matheus Nunes,matheus_nunes.php,23,Mediocampista
798,2022,Portugal,H,Otávio Monteiro,otavio_monteiro.php,25,Mediocampista
799,2022,Portugal,H,Cristiano Ronaldo,cristiano_ronaldo.php,7,Delantero
800,2022,Portugal,H,André Silva,andre_silva.php,9,Delantero
801,2022,Portugal,H,Bernardo Silva,bernardo_silva.php,10,Delantero
802,2022,Portugal,H,João Félix,joao_felix.php,11,Delantero
803,2022,Portugal,H,Rafael Leão,rafael_leao.php,15,Delantero
804,2022,Portugal,H,Ricardo Horta,ricardo_horta.php,21,Delantero
805,2022,Portugal,H,Gonçalo Ramos,goncalo_ramos.php,26,Delantero
806,2022,Uruguay,H,Fernando Muslera,fernando_muslera.php,1,Arquero
807,2022,Uruguay,H,Sebastián Sosa,sebastian_sosa.php,12,Arquero
808,2022,Uruguay,H,Sergio Rochet,sergio_rochet.php,23,Arquero
809,2022,Uruguay,H,José María Giménez,jose_maria_gimenez.php,2,Defensor
810,2022,Uruguay,H,Diego Godin,diego_godin.php,3,Defensor
811,2022,Uruguay,H,Ronald Araújo,ronald_araujo.php,4,Defensor
812,2022,Uruguay,H,Guillermo Varela,guillermo_varela.php,13,Defensor
813,2022,Uruguay,H,Mathías Olivera,mathias_olivera.php,16,Defensor
814,2022,Uruguay,H,Matías Viña,matias_vina.php,17,Defensor
815,2022,Uruguay,H,Sebastián Coates,sebastian_coates.php,19,Defensor
816,2022,Uruguay,H,Martin Caceres,martin_caceres.php,22,Defensor
817,2022,Uruguay,H,José Luis Rodríguez,jose_luis_rodriguez_2.php,26,Defensor
818,2022,Uruguay,H,Matías Vecino,matias_vecino.php,5,Mediocampista
819,2022,Uruguay,H,Rodrigo Bentancur,rodrigo_bentancur.php,6,Mediocampista
820,2022,Uruguay,H,Nicolás de la Cruz,nicolas_de_la_cruz.php,7,Mediocampista
821,2022,Uruguay,H,Giorgian De Arrascaeta,giorgian_de_arrascaeta.php,10,Mediocampista
822,2022,Uruguay,H,Lucas Torreira,lucas_torreira.php,14,Mediocampista
823,2022,Uruguay,H,Federico Valverde,federico_valverde.php,15,Mediocampista
824,2022,Uruguay,H,Agustín Canobbio,agustin_canobbio.php,24,Mediocampista
825,2022,Uruguay,H,Manuel Ugarte,manuel_ugarte.php,25,Mediocampista
826,2022,Uruguay,H,Facundo Pellistri,facundo_pellistri.php,8,Delantero
827,2022,Uruguay,H,Luis Suarez,luis_suarez.php,9,Delantero
828,2022,Uruguay,H,Darwin Núñez,darwin_nunez.php,11,Delantero
829,2022,Uruguay,H,Maxi Gómez,maxi_gomez.php,18,Delantero
830,2022,Uruguay,H,Facundo Torres,facundo_torres.php,20,Delantero
831,2022,Uruguay,H,Edinson Cavani,edinson_cavani.php,21,Delantero
832,2018,Arabia Saudita,A,Abdullah Al-Mayouf,abdullah_al_mayouf.php,1,Arquero
833,2018,Arabia Saudita,A,Yasser Al-Mosailem,yasser_al_mosailem.php,21,Arquero
834,2018,Arabia Saudita,A,Mohammed Al-Owais,mohammed_al_owais.php,22,Arquero
835,2018,Arabia Saudita,A,Mansoor Al-Harbi,mansoor_al_harbi.php,2,Defensor
836,2018,Arabia Saudita,A,Osama Hawsawi,osama_hawsawi.php,3,Defensor
837,2018,Arabia Saudita,A,Ali Al-Bulaihi,ali_al_bulaihi.php,4,Defensor
838,2018,Arabia Saudita,A,Omar Hawsawi,omar_hawsawi.php,5,Defensor
839,2018,Arabia Saudita,A,Mohammed Al-Breik,mohammed_al_breik.php,6,Defensor
840,2018,Arabia Saudita,A,Yasser Al-Shahrani,yasser_al_shahrani.php,13,Defensor
841,2018,Arabia Saudita,A,Motaz Hawsawi,motaz_hawsawi.php,23,Defensor
842,2018,Arabia Saudita,A,Salman Al-Faraj,salman_al_faraj.php,7,Mediocampista
843,2018,Arabia Saudita,A,Yahya Al-Shehri,yahya_al_shehri.php,8,Mediocampista
844,2018,Arabia Saudita,A,Hattan Bahebri,hattan_bahebri.php,9,Mediocampista
845,2018,Arabia Saudita,A,Abdulmalek Al-Khaibri,abdulmalek_al_khaibri.php,11,Mediocampista
846,2018,Arabia Saudita,A,Mohamed Kanno,mohamed_kanno.php,12,Mediocampista
847,2018,Arabia Saudita,A,Abdullah Otayf,abdullah_otayf.php,14,Mediocampista
848,2018,Arabia Saudita,A,Abdullah Al-Khaibari,abdullah_al_khaibari.php,15,Mediocampista
849,2018,Arabia Saudita,A,Housain Al-Mogahwi,housain_al_mogahwi.php,16,Mediocampista
850,2018,Arabia Saudita,A,Taisir Al-Jassim,taisir_al_jassim.php,17,Mediocampista
851,2018,Arabia Saudita,A,Salem Al-Dawsari,salem_al_dawsari.php,18,Mediocampista
852,2018,Arabia Saudita,A,Mohammad Al-Sahlawi,mohammad_al_sahlawi.php,10,Delantero
853,2018,Arabia Saudita,A,Fahad Al-Muwallad,fahad_al_muwallad.php,19,Delantero
854,2018,Arabia Saudita,A,Muhannad Assiri,muhannad_assiri.php,20,Delantero
855,2018,Egipto,A,Essam El-Hadary,essam_el_hadary.php,1,Arquero
856,2018,Egipto,A,Sherif Ekramy,sherif_ekramy.php,16,Arquero
857,2018,Egipto,A,Mohamed El-Shenawy,mohamed_el_shenawy.php,23,Arquero
858,2018,Egipto,A,Ali Gabr,ali_gabr.php,2,Defensor
859,2018,Egipto,A,Ahmed Elmohamady,ahmed_elmohamady.php,3,Defensor
860,2018,Egipto,A,Ahmed Hegazi,ahmed_hegazi.php,6,Defensor
861,2018,Egipto,A,Ahmed Fathy,ahmed_fathy.php,7,Defensor
862,2018,Egipto,A,Ayman Ashraf,ayman_ashraf.php,12,Defensor
863,2018,Egipto,A,Mohamed Abdel-Shafy,mohamed_abdel_shafy.php,13,Defensor
864,2018,Egipto,A,El-Winsh,el_winsh.php,15,Defensor
865,2018,Egipto,A,Saad Samir,saad_samir.php,20,Defensor
866,2018,Egipto,A,Omar Gaber,omar_gaber.php,4,Mediocampista
867,2018,Egipto,A,Sam Morsy,sam_morsy.php,5,Mediocampista
868,2018,Egipto,A,Tarek Hamed,tarek_hamed.php,8,Mediocampista
869,2018,Egipto,A,Mohamed Elneny,mohamed_elneny.php,17,Mediocampista
870,2018,Egipto,A,Abdallah Said,abdallah_said.php,19,Mediocampista
871,2018,Egipto,A,Trézéguet,mahmoud_hassan.php,21,Mediocampista
872,2018,Egipto,A,Marwan Mohsen,marwan_mohsen.php,9,Delantero
873,2018,Egipto,A,Mohamed Salah,mohamed_salah.php,10,Delantero
874,2018,Egipto,A,Mahmoud Kahraba,mahmoud_kahraba.php,11,Delantero
875,2018,Egipto,A,Ramadan Sobhi,ramadan_sobhi.php,14,Delantero
876,2018,Egipto,A,Shikabala,shikabala.php,18,Delantero
877,2018,Egipto,A,Amr Warda,amr_warda.php,22,Delantero
878,2018,Rusia,A,Igor Akinfeev,igor_akinfeev.php,1,Arquero
879,2018,Rusia,A,Andrey Lunyov,andrey_lunyov.php,12,Arquero
880,2018,Rusia,A,Vladimir Gabulov,vladimir_gabulov.php,20,Arquero
881,2018,Rusia,A,Mário Fernandes,mario_fernandes.php,2,Defensor
882,2018,Rusia,A,Ilya Kutepov,ilya_kutepov.php,3,Defensor
883,2018,Rusia,A,Sergei Ignashevich,sergei_ignashevitch.php,4,Defensor
884,2018,Rusia,A,Andréi Semiónov,andrei_semionov.php,5,Defensor
885,2018,Rusia,A,Fyodor Kudryashov,fyodor_kudryashov.php,13,Defensor
886,2018,Rusia,A,Vladimir Granat,vladimir_granat.php,14,Defensor
887,2018,Rusia,A,Igor Smolnikov,igor_smolnikov.php,23,Defensor
888,2018,Rusia,A,Denis Cheryshev,denis_cheryshev.php,6,Mediocampista
889,2018,Rusia,A,Daler Kuzyayev,daler_kuzyayev.php,7,Mediocampista
890,2018,Rusia,A,Yury Gazinsky,yury_gazinsky.php,8,Mediocampista
891,2018,Rusia,A,Alan Dzagoev,alan_dzagoev.php,9,Mediocampista
892,2018,Rusia,A,Roman Zobnin,roman_zobnin.php,11,Mediocampista
893,2018,Rusia,A,Aleksei Miranchuk,aleksei_miranchuk.php,15,Mediocampista
894,2018,Rusia,A,Anton Miranchuk,anton_miranchuk.php,16,Mediocampista
895,2018,Rusia,A,Aleksandr Golovin,aleksandr_golovin.php,17,Mediocampista
896,2018,Rusia,A,Yuri Zhirkov,yuri_zhirkov.php,18,Mediocampista
897,2018,Rusia,A,Aleksandr Samedov,aleksandr_samedov.php,19,Mediocampista
898,2018,Rusia,A,Aleksandr Yerokhin,aleksandr_yerokhin.php,21,Mediocampista
899,2018,Rusia,A,Fyodor Smolov,fyodor_smolov.php,10,Delantero
900,2018,Rusia,A,Artem Dzyuba,artem_dzyuba.php,22,Delantero
901,2018,Uruguay,A,Fernando Muslera,fernando_muslera.php,1,Arquero
902,2018,Uruguay,A,Martín Campaña,martin_campana.php,12,Arquero
903,2018,Uruguay,A,Martin Silva,martin_silva.php,23,Arquero
904,2018,Uruguay,A,José María Giménez,jose_maria_gimenez.php,2,Defensor
905,2018,Uruguay,A,Diego Godin,diego_godin.php,3,Defensor
906,2018,Uruguay,A,Guillermo Varela,guillermo_varela.php,4,Defensor
907,2018,Uruguay,A,Gastón Silva,gaston_silva.php,13,Defensor
908,2018,Uruguay,A,Maximiliano Pereira,maximiliano_pereira.php,16,Defensor
909,2018,Uruguay,A,Sebastián Coates,sebastian_coates.php,19,Defensor
910,2018,Uruguay,A,Martin Caceres,martin_caceres.php,22,Defensor
911,2018,Uruguay,A,Carlos Sánchez,carlos_andres_sanchez.php,5,Mediocampista
912,2018,Uruguay,A,Rodrigo Bentancur,rodrigo_bentancur.php,6,Mediocampista
913,2018,Uruguay,A,Cristian Rodríguez,cristian_rodriguez.php,7,Mediocampista
914,2018,Uruguay,A,Nahitan Nández,nahitan_nandez.php,8,Mediocampista
915,2018,Uruguay,A,Lucas Torreira,lucas_torreira.php,14,Mediocampista
916,2018,Uruguay,A,Matías Vecino,matias_vecino.php,15,Mediocampista
917,2018,Uruguay,A,Diego Laxalt,diego_laxalt.php,17,Mediocampista
918,2018,Uruguay,A,Luis Suarez,luis_suarez.php,9,Delantero
919,2018,Uruguay,A,Giorgian De Arrascaeta,giorgian_de_arrascaeta.php,10,Delantero
920,2018,Uruguay,A,Christian Stuani,christian_stuani.php,11,Delantero
921,2018,Uruguay,A,Maxi Gómez,maxi_gomez.php,18,Delantero
922,2018,Uruguay,A,Jonathan Urretaviscaya,jonathan_urretaviscaya.php,20,Delantero
923,2018,Uruguay,A,Edinson Cavani,edinson_cavani.php,21,Delantero
924,2018,España,B,David de Gea,david_de_gea.php,1,Arquero
925,2018,España,B,Kepa Arrizabalaga,kepa_arrizabalaga.php,13,Arquero
926,2018,España,B,Pepe Reina,pepe_reina.php,23,Arquero
927,2018,España,B,Dani Carvajal,dani_carvajal.php,2,Defensor
928,2018,España,B,Gerard Piqué,gerard_pique.php,3,Defensor
929,2018,España,B,Nacho,nacho_fernandez.php,4,Defensor
930,2018,España,B,Álvaro Odriozola,alvaro_odriozola.php,12,Defensor
931,2018,España,B,César Azpilicueta,cesar_azpilicueta.php,14,Defensor
932,2018,España,B,Sergio Ramos,sergio_ramos.php,15,Defensor
933,2018,España,B,Nacho Monreal,nacho_monreal.php,16,Defensor
934,2018,España,B,Jordi Alba,jordi_alba.php,18,Defensor
935,2018,España,B,Sergio Busquets,sergio_busquets.php,5,Mediocampista
936,2018,España,B,Andrés Iniesta,andres_iniesta.php,6,Mediocampista
937,2018,España,B,Saúl Ñíguez,saul_niguez.php,7,Mediocampista
938,2018,España,B,Koke,koke.php,8,Mediocampista
939,2018,España,B,Thiago,thiago_alcantara.php,10,Mediocampista
940,2018,España,B,Marco Asensio,marco_asensio.php,20,Mediocampista
941,2018,España,B,Isco,isco_alarcon.php,22,Mediocampista
942,2018,España,B,Rodrigo Moreno,rodrigo_moreno.php,9,Delantero
943,2018,España,B,Lucas Vázquez,lucas_vazquez.php,11,Delantero
944,2018,España,B,Iago Aspas,iago_aspas.php,17,Delantero
945,2018,España,B,Diego Costa,diego_costa.php,19,Delantero
946,2018,España,B,David Silva,david_silva.php,21,Delantero
947,2018,Irán,B,Alireza Beiranvand,alireza_beiranvand.php,1,Arquero
948,2018,Irán,B,Mohammad Mazaheri,mohammad_mazaheri.php,12,Arquero
949,2018,Irán,B,Amir Abedzadeh,amir_abedzadeh.php,22,Arquero
950,2018,Irán,B,Ehsan Hajsafi,ehsan_hajsafi.php,3,Defensor
951,2018,Irán,B,Rouzbeh Cheshmi,rouzbeh_cheshmi.php,4,Defensor
952,2018,Irán,B,Milad Mohammadi,milad_mohammadi.php,5,Defensor
953,2018,Irán,B,Morteza Pouraliganji,morteza_pouraliganji.php,8,Defensor
954,2018,Irán,B,Mohammadreza Khanzadeh,mohammadreza_khanzadeh.php,13,Defensor
955,2018,Irán,B,Pejman Montazeri,pejman_montazeri.php,15,Defensor
956,2018,Irán,B,Majid Hosseini,majid_hosseini.php,19,Defensor
957,2018,Irán,B,Ramin Rezaeian,ramin_rezaeian.php,23,Defensor
958,2018,Irán,B,Mehdi Torabi,mehdi_torabi.php,2,Mediocampista
959,2018,Irán,B,Saeid Ezatolahi,saeid_ezatolahi.php,6,Mediocampista
960,2018,Irán,B,Masoud Shojaei,masoud_shojaei.php,7,Mediocampista
961,2018,Irán,B,Omid Ebrahimi,omid_ebrahimi.php,9,Mediocampista
962,2018,Irán,B,Vahid Amiri,vahid_amiri.php,11,Mediocampista
963,2018,Irán,B,Karim Ansarifard,karim_ansarifard.php,10,Delantero
964,2018,Irán,B,Saman Ghoddos,saman_ghoddos.php,14,Delantero
965,2018,Irán,B,Reza Ghoochannejhad,reza_ghoochannejhad.php,16,Delantero
966,2018,Irán,B,Mehdi Taremi,mehdi_taremi.php,17,Delantero
967,2018,Irán,B,Alireza Jahanbakhsh,alireza_jahanbakhsh.php,18,Delantero
968,2018,Irán,B,Sardar Azmoun,sardar_azmoun.php,20,Delantero
969,2018,Irán,B,Ashkan Dejagah,ashkan_dejagah.php,21,Delantero
970,2018,Marruecos,B,Yassine Bounou,yassine_bounou.php,1,Arquero
971,2018,Marruecos,B,Munir El Kajoui,munir_mohand.php,12,Arquero
972,2018,Marruecos,B,Ahmed Reda Tagnaouti,ahmed_reda_tagnaouti.php,22,Arquero
973,2018,Marruecos,B,Achraf Hakimi,achraf_hakimi.php,2,Defensor
974,2018,Marruecos,B,Hamza Mendyl,hamza_mendyl.php,3,Defensor
975,2018,Marruecos,B,Manuel da Costa,manuel_da_costa.php,4,Defensor
976,2018,Marruecos,B,Medhi Benatia,medhi_benatia.php,5,Defensor
977,2018,Marruecos,B,Romain Saïss,romain_saiss.php,6,Defensor
978,2018,Marruecos,B,Nabil Dirar,nabil_dirar.php,17,Defensor
979,2018,Marruecos,B,Hakim Ziyech,hakim_ziyech.php,7,Mediocampista
980,2018,Marruecos,B,Karim El Ahmadi,karim_el_ahmadi.php,8,Mediocampista
981,2018,Marruecos,B,Younès Belhanda,younes_belhanda.php,10,Mediocampista
982,2018,Marruecos,B,Fayçal Fajr,faycal_fajr.php,11,Mediocampista
983,2018,Marruecos,B,Mbark Boussoufa,mbark_boussoufa.php,14,Mediocampista
984,2018,Marruecos,B,Youssef Aït Bennasser,youssef_ait_bennasser.php,15,Mediocampista
985,2018,Marruecos,B,Nordin Amrabat,nordin_amrabat.php,16,Mediocampista
986,2018,Marruecos,B,Amine Harit,amine_harit.php,18,Mediocampista
987,2018,Marruecos,B,Sofyan Amrabat,sofyan_amrabat.php,21,Mediocampista
988,2018,Marruecos,B,Mehdi Carcela-González,mehdi_carcela.php,23,Mediocampista
989,2018,Marruecos,B,Ayoub El Kaabi,ayoub_el_kaabi.php,9,Delantero
990,2018,Marruecos,B,Khalid Boutaïb,khalid_boutaib.php,13,Delantero
991,2018,Marruecos,B,Youssef En-Nesyri,youssef_en_nesyri.php,19,Delantero
992,2018,Marruecos,B,Aziz Bouhaddouz,aziz_bouhaddouz.php,20,Delantero
993,2018,Portugal,B,Rui Patricio,rui_patricio.php,1,Arquero
994,2018,Portugal,B,Anthony Lopes,anthony_lopes.php,12,Arquero
995,2018,Portugal,B,Beto,beto.php,22,Arquero
996,2018,Portugal,B,Bruno Alves,bruno_alves.php,2,Defensor
997,2018,Portugal,B,Pepe,pepe.php,3,Defensor
998,2018,Portugal,B,Raphaël Guerreiro,raphael_guerreiro.php,5,Defensor
999,2018,Portugal,B,José Fonte,jose_fonte.php,6,Defensor
1000,2018,Portugal,B,Rúben Dias,ruben_dias.php,13,Defensor
1001,2018,Portugal,B,Ricardo Pereira,ricardo_pereira.php,15,Defensor
1002,2018,Portugal,B,Mário Rui,mario_rui.php,19,Defensor
1003,2018,Portugal,B,Cédric Soares,cedric_soares.php,21,Defensor
1004,2018,Portugal,B,Manuel Fernandes,manuel_fernandes.php,4,Mediocampista
1005,2018,Portugal,B,João Moutinho,joao_moutinho.php,8,Mediocampista
1006,2018,Portugal,B,João Mário,joao_mario.php,10,Mediocampista
1007,2018,Portugal,B,Bernardo Silva,bernardo_silva.php,11,Mediocampista
1008,2018,Portugal,B,William Carvalho,william_carvalho.php,14,Mediocampista
1009,2018,Portugal,B,Bruno Fernandes,bruno_fernandes.php,16,Mediocampista
1010,2018,Portugal,B,Adrien Silva,adrien_silva.php,23,Mediocampista
1011,2018,Portugal,B,Cristiano Ronaldo,cristiano_ronaldo.php,7,Delantero
1012,2018,Portugal,B,André Silva,andre_silva.php,9,Delantero
1013,2018,Portugal,B,Gonçalo Guedes,goncalo_guedes.php,17,Delantero
1014,2018,Portugal,B,Gelson Martins,gelson_martins.php,18,Delantero
1015,2018,Portugal,B,Ricardo Quaresma,ricardo_quaresma.php,20,Delantero
1016,2018,Australia,C,Mathew Ryan,mathew_ryan.php,1,Arquero
1017,2018,Australia,C,Brad Jones,brad_jones.php,12,Arquero
1018,2018,Australia,C,Danny Vukovic,danny_vukovic.php,18,Arquero
1019,2018,Australia,C,Milos Degenek,milos_degenek.php,2,Defensor
1020,2018,Australia,C,James Meredith,james_meredith.php,3,Defensor
1021,2018,Australia,C,Mark Milligan,mark_milligan.php,5,Defensor
1022,2018,Australia,C,Matthew Jurman,matthew_jurman.php,6,Defensor
1023,2018,Australia,C,Aziz Behich,aziz_behich.php,16,Defensor
1024,2018,Australia,C,Josh Risdon,josh_risdon.php,19,Defensor
1025,2018,Australia,C,Trent Sainsbury,trent_sainsbury.php,20,Defensor
1026,2018,Australia,C,Massimo Luongo,massimo_luongo.php,8,Mediocampista
1027,2018,Australia,C,Aaron Mooy,aaron_mooy.php,13,Mediocampista
1028,2018,Australia,C,Mile Jedinak,mile_jedinak.php,15,Mediocampista
1029,2018,Australia,C,Jackson Irvine,jackson_irvine.php,22,Mediocampista
1030,2018,Australia,C,Tom Rogic,tom_rogic.php,23,Mediocampista
1031,2018,Australia,C,Tim Cahill,tim_cahill.php,4,Delantero
1032,2018,Australia,C,Mathew Leckie,mathew_leckie.php,7,Delantero
1033,2018,Australia,C,Tomi Juric,tomi_juric.php,9,Delantero
1034,2018,Australia,C,Robbie Kruse,robbie_kruse.php,10,Delantero
1035,2018,Australia,C,Andrew Nabbout,andrew_nabbout.php,11,Delantero
1036,2018,Australia,C,Jamie Maclaren,jamie_maclaren.php,14,Delantero
1037,2018,Australia,C,Daniel Arzani,daniel_arzani.php,17,Delantero
1038,2018,Australia,C,Dimitri Petratos,dimitri_petratos.php,21,Delantero
1039,2018,Dinamarca,C,Kasper Schmeichel,kasper_schmeichel.php,1,Arquero
1040,2018,Dinamarca,C,Jonas Lössl,jonas_lossl.php,16,Arquero
1041,2018,Dinamarca,C,Frederik Ronnow,frederik_ronnow.php,22,Arquero
1042,2018,Dinamarca,C,Jannik Vestergaard,jannik_vestergaard.php,3,Defensor
1043,2018,Dinamarca,C,Simon Kjaer,simon_kjaer.php,4,Defensor
1044,2018,Dinamarca,C,Jonas Knudsen,jonas_knudsen.php,5,Defensor
1045,2018,Dinamarca,C,Andreas Christensen,andreas_christensen.php,6,Defensor
1046,2018,Dinamarca,C,Mathias Jørgensen,mathias_jorgensen.php,13,Defensor
1047,2018,Dinamarca,C,Henrik Dalsgaard,henrik_dalsgaard.php,14,Defensor
1048,2018,Dinamarca,C,Jens Stryger Larsen,jens_stryger_larsen.php,17,Defensor
1049,2018,Dinamarca,C,Michael Krohn-Dehli,michael_krohn_dehli.php,2,Mediocampista
1050,2018,Dinamarca,C,William Kvist,william_kvist.php,7,Mediocampista
1051,2018,Dinamarca,C,Thomas Delaney,thomas_delaney.php,8,Mediocampista
1052,2018,Dinamarca,C,Christian Eriksen,christian_eriksen.php,10,Mediocampista
1053,2018,Dinamarca,C,Lukas Lerager,lukas_lerager.php,18,Mediocampista
1054,2018,Dinamarca,C,Lasse Schöne,lasse_schone.php,19,Mediocampista
1055,2018,Dinamarca,C,Nicolai Jørgensen,nicolai_jorgensen.php,9,Delantero
1056,2018,Dinamarca,C,Martin Braithwaite,martin_braithwaite.php,11,Delantero
1057,2018,Dinamarca,C,Kasper Dolberg,kasper_dolberg.php,12,Delantero
1058,2018,Dinamarca,C,Viktor Fischer,viktor_fischer.php,15,Delantero
1059,2018,Dinamarca,C,Yussuf Yurary Poulsen,yussuf_poulsen.php,20,Delantero
1060,2018,Dinamarca,C,Andreas Cornelius,andreas_cornelius.php,21,Delantero
1061,2018,Dinamarca,C,Pione Sisto,pione_sisto.php,23,Delantero
1062,2018,Francia,C,Hugo Lloris,hugo_lloris.php,1,Arquero
1063,2018,Francia,C,Steve Mandanda,steve_mandanda.php,16,Arquero
1064,2018,Francia,C,Alphonse Areola,alphonse_areola.php,23,Arquero
1065,2018,Francia,C,Benjamin Pavard,benjamin_pavard.php,2,Defensor
1066,2018,Francia,C,Presnel Kimpembe,presnel_kimpembe.php,3,Defensor
1067,2018,Francia,C,Raphael Varane,raphael_varane.php,4,Defensor
1068,2018,Francia,C,Samuel Umtiti,samuel_umtiti.php,5,Defensor
1069,2018,Francia,C,Adil Rami,adil_rami.php,17,Defensor
1070,2018,Francia,C,Djibril Sidibé,djibril_sidibe.php,19,Defensor
1071,2018,Francia,C,Lucas Hernandez,lucas_hernandez.php,21,Defensor
1072,2018,Francia,C,Benjamin Mendy,benjamin_mendy.php,22,Defensor
1073,2018,Francia,C,Paul Pogba,paul_pogba.php,6,Mediocampista
1074,2018,Francia,C,Corentin Tolisso,corentin_tolisso.php,12,Mediocampista
1075,2018,Francia,C,N'Golo Kanté,ngolo_kante.php,13,Mediocampista
1076,2018,Francia,C,Blaise Matuidi,blaise_matuidi.php,14,Mediocampista
1077,2018,Francia,C,Steven Nzonzi,steven_nzonzi.php,15,Mediocampista
1078,2018,Francia,C,Antoine Griezmann,antoine_griezmann.php,7,Delantero
1079,2018,Francia,C,Thomas Lemar,thomas_lemar.php,8,Delantero
1080,2018,Francia,C,Olivier Giroud,olivier_giroud.php,9,Delantero
1081,2018,Francia,C,Kylian Mbappé,kylian_mbappe.php,10,Delantero
1082,2018,Francia,C,Ousmane Dembélé,ousmane_dembele.php,11,Delantero
1083,2018,Francia,C,Nabil Fekir,nabil_fekir.php,18,Delantero
1084,2018,Francia,C,Florian Thauvin,florian_thauvin.php,20,Delantero
1085,2018,Perú,C,Pedro Gallese,pedro_gallese.php,1,Arquero
1086,2018,Perú,C,Carlos Cáceda,carlos_caceda.php,12,Arquero
1087,2018,Perú,C,José Carvallo,jose_carvallo.php,21,Arquero
1088,2018,Perú,C,Alberto Rodríguez,alberto_junior_rodriguez.php,2,Defensor
1089,2018,Perú,C,Aldo Corzo,aldo_corzo.php,3,Defensor
1090,2018,Perú,C,Anderson Santamaría,anderson_santamaria.php,4,Defensor
1091,2018,Perú,C,Miguel Araujo,miguel_araujo.php,5,Defensor
1092,2018,Perú,C,Miguel Trauco,miguel_trauco.php,6,Defensor
1093,2018,Perú,C,Christian Ramos,christian_ramos.php,15,Defensor
1094,2018,Perú,C,Luis Advíncula,luis_advincula.php,17,Defensor
1095,2018,Perú,C,Nilson Loyola,nilson_loyola.php,22,Defensor
1096,2018,Perú,C,Paolo Hurtado,paolo_hurtado.php,7,Mediocampista
1097,2018,Perú,C,Christian Cueva,christian_cueva.php,8,Mediocampista
1098,2018,Perú,C,Renato Tapia,renato_tapia.php,13,Mediocampista
1099,2018,Perú,C,Andy Polo,andy_polo.php,14,Mediocampista
1100,2018,Perú,C,Wilder Cartagena,wilder_cartagena.php,16,Mediocampista
1101,2018,Perú,C,Yoshimar Yotún,yoshimar_yotun.php,19,Mediocampista
1102,2018,Perú,C,Pedro Aquino,pedro_aquino.php,23,Mediocampista
1103,2018,Perú,C,Paolo Guerrero,paolo_guerrero.php,9,Delantero
1104,2018,Perú,C,Jefferson Farfán,jefferson_farfan.php,10,Delantero
1105,2018,Perú,C,Raúl Ruidíaz,raul_ruidiaz.php,11,Delantero
1106,2018,Perú,C,André Carrillo,andre_carrillo.php,18,Delantero
1107,2018,Perú,C,Edison Flores,edison_flores.php,20,Delantero
1108,2018,Argentina,D,Nahuel Guzmán,nahuel_guzman.php,1,Arquero
1109,2018,Argentina,D,Franco Armani,franco_armani.php,12,Arquero
1110,2018,Argentina,D,Wilfredo Caballero,wilfredo_caballero.php,23,Arquero
1111,2018,Argentina,D,Gabriel Mercado,gabriel_mercado.php,2,Defensor
1112,2018,Argentina,D,Nicolas Tagliafico,nicolas_tagliafico.php,3,Defensor
1113,2018,Argentina,D,Cristian Ansaldi,cristian_ansaldi.php,4,Defensor
1114,2018,Argentina,D,Federico Fazio,federico_fazio.php,6,Defensor
1115,2018,Argentina,D,Marcos Acuña,marcos_acuna.php,8,Defensor
1116,2018,Argentina,D,Marcos Rojo,marcos_rojo.php,16,Defensor
1117,2018,Argentina,D,Nicolas Otamendi,nicolas_otamendi.php,17,Defensor
1118,2018,Argentina,D,Eduardo Salvio,eduardo_salvio.php,18,Defensor
1119,2018,Argentina,D,Lucas Biglia,lucas_biglia.php,5,Mediocampista
1120,2018,Argentina,D,Ever Banega,ever_banega.php,7,Mediocampista
1121,2018,Argentina,D,Angel Di Maria,angel_di_maria.php,11,Mediocampista
1122,2018,Argentina,D,Maximiliano Meza,maximiliano_meza.php,13,Mediocampista
1123,2018,Argentina,D,Javier Mascherano,javier_mascherano.php,14,Mediocampista
1124,2018,Argentina,D,Enzo Pérez,enzo_perez.php,15,Mediocampista
1125,2018,Argentina,D,Giovani Lo Celso,giovani_lo_celso.php,20,Mediocampista
1126,2018,Argentina,D,Cristian Pavón,cristian_pavon.php,22,Mediocampista
1127,2018,Argentina,D,Gonzalo Higuain,gonzalo_higuain.php,9,Delantero
1128,2018,Argentina,D,Lionel Messi,lionel_messi.php,10,Delantero
1129,2018,Argentina,D,Sergio Agüero,sergio_aguero.php,19,Delantero
1130,2018,Argentina,D,Paulo Dybala,paulo_dybala.php,21,Delantero
1131,2018,Croacia,D,Dominik Livaković,dominik_livakovic.php,1,Arquero
1132,2018,Croacia,D,Lovre Kalinić,lovre_kalinic.php,12,Arquero
1133,2018,Croacia,D,Danijel Subasic,danijel_subasic.php,23,Arquero
1134,2018,Croacia,D,Sime Vrsaljko,sime_vrsaljko.php,2,Defensor
1135,2018,Croacia,D,Ivan Strinić,ivan_strinic.php,3,Defensor
1136,2018,Croacia,D,Vedran Corluka,vedran_corluka.php,5,Defensor
1137,2018,Croacia,D,Dejan Lovren,dejan_lovren.php,6,Defensor
1138,2018,Croacia,D,Tin Jedvaj,tin_jedvaj.php,13,Defensor
1139,2018,Croacia,D,Duje Ćaleta-Car,duje_caleta_car.php,15,Defensor
1140,2018,Croacia,D,Domagoj Vida,domagoj_vida.php,21,Defensor
1141,2018,Croacia,D,Josip Pivarić,josip_pivaric.php,22,Defensor
1142,2018,Croacia,D,Ivan Rakitic,ivan_rakitic.php,7,Mediocampista
1143,2018,Croacia,D,Mateo Kovacic,mateo_kovacic.php,8,Mediocampista
1144,2018,Croacia,D,Luka Modric,luka_modric.php,10,Mediocampista
1145,2018,Croacia,D,Marcelo Brozovic,marcelo_brozovic.php,11,Mediocampista
1146,2018,Croacia,D,Filip Bradarić,filip_bradaric.php,14,Mediocampista
1147,2018,Croacia,D,Milan Badelj,milan_badelj.php,19,Mediocampista
1148,2018,Croacia,D,Ivan Perisic,ivan_perisic.php,4,Delantero
1149,2018,Croacia,D,Andrej Kramarić,andrej_kramaric.php,9,Delantero
1150,2018,Croacia,D,Nikola Kalinić,nikola_kalinic.php,16,Delantero
1151,2018,Croacia,D,Mario Mandzukic,mario_mandzukic.php,17,Delantero
1152,2018,Croacia,D,Ante Rebic,ante_rebic.php,18,Delantero
1153,2018,Croacia,D,Marko Pjaca,marko_pjaca.php,20,Delantero
1154,2018,Islandia,D,Hannes Halldorsson,hannes_halldorsson.php,1,Arquero
1155,2018,Islandia,D,Frederik Schram,frederik_schram.php,12,Arquero
1156,2018,Islandia,D,Runar Alex Runarsson,runar_alex_runarsson.php,13,Arquero
1157,2018,Islandia,D,Birkir Már Saevarsson,birkir_mar_saevarsson.php,2,Defensor
1158,2018,Islandia,D,Sverrir Ingi Ingason,sverrir_ingi_ingason.php,5,Defensor
1159,2018,Islandia,D,Ragnar Sigurdsson,ragnar_sigurdsson.php,6,Defensor
1160,2018,Islandia,D,Kári Árnason,kari_arnason.php,14,Defensor
1161,2018,Islandia,D,Hólmar Örn Eyjólfsson,holmar_eyjolfsson.php,15,Defensor
1162,2018,Islandia,D,Hördur Magnússon,hordur_magnusson.php,18,Defensor
1163,2018,Islandia,D,Ari Skúlason,ari_skulason.php,23,Defensor
1164,2018,Islandia,D,Samúel Fridjónsson,samuel_fridjonsson.php,3,Mediocampista
1165,2018,Islandia,D,Albert Gudmundsson,albert_gudmundsson.php,4,Mediocampista
1166,2018,Islandia,D,Jóhann Berg Gudmundsson,johann_gudmundsson.php,7,Mediocampista
1167,2018,Islandia,D,Birkir Bjarnason,birkir_bjarnason.php,8,Mediocampista
1168,2018,Islandia,D,Gylfi Sigurdsson,gylfi_sigurosson.php,10,Mediocampista
1169,2018,Islandia,D,Ólafur Ingi Skúlason,olafur_skulason.php,16,Mediocampista
1170,2018,Islandia,D,Aron Gunnarsson,aron_gunnarsson.php,17,Mediocampista
1171,2018,Islandia,D,Rúrik Gíslason,rurik_gislason.php,19,Mediocampista
1172,2018,Islandia,D,Emil Hallfredsson,emil_hallfredsson.php,20,Mediocampista
1173,2018,Islandia,D,Arnór Ingvi Traustason,arnor_traustason.php,21,Mediocampista
1174,2018,Islandia,D,Björn Sigurðarson,bjorn_siguroarson.php,9,Delantero
1175,2018,Islandia,D,Alfred Finnbogason,alfred_finnbogason.php,11,Delantero
1176,2018,Islandia,D,Jón Dadi Bödvarsson,jon_bodvarsson.php,22,Delantero
1177,2018,Nigeria,D,Ikechukwu Ezenwa,ikechukwu_ezenwa.php,1,Arquero
1178,2018,Nigeria,D,Daniel Akpeyi,daniel_akpeyi.php,16,Arquero
1179,2018,Nigeria,D,Francis Uzoho,francis_uzoho.php,23,Arquero
1180,2018,Nigeria,D,Brian Idowu,brian_idowu.php,2,Defensor
1181,2018,Nigeria,D,Elderson Echiéjilé,elderson_echiejile.php,3,Defensor
1182,2018,Nigeria,D,William Troost-Ekong,william_troost_ekong.php,5,Defensor
1183,2018,Nigeria,D,Leon Balogun,leon_balogun.php,6,Defensor
1184,2018,Nigeria,D,Shehu Abdullahi,shehu_abdullahi.php,12,Defensor
1185,2018,Nigeria,D,Chidozie Awaziem,chidozie_awaziem.php,20,Defensor
1186,2018,Nigeria,D,Tyronne Ebuehi,tyronne_ebuehi.php,21,Defensor
1187,2018,Nigeria,D,Kenneth Omeruo,kenneth_omeruo.php,22,Defensor
1188,2018,Nigeria,D,Wilfred Ndidi,wilfred_ndidi.php,4,Mediocampista
1189,2018,Nigeria,D,Oghenekaro Etebo,oghenekaro_etebo.php,8,Mediocampista
1190,2018,Nigeria,D,John Obi Mikel,john_obi_mikel.php,10,Mediocampista
1191,2018,Nigeria,D,Joel Obi,joel_obi.php,15,Mediocampista
1192,2018,Nigeria,D,Ogenyi Onazi,ogenyi_onazi.php,17,Mediocampista
1193,2018,Nigeria,D,John Ogu,john_ogu.php,19,Mediocampista
1194,2018,Nigeria,D,Ahmed Musa,ahmed_musa.php,7,Delantero
1195,2018,Nigeria,D,Odion Ighalo,odion_ighalo.php,9,Delantero
1196,2018,Nigeria,D,Victor Moses,victor_moses.php,11,Delantero
1197,2018,Nigeria,D,Simeon Nwankwo,simeon_nwankwo.php,13,Delantero
1198,2018,Nigeria,D,Kelechi Iheanacho,kelechi_iheanacho.php,14,Delantero
1199,2018,Nigeria,D,Alex Iwobi,alex_iwobi.php,18,Delantero
1200,2018,Brasil,E,Alisson,alisson.php,1,Arquero
1201,2018,Brasil,E,Cassio,cassio.php,16,Arquero
1202,2018,Brasil,E,Ederson,ederson.php,23,Arquero
1203,2018,Brasil,E,Thiago Silva,thiago_silva.php,2,Defensor
1204,2018,Brasil,E,Miranda,miranda.php,3,Defensor
1205,2018,Brasil,E,Pedro Geromel,pedro_geromel.php,4,Defensor
1206,2018,Brasil,E,Filipe Luís,filipe_luis.php,6,Defensor
1207,2018,Brasil,E,Marcelo,marcelo.php,12,Defensor
1208,2018,Brasil,E,Marquinhos,marquinhos.php,13,Defensor
1209,2018,Brasil,E,Danilo,danilo.php,14,Defensor
1210,2018,Brasil,E,Fagner,fagner.php,22,Defensor
1211,2018,Brasil,E,Casemiro,casemiro.php,5,Mediocampista
1212,2018,Brasil,E,Renato Augusto,renato_augusto.php,8,Mediocampista
1213,2018,Brasil,E,Philippe Coutinho,philippe_coutinho.php,11,Mediocampista
1214,2018,Brasil,E,Paulinho,paulinho_2.php,15,Mediocampista
1215,2018,Brasil,E,Fernandinho,fernandinho.php,17,Mediocampista
1216,2018,Brasil,E,Fred,fred_rodrigues.php,18,Mediocampista
1217,2018,Brasil,E,Willian,willian.php,19,Mediocampista
1218,2018,Brasil,E,Douglas Costa,douglas_costa.php,7,Delantero
1219,2018,Brasil,E,Gabriel Jesus,gabriel_jesus.php,9,Delantero
1220,2018,Brasil,E,Neymar Jr.,neymar.php,10,Delantero
1221,2018,Brasil,E,Roberto Firmino,roberto_firmino.php,20,Delantero
1222,2018,Brasil,E,Taison,taison.php,21,Delantero
1223,2018,Costa Rica,E,Keylor Navas,keylor_navas.php,1,Arquero
1224,2018,Costa Rica,E,Patrick Pemberton,patrick_pemberton.php,18,Arquero
1225,2018,Costa Rica,E,Leonel Moreira,leonel_moreira.php,23,Arquero
1226,2018,Costa Rica,E,Johnny Acosta,johnny_acosta.php,2,Defensor
1227,2018,Costa Rica,E,Giancarlo Gonzalez,giancarlo_gonzalez.php,3,Defensor
1228,2018,Costa Rica,E,Ian Smith,ian_smith.php,4,Defensor
1229,2018,Costa Rica,E,Óscar Duarte,oscar_duarte.php,6,Defensor
1230,2018,Costa Rica,E,Bryan Oviedo,bryan_oviedo.php,8,Defensor
1231,2018,Costa Rica,E,Francisco Calvo,francisco_calvo.php,15,Defensor
1232,2018,Costa Rica,E,Cristian Gamboa,cristian_gamboa.php,16,Defensor
1233,2018,Costa Rica,E,Kendall Waston,kendall_waston.php,19,Defensor
1234,2018,Costa Rica,E,Kenner Gutiérrez,kenner_gutierrez.php,22,Defensor
1235,2018,Costa Rica,E,Celso Borges,celso_borges.php,5,Mediocampista
1236,2018,Costa Rica,E,Christian Bolaños,christian_bolanos.php,7,Mediocampista
1237,2018,Costa Rica,E,Daniel Colindres,daniel_colindres.php,9,Mediocampista
1238,2018,Costa Rica,E,Bryan Ruiz,bryan_ruiz.php,10,Mediocampista
1239,2018,Costa Rica,E,Rodney Wallace,rodney_wallace.php,13,Mediocampista
1240,2018,Costa Rica,E,Randall Azofeifa,randall_azofeifa.php,14,Mediocampista
1241,2018,Costa Rica,E,Yeltsin Tejeda,yeltsin_tejeda.php,17,Mediocampista
1242,2018,Costa Rica,E,David Guzmán,david_guzman.php,20,Mediocampista
1243,2018,Costa Rica,E,Johan Venegas,johan_venegas.php,11,Delantero
1244,2018,Costa Rica,E,Joel Campbell,joel_campbell.php,12,Delantero
1245,2018,Costa Rica,E,Marco Ureña,marcos_urena.php,21,Delantero
1246,2018,Serbia,E,Vladimir Stojkovic,vladimir_stojkovic.php,1,Arquero
1247,2018,Serbia,E,Predrag Rajković,predrag_rajkovic.php,12,Arquero
1248,2018,Serbia,E,Marko Dmitrović,marko_dmitrovic.php,23,Arquero
1249,2018,Serbia,E,Antonio Rukavina,antonio_rukavina.php,2,Defensor
1250,2018,Serbia,E,Duško Tošić,dusko_tosic.php,3,Defensor
1251,2018,Serbia,E,Uroš Spajić,uros_spajic.php,5,Defensor
1252,2018,Serbia,E,Branislav Ivanovic,branislav_ivanovic.php,6,Defensor
1253,2018,Serbia,E,Aleksandar Kolarov,aleksandar_kolarov.php,11,Defensor
1254,2018,Serbia,E,Miloš Veljković,milos_veljkovic.php,13,Defensor
1255,2018,Serbia,E,Milan Rodić,milan_rodic.php,14,Defensor
1256,2018,Serbia,E,Nikola Milenković,nikola_milenkovic.php,15,Defensor
1257,2018,Serbia,E,Luka Milivojević,luka_milivojevic.php,4,Mediocampista
1258,2018,Serbia,E,Andrija Živković,andrija_zivkovic.php,7,Mediocampista
1259,2018,Serbia,E,Dušan Tadić,dusan_tadic.php,10,Mediocampista
1260,2018,Serbia,E,Marko Grujić,marko_grujic.php,16,Mediocampista
1261,2018,Serbia,E,Filip Kostić,filip_kostic.php,17,Mediocampista
1262,2018,Serbia,E,Sergej Milinković-Savić,sergej_milinkovic_savic.php,20,Mediocampista
1263,2018,Serbia,E,Nemanja Matić,nemanja_matic.php,21,Mediocampista
1264,2018,Serbia,E,Adem Ljajić,adem_ljajic.php,22,Mediocampista
1265,2018,Serbia,E,Aleksandar Prijović,aleksandar_prijovic.php,8,Delantero
1266,2018,Serbia,E,Aleksandar Mitrović,aleksandar_mitrovic.php,9,Delantero
1267,2018,Serbia,E,Nemanja Radonjić,nemanja_radonjic.php,18,Delantero
1268,2018,Serbia,E,Luka Jović,luka_jovic.php,19,Delantero
1269,2018,Suiza,E,Yann Sommer,yann_sommer.php,1,Arquero
1270,2018,Suiza,E,Yvon Mvogo,yvon_mvogo.php,12,Arquero
1271,2018,Suiza,E,Roman Bürki,roman_burki.php,21,Arquero
1272,2018,Suiza,E,Stephan Lichtsteiner,stephan_lichtsteiner.php,2,Defensor
1273,2018,Suiza,E,François Moubandje,francois_moubandje.php,3,Defensor
1274,2018,Suiza,E,Nico Elvedi,nico_elvedi.php,4,Defensor
1275,2018,Suiza,E,Manuel Akanji,manuel_akanji.php,5,Defensor
1276,2018,Suiza,E,Michael Lang,michael_lang.php,6,Defensor
1277,2018,Suiza,E,Ricardo Rodriguez,ricardo_rodriguez.php,13,Defensor
1278,2018,Suiza,E,Johan Djourou,johan_djourou.php,20,Defensor
1279,2018,Suiza,E,Fabian Schär,fabian_schar.php,22,Defensor
1280,2018,Suiza,E,Remo Freuler,remo_freuler.php,8,Mediocampista
1281,2018,Suiza,E,Granit Xhaka,granit_xhaka.php,10,Mediocampista
1282,2018,Suiza,E,Valon Behrami,valon_behrami.php,11,Mediocampista
1283,2018,Suiza,E,Steven Zuber,steven_zuber.php,14,Mediocampista
1284,2018,Suiza,E,Blerim Dzemaili,blerim_dzemaili.php,15,Mediocampista
1285,2018,Suiza,E,Gelson Fernandes,gelson_fernandes.php,16,Mediocampista
1286,2018,Suiza,E,Denis Zakaria,denis_zakaria.php,17,Mediocampista
1287,2018,Suiza,E,Xherdan Shaqiri,xherdan_shaqiri.php,23,Mediocampista
1288,2018,Suiza,E,Breel Embolo,breel_embolo.php,7,Delantero
1289,2018,Suiza,E,Haris Seferovic,haris_seferovic.php,9,Delantero
1290,2018,Suiza,E,Mario Gavranovic,mario_gavranovic.php,18,Delantero
1291,2018,Suiza,E,Josip Drmic,josip_drmic.php,19,Delantero
1292,2018,Alemania,F,Manuel Neuer,manuel_neuer.php,1,Arquero
1293,2018,Alemania,F,Kevin Trapp,kevin_trapp.php,12,Arquero
1294,2018,Alemania,F,Marc-André ter Stegen,marc_andre_ter_stegen.php,22,Arquero
1295,2018,Alemania,F,Marvin Plattenhardt,marvin_plattenhardt.php,2,Defensor
1296,2018,Alemania,F,Jonas Hector,jonas_hector.php,3,Defensor
1297,2018,Alemania,F,Matthias Ginter,matthias_ginter.php,4,Defensor
1298,2018,Alemania,F,Mats Hummels,mats_hummels.php,5,Defensor
1299,2018,Alemania,F,Niklas Süle,niklas_sule.php,15,Defensor
1300,2018,Alemania,F,Antonio Rüdiger,antonio_rudiger.php,16,Defensor
1301,2018,Alemania,F,Jérôme Boateng,jerome_boateng.php,17,Defensor
1302,2018,Alemania,F,Joshua Kimmich,joshua_kimmich.php,18,Defensor
1303,2018,Alemania,F,Sami Khedira,sami_khedira.php,6,Mediocampista
1304,2018,Alemania,F,Julian Draxler,julian_draxler.php,7,Mediocampista
1305,2018,Alemania,F,Toni Kroos,toni_kroos.php,8,Mediocampista
1306,2018,Alemania,F,Mesut Ozil,mesut_ozil.php,10,Mediocampista
1307,2018,Alemania,F,Thomas Müller,thomas_mueller.php,13,Mediocampista
1308,2018,Alemania,F,Leon Goretzka,leon_goretzka.php,14,Mediocampista
1309,2018,Alemania,F,Sebastian Rudy,sebastian_rudy.php,19,Mediocampista
1310,2018,Alemania,F,Julian Brandt,julian_brandt.php,20,Mediocampista
1311,2018,Alemania,F,Ilkay Gündogan,ilkay_gundogan.php,21,Mediocampista
1312,2018,Alemania,F,Timo Werner,timo_werner.php,9,Delantero
1313,2018,Alemania,F,Marco Reus,marco_reus.php,11,Delantero
1314,2018,Alemania,F,Mario Gomez,mario_gomez.php,23,Delantero
1315,2018,Corea del Sur,F,Seung-gyu Kim,seung_gyu_kim.php,1,Arquero
1316,2018,Corea del Sur,F,Jin-hyeon Kim,jin_hyeon_kim.php,21,Arquero
1317,2018,Corea del Sur,F,Hyeon-woo Jo,hyun_woo_cho.php,23,Arquero
1318,2018,Corea del Sur,F,Yong Lee,yong_lee.php,2,Defensor
1319,2018,Corea del Sur,F,Seung-hyun Jung,seung_hyun_jung.php,3,Defensor
1320,2018,Corea del Sur,F,Ban-suk Oh,ban_suk_oh.php,4,Defensor
1321,2018,Corea del Sur,F,Young-sun Yun,young_sun_yun.php,5,Defensor
1322,2018,Corea del Sur,F,Joo-Ho Park,joo_ho_park.php,6,Defensor
1323,2018,Corea del Sur,F,Min-woo Kim,min_woo_kim.php,12,Defensor
1324,2018,Corea del Sur,F,Chul Hong,chul_hong.php,14,Defensor
1325,2018,Corea del Sur,F,Young-Gwon Kim,young_gwon_kim.php,19,Defensor
1326,2018,Corea del Sur,F,Hyun-soo Jang,hyun_soo_jang.php,20,Defensor
1327,2018,Corea del Sur,F,Yo-han Go,yo_han_go.php,22,Defensor
1328,2018,Corea del Sur,F,Se-jong Ju,se_jong_ju.php,8,Mediocampista
1329,2018,Corea del Sur,F,Seung-woo Lee,seung_woo_lee.php,10,Mediocampista
1330,2018,Corea del Sur,F,Ja-Cheol Koo,ja_cheol_koo.php,13,Mediocampista
1331,2018,Corea del Sur,F,Woo-young Jung,woo_young_jung.php,15,Mediocampista
1332,2018,Corea del Sur,F,Sung-yueng Ki,sung_yueng_ki.php,16,Mediocampista
1333,2018,Corea del Sur,F,Jae-sung Lee,jae_sung_lee.php,17,Mediocampista
1334,2018,Corea del Sur,F,Seon-min Moon,seon_min_moon.php,18,Mediocampista
1335,2018,Corea del Sur,F,Heung-Min Son,heung_min_son.php,7,Delantero
1336,2018,Corea del Sur,F,Shin-Wook Kim,shin_wook_kim.php,9,Delantero
1337,2018,Corea del Sur,F,Hee-chan Hwang,hee_chan_hwang.php,11,Delantero
1338,2018,México,F,José de Jesús Corona,jesus_corona.php,1,Arquero
1339,2018,México,F,Alfredo Talavera,alfredo_talavera.php,12,Arquero
1340,2018,México,F,Guillermo Ochoa,guillermo_ochoa.php,13,Arquero
1341,2018,México,F,Hugo Ayala,hugo_ayala.php,2,Defensor
1342,2018,México,F,Carlos Salcedo,carlos_salcedo.php,3,Defensor
1343,2018,México,F,Rafael Marquez,rafael_marquez.php,4,Defensor
1344,2018,México,F,Hector Moreno,hector_moreno.php,15,Defensor
1345,2018,México,F,Héctor Herrera,hector_herrera.php,16,Defensor
1346,2018,México,F,Edson Álvarez,edson_alvarez.php,21,Defensor
1347,2018,México,F,Érick Gutiérrez,erick_gutierrez.php,5,Mediocampista
1348,2018,México,F,Jonathan dos Santos,jonathan_dos_santos.php,6,Mediocampista
1349,2018,México,F,Miguel Layún,miguel_layun.php,7,Mediocampista
1350,2018,México,F,Giovani dos Santos,giovani_dos_santos.php,10,Mediocampista
1351,2018,México,F,Andres Guardado,andres_guardado.php,18,Mediocampista
1352,2018,México,F,Javier Aquino,javier_aquino.php,20,Mediocampista
1353,2018,México,F,Jesús Gallardo,jesus_gallardo.php,23,Mediocampista
1354,2018,México,F,Marco Fabián,marco_fabian.php,8,Delantero
1355,2018,México,F,Raúl Jiménez,raul_jimenez.php,9,Delantero
1356,2018,México,F,Carlos Vela,carlos_vela.php,11,Delantero
1357,2018,México,F,Javier Hernandez,javier_hernandez.php,14,Delantero
1358,2018,México,F,Jesús Manuel Corona,jesus_manuel_corona.php,17,Delantero
1359,2018,México,F,Oribe Peralta,oribe_peralta.php,19,Delantero
1360,2018,México,F,Hirving Lozano,hirving_lozano.php,22,Delantero
1361,2018,Suecia,F,Robin Olsen,robin_olsen.php,1,Arquero
1362,2018,Suecia,F,Karl-Johan Johnsson,karl_johan_johnsson.php,12,Arquero
1363,2018,Suecia,F,Kristoffer Nordfeldt,kristoffer_nordfeldt.php,23,Arquero
1364,2018,Suecia,F,Mikael Lustig,mikael_lustig.php,2,Defensor
1365,2018,Suecia,F,Victor Lindelöf,victor_lindelof.php,3,Defensor
1366,2018,Suecia,F,Andreas Granqvist,andreas_granqvist.php,4,Defensor
1367,2018,Suecia,F,Martin Olsson,martin_olsson.php,5,Defensor
1368,2018,Suecia,F,Ludwig Augustinsson,ludwig_augustinsson.php,6,Defensor
1369,2018,Suecia,F,Filip Helander,filip_helander.php,14,Defensor
1370,2018,Suecia,F,Emil Krafth,emil_krafth.php,16,Defensor
1371,2018,Suecia,F,Pontus Jansson,pontus_jansson.php,18,Defensor
1372,2018,Suecia,F,Sebastian Larsson,sebastian_larsson.php,7,Mediocampista
1373,2018,Suecia,F,Albin Ekdal,albin_ekdal.php,8,Mediocampista
1374,2018,Suecia,F,Emil Forsberg,emil_forsberg.php,10,Mediocampista
1375,2018,Suecia,F,Gustav Svensson,gustav_svensson.php,13,Mediocampista
1376,2018,Suecia,F,Oscar Hiljemark,oscar_hiljemark.php,15,Mediocampista
1377,2018,Suecia,F,Viktor Claesson,viktor_claesson.php,17,Mediocampista
1378,2018,Suecia,F,Marcus Rohdén,marcus_rohden.php,19,Mediocampista
1379,2018,Suecia,F,Jimmy Durmaz,jimmy_durmaz.php,21,Mediocampista
1380,2018,Suecia,F,Marcus Berg,marcus_berg.php,9,Delantero
1381,2018,Suecia,F,John Guidetti,john_guidetti.php,11,Delantero
1382,2018,Suecia,F,Ola Toivonen,ola_toivonen.php,20,Delantero
1383,2018,Suecia,F,Isaac Kiese Thelin,isaac_kiese_thelin.php,22,Delantero
1384,2018,Bélgica,G,Thibaut Courtois,thibaut_courtois.php,1,Arquero
1385,2018,Bélgica,G,Simon Mignolet,simon_mignolet.php,12,Arquero
1386,2018,Bélgica,G,Koen Casteels,koen_casteels.php,13,Arquero
1387,2018,Bélgica,G,Toby Alderweireld,toby_alderweireld.php,2,Defensor
1388,2018,Bélgica,G,Thomas Vermaelen,thomas_vermaelen.php,3,Defensor
1389,2018,Bélgica,G,Vincent Kompany,vincent_kompany.php,4,Defensor
1390,2018,Bélgica,G,Jan Vertonghen,jan_vertonghen.php,5,Defensor
1391,2018,Bélgica,G,Thomas Meunier,thomas_meunier.php,15,Defensor
1392,2018,Bélgica,G,Dedryck Boyata,dedryck_boyata.php,20,Defensor
1393,2018,Bélgica,G,Leander Dendoncker,leander_dendoncker.php,23,Defensor
1394,2018,Bélgica,G,Axel Witsel,axel_witsel.php,6,Mediocampista
1395,2018,Bélgica,G,Kevin De Bruyne,kevin_de_bruyne.php,7,Mediocampista
1396,2018,Bélgica,G,Marouane Fellaini,marouane_fellaini.php,8,Mediocampista
1397,2018,Bélgica,G,Yannick Carrasco,yannick_carrasco.php,11,Mediocampista
1398,2018,Bélgica,G,Thorgan Hazard,thorgan_hazard.php,16,Mediocampista
1399,2018,Bélgica,G,Youri Tielemans,youri_tielemans.php,17,Mediocampista
1400,2018,Bélgica,G,Mousa Dembélé,mousa_dembele.php,19,Mediocampista
1401,2018,Bélgica,G,Nacer Chadli,nacer_chadli.php,22,Mediocampista
1402,2018,Bélgica,G,Romelu Lukaku,romelu_lukaku.php,9,Delantero
1403,2018,Bélgica,G,Eden Hazard,eden_hazard.php,10,Delantero
1404,2018,Bélgica,G,Dries Mertens,dries_mertens.php,14,Delantero
1405,2018,Bélgica,G,Adnan Januzaj,adnan_januzaj.php,18,Delantero
1406,2018,Bélgica,G,Michy Batshuayi,michy_batshuayi.php,21,Delantero
1407,2018,Inglaterra,G,Jordan Pickford,jordan_pickford.php,1,Arquero
1408,2018,Inglaterra,G,Jack Butland,jack_butland.php,13,Arquero
1409,2018,Inglaterra,G,Nick Pope,nick_pope.php,23,Arquero
1410,2018,Inglaterra,G,Kyle Walker,kyle_walker.php,2,Defensor
1411,2018,Inglaterra,G,Danny Rose,danny_rose.php,3,Defensor
1412,2018,Inglaterra,G,John Stones,john_stones.php,5,Defensor
1413,2018,Inglaterra,G,Harry Maguire,harry_maguire.php,6,Defensor
1414,2018,Inglaterra,G,Kieran Trippier,kieran_trippier.php,12,Defensor
1415,2018,Inglaterra,G,Gary Cahill,gary_cahill.php,15,Defensor
1416,2018,Inglaterra,G,Phil Jones,phil_jones.php,16,Defensor
1417,2018,Inglaterra,G,Fabian Delph,fabian_delph.php,17,Defensor
1418,2018,Inglaterra,G,Ashley Young,ashley_young.php,18,Defensor
1419,2018,Inglaterra,G,Trent Alexander-Arnold,trent_alexander_arnold.php,22,Defensor
1420,2018,Inglaterra,G,Eric Dier,eric_dier.php,4,Mediocampista
1421,2018,Inglaterra,G,Jesse Lingard,jesse_lingard.php,7,Mediocampista
1422,2018,Inglaterra,G,Jordan Henderson,jordan_henderson.php,8,Mediocampista
1423,2018,Inglaterra,G,Dele Alli,dele_alli.php,20,Mediocampista
1424,2018,Inglaterra,G,Ruben Loftus-Cheek,ruben_loftus_cheek.php,21,Mediocampista
1425,2018,Inglaterra,G,Harry Kane,harry_kane.php,9,Delantero
1426,2018,Inglaterra,G,Raheem Sterling,raheem_sterling.php,10,Delantero
1427,2018,Inglaterra,G,Jamie Vardy,jamie_vardy.php,11,Delantero
1428,2018,Inglaterra,G,Danny Welbeck,danny_welbeck.php,14,Delantero
1429,2018,Inglaterra,G,Marcus Rashford,marcus_rashford.php,19,Delantero
1430,2018,Panamá,G,Jaime Penedo,jaime_penedo.php,1,Arquero
1431,2018,Panamá,G,José Calderón,jose_calderon.php,12,Arquero
1432,2018,Panamá,G,Álex Rodríguez,alex_rodriguez.php,22,Arquero
1433,2018,Panamá,G,Michael Amir Murillo,michael_amir_murillo.php,2,Defensor
1434,2018,Panamá,G,Harold Cummings,harold_cummings.php,3,Defensor
1435,2018,Panamá,G,Fidel Escobar,fidel_escobar.php,4,Defensor
1436,2018,Panamá,G,Román Torres,roman_torres.php,5,Defensor
1437,2018,Panamá,G,Adolfo Machado,adolfo_machado.php,13,Defensor
1438,2018,Panamá,G,Erick Davis,erick_davis.php,15,Defensor
1439,2018,Panamá,G,Luis Ovalle,luis_ovalle.php,17,Defensor
1440,2018,Panamá,G,Felipe Baloy,felipe_baloy.php,23,Defensor
1441,2018,Panamá,G,Gabriel Enrique Gómez,gabriel_enrique_gomez.php,6,Mediocampista
1442,2018,Panamá,G,Édgar Joel Bárcenas,edgar_joel_barcenas.php,8,Mediocampista
1443,2018,Panamá,G,Armando Cooper,armando_cooper.php,11,Mediocampista
1444,2018,Panamá,G,Valentín Pimentel,valentin_pimentel.php,14,Mediocampista
1445,2018,Panamá,G,Ricardo Ávila,ricardo_avila.php,19,Mediocampista
1446,2018,Panamá,G,Aníbal Godoy,anibal_godoy.php,20,Mediocampista
1447,2018,Panamá,G,José Luis Rodríguez,jose_luis_rodriguez.php,21,Mediocampista
1448,2018,Panamá,G,Blas Pérez,blas_perez.php,7,Delantero
1449,2018,Panamá,G,Gabriel Torres,gabriel_torres.php,9,Delantero
1450,2018,Panamá,G,Ismael Díaz,ismael_diaz.php,10,Delantero
1451,2018,Panamá,G,Abdiel Arroyo,abdiel_arroyo.php,16,Delantero
1452,2018,Panamá,G,Luis Tejada,luis_tejada.php,18,Delantero
1453,2018,Túnez,G,Farouk Ben Mustapha,farouk_ben_mustapha.php,1,Arquero
1454,2018,Túnez,G,Aymen Mathlouthi,aymen_mathlouthi.php,16,Arquero
1455,2018,Túnez,G,Mouez Hassen,mouez_hassen.php,22,Arquero
1456,2018,Túnez,G,Syam Ben Youssef,syam_ben_youssef.php,2,Defensor
1457,2018,Túnez,G,Yohan Benalouane,yohan_benalouane.php,3,Defensor
1458,2018,Túnez,G,Yassine Meriah,yassine_meriah.php,4,Defensor
1459,2018,Túnez,G,Oussama Haddadi,oussama_haddadi.php,5,Defensor
1460,2018,Túnez,G,Rami Bedoui,rami_bedoui.php,6,Defensor
1461,2018,Túnez,G,Dylan Bronn,dylan_bronn.php,11,Defensor
1462,2018,Túnez,G,Ali Maâloul,ali_maaloul.php,12,Defensor
1463,2018,Túnez,G,Hamdi Nagguez,hamdi_nagguez.php,21,Defensor
1464,2018,Túnez,G,Anice Badri,anice_badri.php,9,Mediocampista
1465,2018,Túnez,G,Ferjani Sassi,ferjani_sassi.php,13,Mediocampista
1466,2018,Túnez,G,Mohamed Amine Ben Amor,mohamed_ben_amor.php,14,Mediocampista
1467,2018,Túnez,G,Ellyes Skhiri,ellyes_skhiri.php,17,Mediocampista
1468,2018,Túnez,G,Saîf-Eddine Khaoui,saif_eddine_khaoui.php,7,Delantero
1469,2018,Túnez,G,Fakhreddine Ben Youssef,fakhreddine_ben_youssef.php,8,Delantero
1470,2018,Túnez,G,Wahbi Khazri,wahbi_khazri.php,10,Delantero
1471,2018,Túnez,G,Ahmed Khalil,ahmed_khalil.php,15,Delantero
1472,2018,Túnez,G,Bassem Srarfi,bassem_srarfi.php,18,Delantero
1473,2018,Túnez,G,Saber Khalifa,saber_khalifa.php,19,Delantero
1474,2018,Túnez,G,Ghailene Chaalali,ghailene_chaalali.php,20,Delantero
1475,2018,Túnez,G,Naïm Sliti,naim_sliti.php,23,Delantero
1476,2018,Colombia,H,David Ospina,david_ospina.php,1,Arquero
1477,2018,Colombia,H,Camilo Vargas,camilo_vargas.php,12,Arquero
1478,2018,Colombia,H,José Fernando Cuadrado,jose_fernando_cuadrado.php,22,Arquero
1479,2018,Colombia,H,Cristian Zapata,cristian_zapata.php,2,Defensor
1480,2018,Colombia,H,Óscar Murillo,oscar_murillo.php,3,Defensor
1481,2018,Colombia,H,Santiago Arias,santiago_arias.php,4,Defensor
1482,2018,Colombia,H,Yerry Mina,yerry_mina.php,13,Defensor
1483,2018,Colombia,H,Johan Mojica,johan_mojica.php,17,Defensor
1484,2018,Colombia,H,Farid Díaz,farid_diaz.php,18,Defensor
1485,2018,Colombia,H,Dávinson Sánchez,davinson_sanchez.php,23,Defensor
1486,2018,Colombia,H,Wílmar Barrios,wilmar_barrios.php,5,Mediocampista
1487,2018,Colombia,H,Carlos Sánchez,carlos_sanchez.php,6,Mediocampista
1488,2018,Colombia,H,Abel Aguilar,abel_aguilar.php,8,Mediocampista
1489,2018,Colombia,H,James Rodríguez,james_rodriguez.php,10,Mediocampista
1490,2018,Colombia,H,Juan Guillermo Cuadrado,juan_guillermo_cuadrado.php,11,Mediocampista
1491,2018,Colombia,H,Mateus Uribe,mateus_uribe.php,15,Mediocampista
1492,2018,Colombia,H,Jefferson Lerma,jefferson_lerma.php,16,Mediocampista
1493,2018,Colombia,H,Juan Quintero,juan_quintero.php,20,Mediocampista
1494,2018,Colombia,H,Carlos Bacca,carlos_bacca.php,7,Delantero
1495,2018,Colombia,H,Radamel Falcao,radamel_falcao.php,9,Delantero
1496,2018,Colombia,H,Luis Muriel,luis_muriel.php,14,Delantero
1497,2018,Colombia,H,Miguel Borja,miguel_borja.php,19,Delantero
1498,2018,Colombia,H,José Izquierdo,jose_izquierdo.php,21,Delantero
1499,2018,Japón,H,Eiji Kawashima,eiji_kawashima.php,1,Arquero
1500,2018,Japón,H,Masaaki Higashiguchi,masaaki_higashiguchi.php,12,Arquero
1501,2018,Japón,H,Kosuke Nakamura,kosuke_nakamura.php,23,Arquero
1502,2018,Japón,H,Naomichi Ueda,naomichi_ueda.php,2,Defensor
1503,2018,Japón,H,Gen Shoji,gen_shoji.php,3,Defensor
1504,2018,Japón,H,Yuto Nagatomo,yuto_nagatomo.php,5,Defensor
1505,2018,Japón,H,Wataru Endo,wataru_endo.php,6,Defensor
1506,2018,Japón,H,Hiroki Sakai,hiroki_sakai.php,19,Defensor
1507,2018,Japón,H,Tomoaki Makino,tomoaki_makino.php,20,Defensor
1508,2018,Japón,H,Gotoku Sakai,gotoku_sakai.php,21,Defensor
1509,2018,Japón,H,Maya Yoshida,maya_yoshida.php,22,Defensor
1510,2018,Japón,H,Keisuke Honda,keisuke_honda.php,4,Mediocampista
1511,2018,Japón,H,Gaku Shibasaki,gaku_shibasaki.php,7,Mediocampista
1512,2018,Japón,H,Genki Haraguchi,genki_haraguchi.php,8,Mediocampista
1513,2018,Japón,H,Shinji Kagawa,shinji_kagawa.php,10,Mediocampista
1514,2018,Japón,H,Takashi Usami,takashi_usami.php,11,Mediocampista
1515,2018,Japón,H,Takashi Inui,takashi_inui.php,14,Mediocampista
1516,2018,Japón,H,Hotaru Yamaguchi,hotaru_yamaguchi.php,16,Mediocampista
1517,2018,Japón,H,Makoto Hasebe,makoto_hasebe.php,17,Mediocampista
1518,2018,Japón,H,Ryota Oshima,ryota_oshima.php,18,Mediocampista
1519,2018,Japón,H,Shinji Okazaki,shinji_okazaki.php,9,Delantero
1520,2018,Japón,H,Yoshinori Muto,yoshinori_muto.php,13,Delantero
1521,2018,Japón,H,Yuya Osako,yuya_osako.php,15,Delantero
1522,2018,Polonia,H,Wojciech Szczęsny,wojciech_szczesny.php,1,Arquero
1523,2018,Polonia,H,Bartosz Białkowski,bartosz_bialkowski.php,12,Arquero
1524,2018,Polonia,H,Lukasz Fabianski,lukasz_fabianski.php,22,Arquero
1525,2018,Polonia,H,Michał Pazdan,michal_pazdan.php,2,Defensor
1526,2018,Polonia,H,Artur Jędrzejczyk,artur_jedrzejczyk.php,3,Defensor
1527,2018,Polonia,H,Thiago Cionek,thiago_cionek.php,4,Defensor
1528,2018,Polonia,H,Jan Bednarek,jan_bednarek.php,5,Defensor
1529,2018,Polonia,H,Kamil Glik,kamil_glik.php,15,Defensor
1530,2018,Polonia,H,Bartosz Bereszyński,bartosz_bereszynski.php,18,Defensor
1531,2018,Polonia,H,Lukasz Piszczek,lukasz_piszczek.php,20,Defensor
1532,2018,Polonia,H,Jacek Góralski,jacek_goralski.php,6,Mediocampista
1533,2018,Polonia,H,Karol Linetty,karol_linetty.php,8,Mediocampista
1534,2018,Polonia,H,Grzegorz Krychowiak,grzegorz_krychowiak.php,10,Mediocampista
1535,2018,Polonia,H,Kamil Grosicki,kamil_grosicki.php,11,Mediocampista
1536,2018,Polonia,H,Maciej Rybus,maciej_rybus.php,13,Mediocampista
1537,2018,Polonia,H,Jakub Błaszczykowski,jakub_blaszczykowski.php,16,Mediocampista
1538,2018,Polonia,H,Sławomir Peszko,slawomir_peszko.php,17,Mediocampista
1539,2018,Polonia,H,Piotr Zieliński,piotr_zielinski.php,19,Mediocampista
1540,2018,Polonia,H,Rafał Kurzawa,rafal_kurzawa.php,21,Mediocampista
1541,2018,Polonia,H,Arkadiusz Milik,arkadiusz_milik.php,7,Delantero
1542,2018,Polonia,H,Robert Lewandowski,robert_lewandowski.php,9,Delantero
1543,2018,Polonia,H,Lukasz Teodorczyk,lukasz_teodorczyk.php,14,Delantero
1544,2018,Polonia,H,Dawid Kownacki,dawid_kownacki.php,23,Delantero
1545,2018,Senegal,H,Abdoulaye Diallo,abdoulaye_diallo.php,1,Arquero
1546,2018,Senegal,H,Khadim N'Diaye,khadim_ndiaye.php,16,Arquero
1547,2018,Senegal,H,Alfred Gomis,alfred_gomis.php,23,Arquero
1548,2018,Senegal,H,Adama Mbengué,adama_mbengue.php,2,Defensor
1549,2018,Senegal,H,Kalidou Koulibaly,kalidou_koulibaly.php,3,Defensor
1550,2018,Senegal,H,Kara Mbodji,kara_mbodji.php,4,Defensor
1551,2018,Senegal,H,Youssouf Sabaly,youssouf_sabaly.php,12,Defensor
1552,2018,Senegal,H,Lamine Gassama,lamine_gassama.php,21,Defensor
1553,2018,Senegal,H,Moussa Wagué,moussa_wague.php,22,Defensor
1554,2018,Senegal,H,Idrissa Gana Gueye,idrissa_gueye.php,5,Mediocampista
1555,2018,Senegal,H,Salif Sané,salif_sane.php,6,Mediocampista
1556,2018,Senegal,H,Cheikhou Kouyaté,cheikhou_kouyate.php,8,Mediocampista
1557,2018,Senegal,H,Cheikh N'Doye,cheikh_ndoye.php,11,Mediocampista
1558,2018,Senegal,H,Alfred N'Diaye,alfred_ndiaye.php,13,Mediocampista
1559,2018,Senegal,H,Badou N'Diaye,badou_ndiaye.php,17,Mediocampista
1560,2018,Senegal,H,Moussa Sow,moussa_sow.php,7,Delantero
1561,2018,Senegal,H,Mame Biram Diouf,mame_biram_diouf.php,9,Delantero
1562,2018,Senegal,H,Sadio Mané,sadio_mane.php,10,Delantero
1563,2018,Senegal,H,Moussa Konaté,moussa_konate.php,14,Delantero
1564,2018,Senegal,H,Diafra Sakho,diafra_sakho.php,15,Delantero
1565,2018,Senegal,H,Ismaïla Sarr,ismaila_sarr.php,18,Delantero
1566,2018,Senegal,H,M'Baye Niang,mbaye_niang.php,19,Delantero
1567,2018,Senegal,H,Keita Baldé,keita_balde.php,20,Delantero
1568,2014,Brasil,A,Jefferson,jefferson.php,1,Arquero
1569,2014,Brasil,A,Julio Cesar,julio_cesar_2.php,12,Arquero
1570,2014,Brasil,A,Victor,victor_2.php,22,Arquero
1571,2014,Brasil,A,Dani Alves,dani_alves.php,2,Defensor
1572,2014,Brasil,A,Thiago Silva,thiago_silva.php,3,Defensor
1573,2014,Brasil,A,David Luiz,david_luiz.php,4,Defensor
1574,2014,Brasil,A,Marcelo,marcelo.php,6,Defensor
1575,2014,Brasil,A,Dante,dante.php,13,Defensor
1576,2014,Brasil,A,Maxwell,maxwell.php,14,Defensor
1577,2014,Brasil,A,Henrique,henrique.php,15,Defensor
1578,2014,Brasil,A,Maicon,maicon.php,23,Defensor
1579,2014,Brasil,A,Fernandinho,fernandinho.php,5,Mediocampista
1580,2014,Brasil,A,Paulinho,paulinho_2.php,8,Mediocampista
1581,2014,Brasil,A,Oscar,oscar_2.php,11,Mediocampista
1582,2014,Brasil,A,Ramires,ramires.php,16,Mediocampista
1583,2014,Brasil,A,Luiz Gustavo,luiz_gustavo.php,17,Mediocampista
1584,2014,Brasil,A,Hernanes,hernanes.php,18,Mediocampista
1585,2014,Brasil,A,Willian,willian.php,19,Mediocampista
1586,2014,Brasil,A,Bernard,bernard.php,20,Mediocampista
1587,2014,Brasil,A,Hulk,hulk.php,7,Delantero
1588,2014,Brasil,A,Fred,fred.php,9,Delantero
1589,2014,Brasil,A,Neymar Jr.,neymar.php,10,Delantero
1590,2014,Brasil,A,Jo,jo.php,21,Delantero
1591,2014,Camerún,A,Loïc Feudjou,loic_feudjou.php,1,Arquero
1592,2014,Camerún,A,Charles Itandje,charles_itandje.php,16,Arquero
1593,2014,Camerún,A,Sammy Ndjock,sammy_ndjock.php,23,Arquero
1594,2014,Camerún,A,Benoit Assou-Ekotto,benoit_assou_ekotto.php,2,Defensor
1595,2014,Camerún,A,Nicolas Nkoulou,nicolas_nkoulou.php,3,Defensor
1596,2014,Camerún,A,Cedric Djeugoue,cedric_djeugoue.php,4,Defensor
1597,2014,Camerún,A,Dany Nounkeu,dany_nounkeu.php,5,Defensor
1598,2014,Camerún,A,Henri Bedimo,henri_bedimo.php,12,Defensor
1599,2014,Camerún,A,Aurelien Chedjou,aurelien_chedjou.php,14,Defensor
1600,2014,Camerún,A,Stephane Mbia,stephane_mbia.php,17,Defensor
1601,2014,Camerún,A,Nyom,nyom.php,22,Defensor
1602,2014,Camerún,A,Alexandre Song,alexandre_song.php,6,Mediocampista
1603,2014,Camerún,A,Landry N'Guémo,landry_nguemo.php,7,Mediocampista
1604,2014,Camerún,A,Jean Makoun,jean_makoun.php,11,Mediocampista
1605,2014,Camerún,A,Eyong Enoh,eyong_enoh.php,18,Mediocampista
1606,2014,Camerún,A,Joel Matip,joel_matip.php,21,Mediocampista
1607,2014,Camerún,A,Benjamin Moukandjo,benjamin_moukandjo.php,8,Delantero
1608,2014,Camerún,A,Samuel Eto'o,samuel_etoo.php,9,Delantero
1609,2014,Camerún,A,Vincent Aboubakar,vincent_aboubakar.php,10,Delantero
1610,2014,Camerún,A,Eric Maxim Choupo Moting,eric_choupo_moting.php,13,Delantero
1611,2014,Camerún,A,Pierre Webo,pierre_webo.php,15,Delantero
1612,2014,Camerún,A,Fabrice Olinga,fabrice.php,19,Delantero
1613,2014,Camerún,A,Edgar Salli,edgar_salli.php,20,Delantero
1614,2014,Croacia,A,Stipe Pletikosa,stipe_pletikosa.php,1,Arquero
1615,2014,Croacia,A,Oliver Zelenika,oliver_zelenika.php,12,Arquero
1616,2014,Croacia,A,Danijel Subasic,danijel_subasic.php,23,Arquero
1617,2014,Croacia,A,Sime Vrsaljko,sime_vrsaljko.php,2,Defensor
1618,2014,Croacia,A,Danijel Pranjic,danijel_pranjic.php,3,Defensor
1619,2014,Croacia,A,Vedran Corluka,vedran_corluka.php,5,Defensor
1620,2014,Croacia,A,Dejan Lovren,dejan_lovren.php,6,Defensor
1621,2014,Croacia,A,Darijo Srna,darijo_srna.php,11,Defensor
1622,2014,Croacia,A,Gordon Schildenfeld,gordon_schildenfeld.php,13,Defensor
1623,2014,Croacia,A,Domagoj Vida,domagoj_vida.php,21,Defensor
1624,2014,Croacia,A,Ivan Perisic,ivan_perisic.php,4,Mediocampista
1625,2014,Croacia,A,Ivan Rakitic,ivan_rakitic.php,7,Mediocampista
1626,2014,Croacia,A,Ognjen Vukojevic,ognjen_vukojevic.php,8,Mediocampista
1627,2014,Croacia,A,Luka Modric,luka_modric.php,10,Mediocampista
1628,2014,Croacia,A,Marcelo Brozovic,marcelo_brozovic.php,14,Mediocampista
1629,2014,Croacia,A,Milan Badelj,milan_badelj.php,15,Mediocampista
1630,2014,Croacia,A,Sammir,sammir.php,19,Mediocampista
1631,2014,Croacia,A,Mateo Kovacic,mateo_kovacic.php,20,Mediocampista
1632,2014,Croacia,A,Nikica Jelavic,nikica_jelavic.php,9,Delantero
1633,2014,Croacia,A,Ante Rebic,ante_rebic.php,16,Delantero
1634,2014,Croacia,A,Mario Mandzukic,mario_mandzukic.php,17,Delantero
1635,2014,Croacia,A,Ivica Olic,ivica_olic.php,18,Delantero
1636,2014,Croacia,A,Eduardo,eduardo_2.php,22,Delantero
1637,2014,México,A,José de Jesús Corona,jesus_corona.php,1,Arquero
1638,2014,México,A,Alfredo Talavera,alfredo_talavera.php,12,Arquero
1639,2014,México,A,Guillermo Ochoa,guillermo_ochoa.php,13,Arquero
1640,2014,México,A,Francisco Rodriguez,francisco_rodriguez.php,2,Defensor
1641,2014,México,A,Carlos Salcido,carlos_salcido.php,3,Defensor
1642,2014,México,A,Rafael Marquez,rafael_marquez.php,4,Defensor
1643,2014,México,A,Diego Reyes,diego_reyes.php,5,Defensor
1644,2014,México,A,Miguel Layún,miguel_layun.php,7,Defensor
1645,2014,México,A,Hector Moreno,hector_moreno.php,15,Defensor
1646,2014,México,A,Miguel Ponce,miguel_ponce.php,16,Defensor
1647,2014,México,A,Paul Aguilar,paul_aguilar.php,22,Defensor
1648,2014,México,A,Héctor Herrera,hector_herrera.php,6,Mediocampista
1649,2014,México,A,Marco Fabián,marco_fabian.php,8,Mediocampista
1650,2014,México,A,Giovani dos Santos,giovani_dos_santos.php,10,Mediocampista
1651,2014,México,A,Isaác Brizuela,isaac_brizuela.php,17,Mediocampista
1652,2014,México,A,Andres Guardado,andres_guardado.php,18,Mediocampista
1653,2014,México,A,Javier Aquino,javier_aquino.php,20,Mediocampista
1654,2014,México,A,Carlos Peña,carlos_pena.php,21,Mediocampista
1655,2014,México,A,José Juan Vázquez,jose_juan_vazquez.php,23,Mediocampista
1656,2014,México,A,Raúl Jiménez,raul_jimenez.php,9,Delantero
1657,2014,México,A,Alan Pulido,alan_pulido.php,11,Delantero
1658,2014,México,A,Javier Hernandez,javier_hernandez.php,14,Delantero
1659,2014,México,A,Oribe Peralta,oribe_peralta.php,19,Delantero
1660,2014,Australia,B,Mathew Ryan,mathew_ryan.php,1,Arquero
1661,2014,Australia,B,Mitchell Langerak,mitchell_langerak.php,12,Arquero
1662,2014,Australia,B,Eugene Galekovic,eugene_galekovic.php,18,Arquero
1663,2014,Australia,B,Ivan Franjic,ivan_franjic.php,2,Defensor
1664,2014,Australia,B,Jason Davidson,jason_davidson.php,3,Defensor
1665,2014,Australia,B,Matthew Spiranovic,matthew_spiranovic.php,6,Defensor
1666,2014,Australia,B,Bailey Wright,bailey_wright.php,8,Defensor
1667,2014,Australia,B,Ryan McGowan,ryan_mcgowan.php,19,Defensor
1668,2014,Australia,B,Alex Wilkinson,alex_wilkinson.php,22,Defensor
1669,2014,Australia,B,Mark Milligan,mark_milligan.php,5,Mediocampista
1670,2014,Australia,B,Ben Halloran,ben_halloran.php,10,Mediocampista
1671,2014,Australia,B,Tommy Oar,tommy_oar.php,11,Mediocampista
1672,2014,Australia,B,Oliver Bozanic,oliver_bozanic.php,13,Mediocampista
1673,2014,Australia,B,James Troisi,james_troisi.php,14,Mediocampista
1674,2014,Australia,B,Mile Jedinak,mile_jedinak.php,15,Mediocampista
1675,2014,Australia,B,James Holland,james_holland.php,16,Mediocampista
1676,2014,Australia,B,Matt McKay,matt_mckay.php,17,Mediocampista
1677,2014,Australia,B,Dario Vidosic,dario_vidosic.php,20,Mediocampista
1678,2014,Australia,B,Massimo Luongo,massimo_luongo.php,21,Mediocampista
1679,2014,Australia,B,Mark Bresciano,marco_bresciano.php,23,Mediocampista
1680,2014,Australia,B,Tim Cahill,tim_cahill.php,4,Delantero
1681,2014,Australia,B,Mathew Leckie,mathew_leckie.php,7,Delantero
1682,2014,Australia,B,Adam Taggart,adam_taggart.php,9,Delantero
1683,2014,Chile,B,Claudio Bravo,claudio_bravo.php,1,Arquero
1684,2014,Chile,B,Cristopher Toselli,cristopher_toselli.php,12,Arquero
1685,2014,Chile,B,Johnny Herrera,johnny_herrera.php,23,Arquero
1686,2014,Chile,B,Eugenio Mena,eugenio_mena.php,2,Defensor
1687,2014,Chile,B,Miiko Albornoz,miiko_albornoz.php,3,Defensor
1688,2014,Chile,B,Mauricio Isla,mauricio_isla.php,4,Defensor
1689,2014,Chile,B,José Rojas,jose_rojas.php,13,Defensor
1690,2014,Chile,B,Gary Medel,gary_medel.php,17,Defensor
1691,2014,Chile,B,Gonzalo Jara,gonzalo_jara.php,18,Defensor
1692,2014,Chile,B,Francisco Silva,francisco_silva.php,5,Mediocampista
1693,2014,Chile,B,Carlos Carmona,carlos_carmona.php,6,Mediocampista
1694,2014,Chile,B,Arturo Vidal,arturo_vidal.php,8,Mediocampista
1695,2014,Chile,B,Jorge Valdivia,jorge_valdivia.php,10,Mediocampista
1696,2014,Chile,B,Jean Beausejour,jean_beausejour.php,15,Mediocampista
1697,2014,Chile,B,Felipe Gutierrez,felipe_gutierrez.php,16,Mediocampista
1698,2014,Chile,B,José Fuenzalida,jose_fuenzalida.php,19,Mediocampista
1699,2014,Chile,B,Charles Aránguiz,charles_aranguiz.php,20,Mediocampista
1700,2014,Chile,B,Marcelo Díaz,marcelo_diaz.php,21,Mediocampista
1701,2014,Chile,B,Alexis Sanchez,alexis_sanchez.php,7,Delantero
1702,2014,Chile,B,Mauricio Pinilla,mauricio_pinilla.php,9,Delantero
1703,2014,Chile,B,Eduardo Vargas,eduardo_vargas.php,11,Delantero
1704,2014,Chile,B,Fabian Orellana,fabian_orellana.php,14,Delantero
1705,2014,Chile,B,Esteban Paredes,esteban_paredes.php,22,Delantero
1706,2014,España,B,Iker Casillas,iker_casillas.php,1,Arquero
1707,2014,España,B,David de Gea,david_de_gea.php,12,Arquero
1708,2014,España,B,Pepe Reina,pepe_reina.php,23,Arquero
1709,2014,España,B,Raul Albiol,raul_albiol.php,2,Defensor
1710,2014,España,B,Gerard Piqué,gerard_pique.php,3,Defensor
1711,2014,España,B,Juanfran,juanfran.php,5,Defensor
1712,2014,España,B,Sergio Ramos,sergio_ramos.php,15,Defensor
1713,2014,España,B,Jordi Alba,jordi_alba.php,18,Defensor
1714,2014,España,B,César Azpilicueta,cesar_azpilicueta.php,22,Defensor
1715,2014,España,B,Javi Martinez,javier_martinez.php,4,Mediocampista
1716,2014,España,B,Andrés Iniesta,andres_iniesta.php,6,Mediocampista
1717,2014,España,B,Xavi,xavi.php,8,Mediocampista
1718,2014,España,B,Cesc Fabregas,cesc_fabregas.php,10,Mediocampista
1719,2014,España,B,Xabi Alonso,xabi_alonso.php,14,Mediocampista
1720,2014,España,B,Sergio Busquets,sergio_busquets.php,16,Mediocampista
1721,2014,España,B,Koke,koke.php,17,Mediocampista
1722,2014,España,B,Santiago Cazorla,santiago_cazorla.php,20,Mediocampista
1723,2014,España,B,David Silva,david_silva.php,21,Mediocampista
1724,2014,España,B,David Villa,david_villa.php,7,Delantero
1725,2014,España,B,Fernando Torres,fernando_torres.php,9,Delantero
1726,2014,España,B,Pedro,pedro.php,11,Delantero
1727,2014,España,B,Juan Mata,juan_manuel_mata.php,13,Delantero
1728,2014,España,B,Diego Costa,diego_costa.php,19,Delantero
1729,2014,Paises Bajos,B,Jasper Cillessen,jasper_cillessen.php,1,Arquero
1730,2014,Paises Bajos,B,Michel Vorm,michel_vorm.php,22,Arquero
1731,2014,Paises Bajos,B,Tim Krul,tim_krul.php,23,Arquero
1732,2014,Paises Bajos,B,Ron Vlaar,ron_vlaar.php,2,Defensor
1733,2014,Paises Bajos,B,Stefan de Vrij,stefan_de_vrij.php,3,Defensor
1734,2014,Paises Bajos,B,Bruno Martins Indi,bruno_martins_indi.php,4,Defensor
1735,2014,Paises Bajos,B,Daley Blind,daley_blind.php,5,Defensor
1736,2014,Paises Bajos,B,Daryl Janmaat,daryl_janmaat.php,7,Defensor
1737,2014,Paises Bajos,B,Paul Verhaegh,paul_verhaegh.php,12,Defensor
1738,2014,Paises Bajos,B,Joël Veltman,joel_veltman.php,13,Defensor
1739,2014,Paises Bajos,B,Terence Kongolo,terence_kongolo.php,14,Defensor
1740,2014,Paises Bajos,B,Nigel De Jong,nigel_de_jong.php,6,Mediocampista
1741,2014,Paises Bajos,B,Jonathan de Guzmán,jonathan_de_guzman.php,8,Mediocampista
1742,2014,Paises Bajos,B,Wesley Sneijder,wesley_sneijder.php,10,Mediocampista
1743,2014,Paises Bajos,B,Jordy Clasie,jordy_clasie.php,16,Mediocampista
1744,2014,Paises Bajos,B,Leroy Fer,leroy_fer.php,18,Mediocampista
1745,2014,Paises Bajos,B,Georginio Wijnaldum,georginio_wijnaldum.php,20,Mediocampista
1746,2014,Paises Bajos,B,Robin Van Persie,robin_van_persie.php,9,Delantero
1747,2014,Paises Bajos,B,Arjen Robben,arjen_robben.php,11,Delantero
1748,2014,Paises Bajos,B,Dirk Kuyt,dirk_kuyt.php,15,Delantero
1749,2014,Paises Bajos,B,Jeremain Lens,jeremain_lens.php,17,Delantero
1750,2014,Paises Bajos,B,Klaas Jan Huntelaar,klaas_jan_huntelaar.php,19,Delantero
1751,2014,Paises Bajos,B,Memphis Depay,memphis_depay.php,21,Delantero
1752,2014,Colombia,C,David Ospina,david_ospina.php,1,Arquero
1753,2014,Colombia,C,Camilo Vargas,camilo_vargas.php,12,Arquero
1754,2014,Colombia,C,Farid Mondragon,farid_mondragon.php,22,Arquero
1755,2014,Colombia,C,Cristian Zapata,cristian_zapata.php,2,Defensor
1756,2014,Colombia,C,Mario Yepes,mario_yepes.php,3,Defensor
1757,2014,Colombia,C,Santiago Arias,santiago_arias.php,4,Defensor
1758,2014,Colombia,C,Pablo Armero,pablo_armero.php,7,Defensor
1759,2014,Colombia,C,Eder Alvarez Balanta,eder_alvarez_balanta.php,16,Defensor
1760,2014,Colombia,C,Juan Zuñiga,juan_zuniga.php,18,Defensor
1761,2014,Colombia,C,Carlos Valdés,carlos_valdes.php,23,Defensor
1762,2014,Colombia,C,Carlos Carbonero,carlos_carbonero.php,5,Mediocampista
1763,2014,Colombia,C,Carlos Sánchez,carlos_sanchez.php,6,Mediocampista
1764,2014,Colombia,C,Abel Aguilar,abel_aguilar.php,8,Mediocampista
1765,2014,Colombia,C,James Rodríguez,james_rodriguez.php,10,Mediocampista
1766,2014,Colombia,C,Juan Guillermo Cuadrado,juan_guillermo_cuadrado.php,11,Mediocampista
1767,2014,Colombia,C,Fredy Guarín,fredy_guarin.php,13,Mediocampista
1768,2014,Colombia,C,Víctor Ibarbo,victor_ibarbo.php,14,Mediocampista
1769,2014,Colombia,C,Alexander Mejía,alexander_mejia.php,15,Mediocampista
1770,2014,Colombia,C,Juan Quintero,juan_quintero.php,20,Mediocampista
1771,2014,Colombia,C,Teófilo Gutiérrez,teofilo_gutierrez.php,9,Delantero
1772,2014,Colombia,C,Carlos Bacca,carlos_bacca.php,17,Delantero
1773,2014,Colombia,C,Adrián Ramos,adrian_ramos.php,19,Delantero
1774,2014,Colombia,C,Jackson Martinez,jackson_martinez.php,21,Delantero
1775,2014,Costa de Marfil,C,Boubacar Barry,boubacar_barry.php,1,Arquero
1776,2014,Costa de Marfil,C,Sylvain Gbohouo,sylvain_gbohouo.php,16,Arquero
1777,2014,Costa de Marfil,C,Sayouba Mandé,sayouba_mande.php,23,Arquero
1778,2014,Costa de Marfil,C,Ousmane Viera,ousmane_viera.php,2,Defensor
1779,2014,Costa de Marfil,C,Arthur Boka,arthur_boka.php,3,Defensor
1780,2014,Costa de Marfil,C,Kolo Toure,kolo_toure.php,4,Defensor
1781,2014,Costa de Marfil,C,Jean-Daniel Akpa-Akpro,jean_daniel_akpa_akpro.php,7,Defensor
1782,2014,Costa de Marfil,C,Serge Aurier,serge_aurier.php,17,Defensor
1783,2014,Costa de Marfil,C,Constant Djakpa,constant_djakpa.php,18,Defensor
1784,2014,Costa de Marfil,C,Souleymane Bamba,souleymane_bamba.php,22,Defensor
1785,2014,Costa de Marfil,C,Didier Zokora,didier_zokora.php,5,Mediocampista
1786,2014,Costa de Marfil,C,Mathis Bolly,mathis_bolly.php,6,Mediocampista
1787,2014,Costa de Marfil,C,Ismael Tiote,ismael_tiote.php,9,Mediocampista
1788,2014,Costa de Marfil,C,Ismael Diomande,ismael_diomande.php,14,Mediocampista
1789,2014,Costa de Marfil,C,Max Gradel,max_gradel.php,15,Mediocampista
1790,2014,Costa de Marfil,C,Yaya Toure,yaya_toure.php,19,Mediocampista
1791,2014,Costa de Marfil,C,Serey Die,serey_die.php,20,Mediocampista
1792,2014,Costa de Marfil,C,Salomon Kalou,salomon_kalou.php,8,Delantero
1793,2014,Costa de Marfil,C,Gervinho,gervinho.php,10,Delantero
1794,2014,Costa de Marfil,C,Didier Drogba,didier_drogba.php,11,Delantero
1795,2014,Costa de Marfil,C,Wilfried Bony,wilfried_bony.php,12,Delantero
1796,2014,Costa de Marfil,C,Didier Ya Konan,didier_ya_konan.php,13,Delantero
1797,2014,Costa de Marfil,C,Giovanni Sio,giovanni_sio.php,21,Delantero
1798,2014,Grecia,C,Orestis Karnezis,orestis_karnezis.php,1,Arquero
1799,2014,Grecia,C,Panagiotis Glykos,panagiotis_glykos.php,12,Arquero
1800,2014,Grecia,C,Stefanos Kapino,stefanos_kapino.php,13,Arquero
1801,2014,Grecia,C,Giorgios Tzavellas,giorgios_tzavellas.php,3,Defensor
1802,2014,Grecia,C,Kostas Manolas,kostas_manolas.php,4,Defensor
1803,2014,Grecia,C,Vangelis Moras,vangelis_moras.php,5,Defensor
1804,2014,Grecia,C,Loukas Vyntra,loukas_vyntra.php,11,Defensor
1805,2014,Grecia,C,Vasileios Torosidis,vasileios_torosidis.php,15,Defensor
1806,2014,Grecia,C,Sokratis Papastathopoulos,sokratis_papastathopoulos.php,19,Defensor
1807,2014,Grecia,C,José Holebas,jose_holebas.php,20,Defensor
1808,2014,Grecia,C,Giannis Maniatis,giannis_maniatis.php,2,Mediocampista
1809,2014,Grecia,C,Alexandros Tziolis,alexandros_tziolis.php,6,Mediocampista
1810,2014,Grecia,C,Panagiotis Kone,panagiotis_kone.php,8,Mediocampista
1811,2014,Grecia,C,Georgios Karagounis,georgios_karagounis.php,10,Mediocampista
1812,2014,Grecia,C,Lazaros Christodoulopoulos,lazaros_christodoulopoulos.php,16,Mediocampista
1813,2014,Grecia,C,Ioannis Fetfatzidis,ioannis_fetfatzidis.php,18,Mediocampista
1814,2014,Grecia,C,Konstantinos Katsouranis,konstantinos_katsouranis.php,21,Mediocampista
1815,2014,Grecia,C,Andreas Samaris,andreas_samaris.php,22,Mediocampista
1816,2014,Grecia,C,Panagiotis Tachtsidis,panagiotis_tachtsidis.php,23,Mediocampista
1817,2014,Grecia,C,Georgios Samaras,georgios_samaras.php,7,Delantero
1818,2014,Grecia,C,Kostas Mitroglou,kostas_mitroglou.php,9,Delantero
1819,2014,Grecia,C,Dimitrios Salpingidis,dimitrios_salpingidis.php,14,Delantero
1820,2014,Grecia,C,Theofanis Gekas,theofanis_gekas.php,17,Delantero
1821,2014,Japón,C,Eiji Kawashima,eiji_kawashima.php,1,Arquero
1822,2014,Japón,C,Shusaku Nishikawa,shusaku_nishikawa.php,12,Arquero
1823,2014,Japón,C,Shuichi Gonda,shuichi_gonda.php,23,Arquero
1824,2014,Japón,C,Atsuto Uchida,atsuto_uchida.php,2,Defensor
1825,2014,Japón,C,Gotoku Sakai,gotoku_sakai.php,3,Defensor
1826,2014,Japón,C,Yuto Nagatomo,yuto_nagatomo.php,5,Defensor
1827,2014,Japón,C,Masato Morishige,masato_morishige.php,6,Defensor
1828,2014,Japón,C,Toshihiro Aoyama,toshihiro_aoyama.php,14,Defensor
1829,2014,Japón,C,Yasuyuki Konno,yasuyuki_konno.php,15,Defensor
1830,2014,Japón,C,Masahiko Inoha,masahiko_inoha.php,19,Defensor
1831,2014,Japón,C,Hiroki Sakai,hiroki_sakai.php,21,Defensor
1832,2014,Japón,C,Maya Yoshida,maya_yoshida.php,22,Defensor
1833,2014,Japón,C,Yasuhito Endo,yasuhito_endo.php,7,Mediocampista
1834,2014,Japón,C,Hiroshi Kiyotake,hiroshi_kiyotake.php,8,Mediocampista
1835,2014,Japón,C,Shinji Kagawa,shinji_kagawa.php,10,Mediocampista
1836,2014,Japón,C,Hotaru Yamaguchi,hotaru_yamaguchi.php,16,Mediocampista
1837,2014,Japón,C,Makoto Hasebe,makoto_hasebe.php,17,Mediocampista
1838,2014,Japón,C,Keisuke Honda,keisuke_honda.php,4,Delantero
1839,2014,Japón,C,Shinji Okazaki,shinji_okazaki.php,9,Delantero
1840,2014,Japón,C,Yoichiro Kakitani,yoichiro_kakitani.php,11,Delantero
1841,2014,Japón,C,Yoshito Okubo,yoshito_okubo.php,13,Delantero
1842,2014,Japón,C,Yuya Osako,yuya_osako.php,18,Delantero
1843,2014,Japón,C,Manabu Saito,manabu_saito.php,20,Delantero
1844,2014,Costa Rica,D,Keylor Navas,keylor_navas.php,1,Arquero
1845,2014,Costa Rica,D,Patrick Pemberton,patrick_pemberton.php,18,Arquero
1846,2014,Costa Rica,D,Daniel Cambronero,daniel_cambronero.php,23,Arquero
1847,2014,Costa Rica,D,Johnny Acosta,johnny_acosta.php,2,Defensor
1848,2014,Costa Rica,D,Giancarlo Gonzalez,giancarlo_gonzalez.php,3,Defensor
1849,2014,Costa Rica,D,Michael Umaña,michael_umana.php,4,Defensor
1850,2014,Costa Rica,D,Óscar Duarte,oscar_duarte.php,6,Defensor
1851,2014,Costa Rica,D,David Myrie,david_myrie.php,8,Defensor
1852,2014,Costa Rica,D,Waylon Francis,waylon_francis.php,12,Defensor
1853,2014,Costa Rica,D,Júnior Díaz,junior_diaz.php,15,Defensor
1854,2014,Costa Rica,D,Cristian Gamboa,cristian_gamboa.php,16,Defensor
1855,2014,Costa Rica,D,Roy Miller,roy_miller.php,19,Defensor
1856,2014,Costa Rica,D,Celso Borges,celso_borges.php,5,Mediocampista
1857,2014,Costa Rica,D,Christian Bolaños,christian_bolanos.php,7,Mediocampista
1858,2014,Costa Rica,D,Michael Barrantes,michael_barrantes.php,11,Mediocampista
1859,2014,Costa Rica,D,Esteban Granados,esteban_granados.php,13,Mediocampista
1860,2014,Costa Rica,D,Yeltsin Tejeda,yeltsin_tejeda.php,17,Mediocampista
1861,2014,Costa Rica,D,Diego Calvo,diego_calvo.php,20,Mediocampista
1862,2014,Costa Rica,D,José Cubero,jose_cubero.php,22,Mediocampista
1863,2014,Costa Rica,D,Joel Campbell,joel_campbell.php,9,Delantero
1864,2014,Costa Rica,D,Bryan Ruiz,bryan_ruiz.php,10,Delantero
1865,2014,Costa Rica,D,Randall Brenes,randall_brenes.php,14,Delantero
1866,2014,Costa Rica,D,Marco Ureña,marcos_urena.php,21,Delantero
1867,2014,Inglaterra,D,Joe Hart,joe_hart.php,1,Arquero
1868,2014,Inglaterra,D,Ben Foster,ben_foster.php,13,Arquero
1869,2014,Inglaterra,D,Fraser Forster,fraser_forster.php,22,Arquero
1870,2014,Inglaterra,D,Glen Johnson,glen_johnson.php,2,Defensor
1871,2014,Inglaterra,D,Leighton Baines,leighton_baines.php,3,Defensor
1872,2014,Inglaterra,D,Gary Cahill,gary_cahill.php,5,Defensor
1873,2014,Inglaterra,D,Phil Jagielka,phil_jagielka.php,6,Defensor
1874,2014,Inglaterra,D,Chris Smalling,chris_smalling.php,12,Defensor
1875,2014,Inglaterra,D,Phil Jones,phil_jones.php,16,Defensor
1876,2014,Inglaterra,D,Luke Shaw,luke_shaw.php,23,Defensor
1877,2014,Inglaterra,D,Steven Gerrard,steven_gerrard.php,4,Mediocampista
1878,2014,Inglaterra,D,Jack Wilshere,jack_wilshere.php,7,Mediocampista
1879,2014,Inglaterra,D,Frank Lampard,frank_lampard.php,8,Mediocampista
1880,2014,Inglaterra,D,Jordan Henderson,jordan_henderson.php,14,Mediocampista
1881,2014,Inglaterra,D,Alex Oxlade-Chamberlain,alex_oxlade_chamberlain.php,15,Mediocampista
1882,2014,Inglaterra,D,James Milner,james_milner.php,17,Mediocampista
1883,2014,Inglaterra,D,Adam Lallana,adam_lallana.php,20,Mediocampista
1884,2014,Inglaterra,D,Ross Barkley,ross_barkley.php,21,Mediocampista
1885,2014,Inglaterra,D,Daniel Sturridge,daniel_sturridge.php,9,Delantero
1886,2014,Inglaterra,D,Wayne Rooney,wayne_rooney.php,10,Delantero
1887,2014,Inglaterra,D,Danny Welbeck,danny_welbeck.php,11,Delantero
1888,2014,Inglaterra,D,Rickie Lambert,rickie_lambert.php,18,Delantero
1889,2014,Inglaterra,D,Raheem Sterling,raheem_sterling.php,19,Delantero
1890,2014,Italia,D,Gianluigi Buffon,gianluigi_buffon.php,1,Arquero
1891,2014,Italia,D,Salvatore Sirigu,salvatore_sirigu.php,12,Arquero
1892,2014,Italia,D,Mattia Perin,mattia_perin.php,13,Arquero
1893,2014,Italia,D,Mattia De Sciglio,mattia_de_sciglio.php,2,Defensor
1894,2014,Italia,D,Giorgio Chiellini,giorgio_chiellini.php,3,Defensor
1895,2014,Italia,D,Matteo Darmian,matteo_darmian.php,4,Defensor
1896,2014,Italia,D,Ignazio Abate,ignazio_abate.php,7,Defensor
1897,2014,Italia,D,Andrea Barzagli,andrea_barzagli.php,15,Defensor
1898,2014,Italia,D,Leonardo Bonucci,leonardo_bonucci.php,19,Defensor
1899,2014,Italia,D,Gabriel Paletta,gabriel_paletta.php,20,Defensor
1900,2014,Italia,D,Thiago Motta,thiago_motta.php,5,Mediocampista
1901,2014,Italia,D,Antonio Candreva,antonio_candreva.php,6,Mediocampista
1902,2014,Italia,D,Claudio Marchisio,claudio_marchisio.php,8,Mediocampista
1903,2014,Italia,D,Alberto Aquilani,alberto_aquilani.php,14,Mediocampista
1904,2014,Italia,D,Daniele De Rossi,daniele_de_rossi.php,16,Mediocampista
1905,2014,Italia,D,Marco Parolo,marco_parolo.php,18,Mediocampista
1906,2014,Italia,D,Andrea Pirlo,andrea_pirlo.php,21,Mediocampista
1907,2014,Italia,D,Marco Verratti,marco_verratti.php,23,Mediocampista
1908,2014,Italia,D,Mario Balotelli,mario_balotelli.php,9,Delantero
1909,2014,Italia,D,Antonio Cassano,antonio_cassano.php,10,Delantero
1910,2014,Italia,D,Alessio Cerci,alessio_cerci.php,11,Delantero
1911,2014,Italia,D,Ciro Immobile,ciro_immobile.php,17,Delantero
1912,2014,Italia,D,Lorenzo Insigne,lorenzo_insigne.php,22,Delantero
1913,2014,Uruguay,D,Fernando Muslera,fernando_muslera.php,1,Arquero
1914,2014,Uruguay,D,Rodrigo Muñoz,rodrigo_munoz.php,12,Arquero
1915,2014,Uruguay,D,Martin Silva,martin_silva.php,23,Arquero
1916,2014,Uruguay,D,Diego Lugano,diego_lugano.php,2,Defensor
1917,2014,Uruguay,D,Diego Godin,diego_godin.php,3,Defensor
1918,2014,Uruguay,D,Jorge Fucile,jorge_fucile.php,4,Defensor
1919,2014,Uruguay,D,José María Giménez,jose_maria_gimenez.php,13,Defensor
1920,2014,Uruguay,D,Maximiliano Pereira,maximiliano_pereira.php,16,Defensor
1921,2014,Uruguay,D,Sebastián Coates,sebastian_coates.php,19,Defensor
1922,2014,Uruguay,D,Martin Caceres,martin_caceres.php,22,Defensor
1923,2014,Uruguay,D,Walter Gargano,walter_gargano.php,5,Mediocampista
1924,2014,Uruguay,D,Alvaro Pereira,alvaro_pereira.php,6,Mediocampista
1925,2014,Uruguay,D,Cristian Rodríguez,cristian_rodriguez.php,7,Mediocampista
1926,2014,Uruguay,D,Nicolas Lodeiro,nicolas_lodeiro.php,14,Mediocampista
1927,2014,Uruguay,D,Diego Perez,diego_perez.php,15,Mediocampista
1928,2014,Uruguay,D,Egidio Arevalo,egidio_arevalo.php,17,Mediocampista
1929,2014,Uruguay,D,Gastón Ramírez,gaston_ramirez.php,18,Mediocampista
1930,2014,Uruguay,D,Alvaro González,alvaro_gonzalez.php,20,Mediocampista
1931,2014,Uruguay,D,Abel Hernández,abel_hernandez.php,8,Delantero
1932,2014,Uruguay,D,Luis Suarez,luis_suarez.php,9,Delantero
1933,2014,Uruguay,D,Diego Forlan,diego_forlan.php,10,Delantero
1934,2014,Uruguay,D,Christian Stuani,christian_stuani.php,11,Delantero
1935,2014,Uruguay,D,Edinson Cavani,edinson_cavani.php,21,Delantero
1936,2014,Ecuador,E,Máximo Banguera,maximo_banguera.php,1,Arquero
1937,2014,Ecuador,E,Adrian Bone,adrian_bone.php,12,Arquero
1938,2014,Ecuador,E,Alexander Domínguez,alexander_dominguez.php,22,Arquero
1939,2014,Ecuador,E,Jorge Guagua,jorge_guagua.php,2,Defensor
1940,2014,Ecuador,E,Frickson Erazo,frickson_erazo.php,3,Defensor
1941,2014,Ecuador,E,Juan Carlos Paredes,juan_carlos_paredes.php,4,Defensor
1942,2014,Ecuador,E,Walter Ayovi,walter_ayovi.php,10,Defensor
1943,2014,Ecuador,E,Óscar Bagüí,oscar_bagui.php,18,Defensor
1944,2014,Ecuador,E,Gabriel Achilier,gabriel_achilier.php,21,Defensor
1945,2014,Ecuador,E,Renato Ibarra,renato_ibarra.php,5,Mediocampista
1946,2014,Ecuador,E,Christian Noboa,christian_noboa.php,6,Mediocampista
1947,2014,Ecuador,E,Jefferson Montero,jefferson_montero.php,7,Mediocampista
1948,2014,Ecuador,E,Edison Mendez,edison_mendez.php,8,Mediocampista
1949,2014,Ecuador,E,Oswaldo Minda,oswaldo_minda.php,14,Mediocampista
1950,2014,Ecuador,E,Michael Arroyo,michael_arroyo.php,15,Mediocampista
1951,2014,Ecuador,E,Antonio Valencia,luis_antonio_valencia.php,16,Mediocampista
1952,2014,Ecuador,E,Luis Saritama,luis_saritama.php,19,Mediocampista
1953,2014,Ecuador,E,Fidel Martínez,fidel_martinez.php,20,Mediocampista
1954,2014,Ecuador,E,Carlos Gruezo,carlos_gruezo.php,23,Mediocampista
1955,2014,Ecuador,E,Joao Rojas,joao_rojas.php,9,Delantero
1956,2014,Ecuador,E,Felipe Caicedo,felipe_caicedo.php,11,Delantero
1957,2014,Ecuador,E,Enner Valencia,enner_valencia.php,13,Delantero
1958,2014,Ecuador,E,Jaime Ayoví,jaime_ayovi.php,17,Delantero
1959,2014,Francia,E,Hugo Lloris,hugo_lloris.php,1,Arquero
1960,2014,Francia,E,Stéphane Ruffier,stephane_ruffier.php,16,Arquero
1961,2014,Francia,E,Mickael Landreau,mickael_landreau.php,23,Arquero
1962,2014,Francia,E,Mathieu Debuchy,mathieu_debuchy.php,2,Defensor
1963,2014,Francia,E,Patrice Evra,patrice_evra.php,3,Defensor
1964,2014,Francia,E,Raphael Varane,raphael_varane.php,4,Defensor
1965,2014,Francia,E,Mamadou Sakho,mamadou_sakho.php,5,Defensor
1966,2014,Francia,E,Eliaquim Mangala,eliaquim_mangala.php,13,Defensor
1967,2014,Francia,E,Bakari Sagna,bakari_sagna.php,15,Defensor
1968,2014,Francia,E,Lucas Digne,lucas_digne.php,17,Defensor
1969,2014,Francia,E,Laurent Koscielny,laurent_koscielny.php,21,Defensor
1970,2014,Francia,E,Yohan Cabaye,yohan_cabaye.php,6,Mediocampista
1971,2014,Francia,E,Rémy Cabella,remy_cabella.php,7,Mediocampista
1972,2014,Francia,E,Mathieu Valbuena,mathieu_valbuena.php,8,Mediocampista
1973,2014,Francia,E,Antoine Griezmann,antoine_griezmann.php,11,Mediocampista
1974,2014,Francia,E,Rio Mavuba,rio_mavuba.php,12,Mediocampista
1975,2014,Francia,E,Blaise Matuidi,blaise_matuidi.php,14,Mediocampista
1976,2014,Francia,E,Moussa Sissoko,moussa_sissoko.php,18,Mediocampista
1977,2014,Francia,E,Paul Pogba,paul_pogba.php,19,Mediocampista
1978,2014,Francia,E,Morgan Schneiderlin,morgan_schneiderlin.php,22,Mediocampista
1979,2014,Francia,E,Olivier Giroud,olivier_giroud.php,9,Delantero
1980,2014,Francia,E,Karim Benzema,karim_benzema.php,10,Delantero
1981,2014,Francia,E,Loïc Rémy,loic_remy.php,20,Delantero
1982,2014,Honduras,E,Luis López,luis_lopez.php,1,Arquero
1983,2014,Honduras,E,Noel Valladares,noel_valladares.php,18,Arquero
1984,2014,Honduras,E,Donis Escober,donis_escober.php,22,Arquero
1985,2014,Honduras,E,Osman Chavez,osman_chavez.php,2,Defensor
1986,2014,Honduras,E,Maynor Figueroa,maynor_figueroa.php,3,Defensor
1987,2014,Honduras,E,Juan Pablo Montes,juan_pablo_montes.php,4,Defensor
1988,2014,Honduras,E,Victor Bernardez,victor_bernardez.php,5,Defensor
1989,2014,Honduras,E,Juan Carlos García,juan_carlos_garcia.php,6,Defensor
1990,2014,Honduras,E,Emilio Izaguirre,emilio_izaguirre.php,7,Defensor
1991,2014,Honduras,E,Brayan Beckeles,brayan_beckeles.php,21,Defensor
1992,2014,Honduras,E,Wilson Palacios,wilson_palacios.php,8,Mediocampista
1993,2014,Honduras,E,Mario Martínez,mario_martinez.php,10,Mediocampista
1994,2014,Honduras,E,Edder Delgado,edder_delgado.php,12,Mediocampista
1995,2014,Honduras,E,Oscar Boniek Garcia,oscar_boniek_garcia.php,14,Mediocampista
1996,2014,Honduras,E,Roger Espinoza,roger_espinoza.php,15,Mediocampista
1997,2014,Honduras,E,Andy Najar,andy_najar.php,17,Mediocampista
1998,2014,Honduras,E,Luis Garrido,luis_garrido.php,19,Mediocampista
1999,2014,Honduras,E,Jorge Claros,jorge_claros.php,20,Mediocampista
2000,2014,Honduras,E,Marvin Chávez,marvin_chavez.php,23,Mediocampista
2001,2014,Honduras,E,Jerry Palacios,julio_cesar_de_leon.php,9,Delantero
2002,2014,Honduras,E,Jerry Bengtson,jerry_bengtson.php,11,Delantero
2003,2014,Honduras,E,Carlo Costly,carlo_costly.php,13,Delantero
2004,2014,Honduras,E,Rony Martínez,rony_martinez.php,16,Delantero
2005,2014,Suiza,E,Diego Benaglio,diego_benaglio.php,1,Arquero
2006,2014,Suiza,E,Yann Sommer,yann_sommer.php,12,Arquero
2007,2014,Suiza,E,Roman Bürki,roman_burki.php,21,Arquero
2008,2014,Suiza,E,Stephan Lichtsteiner,stephan_lichtsteiner.php,2,Defensor
2009,2014,Suiza,E,Reto Ziegler,reto_ziegler.php,3,Defensor
2010,2014,Suiza,E,Philippe Senderos,philippe_senderos.php,4,Defensor
2011,2014,Suiza,E,Steve Von Bergen,steve_von_bergen.php,5,Defensor
2012,2014,Suiza,E,Michael Lang,michael_lang.php,6,Defensor
2013,2014,Suiza,E,Ricardo Rodriguez,ricardo_rodriguez.php,13,Defensor
2014,2014,Suiza,E,Johan Djourou,johan_djourou.php,20,Defensor
2015,2014,Suiza,E,Fabian Schär,fabian_schar.php,22,Defensor
2016,2014,Suiza,E,Tranquillo Barnetta,tranquillo_barnetta.php,7,Mediocampista
2017,2014,Suiza,E,Gokhan Inler,gokhan_inler.php,8,Mediocampista
2018,2014,Suiza,E,Granit Xhaka,granit_xhaka.php,10,Mediocampista
2019,2014,Suiza,E,Valon Behrami,valon_behrami.php,11,Mediocampista
2020,2014,Suiza,E,Valentin Stocker,valentin_stocker.php,14,Mediocampista
2021,2014,Suiza,E,Blerim Dzemaili,blerim_dzemaili.php,15,Mediocampista
2022,2014,Suiza,E,Gelson Fernandes,gelson_fernandes.php,16,Mediocampista
2023,2014,Suiza,E,Xherdan Shaqiri,xherdan_shaqiri.php,23,Mediocampista
2024,2014,Suiza,E,Haris Seferovic,haris_seferovic.php,9,Delantero
2025,2014,Suiza,E,Mario Gavranovic,mario_gavranovic.php,17,Delantero
2026,2014,Suiza,E,Admir Mehmedi,admir_mehmedi.php,18,Delantero
2027,2014,Suiza,E,Josip Drmic,josip_drmic.php,19,Delantero
2028,2014,Argentina,F,Sergio Romero,sergio_romero.php,1,Arquero
2029,2014,Argentina,F,Agustin Orion,agustin_orion.php,12,Arquero
2030,2014,Argentina,F,Mariano Andujar,mariano_andujar.php,21,Arquero
2031,2014,Argentina,F,Ezequiel Garay,ezequiel_garay.php,2,Defensor
2032,2014,Argentina,F,Hugo Campagnaro,hugo_campagnaro.php,3,Defensor
2033,2014,Argentina,F,Pablo Zabaleta,pablo_zabaleta.php,4,Defensor
2034,2014,Argentina,F,Martin Demichelis,martin_demichelis.php,15,Defensor
2035,2014,Argentina,F,Marcos Rojo,marcos_rojo.php,16,Defensor
2036,2014,Argentina,F,Federico Fernández,federico_fernandez.php,17,Defensor
2037,2014,Argentina,F,José Basanta,jose_basanta.php,23,Defensor
2038,2014,Argentina,F,Fernando Gago,fernando_gago.php,5,Mediocampista
2039,2014,Argentina,F,Lucas Biglia,lucas_biglia.php,6,Mediocampista
2040,2014,Argentina,F,Angel Di Maria,angel_di_maria.php,7,Mediocampista
2041,2014,Argentina,F,Enzo Pérez,enzo_perez.php,8,Mediocampista
2042,2014,Argentina,F,Maxi Rodriguez,maxi_rodriguez.php,11,Mediocampista
2043,2014,Argentina,F,Augusto Fernández,augusto_fernandez.php,13,Mediocampista
2044,2014,Argentina,F,Javier Mascherano,javier_mascherano.php,14,Mediocampista
2045,2014,Argentina,F,Ricardo Álvarez,ricardo_alvarez.php,19,Mediocampista
2046,2014,Argentina,F,Gonzalo Higuain,gonzalo_higuain.php,9,Delantero
2047,2014,Argentina,F,Lionel Messi,lionel_messi.php,10,Delantero
2048,2014,Argentina,F,Rodrigo Palacio,rodrigo_palacio.php,18,Delantero
2049,2014,Argentina,F,Sergio Agüero,sergio_aguero.php,20,Delantero
2050,2014,Argentina,F,Ezequiel Lavezzi,ezequiel_lavezzi.php,22,Delantero
2051,2014,Bosnia-Herzegovina,F,Asmir Begovic,asmir_begovic.php,1,Arquero
2052,2014,Bosnia-Herzegovina,F,Jasmin Fejzic,jasmin_fejzic.php,12,Arquero
2053,2014,Bosnia-Herzegovina,F,Asmir Avdukic,asmir_avdukic.php,22,Arquero
2054,2014,Bosnia-Herzegovina,F,Ermin Bicakcic,ermin_bicakcic.php,3,Defensor
2055,2014,Bosnia-Herzegovina,F,Emir Spahic,emir_spahic.php,4,Defensor
2056,2014,Bosnia-Herzegovina,F,Sead Kolasinac,sead_kolasinac.php,5,Defensor
2057,2014,Bosnia-Herzegovina,F,Ognjen Vranjes,ognjen_vranjes.php,6,Defensor
2058,2014,Bosnia-Herzegovina,F,Muhamed Besic,muhamed_besic.php,7,Defensor
2059,2014,Bosnia-Herzegovina,F,Toni Sunjic,toni_sunjic.php,15,Defensor
2060,2014,Bosnia-Herzegovina,F,Avdija Vrsajevic,avdija_vrsajevic.php,2,Mediocampista
2061,2014,Bosnia-Herzegovina,F,Miralem Pjanic,miralem_pjanic.php,8,Mediocampista
2062,2014,Bosnia-Herzegovina,F,Zvjezdan Misimovic,zvjezdan_misimovic.php,10,Mediocampista
2063,2014,Bosnia-Herzegovina,F,Mensur Mujdza,mensur_mujdza.php,13,Mediocampista
2064,2014,Bosnia-Herzegovina,F,Tino Susic,tino_susic.php,14,Mediocampista
2065,2014,Bosnia-Herzegovina,F,Senad Lulic,senad_lulic.php,16,Mediocampista
2066,2014,Bosnia-Herzegovina,F,Senijad Ibricic,senijad_ibricic.php,17,Mediocampista
2067,2014,Bosnia-Herzegovina,F,Haris Medunjanin,haris_medunjanin.php,18,Mediocampista
2068,2014,Bosnia-Herzegovina,F,Izet Hajrovic,izet_hajrovic.php,20,Mediocampista
2069,2014,Bosnia-Herzegovina,F,Anel Hadzic,anel_hadzic.php,21,Mediocampista
2070,2014,Bosnia-Herzegovina,F,Sejad Salihovic,sejad_salihovic.php,23,Mediocampista
2071,2014,Bosnia-Herzegovina,F,Vedad Ibisevic,vedad_ibisevic.php,9,Delantero
2072,2014,Bosnia-Herzegovina,F,Edin Dzeko,edin_dzeko.php,11,Delantero
2073,2014,Bosnia-Herzegovina,F,Edin Visca,edin_visca.php,19,Delantero
2074,2014,Irán,F,Rahman Ahmadi,rahman_ahmadi.php,1,Arquero
2075,2014,Irán,F,Alireza Haghighi,alireza_haghighi.php,12,Arquero
2076,2014,Irán,F,Daniel Davari,daniel_davari.php,22,Arquero
2077,2014,Irán,F,Jalal Hosseini,jalal_hosseini.php,4,Defensor
2078,2014,Irán,F,Amir Hossein Sadeghi,amir_hossein_sadeqi.php,5,Defensor
2079,2014,Irán,F,Hossein Mahini,hossein_mahini.php,13,Defensor
2080,2014,Irán,F,Pejman Montazeri,pejman_montazeri.php,15,Defensor
2081,2014,Irán,F,Ahmad Alnameh,ahmad_alnameh.php,17,Defensor
2082,2014,Irán,F,Hashem Beikzadeh,hashem_beikzadeh.php,19,Defensor
2083,2014,Irán,F,Steven Beitashour,steven_beitashour.php,20,Defensor
2084,2014,Irán,F,Mehrdad Pooladi,mehrdad_pooladi.php,23,Defensor
2085,2014,Irán,F,Khosro Heydari,khosro_heydari.php,2,Mediocampista
2086,2014,Irán,F,Ehsan Hajsafi,ehsan_hajsafi.php,3,Mediocampista
2087,2014,Irán,F,Javad Nekounam,javad_nekounam.php,6,Mediocampista
2088,2014,Irán,F,Masoud Shojaei,masoud_shojaei.php,7,Mediocampista
2089,2014,Irán,F,Reza Haghighi,reza_haghighi.php,8,Mediocampista
2090,2014,Irán,F,Ghasem Haddadifar,ghasem_haddadifar.php,11,Mediocampista
2091,2014,Irán,F,Andranik Teymourian,andranik_teymourian.php,14,Mediocampista
2092,2014,Irán,F,Bakhtiar Rahmani,bakhtiar_rahmani.php,18,Mediocampista
2093,2014,Irán,F,Ashkan Dejagah,ashkan_dejagah.php,21,Mediocampista
2094,2014,Irán,F,Alireza Jahanbakhsh,alireza_jahanbakhsh.php,9,Delantero
2095,2014,Irán,F,Karim Ansarifard,karim_ansarifard.php,10,Delantero
2096,2014,Irán,F,Reza Ghoochannejhad,reza_ghoochannejhad.php,16,Delantero
2097,2014,Nigeria,F,Vincent Enyeama,vincent_enyeama.php,1,Arquero
2098,2014,Nigeria,F,Austin Ejide,austin_ejide.php,16,Arquero
2099,2014,Nigeria,F,Chigozie Agbim,chigozie_agbim.php,21,Arquero
2100,2014,Nigeria,F,Joseph Yobo,joseph_yobo.php,2,Defensor
2101,2014,Nigeria,F,Efe Ambrose,efe_ambrose.php,5,Defensor
2102,2014,Nigeria,F,Azubuike Egwuekwe,azubuike_egwuekwe.php,6,Defensor
2103,2014,Nigeria,F,Kunle Odunlami,kunle_odunlami.php,12,Defensor
2104,2014,Nigeria,F,Juwon Oshaniwa,juwon_oshaniwa.php,13,Defensor
2105,2014,Nigeria,F,Godfrey Oboabona,godfrey_oboabona.php,14,Defensor
2106,2014,Nigeria,F,Kenneth Omeruo,kenneth_omeruo.php,22,Defensor
2107,2014,Nigeria,F,Ejike Uzoenyi,ejike_uzoenyi.php,3,Mediocampista
2108,2014,Nigeria,F,Reuben Gabriel,reuben_gabriel.php,4,Mediocampista
2109,2014,Nigeria,F,John Obi Mikel,john_obi_mikel.php,10,Mediocampista
2110,2014,Nigeria,F,Ramón Azeez,ramon_azeez.php,15,Mediocampista
2111,2014,Nigeria,F,Ogenyi Onazi,ogenyi_onazi.php,17,Mediocampista
2112,2014,Nigeria,F,Michel Babatunde,michel_babatunde.php,18,Mediocampista
2113,2014,Nigeria,F,Ahmed Musa,ahmed_musa.php,7,Delantero
2114,2014,Nigeria,F,Peter Odemwingie,peter_odemwingie.php,8,Delantero
2115,2014,Nigeria,F,Emmanuel Emenike,emmanuel_emenike.php,9,Delantero
2116,2014,Nigeria,F,Victor Moses,victor_moses.php,11,Delantero
2117,2014,Nigeria,F,Uche Nwofor,uche_nwofor.php,19,Delantero
2118,2014,Nigeria,F,Michael Uchebo,michael_uchebo.php,20,Delantero
2119,2014,Nigeria,F,Shola Ameobi,shola_ameobi.php,23,Delantero
2120,2014,Alemania,G,Manuel Neuer,manuel_neuer.php,1,Arquero
2121,2014,Alemania,G,Ron-Robert Zieler,ron_robert_zieler.php,12,Arquero
2122,2014,Alemania,G,Roman Weidenfeller,roman_weidenfeller.php,22,Arquero
2123,2014,Alemania,G,Kevin Grosskreutz,kevin_grosskreutz.php,2,Defensor
2124,2014,Alemania,G,Matthias Ginter,matthias_ginter.php,3,Defensor
2125,2014,Alemania,G,Benedikt Höwedes,benedikt_howedes.php,4,Defensor
2126,2014,Alemania,G,Mats Hummels,mats_hummels.php,5,Defensor
2127,2014,Alemania,G,Erik Durm,erik_durm.php,15,Defensor
2128,2014,Alemania,G,Per Mertesacker,per_mertesacker.php,17,Defensor
2129,2014,Alemania,G,Jérôme Boateng,jerome_boateng.php,20,Defensor
2130,2014,Alemania,G,Shkodran Mustafi,shkodran_mustafi.php,21,Defensor
2131,2014,Alemania,G,Sami Khedira,sami_khedira.php,6,Mediocampista
2132,2014,Alemania,G,Bastian Schweinsteiger,bastian_schweinsteiger.php,7,Mediocampista
2133,2014,Alemania,G,Mesut Ozil,mesut_ozil.php,8,Mediocampista
2134,2014,Alemania,G,Julian Draxler,julian_draxler.php,14,Mediocampista
2135,2014,Alemania,G,Philipp Lahm,philipp_lahm.php,16,Mediocampista
2136,2014,Alemania,G,Toni Kroos,toni_kroos.php,18,Mediocampista
2137,2014,Alemania,G,Christoph Kramer,christoph_kramer.php,23,Mediocampista
2138,2014,Alemania,G,André Schürrle,andre_schurrle.php,9,Delantero
2139,2014,Alemania,G,Lukas Podolski,lukas_podolski.php,10,Delantero
2140,2014,Alemania,G,Miroslav Klose,miroslav_klose.php,11,Delantero
2141,2014,Alemania,G,Thomas Müller,thomas_mueller.php,13,Delantero
2142,2014,Alemania,G,Mario Götze,mario_gotze.php,19,Delantero
2143,2014,Estados Unidos,G,Tim Howard,tim_howard.php,1,Arquero
2144,2014,Estados Unidos,G,Brad Guzan,brad_guzan.php,12,Arquero
2145,2014,Estados Unidos,G,Nick Rimando,nick_rimando.php,22,Arquero
2146,2014,Estados Unidos,G,DeAndre Yedlin,deandre_yedlin.php,2,Defensor
2147,2014,Estados Unidos,G,Omar González,omar_gonzalez.php,3,Defensor
2148,2014,Estados Unidos,G,Matt Besler,matt_besler.php,5,Defensor
2149,2014,Estados Unidos,G,John Anthony Brooks,john_brooks.php,6,Defensor
2150,2014,Estados Unidos,G,DaMarcus Beasley,damarcus_beasley.php,7,Defensor
2151,2014,Estados Unidos,G,Geoff Cameron,geoff_cameron.php,20,Defensor
2152,2014,Estados Unidos,G,Timothy Chandler,timothy_chandler.php,21,Defensor
2153,2014,Estados Unidos,G,Fabian Johnson,fabian_johnson.php,23,Defensor
2154,2014,Estados Unidos,G,Michael Bradley,michael_bradley.php,4,Mediocampista
2155,2014,Estados Unidos,G,Mix Diskerud,mix_diskerud.php,10,Mediocampista
2156,2014,Estados Unidos,G,Alejandro Bedoya,alejandro_bedoya.php,11,Mediocampista
2157,2014,Estados Unidos,G,Jermaine Jones,jermaine_jones.php,13,Mediocampista
2158,2014,Estados Unidos,G,Brad Davis,brad_davis.php,14,Mediocampista
2159,2014,Estados Unidos,G,Kyle Beckerman,kyle_beckerman.php,15,Mediocampista
2160,2014,Estados Unidos,G,Julian Green,julian_green.php,16,Mediocampista
2161,2014,Estados Unidos,G,Graham Zusi,graham_zusi.php,19,Mediocampista
2162,2014,Estados Unidos,G,Clint Dempsey,clint_dempsey.php,8,Delantero
2163,2014,Estados Unidos,G,Aron Jóhannsson,aron_johannsson.php,9,Delantero
2164,2014,Estados Unidos,G,Jozy Altidore,jozy_altidore.php,17,Delantero
2165,2014,Estados Unidos,G,Chris Wondolowski,chris_wondolowski.php,18,Delantero
2166,2014,Ghana,G,Stephen Adams,stephen_adams.php,1,Arquero
2167,2014,Ghana,G,Adam Kwarasey,adam_kwarasey.php,12,Arquero
2168,2014,Ghana,G,Fatau Dauda,fatau_dauda.php,16,Arquero
2169,2014,Ghana,G,Samuel Inkoom,samuel_inkoom.php,2,Defensor
2170,2014,Ghana,G,Daniel Opare,daniel_opare.php,4,Defensor
2171,2014,Ghana,G,Rashid Sumaila,rashid_sumaila.php,15,Defensor
2172,2014,Ghana,G,Jonathan Mensah,jonathan_mensah.php,19,Defensor
2173,2014,Ghana,G,John Boye,john_boye.php,21,Defensor
2174,2014,Ghana,G,Harrison Afful,harrison_afful.php,23,Defensor
2175,2014,Ghana,G,Michael Essien,michael_essien.php,5,Mediocampista
2176,2014,Ghana,G,Afriyie Acquah,afriyie_acquah.php,6,Mediocampista
2177,2014,Ghana,G,Christian Atsu,christian_atsu.php,7,Mediocampista
2178,2014,Ghana,G,Emmanuel Agyemang-Badu,emmanuel_agyemang_badu.php,8,Mediocampista
2179,2014,Ghana,G,Andre Ayew,andre_ayew.php,10,Mediocampista
2180,2014,Ghana,G,Sulley Muntari,sulley_muntari.php,11,Mediocampista
2181,2014,Ghana,G,Albert Adomah,albert_adomah.php,14,Mediocampista
2182,2014,Ghana,G,Mohammed Rabiu,mohammed_rabiu.php,17,Mediocampista
2183,2014,Ghana,G,Kwadwo Asamoah,kwadwo_asamoah.php,20,Mediocampista
2184,2014,Ghana,G,Mubarak Wakaso,mubarak_wakaso.php,22,Mediocampista
2185,2014,Ghana,G,Asamoah Gyan,asamoah_gyan.php,3,Delantero
2186,2014,Ghana,G,Kevin Prince Boateng,kevin_prince_boateng.php,9,Delantero
2187,2014,Ghana,G,Jordan Ayew,jordan_ayew.php,13,Delantero
2188,2014,Ghana,G,Majeed Waris,majeed_waris.php,18,Delantero
2189,2014,Portugal,G,Eduardo,eduardo.php,1,Arquero
2190,2014,Portugal,G,Rui Patricio,rui_patricio.php,12,Arquero
2191,2014,Portugal,G,Beto,beto.php,22,Arquero
2192,2014,Portugal,G,Bruno Alves,bruno_alves.php,2,Defensor
2193,2014,Portugal,G,Fabio Coentrao,fabio_coentrao.php,5,Defensor
2194,2014,Portugal,G,Ricardo Costa,ricardo_costa.php,13,Defensor
2195,2014,Portugal,G,Neto,neto.php,14,Defensor
2196,2014,Portugal,G,André Almeida,andre_almeida.php,19,Defensor
2197,2014,Portugal,G,João Pereira,joao_pereira.php,21,Defensor
2198,2014,Portugal,G,Pepe,pepe.php,3,Mediocampista
2199,2014,Portugal,G,Miguel Veloso,miguel_veloso.php,4,Mediocampista
2200,2014,Portugal,G,William Carvalho,william_carvalho.php,6,Mediocampista
2201,2014,Portugal,G,João Moutinho,joao_moutinho.php,8,Mediocampista
2202,2014,Portugal,G,Vieirinha,vieirinha.php,10,Mediocampista
2203,2014,Portugal,G,Rafa,rafa.php,15,Mediocampista
2204,2014,Portugal,G,Raul Meireles,raul_meireles.php,16,Mediocampista
2205,2014,Portugal,G,Nani,nani.php,17,Mediocampista
2206,2014,Portugal,G,Ruben Amorim,ruben_amorim.php,20,Mediocampista
2207,2014,Portugal,G,Cristiano Ronaldo,cristiano_ronaldo.php,7,Delantero
2208,2014,Portugal,G,Hugo Almeida,hugo_almeida.php,9,Delantero
2209,2014,Portugal,G,Eder,eder_2.php,11,Delantero
2210,2014,Portugal,G,Silvestre Varela,silvestre_varela.php,18,Delantero
2211,2014,Portugal,G,Helder Postiga,helder_postiga.php,23,Delantero
2212,2014,Argelia,H,Cédric Si Mohamed,cedric_si_mohamed.php,1,Arquero
2213,2014,Argelia,H,Mohamed Zemmamouche,mohamed_zemmamouche.php,16,Arquero
2214,2014,Argelia,H,Rais M'Bolhi,rais_mbolhi.php,23,Arquero
2215,2014,Argelia,H,Madjid Bougherra,madjid_bougherra.php,2,Defensor
2216,2014,Argelia,H,Faouzi Ghoulam,faouzi_ghoulam.php,3,Defensor
2217,2014,Argelia,H,Essaïd Belkalem,essaid_belkalem.php,4,Defensor
2218,2014,Argelia,H,Rafik Halliche,rafik_halliche.php,5,Defensor
2219,2014,Argelia,H,Djamel Mesbah,djamel_mesbah.php,6,Defensor
2220,2014,Argelia,H,Carl Medjani,carl_medjani.php,12,Defensor
2221,2014,Argelia,H,Liassine Cadamuro,liassine_cadamuro.php,17,Defensor
2222,2014,Argelia,H,Aissa Mandi,aissa_mandi.php,20,Defensor
2223,2014,Argelia,H,Hassan Yebda,hassan_yebda.php,7,Mediocampista
2224,2014,Argelia,H,Medhi Lacen,medhi_lacen.php,8,Mediocampista
2225,2014,Argelia,H,Yacine Brahimi,yacine_brahimi.php,11,Mediocampista
2226,2014,Argelia,H,Nabil Bentaleb,nabil_bentaleb.php,14,Mediocampista
2227,2014,Argelia,H,Abdelmoumene Djabou,abdelmoumene_djabou.php,18,Mediocampista
2228,2014,Argelia,H,Saphir Taïder,saphir_taider.php,19,Mediocampista
2229,2014,Argelia,H,Mehdi Mostefa,mehdi_mostefa.php,22,Mediocampista
2230,2014,Argelia,H,Nabil Ghilas,nabil_ghilas.php,9,Delantero
2231,2014,Argelia,H,Sofiane Feghouli,sofiane_feghouli.php,10,Delantero
2232,2014,Argelia,H,Islam Slimani,islam_slimani.php,13,Delantero
2233,2014,Argelia,H,El Arabi Soudani,soudani.php,15,Delantero
2234,2014,Argelia,H,Riyad Mahrez,riyad_mahrez.php,21,Delantero
2235,2014,Bélgica,H,Thibaut Courtois,thibaut_courtois.php,1,Arquero
2236,2014,Bélgica,H,Simon Mignolet,simon_mignolet.php,12,Arquero
2237,2014,Bélgica,H,Sammy Bossut,sammy_bossut.php,13,Arquero
2238,2014,Bélgica,H,Toby Alderweireld,toby_alderweireld.php,2,Defensor
2239,2014,Bélgica,H,Thomas Vermaelen,thomas_vermaelen.php,3,Defensor
2240,2014,Bélgica,H,Vincent Kompany,vincent_kompany.php,4,Defensor
2241,2014,Bélgica,H,Jan Vertonghen,jan_vertonghen.php,5,Defensor
2242,2014,Bélgica,H,Daniel van Buyten,daniel_van_buyten.php,15,Defensor
2243,2014,Bélgica,H,Nicolas Lombaerts,nicolas_lombaerts.php,18,Defensor
2244,2014,Bélgica,H,Anthony Vanden Borre,anthony_vanden_borre.php,21,Defensor
2245,2014,Bélgica,H,Laurent Ciman,laurent_ciman.php,23,Defensor
2246,2014,Bélgica,H,Axel Witsel,axel_witsel.php,6,Mediocampista
2247,2014,Bélgica,H,Kevin De Bruyne,kevin_de_bruyne.php,7,Mediocampista
2248,2014,Bélgica,H,Marouane Fellaini,marouane_fellaini.php,8,Mediocampista
2249,2014,Bélgica,H,Eden Hazard,eden_hazard.php,10,Mediocampista
2250,2014,Bélgica,H,Dries Mertens,dries_mertens.php,14,Mediocampista
2251,2014,Bélgica,H,Steven Defour,steven_defour.php,16,Mediocampista
2252,2014,Bélgica,H,Mousa Dembélé,mousa_dembele.php,19,Mediocampista
2253,2014,Bélgica,H,Adnan Januzaj,adnan_januzaj.php,20,Mediocampista
2254,2014,Bélgica,H,Nacer Chadli,nacer_chadli.php,22,Mediocampista
2255,2014,Bélgica,H,Romelu Lukaku,romelu_lukaku.php,9,Delantero
2256,2014,Bélgica,H,Kevin Mirallas,kevin_mirallas.php,11,Delantero
2257,2014,Bélgica,H,Divock Origi,divock_origi.php,17,Delantero
2258,2014,Corea del Sur,H,Sung Ryong Jung,sung_ryong_jung.php,1,Arquero
2259,2014,Corea del Sur,H,Seung-gyu Kim,seung_gyu_kim.php,21,Arquero
2260,2014,Corea del Sur,H,Bum-Young Lee,bum_young_lee.php,23,Arquero
2261,2014,Corea del Sur,H,Chang-Soo Kim,chang_soo_kim.php,2,Defensor
2262,2014,Corea del Sur,H,Suk-Young Yun,suk_young_yun.php,3,Defensor
2263,2014,Corea del Sur,H,Tae-Hwi Kwak,tae_hwi_kwak.php,4,Defensor
2264,2014,Corea del Sur,H,Young-Gwon Kim,young_gwon_kim.php,5,Defensor
2265,2014,Corea del Sur,H,Seok-Ho Hwang,seok_ho_hwang.php,6,Defensor
2266,2014,Corea del Sur,H,Yong Lee,yong_lee.php,12,Defensor
2267,2014,Corea del Sur,H,Jeong-Ho Hong,jeong_ho_hong.php,20,Defensor
2268,2014,Corea del Sur,H,Joo-Ho Park,joo_ho_park.php,22,Defensor
2269,2014,Corea del Sur,H,Bo Kyung Kim,bo_kyung_kim.php,7,Mediocampista
2270,2014,Corea del Sur,H,Dae-Sung Ha,dae_sung_ha.php,8,Mediocampista
2271,2014,Corea del Sur,H,Ja-Cheol Koo,ja_cheol_koo.php,13,Mediocampista
2272,2014,Corea del Sur,H,Kook-Young Han,kook_young_han.php,14,Mediocampista
2273,2014,Corea del Sur,H,Jong-Woo Park,jong_woo_park.php,15,Mediocampista
2274,2014,Corea del Sur,H,Sung-yueng Ki,sung_yueng_ki.php,16,Mediocampista
2275,2014,Corea del Sur,H,Chung-yong Lee,chung_yong_lee.php,17,Mediocampista
2276,2014,Corea del Sur,H,Heung-Min Son,heung_min_son.php,9,Delantero
2277,2014,Corea del Sur,H,Chu Young Park,chu_young_park.php,10,Delantero
2278,2014,Corea del Sur,H,Keun-Ho Lee,keun_ho_lee.php,11,Delantero
2279,2014,Corea del Sur,H,Shin-Wook Kim,shin_wook_kim.php,18,Delantero
2280,2014,Corea del Sur,H,Dong-Won Ji,dong_won_ji.php,19,Delantero
2281,2014,Rusia,H,Igor Akinfeev,igor_akinfeev.php,1,Arquero
2282,2014,Rusia,H,Juri Lodygin,juri_lodygin.php,12,Arquero
2283,2014,Rusia,H,Sergei Ryzhikov,sergei_ryzhikov.php,16,Arquero
2284,2014,Rusia,H,Aleksei Kozlov,aleksei_kozlov.php,2,Defensor
2285,2014,Rusia,H,Georgy Schennikov,georgy_schennikov.php,3,Defensor
2286,2014,Rusia,H,Sergei Ignashevich,sergei_ignashevitch.php,4,Defensor
2287,2014,Rusia,H,Andrey Semenov,andrey_semenov.php,5,Defensor
2288,2014,Rusia,H,Vladimir Granat,vladimir_granat.php,13,Defensor
2289,2014,Rusia,H,Vassili Berezutski,vassili_berezutski.php,14,Defensor
2290,2014,Rusia,H,Andrey Yeshchenko,andrey_yeshchenko.php,22,Defensor
2291,2014,Rusia,H,Igor Denisov,igor_denisov.php,7,Mediocampista
2292,2014,Rusia,H,Denis Glushakov,denis_glushakov.php,8,Mediocampista
2293,2014,Rusia,H,Alan Dzagoev,alan_dzagoev.php,10,Mediocampista
2294,2014,Rusia,H,Pavel Mogilevets,pavel_mogilevets.php,15,Mediocampista
2295,2014,Rusia,H,Oleg Shatov,oleg_shatov.php,17,Mediocampista
2296,2014,Rusia,H,Yuri Zhirkov,yuri_zhirkov.php,18,Mediocampista
2297,2014,Rusia,H,Aleksandr Samedov,aleksandr_samedov.php,19,Mediocampista
2298,2014,Rusia,H,Viktor Faizulin,viktor_faizulin.php,20,Mediocampista
2299,2014,Rusia,H,Aleksey Ionov,aleksey_ionov.php,21,Mediocampista
2300,2014,Rusia,H,Dmitri Kombarov,dmitriy_kombarov.php,23,Mediocampista
2301,2014,Rusia,H,Maksim Kanunnikov,maksim_kanunnikov.php,6,Delantero
2302,2014,Rusia,H,Alexander Kokorin,alexander_kokorin.php,9,Delantero
2303,2014,Rusia,H,Alexander Kerzhakov,alexander_kerzhakov.php,11,Delantero
2304,2010,Francia,A,Hugo Lloris,hugo_lloris.php,1,Arquero
2305,2010,Francia,A,Steve Mandanda,steve_mandanda.php,16,Arquero
2306,2010,Francia,A,Cedric Carrasso,cedric_carrasso.php,23,Arquero
2307,2010,Francia,A,Bakari Sagna,bakari_sagna.php,2,Defensor
2308,2010,Francia,A,Eric Abidal,eric_abidal.php,3,Defensor
2309,2010,Francia,A,Anthony Reveillere,anthony_reveillere.php,4,Defensor
2310,2010,Francia,A,William Gallas,william_gallas.php,5,Defensor
2311,2010,Francia,A,Marc Planus,marc_planus.php,6,Defensor
2312,2010,Francia,A,Patrice Evra,patrice_evra.php,13,Defensor
2313,2010,Francia,A,Sebastien Squillaci,sebastien_squillaci.php,17,Defensor
2314,2010,Francia,A,Gael Clichy,gael_clichy.php,22,Defensor
2315,2010,Francia,A,Yoann Gourcuff,yoann_gourcuff.php,8,Mediocampista
2316,2010,Francia,A,Jeremy Toulalan,jeremy_toulalan.php,14,Mediocampista
2317,2010,Francia,A,Florent Malouda,florent_malouda.php,15,Mediocampista
2318,2010,Francia,A,Alou Diarra,alou_diarra.php,18,Mediocampista
2319,2010,Francia,A,Abou Diaby,abou_diaby.php,19,Mediocampista
2320,2010,Francia,A,Franck Ribery,franck_ribery.php,7,Delantero
2321,2010,Francia,A,Djibril Cisse,djibril_cisse.php,9,Delantero
2322,2010,Francia,A,Sidney Govou,sidney_govou.php,10,Delantero
2323,2010,Francia,A,Andre Pierre Gignac,andre_pierre_gignac.php,11,Delantero
2324,2010,Francia,A,Thierry Henry,thierry_henry.php,12,Delantero
2325,2010,Francia,A,Mathieu Valbuena,mathieu_valbuena.php,20,Delantero
2326,2010,Francia,A,Nicolas Anelka,nicolas_anelka.php,21,Delantero
2327,2010,México,A,Oscar Perez,oscar_perez.php,1,Arquero
2328,2010,México,A,Guillermo Ochoa,guillermo_ochoa.php,13,Arquero
2329,2010,México,A,Luis Michel,luis_michel.php,23,Arquero
2330,2010,México,A,Francisco Rodriguez,francisco_rodriguez.php,2,Defensor
2331,2010,México,A,Carlos Salcido,carlos_salcido.php,3,Defensor
2332,2010,México,A,Rafael Marquez,rafael_marquez.php,4,Defensor
2333,2010,México,A,Ricardo Osorio,ricardo_osorio.php,5,Defensor
2334,2010,México,A,Paul Aguilar,paul_aguilar.php,12,Defensor
2335,2010,México,A,Hector Moreno,hector_moreno.php,15,Defensor
2336,2010,México,A,Efrain Juarez,efrain_juarez.php,16,Defensor
2337,2010,México,A,Jonny Magallon,jonny_magallon.php,19,Defensor
2338,2010,México,A,Gerardo Torrado,gerardo_torrado.php,6,Mediocampista
2339,2010,México,A,Israel Castro,israel_castro.php,8,Mediocampista
2340,2010,México,A,Andres Guardado,andres_guardado.php,18,Mediocampista
2341,2010,México,A,Jorge Torres,jorge_torres.php,20,Mediocampista
2342,2010,México,A,Pablo Barrera,pablo_barrera.php,7,Delantero
2343,2010,México,A,Guillermo Franco,guillermo_franco.php,9,Delantero
2344,2010,México,A,Cuauhtemoc Blanco,cuauhtemoc_blanco.php,10,Delantero
2345,2010,México,A,Carlos Vela,carlos_vela.php,11,Delantero
2346,2010,México,A,Javier Hernandez,javier_hernandez.php,14,Delantero
2347,2010,México,A,Giovani dos Santos,giovani_dos_santos.php,17,Delantero
2348,2010,México,A,Adolfo Bautista,adolfo_bautista.php,21,Delantero
2349,2010,México,A,Alberto Medina,alberto_medina.php,22,Delantero
2350,2010,Sudáfrica,A,Moneeb Josephs,moneeb_josephs.php,1,Arquero
2351,2010,Sudáfrica,A,Itumeleng Khune,itumeleng_khune.php,16,Arquero
2352,2010,Sudáfrica,A,Shu-Aib Walters,shu_aib_walters.php,22,Arquero
2353,2010,Sudáfrica,A,Siboniso Gaxa,siboniso_gaxa.php,2,Defensor
2354,2010,Sudáfrica,A,Tsepo Masilela,tsepo_masilela.php,3,Defensor
2355,2010,Sudáfrica,A,Aaron Mokoena,aaron_mokoena.php,4,Defensor
2356,2010,Sudáfrica,A,Anele Ngcongca,anele_ngcongca.php,5,Defensor
2357,2010,Sudáfrica,A,Matthew Booth,matthew_booth.php,14,Defensor
2358,2010,Sudáfrica,A,Lucas Thwala,lucas_thwala.php,15,Defensor
2359,2010,Sudáfrica,A,Bongani Khumalo,bongani_khumalo.php,20,Defensor
2360,2010,Sudáfrica,A,Siyabonga Sangweni,siyabonga_sangweni.php,21,Defensor
2361,2010,Sudáfrica,A,MacBeth Sibaya,macbeth_sibaya.php,6,Mediocampista
2362,2010,Sudáfrica,A,Lance Davids,lance_davids.php,7,Mediocampista
2363,2010,Sudáfrica,A,Siphiwe Tshabalala,siphiwe_tshabalala.php,8,Mediocampista
2364,2010,Sudáfrica,A,Steven Pienaar,steven_pienaar.php,10,Mediocampista
2365,2010,Sudáfrica,A,Teko Modise,teko_modise.php,11,Mediocampista
2366,2010,Sudáfrica,A,Reneilwe Letsholonyane,reneilwe_letsholonyane.php,12,Mediocampista
2367,2010,Sudáfrica,A,Kagisho Dikgacoi,kagisho_dikgacoi.php,13,Mediocampista
2368,2010,Sudáfrica,A,Surprise Moriri,surprise_moriri.php,19,Mediocampista
2369,2010,Sudáfrica,A,Thanduyise Khuboni,thanduyise_khuboni.php,23,Mediocampista
2370,2010,Sudáfrica,A,Katlego Mphela,katlego_mphela.php,9,Delantero
2371,2010,Sudáfrica,A,Bernard Parker,bernard_parker.php,17,Delantero
2372,2010,Sudáfrica,A,Siyabonga Nomvethe,siyabonga_nomvethe.php,18,Delantero
2373,2010,Uruguay,A,Fernando Muslera,fernando_muslera.php,1,Arquero
2374,2010,Uruguay,A,Juan Castillo,juan_castillo.php,12,Arquero
2375,2010,Uruguay,A,Martin Silva,martin_silva.php,23,Arquero
2376,2010,Uruguay,A,Diego Lugano,diego_lugano.php,2,Defensor
2377,2010,Uruguay,A,Diego Godin,diego_godin.php,3,Defensor
2378,2010,Uruguay,A,Jorge Fucile,jorge_fucile.php,4,Defensor
2379,2010,Uruguay,A,Mauricio Victorino,mauricio_victorino.php,6,Defensor
2380,2010,Uruguay,A,Maximiliano Pereira,maximiliano_pereira.php,16,Defensor
2381,2010,Uruguay,A,Andres Scotti,andres_scotti.php,19,Defensor
2382,2010,Uruguay,A,Martin Caceres,martin_caceres.php,22,Defensor
2383,2010,Uruguay,A,Walter Gargano,walter_gargano.php,5,Mediocampista
2384,2010,Uruguay,A,Sebastian Eguren,sebastian_eguren.php,8,Mediocampista
2385,2010,Uruguay,A,Alvaro Pereira,alvaro_pereira.php,11,Mediocampista
2386,2010,Uruguay,A,Nicolas Lodeiro,nicolas_lodeiro.php,14,Mediocampista
2387,2010,Uruguay,A,Diego Perez,diego_perez.php,15,Mediocampista
2388,2010,Uruguay,A,Egidio Arevalo,egidio_arevalo.php,17,Mediocampista
2389,2010,Uruguay,A,Ignacio Gonzalez,ignacio_gonzalez.php,18,Mediocampista
2390,2010,Uruguay,A,Alvaro Fernandez,alvaro_fernandez.php,20,Mediocampista
2391,2010,Uruguay,A,Edinson Cavani,edinson_cavani.php,7,Delantero
2392,2010,Uruguay,A,Luis Suarez,luis_suarez.php,9,Delantero
2393,2010,Uruguay,A,Diego Forlan,diego_forlan.php,10,Delantero
2394,2010,Uruguay,A,Sebastian Abreu,sebastian_abreu.php,13,Delantero
2395,2010,Uruguay,A,Sebastian Fernandez,sebastian_fernandez.php,21,Delantero
2396,2010,Argentina,B,Diego Pozo,diego_pozo.php,1,Arquero
2397,2010,Argentina,B,Mariano Andujar,mariano_andujar.php,21,Arquero
2398,2010,Argentina,B,Sergio Romero,sergio_romero.php,22,Arquero
2399,2010,Argentina,B,Martin Demichelis,martin_demichelis.php,2,Defensor
2400,2010,Argentina,B,Clemente Rodriguez,clemente_rodriguez.php,3,Defensor
2401,2010,Argentina,B,Nicolas Burdisso,nicolas_burdisso.php,4,Defensor
2402,2010,Argentina,B,Gabriel Heinze,gabriel_heinze.php,6,Defensor
2403,2010,Argentina,B,Ariel Garce,ariel_garce.php,12,Defensor
2404,2010,Argentina,B,Walter Samuel,walter_samuel.php,13,Defensor
2405,2010,Argentina,B,Nicolas Otamendi,nicolas_otamendi.php,15,Defensor
2406,2010,Argentina,B,Mario Bolatti,mario_bolatti.php,5,Mediocampista
2407,2010,Argentina,B,Angel Di Maria,angel_di_maria.php,7,Mediocampista
2408,2010,Argentina,B,Juan Veron,juan_veron.php,8,Mediocampista
2409,2010,Argentina,B,Javier Mascherano,javier_mascherano.php,14,Mediocampista
2410,2010,Argentina,B,Jonas Gutierrez,jonas_gutierrez.php,17,Mediocampista
2411,2010,Argentina,B,Maxi Rodriguez,maxi_rodriguez.php,20,Mediocampista
2412,2010,Argentina,B,Javier Pastore,javier_pastore.php,23,Mediocampista
2413,2010,Argentina,B,Gonzalo Higuain,gonzalo_higuain.php,9,Delantero
2414,2010,Argentina,B,Lionel Messi,lionel_messi.php,10,Delantero
2415,2010,Argentina,B,Carlos Tevez,carlos_tevez.php,11,Delantero
2416,2010,Argentina,B,Sergio Agüero,sergio_aguero.php,16,Delantero
2417,2010,Argentina,B,Martin Palermo,martin_palermo.php,18,Delantero
2418,2010,Argentina,B,Diego Milito,diego_milito.php,19,Delantero
2419,2010,Corea del Sur,B,Woon Jae Lee,woon_jae_lee.php,1,Arquero
2420,2010,Corea del Sur,B,Sung Ryong Jung,sung_ryong_jung.php,18,Arquero
2421,2010,Corea del Sur,B,Young Kwang Kim,young_kwang_kim.php,21,Arquero
2422,2010,Corea del Sur,B,Beom Seok Oh,beom_seok_oh.php,2,Defensor
2423,2010,Corea del Sur,B,Hyung Il Kim,hyung_il_kim.php,3,Defensor
2424,2010,Corea del Sur,B,Yong Hyung Cho,yong_hyung_cho.php,4,Defensor
2425,2010,Corea del Sur,B,Young Pyo Lee,young_pyo_lee.php,12,Defensor
2426,2010,Corea del Sur,B,Jung Soo Lee,jung_soo_lee.php,14,Defensor
2427,2010,Corea del Sur,B,Dong Jin Kim,dong_jin_kim.php,15,Defensor
2428,2010,Corea del Sur,B,Du Ri Cha,du_ri_cha.php,22,Defensor
2429,2010,Corea del Sur,B,Min Soo Kang,min_soo_kang.php,23,Defensor
2430,2010,Corea del Sur,B,Nam Il Kim,nam_il_kim.php,5,Mediocampista
2431,2010,Corea del Sur,B,Bo Kyung Kim,bo_kyung_kim.php,6,Mediocampista
2432,2010,Corea del Sur,B,Ji Sung Park,ji_sung_park.php,7,Mediocampista
2433,2010,Corea del Sur,B,Jung Woo Kim,jung_woo_kim.php,8,Mediocampista
2434,2010,Corea del Sur,B,Jae Sung Kim,jae_sung_kim.php,13,Mediocampista
2435,2010,Corea del Sur,B,Sung-yueng Ki,sung_yueng_ki.php,16,Mediocampista
2436,2010,Corea del Sur,B,Chung-yong Lee,chung_yong_lee.php,17,Mediocampista
2437,2010,Corea del Sur,B,Ki Hun Yeom,ki_hun_yeom.php,19,Mediocampista
2438,2010,Corea del Sur,B,Jung Hwan Ahn,jung_hwan_ahn.php,9,Delantero
2439,2010,Corea del Sur,B,Chu Young Park,chu_young_park.php,10,Delantero
2440,2010,Corea del Sur,B,Seung Yeoul Lee,seung_yeoul_lee.php,11,Delantero
2441,2010,Corea del Sur,B,Dong Gook Lee,dong_gook_lee.php,20,Delantero
2442,2010,Grecia,B,Konstantinos Chalkias,konstantinos_chalkias.php,1,Arquero
2443,2010,Grecia,B,Alexandros Tzorvas,alexandros_tzorvas.php,12,Arquero
2444,2010,Grecia,B,Michail Sifakis,michail_sifakis.php,13,Arquero
2445,2010,Grecia,B,Giourkas Seitaridis,giourkas_seitaridis.php,2,Defensor
2446,2010,Grecia,B,Christos Patsatzoglou,christos_patsatzoglou.php,3,Defensor
2447,2010,Grecia,B,Nikos Spiropoulos,nikos_spiropoulos.php,4,Defensor
2448,2010,Grecia,B,Vangelis Moras,vangelis_moras.php,5,Defensor
2449,2010,Grecia,B,Avraam Papadopoulos,avraam_papadopoulos.php,8,Defensor
2450,2010,Grecia,B,Loukas Vyntra,loukas_vyntra.php,11,Defensor
2451,2010,Grecia,B,Vasileios Torosidis,vasileios_torosidis.php,15,Defensor
2452,2010,Grecia,B,Sotirios Kyrgiakos,sotirios_kyrgiakos.php,16,Defensor
2453,2010,Grecia,B,Sokratis Papastathopoulos,sokratis_papastathopoulos.php,19,Defensor
2454,2010,Grecia,B,Stelios Malezas,stelios_malezas.php,22,Defensor
2455,2010,Grecia,B,Alexandros Tziolis,alexandros_tziolis.php,6,Mediocampista
2456,2010,Grecia,B,Georgios Karagounis,georgios_karagounis.php,10,Mediocampista
2457,2010,Grecia,B,Sotiris Ninis,sotiris_ninis.php,18,Mediocampista
2458,2010,Grecia,B,Konstantinos Katsouranis,konstantinos_katsouranis.php,21,Mediocampista
2459,2010,Grecia,B,Athanasios Prittas,athanasios_prittas.php,23,Mediocampista
2460,2010,Grecia,B,Georgios Samaras,georgios_samaras.php,7,Delantero
2461,2010,Grecia,B,Angelos Charisteas,angelos_charisteas.php,9,Delantero
2462,2010,Grecia,B,Dimitrios Salpingidis,dimitrios_salpingidis.php,14,Delantero
2463,2010,Grecia,B,Theofanis Gekas,theofanis_gekas.php,17,Delantero
2464,2010,Grecia,B,Pantelis Kapetanos,pantelis_kapetanos.php,20,Delantero
2465,2010,Nigeria,B,Vincent Enyeama,vincent_enyeama.php,1,Arquero
2466,2010,Nigeria,B,Austin Ejide,austin_ejide.php,16,Arquero
2467,2010,Nigeria,B,Dele Aiyenugba,dele_aiyenugba.php,23,Arquero
2468,2010,Nigeria,B,Joseph Yobo,joseph_yobo.php,2,Defensor
2469,2010,Nigeria,B,Taye Taiwo,taye_taiwo.php,3,Defensor
2470,2010,Nigeria,B,Rabiu Afolabi,rabiu_afolabi.php,5,Defensor
2471,2010,Nigeria,B,Danny Shittu,danny_shittu.php,6,Defensor
2472,2010,Nigeria,B,Chidi Odiah,chidi_odiah.php,17,Defensor
2473,2010,Nigeria,B,Uwa Echiejile,uwa_echiejile.php,21,Defensor
2474,2010,Nigeria,B,Dele Adeleye,dele_adeleye.php,22,Defensor
2475,2010,Nigeria,B,Nwankwo Kanu,nwankwo_kanu.php,4,Mediocampista
2476,2010,Nigeria,B,Kalu Uche,kalu_uche.php,12,Mediocampista
2477,2010,Nigeria,B,Yussuf Ayila,yussuf_ayila.php,13,Mediocampista
2478,2010,Nigeria,B,Sani Kaita,sani_kaita.php,14,Mediocampista
2479,2010,Nigeria,B,Lukman Haruna,lukman_haruna.php,15,Mediocampista
2480,2010,Nigeria,B,Dickson Etuhu,dickson_etuhu.php,20,Mediocampista
2481,2010,Nigeria,B,John Utaka,john_utaka.php,7,Delantero
2482,2010,Nigeria,B,Yakubu Aiyegbeni,yakubu_aiyegbeni.php,8,Delantero
2483,2010,Nigeria,B,Obafemi Martins,obafemi_martins.php,9,Delantero
2484,2010,Nigeria,B,Brown Ideye,brown_ideye.php,10,Delantero
2485,2010,Nigeria,B,Peter Odemwingie,peter_odemwingie.php,11,Delantero
2486,2010,Nigeria,B,Victor Obinna,victor_obinna.php,18,Delantero
2487,2010,Nigeria,B,Chinedu Ogbuke Obasi,chinedu_ogbuke_obasi.php,19,Delantero
2488,2010,Argelia,C,Lounes Gaouaoui,lounes_gaouaoui.php,1,Arquero
2489,2010,Argelia,C,Faouzi Chaouchi,faouzi_chaouchi.php,16,Arquero
2490,2010,Argelia,C,Rais M'Bolhi,rais_mbolhi.php,23,Arquero
2491,2010,Argelia,C,Madjid Bougherra,madjid_bougherra.php,2,Defensor
2492,2010,Argelia,C,Nadir Belhadj,nadir_belhadj.php,3,Defensor
2493,2010,Argelia,C,Anther Yahia,anther_yahia.php,4,Defensor
2494,2010,Argelia,C,Rafik Halliche,rafik_halliche.php,5,Defensor
2495,2010,Argelia,C,Habib Bellaid,habib_bellaid.php,12,Defensor
2496,2010,Argelia,C,Abdelkader Laifaoui,abdelkader_laifaoui.php,14,Defensor
2497,2010,Argelia,C,Carl Medjani,carl_medjani.php,18,Defensor
2498,2010,Argelia,C,Djamel Mesbah,djamel_mesbah.php,20,Defensor
2499,2010,Argelia,C,Yazid Mansouri,yazid_mansouri.php,6,Mediocampista
2500,2010,Argelia,C,Ryad Boudebouz,ryad_boudebouz.php,7,Mediocampista
2501,2010,Argelia,C,Medhi Lacen,medhi_lacen.php,8,Mediocampista
2502,2010,Argelia,C,Karim Matmour,karim_matmour.php,13,Mediocampista
2503,2010,Argelia,C,Karim Ziani,karim_ziani.php,15,Mediocampista
2504,2010,Argelia,C,Adlane Guedioura,adlane_guedioura.php,17,Mediocampista
2505,2010,Argelia,C,Hassan Yebda,hassan_yebda.php,19,Mediocampista
2506,2010,Argelia,C,Foued Kadir,foued_kadir.php,21,Mediocampista
2507,2010,Argelia,C,Djamal Abdoun,djamal_abdoun.php,22,Mediocampista
2508,2010,Argelia,C,Abdelkader Ghezzal,abdelkader_ghezzal.php,9,Delantero
2509,2010,Argelia,C,Rafik Saifi,rafik_saifi.php,10,Delantero
2510,2010,Argelia,C,Rafik Djebbour,rafik_djebbour.php,11,Delantero
2511,2010,Eslovenia,C,Samir Handanovic,samir_handanovic.php,1,Arquero
2512,2010,Eslovenia,C,Jasmin Handanovic,jasmin_handanovic.php,12,Arquero
2513,2010,Eslovenia,C,Aleksander Seliga,aleksander_seliga.php,16,Arquero
2514,2010,Eslovenia,C,Miso Brecko,miso_brecko.php,2,Defensor
2515,2010,Eslovenia,C,Elvedin Dzinic,elvedin_dzinic.php,3,Defensor
2516,2010,Eslovenia,C,Marko Suler,marko_suler.php,4,Defensor
2517,2010,Eslovenia,C,Bostjan Cesar,bostjan_cesar.php,5,Defensor
2518,2010,Eslovenia,C,Branko Ilic,branko_ilic.php,6,Defensor
2519,2010,Eslovenia,C,Bojan Jokic,bojan_jokic.php,13,Defensor
2520,2010,Eslovenia,C,Suad Filekovic,suad_filekovic.php,19,Defensor
2521,2010,Eslovenia,C,Matej Mavric,matej_mavric.php,22,Defensor
2522,2010,Eslovenia,C,Robert Koren,robert_koren.php,8,Mediocampista
2523,2010,Eslovenia,C,Valter Birsa,valter_birsa.php,10,Mediocampista
2524,2010,Eslovenia,C,Rene Krhin,rene_krhin.php,15,Mediocampista
2525,2010,Eslovenia,C,Andraz Kirm,andraz_kirm.php,17,Mediocampista
2526,2010,Eslovenia,C,Aleksandar Radosavljevic,aleksandar_radosavljevic.php,18,Mediocampista
2527,2010,Eslovenia,C,Andrej Komac,andrej_komac.php,20,Mediocampista
2528,2010,Eslovenia,C,Dalibor Stevanovic,dalibor_stevanovic.php,21,Mediocampista
2529,2010,Eslovenia,C,Nejc Pecnik,nejc_pecnik.php,7,Delantero
2530,2010,Eslovenia,C,Zlatan Ljubijankic,zlatan_ljubijankic.php,9,Delantero
2531,2010,Eslovenia,C,Milivoje Novakovic,milivoje_novakovic.php,11,Delantero
2532,2010,Eslovenia,C,Zlatko Dedic,zlatko_dedic.php,14,Delantero
2533,2010,Eslovenia,C,Tim Matavz,tim_matavz.php,23,Delantero
2534,2010,Estados Unidos,C,Tim Howard,tim_howard.php,1,Arquero
2535,2010,Estados Unidos,C,Brad Guzan,brad_guzan.php,18,Arquero
2536,2010,Estados Unidos,C,Marcus Hahnemann,marcus_hahnemann.php,23,Arquero
2537,2010,Estados Unidos,C,Jonathan Spector,jonathan_spector.php,2,Defensor
2538,2010,Estados Unidos,C,Carlos Bocanegra,carlos_bocanegra.php,3,Defensor
2539,2010,Estados Unidos,C,Oguchi Onyewu,oguchi_onyewu.php,5,Defensor
2540,2010,Estados Unidos,C,Steve Cherundolo,steve_cherundolo.php,6,Defensor
2541,2010,Estados Unidos,C,Jonathan Bornstein,jonathan_bornstein.php,12,Defensor
2542,2010,Estados Unidos,C,Jay Demerit,jay_demerit.php,15,Defensor
2543,2010,Estados Unidos,C,Clarence Goodson,clarence_goodson.php,21,Defensor
2544,2010,Estados Unidos,C,Michael Bradley,michael_bradley.php,4,Mediocampista
2545,2010,Estados Unidos,C,DaMarcus Beasley,damarcus_beasley.php,7,Mediocampista
2546,2010,Estados Unidos,C,Clint Dempsey,clint_dempsey.php,8,Mediocampista
2547,2010,Estados Unidos,C,Landon Donovan,landon_donovan.php,10,Mediocampista
2548,2010,Estados Unidos,C,Stuart Holden,stuart_holden.php,11,Mediocampista
2549,2010,Estados Unidos,C,Ricardo Clark,ricardo_clark.php,13,Mediocampista
2550,2010,Estados Unidos,C,Francisco Torres,francisco_torres.php,16,Mediocampista
2551,2010,Estados Unidos,C,Maurice Edu,maurice_edu.php,19,Mediocampista
2552,2010,Estados Unidos,C,Benny Feilhaber,benny_feilhaber.php,22,Mediocampista
2553,2010,Estados Unidos,C,Herculez Gomez,herculez_gomez.php,9,Delantero
2554,2010,Estados Unidos,C,Edson Buddle,edson_buddle.php,14,Delantero
2555,2010,Estados Unidos,C,Jozy Altidore,jozy_altidore.php,17,Delantero
2556,2010,Estados Unidos,C,Robbie Findley,robbie_findley.php,20,Delantero
2557,2010,Inglaterra,C,David James,david_james.php,1,Arquero
2558,2010,Inglaterra,C,Robert Green,robert_green.php,12,Arquero
2559,2010,Inglaterra,C,Joe Hart,joe_hart.php,23,Arquero
2560,2010,Inglaterra,C,Glen Johnson,glen_johnson.php,2,Defensor
2561,2010,Inglaterra,C,Ashley Cole,ashley_cole.php,3,Defensor
2562,2010,Inglaterra,C,Rio Ferdinand,rio_ferdinand.php,5,Defensor
2563,2010,Inglaterra,C,John Terry,john_terry.php,6,Defensor
2564,2010,Inglaterra,C,Stephen Warnock,stephen_warnock.php,13,Defensor
2565,2010,Inglaterra,C,Matt Upson,matt_upson.php,15,Defensor
2566,2010,Inglaterra,C,Jamie Carragher,jamie_carragher.php,18,Defensor
2567,2010,Inglaterra,C,Ledley King,ledley_king.php,20,Defensor
2568,2010,Inglaterra,C,Steven Gerrard,steven_gerrard.php,4,Mediocampista
2569,2010,Inglaterra,C,Aaron Lennon,aaron_lennon.php,7,Mediocampista
2570,2010,Inglaterra,C,Frank Lampard,frank_lampard.php,8,Mediocampista
2571,2010,Inglaterra,C,Joe Cole,joe_cole.php,11,Mediocampista
2572,2010,Inglaterra,C,Gareth Barry,gareth_barry.php,14,Mediocampista
2573,2010,Inglaterra,C,James Milner,james_milner.php,16,Mediocampista
2574,2010,Inglaterra,C,Shaun Wright-Phillips,shaun_wright_phillips.php,17,Mediocampista
2575,2010,Inglaterra,C,Michael Carrick,michael_carrick.php,22,Mediocampista
2576,2010,Inglaterra,C,Peter Crouch,peter_crouch.php,9,Delantero
2577,2010,Inglaterra,C,Wayne Rooney,wayne_rooney.php,10,Delantero
2578,2010,Inglaterra,C,Jermain Defoe,jermain_defoe.php,19,Delantero
2579,2010,Inglaterra,C,Emile Heskey,emile_heskey.php,21,Delantero
2580,2010,Alemania,D,Manuel Neuer,manuel_neuer.php,1,Arquero
2581,2010,Alemania,D,Tim Wiese,tim_wiese.php,12,Arquero
2582,2010,Alemania,D,Hans-Joerg Butt,hans_joerg_butt.php,22,Arquero
2583,2010,Alemania,D,Arne Friedrich,arne_friedrich.php,3,Defensor
2584,2010,Alemania,D,Dennis Aogo,dennis_aogo.php,4,Defensor
2585,2010,Alemania,D,Serdar Tasci,serdar_tasci.php,5,Defensor
2586,2010,Alemania,D,Holger Badstuber,holger_badstuber.php,14,Defensor
2587,2010,Alemania,D,Philipp Lahm,philipp_lahm.php,16,Defensor
2588,2010,Alemania,D,Per Mertesacker,per_mertesacker.php,17,Defensor
2589,2010,Alemania,D,Jérôme Boateng,jerome_boateng.php,20,Defensor
2590,2010,Alemania,D,Marcell Jansen,marcell_jansen.php,2,Mediocampista
2591,2010,Alemania,D,Sami Khedira,sami_khedira.php,6,Mediocampista
2592,2010,Alemania,D,Bastian Schweinsteiger,bastian_schweinsteiger.php,7,Mediocampista
2593,2010,Alemania,D,Mesut Ozil,mesut_ozil.php,8,Mediocampista
2594,2010,Alemania,D,Thomas Müller,thomas_mueller.php,13,Mediocampista
2595,2010,Alemania,D,Piotr Trochowski,piotr_trochowski.php,15,Mediocampista
2596,2010,Alemania,D,Toni Kroos,toni_kroos.php,18,Mediocampista
2597,2010,Alemania,D,Marko Marin,marko_marin.php,21,Mediocampista
2598,2010,Alemania,D,Stefan Kiessling,stefan_kiessling.php,9,Delantero
2599,2010,Alemania,D,Lukas Podolski,lukas_podolski.php,10,Delantero
2600,2010,Alemania,D,Miroslav Klose,miroslav_klose.php,11,Delantero
2601,2010,Alemania,D,Cacau,cacau.php,19,Delantero
2602,2010,Alemania,D,Mario Gomez,mario_gomez.php,23,Delantero
2603,2010,Australia,D,Mark Schwarzer,mark_schwarzer.php,1,Arquero
2604,2010,Australia,D,Adam Federici,adam_federici.php,12,Arquero
2605,2010,Australia,D,Brad Jones,brad_jones.php,18,Arquero
2606,2010,Australia,D,Lucas Neill,lucas_neill.php,2,Defensor
2607,2010,Australia,D,Craig Moore,craig_moore.php,3,Defensor
2608,2010,Australia,D,Michael Beauchamp,michael_beauchamp.php,6,Defensor
2609,2010,Australia,D,Luke Wilkshire,luke_wilkshire.php,8,Defensor
2610,2010,Australia,D,Scott Chipperfield,scott_chipperfield.php,11,Defensor
2611,2010,Australia,D,Mark Milligan,mark_milligan.php,20,Defensor
2612,2010,Australia,D,David Carney,david_carney.php,21,Defensor
2613,2010,Australia,D,Jason Culina,jason_culina.php,5,Mediocampista
2614,2010,Australia,D,Brett Emerton,brett_emerton.php,7,Mediocampista
2615,2010,Australia,D,Vince Grella,vince_grella.php,13,Mediocampista
2616,2010,Australia,D,Mile Jedinak,mile_jedinak.php,15,Mediocampista
2617,2010,Australia,D,Carl Valeri,carl_valeri.php,16,Mediocampista
2618,2010,Australia,D,Dario Vidosic,dario_vidosic.php,22,Mediocampista
2619,2010,Australia,D,Tim Cahill,tim_cahill.php,4,Delantero
2620,2010,Australia,D,Joshua Kennedy,joshua_kennedy.php,9,Delantero
2621,2010,Australia,D,Harry Kewell,harry_kewell.php,10,Delantero
2622,2010,Australia,D,Brett Holman,brett_holman.php,14,Delantero
2623,2010,Australia,D,Nikita Rukavytsya,nikita_rukavytsya.php,17,Delantero
2624,2010,Australia,D,Richard Garcia,richard_garcia.php,19,Delantero
2625,2010,Australia,D,Mark Bresciano,marco_bresciano.php,23,Delantero
2626,2010,Ghana,D,Daniel Agyei,daniel_agyei.php,1,Arquero
2627,2010,Ghana,D,Stephen Ahorlu,stephen_ahorlu.php,16,Arquero
2628,2010,Ghana,D,Richard Kingson,richard_kingson.php,22,Arquero
2629,2010,Ghana,D,Hans Sarpei,hans_sarpei.php,2,Defensor
2630,2010,Ghana,D,John Pantsil,john_pantsil.php,4,Defensor
2631,2010,Ghana,D,John Mensah,john_mensah.php,5,Defensor
2632,2010,Ghana,D,Samuel Inkoom,samuel_inkoom.php,7,Defensor
2633,2010,Ghana,D,Jonathan Mensah,jonathan_mensah.php,8,Defensor
2634,2010,Ghana,D,Isaac Vorsah,isaac_vorsah.php,15,Defensor
2635,2010,Ghana,D,Ibrahim Ayew,ibrahim_ayew.php,17,Defensor
2636,2010,Ghana,D,Lee Addy,lee_addy.php,19,Defensor
2637,2010,Ghana,D,Anthony Annan,anthony_annan.php,6,Mediocampista
2638,2010,Ghana,D,Derek Boateng,derek_boateng.php,9,Mediocampista
2639,2010,Ghana,D,Stephen Appiah,stephen_appiah.php,10,Mediocampista
2640,2010,Ghana,D,Sulley Muntari,sulley_muntari.php,11,Mediocampista
2641,2010,Ghana,D,Andre Ayew,andre_ayew.php,13,Mediocampista
2642,2010,Ghana,D,Kwadwo Asamoah,kwadwo_asamoah.php,21,Mediocampista
2643,2010,Ghana,D,Asamoah Gyan,asamoah_gyan.php,3,Delantero
2644,2010,Ghana,D,Prince Tagoe,prince_tagoe.php,12,Delantero
2645,2010,Ghana,D,Matthew Amoah,matthew_amoah.php,14,Delantero
2646,2010,Ghana,D,Dominic Adiyiah,dominic_adiyiah.php,18,Delantero
2647,2010,Ghana,D,Quincy Owusu-Abeyie,quincy_owusu_abeyie.php,20,Delantero
2648,2010,Ghana,D,Kevin Prince Boateng,kevin_prince_boateng.php,23,Delantero
2649,2010,Serbia,D,Vladimir Stojkovic,vladimir_stojkovic.php,1,Arquero
2650,2010,Serbia,D,Bojan Isailovic,bojan_isailovic.php,12,Arquero
2651,2010,Serbia,D,Andjelko Djuricic,andjelko_djuricic.php,23,Arquero
2652,2010,Serbia,D,Antonio Rukavina,antonio_rukavina.php,2,Defensor
2653,2010,Serbia,D,Aleksandar Kolarov,aleksandar_kolarov.php,3,Defensor
2654,2010,Serbia,D,Nemanja Vidic,nemanja_vidic.php,5,Defensor
2655,2010,Serbia,D,Branislav Ivanovic,branislav_ivanovic.php,6,Defensor
2656,2010,Serbia,D,Aleksandar Lukovic,aleksandar_lukovic.php,13,Defensor
2657,2010,Serbia,D,Ivan Obradovic,ivan_obradovic.php,16,Defensor
2658,2010,Serbia,D,Neven Subotic,neven_subotic.php,20,Defensor
2659,2010,Serbia,D,Gojko Kacar,gojko_kacar.php,4,Mediocampista
2660,2010,Serbia,D,Zoran Tosic,zoran_tosic.php,7,Mediocampista
2661,2010,Serbia,D,Dejan Stankovic,dejan_stankovic.php,10,Mediocampista
2662,2010,Serbia,D,Nenad Milijas,nenad_milijas.php,11,Mediocampista
2663,2010,Serbia,D,Milan Jovanovic,milan_jovanovic.php,14,Mediocampista
2664,2010,Serbia,D,Milos Krasic,milos_krasic.php,17,Mediocampista
2665,2010,Serbia,D,Milos Ninkovic,milos_ninkovic.php,18,Mediocampista
2666,2010,Serbia,D,Radosav Petrovic,radosav_petrovic.php,19,Mediocampista
2667,2010,Serbia,D,Zdravko Kuzmanovic,zdravko_kuzmanovic.php,22,Mediocampista
2668,2010,Serbia,D,Danko Lazovic,danko_lazovic.php,8,Delantero
2669,2010,Serbia,D,Marko Pantelic,marko_pantelic.php,9,Delantero
2670,2010,Serbia,D,Nikola Zigic,nikola_zigic.php,15,Delantero
2671,2010,Serbia,D,Dragan Mrdja,dragan_mrdja.php,21,Delantero
2672,2010,Camerún,E,Idriss Kameni,idriss_kameni.php,1,Arquero
2673,2010,Camerún,E,Souleymanou Hamidou,souleymanou_hamidou.php,16,Arquero
2674,2010,Camerún,E,Guy Ndy,guy_ndy.php,22,Arquero
2675,2010,Camerún,E,Benoit Assou-Ekotto,benoit_assou_ekotto.php,2,Defensor
2676,2010,Camerún,E,Nicolas Nkoulou,nicolas_nkoulou.php,3,Defensor
2677,2010,Camerún,E,Rigobert Song,rigobert_song.php,4,Defensor
2678,2010,Camerún,E,Sebastien Bassong,sebastien_bassong.php,5,Defensor
2679,2010,Camerún,E,Geremi,geremi.php,8,Defensor
2680,2010,Camerún,E,Gaetan Bong,gaetan_bong.php,12,Defensor
2681,2010,Camerún,E,Aurelien Chedjou,aurelien_chedjou.php,14,Defensor
2682,2010,Camerún,E,Stephane Mbia,stephane_mbia.php,19,Defensor
2683,2010,Camerún,E,Alexandre Song,alexandre_song.php,6,Mediocampista
2684,2010,Camerún,E,Landry N'Guémo,landry_nguemo.php,7,Mediocampista
2685,2010,Camerún,E,Jean Makoun,jean_makoun.php,11,Mediocampista
2686,2010,Camerún,E,Eyong Enoh,eyong_enoh.php,18,Mediocampista
2687,2010,Camerún,E,Georges Mandjeck,georges_mandjeck.php,20,Mediocampista
2688,2010,Camerún,E,Joel Matip,joel_matip.php,21,Mediocampista
2689,2010,Camerún,E,Samuel Eto'o,samuel_etoo.php,9,Delantero
2690,2010,Camerún,E,Achille Emana,achille_emana.php,10,Delantero
2691,2010,Camerún,E,Eric Maxim Choupo Moting,eric_choupo_moting.php,13,Delantero
2692,2010,Camerún,E,Pierre Webo,pierre_webo.php,15,Delantero
2693,2010,Camerún,E,Mohamadou Idrissou,mohamadou_idrissou.php,17,Delantero
2694,2010,Camerún,E,Vincent Aboubakar,vincent_aboubakar.php,23,Delantero
2695,2010,Dinamarca,E,Thomas Sorensen,thomas_sorensen.php,1,Arquero
2696,2010,Dinamarca,E,Stephan Andersen,stephan_andersen.php,16,Arquero
2697,2010,Dinamarca,E,Jesper Christiansen,jesper_christiansen.php,22,Arquero
2698,2010,Dinamarca,E,Simon Kjaer,simon_kjaer.php,3,Defensor
2699,2010,Dinamarca,E,Daniel Agger,daniel_agger.php,4,Defensor
2700,2010,Dinamarca,E,Lars Jacobsen,lars_jacobsen.php,6,Defensor
2701,2010,Dinamarca,E,Per Kroldrup,per_kroldrup.php,13,Defensor
2702,2010,Dinamarca,E,Simon Poulsen,simon_poulsen.php,15,Defensor
2703,2010,Dinamarca,E,Patrick Mtiliga,patrick_mtiliga.php,23,Defensor
2704,2010,Dinamarca,E,Christian Poulsen,christian_poulsen.php,2,Mediocampista
2705,2010,Dinamarca,E,William Kvist,william_kvist.php,5,Mediocampista
2706,2010,Dinamarca,E,Daniel Jensen,daniel_jensen.php,7,Mediocampista
2707,2010,Dinamarca,E,Martin Jorgensen,martin_jorgensen.php,10,Mediocampista
2708,2010,Dinamarca,E,Thomas Kahlenberg,thomas_kahlenberg.php,12,Mediocampista
2709,2010,Dinamarca,E,Jakob Poulsen,jakob_poulsen.php,14,Mediocampista
2710,2010,Dinamarca,E,Thomas Enevoldsen,thomas_enevoldsen.php,20,Mediocampista
2711,2010,Dinamarca,E,Christian Eriksen,christian_eriksen.php,21,Mediocampista
2712,2010,Dinamarca,E,Jesper Gronkjaer,jesper_gronkjaer.php,8,Delantero
2713,2010,Dinamarca,E,Jon Dahl Tomasson,jon_dahl_tomasson.php,9,Delantero
2714,2010,Dinamarca,E,Nicklas Bendtner,nicklas_bendtner.php,11,Delantero
2715,2010,Dinamarca,E,Mikkel Beckmann,mikkel_beckmann.php,17,Delantero
2716,2010,Dinamarca,E,Soren Larsen,soren_larsen.php,18,Delantero
2717,2010,Dinamarca,E,Dennis Rommedahl,dennis_rommedahl.php,19,Delantero
2718,2010,Japón,E,Seigo Narazaki,seigo_narazaki.php,1,Arquero
2719,2010,Japón,E,Eiji Kawashima,eiji_kawashima.php,21,Arquero
2720,2010,Japón,E,Yoshikatsu Kawaguchi,yoshikatsu_kawaguchi.php,23,Arquero
2721,2010,Japón,E,Yuichi Komano,yuichi_komano.php,3,Defensor
2722,2010,Japón,E,Marcus Tulio Tanaka,marcus_tulio_tanaka.php,4,Defensor
2723,2010,Japón,E,Yuto Nagatomo,yuto_nagatomo.php,5,Defensor
2724,2010,Japón,E,Atsuto Uchida,atsuto_uchida.php,6,Defensor
2725,2010,Japón,E,Daiki Iwamasa,daiki_iwamasa.php,13,Defensor
2726,2010,Japón,E,Yasuyuki Konno,yasuyuki_konno.php,15,Defensor
2727,2010,Japón,E,Yuji Nakazawa,yuji_nakazawa.php,22,Defensor
2728,2010,Japón,E,Yuki Abe,yuki_abe.php,2,Mediocampista
2729,2010,Japón,E,Yasuhito Endo,yasuhito_endo.php,7,Mediocampista
2730,2010,Japón,E,Daisuke Matsui,daisuke_matsui.php,8,Mediocampista
2731,2010,Japón,E,Shunsuke Nakamura,shunsuke_nakamura.php,10,Mediocampista
2732,2010,Japón,E,Kengo Nakamura,kengo_nakamura.php,14,Mediocampista
2733,2010,Japón,E,Makoto Hasebe,makoto_hasebe.php,17,Mediocampista
2734,2010,Japón,E,Keisuke Honda,keisuke_honda.php,18,Mediocampista
2735,2010,Japón,E,Junichi Inamoto,junichi_inamoto.php,20,Mediocampista
2736,2010,Japón,E,Shinji Okazaki,shinji_okazaki.php,9,Delantero
2737,2010,Japón,E,Keiji Tamada,keiji_tamada.php,11,Delantero
2738,2010,Japón,E,Kisho Yano,kisho_yano.php,12,Delantero
2739,2010,Japón,E,Yoshito Okubo,yoshito_okubo.php,16,Delantero
2740,2010,Japón,E,Takayuki Morimoto,takayuki_morimoto.php,19,Delantero
2741,2010,Paises Bajos,E,Maarten Stekelenburg,maarten_stekelenburg.php,1,Arquero
2742,2010,Paises Bajos,E,Michel Vorm,michel_vorm.php,16,Arquero
2743,2010,Paises Bajos,E,Sander Boschker,sander_boschker.php,22,Arquero
2744,2010,Paises Bajos,E,Gregory Van Der Wiel,gregory_van_der_wiel.php,2,Defensor
2745,2010,Paises Bajos,E,John Heitinga,john_heitinga.php,3,Defensor
2746,2010,Paises Bajos,E,Joris Mathijsen,joris_mathijsen.php,4,Defensor
2747,2010,Paises Bajos,E,Giovanni Van Bronckhorst,giovanni_van_bronckhorst.php,5,Defensor
2748,2010,Paises Bajos,E,Khalid Boulahrouz,khalid_boulahrouz.php,12,Defensor
2749,2010,Paises Bajos,E,Andre Ooijer,andre_ooijer.php,13,Defensor
2750,2010,Paises Bajos,E,Edson Braafheid,edson_braafheid.php,15,Defensor
2751,2010,Paises Bajos,E,Mark Van Bommel,mark_van_bommel.php,6,Mediocampista
2752,2010,Paises Bajos,E,Nigel De Jong,nigel_de_jong.php,8,Mediocampista
2753,2010,Paises Bajos,E,Wesley Sneijder,wesley_sneijder.php,10,Mediocampista
2754,2010,Paises Bajos,E,Demy De Zeeuw,demy_de_zeeuw.php,14,Mediocampista
2755,2010,Paises Bajos,E,Stijn Schaars,stijn_schaars.php,18,Mediocampista
2756,2010,Paises Bajos,E,Ibrahim Afellay,ibrahim_afellay.php,20,Mediocampista
2757,2010,Paises Bajos,E,Rafael Van Der Vaart,rafael_van_der_vaart.php,23,Mediocampista
2758,2010,Paises Bajos,E,Dirk Kuyt,dirk_kuyt.php,7,Delantero
2759,2010,Paises Bajos,E,Robin Van Persie,robin_van_persie.php,9,Delantero
2760,2010,Paises Bajos,E,Arjen Robben,arjen_robben.php,11,Delantero
2761,2010,Paises Bajos,E,Eljero Elia,eljero_elia.php,17,Delantero
2762,2010,Paises Bajos,E,Ryan Babel,ryan_babel.php,19,Delantero
2763,2010,Paises Bajos,E,Klaas Jan Huntelaar,klaas_jan_huntelaar.php,21,Delantero
2764,2010,Eslovaquia,F,Jan Mucha,jan_mucha.php,1,Arquero
2765,2010,Eslovaquia,F,Dusan Pernis,dusan_pernis.php,12,Arquero
2766,2010,Eslovaquia,F,Dusan Kuciak,dusan_kuciak.php,23,Arquero
2767,2010,Eslovaquia,F,Peter Pekarik,peter_pekarik.php,2,Defensor
2768,2010,Eslovaquia,F,Martin Skrtel,martin_skrtel.php,3,Defensor
2769,2010,Eslovaquia,F,Marek Cech,marek_cech.php,4,Defensor
2770,2010,Eslovaquia,F,Radoslav Zabavnik,radoslav_zabavnik.php,5,Defensor
2771,2010,Eslovaquia,F,Jan Durica,jan_durica.php,16,Defensor
2772,2010,Eslovaquia,F,Kornel Salata,kornel_salata.php,21,Defensor
2773,2010,Eslovaquia,F,Martin Petras,martin_petras.php,22,Defensor
2774,2010,Eslovaquia,F,Zdenko Strba,zdenko_strba.php,6,Mediocampista
2775,2010,Eslovaquia,F,Vladimir Weiss,vladimir_weiss.php,7,Mediocampista
2776,2010,Eslovaquia,F,Jan Kozak,jan_kozak.php,8,Mediocampista
2777,2010,Eslovaquia,F,Marek Sapara,marek_sapara.php,10,Mediocampista
2778,2010,Eslovaquia,F,Miroslav Stoch,miroslav_stoch.php,15,Mediocampista
2779,2010,Eslovaquia,F,Marek Hamsik,marek_hamsik.php,17,Mediocampista
2780,2010,Eslovaquia,F,Juraj Kucka,juraj_kucka.php,19,Mediocampista
2781,2010,Eslovaquia,F,Kamil Kopunek,kamil_kopunek.php,20,Mediocampista
2782,2010,Eslovaquia,F,Stanislav Sestak,stanislav_sestak.php,9,Delantero
2783,2010,Eslovaquia,F,Robert Vittek,robert_vittek.php,11,Delantero
2784,2010,Eslovaquia,F,Filip Holosko,filip_holosko.php,13,Delantero
2785,2010,Eslovaquia,F,Martin Jakubko,martin_jakubko.php,14,Delantero
2786,2010,Eslovaquia,F,Erik Jendrisek,erik_jendrisek.php,18,Delantero
2787,2010,Italia,F,Gianluigi Buffon,gianluigi_buffon.php,1,Arquero
2788,2010,Italia,F,Federico Marchetti,federico_marchetti.php,12,Arquero
2789,2010,Italia,F,Morgan De Sanctis,morgan_de_sanctis.php,14,Arquero
2790,2010,Italia,F,Christian Maggio,christian_maggio.php,2,Defensor
2791,2010,Italia,F,Domenico Criscito,domenico_criscito.php,3,Defensor
2792,2010,Italia,F,Giorgio Chiellini,giorgio_chiellini.php,4,Defensor
2793,2010,Italia,F,Fabio Cannavaro,fabio_cannavaro.php,5,Defensor
2794,2010,Italia,F,Salvatore Bocchetti,salvatore_bocchetti.php,13,Defensor
2795,2010,Italia,F,Gianluca Zambrotta,gianluca_zambrotta.php,19,Defensor
2796,2010,Italia,F,Leonardo Bonucci,leonardo_bonucci.php,23,Defensor
2797,2010,Italia,F,Daniele De Rossi,daniele_de_rossi.php,6,Mediocampista
2798,2010,Italia,F,Simone Pepe,simone_pepe.php,7,Mediocampista
2799,2010,Italia,F,Gennaro Gattuso,gennaro_gattuso.php,8,Mediocampista
2800,2010,Italia,F,Claudio Marchisio,claudio_marchisio.php,15,Mediocampista
2801,2010,Italia,F,Mauro Camoranesi,mauro_camoranesi.php,16,Mediocampista
2802,2010,Italia,F,Angelo Palombo,angelo_palombo.php,17,Mediocampista
2803,2010,Italia,F,Andrea Pirlo,andrea_pirlo.php,21,Mediocampista
2804,2010,Italia,F,Riccardo Montolivo,riccardo_montolivo.php,22,Mediocampista
2805,2010,Italia,F,Vincenzo Iaquinta,vincenzo_iaquinta.php,9,Delantero
2806,2010,Italia,F,Antonio Di Natale,antonio_di_natale.php,10,Delantero
2807,2010,Italia,F,Alberto Gilardino,alberto_gilardino.php,11,Delantero
2808,2010,Italia,F,Fabio Quagliarella,fabio_quagliarella.php,18,Delantero
2809,2010,Italia,F,Giampaolo Pazzini,giampaolo_pazzini.php,20,Delantero
2810,2010,Nueva Zelanda,F,Mark Paston,mark_paston.php,1,Arquero
2811,2010,Nueva Zelanda,F,Glen Moss,glen_moss.php,12,Arquero
2812,2010,Nueva Zelanda,F,James Bannatyne,james_bannatyne.php,23,Arquero
2813,2010,Nueva Zelanda,F,Ben Sigmund,ben_sigmund.php,2,Defensor
2814,2010,Nueva Zelanda,F,Tony Lochhead,tony_lochhead.php,3,Defensor
2815,2010,Nueva Zelanda,F,Winston Reid,winston_reid.php,4,Defensor
2816,2010,Nueva Zelanda,F,Ivan Vicelich,ivan_vicelich.php,5,Defensor
2817,2010,Nueva Zelanda,F,Ryan Nelsen,ryan_nelsen.php,6,Defensor
2818,2010,Nueva Zelanda,F,Andy Boyens,andy_boyens.php,18,Defensor
2819,2010,Nueva Zelanda,F,Tommy Smith,tommy_smith.php,19,Defensor
2820,2010,Nueva Zelanda,F,Simon Elliott,simon_elliott.php,7,Mediocampista
2821,2010,Nueva Zelanda,F,Tim Brown,tim_brown.php,8,Mediocampista
2822,2010,Nueva Zelanda,F,Leo Bertos,leo_bertos.php,11,Mediocampista
2823,2010,Nueva Zelanda,F,Andy Barron,andy_barron.php,13,Mediocampista
2824,2010,Nueva Zelanda,F,Michael Mcglinchey,michael_mcglinchey.php,15,Mediocampista
2825,2010,Nueva Zelanda,F,Aaron Clapham,aaron_clapham.php,16,Mediocampista
2826,2010,Nueva Zelanda,F,Dave Mulligan,dave_mulligan.php,17,Mediocampista
2827,2010,Nueva Zelanda,F,Jeremy Christie,jeremy_christie.php,21,Mediocampista
2828,2010,Nueva Zelanda,F,Shane Smeltz,shane_smeltz.php,9,Delantero
2829,2010,Nueva Zelanda,F,Chris Killen,chris_killen.php,10,Delantero
2830,2010,Nueva Zelanda,F,Rory Fallon,rory_fallon.php,14,Delantero
2831,2010,Nueva Zelanda,F,Chris Wood,chris_wood.php,20,Delantero
2832,2010,Nueva Zelanda,F,Jeremy Brockie,jeremy_brockie.php,22,Delantero
2833,2010,Paraguay,F,Justo Villar,justo_villar.php,1,Arquero
2834,2010,Paraguay,F,Diego Barreto,diego_barreto.php,12,Arquero
2835,2010,Paraguay,F,Aldo Bobadilla,aldo_bobadilla.php,22,Arquero
2836,2010,Paraguay,F,Dario Veron,dario_veron.php,2,Defensor
2837,2010,Paraguay,F,Claudio Morel,claudio_morel.php,3,Defensor
2838,2010,Paraguay,F,Denis Caniza,denis_caniza.php,4,Defensor
2839,2010,Paraguay,F,Julio Cesar Caceres,julio_cesar_caceres.php,5,Defensor
2840,2010,Paraguay,F,Paulo Da Silva,paulo_da_silva.php,14,Defensor
2841,2010,Paraguay,F,Aureliano Torres,aureliano_torres.php,17,Defensor
2842,2010,Paraguay,F,Antolin Alcaraz,antolin_alcaraz.php,21,Defensor
2843,2010,Paraguay,F,Carlos Bonet,carlos_bonet.php,6,Mediocampista
2844,2010,Paraguay,F,Edgar Barreto,edgar_barreto.php,8,Mediocampista
2845,2010,Paraguay,F,Jonathan Santana,jonathan_santana.php,11,Mediocampista
2846,2010,Paraguay,F,Enrique Vera,enrique_vera.php,13,Mediocampista
2847,2010,Paraguay,F,Victor Caceres,victor_caceres.php,15,Mediocampista
2848,2010,Paraguay,F,Cristian Riveros,cristian_riveros.php,16,Mediocampista
2849,2010,Paraguay,F,Nestor Ortigoza,nestor_ortigoza.php,20,Mediocampista
2850,2010,Paraguay,F,Oscar Cardozo,oscar_cardozo.php,7,Delantero
2851,2010,Paraguay,F,Roque Santa Cruz,roque_santa_cruz.php,9,Delantero
2852,2010,Paraguay,F,Edgar Benitez,edgar_benitez.php,10,Delantero
2853,2010,Paraguay,F,Nelson Valdez,nelson_valdez.php,18,Delantero
2854,2010,Paraguay,F,Lucas Barrios,lucas_barrios.php,19,Delantero
2855,2010,Paraguay,F,Rodolfo Gamarra,rodolfo_gamarra.php,23,Delantero
2856,2010,Brasil,G,Julio Cesar,julio_cesar_2.php,1,Arquero
2857,2010,Brasil,G,Gomes,gomes.php,12,Arquero
2858,2010,Brasil,G,Doni,doni.php,22,Arquero
2859,2010,Brasil,G,Maicon,maicon.php,2,Defensor
2860,2010,Brasil,G,Lucio,lucio.php,3,Defensor
2861,2010,Brasil,G,Juan,juan.php,4,Defensor
2862,2010,Brasil,G,Michel Bastos,michel_bastos.php,6,Defensor
2863,2010,Brasil,G,Dani Alves,dani_alves.php,13,Defensor
2864,2010,Brasil,G,Luisao,luisao.php,14,Defensor
2865,2010,Brasil,G,Thiago Silva,thiago_silva.php,15,Defensor
2866,2010,Brasil,G,Gilberto Melo,gilberto_melo.php,16,Defensor
2867,2010,Brasil,G,Felipe Melo,felipe_melo.php,5,Mediocampista
2868,2010,Brasil,G,Elano,elano.php,7,Mediocampista
2869,2010,Brasil,G,Gilberto Silva,gilberto_silva.php,8,Mediocampista
2870,2010,Brasil,G,Kaká,kaka.php,10,Mediocampista
2871,2010,Brasil,G,Josue,josue.php,17,Mediocampista
2872,2010,Brasil,G,Ramires,ramires.php,18,Mediocampista
2873,2010,Brasil,G,Julio Baptista,julio_baptista.php,19,Mediocampista
2874,2010,Brasil,G,Kleberson,kleberson.php,20,Mediocampista
2875,2010,Brasil,G,Luis Fabiano,luis_fabiano.php,9,Delantero
2876,2010,Brasil,G,Robinho,robinho.php,11,Delantero
2877,2010,Brasil,G,Nilmar,nilmar.php,21,Delantero
2878,2010,Brasil,G,Grafite,grafite.php,23,Delantero
2879,2010,Corea del Norte,G,Myong Guk Ri,myong_guk_ri.php,1,Arquero
2880,2010,Corea del Norte,G,Myong Gil Kim,myong_gil_kim.php,18,Arquero
2881,2010,Corea del Norte,G,Myong Won Kim,myong_won_kim.php,20,Arquero
2882,2010,Corea del Norte,G,Jong Hyok Cha,jong_hyok_cha.php,2,Defensor
2883,2010,Corea del Norte,G,Jun Il Ri,jun_il_ri.php,3,Defensor
2884,2010,Corea del Norte,G,Kwang Chon Ri,kwang_chon_ri.php,5,Defensor
2885,2010,Corea del Norte,G,Yun Nam Ji,yun_nam_ji.php,8,Defensor
2886,2010,Corea del Norte,G,Chol Jin Pak,chol_jin_pak.php,13,Defensor
2887,2010,Corea del Norte,G,Nam Chol Pak,nam_chol_pak.php,14,Defensor
2888,2010,Corea del Norte,G,Song Chol Nam,song_chol_nam.php,16,Defensor
2889,2010,Corea del Norte,G,Kwang Hyok Ri,kwang_hyok_ri.php,21,Defensor
2890,2010,Corea del Norte,G,Nam Chol Pak,nam_chol_pak_2.php,4,Mediocampista
2891,2010,Corea del Norte,G,Kum Il Kim,kum_il_kim.php,6,Mediocampista
2892,2010,Corea del Norte,G,In Guk Mun,in_guk_mun.php,11,Mediocampista
2893,2010,Corea del Norte,G,Yong Jun Kim,yong_jun_kim.php,15,Mediocampista
2894,2010,Corea del Norte,G,Yong Hak An,yong_hak_an.php,17,Mediocampista
2895,2010,Corea del Norte,G,Chol Myong Ri,chol_myong_ri.php,19,Mediocampista
2896,2010,Corea del Norte,G,Kyong Il Kim,kyong_il_kim.php,22,Mediocampista
2897,2010,Corea del Norte,G,Sung Hyok Pak,sung_hyok_pak.php,23,Mediocampista
2898,2010,Corea del Norte,G,Chol Hyok An,chol_hyok_an.php,7,Delantero
2899,2010,Corea del Norte,G,Tae Se Jong,tae_se_jong.php,9,Delantero
2900,2010,Corea del Norte,G,Yong Jo Hong,yong_jo_hong.php,10,Delantero
2901,2010,Corea del Norte,G,Kum Chol Choe,kum_chol_choe.php,12,Delantero
2902,2010,Costa de Marfil,G,Boubacar Barry,boubacar_barry.php,1,Arquero
2903,2010,Costa de Marfil,G,Aristide Zogbo,aristide_zogbo.php,16,Arquero
2904,2010,Costa de Marfil,G,Daniel Yeboah,daniel_yeboah.php,23,Arquero
2905,2010,Costa de Marfil,G,Brou Angoua,brou_angoua.php,2,Defensor
2906,2010,Costa de Marfil,G,Arthur Boka,arthur_boka.php,3,Defensor
2907,2010,Costa de Marfil,G,Kolo Toure,kolo_toure.php,4,Defensor
2908,2010,Costa de Marfil,G,Steve Gohouri,steve_gohouri.php,6,Defensor
2909,2010,Costa de Marfil,G,Siaka Tiene,siaka_tiene.php,17,Defensor
2910,2010,Costa de Marfil,G,Guy Demel,guy_demel.php,20,Defensor
2911,2010,Costa de Marfil,G,Emmanuel Eboue,emmanuel_eboue.php,21,Defensor
2912,2010,Costa de Marfil,G,Souleymane Bamba,souleymane_bamba.php,22,Defensor
2913,2010,Costa de Marfil,G,Didier Zokora,didier_zokora.php,5,Mediocampista
2914,2010,Costa de Marfil,G,Ismael Tiote,ismael_tiote.php,9,Mediocampista
2915,2010,Costa de Marfil,G,Jean Jacques Gosso,jean_jacques_gosso.php,12,Mediocampista
2916,2010,Costa de Marfil,G,Romaric,romaric.php,13,Mediocampista
2917,2010,Costa de Marfil,G,Emmanuel Kone,emmanuel_kone.php,14,Mediocampista
2918,2010,Costa de Marfil,G,Yaya Toure,yaya_toure.php,19,Mediocampista
2919,2010,Costa de Marfil,G,Seydou Doumbia,seydou_doumbia.php,7,Delantero
2920,2010,Costa de Marfil,G,Salomon Kalou,salomon_kalou.php,8,Delantero
2921,2010,Costa de Marfil,G,Gervinho,gervinho.php,10,Delantero
2922,2010,Costa de Marfil,G,Didier Drogba,didier_drogba.php,11,Delantero
2923,2010,Costa de Marfil,G,Aruna Dindane,aruna_dindane.php,15,Delantero
2924,2010,Costa de Marfil,G,Kader Keita,kader_keita.php,18,Delantero
2925,2010,Portugal,G,Eduardo,eduardo.php,1,Arquero
2926,2010,Portugal,G,Beto,beto.php,12,Arquero
2927,2010,Portugal,G,Daniel Fernandes,daniel_fernandes.php,22,Arquero
2928,2010,Portugal,G,Bruno Alves,bruno_alves.php,2,Defensor
2929,2010,Portugal,G,Paulo Ferreira,paulo_ferreira.php,3,Defensor
2930,2010,Portugal,G,Rolando,rolando.php,4,Defensor
2931,2010,Portugal,G,Duda,duda.php,5,Defensor
2932,2010,Portugal,G,Ricardo Carvalho,ricardo_carvalho.php,6,Defensor
2933,2010,Portugal,G,Miguel,miguel.php,13,Defensor
2934,2010,Portugal,G,Ricardo Costa,ricardo_costa.php,21,Defensor
2935,2010,Portugal,G,Fabio Coentrao,fabio_coentrao.php,23,Defensor
2936,2010,Portugal,G,Pedro Mendes,pedro_mendes.php,8,Mediocampista
2937,2010,Portugal,G,Miguel Veloso,miguel_veloso.php,14,Mediocampista
2938,2010,Portugal,G,Pepe,pepe.php,15,Mediocampista
2939,2010,Portugal,G,Raul Meireles,raul_meireles.php,16,Mediocampista
2940,2010,Portugal,G,Ruben Amorim,ruben_amorim.php,17,Mediocampista
2941,2010,Portugal,G,Tiago,tiago.php,19,Mediocampista
2942,2010,Portugal,G,Deco,deco.php,20,Mediocampista
2943,2010,Portugal,G,Cristiano Ronaldo,cristiano_ronaldo.php,7,Delantero
2944,2010,Portugal,G,Liedson,liedson.php,9,Delantero
2945,2010,Portugal,G,Danny,danny.php,10,Delantero
2946,2010,Portugal,G,Simao,simao.php,11,Delantero
2947,2010,Portugal,G,Hugo Almeida,hugo_almeida.php,18,Delantero
2948,2010,Chile,H,Claudio Bravo,claudio_bravo.php,1,Arquero
2949,2010,Chile,H,Miguel Pinto,miguel_pinto.php,12,Arquero
2950,2010,Chile,H,Luis Marin,luis_marin.php,23,Arquero
2951,2010,Chile,H,Ismael Fuentes,ismael_fuentes.php,2,Defensor
2952,2010,Chile,H,Waldo Ponce,waldo_ponce.php,3,Defensor
2953,2010,Chile,H,Mauricio Isla,mauricio_isla.php,4,Defensor
2954,2010,Chile,H,Pablo Contreras,pablo_contreras.php,5,Defensor
2955,2010,Chile,H,Gary Medel,gary_medel.php,17,Defensor
2956,2010,Chile,H,Gonzalo Jara,gonzalo_jara.php,18,Defensor
2957,2010,Chile,H,Carlos Carmona,carlos_carmona.php,6,Mediocampista
2958,2010,Chile,H,Arturo Vidal,arturo_vidal.php,8,Mediocampista
2959,2010,Chile,H,Jorge Valdivia,jorge_valdivia.php,10,Mediocampista
2960,2010,Chile,H,Marco Estrada,marco_estrada.php,13,Mediocampista
2961,2010,Chile,H,Matias Fernandez,matias_fernandez.php,14,Mediocampista
2962,2010,Chile,H,Gonzalo Fierro,gonzalo_fierro.php,19,Mediocampista
2963,2010,Chile,H,Rodrigo Millar,rodrigo_millar.php,20,Mediocampista
2964,2010,Chile,H,Rodrigo Tello,rodrigo_tello.php,21,Mediocampista
2965,2010,Chile,H,Alexis Sanchez,alexis_sanchez.php,7,Delantero
2966,2010,Chile,H,Humberto Suazo,humberto_suazo.php,9,Delantero
2967,2010,Chile,H,Mark Gonzalez,mark_gonzalez.php,11,Delantero
2968,2010,Chile,H,Jean Beausejour,jean_beausejour.php,15,Delantero
2969,2010,Chile,H,Fabian Orellana,fabian_orellana.php,16,Delantero
2970,2010,Chile,H,Esteban Paredes,esteban_paredes.php,22,Delantero
2971,2010,España,H,Iker Casillas,iker_casillas.php,1,Arquero
2972,2010,España,H,Victor Valdes,victor_valdes.php,12,Arquero
2973,2010,España,H,Pepe Reina,pepe_reina.php,23,Arquero
2974,2010,España,H,Raul Albiol,raul_albiol.php,2,Defensor
2975,2010,España,H,Gerard Piqué,gerard_pique.php,3,Defensor
2976,2010,España,H,Carlos Marchena,carlos_marchena.php,4,Defensor
2977,2010,España,H,Carles Puyol,carles_puyol.php,5,Defensor
2978,2010,España,H,Joan Capdevila,joan_capdevila.php,11,Defensor
2979,2010,España,H,Sergio Ramos,sergio_ramos.php,15,Defensor
2980,2010,España,H,Alvaro Arbeloa,alvaro_arbeloa.php,17,Defensor
2981,2010,España,H,Andrés Iniesta,andres_iniesta.php,6,Mediocampista
2982,2010,España,H,Xavi,xavi.php,8,Mediocampista
2983,2010,España,H,Cesc Fabregas,cesc_fabregas.php,10,Mediocampista
2984,2010,España,H,Xabi Alonso,xabi_alonso.php,14,Mediocampista
2985,2010,España,H,Sergio Busquets,sergio_busquets.php,16,Mediocampista
2986,2010,España,H,Javi Martinez,javier_martinez.php,20,Mediocampista
2987,2010,España,H,David Silva,david_silva.php,21,Mediocampista
2988,2010,España,H,David Villa,david_villa.php,7,Delantero
2989,2010,España,H,Fernando Torres,fernando_torres.php,9,Delantero
2990,2010,España,H,Juan Mata,juan_manuel_mata.php,13,Delantero
2991,2010,España,H,Pedro,pedro.php,18,Delantero
2992,2010,España,H,Fernando Llorente,fernando_llorente.php,19,Delantero
2993,2010,España,H,Jesus Navas,jesus_navas.php,22,Delantero
2994,2010,Honduras,H,Ricardo Canales,ricardo_canales.php,1,Arquero
2995,2010,Honduras,H,Noel Valladares,noel_valladares.php,18,Arquero
2996,2010,Honduras,H,Donis Escober,donis_escober.php,22,Arquero
2997,2010,Honduras,H,Osman Chavez,osman_chavez.php,2,Defensor
2998,2010,Honduras,H,Maynor Figueroa,maynor_figueroa.php,3,Defensor
2999,2010,Honduras,H,Johnny Palacios,jhony_palacios.php,4,Defensor
3000,2010,Honduras,H,Victor Bernardez,victor_bernardez.php,5,Defensor
3001,2010,Honduras,H,Oscar Boniek Garcia,oscar_boniek_garcia.php,14,Defensor
3002,2010,Honduras,H,Mauricio Sabillon,mauricio_sabillon.php,16,Defensor
3003,2010,Honduras,H,Emilio Izaguirre,emilio_izaguirre.php,21,Defensor
3004,2010,Honduras,H,Sergio Mendoza,sergio_mendoza.php,23,Defensor
3005,2010,Honduras,H,Hendry Thomas,hendry_thomas.php,6,Mediocampista
3006,2010,Honduras,H,Ramon Nunez,ramon_nunez.php,7,Mediocampista
3007,2010,Honduras,H,Wilson Palacios,wilson_palacios.php,8,Mediocampista
3008,2010,Honduras,H,Edgar Alvarez,edgar_alvarez.php,17,Mediocampista
3009,2010,Honduras,H,Danilo Turcios,danilo_turcios.php,19,Mediocampista
3010,2010,Honduras,H,Amado Guevara,amado_guevara.php,20,Mediocampista
3011,2010,Honduras,H,Carlos Pavon,carlos_pavon.php,9,Delantero
3012,2010,Honduras,H,Jerry Palacios,julio_cesar_de_leon.php,10,Delantero
3013,2010,Honduras,H,David Suazo,david_suazo.php,11,Delantero
3014,2010,Honduras,H,George Welcome,george_welcome.php,12,Delantero
3015,2010,Honduras,H,Roger Espinoza,roger_espinoza.php,13,Delantero
3016,2010,Honduras,H,Walter Martinez,walter_martinez.php,15,Delantero
3017,2010,Suiza,H,Diego Benaglio,diego_benaglio.php,1,Arquero
3018,2010,Suiza,H,Marco Woelfli,marco_woelfli.php,12,Arquero
3019,2010,Suiza,H,Johnny Leoni,johnny_leoni.php,21,Arquero
3020,2010,Suiza,H,Stephan Lichtsteiner,stephan_lichtsteiner.php,2,Defensor
3021,2010,Suiza,H,Ludovic Magnin,ludovic_magnin.php,3,Defensor
3022,2010,Suiza,H,Philippe Senderos,philippe_senderos.php,4,Defensor
3023,2010,Suiza,H,Steve Von Bergen,steve_von_bergen.php,5,Defensor
3024,2010,Suiza,H,Stephane Grichting,stephane_grichting.php,13,Defensor
3025,2010,Suiza,H,Reto Ziegler,reto_ziegler.php,17,Defensor
3026,2010,Suiza,H,Mario Eggimann,mario_eggimann.php,22,Defensor
3027,2010,Suiza,H,Benjamin Huggel,benjamin_huggel.php,6,Mediocampista
3028,2010,Suiza,H,Tranquillo Barnetta,tranquillo_barnetta.php,7,Mediocampista
3029,2010,Suiza,H,Gokhan Inler,gokhan_inler.php,8,Mediocampista
3030,2010,Suiza,H,Valon Behrami,valon_behrami.php,11,Mediocampista
3031,2010,Suiza,H,Marco Padalino,marco_padalino.php,14,Mediocampista
3032,2010,Suiza,H,Hakan Yakin,hakan_yakin.php,15,Mediocampista
3033,2010,Suiza,H,Gelson Fernandes,gelson_fernandes.php,16,Mediocampista
3034,2010,Suiza,H,Pirmin Schwegler,pirmin_schwegler.php,20,Mediocampista
3035,2010,Suiza,H,Xherdan Shaqiri,xherdan_shaqiri.php,23,Mediocampista
3036,2010,Suiza,H,Alexander Frei,alexander_frei.php,9,Delantero
3037,2010,Suiza,H,Blaise Nkufo,blaise_nkufo.php,10,Delantero
3038,2010,Suiza,H,Albert Bunjaku,albert_bunjaku.php,18,Delantero
3039,2010,Suiza,H,Eren Derdiyok,eren_derdiyok.php,19,Delantero
3040,2006,Alemania,A,Jens Lehmann,jens_lehmann.php,1,Arquero
3041,2006,Alemania,A,Oliver Kahn,oliver_kahn.php,12,Arquero
3042,2006,Alemania,A,Timo Hildebrand,timo_hildebrand.php,23,Arquero
3043,2006,Alemania,A,Marcell Jansen,marcell_jansen.php,2,Defensor
3044,2006,Alemania,A,Arne Friedrich,arne_friedrich.php,3,Defensor
3045,2006,Alemania,A,Robert Huth,robert_huth.php,4,Defensor
3046,2006,Alemania,A,Jens Nowotny,jens_nowotny.php,6,Defensor
3047,2006,Alemania,A,Philipp Lahm,philipp_lahm.php,16,Defensor
3048,2006,Alemania,A,Per Mertesacker,per_mertesacker.php,17,Defensor
3049,2006,Alemania,A,Christoph Metzelder,christoph_metzelder.php,21,Defensor
3050,2006,Alemania,A,Sebastian Kehl,sebastian_kehl.php,5,Mediocampista
3051,2006,Alemania,A,Bastian Schweinsteiger,bastian_schweinsteiger.php,7,Mediocampista
3052,2006,Alemania,A,Torsten Frings,torsten_frings.php,8,Mediocampista
3053,2006,Alemania,A,Michael Ballack,michael_ballack.php,13,Mediocampista
3054,2006,Alemania,A,Thomas Hitzlsperger,thomas_hitzlsperger.php,15,Mediocampista
3055,2006,Alemania,A,Tim Borowski,tim_borowski.php,18,Mediocampista
3056,2006,Alemania,A,Bernd Schneider,bernd_schneider.php,19,Mediocampista
3057,2006,Alemania,A,David Odonkor,david_odonkor.php,22,Mediocampista
3058,2006,Alemania,A,Mike Hanke,mike_hanke.php,9,Delantero
3059,2006,Alemania,A,Oliver Neuville,oliver_neuville.php,10,Delantero
3060,2006,Alemania,A,Miroslav Klose,miroslav_klose.php,11,Delantero
3061,2006,Alemania,A,Gerald Asamoah,gerald_asamoah.php,14,Delantero
3062,2006,Alemania,A,Lukas Podolski,lukas_podolski.php,20,Delantero
3063,2006,Costa Rica,A,Alvaro Mesen,alvaro_mesen.php,1,Arquero
3064,2006,Costa Rica,A,Jose Porras,jose_porras.php,18,Arquero
3065,2006,Costa Rica,A,Wardy Alfaro,wardy_alfaro.php,23,Arquero
3066,2006,Costa Rica,A,Jervis Drummond,jervis_drummond.php,2,Defensor
3067,2006,Costa Rica,A,Luis Marin,luis_marin_3.php,3,Defensor
3068,2006,Costa Rica,A,Michael Umaña,michael_umana.php,4,Defensor
3069,2006,Costa Rica,A,Gilberto Martinez,gilberto_martinez.php,5,Defensor
3070,2006,Costa Rica,A,Leonardo Gonzalez,leonardo_gonzalez.php,12,Defensor
3071,2006,Costa Rica,A,Harold Wallace,harold_wallace.php,15,Defensor
3072,2006,Costa Rica,A,Gabriel Badilla,gabriel_badilla.php,17,Defensor
3073,2006,Costa Rica,A,Michael Rodriguez,michael_rodriguez.php,22,Defensor
3074,2006,Costa Rica,A,Danny Fonseca,danny_fonseca.php,6,Mediocampista
3075,2006,Costa Rica,A,Christian Bolaños,christian_bolanos.php,7,Mediocampista
3076,2006,Costa Rica,A,Mauricio Solis,mauricio_solis.php,8,Mediocampista
3077,2006,Costa Rica,A,Walter Centeno,walter_centeno.php,10,Mediocampista
3078,2006,Costa Rica,A,Randall Azofeifa,randall_azofeifa.php,14,Mediocampista
3079,2006,Costa Rica,A,Carlos Hernandez,carlos_hernandez.php,16,Mediocampista
3080,2006,Costa Rica,A,Douglas Sequeira,douglas_sequeira.php,20,Mediocampista
3081,2006,Costa Rica,A,Paulo Wanchope,paulo_wanchope.php,9,Delantero
3082,2006,Costa Rica,A,Ronald Gomez,ronald_gomez.php,11,Delantero
3083,2006,Costa Rica,A,Kurt Bernard,kurt_bernard.php,13,Delantero
3084,2006,Costa Rica,A,Alvaro Saborio,alvaro_saborio.php,19,Delantero
3085,2006,Costa Rica,A,Victor Nunez,victor_nunez.php,21,Delantero
3086,2006,Ecuador,A,Edwin Villafuerte,edwin_villafuerte.php,1,Arquero
3087,2006,Ecuador,A,Cristian Mora,cristian_mora.php,12,Arquero
3088,2006,Ecuador,A,Damian Lanza,damian_lanza.php,22,Arquero
3089,2006,Ecuador,A,Jorge Guagua,jorge_guagua.php,2,Defensor
3090,2006,Ecuador,A,Ivan Hurtado,ivan_hurtado.php,3,Defensor
3091,2006,Ecuador,A,Ulises De La Cruz,ulises_de_la_cruz.php,4,Defensor
3092,2006,Ecuador,A,Jose Perlaza,jose_perlaza.php,5,Defensor
3093,2006,Ecuador,A,Paul Ambrosi,paul_ambrosi.php,13,Defensor
3094,2006,Ecuador,A,Giovanny Espinoza,giovanny_espinoza.php,17,Defensor
3095,2006,Ecuador,A,Neicer Reasco,neicer_reasco.php,18,Defensor
3096,2006,Ecuador,A,Patricio Urrutia,patricio_urrutia.php,6,Mediocampista
3097,2006,Ecuador,A,Christian Lara,christian_lara.php,7,Mediocampista
3098,2006,Ecuador,A,Edison Mendez,edison_mendez.php,8,Mediocampista
3099,2006,Ecuador,A,Segundo Castillo,segundo_castillo.php,14,Mediocampista
3100,2006,Ecuador,A,Marlon Ayovi,marlon_ayovi.php,15,Mediocampista
3101,2006,Ecuador,A,Antonio Valencia,luis_antonio_valencia.php,16,Mediocampista
3102,2006,Ecuador,A,Luis Saritama,luis_saritama.php,19,Mediocampista
3103,2006,Ecuador,A,Edwin Tenorio,edwin_tenorio.php,20,Mediocampista
3104,2006,Ecuador,A,Felix Borja,felix_borja.php,9,Delantero
3105,2006,Ecuador,A,Ivan Kaviedes,ivan_kaviedes.php,10,Delantero
3106,2006,Ecuador,A,Agustin Delgado,agustin_delgado.php,11,Delantero
3107,2006,Ecuador,A,Carlos Tenorio,carlos_tenorio.php,21,Delantero
3108,2006,Ecuador,A,Cristian Benitez,cristian_benitez.php,23,Delantero
3109,2006,Polonia,A,Artur Boruc,artur_boruc.php,1,Arquero
3110,2006,Polonia,A,Tomasz Kuszczak,tomasz_kuszczak.php,12,Arquero
3111,2006,Polonia,A,Lukasz Fabianski,lukasz_fabianski.php,22,Arquero
3112,2006,Polonia,A,Mariusz Jop,mariusz_jop.php,2,Defensor
3113,2006,Polonia,A,Seweryn Gancarczyk,seweryn_gancarczyk.php,3,Defensor
3114,2006,Polonia,A,Marcin Baszczynski,marcin_baszczynski.php,4,Defensor
3115,2006,Polonia,A,Jacek Bak,jacek_bak.php,6,Defensor
3116,2006,Polonia,A,Michal Zewlakow,michal_zewlakow.php,14,Defensor
3117,2006,Polonia,A,Dariusz Dudka,dariusz_dudka.php,17,Defensor
3118,2006,Polonia,A,Mariusz Lewandowski,mariusz_lewandowski.php,18,Defensor
3119,2006,Polonia,A,Bartosz Bosacki,bartosz_bosacki.php,19,Defensor
3120,2006,Polonia,A,Kamil Kosowski,kamil_kosowski.php,5,Mediocampista
3121,2006,Polonia,A,Radoslaw Sobolewski,radoslaw_sobolewski.php,7,Mediocampista
3122,2006,Polonia,A,Jacek Krzynowek,jacek_krzynowek.php,8,Mediocampista
3123,2006,Polonia,A,Miroslav Szymkowiak,miroslav_szymkowiak.php,10,Mediocampista
3124,2006,Polonia,A,Sebastian Mila,sebastian_mila.php,13,Mediocampista
3125,2006,Polonia,A,Ebi Smolarek,ebi_smolarek.php,15,Mediocampista
3126,2006,Polonia,A,Arkadiusz Radomski,arkadiusz_radomski.php,16,Mediocampista
3127,2006,Polonia,A,Piotr Giza,piotr_giza.php,20,Mediocampista
3128,2006,Polonia,A,Maciej Zurawski,maciej_zurawski.php,9,Delantero
3129,2006,Polonia,A,Grzegorz Rasiak,grzegorz_rasiak.php,11,Delantero
3130,2006,Polonia,A,Ireneusz Jelen,ireneusz_jelen.php,21,Delantero
3131,2006,Polonia,A,Pawel Brozek,pawel_brozek.php,23,Delantero
3132,2006,Inglaterra,B,Paul Robinson,paul_robinson.php,1,Arquero
3133,2006,Inglaterra,B,David James,david_james.php,13,Arquero
3134,2006,Inglaterra,B,Scott Carson,scott_carson.php,22,Arquero
3135,2006,Inglaterra,B,Gary Neville,gary_neville.php,2,Defensor
3136,2006,Inglaterra,B,Ashley Cole,ashley_cole.php,3,Defensor
3137,2006,Inglaterra,B,Rio Ferdinand,rio_ferdinand.php,5,Defensor
3138,2006,Inglaterra,B,John Terry,john_terry.php,6,Defensor
3139,2006,Inglaterra,B,Sol Campbell,sol_campbell.php,12,Defensor
3140,2006,Inglaterra,B,Wayne Bridge,wayne_bridge.php,14,Defensor
3141,2006,Inglaterra,B,Jamie Carragher,jamie_carragher.php,15,Defensor
3142,2006,Inglaterra,B,Steven Gerrard,steven_gerrard.php,4,Mediocampista
3143,2006,Inglaterra,B,David Beckham,david_beckham.php,7,Mediocampista
3144,2006,Inglaterra,B,Frank Lampard,frank_lampard.php,8,Mediocampista
3145,2006,Inglaterra,B,Joe Cole,joe_cole.php,11,Mediocampista
3146,2006,Inglaterra,B,Owen Hargreaves,owen_hargreaves.php,16,Mediocampista
3147,2006,Inglaterra,B,Jermaine Jenas,jermaine_jenas.php,17,Mediocampista
3148,2006,Inglaterra,B,Michael Carrick,michael_carrick.php,18,Mediocampista
3149,2006,Inglaterra,B,Aaron Lennon,aaron_lennon.php,19,Mediocampista
3150,2006,Inglaterra,B,Stewart Downing,stewart_downing.php,20,Mediocampista
3151,2006,Inglaterra,B,Wayne Rooney,wayne_rooney.php,9,Delantero
3152,2006,Inglaterra,B,Michael Owen,michael_owen.php,10,Delantero
3153,2006,Inglaterra,B,Peter Crouch,peter_crouch.php,21,Delantero
3154,2006,Inglaterra,B,Theo Walcott,theo_walcott.php,23,Delantero
3155,2006,Paraguay,B,Justo Villar,justo_villar.php,1,Arquero
3156,2006,Paraguay,B,Derlis Gomez,derlis_gomez.php,12,Arquero
3157,2006,Paraguay,B,Aldo Bobadilla,aldo_bobadilla.php,22,Arquero
3158,2006,Paraguay,B,Jorge Núñez,jorge_nunez.php,2,Defensor
3159,2006,Paraguay,B,Delio Toledo,delio_toledo.php,3,Defensor
3160,2006,Paraguay,B,Carlos Gamarra,carlos_gamarra.php,4,Defensor
3161,2006,Paraguay,B,Julio Cesar Caceres,julio_cesar_caceres.php,5,Defensor
3162,2006,Paraguay,B,Paulo Da Silva,paulo_da_silva.php,14,Defensor
3163,2006,Paraguay,B,Julio Manzur,julio_manzur.php,15,Defensor
3164,2006,Paraguay,B,Denis Caniza,denis_caniza.php,21,Defensor
3165,2006,Paraguay,B,Carlos Bonet,carlos_bonet.php,6,Mediocampista
3166,2006,Paraguay,B,Salvador Cabañas,salvador_cabanas.php,7,Mediocampista
3167,2006,Paraguay,B,Edgar Barreto,edgar_barreto.php,8,Mediocampista
3168,2006,Paraguay,B,Roberto Acuña,roberto_acuna.php,10,Mediocampista
3169,2006,Paraguay,B,Diego Gavilan,diego_gavilan.php,11,Mediocampista
3170,2006,Paraguay,B,Carlos Paredes,carlos_paredes.php,13,Mediocampista
3171,2006,Paraguay,B,Cristian Riveros,cristian_riveros.php,16,Mediocampista
3172,2006,Paraguay,B,Jose Montiel,jose_montiel.php,17,Mediocampista
3173,2006,Paraguay,B,Julio Dos Santos,julio_dos_santos.php,19,Mediocampista
3174,2006,Paraguay,B,Roque Santa Cruz,roque_santa_cruz.php,9,Delantero
3175,2006,Paraguay,B,Nelson Valdez,nelson_valdez.php,18,Delantero
3176,2006,Paraguay,B,Dante Lopez,dante_lopez.php,20,Delantero
3177,2006,Paraguay,B,Nelson Cuevas,nelson_cuevas.php,23,Delantero
3178,2006,Suecia,B,Andreas Isaksson,andreas_isaksson.php,1,Arquero
3179,2006,Suecia,B,John Alvbage,john_alvbage.php,12,Arquero
3180,2006,Suecia,B,Rami Shaaban,rami_shaaban.php,23,Arquero
3181,2006,Suecia,B,Mikael Nilsson,mikael_nilsson.php,2,Defensor
3182,2006,Suecia,B,Olof Mellberg,olof_mellberg.php,3,Defensor
3183,2006,Suecia,B,Teddy Lucic,teddy_lucic.php,4,Defensor
3184,2006,Suecia,B,Erik Edman,erik_edman.php,5,Defensor
3185,2006,Suecia,B,Petter Hansson,petter_hansson.php,13,Defensor
3186,2006,Suecia,B,Fredrik Stenman,fredrik_stenman.php,14,Defensor
3187,2006,Suecia,B,Karl Svensson,karl_svensson.php,15,Defensor
3188,2006,Suecia,B,Tobias Linderoth,tobias_linderoth.php,6,Mediocampista
3189,2006,Suecia,B,Niclas Alexandersson,niclas_alexandersson.php,7,Mediocampista
3190,2006,Suecia,B,Anders Svensson,anders_svensson.php,8,Mediocampista
3191,2006,Suecia,B,Fredrik Ljungberg,fredrik_ljungberg.php,9,Mediocampista
3192,2006,Suecia,B,Kim Kallstrom,kim_kallstrom.php,16,Mediocampista
3193,2006,Suecia,B,Daniel Andersson,daniel_andersson.php,19,Mediocampista
3194,2006,Suecia,B,Christian Wilhelmsson,christian_wilhelmsson.php,21,Mediocampista
3195,2006,Suecia,B,Zlatan Ibrahimovic,zlatan_ibrahimovic.php,10,Delantero
3196,2006,Suecia,B,Henrik Larsson,henrik_larsson.php,11,Delantero
3197,2006,Suecia,B,Johan Elmander,johan_elmander.php,17,Delantero
3198,2006,Suecia,B,Mattias Jonson,mattias_jonson.php,18,Delantero
3199,2006,Suecia,B,Marcus Allback,marcus_allback.php,20,Delantero
3200,2006,Suecia,B,Markus Rosenberg,markus_rosenberg.php,22,Delantero
3201,2006,Trinidad y Tobago,B,Shaka Hislop,shaka_hislop.php,1,Arquero
3202,2006,Trinidad y Tobago,B,Kelvin Jack,kelvin_jack.php,21,Arquero
3203,2006,Trinidad y Tobago,B,Clayton Ince,clayton_ince.php,22,Arquero
3204,2006,Trinidad y Tobago,B,Ian Cox,ian_cox.php,2,Defensor
3205,2006,Trinidad y Tobago,B,Avery John,avery_john.php,3,Defensor
3206,2006,Trinidad y Tobago,B,Marvin Andrews,marvin_andrews.php,4,Defensor
3207,2006,Trinidad y Tobago,B,Brent Sancho,brent_sancho.php,5,Defensor
3208,2006,Trinidad y Tobago,B,Dennis Lawrence,dennis_lawrence.php,6,Defensor
3209,2006,Trinidad y Tobago,B,Cyd Gray,cyd_gray.php,8,Defensor
3210,2006,Trinidad y Tobago,B,Atiba Charles,atiba_charles.php,17,Defensor
3211,2006,Trinidad y Tobago,B,Christopher Birchall,christopher_birchall.php,7,Mediocampista
3212,2006,Trinidad y Tobago,B,Aurtis Whitley,aurtis_whitley.php,9,Mediocampista
3213,2006,Trinidad y Tobago,B,Carlos Edwards,carlos_edwards.php,11,Mediocampista
3214,2006,Trinidad y Tobago,B,Densill Theobald,densill_theobald.php,18,Mediocampista
3215,2006,Trinidad y Tobago,B,Anthony Wolfe,anthony_wolfe.php,23,Mediocampista
3216,2006,Trinidad y Tobago,B,Russell Latapy,russell_latapy.php,10,Delantero
3217,2006,Trinidad y Tobago,B,Collin Samuel,collin_samuel.php,12,Delantero
3218,2006,Trinidad y Tobago,B,Cornell Glen,cornell_glen.php,13,Delantero
3219,2006,Trinidad y Tobago,B,Stern John,stern_john.php,14,Delantero
3220,2006,Trinidad y Tobago,B,Kenwyne Jones,kenwyne_jones.php,15,Delantero
3221,2006,Trinidad y Tobago,B,Evans Wise,evans_wise.php,16,Delantero
3222,2006,Trinidad y Tobago,B,Dwight Yorke,dwight_yorke.php,19,Delantero
3223,2006,Trinidad y Tobago,B,Jason Scotland,jason_scotland.php,20,Delantero
3224,2006,Argentina,C,Roberto Abbondanzieri,roberto_abbondanzieri.php,1,Arquero
3225,2006,Argentina,C,Leonardo Franco,leonardo_franco.php,12,Arquero
3226,2006,Argentina,C,Oscar Ustari,oscar_ustari.php,23,Arquero
3227,2006,Argentina,C,Roberto Ayala,roberto_ayala.php,2,Defensor
3228,2006,Argentina,C,Juan Sorin,juan_sorin.php,3,Defensor
3229,2006,Argentina,C,Fabricio Coloccini,fabricio_coloccini.php,4,Defensor
3230,2006,Argentina,C,Gabriel Heinze,gabriel_heinze.php,6,Defensor
3231,2006,Argentina,C,Lionel Scaloni,lionel_scaloni.php,13,Defensor
3232,2006,Argentina,C,Gabriel Milito,gabriel_milito.php,15,Defensor
3233,2006,Argentina,C,Leandro Cufre,leandro_cufre.php,17,Defensor
3234,2006,Argentina,C,Nicolas Burdisso,nicolas_burdisso.php,21,Defensor
3235,2006,Argentina,C,Esteban Cambiasso,esteban_cambiasso.php,5,Mediocampista
3236,2006,Argentina,C,Javier Mascherano,javier_mascherano.php,8,Mediocampista
3237,2006,Argentina,C,Juan Román Riquelme,juan_roman_riquelme.php,10,Mediocampista
3238,2006,Argentina,C,Pablo Aimar,pablo_aimar.php,16,Mediocampista
3239,2006,Argentina,C,Maxi Rodriguez,maxi_rodriguez.php,18,Mediocampista
3240,2006,Argentina,C,Luis Gonzalez,luis_gonzalez.php,22,Mediocampista
3241,2006,Argentina,C,Javier Saviola,javier_saviola.php,7,Delantero
3242,2006,Argentina,C,Hernan Crespo,hernan_crespo.php,9,Delantero
3243,2006,Argentina,C,Carlos Tevez,carlos_tevez.php,11,Delantero
3244,2006,Argentina,C,Rodrigo Palacio,rodrigo_palacio.php,14,Delantero
3245,2006,Argentina,C,Lionel Messi,lionel_messi.php,19,Delantero
3246,2006,Argentina,C,Julio Cruz,julio_cruz.php,20,Delantero
3247,2006,Costa de Marfil,C,Jean-Jacques Tizie,jean_jacques_tizie.php,1,Arquero
3248,2006,Costa de Marfil,C,Gerard Gnanhouan,gerard_gnanhouan.php,16,Arquero
3249,2006,Costa de Marfil,C,Boubacar Barry,boubacar_barry.php,23,Arquero
3250,2006,Costa de Marfil,C,Arthur Boka,arthur_boka.php,3,Defensor
3251,2006,Costa de Marfil,C,Kolo Toure,kolo_toure.php,4,Defensor
3252,2006,Costa de Marfil,C,Blaise Kouassi,blaise_kouassi.php,6,Defensor
3253,2006,Costa de Marfil,C,Abdoulaye Meite,abdoulaye_meite.php,12,Defensor
3254,2006,Costa de Marfil,C,Marc Zoro,marc_zoro.php,13,Defensor
3255,2006,Costa de Marfil,C,Cyrille Domoraud,cyrille_domoraud.php,17,Defensor
3256,2006,Costa de Marfil,C,Emmanuel Eboue,emmanuel_eboue.php,21,Defensor
3257,2006,Costa de Marfil,C,Kanga Akale,kanga_akale.php,2,Mediocampista
3258,2006,Costa de Marfil,C,Didier Zokora,didier_zokora.php,5,Mediocampista
3259,2006,Costa de Marfil,C,Emerse Fae,emerse_fae.php,7,Mediocampista
3260,2006,Costa de Marfil,C,Gilles Yapi Yapo,gilles_yapi_yapo.php,10,Mediocampista
3261,2006,Costa de Marfil,C,Kader Keita,kader_keita.php,18,Mediocampista
3262,2006,Costa de Marfil,C,Yaya Toure,yaya_toure.php,19,Mediocampista
3263,2006,Costa de Marfil,C,Guy Demel,guy_demel.php,20,Mediocampista
3264,2006,Costa de Marfil,C,Romaric,romaric.php,22,Mediocampista
3265,2006,Costa de Marfil,C,Bonaventure Kalou,bonaventure_kalou.php,8,Delantero
3266,2006,Costa de Marfil,C,Arouna Kone,arouna_kone.php,9,Delantero
3267,2006,Costa de Marfil,C,Didier Drogba,didier_drogba.php,11,Delantero
3268,2006,Costa de Marfil,C,Bakary Kone,bakary_kone.php,14,Delantero
3269,2006,Costa de Marfil,C,Aruna Dindane,aruna_dindane.php,15,Delantero
3270,2006,Paises Bajos,C,Edwin Van Der Sar,edwin_van_der_sar.php,1,Arquero
3271,2006,Paises Bajos,C,Henk Timmer,henk_timmer.php,22,Arquero
3272,2006,Paises Bajos,C,Maarten Stekelenburg,maarten_stekelenburg.php,23,Arquero
3273,2006,Paises Bajos,C,Kew Jaliens,kew_jaliens.php,2,Defensor
3274,2006,Paises Bajos,C,Khalid Boulahrouz,khalid_boulahrouz.php,3,Defensor
3275,2006,Paises Bajos,C,Joris Mathijsen,joris_mathijsen.php,4,Defensor
3276,2006,Paises Bajos,C,Giovanni Van Bronckhorst,giovanni_van_bronckhorst.php,5,Defensor
3277,2006,Paises Bajos,C,Jan Kromkamp,jan_kromkamp.php,12,Defensor
3278,2006,Paises Bajos,C,Andre Ooijer,andre_ooijer.php,13,Defensor
3279,2006,Paises Bajos,C,John Heitinga,john_heitinga.php,14,Defensor
3280,2006,Paises Bajos,C,Tim De Cler,tim_de_cler.php,15,Defensor
3281,2006,Paises Bajos,C,Denny Landzaat,denny_landzaat.php,6,Mediocampista
3282,2006,Paises Bajos,C,Phillip Cocu,phillip_cocu.php,8,Mediocampista
3283,2006,Paises Bajos,C,Rafael Van Der Vaart,rafael_van_der_vaart.php,10,Mediocampista
3284,2006,Paises Bajos,C,Hedwiges Maduro,hedwiges_maduro.php,16,Mediocampista
3285,2006,Paises Bajos,C,Mark Van Bommel,mark_van_bommel.php,18,Mediocampista
3286,2006,Paises Bajos,C,Wesley Sneijder,wesley_sneijder.php,20,Mediocampista
3287,2006,Paises Bajos,C,Dirk Kuyt,dirk_kuyt.php,7,Delantero
3288,2006,Paises Bajos,C,Ruud Van Nistelrooij,ruud_van_nistelrooij.php,9,Delantero
3289,2006,Paises Bajos,C,Arjen Robben,arjen_robben.php,11,Delantero
3290,2006,Paises Bajos,C,Robin Van Persie,robin_van_persie.php,17,Delantero
3291,2006,Paises Bajos,C,Jan Vennegoor Of Hesselink,jan_vennegoor_of_hesselink.php,19,Delantero
3292,2006,Paises Bajos,C,Ryan Babel,ryan_babel.php,21,Delantero
3293,2006,Serbia y Montenegro,C,Dragoslav Jevric,dragoslav_jevric.php,1,Arquero
3294,2006,Serbia y Montenegro,C,Oliver Kovacevic,oliver_kovacevic.php,12,Arquero
3295,2006,Serbia y Montenegro,C,Vladimir Stojkovic,vladimir_stojkovic.php,23,Arquero
3296,2006,Serbia y Montenegro,C,Ivica Dragutinovic,ivica_dragutinovic.php,3,Defensor
3297,2006,Serbia y Montenegro,C,Nemanja Vidic,nemanja_vidic.php,5,Defensor
3298,2006,Serbia y Montenegro,C,Goran Gavrancic,goran_gavrancic.php,6,Defensor
3299,2006,Serbia y Montenegro,C,Dusan Basta,dusan_basta.php,13,Defensor
3300,2006,Serbia y Montenegro,C,Nenad Djordjevic,nenad_djordjevic.php,14,Defensor
3301,2006,Serbia y Montenegro,C,Milan Dudic,milan_dudic.php,15,Defensor
3302,2006,Serbia y Montenegro,C,Dusan Petkovic,dusan_petkovic.php,16,Defensor
3303,2006,Serbia y Montenegro,C,Mladen Krstajic,mladen_krstajic.php,20,Defensor
3304,2006,Serbia y Montenegro,C,Ivan Ergic,ivan_ergic.php,2,Mediocampista
3305,2006,Serbia y Montenegro,C,Igor Duljaj,igor_duljaj.php,4,Mediocampista
3306,2006,Serbia y Montenegro,C,Ognjen Koroman,ognjen_koroman.php,7,Mediocampista
3307,2006,Serbia y Montenegro,C,Dejan Stankovic,dejan_stankovic.php,10,Mediocampista
3308,2006,Serbia y Montenegro,C,Predrag Djordjevic,predrag_djordjevic.php,11,Mediocampista
3309,2006,Serbia y Montenegro,C,Albert Nadj,albert_nadj.php,17,Mediocampista
3310,2006,Serbia y Montenegro,C,Zvonimir Vukic,zvonimir_vukic.php,18,Mediocampista
3311,2006,Serbia y Montenegro,C,Sasa Ilic,sasa_ilic.php,22,Mediocampista
3312,2006,Serbia y Montenegro,C,Mateja Kezman,mateja_kezman.php,8,Delantero
3313,2006,Serbia y Montenegro,C,Savo Milosevic,savo_milosevic.php,9,Delantero
3314,2006,Serbia y Montenegro,C,Nikola Zigic,nikola_zigic.php,19,Delantero
3315,2006,Serbia y Montenegro,C,Danijel Ljuboja,danijel_ljuboja.php,21,Delantero
3316,2006,Angola,D,Joao Ricardo,joao_ricardo.php,1,Arquero
3317,2006,Angola,D,Lama,lama.php,12,Arquero
3318,2006,Angola,D,Mario,mario.php,22,Arquero
3319,2006,Angola,D,Marcos Airosa,marcos_airosa.php,2,Defensor
3320,2006,Angola,D,Jamba,jamba.php,3,Defensor
3321,2006,Angola,D,Lebo Lebo,lebo_lebo.php,4,Defensor
3322,2006,Angola,D,Kali,kali.php,5,Defensor
3323,2006,Angola,D,Rui Marques,rui_marques.php,15,Defensor
3324,2006,Angola,D,Loco,loco.php,20,Defensor
3325,2006,Angola,D,Delgado,delgado.php,21,Defensor
3326,2006,Angola,D,Marco Abreu,marco_abreu.php,23,Defensor
3327,2006,Angola,D,Miloy,miloy.php,6,Mediocampista
3328,2006,Angola,D,Figueiredo,figueiredo.php,7,Mediocampista
3329,2006,Angola,D,Andre,andre_2.php,8,Mediocampista
3330,2006,Angola,D,Mateus,mateus.php,11,Mediocampista
3331,2006,Angola,D,Edson,edson.php,13,Mediocampista
3332,2006,Angola,D,Mendonca,mendonca.php,14,Mediocampista
3333,2006,Angola,D,Ze Kalanga,ze_kalanga.php,17,Mediocampista
3334,2006,Angola,D,Mantorras,mantorras.php,9,Delantero
3335,2006,Angola,D,Akwa,akwa.php,10,Delantero
3336,2006,Angola,D,Flavio,flavio.php,16,Delantero
3337,2006,Angola,D,Love,love.php,18,Delantero
3338,2006,Angola,D,Andre Titi Buengo,andre_titi_buengo.php,19,Delantero
3339,2006,Irán,D,Ebrahim Mirzapour,ebrahim_mirzapour.php,1,Arquero
3340,2006,Irán,D,Hassan Roudbarian,hassan_roudbarian.php,12,Arquero
3341,2006,Irán,D,Vahid Talebloo,vahid_talebloo.php,22,Arquero
3342,2006,Irán,D,Sohrab Bakhtiarizadeh,sohrab_bakhtiarizadeh.php,3,Defensor
3343,2006,Irán,D,Yahya Golmohammadi,yahya_golmohammadi.php,4,Defensor
3344,2006,Irán,D,Rahman Rezaei,rahman_rezaei.php,5,Defensor
3345,2006,Irán,D,Hossein Kaabi,hossein_kaabi.php,13,Defensor
3346,2006,Irán,D,Amir Hossein Sadeghi,amir_hossein_sadeqi.php,19,Defensor
3347,2006,Irán,D,Mohammad Nosrati,mohammad_nosrati.php,20,Defensor
3348,2006,Irán,D,Mehdi Mahdavikia,mehdi_mahdavikia.php,2,Mediocampista
3349,2006,Irán,D,Javad Nekounam,javad_nekounam.php,6,Mediocampista
3350,2006,Irán,D,Ferydoon Zandi,ferydoon_zandi.php,7,Mediocampista
3351,2006,Irán,D,Ali Karimi,ali_karimi.php,8,Mediocampista
3352,2006,Irán,D,Andranik Teymourian,andranik_teymourian.php,14,Mediocampista
3353,2006,Irán,D,Moharram Navidkia,moharram_navidkia.php,18,Mediocampista
3354,2006,Irán,D,Mehrzad Madanchi,mehrzad_madanchi.php,21,Mediocampista
3355,2006,Irán,D,Masoud Shojaei,masoud_shojaei.php,23,Mediocampista
3356,2006,Irán,D,Vahid Hashemian,vahid_hashemian.php,9,Delantero
3357,2006,Irán,D,Ali Daei,ali_daei.php,10,Delantero
3358,2006,Irán,D,Rasoul Khatibi,rasoul_khatibi.php,11,Delantero
3359,2006,Irán,D,Arash Borhani,arash_borhani.php,15,Delantero
3360,2006,Irán,D,Reza Enayati,reza_enayati.php,16,Delantero
3361,2006,Irán,D,Javad Kazemeian,javad_kazemeian.php,17,Delantero
3362,2006,México,D,Oswaldo Sanchez,oswaldo_sanchez.php,1,Arquero
3363,2006,México,D,José de Jesús Corona,jesus_corona.php,12,Arquero
3364,2006,México,D,Guillermo Ochoa,guillermo_ochoa.php,13,Arquero
3365,2006,México,D,Claudio Suarez,claudio_suarez.php,2,Defensor
3366,2006,México,D,Carlos Salcido,carlos_salcido.php,3,Defensor
3367,2006,México,D,Rafael Marquez,rafael_marquez.php,4,Defensor
3368,2006,México,D,Ricardo Osorio,ricardo_osorio.php,5,Defensor
3369,2006,México,D,Gonzalo Pineda,gonzalo_pineda.php,14,Defensor
3370,2006,México,D,Jose Castro,jose_castro.php,15,Defensor
3371,2006,México,D,Mario Mendez,mario_mendez.php,16,Defensor
3372,2006,México,D,Andres Guardado,andres_guardado.php,18,Defensor
3373,2006,México,D,Francisco Rodriguez,francisco_rodriguez.php,22,Defensor
3374,2006,México,D,Gerardo Torrado,gerardo_torrado.php,6,Mediocampista
3375,2006,México,D,Zinha,zinha.php,7,Mediocampista
3376,2006,México,D,Pavel Pardo,pavel_pardo.php,8,Mediocampista
3377,2006,México,D,Rafael Garcia,rafael_garcia.php,20,Mediocampista
3378,2006,México,D,Luis Perez,luis_perez_2.php,23,Mediocampista
3379,2006,México,D,Jared Borgetti,jared_borgetti.php,9,Delantero
3380,2006,México,D,Guillermo Franco,guillermo_franco.php,10,Delantero
3381,2006,México,D,Ramon Morales,ramon_morales.php,11,Delantero
3382,2006,México,D,Jose Fonseca,jose_fonseca.php,17,Delantero
3383,2006,México,D,Omar Bravo,omar_bravo.php,19,Delantero
3384,2006,México,D,Jesus Arellano,jesus_arellano.php,21,Delantero
3385,2006,Portugal,D,Ricardo,ricardo_2.php,1,Arquero
3386,2006,Portugal,D,Quim,quim.php,12,Arquero
3387,2006,Portugal,D,Paulo Santos,paulo_santos.php,22,Arquero
3388,2006,Portugal,D,Paulo Ferreira,paulo_ferreira.php,2,Defensor
3389,2006,Portugal,D,Caneira,caneira.php,3,Defensor
3390,2006,Portugal,D,Ricardo Costa,ricardo_costa.php,4,Defensor
3391,2006,Portugal,D,Fernando Meira,fernando_meira.php,5,Defensor
3392,2006,Portugal,D,Miguel,miguel.php,13,Defensor
3393,2006,Portugal,D,Nuno Valente,nuno_valente.php,14,Defensor
3394,2006,Portugal,D,Ricardo Carvalho,ricardo_carvalho.php,16,Defensor
3395,2006,Portugal,D,Costinha,costinha.php,6,Mediocampista
3396,2006,Portugal,D,Petit,petit.php,8,Mediocampista
3397,2006,Portugal,D,Hugo Viana,hugo_viana.php,10,Mediocampista
3398,2006,Portugal,D,Maniche,maniche.php,18,Mediocampista
3399,2006,Portugal,D,Tiago,tiago.php,19,Mediocampista
3400,2006,Portugal,D,Deco,deco.php,20,Mediocampista
3401,2006,Portugal,D,Luis Figo,luis_figo.php,7,Delantero
3402,2006,Portugal,D,Pauleta,pauleta.php,9,Delantero
3403,2006,Portugal,D,Simao,simao.php,11,Delantero
3404,2006,Portugal,D,Boa Morte,boa_morte.php,15,Delantero
3405,2006,Portugal,D,Cristiano Ronaldo,cristiano_ronaldo.php,17,Delantero
3406,2006,Portugal,D,Nuno Gomes,nuno_gomes.php,21,Delantero
3407,2006,Portugal,D,Helder Postiga,helder_postiga.php,23,Delantero
3408,2006,Estados Unidos,E,Tim Howard,tim_howard.php,1,Arquero
3409,2006,Estados Unidos,E,Kasey Keller,kasey_keller.php,18,Arquero
3410,2006,Estados Unidos,E,Marcus Hahnemann,marcus_hahnemann.php,19,Arquero
3411,2006,Estados Unidos,E,Chris Albright,chris_albright.php,2,Defensor
3412,2006,Estados Unidos,E,Carlos Bocanegra,carlos_bocanegra.php,3,Defensor
3413,2006,Estados Unidos,E,Pablo Mastroeni,pablo_mastroeni.php,4,Defensor
3414,2006,Estados Unidos,E,Steve Cherundolo,steve_cherundolo.php,6,Defensor
3415,2006,Estados Unidos,E,Eddie Lewis,eddie_lewis.php,7,Defensor
3416,2006,Estados Unidos,E,Gregg Berhalter,gregg_berhalter.php,12,Defensor
3417,2006,Estados Unidos,E,Jimmy Conrad,jimmy_conrad.php,13,Defensor
3418,2006,Estados Unidos,E,Oguchi Onyewu,oguchi_onyewu.php,22,Defensor
3419,2006,Estados Unidos,E,Eddie Pope,eddie_pope.php,23,Defensor
3420,2006,Estados Unidos,E,John O'Brien,john_obrien.php,5,Mediocampista
3421,2006,Estados Unidos,E,Clint Dempsey,clint_dempsey.php,8,Mediocampista
3422,2006,Estados Unidos,E,Claudio Reyna,claudio_reyna.php,10,Mediocampista
3423,2006,Estados Unidos,E,Ben Olsen,ben_olsen.php,14,Mediocampista
3424,2006,Estados Unidos,E,Bobby Convey,bobby_convey.php,15,Mediocampista
3425,2006,Estados Unidos,E,DaMarcus Beasley,damarcus_beasley.php,17,Mediocampista
3426,2006,Estados Unidos,E,Landon Donovan,landon_donovan.php,21,Mediocampista
3427,2006,Estados Unidos,E,Eddie Johnson,eddie_johnson.php,9,Delantero
3428,2006,Estados Unidos,E,Brian Ching,brian_ching.php,11,Delantero
3429,2006,Estados Unidos,E,Josh Wolff,josh_wolff.php,16,Delantero
3430,2006,Estados Unidos,E,Brian Mcbride,brian_mcbride.php,20,Delantero
3431,2006,Ghana,E,Sammy Adjei,sammy_adjei.php,1,Arquero
3432,2006,Ghana,E,George Owu,george_owu.php,16,Arquero
3433,2006,Ghana,E,Richard Kingson,richard_kingson.php,22,Arquero
3434,2006,Ghana,E,Hans Sarpei,hans_sarpei.php,2,Defensor
3435,2006,Ghana,E,Samuel Kuffour,samuel_kuffour.php,4,Defensor
3436,2006,Ghana,E,John Mensah,john_mensah.php,5,Defensor
3437,2006,Ghana,E,Emmanuel Pappoe,emmanuel_pappoe.php,6,Defensor
3438,2006,Ghana,E,Illiasu Shilla,illiasu_shilla.php,7,Defensor
3439,2006,Ghana,E,Habib Mohamed,habib_mohamed.php,13,Defensor
3440,2006,Ghana,E,John Pantsil,john_pantsil.php,15,Defensor
3441,2006,Ghana,E,Daniel Quaye,daniel_quaye.php,17,Defensor
3442,2006,Ghana,E,Ahmed Issah,ahmed_issah.php,21,Defensor
3443,2006,Ghana,E,Michael Essien,michael_essien.php,8,Mediocampista
3444,2006,Ghana,E,Derek Boateng,derek_boateng.php,9,Mediocampista
3445,2006,Ghana,E,Stephen Appiah,stephen_appiah.php,10,Mediocampista
3446,2006,Ghana,E,Sulley Muntari,sulley_muntari.php,11,Mediocampista
3447,2006,Ghana,E,Eric Addo,eric_addo.php,18,Mediocampista
3448,2006,Ghana,E,Otto Addo,otto_addo.php,20,Mediocampista
3449,2006,Ghana,E,Haminu Draman,haminu_draman.php,23,Mediocampista
3450,2006,Ghana,E,Asamoah Gyan,asamoah_gyan.php,3,Delantero
3451,2006,Ghana,E,Alex Tachie-Mensah,alex_tachie_mensah.php,12,Delantero
3452,2006,Ghana,E,Matthew Amoah,matthew_amoah.php,14,Delantero
3453,2006,Ghana,E,Razak Pimpong,razak_pimpong.php,19,Delantero
3454,2006,Italia,E,Gianluigi Buffon,gianluigi_buffon.php,1,Arquero
3455,2006,Italia,E,Angelo Peruzzi,angelo_peruzzi.php,12,Arquero
3456,2006,Italia,E,Marco Amelia,marco_amelia.php,14,Arquero
3457,2006,Italia,E,Cristian Zaccardo,cristian_zaccardo.php,2,Defensor
3458,2006,Italia,E,Fabio Grosso,fabio_grosso.php,3,Defensor
3459,2006,Italia,E,Fabio Cannavaro,fabio_cannavaro.php,5,Defensor
3460,2006,Italia,E,Andrea Barzagli,andrea_barzagli.php,6,Defensor
3461,2006,Italia,E,Alessandro Nesta,alessandro_nesta.php,13,Defensor
3462,2006,Italia,E,Gianluca Zambrotta,gianluca_zambrotta.php,19,Defensor
3463,2006,Italia,E,Massimo Oddo,massimo_oddo.php,22,Defensor
3464,2006,Italia,E,Marco Materazzi,marco_materazzi.php,23,Defensor
3465,2006,Italia,E,Daniele De Rossi,daniele_de_rossi.php,4,Mediocampista
3466,2006,Italia,E,Gennaro Gattuso,gennaro_gattuso.php,8,Mediocampista
3467,2006,Italia,E,Francesco Totti,francesco_totti.php,10,Mediocampista
3468,2006,Italia,E,Mauro Camoranesi,mauro_camoranesi.php,16,Mediocampista
3469,2006,Italia,E,Simone Barone,simone_barone.php,17,Mediocampista
3470,2006,Italia,E,Simone Perrotta,simone_perrotta.php,20,Mediocampista
3471,2006,Italia,E,Andrea Pirlo,andrea_pirlo.php,21,Mediocampista
3472,2006,Italia,E,Alessandro Del Piero,alessandro_del_piero.php,7,Delantero
3473,2006,Italia,E,Luca Toni,luca_toni.php,9,Delantero
3474,2006,Italia,E,Alberto Gilardino,alberto_gilardino.php,11,Delantero
3475,2006,Italia,E,Vincenzo Iaquinta,vincenzo_iaquinta.php,15,Delantero
3476,2006,Italia,E,Filippo Inzaghi,filippo_inzaghi.php,18,Delantero
3477,2006,República Checa,E,Petr Cech,petr_cech.php,1,Arquero
3478,2006,República Checa,E,Jaromir Blazek,jaromir_blazek.php,16,Arquero
3479,2006,República Checa,E,Antonin Kinsky,antonin_kinsky.php,23,Arquero
3480,2006,República Checa,E,Zdenek Grygera,zdenek_grygera.php,2,Defensor
3481,2006,República Checa,E,Pavel Mares,pavel_mares.php,3,Defensor
3482,2006,República Checa,E,Marek Jankulovski,marek_jankulovski.php,6,Defensor
3483,2006,República Checa,E,Martin Jiranek,martin_jiranek.php,13,Defensor
3484,2006,República Checa,E,Tomas Ujfalusi,tomas_ujfalusi.php,21,Defensor
3485,2006,República Checa,E,David Rozehnal,david_rozehnal.php,22,Defensor
3486,2006,República Checa,E,Tomas Galasek,tomas_galasek.php,4,Mediocampista
3487,2006,República Checa,E,Radoslav Kovac,radoslav_kovac.php,5,Mediocampista
3488,2006,República Checa,E,Karel Poborsky,karel_poborsky.php,8,Mediocampista
3489,2006,República Checa,E,Tomas Rosicky,tomas_rosicky.php,10,Mediocampista
3490,2006,República Checa,E,Pavel Nedved,pavel_nedved.php,11,Mediocampista
3491,2006,República Checa,E,David Jarolim,david_jarolim.php,14,Mediocampista
3492,2006,República Checa,E,Jiri Stajner,jiri_stajner.php,17,Mediocampista
3493,2006,República Checa,E,Jan Polak,jan_polak.php,19,Mediocampista
3494,2006,República Checa,E,Jaroslav Plasil,jaroslav_plasil.php,20,Mediocampista
3495,2006,República Checa,E,Libor Sionko,libor_sionko.php,7,Delantero
3496,2006,República Checa,E,Jan Koller,jan_koller.php,9,Delantero
3497,2006,República Checa,E,Vratislav Lokvenc,vratislav_lokvenc.php,12,Delantero
3498,2006,República Checa,E,Milan Baros,milan_baros.php,15,Delantero
3499,2006,República Checa,E,Marek Heinz,marek_heinz.php,18,Delantero
3500,2006,Australia,F,Mark Schwarzer,mark_schwarzer.php,1,Arquero
3501,2006,Australia,F,Ante Covic,ante_covic.php,12,Arquero
3502,2006,Australia,F,Zeljko Kalac,zeljko_kalac.php,18,Arquero
3503,2006,Australia,F,Lucas Neill,lucas_neill.php,2,Defensor
3504,2006,Australia,F,Craig Moore,craig_moore.php,3,Defensor
3505,2006,Australia,F,Tony Popovic,tony_popovic.php,6,Defensor
3506,2006,Australia,F,Scott Chipperfield,scott_chipperfield.php,14,Defensor
3507,2006,Australia,F,Michael Beauchamp,michael_beauchamp.php,16,Defensor
3508,2006,Australia,F,Mark Milligan,mark_milligan.php,22,Defensor
3509,2006,Australia,F,Tim Cahill,tim_cahill.php,4,Mediocampista
3510,2006,Australia,F,Jason Culina,jason_culina.php,5,Mediocampista
3511,2006,Australia,F,Brett Emerton,brett_emerton.php,7,Mediocampista
3512,2006,Australia,F,Josip Skoko,josip_skoko.php,8,Mediocampista
3513,2006,Australia,F,Stan Lazaridis,stan_lazaridis.php,11,Mediocampista
3514,2006,Australia,F,Vince Grella,vince_grella.php,13,Mediocampista
3515,2006,Australia,F,Luke Wilkshire,luke_wilkshire.php,20,Mediocampista
3516,2006,Australia,F,Mile Sterjovski,mile_sterjovski.php,21,Mediocampista
3517,2006,Australia,F,Mark Bresciano,marco_bresciano.php,23,Mediocampista
3518,2006,Australia,F,Mark Viduka,mark_viduka.php,9,Delantero
3519,2006,Australia,F,Harry Kewell,harry_kewell.php,10,Delantero
3520,2006,Australia,F,John Aloisi,john_aloisi.php,15,Delantero
3521,2006,Australia,F,Archie Thompson,archie_thompson.php,17,Delantero
3522,2006,Australia,F,Joshua Kennedy,joshua_kennedy.php,19,Delantero
3523,2006,Brasil,F,Dida,dida_2.php,1,Arquero
3524,2006,Brasil,F,Rogerio Ceni,rogerio_ceni.php,12,Arquero
3525,2006,Brasil,F,Julio Cesar,julio_cesar_2.php,22,Arquero
3526,2006,Brasil,F,Cafu,cafu.php,2,Defensor
3527,2006,Brasil,F,Lucio,lucio.php,3,Defensor
3528,2006,Brasil,F,Juan,juan.php,4,Defensor
3529,2006,Brasil,F,Roberto Carlos,roberto_carlos.php,6,Defensor
3530,2006,Brasil,F,Cicinho,cicinho.php,13,Defensor
3531,2006,Brasil,F,Luisao,luisao.php,14,Defensor
3532,2006,Brasil,F,Cris,cris.php,15,Defensor
3533,2006,Brasil,F,Gilberto Melo,gilberto_melo.php,16,Defensor
3534,2006,Brasil,F,Emerson,emerson.php,5,Mediocampista
3535,2006,Brasil,F,Kaká,kaka.php,8,Mediocampista
3536,2006,Brasil,F,Ronaldinho,ronaldinho.php,10,Mediocampista
3537,2006,Brasil,F,Ze Roberto,ze_roberto.php,11,Mediocampista
3538,2006,Brasil,F,Gilberto Silva,gilberto_silva.php,17,Mediocampista
3539,2006,Brasil,F,Mineiro,mineiro.php,18,Mediocampista
3540,2006,Brasil,F,Juninho Pernambucano,juninho_pernambucano.php,19,Mediocampista
3541,2006,Brasil,F,Ricardinho,ricardinho.php,20,Mediocampista
3542,2006,Brasil,F,Adriano,adriano.php,7,Delantero
3543,2006,Brasil,F,Ronaldo,ronaldo.php,9,Delantero
3544,2006,Brasil,F,Fred,fred.php,21,Delantero
3545,2006,Brasil,F,Robinho,robinho.php,23,Delantero
3546,2006,Croacia,F,Stipe Pletikosa,stipe_pletikosa.php,1,Arquero
3547,2006,Croacia,F,Joe Didulica,joe_didulica.php,12,Arquero
3548,2006,Croacia,F,Tomislav Butina,tomislav_butina.php,23,Arquero
3549,2006,Croacia,F,Josip Simunic,josip_simunic.php,3,Defensor
3550,2006,Croacia,F,Robert Kovac,robert_kovac.php,4,Defensor
3551,2006,Croacia,F,Igor Tudor,igor_tudor.php,5,Defensor
3552,2006,Croacia,F,Dario Simic,dario_simic.php,7,Defensor
3553,2006,Croacia,F,Mario Tokic,mario_tokic.php,11,Defensor
3554,2006,Croacia,F,Stjepan Tomas,stjepan_tomas.php,13,Defensor
3555,2006,Croacia,F,Darijo Srna,darijo_srna.php,2,Mediocampista
3556,2006,Croacia,F,Jurica Vranjes,jurica_vranjes.php,6,Mediocampista
3557,2006,Croacia,F,Marko Babic,marko_babic.php,8,Mediocampista
3558,2006,Croacia,F,Niko Kovac,niko_kovac.php,10,Mediocampista
3559,2006,Croacia,F,Luka Modric,luka_modric.php,14,Mediocampista
3560,2006,Croacia,F,Ivan Leko,ivan_leko.php,15,Mediocampista
3561,2006,Croacia,F,Jerko Leko,jerko_leko.php,16,Mediocampista
3562,2006,Croacia,F,Niko Kranjcar,niko_kranjcar.php,19,Mediocampista
3563,2006,Croacia,F,Anthony Seric,anthony_seric.php,20,Mediocampista
3564,2006,Croacia,F,Dado Prso,dado_prso.php,9,Delantero
3565,2006,Croacia,F,Ivan Klasnic,ivan_klasnic.php,17,Delantero
3566,2006,Croacia,F,Ivica Olic,ivica_olic.php,18,Delantero
3567,2006,Croacia,F,Bosko Balaban,bosko_balaban.php,21,Delantero
3568,2006,Croacia,F,Ivan Bosnjak,ivan_bosnjak.php,22,Delantero
3569,2006,Japón,F,Seigo Narazaki,seigo_narazaki.php,1,Arquero
3570,2006,Japón,F,Yoichi Doi,yoichi_doi.php,12,Arquero
3571,2006,Japón,F,Yoshikatsu Kawaguchi,yoshikatsu_kawaguchi.php,23,Arquero
3572,2006,Japón,F,Teruyuki Moniwa,teruyuki_moniwa.php,2,Defensor
3573,2006,Japón,F,Yuichi Komano,yuichi_komano.php,3,Defensor
3574,2006,Japón,F,Tsuneyasu Miyamoto,tsuneyasu_miyamoto.php,5,Defensor
3575,2006,Japón,F,Koji Nakata,koji_nakata.php,6,Defensor
3576,2006,Japón,F,Alessandro Santos,alessandro_santos.php,14,Defensor
3577,2006,Japón,F,Keisuke Tsuboi,keisuke_tsuboi.php,19,Defensor
3578,2006,Japón,F,Akira Kaji,akira_kaji.php,21,Defensor
3579,2006,Japón,F,Yuji Nakazawa,yuji_nakazawa.php,22,Defensor
3580,2006,Japón,F,Yasuhito Endo,yasuhito_endo.php,4,Mediocampista
3581,2006,Japón,F,Hidetoshi Nakata,hidetoshi_nakata.php,7,Mediocampista
3582,2006,Japón,F,Mitsuo Ogasawara,mitsuo_ogasawara.php,8,Mediocampista
3583,2006,Japón,F,Shunsuke Nakamura,shunsuke_nakamura.php,10,Mediocampista
3584,2006,Japón,F,Takashi Fukunishi,takashi_fukunishi.php,15,Mediocampista
3585,2006,Japón,F,Junichi Inamoto,junichi_inamoto.php,17,Mediocampista
3586,2006,Japón,F,Shinji Ono,shinji_ono.php,18,Mediocampista
3587,2006,Japón,F,Naohiro Takahara,naohiro_takahara.php,9,Delantero
3588,2006,Japón,F,Seiichiro Maki,seiichiro_maki.php,11,Delantero
3589,2006,Japón,F,Atsushi Yanagisawa,atsushi_yanagisawa.php,13,Delantero
3590,2006,Japón,F,Masashi Oguro,masashi_oguro.php,16,Delantero
3591,2006,Japón,F,Keiji Tamada,keiji_tamada.php,20,Delantero
3592,2006,Corea del Sur,G,Woon Jae Lee,woon_jae_lee.php,1,Arquero
3593,2006,Corea del Sur,G,Yong Dae Kim,yong_dae_kim.php,20,Arquero
3594,2006,Corea del Sur,G,Young Kwang Kim,young_kwang_kim.php,21,Arquero
3595,2006,Corea del Sur,G,Young Chul Kim,young_chul_kim.php,2,Defensor
3596,2006,Corea del Sur,G,Dong Jin Kim,dong_jin_kim.php,3,Defensor
3597,2006,Corea del Sur,G,Jin Cheul Choi,jin_cheul_choi.php,4,Defensor
3598,2006,Corea del Sur,G,Jin Kyu Kim,jin_kyu_kim.php,6,Defensor
3599,2006,Corea del Sur,G,Young Pyo Lee,young_pyo_lee.php,12,Defensor
3600,2006,Corea del Sur,G,Sang Sik Kim,sang_sik_kim.php,18,Defensor
3601,2006,Corea del Sur,G,Chong Gug Song,chong_gug_song.php,22,Defensor
3602,2006,Corea del Sur,G,Won Hee Cho,won_hee_cho.php,23,Defensor
3603,2006,Corea del Sur,G,Nam Il Kim,nam_il_kim.php,5,Mediocampista
3604,2006,Corea del Sur,G,Ji Sung Park,ji_sung_park.php,7,Mediocampista
3605,2006,Corea del Sur,G,Do Heon Kim,do_heon_kim.php,8,Mediocampista
3606,2006,Corea del Sur,G,Eul Yong Lee,eul_yong_lee.php,13,Mediocampista
3607,2006,Corea del Sur,G,Ji Hoon Baek,ji_hoon_baek.php,15,Mediocampista
3608,2006,Corea del Sur,G,Ho Lee,ho_lee.php,17,Mediocampista
3609,2006,Corea del Sur,G,Jung Hwan Ahn,jung_hwan_ahn.php,9,Delantero
3610,2006,Corea del Sur,G,Chu Young Park,chu_young_park.php,10,Delantero
3611,2006,Corea del Sur,G,Ki Hyeon Seol,ki_hyeon_seol.php,11,Delantero
3612,2006,Corea del Sur,G,Chun Soo Lee,chun_soo_lee.php,14,Delantero
3613,2006,Corea del Sur,G,Kyung Ho Chung,kyung_ho_chung.php,16,Delantero
3614,2006,Corea del Sur,G,Jae Jin Cho,jae_jin_cho.php,19,Delantero
3615,2006,Francia,G,Mickael Landreau,mickael_landreau.php,1,Arquero
3616,2006,Francia,G,Fabien Barthez,fabien_barthez.php,16,Arquero
3617,2006,Francia,G,Gregory Coupet,gregory_coupet.php,23,Arquero
3618,2006,Francia,G,Jean-Alain Boumsong,jean_alain_boumsong.php,2,Defensor
3619,2006,Francia,G,Eric Abidal,eric_abidal.php,3,Defensor
3620,2006,Francia,G,William Gallas,william_gallas.php,5,Defensor
3621,2006,Francia,G,Mikael Silvestre,mikael_silvestre.php,13,Defensor
3622,2006,Francia,G,Lilian Thuram,lilian_thuram.php,15,Defensor
3623,2006,Francia,G,Gael Givet,gael_givet.php,17,Defensor
3624,2006,Francia,G,Willy Sagnol,willy_sagnol.php,19,Defensor
3625,2006,Francia,G,Pascal Chimbonda,pascal_chimbonda.php,21,Defensor
3626,2006,Francia,G,Patrick Vieira,patrick_vieira.php,4,Mediocampista
3627,2006,Francia,G,Claude Makelele,claude_makelele.php,6,Mediocampista
3628,2006,Francia,G,Florent Malouda,florent_malouda.php,7,Mediocampista
3629,2006,Francia,G,Vikash Dhorasoo,vikash_dhorasoo.php,8,Mediocampista
3630,2006,Francia,G,Zinedine Zidane,zinedine_zidane.php,10,Mediocampista
3631,2006,Francia,G,Alou Diarra,alou_diarra.php,18,Mediocampista
3632,2006,Francia,G,Franck Ribery,franck_ribery.php,22,Mediocampista
3633,2006,Francia,G,Sidney Govou,sidney_govou.php,9,Delantero
3634,2006,Francia,G,Sylvain Wiltord,sylvain_wiltord.php,11,Delantero
3635,2006,Francia,G,Thierry Henry,thierry_henry.php,12,Delantero
3636,2006,Francia,G,Louis Saha,louis_saha.php,14,Delantero
3637,2006,Francia,G,David Trezeguet,david_trezeguet.php,20,Delantero
3638,2006,Suiza,G,Pascal Zuberbuehler,pascal_zuberbuehler.php,1,Arquero
3639,2006,Suiza,G,Diego Benaglio,diego_benaglio.php,12,Arquero
3640,2006,Suiza,G,Fabio Coltorti,fabio_coltorti.php,21,Arquero
3641,2006,Suiza,G,Johan Djourou,johan_djourou.php,2,Defensor
3642,2006,Suiza,G,Ludovic Magnin,ludovic_magnin.php,3,Defensor
3643,2006,Suiza,G,Philippe Senderos,philippe_senderos.php,4,Defensor
3644,2006,Suiza,G,Stephane Grichting,stephane_grichting.php,13,Defensor
3645,2006,Suiza,G,Christoph Spycher,christoph_spycher.php,17,Defensor
3646,2006,Suiza,G,Patrick Mueller,patrick_mueller.php,20,Defensor
3647,2006,Suiza,G,Philipp Degen,philipp_degen.php,23,Defensor
3648,2006,Suiza,G,Xavier Margairaz,xavier_margairaz.php,5,Mediocampista
3649,2006,Suiza,G,Johann Vogel,johann_vogel.php,6,Mediocampista
3650,2006,Suiza,G,Ricardo Cabanas,ricardo_cabanas.php,7,Mediocampista
3651,2006,Suiza,G,Raphael Wicky,raphael_wicky.php,8,Mediocampista
3652,2006,Suiza,G,Blerim Dzemaili,blerim_dzemaili.php,15,Mediocampista
3653,2006,Suiza,G,Tranquillo Barnetta,tranquillo_barnetta.php,16,Mediocampista
3654,2006,Suiza,G,Valon Behrami,valon_behrami.php,19,Mediocampista
3655,2006,Suiza,G,Hakan Yakin,hakan_yakin.php,22,Mediocampista
3656,2006,Suiza,G,Alexander Frei,alexander_frei.php,9,Delantero
3657,2006,Suiza,G,Daniel Gygax,daniel_gygax.php,10,Delantero
3658,2006,Suiza,G,Marco Streller,marco_streller.php,11,Delantero
3659,2006,Suiza,G,David Degen,david_degen.php,14,Delantero
3660,2006,Suiza,G,Mauro Lustrinelli,mauro_lustrinelli.php,18,Delantero
3661,2006,Togo,G,Ouro-Nimini Tchagnirou,ouro_nimini_tchagnirou.php,1,Arquero
3662,2006,Togo,G,Kossi Agassa,kossi_agassa.php,16,Arquero
3663,2006,Togo,G,Kodjovi Obilale,kodjovi_obilale.php,22,Arquero
3664,2006,Togo,G,Dare Nibombe,dare_nibombe.php,2,Defensor
3665,2006,Togo,G,Jean-Paul Abalo,jean_paul_abalo.php,3,Defensor
3666,2006,Togo,G,Massamasso Tchangai,massamasso_tchangai.php,5,Defensor
3667,2006,Togo,G,Eric Akoto,eric_akoto.php,12,Defensor
3668,2006,Togo,G,Ludovic Assemoassa,ludovic_assemoassa.php,19,Defensor
3669,2006,Togo,G,Assimiou Toure,assimiou_toure.php,23,Defensor
3670,2006,Togo,G,Yao Aziawonou,yao_aziawonou.php,6,Mediocampista
3671,2006,Togo,G,Kuami Agboh,kuami_agboh.php,8,Mediocampista
3672,2006,Togo,G,Thomas Dossevi,thomas_dossevi.php,9,Mediocampista
3673,2006,Togo,G,Cherif Toure Mamam,cherif_toure_mamam.php,10,Mediocampista
3674,2006,Togo,G,Alaixys Romao,alaixys_romao.php,15,Mediocampista
3675,2006,Togo,G,Affo Erassa,affo_erassa.php,20,Mediocampista
3676,2006,Togo,G,Franck Atsou,franck_atsou.php,21,Mediocampista
3677,2006,Togo,G,Emmanuel Adebayor,emmanuel_adebayor.php,4,Delantero
3678,2006,Togo,G,Moustapha Salifou,moustapha_salifou.php,7,Delantero
3679,2006,Togo,G,Robert Malm,robert_malm.php,11,Delantero
3680,2006,Togo,G,Richmond Forson,richmond_forson.php,13,Delantero
3681,2006,Togo,G,Adekanmi Olufade,adekanmi_olufade.php,14,Delantero
3682,2006,Togo,G,Mohamed Kader,mohamed_kader.php,17,Delantero
3683,2006,Togo,G,Yao Junior Senaya,yao_junior_senaya.php,18,Delantero
3684,2006,Arabia Saudita,H,Mohammed Al Deayea,mohammed_al_deayea.php,1,Arquero
3685,2006,Arabia Saudita,H,Mabrouk Zaid,mabrouk_zaid.php,21,Arquero
3686,2006,Arabia Saudita,H,Mohammad Khojah,mohammad_khojah.php,22,Arquero
3687,2006,Arabia Saudita,H,Ahmed Al Dosari,ahmed_al_dosari.php,2,Defensor
3688,2006,Arabia Saudita,H,Redha Tukar,redha_tukar.php,3,Defensor
3689,2006,Arabia Saudita,H,Hamad Al Montashari,hamad_al_montashari.php,4,Defensor
3690,2006,Arabia Saudita,H,Naif Al Qadi,naif_al_qadi.php,5,Defensor
3691,2006,Arabia Saudita,H,Abdulaziz Khathran,abdulaziz_khathran.php,12,Defensor
3692,2006,Arabia Saudita,H,Hussein Al Sulaimani,hussein_al_sulaimani.php,13,Defensor
3693,2006,Arabia Saudita,H,Ahmed Al Bahri,ahmed_al_bahri.php,15,Defensor
3694,2006,Arabia Saudita,H,Mohamed Al Bishi,mohamed_al_bishi.php,17,Defensor
3695,2006,Arabia Saudita,H,Omar Al Ghamdi,omar_al_ghamdi.php,6,Mediocampista
3696,2006,Arabia Saudita,H,Mohammed Ameen,mohammed_ameen.php,7,Mediocampista
3697,2006,Arabia Saudita,H,Mohammed Noor,mohammed_noor.php,8,Mediocampista
3698,2006,Arabia Saudita,H,Mohammad Al Shalhoub,mohammad_al_shalhoub.php,10,Mediocampista
3699,2006,Arabia Saudita,H,Saud Kariri,saud_kariri.php,14,Mediocampista
3700,2006,Arabia Saudita,H,Khaled Aziz,khaled_aziz.php,16,Mediocampista
3701,2006,Arabia Saudita,H,Nawaf Al Temiyat,nawaf_al_temiyat.php,18,Mediocampista
3702,2006,Arabia Saudita,H,Mohammed Massad,mohammed_massad.php,19,Mediocampista
3703,2006,Arabia Saudita,H,Sami Al Jaber,sami_al_jaber.php,9,Delantero
3704,2006,Arabia Saudita,H,Saad Al Harthi,saad_al_harthi.php,11,Delantero
3705,2006,Arabia Saudita,H,Yasser Al Kahtani,yasser_al_kahtani.php,20,Delantero
3706,2006,Arabia Saudita,H,Malek Al Hawsawi,malek_al_hawsawi.php,23,Delantero
3707,2006,España,H,Iker Casillas,iker_casillas.php,1,Arquero
3708,2006,España,H,Santiago Canizares,santiago_canizares.php,19,Arquero
3709,2006,España,H,Pepe Reina,pepe_reina.php,23,Arquero
3710,2006,España,H,Michel Salgado,michel_salgado.php,2,Defensor
3711,2006,España,H,Mariano Pernia,mariano_pernia.php,3,Defensor
3712,2006,España,H,Carlos Marchena,carlos_marchena.php,4,Defensor
3713,2006,España,H,Carles Puyol,carles_puyol.php,5,Defensor
3714,2006,España,H,Antonio Lopez,antonio_lopez.php,12,Defensor
3715,2006,España,H,Sergio Ramos,sergio_ramos.php,15,Defensor
3716,2006,España,H,Juanito,juanito.php,20,Defensor
3717,2006,España,H,Pablo,pablo.php,22,Defensor
3718,2006,España,H,David Albelda,david_albelda.php,6,Mediocampista
3719,2006,España,H,Xavi,xavi.php,8,Mediocampista
3720,2006,España,H,Jose Antonio Reyes,jose_antonio_reyes.php,10,Mediocampista
3721,2006,España,H,Andrés Iniesta,andres_iniesta.php,13,Mediocampista
3722,2006,España,H,Xabi Alonso,xabi_alonso.php,14,Mediocampista
3723,2006,España,H,Marcos Senna,marcos_senna.php,16,Mediocampista
3724,2006,España,H,Joaquin,joaquin.php,17,Mediocampista
3725,2006,España,H,Cesc Fabregas,cesc_fabregas.php,18,Mediocampista
3726,2006,España,H,Raul,raul.php,7,Delantero
3727,2006,España,H,Fernando Torres,fernando_torres.php,9,Delantero
3728,2006,España,H,Luis Garcia,luis_garcia.php,11,Delantero
3729,2006,España,H,David Villa,david_villa.php,21,Delantero
3730,2006,Túnez,H,Ali Boumnijel,ali_boumnijel.php,1,Arquero
3731,2006,Túnez,H,Adel Nefzi,adel_nefzi.php,16,Arquero
3732,2006,Túnez,H,Hamdi Kasraoui,hamdi_kasraoui.php,22,Arquero
3733,2006,Túnez,H,Karim Haggui,karim_haggui.php,3,Defensor
3734,2006,Túnez,H,Alaeddine Yahia,alaeddine_yahia.php,4,Defensor
3735,2006,Túnez,H,Hatem Trabelsi,hatem_trabelsi.php,6,Defensor
3736,2006,Túnez,H,Radhi Jaidi,radhi_jaidi.php,15,Defensor
3737,2006,Túnez,H,David Jemmali,david_jemmali.php,18,Defensor
3738,2006,Túnez,H,Anis Ayari,anis_ayari.php,19,Defensor
3739,2006,Túnez,H,Karim Saidi,karim_saidi.php,21,Defensor
3740,2006,Túnez,H,Mehdi Nafti,mehdi_nafti.php,8,Mediocampista
3741,2006,Túnez,H,Kais Ghodhbane,kais_ghodhbane.php,10,Mediocampista
3742,2006,Túnez,H,Jaouhar Mnari,jaouhar_mnari.php,12,Mediocampista
3743,2006,Túnez,H,Riadh Bouazizi,riadh_bouazizi.php,13,Mediocampista
3744,2006,Túnez,H,Adel Chedli,adel_chedli.php,14,Mediocampista
3745,2006,Túnez,H,Hamed Namouchi,hamed_namouchi.php,20,Mediocampista
3746,2006,Túnez,H,Sofiane Melliti,sofiane_melliti.php,23,Mediocampista
3747,2006,Túnez,H,Karim Essediri,karim_essediri.php,2,Delantero
3748,2006,Túnez,H,Zied Jaziri,zied_jaziri.php,5,Delantero
3749,2006,Túnez,H,Haykel Guemamdia,haykel_guemamdia.php,7,Delantero
3750,2006,Túnez,H,Yassine Chikhaoui,yassine_chikhaoui.php,9,Delantero
3751,2006,Túnez,H,Santos,santos.php,11,Delantero
3752,2006,Túnez,H,Chaouki Ben Saada,chaouki_ben_saada.php,17,Delantero
3753,2006,Ucrania,H,Oleksandr Shovkovskyi,oleksandr_shovkovskyi.php,1,Arquero
3754,2006,Ucrania,H,Andriy Pyatov,andriy_pyatov.php,12,Arquero
3755,2006,Ucrania,H,Bohdan Shust,bohdan_shust.php,23,Arquero
3756,2006,Ucrania,H,Andriy Nesmachnyi,andriy_nesmachnyi.php,2,Defensor
3757,2006,Ucrania,H,Oleksandr Iatsenko,oleksandr_iatsenko.php,3,Defensor
3758,2006,Ucrania,H,Vladimir Yezerskyi,vladimir_yezerskyi.php,5,Defensor
3759,2006,Ucrania,H,Andriy Rusol,andriy_rusol.php,6,Defensor
3760,2006,Ucrania,H,Dmytro Chigrynskyi,dmytro_chigrynskyi.php,13,Defensor
3761,2006,Ucrania,H,Vladyslav Vashchuk,vladyslav_vashchuk.php,17,Defensor
3762,2006,Ucrania,H,Vyacheslav Sviderskyi,vyacheslav_sviderskyi.php,22,Defensor
3763,2006,Ucrania,H,Anatoliy Tymoschuk,anatoliy_tymoschuk.php,4,Mediocampista
3764,2006,Ucrania,H,Oleg Shelayev,oleg_shelayev.php,8,Mediocampista
3765,2006,Ucrania,H,Oleg Gusev,oleg_gusev.php,9,Mediocampista
3766,2006,Ucrania,H,Serhiy Rebrov,serhiy_rebrov.php,11,Mediocampista
3767,2006,Ucrania,H,Andriy Gusin,andriy_gusin.php,14,Mediocampista
3768,2006,Ucrania,H,Sergiy Nazarenko,sergiy_nazarenko.php,18,Mediocampista
3769,2006,Ucrania,H,Maksym Kalinichenko,maksym_kalinichenko.php,19,Mediocampista
3770,2006,Ucrania,H,Ruslan Rotan,ruslan_rotan.php,21,Mediocampista
3771,2006,Ucrania,H,Andriy Shevchenko,andriy_shevchenko.php,7,Delantero
3772,2006,Ucrania,H,Andriy Voronin,andriy_voronin.php,10,Delantero
3773,2006,Ucrania,H,Artem Milevskiy,artem_milevskiy.php,15,Delantero
3774,2006,Ucrania,H,Andriy Vorobey,andriy_vorobey.php,16,Delantero
3775,2006,Ucrania,H,Oleksiy Belik,oleksiy_belik.php,20,Delantero
3776,2002,Dinamarca,A,Thomas Sorensen,thomas_sorensen.php,1,Arquero
3777,2002,Dinamarca,A,Peter Kjaer,peter_kjaer.php,16,Arquero
3778,2002,Dinamarca,A,Jesper Christiansen,jesper_christiansen.php,22,Arquero
3779,2002,Dinamarca,A,Rene Henriksen,rene_henriksen.php,3,Defensor
3780,2002,Dinamarca,A,Martin Laursen,martin_laursen.php,4,Defensor
3781,2002,Dinamarca,A,Jan Heintze,jan_heintze.php,5,Defensor
3782,2002,Dinamarca,A,Thomas Helveg,thomas_helveg.php,6,Defensor
3783,2002,Dinamarca,A,Niclas Jensen,niclas_jensen.php,12,Defensor
3784,2002,Dinamarca,A,Steven Lustu,steven_lustu.php,13,Defensor
3785,2002,Dinamarca,A,Kasper Bogelund,kasper_bogelund.php,20,Defensor
3786,2002,Dinamarca,A,Stig Tofting,stig_tofting.php,2,Mediocampista
3787,2002,Dinamarca,A,Thomas Gravesen,thomas_gravesen.php,7,Mediocampista
3788,2002,Dinamarca,A,Claus Jensen,claus_jensen.php,14,Mediocampista
3789,2002,Dinamarca,A,Jan Michaelsen,jan_michaelsen.php,15,Mediocampista
3790,2002,Dinamarca,A,Christian Poulsen,christian_poulsen.php,17,Mediocampista
3791,2002,Dinamarca,A,Brian Steen Nielsen,brian_steen_nielsen.php,23,Mediocampista
3792,2002,Dinamarca,A,Jesper Gronkjaer,jesper_gronkjaer.php,8,Delantero
3793,2002,Dinamarca,A,Jon Dahl Tomasson,jon_dahl_tomasson.php,9,Delantero
3794,2002,Dinamarca,A,Martin Jorgensen,martin_jorgensen.php,10,Delantero
3795,2002,Dinamarca,A,Ebbe Sand,ebbe_sand.php,11,Delantero
3796,2002,Dinamarca,A,Peter Lovenkrands,peter_lovenkrands.php,18,Delantero
3797,2002,Dinamarca,A,Dennis Rommedahl,dennis_rommedahl.php,19,Delantero
3798,2002,Dinamarca,A,Peter Madsen,peter_madsen.php,21,Delantero
3799,2002,Francia,A,Ulrich Rame,ulrich_rame.php,1,Arquero
3800,2002,Francia,A,Fabien Barthez,fabien_barthez.php,16,Arquero
3801,2002,Francia,A,Gregory Coupet,gregory_coupet.php,23,Arquero
3802,2002,Francia,A,Vincent Candela,vincent_candela.php,2,Defensor
3803,2002,Francia,A,Bixente Lizarazu,bixente_lizarazu.php,3,Defensor
3804,2002,Francia,A,Philippe Christanval,philippe_christanval.php,5,Defensor
3805,2002,Francia,A,Marcel Desailly,marcel_desailly.php,8,Defensor
3806,2002,Francia,A,Mikael Silvestre,mikael_silvestre.php,13,Defensor
3807,2002,Francia,A,Lilian Thuram,lilian_thuram.php,15,Defensor
3808,2002,Francia,A,Frank Leboeuf,frank_leboeuf.php,18,Defensor
3809,2002,Francia,A,Willy Sagnol,willy_sagnol.php,19,Defensor
3810,2002,Francia,A,Patrick Vieira,patrick_vieira.php,4,Mediocampista
3811,2002,Francia,A,Youri Djorkaeff,youri_djorkaeff.php,6,Mediocampista
3812,2002,Francia,A,Claude Makelele,claude_makelele.php,7,Mediocampista
3813,2002,Francia,A,Zinedine Zidane,zinedine_zidane.php,10,Mediocampista
3814,2002,Francia,A,Alain Boghossian,alain_boghossian.php,14,Mediocampista
3815,2002,Francia,A,Emmanuel Petit,emmanuel_petit.php,17,Mediocampista
3816,2002,Francia,A,Johan Micoud,johan_micoud.php,22,Mediocampista
3817,2002,Francia,A,Djibril Cisse,djibril_cisse.php,9,Delantero
3818,2002,Francia,A,Sylvain Wiltord,sylvain_wiltord.php,11,Delantero
3819,2002,Francia,A,Thierry Henry,thierry_henry.php,12,Delantero
3820,2002,Francia,A,David Trezeguet,david_trezeguet.php,20,Delantero
3821,2002,Francia,A,Christophe Dugarry,christophe_dugarry.php,21,Delantero
3822,2002,Senegal,A,Tony Sylva,tony_sylva.php,1,Arquero
3823,2002,Senegal,A,Omar Diallo,omar_diallo.php,16,Arquero
3824,2002,Senegal,A,Kalidou Cissokho,kalidou_cissokho.php,22,Arquero
3825,2002,Senegal,A,Omar Daf,omar_daf.php,2,Defensor
3826,2002,Senegal,A,Papa Malick Diop,papa_malick_diop.php,4,Defensor
3827,2002,Senegal,A,Alassane Ndour,alassane_ndour.php,5,Defensor
3828,2002,Senegal,A,Aliou Cisse,aliou_cisse.php,6,Defensor
3829,2002,Senegal,A,Lamine Diatta,lamine_diatta.php,13,Defensor
3830,2002,Senegal,A,Ferdinand Coly,ferdinand_coly.php,17,Defensor
3831,2002,Senegal,A,Habib Beye,habib_beye.php,21,Defensor
3832,2002,Senegal,A,Pape Sarr,pape_sarr.php,3,Mediocampista
3833,2002,Senegal,A,Khalilou Fadiga,khalilou_fadiga.php,10,Mediocampista
3834,2002,Senegal,A,Amdy Faye,amdy_faye.php,12,Mediocampista
3835,2002,Senegal,A,Moussa Ndiaye,moussa_ndiaye.php,14,Mediocampista
3836,2002,Senegal,A,Salif Diao,salif_diao.php,15,Mediocampista
3837,2002,Senegal,A,Bouba Diop,bouba_diop.php,19,Mediocampista
3838,2002,Senegal,A,Sylvain Ndiaye,sylvain_ndiaye.php,20,Mediocampista
3839,2002,Senegal,A,Makthar Ndiaye,makthar_ndiaye.php,23,Mediocampista
3840,2002,Senegal,A,Henri Camara,henri_camara.php,7,Delantero
3841,2002,Senegal,A,Amara Traore,amara_traore.php,8,Delantero
3842,2002,Senegal,A,Souleymane Camara,souleymane_camara.php,9,Delantero
3843,2002,Senegal,A,El Hadji Diouf,el_hadji_diouf.php,11,Delantero
3844,2002,Senegal,A,Pape Thiaw,pape_thiaw.php,18,Delantero
3845,2002,Uruguay,A,Fabian Carini,fabian_carini.php,1,Arquero
3846,2002,Uruguay,A,Gustavo Munua,gustavo_munua.php,12,Arquero
3847,2002,Uruguay,A,Federico Elduayen,federico_elduayen.php,23,Arquero
3848,2002,Uruguay,A,Gustavo Mendez,gustavo_mendez.php,2,Defensor
3849,2002,Uruguay,A,Alejandro Lembo,alejandro_lembo.php,3,Defensor
3850,2002,Uruguay,A,Paolo Montero,paolo_montero.php,4,Defensor
3851,2002,Uruguay,A,Dario Rodriguez,dario_rodriguez.php,6,Defensor
3852,2002,Uruguay,A,Gonzalo Sorondo,gonzalo_sorondo.php,14,Defensor
3853,2002,Uruguay,A,Joe Bizera,joe_bizera.php,19,Defensor
3854,2002,Uruguay,A,Pablo Garcia,pablo_garcia.php,5,Mediocampista
3855,2002,Uruguay,A,Gianni Guigou,gianni_guigou.php,7,Mediocampista
3856,2002,Uruguay,A,Gustavo Varela,gustavo_varela.php,8,Mediocampista
3857,2002,Uruguay,A,Nicolas Olivera,nicolas_olivera.php,15,Mediocampista
3858,2002,Uruguay,A,Marcelo Romero,marcelo_romero.php,16,Mediocampista
3859,2002,Uruguay,A,Gonzalo De Los Santos,gonzalo_de_los_santos.php,22,Mediocampista
3860,2002,Uruguay,A,Dario Silva,dario_silva.php,9,Delantero
3861,2002,Uruguay,A,Fabian O'Neill,fabian_oneill.php,10,Delantero
3862,2002,Uruguay,A,Federico Magallanes,federico_magallanes.php,11,Delantero
3863,2002,Uruguay,A,Sebastian Abreu,sebastian_abreu.php,13,Delantero
3864,2002,Uruguay,A,Mario Regueiro,mario_regueiro.php,17,Delantero
3865,2002,Uruguay,A,Richard Morales,richard_morales.php,18,Delantero
3866,2002,Uruguay,A,Alvaro Recoba,alvaro_recoba.php,20,Delantero
3867,2002,Uruguay,A,Diego Forlan,diego_forlan.php,21,Delantero
3868,2002,Eslovenia,B,Marko Simeunovic,marko_simeunovic.php,1,Arquero
3869,2002,Eslovenia,B,Mladen Dabanovic,mladen_dabanovic.php,12,Arquero
3870,2002,Eslovenia,B,Dejan Nemec,dejan_nemec.php,22,Arquero
3871,2002,Eslovenia,B,Goran Sankovic,goran_sankovic.php,2,Defensor
3872,2002,Eslovenia,B,Zeljko Milinovic,zeljko_milinovic.php,3,Defensor
3873,2002,Eslovenia,B,Muamer Vugdalic,muamer_vugdalic.php,4,Defensor
3874,2002,Eslovenia,B,Marinko Galic,marinko_galic.php,5,Defensor
3875,2002,Eslovenia,B,Aleksander Knavs,aleksander_knavs.php,6,Defensor
3876,2002,Eslovenia,B,Spasoje Bulajic,spasoje_bulajic.php,23,Defensor
3877,2002,Eslovenia,B,Doni Novak,doni_novak.php,7,Mediocampista
3878,2002,Eslovenia,B,Ales Ceh,ales_ceh.php,8,Mediocampista
3879,2002,Eslovenia,B,Zlatko Zahovic,zlatko_zahovic.php,10,Mediocampista
3880,2002,Eslovenia,B,Miran Pavlin,miran_pavlin.php,11,Mediocampista
3881,2002,Eslovenia,B,Sasa Gajser,sasa_gajser.php,14,Mediocampista
3882,2002,Eslovenia,B,Rajko Tavcar,rajko_tavcar.php,15,Mediocampista
3883,2002,Eslovenia,B,Zoran Pavlovic,zoran_pavlovic.php,17,Mediocampista
3884,2002,Eslovenia,B,Milenko Acimovic,milenko_acimovic.php,18,Mediocampista
3885,2002,Eslovenia,B,Amir Karic,amir_karic.php,19,Mediocampista
3886,2002,Eslovenia,B,Nastja Ceh,nastja_ceh.php,20,Mediocampista
3887,2002,Eslovenia,B,Milan Osterc,milan_osterc.php,9,Delantero
3888,2002,Eslovenia,B,Mladen Rudonja,mladen_rudonja.php,13,Delantero
3889,2002,Eslovenia,B,Senad Tiganj,senad_tiganj.php,16,Delantero
3890,2002,Eslovenia,B,Sebastijan Cimirotic,sebastijan_cimirotic.php,21,Delantero
3891,2002,España,B,Iker Casillas,iker_casillas.php,1,Arquero
3892,2002,España,B,Ricardo,ricardo.php,13,Arquero
3893,2002,España,B,Pedro Contreras,pedro_contreras.php,23,Arquero
3894,2002,España,B,Curro Torres,curro_torres.php,2,Defensor
3895,2002,España,B,Juanfran,juanfran_garcia.php,3,Defensor
3896,2002,España,B,Carles Puyol,carles_puyol.php,5,Defensor
3897,2002,España,B,Fernando Hierro,fernando_hierro.php,6,Defensor
3898,2002,España,B,Enrique Romero,enrique_romero.php,15,Defensor
3899,2002,España,B,Xavi,xavi.php,19,Defensor
3900,2002,España,B,Miguel Angel Nadal,miguel_angel_nadal.php,20,Defensor
3901,2002,España,B,Ivan Helguera,ivan_helguera.php,4,Mediocampista
3902,2002,España,B,Ruben Baraja,ruben_baraja.php,8,Mediocampista
3903,2002,España,B,De Pedro,de_pedro.php,11,Mediocampista
3904,2002,España,B,David Albelda,david_albelda.php,14,Mediocampista
3905,2002,España,B,Gaizka Mendieta,gaizka_mendieta.php,16,Mediocampista
3906,2002,España,B,Juan Carlos Valeron,juan_carlos_valeron.php,17,Mediocampista
3907,2002,España,B,Sergio,sergio.php,18,Mediocampista
3908,2002,España,B,Luis Enrique,luis_enrique.php,21,Mediocampista
3909,2002,España,B,Joaquin,joaquin.php,22,Mediocampista
3910,2002,España,B,Raul,raul.php,7,Delantero
3911,2002,España,B,Fernando Morientes,fernando_morientes.php,9,Delantero
3912,2002,España,B,Diego Tristan,diego_tristan.php,10,Delantero
3913,2002,España,B,Albert Luque,albert_luque.php,12,Delantero
3914,2002,Paraguay,B,Jose Luis Chilavert,jose_luis_chilavert.php,1,Arquero
3915,2002,Paraguay,B,Justo Villar,justo_villar.php,12,Arquero
3916,2002,Paraguay,B,Ricardo Tavarelli,ricardo_tavarelli.php,22,Arquero
3917,2002,Paraguay,B,Francisco Arce,francisco_arce.php,2,Defensor
3918,2002,Paraguay,B,Pedro Sarabia,pedro_sarabia.php,3,Defensor
3919,2002,Paraguay,B,Carlos Gamarra,carlos_gamarra.php,4,Defensor
3920,2002,Paraguay,B,Celso Ayala,celso_ayala.php,5,Defensor
3921,2002,Paraguay,B,Juan Carlos Franco,juan_carlos_franco.php,17,Defensor
3922,2002,Paraguay,B,Julio Cesar Caceres,julio_cesar_caceres.php,18,Defensor
3923,2002,Paraguay,B,Daniel Sanabria,daniel_sanabria.php,19,Defensor
3924,2002,Paraguay,B,Denis Caniza,denis_caniza.php,21,Defensor
3925,2002,Paraguay,B,Estanislao Struway,estanislao_struway.php,6,Mediocampista
3926,2002,Paraguay,B,Guido Alvarenga,guido_alvarenga.php,8,Mediocampista
3927,2002,Paraguay,B,Roberto Acuña,roberto_acuna.php,10,Mediocampista
3928,2002,Paraguay,B,Carlos Paredes,carlos_paredes.php,13,Mediocampista
3929,2002,Paraguay,B,Diego Gavilan,diego_gavilan.php,14,Mediocampista
3930,2002,Paraguay,B,Carlos Bonet,carlos_bonet.php,15,Mediocampista
3931,2002,Paraguay,B,Gustavo Morinigo,gustavo_morinigo.php,16,Mediocampista
3932,2002,Paraguay,B,Richart Baez,richart_baez.php,7,Delantero
3933,2002,Paraguay,B,Roque Santa Cruz,roque_santa_cruz.php,9,Delantero
3934,2002,Paraguay,B,Jorge Campos,jorge_campos_2.php,11,Delantero
3935,2002,Paraguay,B,Jose Cardozo,jose_cardozo.php,20,Delantero
3936,2002,Paraguay,B,Nelson Cuevas,nelson_cuevas.php,23,Delantero
3937,2002,Sudáfrica,B,Hans Vonk,hans_vonk.php,1,Arquero
3938,2002,Sudáfrica,B,Andre Arendse,andre_arendse.php,16,Arquero
3939,2002,Sudáfrica,B,Calvin Marlin,calvin_marlin.php,20,Arquero
3940,2002,Sudáfrica,B,Cyril Nzama,cyril_nzama.php,2,Defensor
3941,2002,Sudáfrica,B,Bradley Carnell,bradley_carnell.php,3,Defensor
3942,2002,Sudáfrica,B,Aaron Mokoena,aaron_mokoena.php,4,Defensor
3943,2002,Sudáfrica,B,Jacob Lekgetho,jacob_lekgetho.php,5,Defensor
3944,2002,Sudáfrica,B,Pierre Issa,pierre_issa.php,13,Defensor
3945,2002,Sudáfrica,B,Lucas Radebe,lucas_radebe.php,19,Defensor
3946,2002,Sudáfrica,B,Thabang Molefe,thabang_molefe.php,22,Defensor
3947,2002,Sudáfrica,B,MacBeth Sibaya,macbeth_sibaya.php,6,Mediocampista
3948,2002,Sudáfrica,B,Quinton Fortune,quinton_fortune.php,7,Mediocampista
3949,2002,Sudáfrica,B,Thabo Mngomeni,thabo_mngomeni.php,8,Mediocampista
3950,2002,Sudáfrica,B,MacDonald Mukansi,macdonald_mukansi.php,9,Mediocampista
3951,2002,Sudáfrica,B,Bennett Mnguni,bennett_mnguni.php,10,Mediocampista
3952,2002,Sudáfrica,B,Jabu Pule,jabu_pule.php,11,Mediocampista
3953,2002,Sudáfrica,B,Teboho Mokoena,teboho_mokoena.php,12,Mediocampista
3954,2002,Sudáfrica,B,Sibusiso Zuma,sibusiso_zuma.php,15,Mediocampista
3955,2002,Sudáfrica,B,Delron Buckley,delron_buckley.php,18,Mediocampista
3956,2002,Sudáfrica,B,Steven Pienaar,steven_pienaar.php,21,Mediocampista
3957,2002,Sudáfrica,B,Siyabonga Nomvethe,siyabonga_nomvethe.php,14,Delantero
3958,2002,Sudáfrica,B,Benni Mccarthy,benni_mccarthy.php,17,Delantero
3959,2002,Sudáfrica,B,George Koumantarakis,george_koumantarakis.php,23,Delantero
3960,2002,Brasil,C,Marcos,marcos.php,1,Arquero
3961,2002,Brasil,C,Dida,dida_2.php,12,Arquero
3962,2002,Brasil,C,Rogerio Ceni,rogerio_ceni.php,22,Arquero
3963,2002,Brasil,C,Cafu,cafu.php,2,Defensor
3964,2002,Brasil,C,Lucio,lucio.php,3,Defensor
3965,2002,Brasil,C,Roque Junior,roque_junior.php,4,Defensor
3966,2002,Brasil,C,Edmilson,edmilson.php,5,Defensor
3967,2002,Brasil,C,Roberto Carlos,roberto_carlos.php,6,Defensor
3968,2002,Brasil,C,Belletti,belletti.php,13,Defensor
3969,2002,Brasil,C,Anderson Polga,anderson_polga.php,14,Defensor
3970,2002,Brasil,C,Junior,junior_2.php,16,Defensor
3971,2002,Brasil,C,Ricardinho,ricardinho.php,7,Mediocampista
3972,2002,Brasil,C,Gilberto Silva,gilberto_silva.php,8,Mediocampista
3973,2002,Brasil,C,Rivaldo,rivaldo.php,10,Mediocampista
3974,2002,Brasil,C,Ronaldinho,ronaldinho.php,11,Mediocampista
3975,2002,Brasil,C,Kleberson,kleberson.php,15,Mediocampista
3976,2002,Brasil,C,Vampeta,vampeta.php,18,Mediocampista
3977,2002,Brasil,C,Juninho Paulista,juninho_paulista.php,19,Mediocampista
3978,2002,Brasil,C,Ronaldo,ronaldo.php,9,Delantero
3979,2002,Brasil,C,Denilson,denilson_2.php,17,Delantero
3980,2002,Brasil,C,Edilson,edilson.php,20,Delantero
3981,2002,Brasil,C,Luizao,luizao.php,21,Delantero
3982,2002,Brasil,C,Kaká,kaka.php,23,Delantero
3983,2002,China,C,Qi An,qi_an.php,1,Arquero
3984,2002,China,C,Jin Jiang,jin_jiang.php,22,Arquero
3985,2002,China,C,Chuliang Ou,chuliang_ou.php,23,Arquero
3986,2002,China,C,Enhua Zhang,enhua_zhang.php,2,Defensor
3987,2002,China,C,Pu Yang,pu_yang.php,3,Defensor
3988,2002,China,C,Chengying Wu,chengying_wu.php,4,Defensor
3989,2002,China,C,Zhiyi Fan,zhiyi_fan.php,5,Defensor
3990,2002,China,C,Jihai Sun,jihai_sun.php,7,Defensor
3991,2002,China,C,Weifeng Li,weifeng_li.php,14,Defensor
3992,2002,China,C,Wei Du,wei_du.php,17,Defensor
3993,2002,China,C,Yunlong Xu,yunlong_xu.php,21,Defensor
3994,2002,China,C,Jiayi Shao,jiayi_shao.php,6,Mediocampista
3995,2002,China,C,Tie Li,tie_li.php,8,Mediocampista
3996,2002,China,C,Mingyu Ma,mingyu_ma.php,9,Mediocampista
3997,2002,China,C,Genwei Yu,genwei_yu.php,11,Mediocampista
3998,2002,China,C,Yao Gao,yao_gao.php,13,Mediocampista
3999,2002,China,C,Junzhe Zhao,junzhe_zhao.php,15,Mediocampista
4000,2002,China,C,Xiaopeng Li,xiaopeng_li.php,18,Mediocampista
4001,2002,China,C,Hong Qi,hong_qi.php,19,Mediocampista
4002,2002,China,C,Haidong Hao,haidong_hao.php,10,Delantero
4003,2002,China,C,Maozhen Su,maozhen_su.php,12,Delantero
4004,2002,China,C,Bo Qu,bo_qu.php,16,Delantero
4005,2002,China,C,Chen Yang,chen_yang.php,20,Delantero
4006,2002,Costa Rica,C,Erick Lonnis,erick_lonnis.php,1,Arquero
4007,2002,Costa Rica,C,Alvaro Mesen,alvaro_mesen.php,18,Arquero
4008,2002,Costa Rica,C,Lester Morgan,lester_morgan.php,23,Arquero
4009,2002,Costa Rica,C,Jervis Drummond,jervis_drummond.php,2,Defensor
4010,2002,Costa Rica,C,Luis Marin,luis_marin_3.php,3,Defensor
4011,2002,Costa Rica,C,Mauricio Wright,mauricio_wright.php,4,Defensor
4012,2002,Costa Rica,C,Gilberto Martinez,gilberto_martinez.php,5,Defensor
4013,2002,Costa Rica,C,Juan Jose Rodriguez,juan_jose_rodriguez.php,14,Defensor
4014,2002,Costa Rica,C,Harold Wallace,harold_wallace.php,15,Defensor
4015,2002,Costa Rica,C,Pablo Chinchilla,pablo_chinchilla.php,21,Defensor
4016,2002,Costa Rica,C,Carlos Castro,carlos_castro.php,22,Defensor
4017,2002,Costa Rica,C,Wilmer Lopez,wilmer_lopez.php,6,Mediocampista
4018,2002,Costa Rica,C,Mauricio Solis,mauricio_solis.php,8,Mediocampista
4019,2002,Costa Rica,C,Walter Centeno,walter_centeno.php,10,Mediocampista
4020,2002,Costa Rica,C,Daniel Vallejos,daniel_vallejos.php,13,Mediocampista
4021,2002,Costa Rica,C,Rodrigo Cordero,rodrigo_cordero.php,19,Mediocampista
4022,2002,Costa Rica,C,Rolando Fonseca,rolando_fonseca.php,7,Delantero
4023,2002,Costa Rica,C,Paulo Wanchope,paulo_wanchope.php,9,Delantero
4024,2002,Costa Rica,C,Ronald Gomez,ronald_gomez.php,11,Delantero
4025,2002,Costa Rica,C,Winston Parks,winston_parks.php,12,Delantero
4026,2002,Costa Rica,C,Stevens Bryce,stevens_bryce.php,16,Delantero
4027,2002,Costa Rica,C,Hernan Medford,hernan_medford.php,17,Delantero
4028,2002,Costa Rica,C,William Sun Sing,william_sun_sing.php,20,Delantero
4029,2002,Turquía,C,Rustu Recber,rustu_recber.php,1,Arquero
4030,2002,Turquía,C,Omer Catkic,omer_catkic.php,12,Arquero
4031,2002,Turquía,C,Zafer Ozgultekin,zafer_ozgultekin.php,23,Arquero
4032,2002,Turquía,C,Emre Asik,emre_asik.php,2,Defensor
4033,2002,Turquía,C,Bulent Korkmaz,bulent_korkmaz.php,3,Defensor
4034,2002,Turquía,C,Fatih Akyel,fatih_akyel.php,4,Defensor
4035,2002,Turquía,C,Alpay Ozalan,alpay_ozalan.php,5,Defensor
4036,2002,Turquía,C,Umit Ozat,umit_ozat.php,16,Defensor
4037,2002,Turquía,C,Hakan Unsal,hakan_unsal.php,20,Defensor
4038,2002,Turquía,C,Okan Buruk,okan_buruk.php,7,Mediocampista
4039,2002,Turquía,C,Tugay Kerimoglu,tugay_kerimoglu.php,8,Mediocampista
4040,2002,Turquía,C,Yildiray Basturk,yildiray_basturk.php,10,Mediocampista
4041,2002,Turquía,C,Muzzy Izzet,muzzy_izzet.php,13,Mediocampista
4042,2002,Turquía,C,Tayfur Havutcu,tayfur_havutcu.php,14,Mediocampista
4043,2002,Turquía,C,Ergun Penbe,ergun_penbe.php,18,Mediocampista
4044,2002,Turquía,C,Abdullah Ercan,abdullah_ercan.php,19,Mediocampista
4045,2002,Turquía,C,Emre Belozoglu,emre_belozoglu.php,21,Mediocampista
4046,2002,Turquía,C,Umit Davala,umit_davala.php,22,Mediocampista
4047,2002,Turquía,C,Arif Erdem,arif_erdem.php,6,Delantero
4048,2002,Turquía,C,Hakan Sukur,hakan_sukur.php,9,Delantero
4049,2002,Turquía,C,Hasan Sas,hasan_sas.php,11,Delantero
4050,2002,Turquía,C,Nihat Kahveci,nihat_kahveci.php,15,Delantero
4051,2002,Turquía,C,Ilhan Mansiz,ilhan_mansiz.php,17,Delantero
4052,2002,Corea del Sur,D,Woon Jae Lee,woon_jae_lee.php,1,Arquero
4053,2002,Corea del Sur,D,Byung Ji Kim,byung_ji_kim.php,12,Arquero
4054,2002,Corea del Sur,D,Eun Sung Choi,eun_sung_choi.php,23,Arquero
4055,2002,Corea del Sur,D,Young Min Hyun,young_min_hyun.php,2,Defensor
4056,2002,Corea del Sur,D,Jin Cheul Choi,jin_cheul_choi.php,4,Defensor
4057,2002,Corea del Sur,D,Tae Young Kim,tae_young_kim.php,7,Defensor
4058,2002,Corea del Sur,D,Min Sung Lee,min_sung_lee.php,15,Defensor
4059,2002,Corea del Sur,D,Myung Bo Hong,myung_bo_hong.php,20,Defensor
4060,2002,Corea del Sur,D,Sung Yong Choi,sung_yong_choi.php,3,Mediocampista
4061,2002,Corea del Sur,D,Nam Il Kim,nam_il_kim.php,5,Mediocampista
4062,2002,Corea del Sur,D,Sang Chul Yoo,sang_chul_yoo.php,6,Mediocampista
4063,2002,Corea del Sur,D,Young Pyo Lee,young_pyo_lee.php,10,Mediocampista
4064,2002,Corea del Sur,D,Eul Yong Lee,eul_yong_lee.php,13,Mediocampista
4065,2002,Corea del Sur,D,Jong Hwan Yoon,jong_hwan_yoon.php,17,Mediocampista
4066,2002,Corea del Sur,D,Jung Hwan Ahn,jung_hwan_ahn.php,19,Mediocampista
4067,2002,Corea del Sur,D,Ji Sung Park,ji_sung_park.php,21,Mediocampista
4068,2002,Corea del Sur,D,Chong Gug Song,chong_gug_song.php,22,Mediocampista
4069,2002,Corea del Sur,D,Tae Uk Choi,tae_uk_choi.php,8,Delantero
4070,2002,Corea del Sur,D,Ki Hyeon Seol,ki_hyeon_seol.php,9,Delantero
4071,2002,Corea del Sur,D,Yong Soo Choi,yong_soo_choi.php,11,Delantero
4072,2002,Corea del Sur,D,Chun Soo Lee,chun_soo_lee.php,14,Delantero
4073,2002,Corea del Sur,D,Du Ri Cha,du_ri_cha.php,16,Delantero
4074,2002,Corea del Sur,D,Sun Hong Hwang,sun_hong_hwang.php,18,Delantero
4075,2002,Estados Unidos,D,Brad Friedel,brad_friedel.php,1,Arquero
4076,2002,Estados Unidos,D,Kasey Keller,kasey_keller.php,18,Arquero
4077,2002,Estados Unidos,D,Tony Meola,tony_meola.php,19,Arquero
4078,2002,Estados Unidos,D,Frankie Hejduk,frankie_hejduk.php,2,Defensor
4079,2002,Estados Unidos,D,Gregg Berhalter,gregg_berhalter.php,3,Defensor
4080,2002,Estados Unidos,D,Pablo Mastroeni,pablo_mastroeni.php,4,Defensor
4081,2002,Estados Unidos,D,David Regis,david_regis.php,6,Defensor
4082,2002,Estados Unidos,D,Jeff Agoos,jeff_agoos.php,12,Defensor
4083,2002,Estados Unidos,D,Steve Cherundolo,steve_cherundolo.php,14,Defensor
4084,2002,Estados Unidos,D,Carlos Llamosa,carlos_llamosa.php,16,Defensor
4085,2002,Estados Unidos,D,Tony Sanneh,tony_sanneh.php,22,Defensor
4086,2002,Estados Unidos,D,Eddie Pope,eddie_pope.php,23,Defensor
4087,2002,Estados Unidos,D,John O'Brien,john_obrien.php,5,Mediocampista
4088,2002,Estados Unidos,D,Eddie Lewis,eddie_lewis.php,7,Mediocampista
4089,2002,Estados Unidos,D,Earnie Stewart,earnie_stewart.php,8,Mediocampista
4090,2002,Estados Unidos,D,Claudio Reyna,claudio_reyna.php,10,Mediocampista
4091,2002,Estados Unidos,D,Cobi Jones,cobi_jones.php,13,Mediocampista
4092,2002,Estados Unidos,D,DaMarcus Beasley,damarcus_beasley.php,17,Mediocampista
4093,2002,Estados Unidos,D,Landon Donovan,landon_donovan.php,21,Mediocampista
4094,2002,Estados Unidos,D,Joe Max Moore,joe_max_moore.php,9,Delantero
4095,2002,Estados Unidos,D,Clint Mathis,clint_mathis.php,11,Delantero
4096,2002,Estados Unidos,D,Josh Wolff,josh_wolff.php,15,Delantero
4097,2002,Estados Unidos,D,Brian Mcbride,brian_mcbride.php,20,Delantero
4098,2002,Polonia,D,Jerzy Dudek,jerzy_dudek.php,1,Arquero
4099,2002,Polonia,D,Radoslaw Majdan,radoslaw_majdan.php,12,Arquero
4100,2002,Polonia,D,Adam Matysek,adam_matysek.php,22,Arquero
4101,2002,Polonia,D,Tomasz Klos,tomasz_klos.php,2,Defensor
4102,2002,Polonia,D,Jacek Zielinski,jacek_zielinski.php,3,Defensor
4103,2002,Polonia,D,Michal Zewlakow,michal_zewlakow.php,4,Defensor
4104,2002,Polonia,D,Tomasz Hajto,tomasz_hajto.php,6,Defensor
4105,2002,Polonia,D,Arkadiusz Glowacki,arkadiusz_glowacki.php,13,Defensor
4106,2002,Polonia,D,Tomasz Waldoch,tomasz_waldoch.php,15,Defensor
4107,2002,Polonia,D,Jacek Bak,jacek_bak.php,20,Defensor
4108,2002,Polonia,D,Tomasz Rzasa,tomasz_rzasa.php,5,Mediocampista
4109,2002,Polonia,D,Piotr Swierczewski,piotr_swierczewski.php,7,Mediocampista
4110,2002,Polonia,D,Radoslaw Kaluzny,radoslaw_kaluzny.php,10,Mediocampista
4111,2002,Polonia,D,Maciej Murawski,maciej_murawski.php,16,Mediocampista
4112,2002,Polonia,D,Arkadiusz Bak,arkadiusz_bak.php,17,Mediocampista
4113,2002,Polonia,D,Jacek Krzynowek,jacek_krzynowek.php,18,Mediocampista
4114,2002,Polonia,D,Marek Kozminski,marek_kozminski.php,21,Mediocampista
4115,2002,Polonia,D,Pawel Sibik,pawel_sibik.php,23,Mediocampista
4116,2002,Polonia,D,Cezary Kucharski,cezary_kucharski.php,8,Delantero
4117,2002,Polonia,D,Pawel Kryszalowicz,pawel_kryszalowicz.php,9,Delantero
4118,2002,Polonia,D,Emmanuel Olisadebe,emmanuel_olisadebe.php,11,Delantero
4119,2002,Polonia,D,Marcin Zewlakow,marcin_zewlakow.php,14,Delantero
4120,2002,Polonia,D,Maciej Zurawski,maciej_zurawski.php,19,Delantero
4121,2002,Portugal,D,Vitor Baia,vitor_baia.php,1,Arquero
4122,2002,Portugal,D,Nelson,nelson.php,15,Arquero
4123,2002,Portugal,D,Ricardo,ricardo_2.php,16,Arquero
4124,2002,Portugal,D,Jorge Costa,jorge_costa.php,2,Defensor
4125,2002,Portugal,D,Abel Xavier,abel_xavier.php,3,Defensor
4126,2002,Portugal,D,Caneira,caneira.php,4,Defensor
4127,2002,Portugal,D,Fernando Fernando Couto,fernando_fernando_couto.php,5,Defensor
4128,2002,Portugal,D,Jorge Andrade,jorge_andrade.php,13,Defensor
4129,2002,Portugal,D,Frechaut,frechaut.php,18,Defensor
4130,2002,Portugal,D,Beto,beto_2.php,22,Defensor
4131,2002,Portugal,D,Rui Jorge,rui_jorge.php,23,Defensor
4132,2002,Portugal,D,Paulo Sousa,paulo_sousa.php,6,Mediocampista
4133,2002,Portugal,D,Rui Costa,rui_costa.php,10,Mediocampista
4134,2002,Portugal,D,Hugo Viana,hugo_viana.php,12,Mediocampista
4135,2002,Portugal,D,Pedro Barbosa,pedro_barbosa.php,14,Mediocampista
4136,2002,Portugal,D,Paulo Bento,paulo_bento.php,17,Mediocampista
4137,2002,Portugal,D,Petit,petit.php,20,Mediocampista
4138,2002,Portugal,D,Luis Figo,luis_figo.php,7,Delantero
4139,2002,Portugal,D,Joao Pinto,joao_pinto.php,8,Delantero
4140,2002,Portugal,D,Pauleta,pauleta.php,9,Delantero
4141,2002,Portugal,D,Sergio Conceicao,sergio_conceicao.php,11,Delantero
4142,2002,Portugal,D,Capucho,capucho.php,19,Delantero
4143,2002,Portugal,D,Nuno Gomes,nuno_gomes.php,21,Delantero
4144,2002,Alemania,E,Oliver Kahn,oliver_kahn.php,1,Arquero
4145,2002,Alemania,E,Jens Lehmann,jens_lehmann.php,12,Arquero
4146,2002,Alemania,E,Hans-Joerg Butt,hans_joerg_butt.php,23,Arquero
4147,2002,Alemania,E,Thomas Linke,thomas_linke.php,2,Defensor
4148,2002,Alemania,E,Marko Rehmer,marko_rehmer.php,3,Defensor
4149,2002,Alemania,E,Frank Baumann,frank_baumann.php,4,Defensor
4150,2002,Alemania,E,Christian Ziege,christian_ziege.php,6,Defensor
4151,2002,Alemania,E,Sebastian Kehl,sebastian_kehl.php,15,Defensor
4152,2002,Alemania,E,Joerg Boehme,joerg_boehme.php,18,Defensor
4153,2002,Alemania,E,Christoph Metzelder,christoph_metzelder.php,21,Defensor
4154,2002,Alemania,E,Carsten Ramelow,carsten_ramelow.php,5,Mediocampista
4155,2002,Alemania,E,Didi Hamann,didi_hamann.php,8,Mediocampista
4156,2002,Alemania,E,Lars Ricken,lars_ricken.php,10,Mediocampista
4157,2002,Alemania,E,Michael Ballack,michael_ballack.php,13,Mediocampista
4158,2002,Alemania,E,Jens Jeremies,jens_jeremies.php,16,Mediocampista
4159,2002,Alemania,E,Bernd Schneider,bernd_schneider.php,19,Mediocampista
4160,2002,Alemania,E,Torsten Frings,torsten_frings.php,22,Mediocampista
4161,2002,Alemania,E,Oliver Neuville,oliver_neuville.php,7,Delantero
4162,2002,Alemania,E,Carsten Jancker,carsten_jancker.php,9,Delantero
4163,2002,Alemania,E,Miroslav Klose,miroslav_klose.php,11,Delantero
4164,2002,Alemania,E,Gerald Asamoah,gerald_asamoah.php,14,Delantero
4165,2002,Alemania,E,Marco Bode,marco_bode.php,17,Delantero
4166,2002,Alemania,E,Oliver Bierhoff,oliver_bierhoff.php,20,Delantero
4167,2002,Arabia Saudita,E,Mohammed Al Deayea,mohammed_al_deayea.php,1,Arquero
4168,2002,Arabia Saudita,E,Mabrouk Zaid,mabrouk_zaid.php,21,Arquero
4169,2002,Arabia Saudita,E,Mohammed Babkr,mohammed_babkr.php,22,Arquero
4170,2002,Arabia Saudita,E,Mohammed Al Jahani,mohammed_al_jahani.php,2,Defensor
4171,2002,Arabia Saudita,E,Redha Tukar,redha_tukar.php,3,Defensor
4172,2002,Arabia Saudita,E,Abdullah Zubromawi,abdullah_zubromawi.php,4,Defensor
4173,2002,Arabia Saudita,E,Mohsin Harthi,mohsin_harthi.php,5,Defensor
4174,2002,Arabia Saudita,E,Fouzi Al Shehri,fouzi_al_shehri.php,6,Defensor
4175,2002,Arabia Saudita,E,Ahmed Al Dosari,ahmed_al_dosari.php,12,Defensor
4176,2002,Arabia Saudita,E,Hussein Al Sulaimani,hussein_al_sulaimani.php,13,Defensor
4177,2002,Arabia Saudita,E,Mansour Althagafi,mansour_althagafi.php,23,Defensor
4178,2002,Arabia Saudita,E,Ibrahim Al Shahrani,ibrahim_al_shahrani.php,7,Mediocampista
4179,2002,Arabia Saudita,E,Mohammed Noor,mohammed_noor.php,8,Mediocampista
4180,2002,Arabia Saudita,E,Mohammad Al Shalhoub,mohammad_al_shalhoub.php,10,Mediocampista
4181,2002,Arabia Saudita,E,Abdulaziz Khathran,abdulaziz_khathran.php,14,Mediocampista
4182,2002,Arabia Saudita,E,Khamis Al Dossari,khamis_al_dossari.php,16,Mediocampista
4183,2002,Arabia Saudita,E,Abdullah Alwaked Al Shahrani,abdullah_alwaked_al_shahrani.php,17,Mediocampista
4184,2002,Arabia Saudita,E,Nawaf Al Temiyat,nawaf_al_temiyat.php,18,Mediocampista
4185,2002,Arabia Saudita,E,Omar Al Ghamdi,omar_al_ghamdi.php,19,Mediocampista
4186,2002,Arabia Saudita,E,Sami Al Jaber,sami_al_jaber.php,9,Delantero
4187,2002,Arabia Saudita,E,Obeid Al Dosari,obeid_al_dosari.php,11,Delantero
4188,2002,Arabia Saudita,E,Abdullah Gaman Al Dosari,abdullah_gaman_al_dosari.php,15,Delantero
4189,2002,Arabia Saudita,E,Al Hasan Al Yami,al_hasan_al_yami.php,20,Delantero
4190,2002,Camerún,E,Alioum Boukar,alioum_boukar.php,1,Arquero
4191,2002,Camerún,E,Jacques Songoo,jacques_songoo.php,16,Arquero
4192,2002,Camerún,E,Idriss Kameni,idriss_kameni.php,22,Arquero
4193,2002,Camerún,E,Bill Tchato,bill_tchato.php,2,Defensor
4194,2002,Camerún,E,Pierre Wome,pierre_wome.php,3,Defensor
4195,2002,Camerún,E,Rigobert Song,rigobert_song.php,4,Defensor
4196,2002,Camerún,E,Raymond Kalla,raymond_kalla.php,5,Defensor
4197,2002,Camerún,E,Pierre Njanka,pierre_njanka.php,6,Defensor
4198,2002,Camerún,E,Geremi,geremi.php,8,Defensor
4199,2002,Camerún,E,Lucien Mettomo,lucien_mettomo.php,13,Defensor
4200,2002,Camerún,E,Salomon Olembe,salomon_olembe.php,20,Defensor
4201,2002,Camerún,E,Lauren,lauren.php,12,Mediocampista
4202,2002,Camerún,E,Joel Epalle,joel_epalle.php,14,Mediocampista
4203,2002,Camerún,E,Nicolas Alnoudji,nicolas_alnoudji.php,15,Mediocampista
4204,2002,Camerún,E,Marc-Vivien Foe,marc_vivien_foe.php,17,Mediocampista
4205,2002,Camerún,E,Daniel Kome,daniel_kome.php,23,Mediocampista
4206,2002,Camerún,E,Joseph Ndo,joseph_ndo.php,7,Delantero
4207,2002,Camerún,E,Samuel Eto'o,samuel_etoo.php,9,Delantero
4208,2002,Camerún,E,Patrick Mboma,patrick_mboma.php,10,Delantero
4209,2002,Camerún,E,Pius Ndiefi,pius_ndiefi.php,11,Delantero
4210,2002,Camerún,E,Patrick Suffo,patrick_suffo.php,18,Delantero
4211,2002,Camerún,E,Eric Djemba Djemba,eric_djemba_djemba.php,19,Delantero
4212,2002,Camerún,E,Joseph-Desire Job,joseph_desire_job.php,21,Delantero
4213,2002,Irlanda,E,Shay Given,shay_given.php,1,Arquero
4214,2002,Irlanda,E,Dean Kiely,dean_kiely.php,16,Arquero
4215,2002,Irlanda,E,Alan Kelly Jr.,alan_kelly_jr.php,23,Arquero
4216,2002,Irlanda,E,Steve Finnan,steve_finnan.php,2,Defensor
4217,2002,Irlanda,E,Ian Harte,ian_harte.php,3,Defensor
4218,2002,Irlanda,E,Kenny Cunningham,kenny_cunningham.php,4,Defensor
4219,2002,Irlanda,E,Steve Staunton,steve_staunton.php,5,Defensor
4220,2002,Irlanda,E,Gary Breen,gary_breen.php,14,Defensor
4221,2002,Irlanda,E,Richard Dunne,richard_dunne.php,15,Defensor
4222,2002,Irlanda,E,Gary Kelly,gary_kelly.php,18,Defensor
4223,2002,Irlanda,E,Andy O'Brien,andy_obrien.php,20,Defensor
4224,2002,Irlanda,E,Roy Keane,roy_keane.php,6,Mediocampista
4225,2002,Irlanda,E,Jason Mcateer,jason_mcateer.php,7,Mediocampista
4226,2002,Irlanda,E,Matt Holland,matt_holland.php,8,Mediocampista
4227,2002,Irlanda,E,Mark Kinsella,mark_kinsella.php,12,Mediocampista
4228,2002,Irlanda,E,Lee Carsley,lee_carsley.php,22,Mediocampista
4229,2002,Irlanda,E,Damien Duff,damien_duff.php,9,Delantero
4230,2002,Irlanda,E,Robbie Keane,robbie_keane.php,10,Delantero
4231,2002,Irlanda,E,Kevin Kilbane,kevin_kilbane.php,11,Delantero
4232,2002,Irlanda,E,David Connolly,david_connolly.php,13,Delantero
4233,2002,Irlanda,E,Niall Quinn,niall_quinn.php,17,Delantero
4234,2002,Irlanda,E,Clinton Morrison,clinton_morrison.php,19,Delantero
4235,2002,Irlanda,E,Steven Reid,steven_reid.php,21,Delantero
4236,2002,Argentina,F,German Burgos,german_burgos.php,1,Arquero
4237,2002,Argentina,F,Pablo Cavallero,pablo_cavallero.php,12,Arquero
4238,2002,Argentina,F,Roberto Bonano,roberto_bonano.php,23,Arquero
4239,2002,Argentina,F,Roberto Ayala,roberto_ayala.php,2,Defensor
4240,2002,Argentina,F,Mauricio Pochettino,mauricio_pochettino.php,4,Defensor
4241,2002,Argentina,F,Walter Samuel,walter_samuel.php,6,Defensor
4242,2002,Argentina,F,Diego Placente,diego_placente.php,13,Defensor
4243,2002,Argentina,F,Jose Chamot,jose_chamot.php,22,Defensor
4244,2002,Argentina,F,Juan Sorin,juan_sorin.php,3,Mediocampista
4245,2002,Argentina,F,Matias Almeyda,matias_almeyda.php,5,Mediocampista
4246,2002,Argentina,F,Javier Zanetti,javier_zanetti.php,8,Mediocampista
4247,2002,Argentina,F,Ariel Ortega,ariel_ortega.php,10,Mediocampista
4248,2002,Argentina,F,Juan Veron,juan_veron.php,11,Mediocampista
4249,2002,Argentina,F,Diego Simeone,diego_simeone.php,14,Mediocampista
4250,2002,Argentina,F,Claudio Husain,claudio_husain.php,15,Mediocampista
4251,2002,Argentina,F,Pablo Aimar,pablo_aimar.php,16,Mediocampista
4252,2002,Argentina,F,Marcelo Gallardo,marcelo_gallardo.php,20,Mediocampista
4253,2002,Argentina,F,Claudio Lopez,claudio_lopez.php,7,Delantero
4254,2002,Argentina,F,Gabriel Batistuta,gabriel_batistuta.php,9,Delantero
4255,2002,Argentina,F,Gustavo Lopez,gustavo_lopez.php,17,Delantero
4256,2002,Argentina,F,Cristian Gonzalez,cristian_gonzalez.php,18,Delantero
4257,2002,Argentina,F,Hernan Crespo,hernan_crespo.php,19,Delantero
4258,2002,Argentina,F,Claudio Caniggia,claudio_caniggia.php,21,Delantero
4259,2002,Inglaterra,F,David Seaman,david_seaman.php,1,Arquero
4260,2002,Inglaterra,F,Nigel Martyn,nigel_martyn.php,13,Arquero
4261,2002,Inglaterra,F,David James,david_james.php,22,Arquero
4262,2002,Inglaterra,F,Danny Mills,danny_mills.php,2,Defensor
4263,2002,Inglaterra,F,Ashley Cole,ashley_cole.php,3,Defensor
4264,2002,Inglaterra,F,Rio Ferdinand,rio_ferdinand.php,5,Defensor
4265,2002,Inglaterra,F,Sol Campbell,sol_campbell.php,6,Defensor
4266,2002,Inglaterra,F,Wes Brown,wes_brown.php,12,Defensor
4267,2002,Inglaterra,F,Wayne Bridge,wayne_bridge.php,14,Defensor
4268,2002,Inglaterra,F,Martin Keown,martin_keown.php,15,Defensor
4269,2002,Inglaterra,F,Gareth Southgate,gareth_southgate.php,16,Defensor
4270,2002,Inglaterra,F,Trevor Sinclair,trevor_sinclair.php,4,Mediocampista
4271,2002,Inglaterra,F,David Beckham,david_beckham.php,7,Mediocampista
4272,2002,Inglaterra,F,Paul Scholes,paul_scholes.php,8,Mediocampista
4273,2002,Inglaterra,F,Owen Hargreaves,owen_hargreaves.php,18,Mediocampista
4274,2002,Inglaterra,F,Joe Cole,joe_cole.php,19,Mediocampista
4275,2002,Inglaterra,F,Nicky Butt,nicky_butt.php,21,Mediocampista
4276,2002,Inglaterra,F,Kieron Dyer,kieron_dyer.php,23,Mediocampista
4277,2002,Inglaterra,F,Robbie Fowler,robbie_fowler.php,9,Delantero
4278,2002,Inglaterra,F,Michael Owen,michael_owen.php,10,Delantero
4279,2002,Inglaterra,F,Emile Heskey,emile_heskey.php,11,Delantero
4280,2002,Inglaterra,F,Teddy Sheringham,teddy_sheringham.php,17,Delantero
4281,2002,Inglaterra,F,Darius Vassell,darius_vassell.php,20,Delantero
4282,2002,Nigeria,F,Ike Shorunmu,ike_shorunmu.php,1,Arquero
4283,2002,Nigeria,F,Austin Ejide,austin_ejide.php,12,Arquero
4284,2002,Nigeria,F,Vincent Enyeama,vincent_enyeama.php,22,Arquero
4285,2002,Nigeria,F,Celestine Babayaro,celestine_babayaro.php,3,Defensor
4286,2002,Nigeria,F,Isaac Okoronkwo,isaac_okoronkwo.php,5,Defensor
4287,2002,Nigeria,F,Taribo West,taribo_west.php,6,Defensor
4288,2002,Nigeria,F,Rabiu Afolabi,rabiu_afolabi.php,13,Defensor
4289,2002,Nigeria,F,Ifeanyi Udeze,ifeanyi_udeze.php,14,Defensor
4290,2002,Nigeria,F,Efetobore Sodje,efetobore_sodje.php,16,Defensor
4291,2002,Nigeria,F,Eric Ejiofor,eric_ejiofor.php,19,Defensor
4292,2002,Nigeria,F,Joseph Yobo,joseph_yobo.php,2,Mediocampista
4293,2002,Nigeria,F,Mutiu Adepoju,mutiu_adepoju.php,8,Mediocampista
4294,2002,Nigeria,F,Jay Jay Okocha,jay_jay_okocha.php,10,Mediocampista
4295,2002,Nigeria,F,Garba Lawal,garba_lawal.php,11,Mediocampista
4296,2002,Nigeria,F,Justice Christopher,justice_christopher.php,15,Mediocampista
4297,2002,Nigeria,F,James Obiorah,james_obiorah.php,20,Mediocampista
4298,2002,Nigeria,F,Nwankwo Kanu,nwankwo_kanu.php,4,Delantero
4299,2002,Nigeria,F,Pius Ikedia,pius_ikedia.php,7,Delantero
4300,2002,Nigeria,F,Bartholomew Ogbeche,bartholomew_ogbeche.php,9,Delantero
4301,2002,Nigeria,F,Julius Aghahowa,julius_aghahowa.php,17,Delantero
4302,2002,Nigeria,F,Benedict Akwuegbu,benedict_akwuegbu.php,18,Delantero
4303,2002,Nigeria,F,John Utaka,john_utaka.php,21,Delantero
4304,2002,Nigeria,F,Femi Opabunmi,femi_opabunmi.php,23,Delantero
4305,2002,Suecia,F,Magnus Hedman,magnus_hedman.php,1,Arquero
4306,2002,Suecia,F,Magnus Kihlstedt,magnus_kihlstedt.php,12,Arquero
4307,2002,Suecia,F,Andreas Isaksson,andreas_isaksson.php,23,Arquero
4308,2002,Suecia,F,Olof Mellberg,olof_mellberg.php,2,Defensor
4309,2002,Suecia,F,Patrik Andersson,patrik_andersson.php,3,Defensor
4310,2002,Suecia,F,Johan Mjallby,johan_mjallby.php,4,Defensor
4311,2002,Suecia,F,Michael Svensson,michael_svensson.php,5,Defensor
4312,2002,Suecia,F,Tomas Antonelius,tomas_antonelius.php,13,Defensor
4313,2002,Suecia,F,Erik Edman,erik_edman.php,14,Defensor
4314,2002,Suecia,F,Andreas Jakobsson,andreas_jakobsson.php,15,Defensor
4315,2002,Suecia,F,Teddy Lucic,teddy_lucic.php,16,Defensor
4316,2002,Suecia,F,Tobias Linderoth,tobias_linderoth.php,6,Mediocampista
4317,2002,Suecia,F,Niclas Alexandersson,niclas_alexandersson.php,7,Mediocampista
4318,2002,Suecia,F,Anders Svensson,anders_svensson.php,8,Mediocampista
4319,2002,Suecia,F,Fredrik Ljungberg,fredrik_ljungberg.php,9,Mediocampista
4320,2002,Suecia,F,Magnus Svensson,magnus_svensson.php,17,Mediocampista
4321,2002,Suecia,F,Mattias Jonson,mattias_jonson.php,18,Mediocampista
4322,2002,Suecia,F,Pontus Farnerud,pontus_farnerud.php,19,Mediocampista
4323,2002,Suecia,F,Daniel Andersson,daniel_andersson.php,20,Mediocampista
4324,2002,Suecia,F,Marcus Allback,marcus_allback.php,10,Delantero
4325,2002,Suecia,F,Henrik Larsson,henrik_larsson.php,11,Delantero
4326,2002,Suecia,F,Zlatan Ibrahimovic,zlatan_ibrahimovic.php,21,Delantero
4327,2002,Suecia,F,Andreas Andersson,andreas_andersson.php,22,Delantero
4328,2002,Croacia,G,Stipe Pletikosa,stipe_pletikosa.php,1,Arquero
4329,2002,Croacia,G,Tomislav Butina,tomislav_butina.php,12,Arquero
4330,2002,Croacia,G,Vladimir Vasilj,vladimir_vasilj.php,23,Arquero
4331,2002,Croacia,G,Anthony Seric,anthony_seric.php,2,Defensor
4332,2002,Croacia,G,Josip Simunic,josip_simunic.php,3,Defensor
4333,2002,Croacia,G,Stjepan Tomas,stjepan_tomas.php,4,Defensor
4334,2002,Croacia,G,Boris Zivkovic,boris_zivkovic.php,6,Defensor
4335,2002,Croacia,G,Daniel Saric,daniel_saric.php,15,Defensor
4336,2002,Croacia,G,Robert Jarni,robert_jarni.php,17,Defensor
4337,2002,Croacia,G,Dario Simic,dario_simic.php,20,Defensor
4338,2002,Croacia,G,Robert Kovac,robert_kovac.php,21,Defensor
4339,2002,Croacia,G,Milan Rapaic,milan_rapaic.php,5,Mediocampista
4340,2002,Croacia,G,Davor Vugrinec,davor_vugrinec.php,7,Mediocampista
4341,2002,Croacia,G,Robert Prosinecki,robert_prosinecki.php,8,Mediocampista
4342,2002,Croacia,G,Niko Kovac,niko_kovac.php,10,Mediocampista
4343,2002,Croacia,G,Mario Stanic,mario_stanic.php,13,Mediocampista
4344,2002,Croacia,G,Zvonimir Soldo,zvonimir_soldo.php,14,Mediocampista
4345,2002,Croacia,G,Jurica Vranjes,jurica_vranjes.php,16,Mediocampista
4346,2002,Croacia,G,Davor Suker,davor_suker.php,9,Delantero
4347,2002,Croacia,G,Alen Boksic,alen_boksic.php,11,Delantero
4348,2002,Croacia,G,Ivica Olic,ivica_olic.php,18,Delantero
4349,2002,Croacia,G,Goran Vlaovic,goran_vlaovic.php,19,Delantero
4350,2002,Croacia,G,Bosko Balaban,bosko_balaban.php,22,Delantero
4351,2002,Ecuador,G,Jose Cevallos,jose_cevallos.php,1,Arquero
4352,2002,Ecuador,G,Giovanni Ibarra,giovanni_ibarra.php,12,Arquero
4353,2002,Ecuador,G,Daniel Viteri,daniel_viteri.php,22,Arquero
4354,2002,Ecuador,G,Augusto Poroso,augusto_poroso.php,2,Defensor
4355,2002,Ecuador,G,Ivan Hurtado,ivan_hurtado.php,3,Defensor
4356,2002,Ecuador,G,Ulises De La Cruz,ulises_de_la_cruz.php,4,Defensor
4357,2002,Ecuador,G,Raul Guerron,raul_guerron.php,6,Defensor
4358,2002,Ecuador,G,Luis Gomez,luis_gomez.php,8,Defensor
4359,2002,Ecuador,G,Marlon Ayovi,marlon_ayovi.php,15,Defensor
4360,2002,Ecuador,G,Giovanny Espinoza,giovanny_espinoza.php,17,Defensor
4361,2002,Ecuador,G,Walter Ayovi,walter_ayovi.php,23,Defensor
4362,2002,Ecuador,G,Alfonso Obregon,alfonso_obregon.php,5,Mediocampista
4363,2002,Ecuador,G,Nicolas Asencio,nicolas_asencio.php,7,Mediocampista
4364,2002,Ecuador,G,Alex Aguinaga,alex_aguinaga.php,10,Mediocampista
4365,2002,Ecuador,G,Juan Carlos Burbano,juan_carlos_burbano.php,14,Mediocampista
4366,2002,Ecuador,G,Clever Chala,clever_chala.php,16,Mediocampista
4367,2002,Ecuador,G,Edison Mendez,edison_mendez.php,19,Mediocampista
4368,2002,Ecuador,G,Edwin Tenorio,edwin_tenorio.php,20,Mediocampista
4369,2002,Ecuador,G,Wellington Sanchez,wellington_sanchez.php,21,Mediocampista
4370,2002,Ecuador,G,Ivan Kaviedes,ivan_kaviedes.php,9,Delantero
4371,2002,Ecuador,G,Agustin Delgado,agustin_delgado.php,11,Delantero
4372,2002,Ecuador,G,Angel Fernandez,angel_fernandez.php,13,Delantero
4373,2002,Ecuador,G,Carlos Tenorio,carlos_tenorio.php,18,Delantero
4374,2002,Italia,G,Gianluigi Buffon,gianluigi_buffon.php,1,Arquero
4375,2002,Italia,G,Christian Abbiati,christian_abbiati.php,12,Arquero
4376,2002,Italia,G,Francesco Toldo,francesco_toldo.php,22,Arquero
4377,2002,Italia,G,Christian Panucci,christian_panucci.php,2,Defensor
4378,2002,Italia,G,Paolo Maldini,paolo_maldini.php,3,Defensor
4379,2002,Italia,G,Francesco Coco,francesco_coco.php,4,Defensor
4380,2002,Italia,G,Fabio Cannavaro,fabio_cannavaro.php,5,Defensor
4381,2002,Italia,G,Alessandro Nesta,alessandro_nesta.php,13,Defensor
4382,2002,Italia,G,Mark Iuliano,mark_iuliano.php,15,Defensor
4383,2002,Italia,G,Marco Materazzi,marco_materazzi.php,23,Defensor
4384,2002,Italia,G,Cristiano Zanetti,cristiano_zanetti.php,6,Mediocampista
4385,2002,Italia,G,Gennaro Gattuso,gennaro_gattuso.php,8,Mediocampista
4386,2002,Italia,G,Cristiano Doni,cristiano_doni.php,11,Mediocampista
4387,2002,Italia,G,Luigi Di Biagio,luigi_di_biagio.php,14,Mediocampista
4388,2002,Italia,G,Angelo Di Livio,angelo_di_livio.php,16,Mediocampista
4389,2002,Italia,G,Damiano Tommasi,damiano_tommasi.php,17,Mediocampista
4390,2002,Italia,G,Gianluca Zambrotta,gianluca_zambrotta.php,19,Mediocampista
4391,2002,Italia,G,Alessandro Del Piero,alessandro_del_piero.php,7,Delantero
4392,2002,Italia,G,Filippo Inzaghi,filippo_inzaghi.php,9,Delantero
4393,2002,Italia,G,Francesco Totti,francesco_totti.php,10,Delantero
4394,2002,Italia,G,Marco Delvecchio,marco_delvecchio.php,18,Delantero
4395,2002,Italia,G,Vincenzo Montella,vincenzo_montella.php,20,Delantero
4396,2002,Italia,G,Christian Vieri,christian_vieri.php,21,Delantero
4397,2002,México,G,Oscar Perez,oscar_perez.php,1,Arquero
4398,2002,México,G,Oswaldo Sanchez,oswaldo_sanchez.php,12,Arquero
4399,2002,México,G,Jorge Campos,jorge_campos.php,23,Arquero
4400,2002,México,G,Francisco Gabriel De Anda,francisco_gabriel_de_anda.php,2,Defensor
4401,2002,México,G,Manuel Vidrio,manuel_vidrio.php,5,Defensor
4402,2002,México,G,Salvador Carmona,salvador_carmona.php,16,Defensor
4403,2002,México,G,Melvin Brown,melvin_brown.php,20,Defensor
4404,2002,México,G,Alberto Rodriguez,alberto_rodriguez.php,22,Defensor
4405,2002,México,G,Rafael Garcia,rafael_garcia.php,3,Mediocampista
4406,2002,México,G,Rafael Marquez,rafael_marquez.php,4,Mediocampista
4407,2002,México,G,Gerardo Torrado,gerardo_torrado.php,6,Mediocampista
4408,2002,México,G,Ramon Morales,ramon_morales.php,7,Mediocampista
4409,2002,México,G,Alberto Garcia Aspe,alberto_garcia_aspe.php,8,Mediocampista
4410,2002,México,G,Braulio Luna,braulio_luna.php,11,Mediocampista
4411,2002,México,G,Sigifredo Mercado,sigifredo_mercado.php,13,Mediocampista
4412,2002,México,G,German Villa,german_villa.php,14,Mediocampista
4413,2002,México,G,Joahan Rodriguez,joahan_rodriguez.php,18,Mediocampista
4414,2002,México,G,Gabriel Caballero,gabriel_caballero.php,19,Mediocampista
4415,2002,México,G,Jared Borgetti,jared_borgetti.php,9,Delantero
4416,2002,México,G,Cuauhtemoc Blanco,cuauhtemoc_blanco.php,10,Delantero
4417,2002,México,G,Luis Hernandez,luis_hernandez.php,15,Delantero
4418,2002,México,G,Francisco Palencia,francisco_palencia.php,17,Delantero
4419,2002,México,G,Jesus Arellano,jesus_arellano.php,21,Delantero
4420,2002,Bélgica,H,Geert De Vlieger,geert_de_vlieger.php,1,Arquero
4421,2002,Bélgica,H,Franky Vandendriessche,franky_vandendriessche.php,13,Arquero
4422,2002,Bélgica,H,Frederic Herpoel,frederic_herpoel.php,23,Arquero
4423,2002,Bélgica,H,Eric Deflandre,eric_deflandre.php,2,Defensor
4424,2002,Bélgica,H,Glen De Boeck,glen_de_boeck.php,3,Defensor
4425,2002,Bélgica,H,Eric Van Meir,eric_van_meir.php,4,Defensor
4426,2002,Bélgica,H,Nico Van Kerckhoven,nico_van_kerckhoven.php,5,Defensor
4427,2002,Bélgica,H,Peter Van Der Heyden,peter_van_der_heyden.php,12,Defensor
4428,2002,Bélgica,H,Jacky Peeters,jacky_peeters.php,15,Defensor
4429,2002,Bélgica,H,Daniel van Buyten,daniel_van_buyten.php,16,Defensor
4430,2002,Bélgica,H,Timmy Simons,timmy_simons.php,6,Mediocampista
4431,2002,Bélgica,H,Bart Goor,bart_goor.php,8,Mediocampista
4432,2002,Bélgica,H,Johan Walem,johan_walem.php,10,Mediocampista
4433,2002,Bélgica,H,Gert Verheyen,gert_verheyen.php,11,Mediocampista
4434,2002,Bélgica,H,Sven Vermant,sven_vermant.php,14,Mediocampista
4435,2002,Bélgica,H,Gaetan Englebert,gaetan_englebert.php,17,Mediocampista
4436,2002,Bélgica,H,Yves Vanderhaeghe,yves_vanderhaeghe.php,18,Mediocampista
4437,2002,Bélgica,H,Bernd Thijs,bernd_thijs.php,19,Mediocampista
4438,2002,Bélgica,H,Danny Boffin,danny_boffin.php,21,Mediocampista
4439,2002,Bélgica,H,Marc Wilmots,marc_wilmots.php,7,Delantero
4440,2002,Bélgica,H,Wesley Sonck,wesley_sonck.php,9,Delantero
4441,2002,Bélgica,H,Branko Strupar,branko_strupar.php,20,Delantero
4442,2002,Bélgica,H,Mbo Mpenza,mbo_mpenza.php,22,Delantero
4443,2002,Japón,H,Yoshikatsu Kawaguchi,yoshikatsu_kawaguchi.php,1,Arquero
4444,2002,Japón,H,Seigo Narazaki,seigo_narazaki.php,12,Arquero
4445,2002,Japón,H,Hitoshi Sogahata,hitoshi_sogahata.php,23,Arquero
4446,2002,Japón,H,Yutaka Akita,yutaka_akita.php,2,Defensor
4447,2002,Japón,H,Naoki Matsuda,naoki_matsuda.php,3,Defensor
4448,2002,Japón,H,Ryuzo Morioka,ryuzo_morioka.php,4,Defensor
4449,2002,Japón,H,Toshihiro Hattori,toshihiro_hattori.php,6,Defensor
4450,2002,Japón,H,Koji Nakata,koji_nakata.php,16,Defensor
4451,2002,Japón,H,Tsuneyasu Miyamoto,tsuneyasu_miyamoto.php,17,Defensor
4452,2002,Japón,H,Junichi Inamoto,junichi_inamoto.php,5,Mediocampista
4453,2002,Japón,H,Hidetoshi Nakata,hidetoshi_nakata.php,7,Mediocampista
4454,2002,Japón,H,Hiroaki Morishima,hiroaki_morishima.php,8,Mediocampista
4455,2002,Japón,H,Alessandro Santos,alessandro_santos.php,14,Mediocampista
4456,2002,Japón,H,Takashi Fukunishi,takashi_fukunishi.php,15,Mediocampista
4457,2002,Japón,H,Shinji Ono,shinji_ono.php,18,Mediocampista
4458,2002,Japón,H,Mitsuo Ogasawara,mitsuo_ogasawara.php,19,Mediocampista
4459,2002,Japón,H,Tomokazu Myojin,tomokazu_myojin.php,20,Mediocampista
4460,2002,Japón,H,Kazuyuki Toda,kazuyuki_toda.php,21,Mediocampista
4461,2002,Japón,H,Daisuke Ichikawa,daisuke_ichikawa.php,22,Mediocampista
4462,2002,Japón,H,Akinori Nishizawa,akinori_nishizawa.php,9,Delantero
4463,2002,Japón,H,Masashi Nakayama,masashi_nakayama.php,10,Delantero
4464,2002,Japón,H,Takayuki Suzuki,takayuki_suzuki.php,11,Delantero
4465,2002,Japón,H,Atsushi Yanagisawa,atsushi_yanagisawa.php,13,Delantero
4466,2002,Rusia,H,Ruslan Nigmatullin,ruslan_nigmatullin.php,1,Arquero
4467,2002,Rusia,H,Stanislav Cherchesov,stanislav_cherchesov.php,12,Arquero
4468,2002,Rusia,H,Alexander Filimonov,alexander_filimonov.php,23,Arquero
4469,2002,Rusia,H,Yuri Kovtun,yuri_kovtun.php,2,Defensor
4470,2002,Rusia,H,Yuri Nikiforov,yuri_nikiforov.php,3,Defensor
4471,2002,Rusia,H,Viktor Onopko,viktor_onopko.php,7,Defensor
4472,2002,Rusia,H,Viacheslav Daev,viacheslav_daev.php,13,Defensor
4473,2002,Rusia,H,Igor Chugainov,igor_chugainov.php,14,Defensor
4474,2002,Rusia,H,Dmitri Sennikov,dmitri_sennikov.php,18,Defensor
4475,2002,Rusia,H,Alexei Smertin,alexei_smertin.php,4,Mediocampista
4476,2002,Rusia,H,Andrei Solomatin,andrei_solomatin.php,5,Mediocampista
4477,2002,Rusia,H,Igor Semshov,igor_semshov.php,6,Mediocampista
4478,2002,Rusia,H,Valeri Karpin,valeri_karpin.php,8,Mediocampista
4479,2002,Rusia,H,Egor Titov,egor_titov.php,9,Mediocampista
4480,2002,Rusia,H,Aleksandr Mostovoi,aleksandr_mostovoi.php,10,Mediocampista
4481,2002,Rusia,H,Dmitry Alenichev,dmitry_alenichev.php,15,Mediocampista
4482,2002,Rusia,H,Sergei Semak,sergei_semak.php,17,Mediocampista
4483,2002,Rusia,H,Marat Izmailov,marat_izmailov.php,20,Mediocampista
4484,2002,Rusia,H,Dmitry Khokhlov,dmitry_khokhlov.php,21,Mediocampista
4485,2002,Rusia,H,Vladimir Beschastnykh,vladimir_beschastnykh.php,11,Delantero
4486,2002,Rusia,H,Alexander Kerzhakov,alexander_kerzhakov.php,16,Delantero
4487,2002,Rusia,H,Ruslan Pimenov,ruslan_pimenov.php,19,Delantero
4488,2002,Rusia,H,Dmitri Sychev,dmitri_sychev.php,22,Delantero
4489,2002,Túnez,H,Ali Boumnijel,ali_boumnijel.php,1,Arquero
4490,2002,Túnez,H,Hassen Bejaoui,hassen_bejaoui.php,16,Arquero
4491,2002,Túnez,H,Ahmed Jaouachi,ahmed_jaouachi.php,22,Arquero
4492,2002,Túnez,H,Khaled Badra,khaled_badra.php,2,Defensor
4493,2002,Túnez,H,Mohamed Mkacher,mohamed_mkacher.php,4,Defensor
4494,2002,Túnez,H,Hatem Trabelsi,hatem_trabelsi.php,6,Defensor
4495,2002,Túnez,H,Raouf Bouzaiene,raouf_bouzaiene.php,12,Defensor
4496,2002,Túnez,H,Hamdi Marzouki,hamdi_marzouki.php,14,Defensor
4497,2002,Túnez,H,Radhi Jaidi,radhi_jaidi.php,15,Defensor
4498,2002,Túnez,H,Tarek Thabet,tarek_thabet.php,17,Defensor
4499,2002,Túnez,H,Emir Mkademi,emir_mkademi.php,19,Defensor
4500,2002,Túnez,H,Clayton,clayton.php,23,Defensor
4501,2002,Túnez,H,Zoubeir Beya,zoubeir_beya.php,3,Mediocampista
4502,2002,Túnez,H,Hassan Gabsi,hassan_gabsi.php,8,Mediocampista
4503,2002,Túnez,H,Kais Ghodhbane,kais_ghodhbane.php,10,Mediocampista
4504,2002,Túnez,H,Riadh Bouazizi,riadh_bouazizi.php,13,Mediocampista
4505,2002,Túnez,H,Slim Benachour,slim_benachour.php,18,Mediocampista
4506,2002,Túnez,H,Mourad Melki,mourad_melki.php,21,Mediocampista
4507,2002,Túnez,H,Zied Jaziri,zied_jaziri.php,5,Delantero
4508,2002,Túnez,H,Imed Mhadhebi,imed_mhadhebi.php,7,Delantero
4509,2002,Túnez,H,Riadh Jelassi,riadh_jelassi.php,9,Delantero
4510,2002,Túnez,H,Adel El Sellimi,adel_el_sellimi.php,11,Delantero
4511,2002,Túnez,H,Ali Zitouni,ali_zitouni.php,20,Delantero
4512,1998,Brasil,A,Taffarel,taffarel.php,1,Arquero
4513,1998,Brasil,A,Carlos Germano,carlos_germano.php,12,Arquero
4514,1998,Brasil,A,Dida,dida_2.php,22,Arquero
4515,1998,Brasil,A,Cafu,cafu.php,2,Defensor
4516,1998,Brasil,A,Aldair,aldair.php,3,Defensor
4517,1998,Brasil,A,Junior Baiano,junior_baiano.php,4,Defensor
4518,1998,Brasil,A,Roberto Carlos,roberto_carlos.php,6,Defensor
4519,1998,Brasil,A,Goncalves,goncalves.php,14,Defensor
4520,1998,Brasil,A,Andre Cruz,andre_cruz.php,15,Defensor
4521,1998,Brasil,A,Cesar Sampaio,cesar_sampaio.php,5,Mediocampista
4522,1998,Brasil,A,Giovanni,giovanni.php,7,Mediocampista
4523,1998,Brasil,A,Dunga,dunga.php,8,Mediocampista
4524,1998,Brasil,A,Rivaldo,rivaldo.php,10,Mediocampista
4525,1998,Brasil,A,Emerson,emerson.php,11,Mediocampista
4526,1998,Brasil,A,Ze Carlos Ii,ze_carlos_ii.php,13,Mediocampista
4527,1998,Brasil,A,Ze Roberto,ze_roberto.php,16,Mediocampista
4528,1998,Brasil,A,Doriva,doriva.php,17,Mediocampista
4529,1998,Brasil,A,Leonardo,leonardo.php,18,Mediocampista
4530,1998,Brasil,A,Denilson,denilson_2.php,19,Mediocampista
4531,1998,Brasil,A,Ronaldo,ronaldo.php,9,Delantero
4532,1998,Brasil,A,Bebeto,bebeto.php,20,Delantero
4533,1998,Brasil,A,Edmundo,edmundo.php,21,Delantero
4534,1998,Escocia,A,Jim Leighton,jim_leighton.php,1,Arquero
4535,1998,Escocia,A,Neil Sullivan,neil_sullivan.php,12,Arquero
4536,1998,Escocia,A,Jonathan Gould,jonathan_gould.php,21,Arquero
4537,1998,Escocia,A,Jackie Mcnamara,jackie_mcnamara.php,2,Defensor
4538,1998,Escocia,A,Tom Boyd,tom_boyd.php,3,Defensor
4539,1998,Escocia,A,Colin Calderwood,colin_calderwood.php,4,Defensor
4540,1998,Escocia,A,Colin Hendry,colin_hendry.php,5,Defensor
4541,1998,Escocia,A,Tosh Mckinlay,tosh_mckinlay.php,6,Defensor
4542,1998,Escocia,A,David Weir,david_weir.php,16,Defensor
4543,1998,Escocia,A,Matt Elliott,matt_elliott.php,18,Defensor
4544,1998,Escocia,A,Derek Whyte,derek_whyte.php,19,Defensor
4545,1998,Escocia,A,Christian Dailly,christian_dailly.php,22,Defensor
4546,1998,Escocia,A,Craig Burley,craig_burley.php,8,Mediocampista
4547,1998,Escocia,A,John Collins,john_collins.php,11,Mediocampista
4548,1998,Escocia,A,Paul Lambert,paul_lambert.php,14,Mediocampista
4549,1998,Escocia,A,Scot Gemmill,scot_gemmill.php,15,Mediocampista
4550,1998,Escocia,A,Billy Mckinlay,billy_mckinlay.php,17,Mediocampista
4551,1998,Escocia,A,Kevin Gallacher,kevin_gallacher.php,7,Delantero
4552,1998,Escocia,A,Gordon Durie,gordon_durie.php,9,Delantero
4553,1998,Escocia,A,Darren Jackson,darren_jackson.php,10,Delantero
4554,1998,Escocia,A,Simon Donnelly,simon_donnelly.php,13,Delantero
4555,1998,Escocia,A,Scott Booth,scott_booth.php,20,Delantero
4556,1998,Marruecos,A,Abdelkader El Brazi,abdelkader_el_brazi.php,1,Arquero
4557,1998,Marruecos,A,Driss Ben Zekri,driss_ben_zekri.php,12,Arquero
4558,1998,Marruecos,A,Mustapha El Chadili,mustapha_el_chadili.php,22,Arquero
4559,1998,Marruecos,A,Abdelilah Saber,abdelilah_saber.php,2,Defensor
4560,1998,Marruecos,A,Abdelkarim El Hadrioui,abdelkarim_el_hadrioui.php,3,Defensor
4561,1998,Marruecos,A,Youssef Rossi,youssef_rossi.php,4,Defensor
4562,1998,Marruecos,A,Smahi Triki,smahi_triki.php,5,Defensor
4563,1998,Marruecos,A,Noureddine Naybet,noureddine_naybet.php,6,Defensor
4564,1998,Marruecos,A,Rachid Neqrouz,rachid_neqrouz.php,13,Defensor
4565,1998,Marruecos,A,Lahcen Abrami,lahcen_abrami.php,15,Defensor
4566,1998,Marruecos,A,Taher El Khalej,taher_el_khalej.php,20,Defensor
4567,1998,Marruecos,A,Mustafa El Hadji,mustafa_el_hadji.php,7,Mediocampista
4568,1998,Marruecos,A,Said Chiba,said_chiba.php,8,Mediocampista
4569,1998,Marruecos,A,Rachid Azzouzi,rachid_azzouzi.php,16,Mediocampista
4570,1998,Marruecos,A,Gharib Amzine,gharib_amzine.php,17,Mediocampista
4571,1998,Marruecos,A,Youssef Chippo,youssef_chippo.php,18,Mediocampista
4572,1998,Marruecos,A,Jamal Salami,jamal_salami.php,19,Mediocampista
4573,1998,Marruecos,A,Abdeljalil Hadda,abdeljalil_hadda.php,9,Delantero
4574,1998,Marruecos,A,Abderrahim Ouakili,abderrahim_ouakili.php,10,Delantero
4575,1998,Marruecos,A,Ali El Khattabi,ali_el_khattabi.php,11,Delantero
4576,1998,Marruecos,A,Salaheddine Bassir,salaheddine_bassir.php,14,Delantero
4577,1998,Marruecos,A,Rachid Rokki,rachid_rokki.php,21,Delantero
4578,1998,Noruega,A,Frode Grodas,frode_grodas.php,1,Arquero
4579,1998,Noruega,A,Thomas Myhre,thomas_myhre.php,12,Arquero
4580,1998,Noruega,A,Espen Baardsen,espen_baardsen.php,13,Arquero
4581,1998,Noruega,A,Gunnar Halle,gunnar_halle.php,2,Defensor
4582,1998,Noruega,A,Ronny Johnsen,ronny_johnsen.php,3,Defensor
4583,1998,Noruega,A,Henning Berg,henning_berg.php,4,Defensor
4584,1998,Noruega,A,Stig Bjornebye,stig_bjornebye.php,5,Defensor
4585,1998,Noruega,A,Dan Eggen,dan_eggen.php,15,Defensor
4586,1998,Noruega,A,Erik Hoftun,erik_hoftun.php,19,Defensor
4587,1998,Noruega,A,Stale Solbakken,stale_solbakken.php,6,Mediocampista
4588,1998,Noruega,A,Erik Mykland,erik_mykland.php,7,Mediocampista
4589,1998,Noruega,A,Oyvind Leonhardsen,oyvind_leonhardsen.php,8,Mediocampista
4590,1998,Noruega,A,Kjetil Rekdal,kjetil_rekdal.php,10,Mediocampista
4591,1998,Noruega,A,Mini Jakobsen,mini_jakobsen.php,11,Mediocampista
4592,1998,Noruega,A,Vidar Riseth,vidar_riseth.php,21,Mediocampista
4593,1998,Noruega,A,Roar Strand,roar_strand.php,22,Mediocampista
4594,1998,Noruega,A,Tore Andre Flo,tore_andre_flo.php,9,Delantero
4595,1998,Noruega,A,Vegard Heggem,vegard_heggem.php,14,Delantero
4596,1998,Noruega,A,Jostein Flo,jostein_flo.php,16,Delantero
4597,1998,Noruega,A,Havard Flo,havard_flo.php,17,Delantero
4598,1998,Noruega,A,Egil Ostenstad,egil_ostenstad.php,18,Delantero
4599,1998,Noruega,A,Ole Gunnar Solskjaer,ole_gunnar_solskjaer.php,20,Delantero
4600,1998,Austria,B,Michael Konsel,michael_konsel.php,1,Arquero
4601,1998,Austria,B,Franz Wohlfahrt,franz_wohlfahrt.php,16,Arquero
4602,1998,Austria,B,Wolfgang Knaller,wolfgang_knaller.php,21,Arquero
4603,1998,Austria,B,Peter Schoettel,peter_schoettel.php,3,Defensor
4604,1998,Austria,B,Anton Pfeffer,anton_pfeffer.php,4,Defensor
4605,1998,Austria,B,Wolfgang Feiersinger,wolfgang_feiersinger.php,5,Defensor
4606,1998,Austria,B,Walter Kogler,walter_kogler.php,6,Defensor
4607,1998,Austria,B,Martin Hiden,martin_hiden.php,12,Defensor
4608,1998,Austria,B,Markus Schopp,markus_schopp.php,2,Mediocampista
4609,1998,Austria,B,Heimo Pfeifenberger,heimo_pfeifenberger.php,8,Mediocampista
4610,1998,Austria,B,Andreas Herzog,andreas_herzog.php,10,Mediocampista
4611,1998,Austria,B,Martin Amerhauser,martin_amerhauser.php,11,Mediocampista
4612,1998,Austria,B,Harald Cerny,harald_cerny.php,13,Mediocampista
4613,1998,Austria,B,Arnold Wetl,arnold_wetl.php,15,Mediocampista
4614,1998,Austria,B,Roman Mahlich,roman_mahlich.php,17,Mediocampista
4615,1998,Austria,B,Peter Stoeger,peter_stoeger.php,18,Mediocampista
4616,1998,Austria,B,Andreas Heraf,andreas_heraf.php,20,Mediocampista
4617,1998,Austria,B,Dietmar Kuehbauer,dietmar_kuehbauer.php,22,Mediocampista
4618,1998,Austria,B,Mario Haas,mario_haas.php,7,Delantero
4619,1998,Austria,B,Ivica Vastic,ivica_vastic.php,9,Delantero
4620,1998,Austria,B,Hannes Reinmayr,hannes_reinmayr.php,14,Delantero
4621,1998,Austria,B,Toni Polster,toni_polster.php,19,Delantero
4622,1998,Camerún,B,Jacques Songoo,jacques_songoo.php,1,Arquero
4623,1998,Camerún,B,William Andem,william_andem.php,16,Arquero
4624,1998,Camerún,B,Alioum Boukar,alioum_boukar.php,22,Arquero
4625,1998,Camerún,B,Pierre Wome,pierre_wome.php,3,Defensor
4626,1998,Camerún,B,Rigobert Song,rigobert_song.php,4,Defensor
4627,1998,Camerún,B,Raymond Kalla,raymond_kalla.php,5,Defensor
4628,1998,Camerún,B,Pierre Njanka,pierre_njanka.php,6,Defensor
4629,1998,Camerún,B,Lauren,lauren.php,12,Defensor
4630,1998,Camerún,B,Patrice Abanda,patrice_abanda.php,13,Defensor
4631,1998,Camerún,B,Michel Pensee,michel_pensee.php,17,Defensor
4632,1998,Camerún,B,Joseph Elanga,joseph_elanga.php,2,Mediocampista
4633,1998,Camerún,B,Didier Angibeaud,didier_angibeaud.php,8,Mediocampista
4634,1998,Camerún,B,Augustine Simo,augustine_simo.php,14,Mediocampista
4635,1998,Camerún,B,Joseph Ndo,joseph_ndo.php,15,Mediocampista
4636,1998,Camerún,B,Marcel Mahouve,marcel_mahouve.php,19,Mediocampista
4637,1998,Camerún,B,Salomon Olembe,salomon_olembe.php,20,Mediocampista
4638,1998,Camerún,B,Francois Omam-Biyik,francois_omam_biyik.php,7,Delantero
4639,1998,Camerún,B,Alphonse-Marie Tchami,alphonse_marie_tchami.php,9,Delantero
4640,1998,Camerún,B,Patrick Mboma,patrick_mboma.php,10,Delantero
4641,1998,Camerún,B,Samuel Eto'o,samuel_etoo.php,11,Delantero
4642,1998,Camerún,B,Samuel Ipoua,samuel_ipoua.php,18,Delantero
4643,1998,Camerún,B,Joseph-Desire Job,joseph_desire_job.php,21,Delantero
4644,1998,Chile,B,Nelson Tapia,nelson_tapia.php,1,Arquero
4645,1998,Chile,B,Marcelo Ramirez,marcelo_ramirez.php,12,Arquero
4646,1998,Chile,B,Carlos Tejas,carlos_tejas.php,22,Arquero
4647,1998,Chile,B,Cristian Castaneda,cristian_castaneda.php,2,Defensor
4648,1998,Chile,B,Ronald Fuentes,ronald_fuentes.php,3,Defensor
4649,1998,Chile,B,Francisco Rojas,francisco_rojas.php,4,Defensor
4650,1998,Chile,B,Javier Margas,javier_margas.php,5,Defensor
4651,1998,Chile,B,Pedro Reyes,pedro_reyes.php,6,Defensor
4652,1998,Chile,B,Miguel Ramirez,miguel_ramirez.php,14,Defensor
4653,1998,Chile,B,Moises Villarroel,moises_villarroel.php,15,Defensor
4654,1998,Chile,B,Mauricio Aros,mauricio_aros.php,16,Defensor
4655,1998,Chile,B,Nelson Parraguez,nelson_parraguez.php,7,Mediocampista
4656,1998,Chile,B,Clarence Acuña,clarence_acuna.php,8,Mediocampista
4657,1998,Chile,B,Jose Sierra,jose_sierra.php,10,Mediocampista
4658,1998,Chile,B,Marcelo Vega,marcelo_vega.php,17,Mediocampista
4659,1998,Chile,B,Luis Musrri,luis_musrri.php,18,Mediocampista
4660,1998,Chile,B,Fernando Cornejo,fernando_cornejo.php,19,Mediocampista
4661,1998,Chile,B,Fabian Estay,fabian_estay.php,20,Mediocampista
4662,1998,Chile,B,Ivan Zamorano,ivan_zamorano.php,9,Delantero
4663,1998,Chile,B,Marcelo Salas,marcelo_salas.php,11,Delantero
4664,1998,Chile,B,Manuel Neira,manuel_neira.php,13,Delantero
4665,1998,Chile,B,Rodrigo Barrera,rodrigo_barrera.php,21,Delantero
4666,1998,Italia,B,Francesco Toldo,francesco_toldo.php,1,Arquero
4667,1998,Italia,B,Gianluca Pagliuca,gianluca_pagliuca.php,12,Arquero
4668,1998,Italia,B,Gianluigi Buffon,gianluigi_buffon.php,22,Arquero
4669,1998,Italia,B,Giuseppe Bergomi,giuseppe_bergomi.php,2,Defensor
4670,1998,Italia,B,Paolo Maldini,paolo_maldini.php,3,Defensor
4671,1998,Italia,B,Fabio Cannavaro,fabio_cannavaro.php,4,Defensor
4672,1998,Italia,B,Alessandro Costacurta,alessandro_costacurta.php,5,Defensor
4673,1998,Italia,B,Alessandro Nesta,alessandro_nesta.php,6,Defensor
4674,1998,Italia,B,Gianluca Pessotto,gianluca_pessotto.php,7,Defensor
4675,1998,Italia,B,Moreno Torricelli,moreno_torricelli.php,8,Defensor
4676,1998,Italia,B,Demetrio Albertini,demetrio_albertini.php,9,Mediocampista
4677,1998,Italia,B,Dino Baggio,dino_baggio.php,11,Mediocampista
4678,1998,Italia,B,Sandro Cois,sandro_cois.php,13,Mediocampista
4679,1998,Italia,B,Luigi Di Biagio,luigi_di_biagio.php,14,Mediocampista
4680,1998,Italia,B,Angelo Di Livio,angelo_di_livio.php,15,Mediocampista
4681,1998,Italia,B,Roberto Di Matteo,roberto_di_matteo.php,16,Mediocampista
4682,1998,Italia,B,Francesco Moriero,francesco_moriero.php,17,Mediocampista
4683,1998,Italia,B,Alessandro Del Piero,alessandro_del_piero.php,10,Delantero
4684,1998,Italia,B,Roberto Baggio,roberto_baggio.php,18,Delantero
4685,1998,Italia,B,Filippo Inzaghi,filippo_inzaghi.php,19,Delantero
4686,1998,Italia,B,Enrico Chiesa,enrico_chiesa.php,20,Delantero
4687,1998,Italia,B,Christian Vieri,christian_vieri.php,21,Delantero
4688,1998,Arabia Saudita,C,Mohammed Al Deayea,mohammed_al_deayea.php,1,Arquero
4689,1998,Arabia Saudita,C,Hussein Al Sadeq,hussein_al_sadeq.php,21,Arquero
4690,1998,Arabia Saudita,C,Tisir Al Antaif,tisir_al_antaif.php,22,Arquero
4691,1998,Arabia Saudita,C,Mohammed Al Jahani,mohammed_al_jahani.php,2,Defensor
4692,1998,Arabia Saudita,C,Mohammed Al Khlaiwi,mohammed_al_khlaiwi.php,3,Defensor
4693,1998,Arabia Saudita,C,Abdullah Zubromawi,abdullah_zubromawi.php,4,Defensor
4694,1998,Arabia Saudita,C,Ahmed Madani,ahmed_madani.php,5,Defensor
4695,1998,Arabia Saudita,C,Hussein Al Sulaimani,hussein_al_sulaimani.php,13,Defensor
4696,1998,Arabia Saudita,C,Ahmed Al Dosari,ahmed_al_dosari.php,17,Defensor
4697,1998,Arabia Saudita,C,Abdulaziz Al Janoubi,abdulaziz_al_janoubi.php,19,Defensor
4698,1998,Arabia Saudita,C,Fuad Amin,fuad_amin.php,6,Mediocampista
4699,1998,Arabia Saudita,C,Ibrahim Al Shahrani,ibrahim_al_shahrani.php,7,Mediocampista
4700,1998,Arabia Saudita,C,Ibrahim Al Harbi,ibrahim_al_harbi.php,12,Mediocampista
4701,1998,Arabia Saudita,C,Khaled Al Muwallid,khaled_al_muwallid.php,14,Mediocampista
4702,1998,Arabia Saudita,C,Khamis Al Dossari,khamis_al_dossari.php,16,Mediocampista
4703,1998,Arabia Saudita,C,Nawaf Al Temiyat,nawaf_al_temiyat.php,18,Mediocampista
4704,1998,Arabia Saudita,C,Hamza Saleh,hamza_saleh.php,20,Mediocampista
4705,1998,Arabia Saudita,C,Obeid Al Dosari,obeid_al_dosari.php,8,Delantero
4706,1998,Arabia Saudita,C,Sami Al Jaber,sami_al_jaber.php,9,Delantero
4707,1998,Arabia Saudita,C,Said Al Owayran,said_al_owayran.php,10,Delantero
4708,1998,Arabia Saudita,C,Fahad Al Mehalel,fahad_al_mehalel.php,11,Delantero
4709,1998,Arabia Saudita,C,Youssef Al Tunayan,youssef_al_tunayan.php,15,Delantero
4710,1998,Dinamarca,C,Peter Schmeichel,peter_schmeichel.php,1,Arquero
4711,1998,Dinamarca,C,Mogens Krogh,mogens_krogh.php,16,Arquero
4712,1998,Dinamarca,C,Peter Kjaer,peter_kjaer.php,22,Arquero
4713,1998,Dinamarca,C,Michael Schjonberg,michael_schjonberg.php,2,Defensor
4714,1998,Dinamarca,C,Marc Rieper,marc_rieper.php,3,Defensor
4715,1998,Dinamarca,C,Jes Hogh,jes_hogh.php,4,Defensor
4716,1998,Dinamarca,C,Jan Heintze,jan_heintze.php,5,Defensor
4717,1998,Dinamarca,C,Thomas Helveg,thomas_helveg.php,6,Defensor
4718,1998,Dinamarca,C,Soren Colding,soren_colding.php,12,Defensor
4719,1998,Dinamarca,C,Jacob Laursen,jacob_laursen.php,13,Defensor
4720,1998,Dinamarca,C,Rene Henriksen,rene_henriksen.php,20,Defensor
4721,1998,Dinamarca,C,Allan Nielsen,allan_nielsen.php,7,Mediocampista
4722,1998,Dinamarca,C,Per Frandsen,per_frandsen.php,8,Mediocampista
4723,1998,Dinamarca,C,Michael Laudrup,michael_laudrup.php,10,Mediocampista
4724,1998,Dinamarca,C,Morten Wieghorst,morten_wieghorst.php,14,Mediocampista
4725,1998,Dinamarca,C,Stig Tofting,stig_tofting.php,15,Mediocampista
4726,1998,Dinamarca,C,Bjarne Goldbaek,bjarne_goldbaek.php,17,Mediocampista
4727,1998,Dinamarca,C,Martin Jorgensen,martin_jorgensen.php,21,Mediocampista
4728,1998,Dinamarca,C,Miklos Molnar,miklos_molnar.php,9,Delantero
4729,1998,Dinamarca,C,Brian Laudrup,brian_laudrup.php,11,Delantero
4730,1998,Dinamarca,C,Peter Moller,peter_moller.php,18,Delantero
4731,1998,Dinamarca,C,Ebbe Sand,ebbe_sand.php,19,Delantero
4732,1998,Francia,C,Bernard Lama,bernard_lama.php,1,Arquero
4733,1998,Francia,C,Fabien Barthez,fabien_barthez.php,16,Arquero
4734,1998,Francia,C,Lionel Charbonnier,lionel_charbonnier.php,22,Arquero
4735,1998,Francia,C,Vincent Candela,vincent_candela.php,2,Defensor
4736,1998,Francia,C,Bixente Lizarazu,bixente_lizarazu.php,3,Defensor
4737,1998,Francia,C,Laurent Blanc,laurent_blanc.php,5,Defensor
4738,1998,Francia,C,Marcel Desailly,marcel_desailly.php,8,Defensor
4739,1998,Francia,C,Lilian Thuram,lilian_thuram.php,15,Defensor
4740,1998,Francia,C,Frank Leboeuf,frank_leboeuf.php,18,Defensor
4741,1998,Francia,C,Patrick Vieira,patrick_vieira.php,4,Mediocampista
4742,1998,Francia,C,Youri Djorkaeff,youri_djorkaeff.php,6,Mediocampista
4743,1998,Francia,C,Didier Deschamps,didier_deschamps.php,7,Mediocampista
4744,1998,Francia,C,Zinedine Zidane,zinedine_zidane.php,10,Mediocampista
4745,1998,Francia,C,Robert Pires,robert_pires.php,11,Mediocampista
4746,1998,Francia,C,Bernard Diomede,bernard_diomede.php,13,Mediocampista
4747,1998,Francia,C,Alain Boghossian,alain_boghossian.php,14,Mediocampista
4748,1998,Francia,C,Emmanuel Petit,emmanuel_petit.php,17,Mediocampista
4749,1998,Francia,C,Christian Karembeu,christian_karembeu.php,19,Mediocampista
4750,1998,Francia,C,Stephane Guivarch,stephane_guivarch.php,9,Delantero
4751,1998,Francia,C,Thierry Henry,thierry_henry.php,12,Delantero
4752,1998,Francia,C,David Trezeguet,david_trezeguet.php,20,Delantero
4753,1998,Francia,C,Christophe Dugarry,christophe_dugarry.php,21,Delantero
4754,1998,Sudáfrica,C,Hans Vonk,hans_vonk.php,1,Arquero
4755,1998,Sudáfrica,C,Brian Baloyi,brian_baloyi.php,16,Arquero
4756,1998,Sudáfrica,C,Paul Evans,paul_evans.php,22,Arquero
4757,1998,Sudáfrica,C,Simon Gopane,simon_gopane.php,23,Arquero
4758,1998,Sudáfrica,C,Themba Mnguni,themba_mnguni.php,2,Defensor
4759,1998,Sudáfrica,C,David Nyathi,david_nyathi.php,3,Defensor
4760,1998,Sudáfrica,C,Willem Jackson,willem_jackson.php,4,Defensor
4761,1998,Sudáfrica,C,Mark Fish,mark_fish.php,5,Defensor
4762,1998,Sudáfrica,C,Lucas Radebe,lucas_radebe.php,19,Defensor
4763,1998,Sudáfrica,C,Pierre Issa,pierre_issa.php,21,Defensor
4764,1998,Sudáfrica,C,Quinton Fortune,quinton_fortune.php,7,Mediocampista
4765,1998,Sudáfrica,C,Alfred Phiri,alfred_phiri.php,8,Mediocampista
4766,1998,Sudáfrica,C,John Moshoeu,john_moshoeu.php,10,Mediocampista
4767,1998,Sudáfrica,C,Helman Mkhalele,helman_mkhalele.php,11,Mediocampista
4768,1998,Sudáfrica,C,Brendan Augustine,brendan_augustine.php,12,Mediocampista
4769,1998,Sudáfrica,C,Delron Buckley,delron_buckley.php,13,Mediocampista
4770,1998,Sudáfrica,C,Doctor Khumalo,doctor_khumalo.php,15,Mediocampista
4771,1998,Sudáfrica,C,Lebogang Morula,lebogang_morula.php,18,Mediocampista
4772,1998,Sudáfrica,C,William Mokoena,william_mokoena.php,20,Mediocampista
4773,1998,Sudáfrica,C,Phil Masinga,phil_masinga.php,6,Delantero
4774,1998,Sudáfrica,C,Shaun Bartlett,shaun_bartlett.php,9,Delantero
4775,1998,Sudáfrica,C,Jerry Sikhosana,jerry_sikhosana.php,14,Delantero
4776,1998,Sudáfrica,C,Benni Mccarthy,benni_mccarthy.php,17,Delantero
4777,1998,Bulgaria,D,Zdravko Zdravkov,zdravko_zdravkov.php,1,Arquero
4778,1998,Bulgaria,D,Borislav Mikhailov,borislav_mikhailov.php,12,Arquero
4779,1998,Bulgaria,D,Radostin Kishishev,radostin_kishishev.php,2,Defensor
4780,1998,Bulgaria,D,Trifon Ivanov,trifon_ivanov.php,3,Defensor
4781,1998,Bulgaria,D,Ivaylo Petkov,ivaylo_petkov.php,4,Defensor
4782,1998,Bulgaria,D,Gosho Ginchev,gosho_ginchev.php,13,Defensor
4783,1998,Bulgaria,D,Adalbert Zafirov,adalbert_zafirov.php,15,Defensor
4784,1998,Bulgaria,D,Rosen Kirilov,rosen_kirilov.php,21,Defensor
4785,1998,Bulgaria,D,Ivaylo Yordanov,ivaylo_yordanov.php,5,Mediocampista
4786,1998,Bulgaria,D,Zlatko Yankov,zlatko_yankov.php,6,Mediocampista
4787,1998,Bulgaria,D,Krassimir Balakov,krassimir_balakov.php,10,Mediocampista
4788,1998,Bulgaria,D,Ilian Iliev,ilian_iliev.php,11,Mediocampista
4789,1998,Bulgaria,D,Marian Hristov,marian_hristov.php,14,Mediocampista
4790,1998,Bulgaria,D,Anatoli Nankov,anatoli_nankov.php,16,Mediocampista
4791,1998,Bulgaria,D,Stoicho Stoilov,stoicho_stoilov.php,17,Mediocampista
4792,1998,Bulgaria,D,Daniel Borimirov,daniel_borimirov.php,18,Mediocampista
4793,1998,Bulgaria,D,Georgi Bachev,georgi_bachev.php,19,Mediocampista
4794,1998,Bulgaria,D,Milen Petkov,milen_petkov.php,22,Mediocampista
4795,1998,Bulgaria,D,Emil Kostadinov,emil_kostadinov.php,7,Delantero
4796,1998,Bulgaria,D,Hristo Stoichkov,hristo_stoichkov.php,8,Delantero
4797,1998,Bulgaria,D,Luboslav Penev,luboslav_penev.php,9,Delantero
4798,1998,Bulgaria,D,Georgi Ivanov,georgi_ivanov.php,20,Delantero
4799,1998,España,D,Andoni Zubizarreta,andoni_zubizarreta.php,1,Arquero
4800,1998,España,D,Santiago Canizares,santiago_canizares.php,13,Arquero
4801,1998,España,D,Jose Molina,jose_molina.php,22,Arquero
4802,1998,España,D,Albert Ferrer,albert_ferrer.php,2,Defensor
4803,1998,España,D,Aranzabal,aranzabal.php,3,Defensor
4804,1998,España,D,Rafael Alkorta,rafael_alkorta.php,4,Defensor
4805,1998,España,D,Abelardo,abelardo.php,5,Defensor
4806,1998,España,D,Fernando Hierro,fernando_hierro.php,6,Defensor
4807,1998,España,D,Sergi,sergi.php,12,Defensor
4808,1998,España,D,Ivan Campo,ivan_campo.php,14,Defensor
4809,1998,España,D,Aguilera,aguilera.php,15,Defensor
4810,1998,España,D,Miguel Angel Nadal,miguel_angel_nadal.php,20,Defensor
4811,1998,España,D,Julen Guerrero,julen_guerrero.php,8,Mediocampista
4812,1998,España,D,Albert Celades,albert_celades.php,16,Mediocampista
4813,1998,España,D,Guillermo Amor,guillermo_amor.php,18,Mediocampista
4814,1998,España,D,Luis Enrique,luis_enrique.php,21,Mediocampista
4815,1998,España,D,Fernando Morientes,fernando_morientes.php,7,Delantero
4816,1998,España,D,Pizzi,pizzi.php,9,Delantero
4817,1998,España,D,Raul,raul.php,10,Delantero
4818,1998,España,D,Alfonso,alfonso.php,11,Delantero
4819,1998,España,D,Joseba Etxeberria,joseba_etxeberria.php,17,Delantero
4820,1998,España,D,Kiko,kiko.php,19,Delantero
4821,1998,Nigeria,D,Peter Rufai,peter_rufai.php,1,Arquero
4822,1998,Nigeria,D,Willy Okpara,willy_okpara.php,12,Arquero
4823,1998,Nigeria,D,Abiodun Baruwa,abiodun_baruwa.php,22,Arquero
4824,1998,Nigeria,D,Mobi Oparaku,mobi_oparaku.php,2,Defensor
4825,1998,Nigeria,D,Celestine Babayaro,celestine_babayaro.php,3,Defensor
4826,1998,Nigeria,D,Uche Okechukwu,uche_okechukwu.php,5,Defensor
4827,1998,Nigeria,D,Taribo West,taribo_west.php,6,Defensor
4828,1998,Nigeria,D,Uche Okafor,uche_okafor.php,16,Defensor
4829,1998,Nigeria,D,Augustine Eguavoen,augustine_eguavoen.php,17,Defensor
4830,1998,Nigeria,D,Ben Iroha,ben_iroha.php,19,Defensor
4831,1998,Nigeria,D,Finidi George,finidi_george.php,7,Mediocampista
4832,1998,Nigeria,D,Mutiu Adepoju,mutiu_adepoju.php,8,Mediocampista
4833,1998,Nigeria,D,Jay Jay Okocha,jay_jay_okocha.php,10,Mediocampista
4834,1998,Nigeria,D,Garba Lawal,garba_lawal.php,11,Mediocampista
4835,1998,Nigeria,D,Sunday Oliseh,sunday_oliseh.php,15,Mediocampista
4836,1998,Nigeria,D,Wilson Oruma,wilson_oruma.php,18,Mediocampista
4837,1998,Nigeria,D,Godwin Okpara,godwin_okpara.php,21,Mediocampista
4838,1998,Nigeria,D,Nwankwo Kanu,nwankwo_kanu.php,4,Delantero
4839,1998,Nigeria,D,Rasheed Yekini,rasheed_yekini.php,9,Delantero
4840,1998,Nigeria,D,Tijani Babangida,tijani_babangida.php,13,Delantero
4841,1998,Nigeria,D,Daniel Amokachi,daniel_amokachi.php,14,Delantero
4842,1998,Nigeria,D,Victor Ikpeba,victor_ikpeba.php,20,Delantero
4843,1998,Paraguay,D,Jose Luis Chilavert,jose_luis_chilavert.php,1,Arquero
4844,1998,Paraguay,D,Danilo Aceval,danilo_aceval.php,12,Arquero
4845,1998,Paraguay,D,Ruben Ruiz Diaz,ruben_ruiz_diaz.php,22,Arquero
4846,1998,Paraguay,D,Francisco Arce,francisco_arce.php,2,Defensor
4847,1998,Paraguay,D,Catalino Rivarola,catalino_rivarola.php,3,Defensor
4848,1998,Paraguay,D,Carlos Gamarra,carlos_gamarra.php,4,Defensor
4849,1998,Paraguay,D,Celso Ayala,celso_ayala.php,5,Defensor
4850,1998,Paraguay,D,Pedro Sarabia,pedro_sarabia.php,11,Defensor
4851,1998,Paraguay,D,Ricardo Rojas,ricardo_rojas.php,14,Defensor
4852,1998,Paraguay,D,Denis Caniza,denis_caniza.php,20,Defensor
4853,1998,Paraguay,D,Edgar Aguilera,edgar_aguilera.php,6,Mediocampista
4854,1998,Paraguay,D,Roberto Acuña,roberto_acuna.php,10,Mediocampista
4855,1998,Paraguay,D,Carlos Paredes,carlos_paredes.php,13,Mediocampista
4856,1998,Paraguay,D,Julio Cesar Enciso,julio_cesar_enciso.php,16,Mediocampista
4857,1998,Paraguay,D,Carlos Morales,carlos_morales.php,19,Mediocampista
4858,1998,Paraguay,D,Julio Cesar Yegros,julio_cesar_yegros.php,7,Delantero
4859,1998,Paraguay,D,Aristides Rojas,aristides_rojas.php,8,Delantero
4860,1998,Paraguay,D,Jose Cardozo,jose_cardozo.php,9,Delantero
4861,1998,Paraguay,D,Miguel Benitez,miguel_benitez.php,15,Delantero
4862,1998,Paraguay,D,Hugo Brizuela,hugo_brizuela.php,17,Delantero
4863,1998,Paraguay,D,Cesar Ramirez,cesar_ramirez.php,18,Delantero
4864,1998,Paraguay,D,Jorge Campos,jorge_campos_2.php,21,Delantero
4865,1998,Bélgica,E,Filip De Wilde,filip_de_wilde.php,1,Arquero
4866,1998,Bélgica,E,Philippe Vande Walle,philippe_vande_walle.php,12,Arquero
4867,1998,Bélgica,E,Dany Verlinden,dany_verlinden.php,13,Arquero
4868,1998,Bélgica,E,Bertrand Crasson,bertrand_crasson.php,2,Defensor
4869,1998,Bélgica,E,Lorenzo Staelens,lorenzo_staelens.php,3,Defensor
4870,1998,Bélgica,E,Gordan Vidovic,gordan_vidovic.php,4,Defensor
4871,1998,Bélgica,E,Vital Borkelmans,vital_borkelmans.php,5,Defensor
4872,1998,Bélgica,E,Philippe Clement,philippe_clement.php,15,Defensor
4873,1998,Bélgica,E,Glen De Boeck,glen_de_boeck.php,16,Defensor
4874,1998,Bélgica,E,Mike Verstraeten,mike_verstraeten.php,17,Defensor
4875,1998,Bélgica,E,Eric Van Meir,eric_van_meir.php,19,Defensor
4876,1998,Bélgica,E,Eric Deflandre,eric_deflandre.php,22,Defensor
4877,1998,Bélgica,E,Franky Van Der Elst,franky_van_der_elst.php,6,Mediocampista
4878,1998,Bélgica,E,Marc Wilmots,marc_wilmots.php,7,Mediocampista
4879,1998,Bélgica,E,Nico Van Kerckhoven,nico_van_kerckhoven.php,11,Mediocampista
4880,1998,Bélgica,E,Enzo Scifo,enzo_scifo.php,14,Mediocampista
4881,1998,Bélgica,E,Gert Verheyen,gert_verheyen.php,18,Mediocampista
4882,1998,Bélgica,E,Danny Boffin,danny_boffin.php,21,Mediocampista
4883,1998,Bélgica,E,Luis Oliveira,luis_oliveira.php,8,Delantero
4884,1998,Bélgica,E,Mbo Mpenza,mbo_mpenza.php,9,Delantero
4885,1998,Bélgica,E,Luc Nilis,luc_nilis.php,10,Delantero
4886,1998,Bélgica,E,Emile Mpenza,emile_mpenza.php,20,Delantero
4887,1998,Corea del Sur,E,Byung Ji Kim,byung_ji_kim.php,1,Arquero
4888,1998,Corea del Sur,E,Dong Myung Seo,dong_myung_seo.php,22,Arquero
4889,1998,Corea del Sur,E,Lim Saeng Lee,lim_saeng_lee.php,3,Defensor
4890,1998,Corea del Sur,E,Young Il Choi,young_il_choi.php,4,Defensor
4891,1998,Corea del Sur,E,Min Sung Lee,min_sung_lee.php,5,Defensor
4892,1998,Corea del Sur,E,Sang Chul Yoo,sang_chul_yoo.php,6,Defensor
4893,1998,Corea del Sur,E,Sang Hun Lee,sang_hun_lee.php,12,Defensor
4894,1998,Corea del Sur,E,Tae Young Kim,tae_young_kim.php,13,Defensor
4895,1998,Corea del Sur,E,Hyung Seok Jang,hyung_seok_jang.php,16,Defensor
4896,1998,Corea del Sur,E,Il Jang Dae,il_jang_dae.php,19,Defensor
4897,1998,Corea del Sur,E,Myung Bo Hong,myung_bo_hong.php,20,Defensor
4898,1998,Corea del Sur,E,Sung Yong Choi,sung_yong_choi.php,2,Mediocampista
4899,1998,Corea del Sur,E,Do Keun Kim,do_keun_kim.php,7,Mediocampista
4900,1998,Corea del Sur,E,Jung Yoon Noh,jung_yoon_noh.php,8,Mediocampista
4901,1998,Corea del Sur,E,Jong Soo Ko,jong_soo_ko.php,14,Mediocampista
4902,1998,Corea del Sur,E,Sang Yoon Lee,sang_yoon_lee.php,15,Mediocampista
4903,1998,Corea del Sur,E,Seok Ju Ha,seok_ju_ha.php,17,Mediocampista
4904,1998,Corea del Sur,E,Do Hoon Kim,do_hoon_kim.php,9,Delantero
4905,1998,Corea del Sur,E,Yong Soo Choi,yong_soo_choi.php,10,Delantero
4906,1998,Corea del Sur,E,Jung Won Seo,jung_won_seo.php,11,Delantero
4907,1998,Corea del Sur,E,Sun Hong Hwang,sun_hong_hwang.php,18,Delantero
4908,1998,Corea del Sur,E,Dong Gook Lee,dong_gook_lee.php,21,Delantero
4909,1998,México,E,Jorge Campos,jorge_campos.php,1,Arquero
4910,1998,México,E,Oswaldo Sanchez,oswaldo_sanchez.php,12,Arquero
4911,1998,México,E,Oscar Perez,oscar_perez.php,22,Arquero
4912,1998,México,E,Claudio Suarez,claudio_suarez.php,2,Defensor
4913,1998,México,E,Joel Sanchez,joel_sanchez.php,3,Defensor
4914,1998,México,E,Duilio Davino,duilio_davino.php,5,Defensor
4915,1998,México,E,Pavel Pardo,pavel_pardo.php,13,Defensor
4916,1998,México,E,Isaac Terrazas,isaac_terrazas.php,16,Defensor
4917,1998,México,E,Salvador Carmona,salvador_carmona.php,18,Defensor
4918,1998,México,E,German Villa,german_villa.php,4,Mediocampista
4919,1998,México,E,Marcelino Bernal,marcelino_bernal.php,6,Mediocampista
4920,1998,México,E,Ramon Ramirez,ramon_ramirez.php,7,Mediocampista
4921,1998,México,E,Alberto Garcia Aspe,alberto_garcia_aspe.php,8,Mediocampista
4922,1998,México,E,Raul Lara,raul_lara.php,14,Mediocampista
4923,1998,México,E,Braulio Luna,braulio_luna.php,19,Mediocampista
4924,1998,México,E,Jaime Ordiales,jaime_ordiales.php,20,Mediocampista
4925,1998,México,E,Ricardo Pelaez Linares,ricardo_pelaez_linares.php,9,Delantero
4926,1998,México,E,Luis Garcia,luis_garcia_2.php,10,Delantero
4927,1998,México,E,Cuauhtemoc Blanco,cuauhtemoc_blanco.php,11,Delantero
4928,1998,México,E,Luis Hernandez,luis_hernandez.php,15,Delantero
4929,1998,México,E,Francisco Palencia,francisco_palencia.php,17,Delantero
4930,1998,México,E,Jesus Arellano,jesus_arellano.php,21,Delantero
4931,1998,Paises Bajos,E,Edwin Van Der Sar,edwin_van_der_sar.php,1,Arquero
4932,1998,Paises Bajos,E,Ed De Goey,ed_de_goey.php,18,Arquero
4933,1998,Paises Bajos,E,Ruud Hesp,ruud_hesp.php,22,Arquero
4934,1998,Paises Bajos,E,Michael Reiziger,michael_reiziger.php,2,Defensor
4935,1998,Paises Bajos,E,Jaap Stam,jaap_stam.php,3,Defensor
4936,1998,Paises Bajos,E,Frank De Boer,frank_de_boer.php,4,Defensor
4937,1998,Paises Bajos,E,Arthur Numan,arthur_numan.php,5,Defensor
4938,1998,Paises Bajos,E,Andre Ooijer,andre_ooijer.php,13,Defensor
4939,1998,Paises Bajos,E,Winston Bogarde,winston_bogarde.php,15,Defensor
4940,1998,Paises Bajos,E,Wim Jonk,wim_jonk.php,6,Mediocampista
4941,1998,Paises Bajos,E,Ronald De Boer,ronald_de_boer.php,7,Mediocampista
4942,1998,Paises Bajos,E,Clarence Seedorf,clarence_seedorf.php,10,Mediocampista
4943,1998,Paises Bajos,E,Phillip Cocu,phillip_cocu.php,11,Mediocampista
4944,1998,Paises Bajos,E,Boudewijn Zenden,boudewijn_zenden.php,12,Mediocampista
4945,1998,Paises Bajos,E,Edgar Davids,edgar_davids.php,16,Mediocampista
4946,1998,Paises Bajos,E,Giovanni Van Bronckhorst,giovanni_van_bronckhorst.php,19,Mediocampista
4947,1998,Paises Bajos,E,Aron Winter,aron_winter.php,20,Mediocampista
4948,1998,Paises Bajos,E,Dennis Bergkamp,dennis_bergkamp.php,8,Delantero
4949,1998,Paises Bajos,E,Patrick Kluivert,patrick_kluivert.php,9,Delantero
4950,1998,Paises Bajos,E,Marc Overmars,marc_overmars.php,14,Delantero
4951,1998,Paises Bajos,E,Pierre Van Hooijdonk,pierre_van_hooijdonk.php,17,Delantero
4952,1998,Paises Bajos,E,Jimmy Floyd Hasselbaink,jimmy_floyd_hasselbaink.php,21,Delantero
4953,1998,Alemania,F,Andreas Koepke,andreas_koepke.php,1,Arquero
4954,1998,Alemania,F,Oliver Kahn,oliver_kahn.php,12,Arquero
4955,1998,Alemania,F,Jens Lehmann,jens_lehmann.php,22,Arquero
4956,1998,Alemania,F,Christian Woerns,christian_woerns.php,2,Defensor
4957,1998,Alemania,F,Joerg Heinrich,joerg_heinrich.php,3,Defensor
4958,1998,Alemania,F,Juergen Kohler,juergen_kohler.php,4,Defensor
4959,1998,Alemania,F,Thomas Helmer,thomas_helmer.php,5,Defensor
4960,1998,Alemania,F,Olaf Thon,olaf_thon.php,6,Defensor
4961,1998,Alemania,F,Markus Babbel,markus_babbel.php,14,Defensor
4962,1998,Alemania,F,Stefan Reuter,stefan_reuter.php,19,Defensor
4963,1998,Alemania,F,Andreas Moeller,andreas_moeller.php,7,Mediocampista
4964,1998,Alemania,F,Lothar Matthaeus,lothar_matthaeus.php,8,Mediocampista
4965,1998,Alemania,F,Thomas Haessler,thomas_haessler.php,10,Mediocampista
4966,1998,Alemania,F,Jens Jeremies,jens_jeremies.php,13,Mediocampista
4967,1998,Alemania,F,Steffen Freund,steffen_freund.php,15,Mediocampista
4968,1998,Alemania,F,Didi Hamann,didi_hamann.php,16,Mediocampista
4969,1998,Alemania,F,Christian Ziege,christian_ziege.php,17,Mediocampista
4970,1998,Alemania,F,Michael Tarnat,michael_tarnat.php,21,Mediocampista
4971,1998,Alemania,F,Ulf Kirsten,ulf_kirsten.php,9,Delantero
4972,1998,Alemania,F,Olaf Marschall,olaf_marschall.php,11,Delantero
4973,1998,Alemania,F,Juergen Klinsmann,juergen_klinsmann.php,18,Delantero
4974,1998,Alemania,F,Oliver Bierhoff,oliver_bierhoff.php,20,Delantero
4975,1998,Estados Unidos,F,Brad Friedel,brad_friedel.php,1,Arquero
4976,1998,Estados Unidos,F,Juergen Sommer,juergen_sommer.php,16,Arquero
4977,1998,Estados Unidos,F,Kasey Keller,kasey_keller.php,18,Arquero
4978,1998,Estados Unidos,F,Eddie Pope,eddie_pope.php,3,Defensor
4979,1998,Estados Unidos,F,Mike Burns,mike_burns.php,4,Defensor
4980,1998,Estados Unidos,F,Thomas Dooley,thomas_dooley.php,5,Defensor
4981,1998,Estados Unidos,F,David Regis,david_regis.php,6,Defensor
4982,1998,Estados Unidos,F,Jeff Agoos,jeff_agoos.php,12,Defensor
4983,1998,Estados Unidos,F,Marcelo Balboa,marcelo_balboa.php,17,Defensor
4984,1998,Estados Unidos,F,Alexi Lalas,alexi_lalas.php,22,Defensor
4985,1998,Estados Unidos,F,Frankie Hejduk,frankie_hejduk.php,2,Mediocampista
4986,1998,Estados Unidos,F,Roy Wegerle,roy_wegerle.php,7,Mediocampista
4987,1998,Estados Unidos,F,Earnie Stewart,earnie_stewart.php,8,Mediocampista
4988,1998,Estados Unidos,F,Tab Ramos,tab_ramos.php,10,Mediocampista
4989,1998,Estados Unidos,F,Cobi Jones,cobi_jones.php,13,Mediocampista
4990,1998,Estados Unidos,F,Preki Radosavljevic,preki_radosavljevic.php,14,Mediocampista
4991,1998,Estados Unidos,F,Chad Deering,chad_deering.php,15,Mediocampista
4992,1998,Estados Unidos,F,Brian Maisonneuve,brian_maisonneuve.php,19,Mediocampista
4993,1998,Estados Unidos,F,Claudio Reyna,claudio_reyna.php,21,Mediocampista
4994,1998,Estados Unidos,F,Joe Max Moore,joe_max_moore.php,9,Delantero
4995,1998,Estados Unidos,F,Eric Wynalda,eric_wynalda.php,11,Delantero
4996,1998,Estados Unidos,F,Brian Mcbride,brian_mcbride.php,20,Delantero
4997,1998,Irán,F,Ahmed Abedzadeh,ahmed_abedzadeh.php,1,Arquero
4998,1998,Irán,F,Nima Nakisa,nima_nakisa.php,12,Arquero
4999,1998,Irán,F,Parviz Boromand,parviz_boromand.php,22,Arquero
5000,1998,Irán,F,Naim Sadavi,naim_sadavi.php,3,Defensor
5001,1998,Irán,F,Mohammad Khakpour,mohammad_khakpour.php,4,Defensor
5002,1998,Irán,F,Afshin Peyravani,afshin_peyravani.php,5,Defensor
5003,1998,Irán,F,Sirous Din Mohammadi,sirous_din_mohammadi.php,8,Defensor
5004,1998,Irán,F,Ali Akbar Ostad-Asadi,ali_akbar_ostad_asadi.php,15,Defensor
5005,1998,Irán,F,Javad Zarincheh,javad_zarincheh.php,17,Defensor
5006,1998,Irán,F,Mehdi Pashazadeh,mehdi_pashazadeh.php,20,Defensor
5007,1998,Irán,F,Mehdi Mahdavikia,mehdi_mahdavikia.php,2,Mediocampista
5008,1998,Irán,F,Karim Bagheri,karim_bagheri.php,6,Mediocampista
5009,1998,Irán,F,Ali Reza Mansourian,ali_reza_mansourian.php,7,Mediocampista
5010,1998,Irán,F,Hamid Estili,hamid_estili.php,9,Mediocampista
5011,1998,Irán,F,Nader Khani,nader_khani.php,14,Mediocampista
5012,1998,Irán,F,Reza Shahroudi,reza_shahroudi.php,16,Mediocampista
5013,1998,Irán,F,Satar Hamedani,satar_hamedani.php,18,Mediocampista
5014,1998,Irán,F,Ali Daei,ali_daei.php,10,Delantero
5015,1998,Irán,F,Khodadad Azizi,khodadad_azizi.php,11,Delantero
5016,1998,Irán,F,Ali Latifi,ali_latifi.php,13,Delantero
5017,1998,Irán,F,Behnam Seraj,behnam_seraj.php,19,Delantero
5018,1998,Irán,F,Mehrdad Minavand,mehrdad_minavand.php,21,Delantero
5019,1998,RF de Yugoslavia,F,Ivica Kralj,ivica_kralj.php,1,Arquero
5020,1998,RF de Yugoslavia,F,Dragoje Lekovic,dragoje_lekovic.php,12,Arquero
5021,1998,RF de Yugoslavia,F,Zoran Mirkovic,zoran_mirkovic.php,2,Defensor
5022,1998,RF de Yugoslavia,F,Goran Djorovic,goran_djorovic.php,3,Defensor
5023,1998,RF de Yugoslavia,F,Miroslav Djukic,miroslav_djukic.php,5,Defensor
5024,1998,RF de Yugoslavia,F,Branko Brnovic,branko_brnovic.php,6,Defensor
5025,1998,RF de Yugoslavia,F,Sinisa Mihajlovic,sinisa_mihajlovic.php,11,Defensor
5026,1998,RF de Yugoslavia,F,Slobodan Komljenovic,slobodan_komljenovic.php,13,Defensor
5027,1998,RF de Yugoslavia,F,Nisa Saveljic,nisa_saveljic.php,14,Defensor
5028,1998,RF de Yugoslavia,F,Slavisa Jokanovic,slavisa_jokanovic.php,4,Mediocampista
5029,1998,RF de Yugoslavia,F,Vladimir Jugovic,vladimir_jugovic.php,7,Mediocampista
5030,1998,RF de Yugoslavia,F,Dejan Savicevic,dejan_savicevic.php,8,Mediocampista
5031,1998,RF de Yugoslavia,F,Dragan Stojkovic,dragan_stojkovic.php,10,Mediocampista
5032,1998,RF de Yugoslavia,F,Ljubinko Drulovic,ljubinko_drulovic.php,15,Mediocampista
5033,1998,RF de Yugoslavia,F,Zeljko Petrovic,zeljko_petrovic.php,16,Mediocampista
5034,1998,RF de Yugoslavia,F,Dejan Govedarica,dejan_govedarica.php,18,Mediocampista
5035,1998,RF de Yugoslavia,F,Miroslav Stevic,miroslav_stevic.php,19,Mediocampista
5036,1998,RF de Yugoslavia,F,Dejan Stankovic,dejan_stankovic.php,20,Mediocampista
5037,1998,RF de Yugoslavia,F,Predrag Mijatovic,predrag_mijatovic.php,9,Delantero
5038,1998,RF de Yugoslavia,F,Savo Milosevic,savo_milosevic.php,17,Delantero
5039,1998,RF de Yugoslavia,F,Perica Ognjenovic,perica_ognjenovic.php,21,Delantero
5040,1998,RF de Yugoslavia,F,Darko Kovacevic,darko_kovacevic.php,22,Delantero
5041,1998,Colombia,G,Oscar Cordoba,oscar_cordoba.php,1,Arquero
5042,1998,Colombia,G,Miguel Calero,miguel_calero.php,12,Arquero
5043,1998,Colombia,G,Farid Mondragon,farid_mondragon.php,22,Arquero
5044,1998,Colombia,G,Ivan Cordoba,ivan_cordoba.php,2,Defensor
5045,1998,Colombia,G,Ever Palacios,ever_palacios.php,3,Defensor
5046,1998,Colombia,G,Jose Santa,jose_santa.php,4,Defensor
5047,1998,Colombia,G,Jorge Bermudez,jorge_bermudez.php,5,Defensor
5048,1998,Colombia,G,Wilmer Cabrera,wilmer_cabrera.php,13,Defensor
5049,1998,Colombia,G,Antonio Moreno,antonio_moreno.php,16,Defensor
5050,1998,Colombia,G,Mauricio Serna,mauricio_serna.php,6,Mediocampista
5051,1998,Colombia,G,John Lozano,john_lozano.php,8,Mediocampista
5052,1998,Colombia,G,Carlos Valderrama,carlos_valderrama.php,10,Mediocampista
5053,1998,Colombia,G,Jorge Bolano,jorge_bolano.php,14,Mediocampista
5054,1998,Colombia,G,Andres Estrada,andres_estrada.php,17,Mediocampista
5055,1998,Colombia,G,John Perez,john_perez.php,18,Mediocampista
5056,1998,Colombia,G,Freddy Rincon,freddy_rincon.php,19,Mediocampista
5057,1998,Colombia,G,Anthony De Avila,anthony_de_avila.php,7,Delantero
5058,1998,Colombia,G,Adolfo Valencia,adolfo_valencia.php,9,Delantero
5059,1998,Colombia,G,Faustino Asprilla,faustino_asprilla.php,11,Delantero
5060,1998,Colombia,G,Victor Aristizabal,victor_aristizabal.php,15,Delantero
5061,1998,Colombia,G,Hamilton Ricard,hamilton_ricard.php,20,Delantero
5062,1998,Colombia,G,Leider Preciado,leider_preciado.php,21,Delantero
5063,1998,Inglaterra,G,David Seaman,david_seaman.php,1,Arquero
5064,1998,Inglaterra,G,Nigel Martyn,nigel_martyn.php,13,Arquero
5065,1998,Inglaterra,G,Tim Flowers,tim_flowers.php,22,Arquero
5066,1998,Inglaterra,G,Sol Campbell,sol_campbell.php,2,Defensor
5067,1998,Inglaterra,G,Graeme Le Saux,graeme_le_saux.php,3,Defensor
5068,1998,Inglaterra,G,Tony Adams,tony_adams.php,5,Defensor
5069,1998,Inglaterra,G,Gareth Southgate,gareth_southgate.php,6,Defensor
5070,1998,Inglaterra,G,Gary Neville,gary_neville.php,12,Defensor
5071,1998,Inglaterra,G,Martin Keown,martin_keown.php,18,Defensor
5072,1998,Inglaterra,G,Rio Ferdinand,rio_ferdinand.php,21,Defensor
5073,1998,Inglaterra,G,Paul Ince,paul_ince.php,4,Mediocampista
5074,1998,Inglaterra,G,David Beckham,david_beckham.php,7,Mediocampista
5075,1998,Inglaterra,G,David Batty,david_batty.php,8,Mediocampista
5076,1998,Inglaterra,G,Steve Mcmanaman,steve_mcmanaman.php,11,Mediocampista
5077,1998,Inglaterra,G,Darren Anderton,darren_anderton.php,14,Mediocampista
5078,1998,Inglaterra,G,Paul Merson,paul_merson.php,15,Mediocampista
5079,1998,Inglaterra,G,Paul Scholes,paul_scholes.php,16,Mediocampista
5080,1998,Inglaterra,G,Robert Lee,robert_lee.php,17,Mediocampista
5081,1998,Inglaterra,G,Alan Shearer,alan_shearer.php,9,Delantero
5082,1998,Inglaterra,G,Teddy Sheringham,teddy_sheringham.php,10,Delantero
5083,1998,Inglaterra,G,Les Ferdinand,les_ferdinand.php,19,Delantero
5084,1998,Inglaterra,G,Michael Owen,michael_owen.php,20,Delantero
5085,1998,Rumania,G,Dumitru Stangaciu,dumitru_stangaciu.php,1,Arquero
5086,1998,Rumania,G,Bogdan Stelea,bogdan_stelea.php,12,Arquero
5087,1998,Rumania,G,Florin Prunea,florin_prunea.php,22,Arquero
5088,1998,Rumania,G,Dan Petrescu,dan_petrescu.php,2,Defensor
5089,1998,Rumania,G,Christian Dulca,christian_dulca.php,3,Defensor
5090,1998,Rumania,G,Anton Dobos,anton_dobos.php,4,Defensor
5091,1998,Rumania,G,Gheorghe Popescu,gheorghe_popescu.php,6,Defensor
5092,1998,Rumania,G,Liviu Ciobotariu,liviu_ciobotariu.php,13,Defensor
5093,1998,Rumania,G,Iulian Filipescu,iulian_filipescu.php,18,Defensor
5094,1998,Rumania,G,Tibor Selymes,tibor_selymes.php,20,Defensor
5095,1998,Rumania,G,Constantin Galca,constantin_galca.php,5,Mediocampista
5096,1998,Rumania,G,Dorinel Munteanu,dorinel_munteanu.php,8,Mediocampista
5097,1998,Rumania,G,Gheorghe Hagi,gheorghe_hagi.php,10,Mediocampista
5098,1998,Rumania,G,Radu Niculescu,radu_niculescu.php,14,Mediocampista
5099,1998,Rumania,G,Lucian Marinescu,lucian_marinescu.php,15,Mediocampista
5100,1998,Rumania,G,Gabriel Popescu,gabriel_popescu.php,16,Mediocampista
5101,1998,Rumania,G,Ovidiu Stanga,ovidiu_stanga.php,19,Mediocampista
5102,1998,Rumania,G,Marius Lacatus,marius_lacatus.php,7,Delantero
5103,1998,Rumania,G,Viorel Moldovan,viorel_moldovan.php,9,Delantero
5104,1998,Rumania,G,Adrian Ilie,adrian_ilie.php,11,Delantero
5105,1998,Rumania,G,Ilie Dumitrescu,ilie_dumitrescu.php,17,Delantero
5106,1998,Rumania,G,Gheorghe Craioveanu,gheorghe_craioveanu.php,21,Delantero
5107,1998,Túnez,G,Choukri El Ouaer,choukri_el_ouaer.php,1,Arquero
5108,1998,Túnez,G,Radhouane Salhi,radhouane_salhi.php,16,Arquero
5109,1998,Túnez,G,Ali Boumnijel,ali_boumnijel.php,22,Arquero
5110,1998,Túnez,G,Sami Trabelsi,sami_trabelsi.php,3,Defensor
5111,1998,Túnez,G,Mounir Boukadida,mounir_boukadida.php,4,Defensor
5112,1998,Túnez,G,Hatem Trabelsi,hatem_trabelsi.php,5,Defensor
5113,1998,Túnez,G,Ferid Chouchane,ferid_chouchane.php,6,Defensor
5114,1998,Túnez,G,Tarek Thabet,tarek_thabet.php,7,Defensor
5115,1998,Túnez,G,Clayton,clayton.php,17,Defensor
5116,1998,Túnez,G,Sabri Jaballah,sabri_jaballah.php,20,Defensor
5117,1998,Túnez,G,Khaled Badra,khaled_badra.php,21,Defensor
5118,1998,Túnez,G,Zoubeir Beya,zoubeir_beya.php,8,Mediocampista
5119,1998,Túnez,G,Kais Ghodhbane,kais_ghodhbane.php,10,Mediocampista
5120,1998,Túnez,G,Riadh Bouazizi,riadh_bouazizi.php,13,Mediocampista
5121,1998,Túnez,G,Sirajeddine Chihi,sirajeddine_chihi.php,14,Mediocampista
5122,1998,Túnez,G,Skander Souayah,skander_souayah.php,15,Mediocampista
5123,1998,Túnez,G,Faycal Ben Ahmed,faycal_ben_ahmed.php,19,Mediocampista
5124,1998,Túnez,G,Imed Ben Younes,imed_ben_younes.php,2,Delantero
5125,1998,Túnez,G,Riadh Jelassi,riadh_jelassi.php,9,Delantero
5126,1998,Túnez,G,Adel El Sellimi,adel_el_sellimi.php,11,Delantero
5127,1998,Túnez,G,Mourad Melki,mourad_melki.php,12,Delantero
5128,1998,Túnez,G,Mehdi Ben Slimane,mehdi_ben_slimane.php,18,Delantero
5129,1998,Argentina,H,Carlos Roa,carlos_roa.php,1,Arquero
5130,1998,Argentina,H,German Burgos,german_burgos.php,12,Arquero
5131,1998,Argentina,H,Pablo Cavallero,pablo_cavallero.php,17,Arquero
5132,1998,Argentina,H,Roberto Ayala,roberto_ayala.php,2,Defensor
5133,1998,Argentina,H,Jose Chamot,jose_chamot.php,3,Defensor
5134,1998,Argentina,H,Mauricio Pineda,mauricio_pineda.php,4,Defensor
5135,1998,Argentina,H,Roberto Sensini,roberto_sensini.php,6,Defensor
5136,1998,Argentina,H,Pablo Paz,pablo_paz.php,13,Defensor
5137,1998,Argentina,H,Nelson Vivas,nelson_vivas.php,14,Defensor
5138,1998,Argentina,H,Javier Zanetti,javier_zanetti.php,22,Defensor
5139,1998,Argentina,H,Matias Almeyda,matias_almeyda.php,5,Mediocampista
5140,1998,Argentina,H,Diego Simeone,diego_simeone.php,8,Mediocampista
5141,1998,Argentina,H,Juan Veron,juan_veron.php,11,Mediocampista
5142,1998,Argentina,H,Leonardo Astrada,leonardo_astrada.php,15,Mediocampista
5143,1998,Argentina,H,Sergio Berti,sergio_berti.php,16,Mediocampista
5144,1998,Argentina,H,Marcelo Gallardo,marcelo_gallardo.php,20,Mediocampista
5145,1998,Argentina,H,Claudio Lopez,claudio_lopez.php,7,Delantero
5146,1998,Argentina,H,Gabriel Batistuta,gabriel_batistuta.php,9,Delantero
5147,1998,Argentina,H,Ariel Ortega,ariel_ortega.php,10,Delantero
5148,1998,Argentina,H,Abel Balbo,abel_balbo.php,18,Delantero
5149,1998,Argentina,H,Hernan Crespo,hernan_crespo.php,19,Delantero
5150,1998,Argentina,H,Marcelo Delgado,marcelo_delgado.php,21,Delantero
5151,1998,Croacia,H,Drazen Ladic,drazen_ladic.php,1,Arquero
5152,1998,Croacia,H,Marijan Mrmic,marijan_mrmic.php,12,Arquero
5153,1998,Croacia,H,Vladimir Vasilj,vladimir_vasilj.php,22,Arquero
5154,1998,Croacia,H,Igor Stimac,igor_stimac.php,4,Defensor
5155,1998,Croacia,H,Goran Juric,goran_juric.php,5,Defensor
5156,1998,Croacia,H,Slaven Bilic,slaven_bilic.php,6,Defensor
5157,1998,Croacia,H,Zvonimir Soldo,zvonimir_soldo.php,14,Defensor
5158,1998,Croacia,H,Igor Tudor,igor_tudor.php,15,Defensor
5159,1998,Croacia,H,Zoran Mamic,zoran_mamic.php,18,Defensor
5160,1998,Croacia,H,Dario Simic,dario_simic.php,20,Defensor
5161,1998,Croacia,H,Anthony Seric,anthony_seric.php,3,Mediocampista
5162,1998,Croacia,H,Aljosa Asanovic,aljosa_asanovic.php,7,Mediocampista
5163,1998,Croacia,H,Robert Prosinecki,robert_prosinecki.php,8,Mediocampista
5164,1998,Croacia,H,Zvonimir Boban,zvonimir_boban.php,10,Mediocampista
5165,1998,Croacia,H,Silvio Maric,silvio_maric.php,11,Mediocampista
5166,1998,Croacia,H,Mario Stanic,mario_stanic.php,13,Mediocampista
5167,1998,Croacia,H,Robert Jarni,robert_jarni.php,17,Mediocampista
5168,1998,Croacia,H,Krunoslav Jurcic,krunoslav_jurcic.php,21,Mediocampista
5169,1998,Croacia,H,Petar Krpan,petar_krpan.php,2,Delantero
5170,1998,Croacia,H,Davor Suker,davor_suker.php,9,Delantero
5171,1998,Croacia,H,Ardian Kozniku,ardian_kozniku.php,16,Delantero
5172,1998,Croacia,H,Goran Vlaovic,goran_vlaovic.php,19,Delantero
5173,1998,Jamaica,H,Warren Barrett,warren_barrett.php,1,Arquero
5174,1998,Jamaica,H,Aaron Lawrence,aaron_lawrence.php,13,Arquero
5175,1998,Jamaica,H,Donovan Ricketts,donovan_ricketts.php,14,Arquero
5176,1998,Jamaica,H,Stephen Malcolm,stephen_malcolm.php,2,Defensor
5177,1998,Jamaica,H,Linval Dixon,linval_dixon.php,4,Defensor
5178,1998,Jamaica,H,Ian Goodison,ian_goodison.php,5,Defensor
5179,1998,Jamaica,H,Dean Sewell,dean_sewell.php,12,Defensor
5180,1998,Jamaica,H,Ricardo Gardner,ricardo_gardner.php,15,Defensor
5181,1998,Jamaica,H,Frank Sinclair,frank_sinclair.php,19,Defensor
5182,1998,Jamaica,H,Durrent Brown,durrent_brown.php,21,Defensor
5183,1998,Jamaica,H,Christopher Dawes,christopher_dawes.php,3,Mediocampista
5184,1998,Jamaica,H,Fitzroy Simpson,fitzroy_simpson.php,6,Mediocampista
5185,1998,Jamaica,H,Peter Cargill,peter_cargill.php,7,Mediocampista
5186,1998,Jamaica,H,Theodore Whitmore,theodore_whitmore.php,11,Mediocampista
5187,1998,Jamaica,H,Robert Earle,robert_earle.php,16,Mediocampista
5188,1998,Jamaica,H,Darryl Powell,darryl_powell.php,20,Mediocampista
5189,1998,Jamaica,H,Marcus Gayle,marcus_gayle.php,8,Delantero
5190,1998,Jamaica,H,Andrew Williams,andrew_williams.php,9,Delantero
5191,1998,Jamaica,H,Walter Boyd,walter_boyd.php,10,Delantero
5192,1998,Jamaica,H,Onandi Lowe,onandi_lowe.php,17,Delantero
5193,1998,Jamaica,H,Deon Burton,deon_burton.php,18,Delantero
5194,1998,Jamaica,H,Paul Hall,paul_hall.php,22,Delantero
5195,1998,Japón,H,Nobuyuki Kojima,nobuyuki_kojima.php,1,Arquero
5196,1998,Japón,H,Yoshikatsu Kawaguchi,yoshikatsu_kawaguchi.php,20,Arquero
5197,1998,Japón,H,Seigo Narazaki,seigo_narazaki.php,21,Arquero
5198,1998,Japón,H,Akira Narahashi,akira_narahashi.php,2,Defensor
5199,1998,Japón,H,Naoki Soma,naoki_soma.php,3,Defensor
5200,1998,Japón,H,Masami Ihara,masami_ihara.php,4,Defensor
5201,1998,Japón,H,Norio Omura,norio_omura.php,5,Defensor
5202,1998,Japón,H,Toshihiro Hattori,toshihiro_hattori.php,13,Defensor
5203,1998,Japón,H,Toshihide Saito,toshihide_saito.php,16,Defensor
5204,1998,Japón,H,Yutaka Akita,yutaka_akita.php,17,Defensor
5205,1998,Japón,H,Eisuke Nakanishi,eisuke_nakanishi.php,19,Defensor
5206,1998,Japón,H,Motohiro Yamaguchi,motohiro_yamaguchi.php,6,Mediocampista
5207,1998,Japón,H,Teruyoshi Ito,teruyoshi_ito.php,7,Mediocampista
5208,1998,Japón,H,Hidetoshi Nakata,hidetoshi_nakata.php,8,Mediocampista
5209,1998,Japón,H,Hiroshi Nanami,hiroshi_nanami.php,10,Mediocampista
5210,1998,Japón,H,Shinji Ono,shinji_ono.php,11,Mediocampista
5211,1998,Japón,H,Hiroaki Morishima,hiroaki_morishima.php,15,Mediocampista
5212,1998,Japón,H,Takashi Hirano,takashi_hirano.php,22,Mediocampista
5213,1998,Japón,H,Masashi Nakayama,masashi_nakayama.php,9,Delantero
5214,1998,Japón,H,Wagner Lopes,wagner_lopes.php,12,Delantero
5215,1998,Japón,H,Masayuki Okano,masayuki_okano.php,14,Delantero
5216,1998,Japón,H,Shoji Jo,shoji_jo.php,18,Delantero
5217,1994,Colombia,A,Oscar Cordoba,oscar_cordoba.php,1,Arquero
5218,1994,Colombia,A,Farid Mondragon,farid_mondragon.php,12,Arquero
5219,1994,Colombia,A,Jose Pazo,jose_pazo.php,22,Arquero
5220,1994,Colombia,A,Andres Escobar,andres_escobar.php,2,Defensor
5221,1994,Colombia,A,Alexis Mendoza,alexis_mendoza.php,3,Defensor
5222,1994,Colombia,A,Luis Herrera,luis_herrera.php,4,Defensor
5223,1994,Colombia,A,Nestor Ortiz,nestor_ortiz.php,13,Defensor
5224,1994,Colombia,A,Luis Carlos Perea,luis_carlos_perea.php,15,Defensor
5225,1994,Colombia,A,Oscar Cortes,oscar_cortes.php,18,Defensor
5226,1994,Colombia,A,Wilson Perez,wilson_perez.php,20,Defensor
5227,1994,Colombia,A,Herman Gaviria,herman_gaviria.php,5,Mediocampista
5228,1994,Colombia,A,Gabriel Gomez,gabriel_gomez.php,6,Mediocampista
5229,1994,Colombia,A,John Lozano,john_lozano.php,8,Mediocampista
5230,1994,Colombia,A,Carlos Valderrama,carlos_valderrama.php,10,Mediocampista
5231,1994,Colombia,A,Leonel Alvarez,leonel_alvarez.php,14,Mediocampista
5232,1994,Colombia,A,Mauricio Serna,mauricio_serna.php,17,Mediocampista
5233,1994,Colombia,A,Freddy Rincon,freddy_rincon.php,19,Mediocampista
5234,1994,Colombia,A,Anthony De Avila,anthony_de_avila.php,7,Delantero
5235,1994,Colombia,A,Ivan Valenciano,ivan_valenciano.php,9,Delantero
5236,1994,Colombia,A,Adolfo Valencia,adolfo_valencia.php,11,Delantero
5237,1994,Colombia,A,Victor Aristizabal,victor_aristizabal.php,16,Delantero
5238,1994,Colombia,A,Faustino Asprilla,faustino_asprilla.php,21,Delantero
5239,1994,Estados Unidos,A,Tony Meola,tony_meola.php,1,Arquero
5240,1994,Estados Unidos,A,Juergen Sommer,juergen_sommer.php,12,Arquero
5241,1994,Estados Unidos,A,Brad Friedel,brad_friedel.php,18,Arquero
5242,1994,Estados Unidos,A,Michael Lapper,michael_lapper.php,2,Defensor
5243,1994,Estados Unidos,A,Mike Burns,mike_burns.php,3,Defensor
5244,1994,Estados Unidos,A,Cle Kooiman,cle_kooiman.php,4,Defensor
5245,1994,Estados Unidos,A,Thomas Dooley,thomas_dooley.php,5,Defensor
5246,1994,Estados Unidos,A,Marcelo Balboa,marcelo_balboa.php,17,Defensor
5247,1994,Estados Unidos,A,Paul Caligiuri,paul_caligiuri.php,20,Defensor
5248,1994,Estados Unidos,A,Fernando Clavijo,fernando_clavijo.php,21,Defensor
5249,1994,Estados Unidos,A,Alexi Lalas,alexi_lalas.php,22,Defensor
5250,1994,Estados Unidos,A,John Harkes,john_harkes.php,6,Mediocampista
5251,1994,Estados Unidos,A,Hugo Perez,hugo_perez.php,7,Mediocampista
5252,1994,Estados Unidos,A,Tab Ramos,tab_ramos.php,9,Mediocampista
5253,1994,Estados Unidos,A,Cobi Jones,cobi_jones.php,13,Mediocampista
5254,1994,Estados Unidos,A,Michael Sorber,michael_sorber.php,16,Mediocampista
5255,1994,Estados Unidos,A,Claudio Reyna,claudio_reyna.php,19,Mediocampista
5256,1994,Estados Unidos,A,Earnie Stewart,earnie_stewart.php,8,Delantero
5257,1994,Estados Unidos,A,Roy Wegerle,roy_wegerle.php,10,Delantero
5258,1994,Estados Unidos,A,Eric Wynalda,eric_wynalda.php,11,Delantero
5259,1994,Estados Unidos,A,Frank Klopas,frank_klopas.php,14,Delantero
5260,1994,Estados Unidos,A,Joe Max Moore,joe_max_moore.php,15,Delantero
5261,1994,Rumania,A,Florin Prunea,florin_prunea.php,1,Arquero
5262,1994,Rumania,A,Bogdan Stelea,bogdan_stelea.php,12,Arquero
5263,1994,Rumania,A,Stefan Preda,stefan_preda.php,22,Arquero
5264,1994,Rumania,A,Dan Petrescu,dan_petrescu.php,2,Defensor
5265,1994,Rumania,A,Daniel Prodan,daniel_prodan.php,3,Defensor
5266,1994,Rumania,A,Miodrag Belodedici,miodrag_belodedici.php,4,Defensor
5267,1994,Rumania,A,Gheorghe Popescu,gheorghe_popescu.php,6,Defensor
5268,1994,Rumania,A,Tibor Selymes,tibor_selymes.php,13,Defensor
5269,1994,Rumania,A,Gheorghe Mihali,gheorghe_mihali.php,14,Defensor
5270,1994,Rumania,A,Corneliu Papura,corneliu_papura.php,19,Defensor
5271,1994,Rumania,A,Ioan Lupescu,ioan_lupescu.php,5,Mediocampista
5272,1994,Rumania,A,Dorinel Munteanu,dorinel_munteanu.php,7,Mediocampista
5273,1994,Rumania,A,Iulian Chirita,iulian_chirita.php,8,Mediocampista
5274,1994,Rumania,A,Gheorghe Hagi,gheorghe_hagi.php,10,Mediocampista
5275,1994,Rumania,A,Nica Panduru,nica_panduru.php,15,Mediocampista
5276,1994,Rumania,A,Constantin Galca,constantin_galca.php,18,Mediocampista
5277,1994,Rumania,A,Ovidiu Stanga,ovidiu_stanga.php,20,Mediocampista
5278,1994,Rumania,A,Florin Raducioiu,florin_raducioiu.php,9,Delantero
5279,1994,Rumania,A,Ilie Dumitrescu,ilie_dumitrescu.php,11,Delantero
5280,1994,Rumania,A,Ion Vladoiu,ion_vladoiu.php,16,Delantero
5281,1994,Rumania,A,Viorel Moldovan,viorel_moldovan.php,17,Delantero
5282,1994,Rumania,A,Marian Ivan,marian_ivan.php,21,Delantero
5283,1994,Suiza,A,Marco Pascolo,marco_pascolo.php,1,Arquero
5284,1994,Suiza,A,Stephan Lehmann,stephan_lehmann.php,12,Arquero
5285,1994,Suiza,A,Martin Brunner,martin_brunner.php,22,Arquero
5286,1994,Suiza,A,Marc Hottiger,marc_hottiger.php,2,Defensor
5287,1994,Suiza,A,Yvan Quentin,yvan_quentin.php,3,Defensor
5288,1994,Suiza,A,Dominique Herr,dominique_herr.php,4,Defensor
5289,1994,Suiza,A,Alain Geiger,alain_geiger.php,5,Defensor
5290,1994,Suiza,A,Andy Egli,andy_egli.php,13,Defensor
5291,1994,Suiza,A,Martin Rueda,martin_rueda.php,18,Defensor
5292,1994,Suiza,A,Juerg Studer,juerg_studer.php,19,Defensor
5293,1994,Suiza,A,Georges Bregy,georges_bregy.php,6,Mediocampista
5294,1994,Suiza,A,Alain Sutter,alain_sutter.php,7,Mediocampista
5295,1994,Suiza,A,Christophe Ohrel,christophe_ohrel.php,8,Mediocampista
5296,1994,Suiza,A,Ciriaco Sforza,ciriaco_sforza.php,10,Mediocampista
5297,1994,Suiza,A,Thomas Bickel,thomas_bickel.php,16,Mediocampista
5298,1994,Suiza,A,Sebastien Fournier,sebastien_fournier.php,17,Mediocampista
5299,1994,Suiza,A,Patrick Sylvestre,patrick_sylvestre.php,20,Mediocampista
5300,1994,Suiza,A,Thomas Wyss,thomas_wyss.php,21,Mediocampista
5301,1994,Suiza,A,Adrian Knup,adrian_knup.php,9,Delantero
5302,1994,Suiza,A,Stephane Chapuisat,stephane_chapuisat.php,11,Delantero
5303,1994,Suiza,A,Nestor Subiat,nestor_subiat.php,14,Delantero
5304,1994,Suiza,A,Marco Grassi,marco_grassi.php,15,Delantero
5305,1994,Brasil,B,Taffarel,taffarel.php,1,Arquero
5306,1994,Brasil,B,Zetti,zetti.php,12,Arquero
5307,1994,Brasil,B,Gilmar Rinaldi,gilmar_rinaldi.php,22,Arquero
5308,1994,Brasil,B,Jorginho,jorginho.php,2,Defensor
5309,1994,Brasil,B,Ricardo Rocha,ricardo_rocha.php,3,Defensor
5310,1994,Brasil,B,Ronaldao,ronaldao.php,4,Defensor
5311,1994,Brasil,B,Branco,branco.php,6,Defensor
5312,1994,Brasil,B,Aldair,aldair.php,13,Defensor
5313,1994,Brasil,B,Cafu,cafu.php,14,Defensor
5314,1994,Brasil,B,Marcio Santos,marcio_santos.php,15,Defensor
5315,1994,Brasil,B,Mauro Silva,mauro_silva.php,5,Mediocampista
5316,1994,Brasil,B,Dunga,dunga.php,8,Mediocampista
5317,1994,Brasil,B,Zinho,zinho.php,9,Mediocampista
5318,1994,Brasil,B,Rai,rai.php,10,Mediocampista
5319,1994,Brasil,B,Leonardo,leonardo.php,16,Mediocampista
5320,1994,Brasil,B,Mazinho,mazinho.php,17,Mediocampista
5321,1994,Brasil,B,Bebeto,bebeto.php,7,Delantero
5322,1994,Brasil,B,Romario,romario.php,11,Delantero
5323,1994,Brasil,B,Paulo Sergio,paulo_sergio.php,18,Delantero
5324,1994,Brasil,B,Muller,muller.php,19,Delantero
5325,1994,Brasil,B,Ronaldo,ronaldo.php,20,Delantero
5326,1994,Brasil,B,Viola,viola.php,21,Delantero
5327,1994,Camerún,B,Joseph-Antoine Bell,joseph_antoine_bell.php,1,Arquero
5328,1994,Camerún,B,Thomas Nkono,thomas_nkono.php,21,Arquero
5329,1994,Camerún,B,Jacques Songoo,jacques_songoo.php,22,Arquero
5330,1994,Camerún,B,Rigobert Song,rigobert_song.php,3,Defensor
5331,1994,Camerún,B,Samuel Ekeme,samuel_ekeme.php,4,Defensor
5332,1994,Camerún,B,Victor Ndip,victor_ndip.php,5,Defensor
5333,1994,Camerún,B,Raymond Kalla,raymond_kalla.php,13,Defensor
5334,1994,Camerún,B,Stephen Tataw,stephen_tataw.php,14,Defensor
5335,1994,Camerún,B,Hans Agbo,hans_agbo.php,15,Defensor
5336,1994,Camerún,B,Andre Kana-Biyik,andre_kana_biyik.php,2,Mediocampista
5337,1994,Camerún,B,Thomas Libiih,thomas_libiih.php,6,Mediocampista
5338,1994,Camerún,B,Emile Mbouh,emile_mbouh.php,8,Mediocampista
5339,1994,Camerún,B,Louis Mfede,louis_mfede.php,10,Mediocampista
5340,1994,Camerún,B,Emmanuel Maboang,emmanuel_maboang.php,11,Mediocampista
5341,1994,Camerún,B,Paul Loga,paul_loga.php,12,Mediocampista
5342,1994,Camerún,B,Marc-Vivien Foe,marc_vivien_foe.php,17,Mediocampista
5343,1994,Camerún,B,Jean Pierre Fiala Fiala,jean_pierre_fiala_fiala.php,18,Mediocampista
5344,1994,Camerún,B,Francois Omam-Biyik,francois_omam_biyik.php,7,Delantero
5345,1994,Camerún,B,Roger Milla,roger_milla.php,9,Delantero
5346,1994,Camerún,B,Alphonse-Marie Tchami,alphonse_marie_tchami.php,16,Delantero
5347,1994,Camerún,B,David Embe,david_embe.php,19,Delantero
5348,1994,Camerún,B,Georges Mouyeme,georges_mouyeme.php,20,Delantero
5349,1994,Rusia,B,Stanislav Cherchesov,stanislav_cherchesov.php,1,Arquero
5350,1994,Rusia,B,Dmitri Kharin,dmitri_kharin.php,16,Arquero
5351,1994,Rusia,B,Dmitri Kuznetsov,dmitri_kuznetsov.php,2,Defensor
5352,1994,Rusia,B,Sergei Gorlukovich,sergei_gorlukovich.php,3,Defensor
5353,1994,Rusia,B,Dimitri Galiamin,dimitri_galiamin.php,4,Defensor
5354,1994,Rusia,B,Yuri Nikiforov,yuri_nikiforov.php,5,Defensor
5355,1994,Rusia,B,Vladislav Ternavski,vladislav_ternavski.php,6,Defensor
5356,1994,Rusia,B,Omar Tetradze,omar_tetradze.php,12,Defensor
5357,1994,Rusia,B,Viktor Onopko,viktor_onopko.php,18,Defensor
5358,1994,Rusia,B,Dmitri Khlestov,dmitri_khlestov.php,21,Defensor
5359,1994,Rusia,B,Andrei Piatnitski,andrei_piatnitski.php,7,Mediocampista
5360,1994,Rusia,B,Dmitri Popov,dmitri_popov.php,8,Mediocampista
5361,1994,Rusia,B,Valeri Karpin,valeri_karpin.php,10,Mediocampista
5362,1994,Rusia,B,Aleksandr Borodyuk,aleksandr_borodyuk.php,13,Mediocampista
5363,1994,Rusia,B,Igor Korneev,igor_korneev.php,14,Mediocampista
5364,1994,Rusia,B,Ilia Tsymbalar,ilia_tsymbalar.php,17,Mediocampista
5365,1994,Rusia,B,Aleksandr Mostovoi,aleksandr_mostovoi.php,19,Mediocampista
5366,1994,Rusia,B,Igor Lediakhov,igor_lediakhov.php,20,Mediocampista
5367,1994,Rusia,B,Oleg Salenko,oleg_salenko.php,9,Delantero
5368,1994,Rusia,B,Vladimir Beschastnykh,vladimir_beschastnykh.php,11,Delantero
5369,1994,Rusia,B,Dmitri Radchenko,dmitri_radchenko.php,15,Delantero
5370,1994,Rusia,B,Sergei Yuran,sergei_yuran.php,22,Delantero
5371,1994,Suecia,B,Thomas Ravelli,thomas_ravelli.php,1,Arquero
5372,1994,Suecia,B,Lars Eriksson,lars_eriksson.php,12,Arquero
5373,1994,Suecia,B,Magnus Hedman,magnus_hedman.php,22,Arquero
5374,1994,Suecia,B,Roland Nilsson,roland_nilsson.php,2,Defensor
5375,1994,Suecia,B,Patrik Andersson,patrik_andersson.php,3,Defensor
5376,1994,Suecia,B,Joachim Bjorklund,joachim_bjorklund.php,4,Defensor
5377,1994,Suecia,B,Roger Ljung,roger_ljung.php,5,Defensor
5378,1994,Suecia,B,Mikael Nilsson,mikael_nilsson_2.php,13,Defensor
5379,1994,Suecia,B,Pontus Kamark,pontus_kamark.php,14,Defensor
5380,1994,Suecia,B,Teddy Lucic,teddy_lucic.php,15,Defensor
5381,1994,Suecia,B,Stefan Schwarz,stefan_schwarz.php,6,Mediocampista
5382,1994,Suecia,B,Klas Ingesson,klas_ingesson.php,8,Mediocampista
5383,1994,Suecia,B,Jonas Thern,jonas_thern.php,9,Mediocampista
5384,1994,Suecia,B,Anders Limpar,anders_limpar.php,16,Mediocampista
5385,1994,Suecia,B,Stefan Rehn,stefan_rehn.php,17,Mediocampista
5386,1994,Suecia,B,Hakan Mild,hakan_mild.php,18,Mediocampista
5387,1994,Suecia,B,Jesper Blomqvist,jesper_blomqvist.php,21,Mediocampista
5388,1994,Suecia,B,Henrik Larsson,henrik_larsson.php,7,Delantero
5389,1994,Suecia,B,Martin Dahlin,martin_dahlin.php,10,Delantero
5390,1994,Suecia,B,Tomas Brolin,tomas_brolin.php,11,Delantero
5391,1994,Suecia,B,Kennet Andersson,kennet_andersson.php,19,Delantero
5392,1994,Suecia,B,Magnus Erlingmark,magnus_erlingmark.php,20,Delantero
5393,1994,Alemania,C,Bodo Illgner,bodo_illgner.php,1,Arquero
5394,1994,Alemania,C,Andreas Koepke,andreas_koepke.php,12,Arquero
5395,1994,Alemania,C,Oliver Kahn,oliver_kahn.php,22,Arquero
5396,1994,Alemania,C,Andreas Brehme,andreas_brehme.php,3,Defensor
5397,1994,Alemania,C,Juergen Kohler,juergen_kohler.php,4,Defensor
5398,1994,Alemania,C,Thomas Helmer,thomas_helmer.php,5,Defensor
5399,1994,Alemania,C,Guido Buchwald,guido_buchwald.php,6,Defensor
5400,1994,Alemania,C,Thomas Berthold,thomas_berthold.php,14,Defensor
5401,1994,Alemania,C,Martin Wagner,martin_wagner.php,17,Defensor
5402,1994,Alemania,C,Thomas Strunz,thomas_strunz.php,2,Mediocampista
5403,1994,Alemania,C,Andreas Moeller,andreas_moeller.php,7,Mediocampista
5404,1994,Alemania,C,Thomas Haessler,thomas_haessler.php,8,Mediocampista
5405,1994,Alemania,C,Lothar Matthaeus,lothar_matthaeus.php,10,Mediocampista
5406,1994,Alemania,C,Maurizio Gaudino,maurizio_gaudino.php,15,Mediocampista
5407,1994,Alemania,C,Matthias Sammer,matthias_sammer.php,16,Mediocampista
5408,1994,Alemania,C,Stefan Effenberg,stefan_effenberg.php,20,Mediocampista
5409,1994,Alemania,C,Mario Basler,mario_basler.php,21,Mediocampista
5410,1994,Alemania,C,Karlheinz Riedle,karlheinz_riedle.php,9,Delantero
5411,1994,Alemania,C,Stefan Kuntz,stefan_kuntz.php,11,Delantero
5412,1994,Alemania,C,Rudi Voeller,rudi_voeller.php,13,Delantero
5413,1994,Alemania,C,Juergen Klinsmann,juergen_klinsmann.php,18,Delantero
5414,1994,Alemania,C,Ulf Kirsten,ulf_kirsten.php,19,Delantero
5415,1994,Bolivia,C,Carlos Trucco,carlos_trucco.php,1,Arquero
5416,1994,Bolivia,C,Dario Rojas,dario_rojas.php,12,Arquero
5417,1994,Bolivia,C,Marcelo Torrico,marcelo_torrico.php,19,Arquero
5418,1994,Bolivia,C,Juan Manuel Pena,juan_manuel_pena.php,2,Defensor
5419,1994,Bolivia,C,Marco Antonio Sandy,marco_antonio_sandy.php,3,Defensor
5420,1994,Bolivia,C,Miguel Angel Rimba,miguel_angel_rimba.php,4,Defensor
5421,1994,Bolivia,C,Gustavo Quinteros,gustavo_quinteros.php,5,Defensor
5422,1994,Bolivia,C,Modesto Soruco,modesto_soruco.php,13,Defensor
5423,1994,Bolivia,C,Luis Cristaldo,luis_cristaldo.php,16,Defensor
5424,1994,Bolivia,C,Oscar Sanchez,oscar_sanchez.php,17,Defensor
5425,1994,Bolivia,C,Carlos Borja,carlos_borja.php,6,Mediocampista
5426,1994,Bolivia,C,Mario Pinedo,mario_pinedo.php,7,Mediocampista
5427,1994,Bolivia,C,Milton Melgar,milton_melgar.php,8,Mediocampista
5428,1994,Bolivia,C,Marco Antonio Etcheverry,marco_antonio_etcheverry.php,10,Mediocampista
5429,1994,Bolivia,C,Mauricio Ramos,mauricio_ramos.php,14,Mediocampista
5430,1994,Bolivia,C,Vladimir Soria,vladimir_soria.php,15,Mediocampista
5431,1994,Bolivia,C,Ramiro Castillo,ramiro_castillo.php,20,Mediocampista
5432,1994,Bolivia,C,Erwin Sanchez,erwin_sanchez.php,21,Mediocampista
5433,1994,Bolivia,C,Julio Baldivieso,julio_baldivieso.php,22,Mediocampista
5434,1994,Bolivia,C,Alvaro Pena,alvaro_pena.php,9,Delantero
5435,1994,Bolivia,C,Jaime Moreno,jaime_moreno.php,11,Delantero
5436,1994,Bolivia,C,Luis Ramallo,luis_ramallo.php,18,Delantero
5437,1994,Corea del Sur,C,In Young Choi,in_young_choi.php,1,Arquero
5438,1994,Corea del Sur,C,Chul Woo Park,chul_woo_park.php,21,Arquero
5439,1994,Corea del Sur,C,Woon Jae Lee,woon_jae_lee.php,22,Arquero
5440,1994,Corea del Sur,C,Jong Son Chung,jong_son_chung.php,2,Defensor
5441,1994,Corea del Sur,C,Jong Uwa Lee,jong_uwa_lee.php,3,Defensor
5442,1994,Corea del Sur,C,Pan Keun Kim,pan_keun_kim.php,4,Defensor
5443,1994,Corea del Sur,C,Jung Bae Park,jung_bae_park.php,5,Defensor
5444,1994,Corea del Sur,C,Hong Gi Shin,hong_gi_shin.php,7,Defensor
5445,1994,Corea del Sur,C,Young Il Choi,young_il_choi.php,12,Defensor
5446,1994,Corea del Sur,C,Ik Soo An,ik_soo_an.php,13,Defensor
5447,1994,Corea del Sur,C,Myung Bo Hong,myung_bo_hong.php,20,Defensor
5448,1994,Corea del Sur,C,Young Jin Lee,young_jin_lee.php,6,Mediocampista
5449,1994,Corea del Sur,C,Jung Yoon Noh,jung_yoon_noh.php,8,Mediocampista
5450,1994,Corea del Sur,C,Joo Sung Kim,joo_sung_kim.php,9,Mediocampista
5451,1994,Corea del Sur,C,Jeong Woon Ko,jeong_woon_ko.php,10,Mediocampista
5452,1994,Corea del Sur,C,Dae Shik Choi,dae_shik_choi.php,14,Mediocampista
5453,1994,Corea del Sur,C,Jin Ho Cho,jin_ho_cho.php,15,Mediocampista
5454,1994,Corea del Sur,C,Seok Ju Ha,seok_ju_ha.php,16,Mediocampista
5455,1994,Corea del Sur,C,Sang Bum Gu,sang_bum_gu.php,17,Mediocampista
5456,1994,Corea del Sur,C,Moon Sik Choi,moon_sik_choi.php,19,Mediocampista
5457,1994,Corea del Sur,C,Jung Won Seo,jung_won_seo.php,11,Delantero
5458,1994,Corea del Sur,C,Sun Hong Hwang,sun_hong_hwang.php,18,Delantero
5459,1994,España,C,Andoni Zubizarreta,andoni_zubizarreta.php,1,Arquero
5460,1994,España,C,Santiago Canizares,santiago_canizares.php,13,Arquero
5461,1994,España,C,Julen Lopetegui,julen_lopetegui.php,22,Arquero
5462,1994,España,C,Albert Ferrer,albert_ferrer.php,2,Defensor
5463,1994,España,C,Jorge Otero,jorge_otero.php,3,Defensor
5464,1994,España,C,Jose Camarasa,jose_camarasa.php,4,Defensor
5465,1994,España,C,Abelardo,abelardo.php,5,Defensor
5466,1994,España,C,Fernando Hierro,fernando_hierro.php,6,Defensor
5467,1994,España,C,Sergi,sergi.php,12,Defensor
5468,1994,España,C,Voro,voro.php,17,Defensor
5469,1994,España,C,Rafael Alkorta,rafael_alkorta.php,18,Defensor
5470,1994,España,C,Miguel Angel Nadal,miguel_angel_nadal.php,20,Defensor
5471,1994,España,C,Goikoetxea,goikoetxea_2.php,7,Mediocampista
5472,1994,España,C,Julen Guerrero,julen_guerrero.php,8,Mediocampista
5473,1994,España,C,Pep Guardiola,pep_guardiola.php,9,Mediocampista
5474,1994,España,C,Jose Maria Bakero,jose_maria_bakero.php,10,Mediocampista
5475,1994,España,C,Jose Luis Caminero,jose_luis_caminero.php,15,Mediocampista
5476,1994,España,C,Felipe Minambres,felipe_minambres.php,16,Mediocampista
5477,1994,España,C,Luis Enrique,luis_enrique.php,21,Mediocampista
5478,1994,España,C,Txiki Beguiristain,txiki_beguiristain.php,11,Delantero
5479,1994,España,C,Juanele,juanele.php,14,Delantero
5480,1994,España,C,Julio Salinas,julio_salinas.php,19,Delantero
5481,1994,Argentina,D,Sergio Goycochea,sergio_goycochea.php,1,Arquero
5482,1994,Argentina,D,Luis Islas,luis_islas.php,12,Arquero
5483,1994,Argentina,D,Norberto Scoponi,norberto_scoponi.php,22,Arquero
5484,1994,Argentina,D,Sergio Vazquez,sergio_vazquez.php,2,Defensor
5485,1994,Argentina,D,Jose Chamot,jose_chamot.php,3,Defensor
5486,1994,Argentina,D,Roberto Sensini,roberto_sensini.php,4,Defensor
5487,1994,Argentina,D,Oscar Ruggeri,oscar_ruggeri.php,6,Defensor
5488,1994,Argentina,D,Fernando Caceres,fernando_caceres.php,13,Defensor
5489,1994,Argentina,D,Jorge Borelli,jorge_borelli.php,15,Defensor
5490,1994,Argentina,D,Hernan Diaz,hernan_diaz.php,16,Defensor
5491,1994,Argentina,D,Fernando Redondo,fernando_redondo.php,5,Mediocampista
5492,1994,Argentina,D,Jose Basualdo,jose_basualdo.php,8,Mediocampista
5493,1994,Argentina,D,Diego Maradona,diego_maradona.php,10,Mediocampista
5494,1994,Argentina,D,Diego Simeone,diego_simeone.php,14,Mediocampista
5495,1994,Argentina,D,Hugo Perez,hugo_perez_2.php,18,Mediocampista
5496,1994,Argentina,D,Leonardo Rodriguez,leonardo_rodriguez.php,20,Mediocampista
5497,1994,Argentina,D,Alejandro Mancuso,alejandro_mancuso.php,21,Mediocampista
5498,1994,Argentina,D,Claudio Caniggia,claudio_caniggia.php,7,Delantero
5499,1994,Argentina,D,Gabriel Batistuta,gabriel_batistuta.php,9,Delantero
5500,1994,Argentina,D,Ramon Medina Bello,ramon_medina_bello.php,11,Delantero
5501,1994,Argentina,D,Ariel Ortega,ariel_ortega.php,17,Delantero
5502,1994,Argentina,D,Abel Balbo,abel_balbo.php,19,Delantero
5503,1994,Bulgaria,D,Borislav Mikhailov,borislav_mikhailov.php,1,Arquero
5504,1994,Bulgaria,D,Plamen Nikolov,plamen_nikolov.php,12,Arquero
5505,1994,Bulgaria,D,Emil Kremenliev,emil_kremenliev.php,2,Defensor
5506,1994,Bulgaria,D,Trifon Ivanov,trifon_ivanov.php,3,Defensor
5507,1994,Bulgaria,D,Tsanko Tsvetanov,tsanko_tsvetanov.php,4,Defensor
5508,1994,Bulgaria,D,Petar Houbchev,petar_houbchev.php,5,Defensor
5509,1994,Bulgaria,D,Nikolai Iliev,nikolai_iliev.php,15,Defensor
5510,1994,Bulgaria,D,Ilian Kiryakov,ilian_kiryakov.php,16,Defensor
5511,1994,Bulgaria,D,Zlatko Yankov,zlatko_yankov.php,6,Mediocampista
5512,1994,Bulgaria,D,Iordan Letchkov,iordan_letchkov.php,9,Mediocampista
5513,1994,Bulgaria,D,Daniel Borimirov,daniel_borimirov.php,11,Mediocampista
5514,1994,Bulgaria,D,Ivaylo Yordanov,ivaylo_yordanov.php,13,Mediocampista
5515,1994,Bulgaria,D,Boncho Genchev,boncho_genchev.php,14,Mediocampista
5516,1994,Bulgaria,D,Georgi Georgiev,georgi_georgiev.php,19,Mediocampista
5517,1994,Bulgaria,D,Krassimir Balakov,krassimir_balakov.php,20,Mediocampista
5518,1994,Bulgaria,D,Emil Kostadinov,emil_kostadinov.php,7,Delantero
5519,1994,Bulgaria,D,Hristo Stoichkov,hristo_stoichkov.php,8,Delantero
5520,1994,Bulgaria,D,Nasko Sirakov,nasko_sirakov.php,10,Delantero
5521,1994,Bulgaria,D,Petar Mikhtarski,petar_mikhtarski.php,17,Delantero
5522,1994,Bulgaria,D,Petar Aleksandrov,petar_aleksandrov.php,18,Delantero
5523,1994,Bulgaria,D,Velko Yotov,velko_yotov.php,21,Delantero
5524,1994,Bulgaria,D,Ivaylo Andonov,ivaylo_andonov.php,22,Delantero
5525,1994,Grecia,D,Antonis Minou,antonis_minou.php,1,Arquero
5526,1994,Grecia,D,Christos Karkamanis,christos_karkamanis.php,15,Arquero
5527,1994,Grecia,D,Elias Atmatzidis,elias_atmatzidis.php,20,Arquero
5528,1994,Grecia,D,Stratos Apostololakis,stratos_apostololakis.php,2,Defensor
5529,1994,Grecia,D,Thanasis Kolitsidakis,thanasis_kolitsidakis.php,3,Defensor
5530,1994,Grecia,D,Stelios Manolas,stelios_manolas.php,4,Defensor
5531,1994,Grecia,D,Giannis Kalitzakis,giannis_kalitzakis.php,5,Defensor
5532,1994,Grecia,D,Vaios Karagiannis,vaios_karagiannis.php,13,Defensor
5533,1994,Grecia,D,Kyriakos Karataidis,kyriakos_karataidis.php,18,Defensor
5534,1994,Grecia,D,Alexis Alexiou,alexis_alexiou.php,22,Defensor
5535,1994,Grecia,D,Giotis Tsalouchidis,giotis_tsalouchidis.php,6,Mediocampista
5536,1994,Grecia,D,Nikos Nioplias,nikos_nioplias.php,8,Mediocampista
5537,1994,Grecia,D,Tassos Mitropoulos,tassos_mitropoulos.php,10,Mediocampista
5538,1994,Grecia,D,Nikos Tsiantakis,nikos_tsiantakis.php,11,Mediocampista
5539,1994,Grecia,D,Spiros Marangos,spiros_marangos.php,12,Mediocampista
5540,1994,Grecia,D,Minas Hantzidis,minas_hantzidis.php,17,Mediocampista
5541,1994,Grecia,D,Savvas Kofidis,savvas_kofidis.php,19,Mediocampista
5542,1994,Grecia,D,Dimitrios Saravakos,dimitrios_saravakos.php,7,Delantero
5543,1994,Grecia,D,Nikos Machlas,nikos_machlas.php,9,Delantero
5544,1994,Grecia,D,Vasilis Dimitriadis,vasilis_dimitriadis.php,14,Delantero
5545,1994,Grecia,D,Alexis Alexoudis,alexis_alexoudis.php,16,Delantero
5546,1994,Grecia,D,Alekos Alexandris,alekos_alexandris.php,21,Delantero
5547,1994,Nigeria,D,Peter Rufai,peter_rufai.php,1,Arquero
5548,1994,Nigeria,D,Alloy Agu,alloy_agu.php,16,Arquero
5549,1994,Nigeria,D,Wilfred Agbonavbare,wilfred_agbonavbare.php,22,Arquero
5550,1994,Nigeria,D,Augustine Eguavoen,augustine_eguavoen.php,2,Defensor
5551,1994,Nigeria,D,Ben Iroha,ben_iroha.php,3,Defensor
5552,1994,Nigeria,D,Stephen Keshi,stephen_keshi.php,4,Defensor
5553,1994,Nigeria,D,Uche Okechukwu,uche_okechukwu.php,5,Defensor
5554,1994,Nigeria,D,Chidi Nwanu,chidi_nwanu.php,6,Defensor
5555,1994,Nigeria,D,Emeka Ezeugo,emeka_ezeugo.php,13,Defensor
5556,1994,Nigeria,D,Michael Emenalo,michael_emenalo.php,19,Defensor
5557,1994,Nigeria,D,Uche Okafor,uche_okafor.php,20,Defensor
5558,1994,Nigeria,D,Thompson Oliha,thompson_oliha.php,8,Mediocampista
5559,1994,Nigeria,D,Jay Jay Okocha,jay_jay_okocha.php,10,Mediocampista
5560,1994,Nigeria,D,Emmanuel Amunike,emmanuel_amunike.php,11,Mediocampista
5561,1994,Nigeria,D,Sunday Oliseh,sunday_oliseh.php,15,Mediocampista
5562,1994,Nigeria,D,Mutiu Adepoju,mutiu_adepoju.php,21,Mediocampista
5563,1994,Nigeria,D,Finidi George,finidi_george.php,7,Delantero
5564,1994,Nigeria,D,Rasheed Yekini,rasheed_yekini.php,9,Delantero
5565,1994,Nigeria,D,Samson Siasia,samson_siasia.php,12,Delantero
5566,1994,Nigeria,D,Daniel Amokachi,daniel_amokachi.php,14,Delantero
5567,1994,Nigeria,D,Victor Ikpeba,victor_ikpeba.php,17,Delantero
5568,1994,Nigeria,D,Efan Ekoku,efan_ekoku.php,18,Delantero
5569,1994,Irlanda,E,Pat Bonner,pat_bonner.php,1,Arquero
5570,1994,Irlanda,E,Alan Kelly Jr.,alan_kelly_jr.php,22,Arquero
5571,1994,Irlanda,E,Denis Irwin,denis_irwin.php,2,Defensor
5572,1994,Irlanda,E,Terry Phelan,terry_phelan.php,3,Defensor
5573,1994,Irlanda,E,Kevin Moran,kevin_moran.php,4,Defensor
5574,1994,Irlanda,E,Paul Mcgrath,paul_mcgrath.php,5,Defensor
5575,1994,Irlanda,E,Steve Staunton,steve_staunton.php,11,Defensor
5576,1994,Irlanda,E,Gary Kelly,gary_kelly.php,12,Defensor
5577,1994,Irlanda,E,Alan Kernaghan,alan_kernaghan.php,13,Defensor
5578,1994,Irlanda,E,Phil Babb,phil_babb.php,14,Defensor
5579,1994,Irlanda,E,Roy Keane,roy_keane.php,6,Mediocampista
5580,1994,Irlanda,E,Andy Townsend,andy_townsend.php,7,Mediocampista
5581,1994,Irlanda,E,Ray Houghton,ray_houghton.php,8,Mediocampista
5582,1994,Irlanda,E,John Sheridan,john_sheridan.php,10,Mediocampista
5583,1994,Irlanda,E,Eddie Mcgoldrick,eddie_mcgoldrick.php,17,Mediocampista
5584,1994,Irlanda,E,Ronnie Whelan,ronnie_whelan.php,18,Mediocampista
5585,1994,Irlanda,E,Alan Mcloughlin,alan_mcloughlin.php,19,Mediocampista
5586,1994,Irlanda,E,Jason Mcateer,jason_mcateer.php,21,Mediocampista
5587,1994,Irlanda,E,John Aldridge,john_aldridge.php,9,Delantero
5588,1994,Irlanda,E,Tommy Coyne,tommy_coyne.php,15,Delantero
5589,1994,Irlanda,E,Tony Cascarino,tony_cascarino.php,16,Delantero
5590,1994,Irlanda,E,David Kelly,david_kelly.php,20,Delantero
5591,1994,Italia,E,Gianluca Pagliuca,gianluca_pagliuca.php,1,Arquero
5592,1994,Italia,E,Luca Marchegiani,luca_marchegiani.php,12,Arquero
5593,1994,Italia,E,Luca Bucci,luca_bucci.php,22,Arquero
5594,1994,Italia,E,Luigi Apolloni,luigi_apolloni.php,2,Defensor
5595,1994,Italia,E,Antonio Benarrivo,antonio_benarrivo.php,3,Defensor
5596,1994,Italia,E,Alessandro Costacurta,alessandro_costacurta.php,4,Defensor
5597,1994,Italia,E,Paolo Maldini,paolo_maldini.php,5,Defensor
5598,1994,Italia,E,Franco Baresi,franco_baresi.php,6,Defensor
5599,1994,Italia,E,Lorenzo Minotti,lorenzo_minotti.php,7,Defensor
5600,1994,Italia,E,Roberto Mussi,roberto_mussi.php,8,Defensor
5601,1994,Italia,E,Mauro Tassotti,mauro_tassotti.php,9,Defensor
5602,1994,Italia,E,Demetrio Albertini,demetrio_albertini.php,11,Mediocampista
5603,1994,Italia,E,Dino Baggio,dino_baggio.php,13,Mediocampista
5604,1994,Italia,E,Nicola Berti,nicola_berti.php,14,Mediocampista
5605,1994,Italia,E,Antonio Conte,antonio_conte.php,15,Mediocampista
5606,1994,Italia,E,Roberto Donadoni,roberto_donadoni.php,16,Mediocampista
5607,1994,Italia,E,Alberigo Evani,alberigo_evani.php,17,Mediocampista
5608,1994,Italia,E,Gianfranco Zola,gianfranco_zola.php,21,Mediocampista
5609,1994,Italia,E,Roberto Baggio,roberto_baggio.php,10,Delantero
5610,1994,Italia,E,Pierluigi Casiraghi,pierluigi_casiraghi.php,18,Delantero
5611,1994,Italia,E,Daniele Massaro,daniele_massaro.php,19,Delantero
5612,1994,Italia,E,Giuseppe Signori,giuseppe_signori.php,20,Delantero
5613,1994,México,E,Jorge Campos,jorge_campos.php,1,Arquero
5614,1994,México,E,Felix Fernandez,felix_fernandez.php,12,Arquero
5615,1994,México,E,Adrian Chavez,adrian_chavez.php,22,Arquero
5616,1994,México,E,Claudio Suarez,claudio_suarez.php,2,Defensor
5617,1994,México,E,Juan Ramirez,juan_ramirez.php,3,Defensor
5618,1994,México,E,Ignacio Ambriz,ignacio_ambriz.php,4,Defensor
5619,1994,México,E,Ramon Ramirez,ramon_ramirez.php,5,Defensor
5620,1994,México,E,Jose Salgado,jose_salgado.php,18,Defensor
5621,1994,México,E,Raul Gutierrez,raul_gutierrez.php,21,Defensor
5622,1994,México,E,Marcelino Bernal,marcelino_bernal.php,6,Mediocampista
5623,1994,México,E,Alberto Garcia Aspe,alberto_garcia_aspe.php,8,Mediocampista
5624,1994,México,E,Juan Chavez,juan_chavez.php,13,Mediocampista
5625,1994,México,E,Joaquin Del Olmo,joaquin_del_olmo.php,14,Mediocampista
5626,1994,México,E,Eduardo Espinoza,eduardo_espinoza.php,15,Mediocampista
5627,1994,México,E,Benjamin Galindo,benjamin_galindo.php,17,Mediocampista
5628,1994,México,E,Jorge Rodriguez,jorge_rodriguez.php,20,Mediocampista
5629,1994,México,E,Carlos Hermosillo,carlos_hermosillo.php,7,Delantero
5630,1994,México,E,Hugo Sánchez,hugo_sanchez.php,9,Delantero
5631,1994,México,E,Luis Garcia,luis_garcia_2.php,10,Delantero
5632,1994,México,E,Zague,zague.php,11,Delantero
5633,1994,México,E,Luis Valdez,luis_valdez.php,16,Delantero
5634,1994,México,E,Luis Salvador,luis_salvador.php,19,Delantero
5635,1994,Noruega,E,Erik Thorstvedt,erik_thorstvedt.php,1,Arquero
5636,1994,Noruega,E,Frode Grodas,frode_grodas.php,12,Arquero
5637,1994,Noruega,E,Ola By Rise,ola_by_rise.php,13,Arquero
5638,1994,Noruega,E,Gunnar Halle,gunnar_halle.php,2,Defensor
5639,1994,Noruega,E,Erland Johnsen,erland_johnsen.php,3,Defensor
5640,1994,Noruega,E,Rune Bratseth,rune_bratseth.php,4,Defensor
5641,1994,Noruega,E,Stig Bjornebye,stig_bjornebye.php,5,Defensor
5642,1994,Noruega,E,Roger Nilsen,roger_nilsen.php,14,Defensor
5643,1994,Noruega,E,Karl Loken,karl_loken.php,15,Defensor
5644,1994,Noruega,E,Dan Eggen,dan_eggen.php,17,Defensor
5645,1994,Noruega,E,Alf Haland,alf_haland.php,18,Defensor
5646,1994,Noruega,E,Henning Berg,henning_berg.php,20,Defensor
5647,1994,Noruega,E,Erik Mykland,erik_mykland.php,7,Mediocampista
5648,1994,Noruega,E,Oyvind Leonhardsen,oyvind_leonhardsen.php,8,Mediocampista
5649,1994,Noruega,E,Kjetil Rekdal,kjetil_rekdal.php,10,Mediocampista
5650,1994,Noruega,E,Roar Strand,roar_strand.php,19,Mediocampista
5651,1994,Noruega,E,Lars Bohinen,lars_bohinen.php,22,Mediocampista
5652,1994,Noruega,E,Jostein Flo,jostein_flo.php,6,Delantero
5653,1994,Noruega,E,Jan Fjortoft,jan_fjortoft.php,9,Delantero
5654,1994,Noruega,E,Mini Jakobsen,mini_jakobsen.php,11,Delantero
5655,1994,Noruega,E,Goran Sorloth,goran_sorloth.php,16,Delantero
5656,1994,Noruega,E,Sigurd Rushfeldt,sigurd_rushfeldt.php,21,Delantero
5657,1994,Arabia Saudita,F,Mohammed Al Deayea,mohammed_al_deayea.php,1,Arquero
5658,1994,Arabia Saudita,F,Hussein Al Sadeq,hussein_al_sadeq.php,21,Arquero
5659,1994,Arabia Saudita,F,Ibrahim Al Helwa,ibrahim_al_helwa.php,22,Arquero
5660,1994,Arabia Saudita,F,Abdullah Al Dosari,abdullah_al_dosari.php,2,Defensor
5661,1994,Arabia Saudita,F,Mohammed Al Khlaiwi,mohammed_al_khlaiwi.php,3,Defensor
5662,1994,Arabia Saudita,F,Abdullah Zubromawi,abdullah_zubromawi.php,4,Defensor
5663,1994,Arabia Saudita,F,Ahmed Madani,ahmed_madani.php,5,Defensor
5664,1994,Arabia Saudita,F,Mohamed Abdeljawad,mohamed_abdeljawad.php,13,Defensor
5665,1994,Arabia Saudita,F,Saleh Al Dawood,saleh_al_dawood.php,15,Defensor
5666,1994,Arabia Saudita,F,Yasser Al Taifi,yasser_al_taifi.php,17,Defensor
5667,1994,Arabia Saudita,F,Fuad Amin,fuad_amin.php,6,Mediocampista
5668,1994,Arabia Saudita,F,Fahad Al Bishi,fahad_al_bishi.php,8,Mediocampista
5669,1994,Arabia Saudita,F,Khaled Al Muwallid,khaled_al_muwallid.php,14,Mediocampista
5670,1994,Arabia Saudita,F,Talal Jebrin,talal_jebrin.php,16,Mediocampista
5671,1994,Arabia Saudita,F,Awwad Al Anzi,awwad_al_anzi.php,18,Mediocampista
5672,1994,Arabia Saudita,F,Hamza Saleh,hamza_saleh.php,19,Mediocampista
5673,1994,Arabia Saudita,F,Fahad Al Ghesheyan,fahad_al_ghesheyan.php,7,Delantero
5674,1994,Arabia Saudita,F,Majed Abdullah,majed_abdullah.php,9,Delantero
5675,1994,Arabia Saudita,F,Said Al Owayran,said_al_owayran.php,10,Delantero
5676,1994,Arabia Saudita,F,Fahad Al Mehalel,fahad_al_mehalel.php,11,Delantero
5677,1994,Arabia Saudita,F,Sami Al Jaber,sami_al_jaber.php,12,Delantero
5678,1994,Arabia Saudita,F,Hamza Falatah,hamza_falatah.php,20,Delantero
5679,1994,Bélgica,F,Michel Preudhomme,michel_preudhomme.php,1,Arquero
5680,1994,Bélgica,F,Filip De Wilde,filip_de_wilde.php,12,Arquero
5681,1994,Bélgica,F,Dany Verlinden,dany_verlinden.php,20,Arquero
5682,1994,Bélgica,F,Dirk Medved,dirk_medved.php,2,Defensor
5683,1994,Bélgica,F,Vital Borkelmans,vital_borkelmans.php,3,Defensor
5684,1994,Bélgica,F,Philippe Albert,philippe_albert.php,4,Defensor
5685,1994,Bélgica,F,Rudi Smidts,rudi_smidts.php,5,Defensor
5686,1994,Bélgica,F,Georges Grun,georges_grun.php,13,Defensor
5687,1994,Bélgica,F,Michel De Wolf,michel_de_wolf.php,14,Defensor
5688,1994,Bélgica,F,Marc Emmers,marc_emmers.php,15,Defensor
5689,1994,Bélgica,F,Eric Van Meir,eric_van_meir.php,19,Defensor
5690,1994,Bélgica,F,Pascal Renier,pascal_renier.php,22,Defensor
5691,1994,Bélgica,F,Lorenzo Staelens,lorenzo_staelens.php,6,Mediocampista
5692,1994,Bélgica,F,Franky Van Der Elst,franky_van_der_elst.php,7,Mediocampista
5693,1994,Bélgica,F,Enzo Scifo,enzo_scifo.php,10,Mediocampista
5694,1994,Bélgica,F,Danny Boffin,danny_boffin.php,16,Mediocampista
5695,1994,Bélgica,F,Marc Wilmots,marc_wilmots.php,18,Mediocampista
5696,1994,Bélgica,F,Stephane Van Der Heyden,stephane_van_der_heyden.php,21,Mediocampista
5697,1994,Bélgica,F,Luc Nilis,luc_nilis.php,8,Delantero
5698,1994,Bélgica,F,Marc De Grijse,marc_de_grijse.php,9,Delantero
5699,1994,Bélgica,F,Alex Czerniatynski,alex_czerniatynski.php,11,Delantero
5700,1994,Bélgica,F,Josip Weber,josip_weber.php,17,Delantero
5701,1994,Marruecos,F,Khalil Azmi,khalil_azmi.php,1,Arquero
5702,1994,Marruecos,F,Said Dghay,said_dghay.php,12,Arquero
5703,1994,Marruecos,F,Zakaria El Achraf,zakaria_el_achraf.php,22,Arquero
5704,1994,Marruecos,F,Nacer Abdellah,nacer_abdellah.php,2,Defensor
5705,1994,Marruecos,F,Abdelkarim El Hadrioui,abdelkarim_el_hadrioui.php,3,Defensor
5706,1994,Marruecos,F,Taher El Khalej,taher_el_khalej.php,4,Defensor
5707,1994,Marruecos,F,Smahi Triki,smahi_triki.php,5,Defensor
5708,1994,Marruecos,F,Noureddine Naybet,noureddine_naybet.php,6,Defensor
5709,1994,Marruecos,F,Ahmed Masbahi,ahmed_masbahi.php,14,Defensor
5710,1994,Marruecos,F,Rachid Neqrouz,rachid_neqrouz.php,18,Defensor
5711,1994,Marruecos,F,Mustafa El Hadji,mustafa_el_hadji.php,7,Mediocampista
5712,1994,Marruecos,F,Rachid Azzouzi,rachid_azzouzi.php,8,Mediocampista
5713,1994,Marruecos,F,Mustapha El Hadaoui,mustapha_el_hadaoui.php,10,Mediocampista
5714,1994,Marruecos,F,Rachid Daoudi,rachid_daoudi.php,11,Mediocampista
5715,1994,Marruecos,F,Hababi El Arbi,hababi_el_arbi.php,15,Mediocampista
5716,1994,Marruecos,F,Abdelmajid Bouyboud,abdelmajid_bouyboud.php,19,Mediocampista
5717,1994,Marruecos,F,Hassan Kachloul,hassan_kachloul.php,20,Mediocampista
5718,1994,Marruecos,F,Mohammed Chaouch,mohammed_chaouch.php,9,Delantero
5719,1994,Marruecos,F,Ahmed Bahja,ahmed_bahja.php,13,Delantero
5720,1994,Marruecos,F,Hassan Nader,hassan_nader.php,16,Delantero
5721,1994,Marruecos,F,Abdelslam Laghrissi,abdelslam_laghrissi.php,17,Delantero
5722,1994,Marruecos,F,Mohamed Samadi,mohamed_samadi.php,21,Delantero
5723,1994,Paises Bajos,F,Ed De Goey,ed_de_goey.php,1,Arquero
5724,1994,Paises Bajos,F,Edwin Van Der Sar,edwin_van_der_sar.php,13,Arquero
5725,1994,Paises Bajos,F,Theo Snelders,theo_snelders.php,22,Arquero
5726,1994,Paises Bajos,F,Frank De Boer,frank_de_boer.php,2,Defensor
5727,1994,Paises Bajos,F,Ronald Koeman,ronald_koeman.php,4,Defensor
5728,1994,Paises Bajos,F,Ulrich Van Gobbel,ulrich_van_gobbel.php,14,Defensor
5729,1994,Paises Bajos,F,Danny Blind,danny_blind.php,15,Defensor
5730,1994,Paises Bajos,F,Arthur Numan,arthur_numan.php,16,Defensor
5731,1994,Paises Bajos,F,Stan Valckx,stan_valckx.php,18,Defensor
5732,1994,Paises Bajos,F,John De Wolf,john_de_wolf.php,21,Defensor
5733,1994,Paises Bajos,F,Frank Rijkaard,frank_rijkaard.php,3,Mediocampista
5734,1994,Paises Bajos,F,Rob Witschge,rob_witschge.php,5,Mediocampista
5735,1994,Paises Bajos,F,Jan Wouters,jan_wouters.php,6,Mediocampista
5736,1994,Paises Bajos,F,Wim Jonk,wim_jonk.php,8,Mediocampista
5737,1994,Paises Bajos,F,Ronald De Boer,ronald_de_boer.php,9,Mediocampista
5738,1994,Paises Bajos,F,Aron Winter,aron_winter.php,20,Mediocampista
5739,1994,Paises Bajos,F,Marc Overmars,marc_overmars.php,7,Delantero
5740,1994,Paises Bajos,F,Dennis Bergkamp,dennis_bergkamp.php,10,Delantero
5741,1994,Paises Bajos,F,Bryan Roy,bryan_roy.php,11,Delantero
5742,1994,Paises Bajos,F,John Bosman,john_bosman.php,12,Delantero
5743,1994,Paises Bajos,F,Gaston Taument,gaston_taument.php,17,Delantero
5744,1994,Paises Bajos,F,Peter Van Vossen,peter_van_vossen.php,19,Delantero
5745,1990,Austria,A,Klaus Lindenberger,klaus_lindenberger.php,1,Arquero
5746,1990,Austria,A,Michael Konsel,michael_konsel.php,21,Arquero
5747,1990,Austria,A,Otto Konrad,otto_konrad.php,22,Arquero
5748,1990,Austria,A,Ernst Aigner,ernst_aigner.php,2,Defensor
5749,1990,Austria,A,Robert Pecl,robert_pecl.php,3,Defensor
5750,1990,Austria,A,Anton Pfeffer,anton_pfeffer.php,4,Defensor
5751,1990,Austria,A,Peter Schoettel,peter_schoettel.php,5,Defensor
5752,1990,Austria,A,Kurt Russ,kurt_russ.php,7,Defensor
5753,1990,Austria,A,Peter Artner,peter_artner.php,8,Defensor
5754,1990,Austria,A,Michael Streiter,michael_streiter.php,18,Defensor
5755,1990,Austria,A,Manfred Zsak,manfred_zsak.php,6,Mediocampista
5756,1990,Austria,A,Manfred Linzmaier,manfred_linzmaier.php,10,Mediocampista
5757,1990,Austria,A,Alfred Hortnagl,alfred_hortnagl.php,11,Mediocampista
5758,1990,Austria,A,Michael Baur,michael_baur.php,12,Mediocampista
5759,1990,Austria,A,Andreas Reisinger,andreas_reisinger.php,16,Mediocampista
5760,1990,Austria,A,Gerald Glatzmayer,gerald_glatzmayer.php,19,Mediocampista
5761,1990,Austria,A,Andreas Herzog,andreas_herzog.php,20,Mediocampista
5762,1990,Austria,A,Toni Polster,toni_polster.php,9,Delantero
5763,1990,Austria,A,Andeas Ogris,andeas_ogris.php,13,Delantero
5764,1990,Austria,A,Gerhard Rodax,gerhard_rodax.php,14,Delantero
5765,1990,Austria,A,Christian Keglevits,christian_keglevits.php,15,Delantero
5766,1990,Austria,A,Heimo Pfeifenberger,heimo_pfeifenberger.php,17,Delantero
5767,1990,Checoslovaquia,A,Jan Stejskal,jan_stejskal.php,1,Arquero
5768,1990,Checoslovaquia,A,Ludek Miklosko,ludek_miklosko.php,21,Arquero
5769,1990,Checoslovaquia,A,Peter Paluch,peter_paluch.php,22,Arquero
5770,1990,Checoslovaquia,A,Julius Bielik,julius_bielik.php,2,Defensor
5771,1990,Checoslovaquia,A,Miroslav Kadlec,miroslav_kadlec.php,3,Defensor
5772,1990,Checoslovaquia,A,Jan Kocian,jan_kocian.php,5,Defensor
5773,1990,Checoslovaquia,A,Frantisek Straka,frantisek_straka.php,6,Defensor
5774,1990,Checoslovaquia,A,Michal Bilek,michal_bilek.php,7,Defensor
5775,1990,Checoslovaquia,A,Peter Fieber,peter_fieber.php,12,Defensor
5776,1990,Checoslovaquia,A,Vladimir Kinier,vladimir_kinier.php,15,Defensor
5777,1990,Checoslovaquia,A,Ivan Hasek,ivan_hasek.php,4,Mediocampista
5778,1990,Checoslovaquia,A,Jozef Chovanec,jozef_chovanec.php,8,Mediocampista
5779,1990,Checoslovaquia,A,Lubos Kubik,lubos_kubik.php,9,Mediocampista
5780,1990,Checoslovaquia,A,Lubomir Moravcik,lubomir_moravcik.php,11,Mediocampista
5781,1990,Checoslovaquia,A,Jiri Nemec,jiri_nemec.php,13,Mediocampista
5782,1990,Checoslovaquia,A,Vladimir Weiss,vladimir_weiss_2.php,14,Mediocampista
5783,1990,Checoslovaquia,A,Viliam Hyravy,viliam_hyravy.php,16,Mediocampista
5784,1990,Checoslovaquia,A,Vaclav Nemecek,vaclav_nemecek.php,20,Mediocampista
5785,1990,Checoslovaquia,A,Tomas Skuhravy,tomas_skuhravy.php,10,Delantero
5786,1990,Checoslovaquia,A,Ivo Knoflicek,ivo_knoflicek.php,17,Delantero
5787,1990,Checoslovaquia,A,Milan Luhovy,milan_luhovy.php,18,Delantero
5788,1990,Checoslovaquia,A,Stanislav Griga,stanislav_griga.php,19,Delantero
5789,1990,Estados Unidos,A,Tony Meola,tony_meola.php,1,Arquero
5790,1990,Estados Unidos,A,Kasey Keller,kasey_keller.php,18,Arquero
5791,1990,Estados Unidos,A,David Vanole,david_vanole.php,22,Arquero
5792,1990,Estados Unidos,A,Steve Trittschuh,steve_trittschuh.php,2,Defensor
5793,1990,Estados Unidos,A,John Doyle,john_doyle.php,3,Defensor
5794,1990,Estados Unidos,A,Jimmy Banks,jimmy_banks.php,4,Defensor
5795,1990,Estados Unidos,A,Michael Windischmann,michael_windischmann.php,5,Defensor
5796,1990,Estados Unidos,A,Paul Krumpe,paul_krumpe.php,12,Defensor
5797,1990,Estados Unidos,A,Desmond Armstrong,desmond_armstrong.php,15,Defensor
5798,1990,Estados Unidos,A,Marcelo Balboa,marcelo_balboa.php,17,Defensor
5799,1990,Estados Unidos,A,Paul Caligiuri,paul_caligiuri.php,20,Defensor
5800,1990,Estados Unidos,A,John Harkes,john_harkes.php,6,Mediocampista
5801,1990,Estados Unidos,A,Tab Ramos,tab_ramos.php,7,Mediocampista
5802,1990,Estados Unidos,A,Brian Bliss,brian_bliss.php,8,Mediocampista
5803,1990,Estados Unidos,A,John Stollmeyer,john_stollmeyer.php,14,Mediocampista
5804,1990,Estados Unidos,A,Chris Henderson,chris_henderson.php,19,Mediocampista
5805,1990,Estados Unidos,A,Neil Covone,neil_covone.php,21,Mediocampista
5806,1990,Estados Unidos,A,Christopher Sullivan,christopher_sullivan.php,9,Delantero
5807,1990,Estados Unidos,A,Peter Vermes,peter_vermes.php,10,Delantero
5808,1990,Estados Unidos,A,Eric Wynalda,eric_wynalda.php,11,Delantero
5809,1990,Estados Unidos,A,Eric Eichmann,eric_eichmann.php,13,Delantero
5810,1990,Estados Unidos,A,Bruce Murray,bruce_murray.php,16,Delantero
5811,1990,Italia,A,Walter Zenga,walter_zenga.php,1,Arquero
5812,1990,Italia,A,Stefano Tacconi,stefano_tacconi.php,12,Arquero
5813,1990,Italia,A,Gianluca Pagliuca,gianluca_pagliuca.php,22,Arquero
5814,1990,Italia,A,Franco Baresi,franco_baresi.php,2,Defensor
5815,1990,Italia,A,Giuseppe Bergomi,giuseppe_bergomi.php,3,Defensor
5816,1990,Italia,A,Luigi De Agostini,luigi_de_agostini.php,4,Defensor
5817,1990,Italia,A,Ciro Ferrara,ciro_ferrara.php,5,Defensor
5818,1990,Italia,A,Riccardo Ferri,riccardo_ferri.php,6,Defensor
5819,1990,Italia,A,Paolo Maldini,paolo_maldini.php,7,Defensor
5820,1990,Italia,A,Pietro Vierchowod,pietro_vierchowod.php,8,Defensor
5821,1990,Italia,A,Carlo Ancelotti,carlo_ancelotti.php,9,Mediocampista
5822,1990,Italia,A,Nicola Berti,nicola_berti.php,10,Mediocampista
5823,1990,Italia,A,Fernando De Napoli,fernando_de_napoli.php,11,Mediocampista
5824,1990,Italia,A,Giuseppe Giannini,giuseppe_giannini.php,13,Mediocampista
5825,1990,Italia,A,Giancarlo Marocchi,giancarlo_marocchi.php,14,Mediocampista
5826,1990,Italia,A,Roberto Donadoni,roberto_donadoni.php,17,Mediocampista
5827,1990,Italia,A,Roberto Baggio,roberto_baggio.php,15,Delantero
5828,1990,Italia,A,Andrea Carnevale,andrea_carnevale.php,16,Delantero
5829,1990,Italia,A,Roberto Mancini,roberto_mancini.php,18,Delantero
5830,1990,Italia,A,Salvatore Schillaci,salvatore_schillaci.php,19,Delantero
5831,1990,Italia,A,Aldo Serena,aldo_serena.php,20,Delantero
5832,1990,Italia,A,Gianluca Vialli,gianluca_vialli.php,21,Delantero
5833,1990,Argentina,B,Nery Pumpido,nery_pumpido.php,1,Arquero
5834,1990,Argentina,B,Angel Comizzo,angel_comizzo.php,1,Arquero
5835,1990,Argentina,B,Sergio Goycochea,sergio_goycochea.php,12,Arquero
5836,1990,Argentina,B,Fabian Cancelarich,fabian_cancelarich.php,22,Arquero
5837,1990,Argentina,B,Edgardo Bauza,edgardo_bauza.php,5,Defensor
5838,1990,Argentina,B,Nestor Fabbri,nestor_fabbri.php,11,Defensor
5839,1990,Argentina,B,Nestor Lorenzo,nestor_lorenzo.php,13,Defensor
5840,1990,Argentina,B,Pedro Monzon,pedro_monzon.php,15,Defensor
5841,1990,Argentina,B,Roberto Sensini,roberto_sensini.php,17,Defensor
5842,1990,Argentina,B,Jose Serrizuela,jose_serrizuela.php,18,Defensor
5843,1990,Argentina,B,Oscar Ruggeri,oscar_ruggeri.php,19,Defensor
5844,1990,Argentina,B,Juan Simon,juan_simon.php,20,Defensor
5845,1990,Argentina,B,Sergio Batista,sergio_batista.php,2,Mediocampista
5846,1990,Argentina,B,Jose Basualdo,jose_basualdo.php,4,Mediocampista
5847,1990,Argentina,B,Gabriel Calderon,gabriel_calderon.php,6,Mediocampista
5848,1990,Argentina,B,Jorge Burruchaga,jorge_burruchaga.php,7,Mediocampista
5849,1990,Argentina,B,Diego Maradona,diego_maradona.php,10,Mediocampista
5850,1990,Argentina,B,Ricardo Giusti,ricardo_giusti.php,14,Mediocampista
5851,1990,Argentina,B,Julio Olarticoechea,julio_olarticoechea.php,16,Mediocampista
5852,1990,Argentina,B,Pedro Troglio,pedro_troglio.php,21,Mediocampista
5853,1990,Argentina,B,Abel Balbo,abel_balbo.php,3,Delantero
5854,1990,Argentina,B,Claudio Caniggia,claudio_caniggia.php,8,Delantero
5855,1990,Argentina,B,Gustavo Dezotti,gustavo_dezotti.php,9,Delantero
5856,1990,Camerún,B,Joseph-Antoine Bell,joseph_antoine_bell.php,1,Arquero
5857,1990,Camerún,B,Thomas Nkono,thomas_nkono.php,16,Arquero
5858,1990,Camerún,B,Jacques Songoo,jacques_songoo.php,22,Arquero
5859,1990,Camerún,B,Jules Denis Onana,jules_denis_onana.php,3,Defensor
5860,1990,Camerún,B,Benjamin Massing,benjamin_massing.php,4,Defensor
5861,1990,Camerún,B,Bertin Ebwelle,bertin_ebwelle.php,5,Defensor
5862,1990,Camerún,B,Emmanuel Kunde,emmanuel_kunde.php,6,Defensor
5863,1990,Camerún,B,Alphonse Yombi,alphonse_yombi.php,12,Defensor
5864,1990,Camerún,B,Stephen Tataw,stephen_tataw.php,14,Defensor
5865,1990,Camerún,B,Victor Ndip,victor_ndip.php,17,Defensor
5866,1990,Camerún,B,Andre Kana-Biyik,andre_kana_biyik.php,2,Mediocampista
5867,1990,Camerún,B,Emile Mbouh,emile_mbouh.php,8,Mediocampista
5868,1990,Camerún,B,Louis Mfede,louis_mfede.php,10,Mediocampista
5869,1990,Camerún,B,Jean Claude Pagal,jean_claude_pagal.php,13,Mediocampista
5870,1990,Camerún,B,Thomas Libiih,thomas_libiih.php,15,Mediocampista
5871,1990,Camerún,B,Roger Feutmba,roger_feutmba.php,19,Mediocampista
5872,1990,Camerún,B,Emmanuel Maboang,emmanuel_maboang.php,21,Mediocampista
5873,1990,Camerún,B,Francois Omam-Biyik,francois_omam_biyik.php,7,Delantero
5874,1990,Camerún,B,Roger Milla,roger_milla.php,9,Delantero
5875,1990,Camerún,B,Eugene Ekeke,eugene_ekeke.php,11,Delantero
5876,1990,Camerún,B,Boneventure Djonkep,boneventure_djonkep.php,18,Delantero
5877,1990,Camerún,B,Cyrille Makanaky,cyrille_makanaky.php,20,Delantero
5878,1990,Rumania,B,Silviu Lung,silviu_lung.php,1,Arquero
5879,1990,Rumania,B,Bogdan Stelea,bogdan_stelea.php,12,Arquero
5880,1990,Rumania,B,Gheorghe Liliac,gheorghe_liliac.php,22,Arquero
5881,1990,Rumania,B,Mircea Rednic,mircea_rednic.php,2,Defensor
5882,1990,Rumania,B,Michael Klein,michael_klein.php,3,Defensor
5883,1990,Rumania,B,Ioan Andone,ioan_andone.php,4,Defensor
5884,1990,Rumania,B,Iosif Rotariu,iosif_rotariu.php,5,Defensor
5885,1990,Rumania,B,Adrian Popescu,adrian_popescu.php,13,Defensor
5886,1990,Rumania,B,Emil Sandoi,emil_sandoi.php,19,Defensor
5887,1990,Rumania,B,Gheorghe Popescu,gheorghe_popescu.php,6,Mediocampista
5888,1990,Rumania,B,Ioan Sabau,ioan_sabau.php,8,Mediocampista
5889,1990,Rumania,B,Gheorghe Hagi,gheorghe_hagi.php,10,Mediocampista
5890,1990,Rumania,B,Danut Lupu,danut_lupu.php,11,Mediocampista
5891,1990,Rumania,B,Dorin Mateut,dorin_mateut.php,15,Mediocampista
5892,1990,Rumania,B,Zsolt Muzsnai,zsolt_muzsnai.php,20,Mediocampista
5893,1990,Rumania,B,Ioan Lupescu,ioan_lupescu.php,21,Mediocampista
5894,1990,Rumania,B,Marius Lacatus,marius_lacatus.php,7,Delantero
5895,1990,Rumania,B,Rodion Camataru,rodion_camataru.php,9,Delantero
5896,1990,Rumania,B,Florin Raducioiu,florin_raducioiu.php,14,Delantero
5897,1990,Rumania,B,Daniel Timofte,daniel_timofte.php,16,Delantero
5898,1990,Rumania,B,Ilie Dumitrescu,ilie_dumitrescu.php,17,Delantero
5899,1990,Rumania,B,Gavril Balint,gavril_balint.php,18,Delantero
5900,1990,URSS,B,Rinat Dassayev,rinat_dassayev.php,1,Arquero
5901,1990,URSS,B,Viktor Chanov,viktor_chanov.php,16,Arquero
5902,1990,URSS,B,Aleksandr Uvarov,aleksandr_uvarov.php,22,Arquero
5903,1990,URSS,B,Vladimir Bessonov,vladimir_bessonov.php,2,Defensor
5904,1990,URSS,B,Vagiz Khidiyatullin,vagiz_khidiyatullin.php,3,Defensor
5905,1990,URSS,B,Oleg Kuznetsov,oleg_kuznetsov.php,4,Defensor
5906,1990,URSS,B,Anatoli Demyanenko,anatoli_demyanenko.php,5,Defensor
5907,1990,URSS,B,Akhrik Tsveiba,akhrik_tsveiba.php,13,Defensor
5908,1990,URSS,B,Andrei Zygmantovich,andrei_zygmantovich.php,17,Defensor
5909,1990,URSS,B,Sergei Fokin,sergei_fokin.php,19,Defensor
5910,1990,URSS,B,Sergei Gorlukovich,sergei_gorlukovich.php,20,Defensor
5911,1990,URSS,B,Vasili Rats,vasili_rats.php,6,Mediocampista
5912,1990,URSS,B,Sergei Aleinikov,sergei_aleinikov.php,7,Mediocampista
5913,1990,URSS,B,Gennadi Litovchenko,gennadi_litovchenko.php,8,Mediocampista
5914,1990,URSS,B,Aleksandr Zavarov,aleksandr_zavarov.php,9,Mediocampista
5915,1990,URSS,B,Ivan Yaremchuk,ivan_yaremchuk.php,15,Mediocampista
5916,1990,URSS,B,Igor Shalimov,igor_shalimov.php,18,Mediocampista
5917,1990,URSS,B,Valeri Broshin,valeri_broshin.php,21,Mediocampista
5918,1990,URSS,B,Oleg Protasov,oleg_protasov.php,10,Delantero
5919,1990,URSS,B,Igor Dobrovolskyi,igor_dobrovolskyi.php,11,Delantero
5920,1990,URSS,B,Aleksandr Borodyuk,aleksandr_borodyuk.php,12,Delantero
5921,1990,URSS,B,Vladimir Liutyi,vladimir_liutyi.php,14,Delantero
5922,1990,Brasil,C,Taffarel,taffarel.php,1,Arquero
5923,1990,Brasil,C,Acacio,acacio.php,12,Arquero
5924,1990,Brasil,C,Ze Carlos,ze_carlos.php,22,Arquero
5925,1990,Brasil,C,Jorginho,jorginho.php,2,Defensor
5926,1990,Brasil,C,Ricardo Gomes,ricardo_gomes.php,3,Defensor
5927,1990,Brasil,C,Branco,branco.php,6,Defensor
5928,1990,Brasil,C,Mozer,mozer.php,13,Defensor
5929,1990,Brasil,C,Aldair,aldair.php,14,Defensor
5930,1990,Brasil,C,Ricardo Rocha,ricardo_rocha.php,19,Defensor
5931,1990,Brasil,C,Mauro Galvao,mauro_galvao.php,21,Defensor
5932,1990,Brasil,C,Dunga,dunga.php,4,Mediocampista
5933,1990,Brasil,C,Alemao,alemao.php,5,Mediocampista
5934,1990,Brasil,C,Bismarck,bismarck.php,7,Mediocampista
5935,1990,Brasil,C,Valdo,valdo.php,8,Mediocampista
5936,1990,Brasil,C,Silas,silas.php,10,Mediocampista
5937,1990,Brasil,C,Mazinho,mazinho.php,18,Mediocampista
5938,1990,Brasil,C,Careca,careca.php,9,Delantero
5939,1990,Brasil,C,Romario,romario.php,11,Delantero
5940,1990,Brasil,C,Muller,muller.php,15,Delantero
5941,1990,Brasil,C,Bebeto,bebeto.php,16,Delantero
5942,1990,Brasil,C,Renato Gaucho,renato_gaucho.php,17,Delantero
5943,1990,Brasil,C,Tita,tita.php,20,Delantero
5944,1990,Costa Rica,C,Gabelo Conejo,gabelo_conejo.php,1,Arquero
5945,1990,Costa Rica,C,Hermidio Barrantes,hermidio_barrantes.php,21,Arquero
5946,1990,Costa Rica,C,Miguel Segura,miguel_segura.php,22,Arquero
5947,1990,Costa Rica,C,Vladimir Quesada,vladimir_quesada.php,2,Defensor
5948,1990,Costa Rica,C,Roger Flores,roger_flores.php,3,Defensor
5949,1990,Costa Rica,C,Ronald Gonzalez,ronald_gonzalez.php,4,Defensor
5950,1990,Costa Rica,C,Marvin Obando,marvin_obando.php,5,Defensor
5951,1990,Costa Rica,C,Jose Chaves,jose_chaves.php,6,Defensor
5952,1990,Costa Rica,C,Ronald Marin,ronald_marin.php,15,Defensor
5953,1990,Costa Rica,C,Geovanni Jara,geovanni_jara.php,18,Defensor
5954,1990,Costa Rica,C,Mauricio Montero,mauricio_montero.php,20,Defensor
5955,1990,Costa Rica,C,German Chavarria,german_chavarria.php,8,Mediocampista
5956,1990,Costa Rica,C,Alexandre Guimaraes,alexandre_guimaraes.php,9,Mediocampista
5957,1990,Costa Rica,C,Oscar Ramirez,oscar_ramirez.php,10,Mediocampista
5958,1990,Costa Rica,C,Roger Gomez,roger_gomez.php,12,Mediocampista
5959,1990,Costa Rica,C,Miguel Davis,miguel_davis.php,13,Mediocampista
5960,1990,Costa Rica,C,Hector Marchena,hector_marchena.php,19,Mediocampista
5961,1990,Costa Rica,C,Hernan Medford,hernan_medford.php,7,Delantero
5962,1990,Costa Rica,C,Claudio Jara,claudio_jara.php,11,Delantero
5963,1990,Costa Rica,C,Juan Cayasso,juan_cayasso.php,14,Delantero
5964,1990,Costa Rica,C,Jose Jaikel,jose_jaikel.php,16,Delantero
5965,1990,Costa Rica,C,Roy Myers,roy_myers.php,17,Delantero
5966,1990,Escocia,C,Jim Leighton,jim_leighton.php,1,Arquero
5967,1990,Escocia,C,Andy Goram,andy_goram.php,12,Arquero
5968,1990,Escocia,C,Bryan Gunn,bryan_gunn.php,22,Arquero
5969,1990,Escocia,C,Alex Mcleish,alex_mcleish.php,2,Defensor
5970,1990,Escocia,C,Richard Gough,richard_gough.php,4,Defensor
5971,1990,Escocia,C,Maurice Malpas,maurice_malpas.php,6,Defensor
5972,1990,Escocia,C,Gary Gillespie,gary_gillespie.php,11,Defensor
5973,1990,Escocia,C,Craig Levein,craig_levein.php,15,Defensor
5974,1990,Escocia,C,Stewart Mckimmie,stewart_mckimmie.php,17,Defensor
5975,1990,Escocia,C,David Mcpherson,david_mcpherson.php,19,Defensor
5976,1990,Escocia,C,Roy Aitken,roy_aitken.php,3,Mediocampista
5977,1990,Escocia,C,Paul Mcstay,paul_mcstay.php,5,Mediocampista
5978,1990,Escocia,C,Jim Bett,jim_bett.php,8,Mediocampista
5979,1990,Escocia,C,Murdo Mcleod,murdo_mcleod.php,10,Mediocampista
5980,1990,Escocia,C,Stuart Mccall,stuart_mccall.php,16,Mediocampista
5981,1990,Escocia,C,John Collins,john_collins.php,18,Mediocampista
5982,1990,Escocia,C,Gary Mcallister,gary_mcallister.php,20,Mediocampista
5983,1990,Escocia,C,Mo Johnston,mo_johnston.php,7,Delantero
5984,1990,Escocia,C,Alistair Mccoist,alistair_mccoist.php,9,Delantero
5985,1990,Escocia,C,Gordon Durie,gordon_durie.php,13,Delantero
5986,1990,Escocia,C,Alan Mcinally,alan_mcinally.php,14,Delantero
5987,1990,Escocia,C,Robert Fleck,robert_fleck.php,21,Delantero
5988,1990,Suecia,C,Sven Andersson,sven_andersson_2.php,1,Arquero
5989,1990,Suecia,C,Lars Eriksson,lars_eriksson.php,12,Arquero
5990,1990,Suecia,C,Thomas Ravelli,thomas_ravelli.php,22,Arquero
5991,1990,Suecia,C,Jan Eriksson,jan_eriksson.php,2,Defensor
5992,1990,Suecia,C,Glenn Hysen,glenn_hysen.php,3,Defensor
5993,1990,Suecia,C,Peter Larsson,peter_larsson.php,4,Defensor
5994,1990,Suecia,C,Roger Ljung,roger_ljung.php,5,Defensor
5995,1990,Suecia,C,Roland Nilsson,roland_nilsson.php,6,Defensor
5996,1990,Suecia,C,Niclas Nyhlen,niclas_nyhlen.php,7,Defensor
5997,1990,Suecia,C,Stefan Schwarz,stefan_schwarz.php,8,Defensor
5998,1990,Suecia,C,Leif Engqvist,leif_engqvist.php,9,Mediocampista
5999,1990,Suecia,C,Klas Ingesson,klas_ingesson.php,10,Mediocampista
6000,1990,Suecia,C,Ulrik Jansson,ulrik_jansson.php,11,Mediocampista
6001,1990,Suecia,C,Anders Limpar,anders_limpar.php,13,Mediocampista
6002,1990,Suecia,C,Joakim Nilsson,joakim_nilsson.php,14,Mediocampista
6003,1990,Suecia,C,Glenn Stromberg,glenn_stromberg.php,15,Mediocampista
6004,1990,Suecia,C,Jonas Thern,jonas_thern.php,16,Mediocampista
6005,1990,Suecia,C,Mats Gren,mats_gren.php,19,Mediocampista
6006,1990,Suecia,C,Tomas Brolin,tomas_brolin.php,17,Delantero
6007,1990,Suecia,C,Johnny Ekstrom,johnny_ekstrom.php,18,Delantero
6008,1990,Suecia,C,Mats Magnusson,mats_magnusson.php,20,Delantero
6009,1990,Suecia,C,Stefan Petterson,stefan_petterson.php,21,Delantero
6010,1990,Alemania Occidental,D,Bodo Illgner,bodo_illgner.php,1,Arquero
6011,1990,Alemania Occidental,D,Raimond Aumann,raimond_aumann.php,12,Arquero
6012,1990,Alemania Occidental,D,Andreas Koepke,andreas_koepke.php,22,Arquero
6013,1990,Alemania Occidental,D,Stefan Reuter,stefan_reuter.php,2,Defensor
6014,1990,Alemania Occidental,D,Andreas Brehme,andreas_brehme.php,3,Defensor
6015,1990,Alemania Occidental,D,Juergen Kohler,juergen_kohler.php,4,Defensor
6016,1990,Alemania Occidental,D,Klaus Augenthaler,klaus_augenthaler.php,5,Defensor
6017,1990,Alemania Occidental,D,Guido Buchwald,guido_buchwald.php,6,Defensor
6018,1990,Alemania Occidental,D,Thomas Berthold,thomas_berthold.php,14,Defensor
6019,1990,Alemania Occidental,D,Paul Steiner,paul_steiner.php,16,Defensor
6020,1990,Alemania Occidental,D,Hans Pfluegler,hans_pfluegler.php,19,Defensor
6021,1990,Alemania Occidental,D,Pierre Littbarski,pierre_littbarski.php,7,Mediocampista
6022,1990,Alemania Occidental,D,Thomas Haessler,thomas_haessler.php,8,Mediocampista
6023,1990,Alemania Occidental,D,Lothar Matthaeus,lothar_matthaeus.php,10,Mediocampista
6024,1990,Alemania Occidental,D,Uwe Bein,uwe_bein.php,15,Mediocampista
6025,1990,Alemania Occidental,D,Andreas Moeller,andreas_moeller.php,17,Mediocampista
6026,1990,Alemania Occidental,D,Olaf Thon,olaf_thon.php,20,Mediocampista
6027,1990,Alemania Occidental,D,Guenther Hermann,guenther_hermann.php,21,Mediocampista
6028,1990,Alemania Occidental,D,Rudi Voeller,rudi_voeller.php,9,Delantero
6029,1990,Alemania Occidental,D,Frank Mill,frank_mill.php,11,Delantero
6030,1990,Alemania Occidental,D,Karlheinz Riedle,karlheinz_riedle.php,13,Delantero
6031,1990,Alemania Occidental,D,Juergen Klinsmann,juergen_klinsmann.php,18,Delantero
6032,1990,Colombia,D,Rene Higuita,rene_higuita.php,1,Arquero
6033,1990,Colombia,D,Eduardo Nino,eduardo_nino.php,12,Arquero
6034,1990,Colombia,D,Andres Escobar,andres_escobar.php,2,Defensor
6035,1990,Colombia,D,Gildardo Gomez,gildardo_gomez.php,3,Defensor
6036,1990,Colombia,D,Luis Herrera,luis_herrera.php,4,Defensor
6037,1990,Colombia,D,Leon Villa,leon_villa.php,5,Defensor
6038,1990,Colombia,D,Carlos Hoyos,carlos_hoyos.php,13,Defensor
6039,1990,Colombia,D,Luis Carlos Perea,luis_carlos_perea.php,15,Defensor
6040,1990,Colombia,D,Geovanis Cassiani,geovanis_cassiani.php,17,Defensor
6041,1990,Colombia,D,Alexis Mendoza,alexis_mendoza.php,21,Defensor
6042,1990,Colombia,D,Jose Perez,jose_perez.php,6,Mediocampista
6043,1990,Colombia,D,Gabriel Gomez,gabriel_gomez.php,8,Mediocampista
6044,1990,Colombia,D,Carlos Valderrama,carlos_valderrama.php,10,Mediocampista
6045,1990,Colombia,D,Bernardo Redin,bernardo_redin.php,11,Mediocampista
6046,1990,Colombia,D,Leonel Alvarez,leonel_alvarez.php,14,Mediocampista
6047,1990,Colombia,D,Wilmer Cabrera,wilmer_cabrera.php,18,Mediocampista
6048,1990,Colombia,D,Luis Fajardo,luis_fajardo.php,20,Mediocampista
6049,1990,Colombia,D,Carlos Estrada,carlos_estrada.php,7,Delantero
6050,1990,Colombia,D,Miguel Guerrero,miguel_guerrero.php,9,Delantero
6051,1990,Colombia,D,Arnoldo Iguaran,arnoldo_iguaran.php,16,Delantero
6052,1990,Colombia,D,Freddy Rincon,freddy_rincon.php,19,Delantero
6053,1990,Colombia,D,Ruben Hernandez,ruben_hernandez.php,22,Delantero
6054,1990,Emiratos Arabes,D,Abdullah Musa,abdullah_musa.php,1,Arquero
6055,1990,Emiratos Arabes,D,Muhsin Musabah,muhsin_musabah.php,17,Arquero
6056,1990,Emiratos Arabes,D,Hassan Abdulqader,hassan_abdulqader.php,22,Arquero
6057,1990,Emiratos Arabes,D,Khaleel Ghanim,khaleel_ghanim.php,2,Defensor
6058,1990,Emiratos Arabes,D,Ghanim Mubarak,ghanim_mubarak.php,4,Defensor
6059,1990,Emiratos Arabes,D,Mohamed Abdullah,mohamed_abdullah.php,6,Defensor
6060,1990,Emiratos Arabes,D,Ibrahim Meer,ibrahim_meer.php,15,Defensor
6061,1990,Emiratos Arabes,D,Mohamed Salim,mohamed_salim.php,16,Defensor
6062,1990,Emiratos Arabes,D,Eissa Meer,eissa_meer.php,19,Defensor
6063,1990,Emiratos Arabes,D,Yousuf Hussain,yousuf_hussain.php,20,Defensor
6064,1990,Emiratos Arabes,D,Abdulrahman Al Haddad,abdulrahman_al_haddad.php,21,Defensor
6065,1990,Emiratos Arabes,D,Ali Thani Jumaa,ali_thani_jumaa.php,3,Mediocampista
6066,1990,Emiratos Arabes,D,Abdullah Sultan,abdullah_sultan.php,5,Mediocampista
6067,1990,Emiratos Arabes,D,Khalid Ismail,khalid_ismail.php,8,Mediocampista
6068,1990,Emiratos Arabes,D,Hassan Mohamed,hassan_mohamed.php,13,Mediocampista
6069,1990,Emiratos Arabes,D,Nasir Khamees,nasir_khamees.php,14,Mediocampista
6070,1990,Emiratos Arabes,D,Fahad Abdulrahman,fahad_abdulrahman.php,18,Mediocampista
6071,1990,Emiratos Arabes,D,Fahad Khamees,fahad_khamees.php,7,Delantero
6072,1990,Emiratos Arabes,D,Abdulaziz Mohamed,abdulaziz_mohamed.php,9,Delantero
6073,1990,Emiratos Arabes,D,Adnan Al Talyani,adnan_al_talyani.php,10,Delantero
6074,1990,Emiratos Arabes,D,Zuhair Bakheet,zuhair_bakheet.php,11,Delantero
6075,1990,Emiratos Arabes,D,Hussain Ghuloum,hussain_ghuloum.php,12,Delantero
6076,1990,Yugoslavia,D,Tomislav Ivkovic,tomislav_ivkovic.php,1,Arquero
6077,1990,Yugoslavia,D,Fahrudin Omerovic,fahrudin_omerovic.php,12,Arquero
6078,1990,Yugoslavia,D,Dragoje Lekovic,dragoje_lekovic.php,22,Arquero
6079,1990,Yugoslavia,D,Vujadin Stanojkovic,vujadin_stanojkovic.php,2,Defensor
6080,1990,Yugoslavia,D,Predrag Spasic,predrag_spasic.php,3,Defensor
6081,1990,Yugoslavia,D,Zoran Vulic,zoran_vulic.php,4,Defensor
6082,1990,Yugoslavia,D,Faruk Hadzibegic,faruk_hadzibegic.php,5,Defensor
6083,1990,Yugoslavia,D,Davor Jozic,davor_jozic.php,6,Defensor
6084,1990,Yugoslavia,D,Srecko Katanec,srecko_katanec.php,13,Defensor
6085,1990,Yugoslavia,D,Robert Jarni,robert_jarni.php,17,Defensor
6086,1990,Yugoslavia,D,Mirsad Baljic,mirsad_baljic.php,18,Defensor
6087,1990,Yugoslavia,D,Andrej Panadic,andrej_panadic.php,21,Defensor
6088,1990,Yugoslavia,D,Dragoljub Brnovic,dragoljub_brnovic.php,7,Mediocampista
6089,1990,Yugoslavia,D,Safet Susic,safet_susic.php,8,Mediocampista
6090,1990,Yugoslavia,D,Dragan Stojkovic,dragan_stojkovic.php,10,Mediocampista
6091,1990,Yugoslavia,D,Robert Prosinecki,robert_prosinecki.php,15,Mediocampista
6092,1990,Yugoslavia,D,Refik Sabanadzovic,refik_sabanadzovic.php,16,Mediocampista
6093,1990,Yugoslavia,D,Darko Pancev,darko_pancev.php,9,Delantero
6094,1990,Yugoslavia,D,Zlatko Vujovic,zlatko_vujovic.php,11,Delantero
6095,1990,Yugoslavia,D,Alen Boksic,alen_boksic.php,14,Delantero
6096,1990,Yugoslavia,D,Dejan Savicevic,dejan_savicevic.php,19,Delantero
6097,1990,Yugoslavia,D,Davor Suker,davor_suker.php,20,Delantero
6098,1990,Bélgica,E,Michel Preudhomme,michel_preudhomme.php,1,Arquero
6099,1990,Bélgica,E,Gilbert Bodart,gilbert_bodart.php,12,Arquero
6100,1990,Bélgica,E,Filip De Wilde,filip_de_wilde.php,20,Arquero
6101,1990,Bélgica,E,Eric Gerets,eric_gerets.php,2,Defensor
6102,1990,Bélgica,E,Philippe Albert,philippe_albert.php,3,Defensor
6103,1990,Bélgica,E,Leo Clijsters,leo_clijsters.php,4,Defensor
6104,1990,Bélgica,E,Stephane Demol,stephane_demol.php,7,Defensor
6105,1990,Bélgica,E,Georges Grun,georges_grun.php,13,Defensor
6106,1990,Bélgica,E,Jean Francois De Sart,jean_francois_de_sart.php,15,Defensor
6107,1990,Bélgica,E,Michel De Wolf,michel_de_wolf.php,16,Defensor
6108,1990,Bélgica,E,Pascal Plovie,pascal_plovie.php,17,Defensor
6109,1990,Bélgica,E,Patrick Vervoort,patrick_vervoort.php,22,Defensor
6110,1990,Bélgica,E,Bruno Versavel,bruno_versavel.php,5,Mediocampista
6111,1990,Bélgica,E,Marc Emmers,marc_emmers.php,6,Mediocampista
6112,1990,Bélgica,E,Franky Van Der Elst,franky_van_der_elst.php,8,Mediocampista
6113,1990,Bélgica,E,Enzo Scifo,enzo_scifo.php,10,Mediocampista
6114,1990,Bélgica,E,Lorenzo Staelens,lorenzo_staelens.php,18,Mediocampista
6115,1990,Bélgica,E,Marc De Grijse,marc_de_grijse.php,9,Delantero
6116,1990,Bélgica,E,Jan Ceulemans,jan_ceulemans.php,11,Delantero
6117,1990,Bélgica,E,Nico Claesen,nico_claesen.php,14,Delantero
6118,1990,Bélgica,E,Marc Van Der Linden,marc_van_der_linden.php,19,Delantero
6119,1990,Bélgica,E,Marc Wilmots,marc_wilmots.php,21,Delantero
6120,1990,Corea del Sur,E,Poong Jo Kim,poong_jo_kim.php,1,Arquero
6121,1990,Corea del Sur,E,Gi Dong Jeong,gi_dong_jeong.php,19,Arquero
6122,1990,Corea del Sur,E,In Young Choi,in_young_choi.php,21,Arquero
6123,1990,Corea del Sur,E,Kyung Hoon Park,kyung_hoon_park.php,2,Defensor
6124,1990,Corea del Sur,E,Kang Hee Choi,kang_hee_choi.php,3,Defensor
6125,1990,Corea del Sur,E,Deok Yeo Yoon,deok_yeo_yoon.php,4,Defensor
6126,1990,Corea del Sur,E,Yong Hwan Chung,yong_hwan_chung.php,5,Defensor
6127,1990,Corea del Sur,E,Jong Soo Chung,jong_soo_chung.php,13,Defensor
6128,1990,Corea del Sur,E,Min Kook Cho,min_kook_cho.php,15,Defensor
6129,1990,Corea del Sur,E,Sang Bum Gu,sang_bum_gu.php,17,Defensor
6130,1990,Corea del Sur,E,Myung Bo Hong,myung_bo_hong.php,20,Defensor
6131,1990,Corea del Sur,E,Soo Jin Noh,soo_jin_noh.php,7,Mediocampista
6132,1990,Corea del Sur,E,Hae Won Chung,hae_won_chung.php,8,Mediocampista
6133,1990,Corea del Sur,E,Bo Kwan Hwang,bo_kwan_hwang.php,9,Mediocampista
6134,1990,Corea del Sur,E,Sang Yoon Lee,sang_yoon_lee.php,10,Mediocampista
6135,1990,Corea del Sur,E,Heung Sil Lee,heung_sil_lee.php,12,Mediocampista
6136,1990,Corea del Sur,E,Joo Sung Kim,joo_sung_kim.php,16,Mediocampista
6137,1990,Corea del Sur,E,Young Jin Lee,young_jin_lee.php,22,Mediocampista
6138,1990,Corea del Sur,E,Tae Ho Lee,tae_ho_lee.php,6,Delantero
6139,1990,Corea del Sur,E,Byung Joo Byun,byung_joo_byun.php,11,Delantero
6140,1990,Corea del Sur,E,Soon Ho Choi,soon_ho_choi.php,14,Delantero
6141,1990,Corea del Sur,E,Sun Hong Hwang,sun_hong_hwang.php,18,Delantero
6142,1990,España,E,Andoni Zubizarreta,andoni_zubizarreta.php,1,Arquero
6143,1990,España,E,Juan Carlos Ablanedo,juan_carlos_ablanedo.php,13,Arquero
6144,1990,España,E,Jose Ochotorena,jose_ochotorena.php,22,Arquero
6145,1990,España,E,Chendo,chendo.php,2,Defensor
6146,1990,España,E,Manuel Jimenez,manuel_jimenez.php,3,Defensor
6147,1990,España,E,Andrinua,andrinua.php,4,Defensor
6148,1990,España,E,Manuel Sanchis,manuel_sanchis_2.php,5,Defensor
6149,1990,España,E,Quique,quique.php,8,Defensor
6150,1990,España,E,Rafael Alkorta,rafael_alkorta.php,12,Defensor
6151,1990,España,E,Alberto Gorriz,alberto_gorriz.php,14,Defensor
6152,1990,España,E,Fernando Hierro,fernando_hierro.php,17,Defensor
6153,1990,España,E,Martin Vazquez,martin_vazquez.php,6,Mediocampista
6154,1990,España,E,Fernando,fernando.php,10,Mediocampista
6155,1990,España,E,Francisco Villaroya,francisco_villaroya.php,11,Mediocampista
6156,1990,España,E,Roberto,roberto.php,15,Mediocampista
6157,1990,España,E,Jose Maria Bakero,jose_maria_bakero.php,16,Mediocampista
6158,1990,España,E,Rafa Paz,rafa_paz.php,18,Mediocampista
6159,1990,España,E,Michel,michel.php,21,Mediocampista
6160,1990,España,E,Miguel Pardeza,miguel_pardeza.php,7,Delantero
6161,1990,España,E,Emilio Butragueño,emilio_butragueno.php,9,Delantero
6162,1990,España,E,Julio Salinas,julio_salinas.php,19,Delantero
6163,1990,España,E,Manolo,manolo.php,20,Delantero
6164,1990,Uruguay,E,Fernando Alvez,fernando_alvez.php,1,Arquero
6165,1990,Uruguay,E,Eduardo Pereira,eduardo_pereira.php,12,Arquero
6166,1990,Uruguay,E,Adolfo Zeoli,adolfo_zeoli.php,22,Arquero
6167,1990,Uruguay,E,Nelson Gutierrez,nelson_gutierrez.php,2,Defensor
6168,1990,Uruguay,E,Hugo De Leon,hugo_de_leon.php,3,Defensor
6169,1990,Uruguay,E,Jose Herrera,jose_herrera.php,4,Defensor
6170,1990,Uruguay,E,Alfonso Dominguez,alfonso_dominguez.php,6,Defensor
6171,1990,Uruguay,E,Felipe Revelez,felipe_revelez.php,13,Defensor
6172,1990,Uruguay,E,Jose Pintos,jose_pintos.php,14,Defensor
6173,1990,Uruguay,E,Jose Perdomo,jose_perdomo.php,5,Mediocampista
6174,1990,Uruguay,E,Santiago Ostolaza,santiago_ostolaza.php,8,Mediocampista
6175,1990,Uruguay,E,Enzo Francescoli,enzo_francescoli.php,9,Mediocampista
6176,1990,Uruguay,E,Ruben Paz,ruben_paz.php,10,Mediocampista
6177,1990,Uruguay,E,Carlos Correa,carlos_correa.php,15,Mediocampista
6178,1990,Uruguay,E,Pablo Bengoechea,pablo_bengoechea.php,16,Mediocampista
6179,1990,Uruguay,E,Ruben Pereira,ruben_pereira.php,20,Mediocampista
6180,1990,Uruguay,E,William Castro,william_castro.php,21,Mediocampista
6181,1990,Uruguay,E,Antonio Alzamendi,antonio_alzamendi.php,7,Delantero
6182,1990,Uruguay,E,Ruben Sosa,ruben_sosa.php,11,Delantero
6183,1990,Uruguay,E,Sergio Martinez,sergio_martinez.php,17,Delantero
6184,1990,Uruguay,E,Carlos Aguilera,carlos_aguilera.php,18,Delantero
6185,1990,Uruguay,E,Daniel Fonseca,daniel_fonseca.php,19,Delantero
6186,1990,Egipto,F,Ahmed Shoubeir,ahmed_shoubeir.php,1,Arquero
6187,1990,Egipto,F,Ayman Taher,ayman_taher.php,21,Arquero
6188,1990,Egipto,F,Thabet El Batal,thabet_el_batal.php,22,Arquero
6189,1990,Egipto,F,Ibrahim Hassan,ibrahim_hassan.php,2,Defensor
6190,1990,Egipto,F,Rabie Yassin,rabie_yassin.php,3,Defensor
6191,1990,Egipto,F,Hany Ramzy,hany_ramzy.php,4,Defensor
6192,1990,Egipto,F,Ashraf Kasem,ashraf_kasem.php,6,Defensor
6193,1990,Egipto,F,Hesham Yakan,hesham_yakan.php,5,Mediocampista
6194,1990,Egipto,F,Ismail Youssef,ismail_youssef.php,7,Mediocampista
6195,1990,Egipto,F,Magdy Abedelghani,magdy_abedelghani.php,8,Mediocampista
6196,1990,Egipto,F,Gamal Abdelhamid,gamal_abdelhamid.php,10,Mediocampista
6197,1990,Egipto,F,Tarek Soliman,tarek_soliman.php,11,Mediocampista
6198,1990,Egipto,F,Taher Abou Zeid,taher_abou_zeid.php,12,Mediocampista
6199,1990,Egipto,F,Alaa Mayhoub,alaa_mayhoub.php,14,Mediocampista
6200,1990,Egipto,F,Saber Eid,saber_eid.php,15,Mediocampista
6201,1990,Egipto,F,Magdy Tolba,magdy_tolba.php,16,Mediocampista
6202,1990,Egipto,F,Osama Oraby,osama_oraby.php,18,Mediocampista
6203,1990,Egipto,F,Hossam Hassan,hossam_hassan.php,9,Delantero
6204,1990,Egipto,F,Ahmed Ramzy,ahmed_ramzy.php,13,Delantero
6205,1990,Egipto,F,Ayman Shawky,ayman_shawky.php,17,Delantero
6206,1990,Egipto,F,Adel Abdelrahman,adel_abdelrahman.php,19,Delantero
6207,1990,Egipto,F,Ahmed El Kass,ahmed_el_kass.php,20,Delantero
6208,1990,Inglaterra,F,Peter Shilton,peter_shilton.php,1,Arquero
6209,1990,Inglaterra,F,Chris Woods,chris_woods.php,13,Arquero
6210,1990,Inglaterra,F,Dave Beasant,dave_beasant.php,22,Arquero
6211,1990,Inglaterra,F,Gary Stevens,gary_stevens.php,2,Defensor
6212,1990,Inglaterra,F,Stuart Pearce,stuart_pearce.php,3,Defensor
6213,1990,Inglaterra,F,Des Walker,des_walker.php,5,Defensor
6214,1990,Inglaterra,F,Terry Butcher,terry_butcher.php,6,Defensor
6215,1990,Inglaterra,F,Paul Parker,paul_parker.php,12,Defensor
6216,1990,Inglaterra,F,Mark Wright,mark_wright.php,14,Defensor
6217,1990,Inglaterra,F,Tony Dorigo,tony_dorigo.php,15,Defensor
6218,1990,Inglaterra,F,Neil Webb,neil_webb.php,4,Mediocampista
6219,1990,Inglaterra,F,Bryan Robson,bryan_robson.php,7,Mediocampista
6220,1990,Inglaterra,F,Chris Waddle,chris_waddle.php,8,Mediocampista
6221,1990,Inglaterra,F,John Barnes,john_barnes.php,11,Mediocampista
6222,1990,Inglaterra,F,Steve Mcmahon,steve_mcmahon.php,16,Mediocampista
6223,1990,Inglaterra,F,David Platt,david_platt.php,17,Mediocampista
6224,1990,Inglaterra,F,Steve Hodge,steve_hodge.php,18,Mediocampista
6225,1990,Inglaterra,F,Paul Gascoigne,paul_gascoigne.php,19,Mediocampista
6226,1990,Inglaterra,F,Trevor Steven,trevor_steven.php,20,Mediocampista
6227,1990,Inglaterra,F,Peter Beardsley,peter_beardsley.php,9,Delantero
6228,1990,Inglaterra,F,Gary Lineker,gary_lineker.php,10,Delantero
6229,1990,Inglaterra,F,Steve Bull,steve_bull.php,21,Delantero
6230,1990,Irlanda,F,Pat Bonner,pat_bonner.php,1,Arquero
6231,1990,Irlanda,F,Gerald Peyton,gerald_peyton.php,22,Arquero
6232,1990,Irlanda,F,Chris Morris,chris_morris.php,2,Defensor
6233,1990,Irlanda,F,Steve Staunton,steve_staunton.php,3,Defensor
6234,1990,Irlanda,F,Mick Mc Carthy,mick_mc_carthy.php,4,Defensor
6235,1990,Irlanda,F,Kevin Moran,kevin_moran.php,5,Defensor
6236,1990,Irlanda,F,Paul Mcgrath,paul_mcgrath.php,7,Defensor
6237,1990,Irlanda,F,David O'Leary,david_oleary.php,12,Defensor
6238,1990,Irlanda,F,Christopher Hughton,christopher_hughton.php,14,Defensor
6239,1990,Irlanda,F,Ronnie Whelan,ronnie_whelan.php,6,Mediocampista
6240,1990,Irlanda,F,Ray Houghton,ray_houghton.php,8,Mediocampista
6241,1990,Irlanda,F,Kevin Sheedy,kevin_sheedy.php,11,Mediocampista
6242,1990,Irlanda,F,Andy Townsend,andy_townsend.php,13,Mediocampista
6243,1990,Irlanda,F,John Sheridan,john_sheridan.php,16,Mediocampista
6244,1990,Irlanda,F,Alan Mcloughlin,alan_mcloughlin.php,21,Mediocampista
6245,1990,Irlanda,F,John Aldridge,john_aldridge.php,9,Delantero
6246,1990,Irlanda,F,Tony Cascarino,tony_cascarino.php,10,Delantero
6247,1990,Irlanda,F,Bernard Slaven,bernard_slaven.php,15,Delantero
6248,1990,Irlanda,F,Niall Quinn,niall_quinn.php,17,Delantero
6249,1990,Irlanda,F,Frank Stapleton,frank_stapleton.php,18,Delantero
6250,1990,Irlanda,F,David Kelly,david_kelly.php,19,Delantero
6251,1990,Irlanda,F,John Byrne,john_byrne.php,20,Delantero
6252,1990,Paises Bajos,F,Hans Van Breukelen,hans_van_breukelen.php,1,Arquero
6253,1990,Paises Bajos,F,Joop Hiele,joop_hiele.php,16,Arquero
6254,1990,Paises Bajos,F,Stanley Menzo,stanley_menzo.php,22,Arquero
6255,1990,Paises Bajos,F,Berry Van Aerle,berry_van_aerle.php,2,Defensor
6256,1990,Paises Bajos,F,Ronald Koeman,ronald_koeman.php,4,Defensor
6257,1990,Paises Bajos,F,Adri Van Tiggelen,adri_van_tiggelen.php,5,Defensor
6258,1990,Paises Bajos,F,Graeme Rutjes,graeme_rutjes.php,13,Defensor
6259,1990,Paises Bajos,F,Henk Fraeser,henk_fraeser.php,18,Defensor
6260,1990,Paises Bajos,F,Danny Blind,danny_blind.php,21,Defensor
6261,1990,Paises Bajos,F,Frank Rijkaard,frank_rijkaard.php,3,Mediocampista
6262,1990,Paises Bajos,F,Jan Wouters,jan_wouters.php,6,Mediocampista
6263,1990,Paises Bajos,F,Erwin Koeman,erwin_koeman.php,7,Mediocampista
6264,1990,Paises Bajos,F,Gerald Vanenburg,gerald_vanenburg.php,8,Mediocampista
6265,1990,Paises Bajos,F,Ruud Gullit,ruud_gullit.php,10,Mediocampista
6266,1990,Paises Bajos,F,Richard Witschge,richard_witschge.php,11,Mediocampista
6267,1990,Paises Bajos,F,Johnny Van 'T Schip,johnny_van_t_schip.php,14,Mediocampista
6268,1990,Paises Bajos,F,Aron Winter,aron_winter.php,20,Mediocampista
6269,1990,Paises Bajos,F,Marco Van Basten,marco_van_basten.php,9,Delantero
6270,1990,Paises Bajos,F,Wim Kieft,wim_kieft.php,12,Delantero
6271,1990,Paises Bajos,F,Bryan Roy,bryan_roy.php,15,Delantero
6272,1990,Paises Bajos,F,Hans Gillhaus,hans_gillhaus.php,17,Delantero
6273,1990,Paises Bajos,F,John Van Loen,john_van_loen.php,19,Delantero
6274,1986,Argentina,A,Luis Islas,luis_islas.php,15,Arquero
6275,1986,Argentina,A,Nery Pumpido,nery_pumpido.php,18,Arquero
6276,1986,Argentina,A,Hector Zelada,hector_zelada.php,22,Arquero
6277,1986,Argentina,A,Jose Brown,jose_brown.php,5,Defensor
6278,1986,Argentina,A,Daniel Passarella,daniel_passarella.php,6,Defensor
6279,1986,Argentina,A,Nestor Clausen,nestor_clausen.php,8,Defensor
6280,1986,Argentina,A,Jose Cuciuffo,jose_cuciuffo.php,9,Defensor
6281,1986,Argentina,A,Oscar Garre,oscar_garre.php,13,Defensor
6282,1986,Argentina,A,Julio Olarticoechea,julio_olarticoechea.php,16,Defensor
6283,1986,Argentina,A,Oscar Ruggeri,oscar_ruggeri.php,19,Defensor
6284,1986,Argentina,A,Sergio Batista,sergio_batista.php,2,Mediocampista
6285,1986,Argentina,A,Ricardo Bochini,ricardo_bochini.php,3,Mediocampista
6286,1986,Argentina,A,Claudio Borghi,claudio_borghi.php,4,Mediocampista
6287,1986,Argentina,A,Jorge Burruchaga,jorge_burruchaga.php,7,Mediocampista
6288,1986,Argentina,A,Diego Maradona,diego_maradona.php,10,Mediocampista
6289,1986,Argentina,A,Hector Enrique,hector_enrique.php,12,Mediocampista
6290,1986,Argentina,A,Ricardo Giusti,ricardo_giusti.php,14,Mediocampista
6291,1986,Argentina,A,Carlos Tapia,carlos_tapia.php,20,Mediocampista
6292,1986,Argentina,A,Marcelo Trobbiani,marcelo_trobbiani.php,21,Mediocampista
6293,1986,Argentina,A,Sergio Almiron,sergio_almiron.php,1,Delantero
6294,1986,Argentina,A,Jorge Valdano,jorge_valdano.php,11,Delantero
6295,1986,Argentina,A,Pedro Pasculli,pedro_pasculli.php,17,Delantero
6296,1986,Bulgaria,A,Borislav Mikhailov,borislav_mikhailov.php,1,Arquero
6297,1986,Bulgaria,A,Ilia Valov,ilia_valov.php,22,Arquero
6298,1986,Bulgaria,A,Nikolai Arabov,nikolai_arabov.php,3,Defensor
6299,1986,Bulgaria,A,Petar Petrov,petar_petrov.php,4,Defensor
6300,1986,Bulgaria,A,Georgi Dimitrov,georgi_dimitrov.php,5,Defensor
6301,1986,Bulgaria,A,Radoslav Zdravkov,radoslav_zdravkov.php,12,Defensor
6302,1986,Bulgaria,A,Aleksandar Markov,aleksandar_markov.php,13,Defensor
6303,1986,Bulgaria,A,Ilia Dyakov,ilia_dyakov.php,21,Defensor
6304,1986,Bulgaria,A,Nasko Sirakov,nasko_sirakov.php,2,Mediocampista
6305,1986,Bulgaria,A,Andrei Zhelyazkov,andrei_zhelyazkov.php,6,Mediocampista
6306,1986,Bulgaria,A,Ayan Sadkov,ayan_sadkov.php,8,Mediocampista
6307,1986,Bulgaria,A,Zhivko Gospodinov,zhivko_gospodinov.php,10,Mediocampista
6308,1986,Bulgaria,A,Plamen Getov,plamen_getov.php,11,Mediocampista
6309,1986,Bulgaria,A,Plamen Markov,plamen_markov.php,14,Mediocampista
6310,1986,Bulgaria,A,Georgi Yordanov,georgi_yordanov.php,15,Mediocampista
6311,1986,Bulgaria,A,Hristo Kolev,hristo_kolev.php,17,Mediocampista
6312,1986,Bulgaria,A,Atanas Pashev,atanas_pashev.php,19,Mediocampista
6313,1986,Bulgaria,A,Bozhidar Iskrenov,bozhidar_iskrenov.php,7,Delantero
6314,1986,Bulgaria,A,Stoicho Mladenov,stoicho_mladenov.php,9,Delantero
6315,1986,Bulgaria,A,Vasil Dragolov,vasil_dragolov.php,16,Delantero
6316,1986,Bulgaria,A,Boycho Velichkov,boycho_velichkov.php,18,Delantero
6317,1986,Bulgaria,A,Kostadin Kostadinov,kostadin_kostadinov.php,20,Delantero
6318,1986,Corea del Sur,A,Byung Duk Cho,byung_duk_cho.php,1,Arquero
6319,1986,Corea del Sur,A,Yun Kyo Oh,yun_kyo_oh.php,21,Arquero
6320,1986,Corea del Sur,A,Kyung Hoon Park,kyung_hoon_park.php,2,Defensor
6321,1986,Corea del Sur,A,Jong Soo Chung,jong_soo_chung.php,3,Defensor
6322,1986,Corea del Sur,A,Yong Hwan Chung,yong_hwan_chung.php,5,Defensor
6323,1986,Corea del Sur,A,Pyung Seok Kim,pyung_seok_kim.php,12,Defensor
6324,1986,Corea del Sur,A,Min Kook Cho,min_kook_cho.php,14,Defensor
6325,1986,Corea del Sur,A,Byung Ok Yoo,byung_ok_yoo.php,15,Defensor
6326,1986,Corea del Sur,A,Kwang Rae Cho,kwang_rae_cho.php,4,Mediocampista
6327,1986,Corea del Sur,A,Young Jeung Cho,young_jeung_cho.php,8,Mediocampista
6328,1986,Corea del Sur,A,Soon Ho Choi,soon_ho_choi.php,9,Mediocampista
6329,1986,Corea del Sur,A,Soo Jin Noh,soo_jin_noh.php,13,Mediocampista
6330,1986,Corea del Sur,A,Jung Moo Huh,jung_moo_huh.php,17,Mediocampista
6331,1986,Corea del Sur,A,Sam Soo Kim,sam_soo_kim.php,18,Mediocampista
6332,1986,Corea del Sur,A,Byung Joo Byun,byung_joo_byun.php,19,Mediocampista
6333,1986,Corea del Sur,A,Tae Ho Lee,tae_ho_lee.php,6,Delantero
6334,1986,Corea del Sur,A,Jong Boo Kim,jong_boo_kim.php,7,Delantero
6335,1986,Corea del Sur,A,Chang Sun Park,chang_sun_park.php,10,Delantero
6336,1986,Corea del Sur,A,Bum Kun Cha,bum_kun_cha.php,11,Delantero
6337,1986,Corea del Sur,A,Joo Sung Kim,joo_sung_kim.php,16,Delantero
6338,1986,Corea del Sur,A,Young Se Kim,young_se_kim.php,20,Delantero
6339,1986,Corea del Sur,A,Deuk Soo Kang,deuk_soo_kang.php,22,Delantero
6340,1986,Italia,A,Giovanni Galli,giovanni_galli.php,1,Arquero
6341,1986,Italia,A,Franco Tancredi,franco_tancredi.php,12,Arquero
6342,1986,Italia,A,Walter Zenga,walter_zenga.php,22,Arquero
6343,1986,Italia,A,Giuseppe Bergomi,giuseppe_bergomi.php,2,Defensor
6344,1986,Italia,A,Antonio Cabrini,antonio_cabrini.php,3,Defensor
6345,1986,Italia,A,Fulvio Collovati,fulvio_collovati.php,4,Defensor
6346,1986,Italia,A,Sebastiano Nela,sebastiano_nela.php,5,Defensor
6347,1986,Italia,A,Gaetano Scirea,gaetano_scirea.php,6,Defensor
6348,1986,Italia,A,Roberto Tricella,roberto_tricella.php,7,Defensor
6349,1986,Italia,A,Pietro Vierchowod,pietro_vierchowod.php,8,Defensor
6350,1986,Italia,A,Carlo Ancelotti,carlo_ancelotti.php,9,Mediocampista
6351,1986,Italia,A,Salvatore Bagni,salvatore_bagni.php,10,Mediocampista
6352,1986,Italia,A,Giuseppe Baresi,giuseppe_baresi.php,11,Mediocampista
6353,1986,Italia,A,Fernando De Napoli,fernando_de_napoli.php,13,Mediocampista
6354,1986,Italia,A,Antonio Di Gennaro,antonio_di_gennaro.php,14,Mediocampista
6355,1986,Italia,A,Marco Tardelli,marco_tardelli.php,15,Mediocampista
6356,1986,Italia,A,Bruno Conti,bruno_conti.php,16,Delantero
6357,1986,Italia,A,Gianluca Vialli,gianluca_vialli.php,17,Delantero
6358,1986,Italia,A,Alessandro Altobelli,alessandro_altobelli.php,18,Delantero
6359,1986,Italia,A,Giuseppe Galderisi,giuseppe_galderisi.php,19,Delantero
6360,1986,Italia,A,Paolo Rossi,paolo_rossi.php,20,Delantero
6361,1986,Italia,A,Aldo Serena,aldo_serena.php,21,Delantero
6362,1986,Bélgica,B,Jean-Marie Pfaff,jean_marie_pfaff.php,1,Arquero
6363,1986,Bélgica,B,Jacques Munaron,jacques_munaron.php,12,Arquero
6364,1986,Bélgica,B,Gilbert Bodart,gilbert_bodart.php,20,Arquero
6365,1986,Bélgica,B,Eric Gerets,eric_gerets.php,2,Defensor
6366,1986,Bélgica,B,Franky Van Der Elst,franky_van_der_elst.php,3,Defensor
6367,1986,Bélgica,B,Michel De Wolf,michel_de_wolf.php,4,Defensor
6368,1986,Bélgica,B,Michel Renquin,michel_renquin.php,5,Defensor
6369,1986,Bélgica,B,Georges Grun,georges_grun.php,13,Defensor
6370,1986,Bélgica,B,Leo Clijsters,leo_clijsters.php,14,Defensor
6371,1986,Bélgica,B,Hugo Broos,hugo_broos.php,19,Defensor
6372,1986,Bélgica,B,Stephane Demol,stephane_demol.php,21,Defensor
6373,1986,Bélgica,B,Patrick Vervoort,patrick_vervoort.php,22,Defensor
6374,1986,Bélgica,B,Frank Vercauteren,frank_vercauteren.php,6,Mediocampista
6375,1986,Bélgica,B,Rene Vandereycken,rene_vandereycken.php,7,Mediocampista
6376,1986,Bélgica,B,Enzo Scifo,enzo_scifo.php,8,Mediocampista
6377,1986,Bélgica,B,Jan Ceulemans,jan_ceulemans.php,11,Mediocampista
6378,1986,Bélgica,B,Leo Van Der Elst,leo_van_der_elst.php,15,Mediocampista
6379,1986,Bélgica,B,Raymond Mommens,raymond_mommens.php,17,Mediocampista
6380,1986,Bélgica,B,Erwin Vandenbergh,erwin_vandenbergh.php,9,Delantero
6381,1986,Bélgica,B,Philippe Desmet,philippe_desmet.php,10,Delantero
6382,1986,Bélgica,B,Nico Claesen,nico_claesen.php,16,Delantero
6383,1986,Bélgica,B,Daniel Veyt,daniel_veyt.php,18,Delantero
6384,1986,Iraq,B,Hammoudi Raad,hammoudi_raad.php,1,Arquero
6385,1986,Iraq,B,Insayaf Abdulfattah,insayaf_abdulfattah.php,20,Arquero
6386,1986,Iraq,B,Ahmed Jassim,ahmed_jassim.php,21,Arquero
6387,1986,Iraq,B,Maad Ibrahim,maad_ibrahim.php,2,Defensor
6388,1986,Iraq,B,Khalil Mohamed,khalil_mohamed.php,3,Defensor
6389,1986,Iraq,B,Shaker Nadhum,shaker_nadhum.php,4,Defensor
6390,1986,Iraq,B,Shaker Samir,shaker_samir.php,5,Defensor
6391,1986,Iraq,B,Karim Mohamed,karim_mohamed.php,13,Defensor
6392,1986,Iraq,B,Hashem Natik,hashem_natik.php,15,Defensor
6393,1986,Iraq,B,Obid Annad,obid_annad.php,17,Defensor
6394,1986,Iraq,B,Al Roubai Ghanim,al_roubai_ghanim.php,22,Defensor
6395,1986,Iraq,B,Hussein Ali,hussein_ali.php,6,Mediocampista
6396,1986,Iraq,B,Mohamed Haris,mohamed_haris.php,7,Mediocampista
6397,1986,Iraq,B,Ali Jamal,ali_jamal.php,12,Mediocampista
6398,1986,Iraq,B,Bassel Gorgis,bassel_gorgis.php,14,Mediocampista
6399,1986,Iraq,B,Mahmoud Shaker,mahmoud_shaker.php,16,Mediocampista
6400,1986,Iraq,B,Mohamed Ismail,mohamed_ismail.php,18,Mediocampista
6401,1986,Iraq,B,Qassim Bassim,qassim_bassim.php,19,Mediocampista
6402,1986,Iraq,B,Ahmed Radhi,ahmed_radhi.php,8,Delantero
6403,1986,Iraq,B,Saddam Karim,saddam_karim.php,9,Delantero
6404,1986,Iraq,B,Said Hussein,said_hussein.php,10,Delantero
6405,1986,Iraq,B,Abdul-Rahim,abdul_rahim.php,11,Delantero
6406,1986,México,B,Pablo Larios,pablo_larios.php,1,Arquero
6407,1986,México,B,Ignacio Rodriguez,ignacio_rodriguez.php,12,Arquero
6408,1986,México,B,Olaf Heredia,olaf_heredia.php,20,Arquero
6409,1986,México,B,Mario Trejo,mario_trejo.php,2,Defensor
6410,1986,México,B,Fernando Quirarte,fernando_quirarte.php,3,Defensor
6411,1986,México,B,Armando Manzo,armando_manzo.php,4,Defensor
6412,1986,México,B,Felix Cruz,felix_cruz.php,14,Defensor
6413,1986,México,B,Raul Servin,raul_servin.php,17,Defensor
6414,1986,México,B,Rafael Amador,rafael_amador.php,18,Defensor
6415,1986,México,B,Carlos De Los Cobos,carlos_de_los_cobos.php,6,Mediocampista
6416,1986,México,B,Miguel Espana,miguel_espana.php,7,Mediocampista
6417,1986,México,B,Alejandro Dominguez,alejandro_dominguez.php,8,Mediocampista
6418,1986,México,B,Tomas Boy,tomas_boy.php,10,Mediocampista
6419,1986,México,B,Carlos Munoz,carlos_munoz.php,16,Mediocampista
6420,1986,México,B,Cristobal Ortega,cristobal_ortega.php,21,Mediocampista
6421,1986,México,B,Manuel Negrete,manuel_negrete.php,22,Mediocampista
6422,1986,México,B,Francisco Cruz,francisco_cruz.php,5,Delantero
6423,1986,México,B,Hugo Sánchez,hugo_sanchez.php,9,Delantero
6424,1986,México,B,Carlos Hermosillo,carlos_hermosillo.php,11,Delantero
6425,1986,México,B,Javier Aguirre,javier_aguirre.php,13,Delantero
6426,1986,México,B,Luis Flores,luis_flores.php,15,Delantero
6427,1986,México,B,Javier Hernandez,javier_hernandez_2.php,19,Delantero
6428,1986,Paraguay,B,Roberto Fernandez,roberto_fernandez.php,1,Arquero
6429,1986,Paraguay,B,Jorge Battaglia,jorge_battaglia.php,12,Arquero
6430,1986,Paraguay,B,Julian Coronel,julian_coronel.php,22,Arquero
6431,1986,Paraguay,B,Juan Torales,juan_torales.php,2,Defensor
6432,1986,Paraguay,B,Cesar Zabala,cesar_zabala.php,3,Defensor
6433,1986,Paraguay,B,Vladimiro Schettina,vladimiro_schettina.php,4,Defensor
6434,1986,Paraguay,B,Rogelio Delgado,rogelio_delgado.php,5,Defensor
6435,1986,Paraguay,B,Virginio Caceres,virginio_caceres.php,13,Defensor
6436,1986,Paraguay,B,Luis Caballero,luis_caballero.php,14,Defensor
6437,1986,Paraguay,B,Eufemio Cabral,eufemio_cabral.php,15,Defensor
6438,1986,Paraguay,B,Jorge Núñez,jorge_nunez_2.php,6,Mediocampista
6439,1986,Paraguay,B,Buenaventura Ferreira,buenaventura_ferreira.php,7,Mediocampista
6440,1986,Paraguay,B,Julio Cesar Romero,julio_cesar_romero.php,8,Mediocampista
6441,1986,Paraguay,B,Adolfino Canete,adolfino_canete.php,10,Mediocampista
6442,1986,Paraguay,B,Jorge Guasch,jorge_guasch.php,16,Mediocampista
6443,1986,Paraguay,B,Francisco Alcaraz,francisco_alcaraz.php,17,Mediocampista
6444,1986,Paraguay,B,Rolando Chilavert,rolando_chilavert.php,19,Mediocampista
6445,1986,Paraguay,B,Roberto Cabañas,roberto_cabanas.php,9,Delantero
6446,1986,Paraguay,B,Alfredo Mendoza,alfredo_mendoza.php,11,Delantero
6447,1986,Paraguay,B,Evaristo Isasi,evaristo_isasi.php,18,Delantero
6448,1986,Paraguay,B,Ramon Hicks,ramon_hicks.php,20,Delantero
6449,1986,Paraguay,B,Faustino Alonso,faustino_alonso.php,21,Delantero
6450,1986,Canadá,C,Tino Lettieri,tino_lettieri.php,1,Arquero
6451,1986,Canadá,C,Sven Habermann,sven_habermann.php,21,Arquero
6452,1986,Canadá,C,Paul Dolan,paul_dolan.php,22,Arquero
6453,1986,Canadá,C,Bob Lenarduzzi,bob_lenarduzzi.php,2,Defensor
6454,1986,Canadá,C,Bruce Wilson,bruce_wilson.php,3,Defensor
6455,1986,Canadá,C,Terence Moore,terence_moore.php,5,Defensor
6456,1986,Canadá,C,Ian Bridge,ian_bridge.php,6,Defensor
6457,1986,Canadá,C,Randy Samuel,randy_samuel.php,12,Defensor
6458,1986,Canadá,C,Colin Miller,colin_miller.php,20,Defensor
6459,1986,Canadá,C,Randy Ragan,randy_ragan.php,4,Mediocampista
6460,1986,Canadá,C,Gerry Gray,gerry_gray.php,8,Mediocampista
6461,1986,Canadá,C,Mike Sweeney,mike_sweeney.php,11,Mediocampista
6462,1986,Canadá,C,George Pakos,george_pakos.php,13,Mediocampista
6463,1986,Canadá,C,Paul James,paul_james.php,15,Mediocampista
6464,1986,Canadá,C,Gregory Ion,gregory_ion.php,16,Mediocampista
6465,1986,Canadá,C,David Norman,david_norman.php,17,Mediocampista
6466,1986,Canadá,C,James Lowery,james_lowery.php,18,Mediocampista
6467,1986,Canadá,C,Pasquale De Luca,pasquale_de_luca.php,19,Mediocampista
6468,1986,Canadá,C,Carl Valentine,carl_valentine.php,7,Delantero
6469,1986,Canadá,C,Branko Segota,branko_segota.php,9,Delantero
6470,1986,Canadá,C,Igor Vrablic,igor_vrablic.php,10,Delantero
6471,1986,Canadá,C,Dale Mitchell,dale_mitchell.php,14,Delantero
6472,1986,Francia,C,Joel Bats,joel_bats.php,1,Arquero
6473,1986,Francia,C,Philippe Bergeroo,philippe_bergeroo.php,21,Arquero
6474,1986,Francia,C,Albert Rust,albert_rust.php,22,Arquero
6475,1986,Francia,C,Manuel Amoros,manuel_amoros.php,2,Defensor
6476,1986,Francia,C,William Ayache,william_ayache.php,3,Defensor
6477,1986,Francia,C,Patrick Battiston,patrick_battiston.php,4,Defensor
6478,1986,Francia,C,Michel Bibard,michel_bibard.php,5,Defensor
6479,1986,Francia,C,Maxime Bossis,maxime_bossis.php,6,Defensor
6480,1986,Francia,C,Yvon Le Roux,yvon_le_roux.php,7,Defensor
6481,1986,Francia,C,Thierry Tusseau,thierry_tusseau.php,8,Defensor
6482,1986,Francia,C,Luis Fernandez,luis_fernandez.php,9,Mediocampista
6483,1986,Francia,C,Michel Platini,michel_platini.php,10,Mediocampista
6484,1986,Francia,C,Jean-Marc Ferreri,jean_marc_ferreri.php,11,Mediocampista
6485,1986,Francia,C,Alain Giresse,alain_giresse.php,12,Mediocampista
6486,1986,Francia,C,Bernard Genghini,bernard_genghini.php,13,Mediocampista
6487,1986,Francia,C,Jean Tigana,jean_tigana.php,14,Mediocampista
6488,1986,Francia,C,Philippe Vercruysse,philippe_vercruysse.php,15,Mediocampista
6489,1986,Francia,C,Bruno Bellone,bruno_bellone.php,16,Delantero
6490,1986,Francia,C,Jean-Pierre Papin,jean_pierre_papin.php,17,Delantero
6491,1986,Francia,C,Dominique Rocheteau,dominique_rocheteau.php,18,Delantero
6492,1986,Francia,C,Yannick Stopyra,yannick_stopyra.php,19,Delantero
6493,1986,Francia,C,Daniel Xuereb,daniel_xuereb.php,20,Delantero
6494,1986,Hungría,C,Peter Disztl,peter_disztl.php,1,Arquero
6495,1986,Hungría,C,Jozsef Szendrei,jozsef_szendrei.php,18,Arquero
6496,1986,Hungría,C,Jozsef Andrusch,jozsef_andrusch.php,22,Arquero
6497,1986,Hungría,C,Sandor Sallai,sandor_sallai.php,2,Defensor
6498,1986,Hungría,C,Antal Roth,antal_roth.php,3,Defensor
6499,1986,Hungría,C,Jozsef Varga,jozsef_varga.php,4,Defensor
6500,1986,Hungría,C,Jozsef Kardos,jozsef_kardos.php,5,Defensor
6501,1986,Hungría,C,Imre Garaba,imre_garaba.php,6,Defensor
6502,1986,Hungría,C,Antal Nagy,antal_nagy_2.php,8,Defensor
6503,1986,Hungría,C,Jozsef Csuhay,jozsef_csuhay.php,12,Defensor
6504,1986,Hungría,C,Laszlo Disztl,laszlo_disztl.php,13,Defensor
6505,1986,Hungría,C,Zoltan Peter,zoltan_peter.php,14,Defensor
6506,1986,Hungría,C,Laszlo Dajka,laszlo_dajka.php,9,Mediocampista
6507,1986,Hungría,C,Lajos Detari,lajos_detari.php,10,Mediocampista
6508,1986,Hungría,C,Peter Hannich,peter_hannich.php,15,Mediocampista
6509,1986,Hungría,C,Jozsef Nagy,jozsef_nagy.php,16,Mediocampista
6510,1986,Hungría,C,Gyozo Burcsa,gyozo_burcsa.php,17,Mediocampista
6511,1986,Hungría,C,Jozsef Kiprich,jozsef_kiprich.php,7,Delantero
6512,1986,Hungría,C,Marton Esterhazy,marton_esterhazy.php,11,Delantero
6513,1986,Hungría,C,Gyorgy Bognar,gyorgy_bognar.php,19,Delantero
6514,1986,Hungría,C,Kalman Kovacs,kalman_kovacs.php,20,Delantero
6515,1986,Hungría,C,Gyula Hajszan,gyula_hajszan.php,21,Delantero
6516,1986,URSS,C,Rinat Dassayev,rinat_dassayev.php,1,Arquero
6517,1986,URSS,C,Viktor Chanov,viktor_chanov.php,16,Arquero
6518,1986,URSS,C,Sergei Krakovski,sergei_krakovski.php,22,Arquero
6519,1986,URSS,C,Vladimir Bessonov,vladimir_bessonov.php,2,Defensor
6520,1986,URSS,C,Aleksandr Chivadze,aleksandr_chivadze.php,3,Defensor
6521,1986,URSS,C,Gennadi Morozov,gennadi_morozov.php,4,Defensor
6522,1986,URSS,C,Anatoli Demyanenko,anatoli_demyanenko.php,5,Defensor
6523,1986,URSS,C,Aleksandr Bubnov,aleksandr_bubnov.php,6,Defensor
6524,1986,URSS,C,Oleg Kuznetsov,oleg_kuznetsov.php,10,Defensor
6525,1986,URSS,C,Nikolai Larionov,nikolai_larionov.php,15,Defensor
6526,1986,URSS,C,Ivan Yaremchuk,ivan_yaremchuk.php,7,Mediocampista
6527,1986,URSS,C,Pavel Yakovenko,pavel_yakovenko.php,8,Mediocampista
6528,1986,URSS,C,Aleksandr Zavarov,aleksandr_zavarov.php,9,Mediocampista
6529,1986,URSS,C,Andrei Bal,andrei_bal.php,12,Mediocampista
6530,1986,URSS,C,Gennadi Litovchenko,gennadi_litovchenko.php,13,Mediocampista
6531,1986,URSS,C,Sergei Aleinikov,sergei_aleinikov.php,20,Mediocampista
6532,1986,URSS,C,Vasili Rats,vasili_rats.php,21,Mediocampista
6533,1986,URSS,C,Oleg Blokhin,oleg_blokhin.php,11,Delantero
6534,1986,URSS,C,Sergei Rodionov,sergei_rodionov.php,14,Delantero
6535,1986,URSS,C,Vadim Yevtushenko,vadim_yevtushenko.php,17,Delantero
6536,1986,URSS,C,Oleg Protasov,oleg_protasov.php,18,Delantero
6537,1986,URSS,C,Igor Belanov,igor_belanov.php,19,Delantero
6538,1986,Argelia,D,Nasser Drid,nasser_drid.php,1,Arquero
6539,1986,Argelia,D,Larbi El Hadi,larbi_el_hadi.php,21,Arquero
6540,1986,Argelia,D,Mourad Amara,mourad_amara.php,22,Arquero
6541,1986,Argelia,D,Mahmoud Guendouz,mahmoud_guendouz.php,2,Defensor
6542,1986,Argelia,D,Noureddine Kourichi,noureddine_kourichi.php,4,Defensor
6543,1986,Argelia,D,Abdellah Medjadi,abdellah_medjadi.php,5,Defensor
6544,1986,Argelia,D,Abdelhamid Sadmi,abdelhamid_sadmi.php,15,Defensor
6545,1986,Argelia,D,Faouzi Mansouri,faouzi_mansouri.php,16,Defensor
6546,1986,Argelia,D,Mohamed Chaib,mohamed_chaib.php,19,Defensor
6547,1986,Argelia,D,Fadil Megharia,fadil_megharia.php,20,Defensor
6548,1986,Argelia,D,Fathi Chebel,fathi_chebel.php,3,Mediocampista
6549,1986,Argelia,D,Mohamed Kaci Said,mohamed_kaci_said.php,6,Mediocampista
6550,1986,Argelia,D,Karim Maroc,karim_maroc.php,8,Mediocampista
6551,1986,Argelia,D,Lakhdar Belloumi,lakhdar_belloumi.php,10,Mediocampista
6552,1986,Argelia,D,Djamel Zidane,djamel_zidane.php,14,Mediocampista
6553,1986,Argelia,D,Fawzi Benkhalidi,fawzi_benkhalidi.php,17,Mediocampista
6554,1986,Argelia,D,Alim Ben Mabrouk,alim_ben_mabrouk.php,18,Mediocampista
6555,1986,Argelia,D,Salah Assad,salah_assad.php,7,Delantero
6556,1986,Argelia,D,Djamel Menad,djamel_menad.php,9,Delantero
6557,1986,Argelia,D,Rabah Madjer,rabah_madjer.php,11,Delantero
6558,1986,Argelia,D,Tedj Bensaoula,tedj_bensaoula.php,12,Delantero
6559,1986,Argelia,D,Rachid Harkouk,rachid_harkouk.php,13,Delantero
6560,1986,Brasil,D,Carlos,carlos.php,1,Arquero
6561,1986,Brasil,D,Paulo Vitor,paulo_vitor.php,12,Arquero
6562,1986,Brasil,D,Leao,leao.php,22,Arquero
6563,1986,Brasil,D,Edson,edson_2.php,2,Defensor
6564,1986,Brasil,D,Oscar,oscar.php,3,Defensor
6565,1986,Brasil,D,Edinho,edinho.php,4,Defensor
6566,1986,Brasil,D,Junior,junior.php,6,Defensor
6567,1986,Brasil,D,Josimar,josimar.php,13,Defensor
6568,1986,Brasil,D,Julio Cesar,julio_cesar.php,14,Defensor
6569,1986,Brasil,D,Mauro Galvao,mauro_galvao.php,16,Defensor
6570,1986,Brasil,D,Branco,branco.php,17,Defensor
6571,1986,Brasil,D,Falcao,falcao.php,5,Mediocampista
6572,1986,Brasil,D,Zico,zico.php,10,Mediocampista
6573,1986,Brasil,D,Alemao,alemao.php,15,Mediocampista
6574,1986,Brasil,D,Socrates,socrates.php,18,Mediocampista
6575,1986,Brasil,D,Elzo,elzo.php,19,Mediocampista
6576,1986,Brasil,D,Silas,silas.php,20,Mediocampista
6577,1986,Brasil,D,Valdo,valdo.php,21,Mediocampista
6578,1986,Brasil,D,Muller,muller.php,7,Delantero
6579,1986,Brasil,D,Casagrande,casagrande.php,8,Delantero
6580,1986,Brasil,D,Careca,careca.php,9,Delantero
6581,1986,Brasil,D,Edivaldo,edivaldo.php,11,Delantero
6582,1986,España,D,Andoni Zubizarreta,andoni_zubizarreta.php,1,Arquero
6583,1986,España,D,Francisco Urruticoechea,francisco_urruticoechea.php,13,Arquero
6584,1986,España,D,Juan Carlos Ablanedo,juan_carlos_ablanedo.php,22,Arquero
6585,1986,España,D,Tomas,tomas.php,2,Defensor
6586,1986,España,D,Jose Antonio Camacho,jose_antonio_camacho.php,3,Defensor
6587,1986,España,D,Antonio Maceda,antonio_maceda.php,4,Defensor
6588,1986,España,D,Goikoetxea,goikoetxea.php,8,Defensor
6589,1986,España,D,Julio Alberto,julio_alberto.php,11,Defensor
6590,1986,España,D,Chendo,chendo.php,15,Defensor
6591,1986,España,D,Victor,victor.php,5,Mediocampista
6592,1986,España,D,Rafael Gordillo,rafael_gordillo.php,6,Mediocampista
6593,1986,España,D,Juan Antonio Senor,juan_antonio_senor.php,7,Mediocampista
6594,1986,España,D,Ricardo Gallego,ricardo_gallego.php,14,Mediocampista
6595,1986,España,D,Francisco,francisco.php,17,Mediocampista
6596,1986,España,D,Ramon Maria Caldere,ramon_maria_caldere.php,18,Mediocampista
6597,1986,España,D,Michel,michel.php,21,Mediocampista
6598,1986,España,D,Emilio Butragueño,emilio_butragueno.php,9,Delantero
6599,1986,España,D,Francisco Carrasco,francisco_carrasco.php,10,Delantero
6600,1986,España,D,Quique Setien,quique_setien.php,12,Delantero
6601,1986,España,D,Hipolito Rincon,hipolito_rincon.php,16,Delantero
6602,1986,España,D,Julio Salinas,julio_salinas.php,19,Delantero
6603,1986,España,D,Eloy,eloy.php,20,Delantero
6604,1986,Irlanda del Norte,D,Pat Jennings,pat_jennings.php,1,Arquero
6605,1986,Irlanda del Norte,D,Jim Platt,jim_platt.php,12,Arquero
6606,1986,Irlanda del Norte,D,Philip Hughes,philip_hughes.php,13,Arquero
6607,1986,Irlanda del Norte,D,Jimmy Nicholl,jimmy_nicholl.php,2,Defensor
6608,1986,Irlanda del Norte,D,Mal Donaghy,mal_donaghy.php,3,Defensor
6609,1986,Irlanda del Norte,D,John O'Neill,john_oneill.php,4,Defensor
6610,1986,Irlanda del Norte,D,Alan Mcdonald,alan_mcdonald.php,5,Defensor
6611,1986,Irlanda del Norte,D,Nigel Worthington,nigel_worthington.php,15,Defensor
6612,1986,Irlanda del Norte,D,John Mcclelland,john_mcclelland.php,18,Defensor
6613,1986,Irlanda del Norte,D,David Mccreery,david_mccreery.php,6,Mediocampista
6614,1986,Irlanda del Norte,D,Sam Mcilroy,sam_mcilroy.php,8,Mediocampista
6615,1986,Irlanda del Norte,D,Paul Ramsey,paul_ramsey.php,16,Mediocampista
6616,1986,Irlanda del Norte,D,Bernard Mcnally,bernard_mcnally.php,20,Mediocampista
6617,1986,Irlanda del Norte,D,David Campbell,david_campbell.php,21,Mediocampista
6618,1986,Irlanda del Norte,D,Steven Penney,steven_penney.php,7,Delantero
6619,1986,Irlanda del Norte,D,James Quinn,james_quinn.php,9,Delantero
6620,1986,Irlanda del Norte,D,Norman Whiteside,norman_whiteside.php,10,Delantero
6621,1986,Irlanda del Norte,D,Ian Stewart,ian_stewart.php,11,Delantero
6622,1986,Irlanda del Norte,D,Gerry Armstrong,gerry_armstrong.php,14,Delantero
6623,1986,Irlanda del Norte,D,Colin Clarke,colin_clarke.php,17,Delantero
6624,1986,Irlanda del Norte,D,Billy Hamilton,billy_hamilton.php,19,Delantero
6625,1986,Irlanda del Norte,D,Mark Caughey,mark_caughey.php,22,Delantero
6626,1986,Alemania Occidental,E,Harald Schumacher,harald_schumacher.php,1,Arquero
6627,1986,Alemania Occidental,E,Ulrich Stein,ulrich_stein.php,12,Arquero
6628,1986,Alemania Occidental,E,Eike Immel,eike_immel.php,22,Arquero
6629,1986,Alemania Occidental,E,Hans-Peter Briegel,hans_peter_briegel.php,2,Defensor
6630,1986,Alemania Occidental,E,Andreas Brehme,andreas_brehme.php,3,Defensor
6631,1986,Alemania Occidental,E,Karl-Heinz Foerster,karl_heinz_foerster.php,4,Defensor
6632,1986,Alemania Occidental,E,Matthias Herget,matthias_herget.php,5,Defensor
6633,1986,Alemania Occidental,E,Norbert Eder,norbert_eder.php,6,Defensor
6634,1986,Alemania Occidental,E,Thomas Berthold,thomas_berthold.php,14,Defensor
6635,1986,Alemania Occidental,E,Klaus Augenthaler,klaus_augenthaler.php,15,Defensor
6636,1986,Alemania Occidental,E,Ditmar Jakobs,ditmar_jakobs.php,17,Defensor
6637,1986,Alemania Occidental,E,Pierre Littbarski,pierre_littbarski.php,7,Mediocampista
6638,1986,Alemania Occidental,E,Lothar Matthaeus,lothar_matthaeus.php,8,Mediocampista
6639,1986,Alemania Occidental,E,Felix Magath,felix_magath.php,10,Mediocampista
6640,1986,Alemania Occidental,E,Karl Allgoewer,karl_allgoewer.php,13,Mediocampista
6641,1986,Alemania Occidental,E,Olaf Thon,olaf_thon.php,16,Mediocampista
6642,1986,Alemania Occidental,E,Uwe Rahn,uwe_rahn.php,18,Mediocampista
6643,1986,Alemania Occidental,E,Wolfgang Rolff,wolfgang_rolff.php,21,Mediocampista
6644,1986,Alemania Occidental,E,Rudi Voeller,rudi_voeller.php,9,Delantero
6645,1986,Alemania Occidental,E,Karl-Heinz Rummenigge,karl_heinz_rummenigge.php,11,Delantero
6646,1986,Alemania Occidental,E,Klaus Allofs,klaus_allofs.php,19,Delantero
6647,1986,Alemania Occidental,E,Dieter Hoeness,dieter_hoeness.php,20,Delantero
6648,1986,Dinamarca,E,Trols Rasmussen,trols_rasmussen.php,1,Arquero
6649,1986,Dinamarca,E,Ole Qvist,ole_qvist.php,16,Arquero
6650,1986,Dinamarca,E,Lars Hogh,lars_hogh.php,22,Arquero
6651,1986,Dinamarca,E,John Sivebaek,john_sivebaek.php,2,Defensor
6652,1986,Dinamarca,E,Soren Busk,soren_busk.php,3,Defensor
6653,1986,Dinamarca,E,Morten Olsen,morten_olsen.php,4,Defensor
6654,1986,Dinamarca,E,Ivan Nielsen,ivan_nielsen.php,5,Defensor
6655,1986,Dinamarca,E,Jens Bertelsen,jens_bertelsen.php,12,Defensor
6656,1986,Dinamarca,E,Kent Nielsen,kent_nielsen.php,17,Defensor
6657,1986,Dinamarca,E,Henrik Andersen,henrik_andersen.php,21,Defensor
6658,1986,Dinamarca,E,Soren Lerby,soren_lerby.php,6,Mediocampista
6659,1986,Dinamarca,E,Jan Molby,jan_molby.php,7,Mediocampista
6660,1986,Dinamarca,E,Jesper Olsen,jesper_olsen.php,8,Mediocampista
6661,1986,Dinamarca,E,Klaus Berggreen,klaus_berggreen.php,9,Mediocampista
6662,1986,Dinamarca,E,Michael Laudrup,michael_laudrup.php,11,Mediocampista
6663,1986,Dinamarca,E,Per Frimann,per_frimann.php,13,Mediocampista
6664,1986,Dinamarca,E,Frank Arnesen,frank_arnesen.php,15,Mediocampista
6665,1986,Dinamarca,E,Jan Bartram,jan_bartram.php,20,Mediocampista
6666,1986,Dinamarca,E,Preben Elkjaer Larsen,preben_elkjaer_larsen.php,10,Delantero
6667,1986,Dinamarca,E,Allan Simonsen,allan_simonsen.php,14,Delantero
6668,1986,Dinamarca,E,Flemming Christensen,flemming_christensen.php,18,Delantero
6669,1986,Dinamarca,E,John Eriksen,john_eriksen.php,19,Delantero
6670,1986,Escocia,E,Jim Leighton,jim_leighton.php,1,Arquero
6671,1986,Escocia,E,Andy Goram,andy_goram.php,12,Arquero
6672,1986,Escocia,E,Alan Rough,alan_rough.php,22,Arquero
6673,1986,Escocia,E,Richard Gough,richard_gough.php,2,Defensor
6674,1986,Escocia,E,Maurice Malpas,maurice_malpas.php,3,Defensor
6675,1986,Escocia,E,Alex Mcleish,alex_mcleish.php,5,Defensor
6676,1986,Escocia,E,Willie Miller,willie_miller.php,6,Defensor
6677,1986,Escocia,E,Stephen Nicol,stephen_nicol.php,13,Defensor
6678,1986,Escocia,E,David Narey,david_narey.php,14,Defensor
6679,1986,Escocia,E,Arthur Albiston,arthur_albiston.php,15,Defensor
6680,1986,Escocia,E,Graeme Souness,graeme_souness.php,4,Mediocampista
6681,1986,Escocia,E,Gordon Strachan,gordon_strachan.php,7,Mediocampista
6682,1986,Escocia,E,Roy Aitken,roy_aitken.php,8,Mediocampista
6683,1986,Escocia,E,Eamonn Bannon,eamonn_bannon.php,9,Mediocampista
6684,1986,Escocia,E,Jim Bett,jim_bett.php,10,Mediocampista
6685,1986,Escocia,E,Paul Mcstay,paul_mcstay.php,11,Mediocampista
6686,1986,Escocia,E,Frank Mcavennie,frank_mcavennie.php,16,Delantero
6687,1986,Escocia,E,Steve Archibald,steve_archibald.php,17,Delantero
6688,1986,Escocia,E,Graeme Sharp,graeme_sharp.php,18,Delantero
6689,1986,Escocia,E,Charlie Nicholas,charlie_nicholas.php,19,Delantero
6690,1986,Escocia,E,Paul Sturrock,paul_sturrock.php,20,Delantero
6691,1986,Escocia,E,David Cooper,david_cooper.php,21,Delantero
6692,1986,Uruguay,E,Rodolfo Rodriguez,rodolf_rodriguez.php,1,Arquero
6693,1986,Uruguay,E,Fernando Alvez,fernando_alvez.php,12,Arquero
6694,1986,Uruguay,E,Celso Otero,celso_otero.php,22,Arquero
6695,1986,Uruguay,E,Nelson Gutierrez,nelson_gutierrez.php,2,Defensor
6696,1986,Uruguay,E,Eduardo Acevedo,eduardo_acevedo.php,3,Defensor
6697,1986,Uruguay,E,Victor Diogo,victor_diogo.php,4,Defensor
6698,1986,Uruguay,E,Jose Batista,jose_batista.php,6,Defensor
6699,1986,Uruguay,E,Cesar Vega,cesar_vega.php,13,Defensor
6700,1986,Uruguay,E,Alfonso Pereira,alfonso_pereira.php,14,Defensor
6701,1986,Uruguay,E,Eliseo Rivero,eliseo_rivero.php,15,Defensor
6702,1986,Uruguay,E,Miguel Bossio,miguel_bossio.php,5,Mediocampista
6703,1986,Uruguay,E,Jorge Barrios,jorge_barrios.php,8,Mediocampista
6704,1986,Uruguay,E,Enzo Francescoli,enzo_francescoli.php,10,Mediocampista
6705,1986,Uruguay,E,Sergio Santin,sergio_santin.php,11,Mediocampista
6706,1986,Uruguay,E,Mario Saralegui,mario_saralegui.php,16,Mediocampista
6707,1986,Uruguay,E,Jose Salazar,jose_salazar.php,17,Mediocampista
6708,1986,Uruguay,E,Ruben Paz,ruben_paz.php,18,Mediocampista
6709,1986,Uruguay,E,Antonio Alzamendi,antonio_alzamendi.php,7,Delantero
6710,1986,Uruguay,E,Jorge Da Silva,jorge_da_silva.php,9,Delantero
6711,1986,Uruguay,E,Venancio Ramos,venancio_ramos.php,19,Delantero
6712,1986,Uruguay,E,Carlos Aguilera,carlos_aguilera.php,20,Delantero
6713,1986,Uruguay,E,Wilmar Cabrera,wilmar_cabrera.php,21,Delantero
6714,1986,Inglaterra,F,Peter Shilton,peter_shilton.php,1,Arquero
6715,1986,Inglaterra,F,Chris Woods,chris_woods.php,13,Arquero
6716,1986,Inglaterra,F,Gary Bailey,gary_bailey.php,22,Arquero
6717,1986,Inglaterra,F,Gary Stevens,gary_stevens.php,2,Defensor
6718,1986,Inglaterra,F,Kenny Sansom,kenny_sansom.php,3,Defensor
6719,1986,Inglaterra,F,Alvin Martin,alvin_martin.php,5,Defensor
6720,1986,Inglaterra,F,Terry Butcher,terry_butcher.php,6,Defensor
6721,1986,Inglaterra,F,Viv Anderson,viv_anderson.php,12,Defensor
6722,1986,Inglaterra,F,Terry Fenwick,terry_fenwick.php,14,Defensor
6723,1986,Inglaterra,F,Gary A. Stevens,gary_a_stevens.php,15,Defensor
6724,1986,Inglaterra,F,Glenn Hoddle,glenn_hoddle.php,4,Mediocampista
6725,1986,Inglaterra,F,Bryan Robson,bryan_robson.php,7,Mediocampista
6726,1986,Inglaterra,F,Ray Wilkins,ray_wilkins.php,8,Mediocampista
6727,1986,Inglaterra,F,Chris Waddle,chris_waddle.php,11,Mediocampista
6728,1986,Inglaterra,F,Peter Reid,peter_reid.php,16,Mediocampista
6729,1986,Inglaterra,F,Trevor Steven,trevor_steven.php,17,Mediocampista
6730,1986,Inglaterra,F,Steve Hodge,steve_hodge.php,18,Mediocampista
6731,1986,Inglaterra,F,John Barnes,john_barnes.php,19,Mediocampista
6732,1986,Inglaterra,F,Mark Hateley,mark_hateley.php,9,Delantero
6733,1986,Inglaterra,F,Gary Lineker,gary_lineker.php,10,Delantero
6734,1986,Inglaterra,F,Peter Beardsley,peter_beardsley.php,20,Delantero
6735,1986,Inglaterra,F,Kerry Dixon,kerry_dixon.php,21,Delantero
6736,1986,Marruecos,F,Badou Zaki,badou_zaki.php,1,Arquero
6737,1986,Marruecos,F,Salaheddine Hmied,salaheddine_hmied.php,12,Arquero
6738,1986,Marruecos,F,Abdelfettah Houdani,abdelfettah_houdani.php,22,Arquero
6739,1986,Marruecos,F,Labid Khalifa,labid_khalifa.php,2,Defensor
6740,1986,Marruecos,F,Abdelmajid Lamriss,abdelmajid_lamriss.php,3,Defensor
6741,1986,Marruecos,F,Mustafa El Biyaz,mustafa_el_biyaz.php,4,Defensor
6742,1986,Marruecos,F,Noureddine Bouyahyaoui,noureddine_bouyahyaoui.php,5,Defensor
6743,1986,Marruecos,F,Lahcen Oudani,lahcen_oudani.php,14,Defensor
6744,1986,Marruecos,F,Fadel Jilal,fadel_jilal.php,19,Defensor
6745,1986,Marruecos,F,Abdellah Bidar,abdellah_bidar.php,20,Defensor
6746,1986,Marruecos,F,Abdelmajid Dolmy,abdelmajid_dolmy.php,6,Mediocampista
6747,1986,Marruecos,F,Mustapha El Hadaoui,mustapha_el_hadaoui.php,7,Mediocampista
6748,1986,Marruecos,F,Aziz Bouderbala,aziz_bouderbala.php,8,Mediocampista
6749,1986,Marruecos,F,Mohamed Timoumi,mohamed_timoumi.php,10,Mediocampista
6750,1986,Marruecos,F,Mohammed El Haddaoui,mohammed_el_haddaoui.php,15,Mediocampista
6751,1986,Marruecos,F,Azeddine Amanallah,azeddine_amanallah.php,16,Mediocampista
6752,1986,Marruecos,F,Abdelrazzak Khairi,abdelrazzak_khairi.php,17,Mediocampista
6753,1986,Marruecos,F,Abdel Aziz Soulaymani,abdel_aziz_soulaymani.php,21,Mediocampista
6754,1986,Marruecos,F,Abdelkarim Krimau,abdelkarim_krimau.php,9,Delantero
6755,1986,Marruecos,F,Mustafa Merry,mustafa_merry.php,11,Delantero
6756,1986,Marruecos,F,Abdelfettah Rhiati,abdelfettah_rhiati.php,13,Delantero
6757,1986,Marruecos,F,Mohamed Sahil,mohamed_sahil.php,18,Delantero
6758,1986,Polonia,F,Jozef Mlynarczyk,jozef_mlynarczyk.php,1,Arquero
6759,1986,Polonia,F,Jacek Kazimierski,jacek_kazimierski.php,12,Arquero
6760,1986,Polonia,F,Jozef Wandzik,jozef_wandzik.php,19,Arquero
6761,1986,Polonia,F,Kazimierz Przybys,kazimierz_przybys.php,2,Defensor
6762,1986,Polonia,F,Wladyslaw Zmuda,wladyslaw_zmuda.php,3,Defensor
6763,1986,Polonia,F,Marek Ostrowski,marek_ostrowski.php,4,Defensor
6764,1986,Polonia,F,Roman Wojcicki,roman_wojcicki.php,5,Defensor
6765,1986,Polonia,F,Stefan Majewski,stefan_majewski.php,10,Defensor
6766,1986,Polonia,F,Dariusz Kubicki,dariusz_kubicki.php,14,Defensor
6767,1986,Polonia,F,Krzysztof Pawlak,krzysztof_pawlak.php,18,Defensor
6768,1986,Polonia,F,Waldemar Matysik,waldemar_matysik.php,6,Mediocampista
6769,1986,Polonia,F,Ryszard Tarasiewicz,ryszard_tarasiewicz.php,7,Mediocampista
6770,1986,Polonia,F,Jan Karas,jan_karas.php,9,Mediocampista
6771,1986,Polonia,F,Ryszard Komornicki,ryszard_komornicki.php,13,Mediocampista
6772,1986,Polonia,F,Andrzej Buncol,andrzej_buncol.php,15,Mediocampista
6773,1986,Polonia,F,Dariusz Dziekanowski,dariusz_dziekanowski.php,21,Mediocampista
6774,1986,Polonia,F,Jan Urban,jan_urban.php,8,Delantero
6775,1986,Polonia,F,Wlodimierz Smolarek,wlodimierz_smolarek.php,11,Delantero
6776,1986,Polonia,F,Andrzej Palasz,andrzej_palasz.php,16,Delantero
6777,1986,Polonia,F,Andrzej Zgutczynski,andrzej_zgutczynski.php,17,Delantero
6778,1986,Polonia,F,Zbigniew Boniek,zbigniew_boniek.php,20,Delantero
6779,1986,Polonia,F,Jan Furtok,jan_furtok.php,22,Delantero
6780,1986,Portugal,F,Bento,bento.php,1,Arquero
6781,1986,Portugal,F,Jorge Martins,jorge_martins.php,12,Arquero
6782,1986,Portugal,F,Damas,damas.php,22,Arquero
6783,1986,Portugal,F,Joao Pinto,joao_pinto_2.php,2,Defensor
6784,1986,Portugal,F,Alvaro,alvaro.php,5,Defensor
6785,1986,Portugal,F,Frederico,frederico.php,8,Defensor
6786,1986,Portugal,F,Bandeirinha,bandeirinha.php,11,Defensor
6787,1986,Portugal,F,Morato,morato.php,13,Defensor
6788,1986,Portugal,F,Oliveira,oliveira.php,15,Defensor
6789,1986,Portugal,F,Jose Antonio,jose_antonio.php,16,Defensor
6790,1986,Portugal,F,Sobrinho,sobrinho.php,18,Defensor
6791,1986,Portugal,F,Inacio,inacio.php,20,Defensor
6792,1986,Portugal,F,Antonio Sousa,antonio_sousa.php,3,Mediocampista
6793,1986,Portugal,F,Ribeiro,ribeiro.php,4,Mediocampista
6794,1986,Portugal,F,Carlos Manuel,carlos_manuel.php,6,Mediocampista
6795,1986,Portugal,F,Pacheco,pacheco.php,7,Mediocampista
6796,1986,Portugal,F,Jaime Magalhaes,jaime_magalhaes.php,14,Mediocampista
6797,1986,Portugal,F,Andre,andre.php,21,Mediocampista
6798,1986,Portugal,F,Gomes,gomes_2.php,9,Delantero
6799,1986,Portugal,F,Futre,futre.php,10,Delantero
6800,1986,Portugal,F,Diamantino,diamantino.php,17,Delantero
6801,1986,Portugal,F,Rui Aguas,rui_aguas.php,19,Delantero
6802,1982,Camerún,A,Thomas Nkono,thomas_nkono.php,1,Arquero
6803,1982,Camerún,A,Joseph-Antoine Bell,joseph_antoine_bell.php,12,Arquero
6804,1982,Camerún,A,Simon Tchobang,simon_tchobang.php,22,Arquero
6805,1982,Camerún,A,Michel Kaham,michel_kaham.php,2,Defensor
6806,1982,Camerún,A,Edmond Enoka,edmond_enoka.php,3,Defensor
6807,1982,Camerún,A,Rene Ndjeya,rene_ndjeya.php,4,Defensor
6808,1982,Camerún,A,Jean Onana,jean_onana.php,5,Defensor
6809,1982,Camerún,A,Emmanuel Kunde,emmanuel_kunde.php,6,Defensor
6810,1982,Camerún,A,Ephrem Mbom,ephrem_mbom.php,7,Defensor
6811,1982,Camerún,A,Francois Ndoumbe Lea,francois_ndoumbe_lea.php,15,Defensor
6812,1982,Camerún,A,Ibrahim Aoudou,ibrahim_aoudou.php,16,Defensor
6813,1982,Camerún,A,Gregoire Mbida,gregoire_mbida.php,8,Mediocampista
6814,1982,Camerún,A,Charles Toube,charles_toube.php,11,Mediocampista
6815,1982,Camerún,A,Theophile Abega,theophile_abega.php,14,Mediocampista
6816,1982,Camerún,A,Joseph Kamga,joseph_kamga.php,17,Mediocampista
6817,1982,Camerún,A,Joseph Enanga,joseph_enanga.php,19,Mediocampista
6818,1982,Camerún,A,Roger Milla,roger_milla.php,9,Delantero
6819,1982,Camerún,A,Jean-Pierre Tokoto,jean_pierre_tokoto.php,10,Delantero
6820,1982,Camerún,A,Paul Bahoken,paul_bahoken.php,13,Delantero
6821,1982,Camerún,A,Jacques Nguea,jacques_nguea.php,18,Delantero
6822,1982,Camerún,A,Alain Eyobo-Makongo,alain_eyobo_makongo.php,20,Delantero
6823,1982,Camerún,A,Ernest Ebongue,ernest_ebongue.php,21,Delantero
6824,1982,Italia,A,Dino Zoff,dino_zoff.php,1,Arquero
6825,1982,Italia,A,Ivano Bordon,ivano_bordon.php,12,Arquero
6826,1982,Italia,A,Giovanni Galli,giovanni_galli.php,22,Arquero
6827,1982,Italia,A,Franco Baresi,franco_baresi.php,2,Defensor
6828,1982,Italia,A,Giuseppe Bergomi,giuseppe_bergomi.php,3,Defensor
6829,1982,Italia,A,Antonio Cabrini,antonio_cabrini.php,4,Defensor
6830,1982,Italia,A,Fulvio Collovati,fulvio_collovati.php,5,Defensor
6831,1982,Italia,A,Claudio Gentile,claudio_gentile.php,6,Defensor
6832,1982,Italia,A,Gaetano Scirea,gaetano_scirea.php,7,Defensor
6833,1982,Italia,A,Pietro Vierchowod,pietro_vierchowod.php,8,Defensor
6834,1982,Italia,A,Giancarlo Antognoni,giancarlo_antognoni.php,9,Mediocampista
6835,1982,Italia,A,Giuseppe Dossena,giuseppe_dossena.php,10,Mediocampista
6836,1982,Italia,A,Giampiero Marini,giampiero_marini.php,11,Mediocampista
6837,1982,Italia,A,Gabriele Oriali,gabriele_oriali.php,13,Mediocampista
6838,1982,Italia,A,Marco Tardelli,marco_tardelli.php,14,Mediocampista
6839,1982,Italia,A,Franco Causio,franco_causio.php,15,Mediocampista
6840,1982,Italia,A,Bruno Conti,bruno_conti.php,16,Mediocampista
6841,1982,Italia,A,Daniele Massaro,daniele_massaro.php,17,Mediocampista
6842,1982,Italia,A,Alessandro Altobelli,alessandro_altobelli.php,18,Delantero
6843,1982,Italia,A,Francesco Graziani,francesco_graziani.php,19,Delantero
6844,1982,Italia,A,Paolo Rossi,paolo_rossi.php,20,Delantero
6845,1982,Italia,A,Franco Selvaggi,franco_selvaggi.php,21,Delantero
6846,1982,Perú,A,Eusebio Acasuzo,eusebio_acasuzo.php,1,Arquero
6847,1982,Perú,A,Jose Gonzales Ganoza,jose_gonzales_ganoza.php,12,Arquero
6848,1982,Perú,A,Ramon Quiroga,ramon_quiroga.php,21,Arquero
6849,1982,Perú,A,Jaime Duarte,jaime_duarte.php,2,Defensor
6850,1982,Perú,A,Rafael Salguero,rafael_salguero.php,3,Defensor
6851,1982,Perú,A,Hugo Gastulo,hugo_gastulo.php,4,Defensor
6852,1982,Perú,A,Oscar Arizaga,oscar_arizaga.php,13,Defensor
6853,1982,Perú,A,Miguel Gutierrez,miguel_gutierrez.php,14,Defensor
6854,1982,Perú,A,Ruben Diaz,ruben_diaz.php,15,Defensor
6855,1982,Perú,A,Jorge Olaechea,jorge_olaechea.php,16,Defensor
6856,1982,Perú,A,Jose Velasquez,jose_velasquez.php,6,Mediocampista
6857,1982,Perú,A,Cesar Cueto,cesar_cueto.php,8,Mediocampista
6858,1982,Perú,A,Julio Cesar Uribe,julio_cesar_uribe.php,9,Mediocampista
6859,1982,Perú,A,Teofilo Cubillas,teofilo_cubillas.php,10,Mediocampista
6860,1982,Perú,A,Eduardo Malasquez,eduardo_malasquez.php,18,Mediocampista
6861,1982,Perú,A,Percy Rojas,percy_rojas.php,20,Mediocampista
6862,1982,Perú,A,Luis Reyna,luis_reyna.php,22,Mediocampista
6863,1982,Perú,A,German Leguia,german_leguia.php,5,Delantero
6864,1982,Perú,A,Geronimo Barbadillo,geronimo_barbadillo.php,7,Delantero
6865,1982,Perú,A,Juan Carlos Oblitas,juan_carlos_oblitas.php,11,Delantero
6866,1982,Perú,A,Franco Navarro,franco_navarro.php,17,Delantero
6867,1982,Perú,A,Guillermo La Rosa,guillermo_la_rosa.php,19,Delantero
6868,1982,Polonia,A,Jozef Mlynarczyk,jozef_mlynarczyk.php,1,Arquero
6869,1982,Polonia,A,Jacek Kazimierski,jacek_kazimierski.php,21,Arquero
6870,1982,Polonia,A,Piotr Mowlik,piotr_mowlik.php,22,Arquero
6871,1982,Polonia,A,Marek Dziuba,marek_dziuba.php,2,Defensor
6872,1982,Polonia,A,Janusz Kupcewicz,janusz_kupcewicz.php,3,Defensor
6873,1982,Polonia,A,Tadeusz Dolny,tadeusz_dolny.php,4,Defensor
6874,1982,Polonia,A,Pawel Janas,pawel_janas.php,5,Defensor
6875,1982,Polonia,A,Piotr Skrobowski,piotr_skrobowski.php,6,Defensor
6876,1982,Polonia,A,Jan Jalocha,jan_jalocha.php,7,Defensor
6877,1982,Polonia,A,Wladyslaw Zmuda,wladyslaw_zmuda.php,9,Defensor
6878,1982,Polonia,A,Stefan Majewski,stefan_majewski.php,10,Defensor
6879,1982,Polonia,A,Roman Wojcicki,roman_wojcicki.php,12,Defensor
6880,1982,Polonia,A,Waldemar Matysik,waldemar_matysik.php,8,Mediocampista
6881,1982,Polonia,A,Andrzej Buncol,andrzej_buncol.php,13,Mediocampista
6882,1982,Polonia,A,Andrzej Palasz,andrzej_palasz.php,14,Mediocampista
6883,1982,Polonia,A,Wlodzimierz Ciolek,wlodzimierz_ciolek.php,15,Mediocampista
6884,1982,Polonia,A,Wlodimierz Smolarek,wlodimierz_smolarek.php,11,Delantero
6885,1982,Polonia,A,Grzegorz Lato,grzegorz_lato.php,16,Delantero
6886,1982,Polonia,A,Andrzej Szarmach,andrzej_szarmach.php,17,Delantero
6887,1982,Polonia,A,Marek Kusto,marek_kusto.php,18,Delantero
6888,1982,Polonia,A,Andrzej Iwan,andrzej_iwan.php,19,Delantero
6889,1982,Polonia,A,Zbigniew Boniek,zbigniew_boniek.php,20,Delantero
6890,1982,Alemania Occidental,B,Harald Schumacher,harald_schumacher.php,1,Arquero
6891,1982,Alemania Occidental,B,Bernd Franke,bernd_franke.php,21,Arquero
6892,1982,Alemania Occidental,B,Eike Immel,eike_immel.php,22,Arquero
6893,1982,Alemania Occidental,B,Hans-Peter Briegel,hans_peter_briegel.php,2,Defensor
6894,1982,Alemania Occidental,B,Karl-Heinz Foerster,karl_heinz_foerster.php,4,Defensor
6895,1982,Alemania Occidental,B,Bernd Foerster,bernd_foerster.php,5,Defensor
6896,1982,Alemania Occidental,B,Wilfried Hannes,wilfried_hannes.php,12,Defensor
6897,1982,Alemania Occidental,B,Uli Stielike,uli_stielike.php,15,Defensor
6898,1982,Alemania Occidental,B,Holger Hieronymus,holger_hieronymus.php,19,Defensor
6899,1982,Alemania Occidental,B,Manfred Kaltz,manfred_kaltz.php,20,Defensor
6900,1982,Alemania Occidental,B,Paul Breitner,paul_breitner.php,3,Mediocampista
6901,1982,Alemania Occidental,B,Wolfgang Dremmler,wolfgang_dremmler.php,6,Mediocampista
6902,1982,Alemania Occidental,B,Pierre Littbarski,pierre_littbarski.php,7,Mediocampista
6903,1982,Alemania Occidental,B,Hansi Mueller,hansi_mueller.php,10,Mediocampista
6904,1982,Alemania Occidental,B,Felix Magath,felix_magath.php,14,Mediocampista
6905,1982,Alemania Occidental,B,Stephan Engels,stephan_engels.php,17,Mediocampista
6906,1982,Alemania Occidental,B,Lothar Matthaeus,lothar_matthaeus.php,18,Mediocampista
6907,1982,Alemania Occidental,B,Klaus Fischer,klaus_fischer.php,8,Delantero
6908,1982,Alemania Occidental,B,Horst Hrubesch,horst_hrubesch.php,9,Delantero
6909,1982,Alemania Occidental,B,Karl-Heinz Rummenigge,karl_heinz_rummenigge.php,11,Delantero
6910,1982,Alemania Occidental,B,Uwe Reinders,uwe_reinders.php,13,Delantero
6911,1982,Alemania Occidental,B,Thomas Allofs,thomas_allofs.php,16,Delantero
6912,1982,Argelia,B,Mahdi Cerbah,mahdi_cerbah.php,1,Arquero
6913,1982,Argelia,B,Mourad Amara,mourad_amara.php,21,Arquero
6914,1982,Argelia,B,Yacine Bentala,yacine_bentala.php,22,Arquero
6915,1982,Argelia,B,Mahmoud Guendouz,mahmoud_guendouz.php,2,Defensor
6916,1982,Argelia,B,Mustafa Kouici,mustafa_kouici.php,3,Defensor
6917,1982,Argelia,B,Noureddine Kourichi,noureddine_kourichi.php,4,Defensor
6918,1982,Argelia,B,Chaabane Merzekane,chaabane_merzekane.php,5,Defensor
6919,1982,Argelia,B,Salah Larbes,salah_larbes.php,12,Defensor
6920,1982,Argelia,B,Faouzi Mansouri,faouzi_mansouri.php,16,Defensor
6921,1982,Argelia,B,Abdelkader Horr,abdelkader_horr.php,17,Defensor
6922,1982,Argelia,B,Ali Bencheikh,ali_bencheikh.php,6,Mediocampista
6923,1982,Argelia,B,Ali Fergani,ali_fergani.php,8,Mediocampista
6924,1982,Argelia,B,Lakhdar Belloumi,lakhdar_belloumi.php,10,Mediocampista
6925,1982,Argelia,B,Hocine Yahi,hocine_yahi.php,13,Mediocampista
6926,1982,Argelia,B,Djamel Zidane,djamel_zidane.php,14,Mediocampista
6927,1982,Argelia,B,Mustafa Dahleb,mustafa_dahleb.php,15,Mediocampista
6928,1982,Argelia,B,Karim Maroc,karim_maroc.php,18,Mediocampista
6929,1982,Argelia,B,Djamel Tlemcani,djamel_tlemcani.php,19,Mediocampista
6930,1982,Argelia,B,Salah Assad,salah_assad.php,7,Delantero
6931,1982,Argelia,B,Tedj Bensaoula,tedj_bensaoula.php,9,Delantero
6932,1982,Argelia,B,Rabah Madjer,rabah_madjer.php,11,Delantero
6933,1982,Argelia,B,Abdelmajid Bourebbou,abdelmajid_bourebbou.php,20,Delantero
6934,1982,Austria,B,Friedl Koncilia,friedl_koncilia.php,1,Arquero
6935,1982,Austria,B,Herbert Feurer,herbert_feurer.php,21,Arquero
6936,1982,Austria,B,Klaus Lindenberger,klaus_lindenberger.php,22,Arquero
6937,1982,Austria,B,Bernd Krauss,bernd_krauss.php,2,Defensor
6938,1982,Austria,B,Erich Obermayer,erich_obermayer.php,3,Defensor
6939,1982,Austria,B,Josef Degeorgi,josef_degeorgi.php,4,Defensor
6940,1982,Austria,B,Bruno Pezzey,bruno_pezzey.php,5,Defensor
6941,1982,Austria,B,Gerald Messlender,gerald_messlender.php,16,Defensor
6942,1982,Austria,B,Johann Pregesbauer,johann_pregesbauer.php,17,Defensor
6943,1982,Austria,B,Heribert Weber,heribert_weber.php,19,Defensor
6944,1982,Austria,B,Roland Hattenberger,roland_hattenberger.php,6,Mediocampista
6945,1982,Austria,B,Herbert Prohaska,herbert_prohaska.php,8,Mediocampista
6946,1982,Austria,B,Reinhold Hintermaier,reinhold_hintermaier.php,10,Mediocampista
6947,1982,Austria,B,Kurt Jara,kurt_jara.php,11,Mediocampista
6948,1982,Austria,B,Andy Pichler,andy_pichler.php,12,Mediocampista
6949,1982,Austria,B,Ernst Baumeister,ernst_baumeister.php,14,Mediocampista
6950,1982,Austria,B,Hans Dihanich,hans_dihanich.php,15,Mediocampista
6951,1982,Austria,B,Walter Schachner,walter_schachner.php,7,Delantero
6952,1982,Austria,B,Hans Krankl,hans_krankl.php,9,Delantero
6953,1982,Austria,B,Max Hagmayr,max_hagmayr.php,13,Delantero
6954,1982,Austria,B,Gernot Jurtin,gernot_jurtin.php,18,Delantero
6955,1982,Austria,B,Kurt Welzl,kurt_welzl.php,20,Delantero
6956,1982,Chile,B,Oscar Wirth,oscar_wirth.php,1,Arquero
6957,1982,Chile,B,Marco Cornez,marco_cornez.php,12,Arquero
6958,1982,Chile,B,Mario Osben,mario_osben.php,22,Arquero
6959,1982,Chile,B,Lizardo Garrido,lizardo_garrido.php,2,Defensor
6960,1982,Chile,B,Rene Valenzuela,rene_valenzuela.php,3,Defensor
6961,1982,Chile,B,Vladimir Bigorra,vladimir_bigorra.php,4,Defensor
6962,1982,Chile,B,Elias Figueroa,elias_figueroa.php,5,Defensor
6963,1982,Chile,B,Mario Soto,mario_soto.php,10,Defensor
6964,1982,Chile,B,Oscar Rojas,oscar_rojas.php,17,Defensor
6965,1982,Chile,B,Mario Galindo,mario_galindo.php,18,Defensor
6966,1982,Chile,B,Enzo Escobar,enzo_escobar.php,19,Defensor
6967,1982,Chile,B,Rodolfo Dubo,rodolfo_dubo.php,6,Mediocampista
6968,1982,Chile,B,Eduardo Bonvallet,eduardo_bonvallet.php,7,Mediocampista
6969,1982,Chile,B,Carlos Rivas,carlos_rivas.php,8,Mediocampista
6970,1982,Chile,B,Raul Ormeno,raul_ormeno.php,14,Mediocampista
6971,1982,Chile,B,Manuel Rojas,manuel_rojas.php,16,Mediocampista
6972,1982,Chile,B,Miguel Neira,miguel_neira.php,20,Mediocampista
6973,1982,Chile,B,Juan Letelier,juan_letelier.php,9,Delantero
6974,1982,Chile,B,Gustavo Moscoso,gustavo_moscoso.php,11,Delantero
6975,1982,Chile,B,Carlos Caszely,carlos_caszely.php,13,Delantero
6976,1982,Chile,B,Patricio Yanez,patricio_yanez.php,15,Delantero
6977,1982,Chile,B,Miguel Gamboa,miguel_gamboa.php,21,Delantero
6978,1982,Argentina,C,Hector Baley,hector_baley.php,2,Arquero
6979,1982,Argentina,C,Ubaldo Fillol,ubaldo_fillol.php,7,Arquero
6980,1982,Argentina,C,Nery Pumpido,nery_pumpido.php,16,Arquero
6981,1982,Argentina,C,Luis Galvan,luis_galvan.php,8,Defensor
6982,1982,Argentina,C,Julio Olarticoechea,julio_olarticoechea.php,13,Defensor
6983,1982,Argentina,C,Jorge Olguin,jorge_olguin.php,14,Defensor
6984,1982,Argentina,C,Daniel Passarella,daniel_passarella.php,15,Defensor
6985,1982,Argentina,C,Alberto Tarantini,alberto_tarantini.php,18,Defensor
6986,1982,Argentina,C,Enzo Trossero,enzo_trossero.php,19,Defensor
6987,1982,Argentina,C,Jose Van Tuyne,jose_van_tuyne.php,22,Defensor
6988,1982,Argentina,C,Osvaldo Ardiles,osvaldo_ardiles.php,1,Mediocampista
6989,1982,Argentina,C,Juan Barbas,juan_barbas.php,3,Mediocampista
6990,1982,Argentina,C,Americo Gallego,americo_gallego.php,9,Mediocampista
6991,1982,Argentina,C,Diego Maradona,diego_maradona.php,10,Mediocampista
6992,1982,Argentina,C,Patricio Hernandez,patricio_hernandez.php,12,Mediocampista
6993,1982,Argentina,C,Daniel Bertoni,daniel_bertoni.php,4,Delantero
6994,1982,Argentina,C,Gabriel Calderon,gabriel_calderon.php,5,Delantero
6995,1982,Argentina,C,Ramon Diaz,ramon_diaz.php,6,Delantero
6996,1982,Argentina,C,Mario Kempes,mario_kempes.php,11,Delantero
6997,1982,Argentina,C,Santiago Santamaria,santiago_santamaria.php,17,Delantero
6998,1982,Argentina,C,Jorge Valdano,jorge_valdano.php,20,Delantero
6999,1982,Argentina,C,Jose Valencia,jose_valencia.php,21,Delantero
7000,1982,Bélgica,C,Jean-Marie Pfaff,jean_marie_pfaff.php,1,Arquero
7001,1982,Bélgica,C,Theo Custers,theo_custers.php,12,Arquero
7002,1982,Bélgica,C,Jacques Munaron,jacques_munaron.php,22,Arquero
7003,1982,Bélgica,C,Eric Gerets,eric_gerets.php,2,Defensor
7004,1982,Bélgica,C,Luc Millecamps,luc_millecamps.php,3,Defensor
7005,1982,Bélgica,C,Walter Meeuws,walter_meeuws.php,4,Defensor
7006,1982,Bélgica,C,Michel Renquin,michel_renquin.php,5,Defensor
7007,1982,Bélgica,C,Marc Baecke,marc_baecke.php,14,Defensor
7008,1982,Bélgica,C,Maurits De Schrijver,maurits_de_schrijver.php,15,Defensor
7009,1982,Bélgica,C,Gerard Plessers,gerard_plessers.php,16,Defensor
7010,1982,Bélgica,C,Frank Vercauteren,frank_vercauteren.php,6,Mediocampista
7011,1982,Bélgica,C,Rene Vandereycken,rene_vandereycken.php,7,Mediocampista
7012,1982,Bélgica,C,Wilfried Van Moer,wilfried_van_moer.php,8,Mediocampista
7013,1982,Bélgica,C,Ludo Coeck,ludo_coeck.php,10,Mediocampista
7014,1982,Bélgica,C,Rene Verheyen,rene_verheyen.php,17,Mediocampista
7015,1982,Bélgica,C,Raymond Mommens,raymond_mommens.php,18,Mediocampista
7016,1982,Bélgica,C,Marc Millecamps,marc_millecamps.php,19,Mediocampista
7017,1982,Bélgica,C,Erwin Vandenbergh,erwin_vandenbergh.php,9,Delantero
7018,1982,Bélgica,C,Jan Ceulemans,jan_ceulemans.php,11,Delantero
7019,1982,Bélgica,C,Francois Van Der Elst,francois_van_der_elst.php,13,Delantero
7020,1982,Bélgica,C,Guy Vandersmissen,guy_vandersmissen.php,20,Delantero
7021,1982,Bélgica,C,Alex Czerniatynski,alex_czerniatynski.php,21,Delantero
7022,1982,El Salvador,C,Luis Guevara Mora,luis_guevara_mora.php,1,Arquero
7023,1982,El Salvador,C,Julio Hernandez,julio_hernandez.php,19,Arquero
7024,1982,El Salvador,C,Jose Munguia,jose_munguia.php,20,Arquero
7025,1982,El Salvador,C,Mario Castillo,mario_castillo.php,2,Defensor
7026,1982,El Salvador,C,Jose Jovel,jose_jovel.php,3,Defensor
7027,1982,El Salvador,C,Carlos Recinos,carlos_recinos.php,4,Defensor
7028,1982,El Salvador,C,Ramon Fagoaga,ramon_fagoaga.php,5,Defensor
7029,1982,El Salvador,C,Francisco Osorto,francisco_osorto.php,12,Defensor
7030,1982,El Salvador,C,Jaime Rodriguez,jaime_rodriguez.php,15,Defensor
7031,1982,El Salvador,C,Miguel Diaz,miguel_diaz.php,18,Defensor
7032,1982,El Salvador,C,Joaquin Ventura,joaquin_ventura.php,6,Mediocampista
7033,1982,El Salvador,C,Silvio Aquino,silvio_aquino.php,7,Mediocampista
7034,1982,El Salvador,C,Jose Rugamas,jose_rugamas.php,8,Mediocampista
7035,1982,El Salvador,C,Jose Huezo,jose_huezo.php,10,Mediocampista
7036,1982,El Salvador,C,Mauricio Alfaro,mauricio_alfaro.php,16,Mediocampista
7037,1982,El Salvador,C,Francisco Hernandez,francisco_hernandez.php,9,Delantero
7038,1982,El Salvador,C,Jorge Gonzalez,jorge_gonzalez.php,11,Delantero
7039,1982,El Salvador,C,Jose Rivas,jose_rivas.php,13,Delantero
7040,1982,El Salvador,C,Luis Ramirez,luis_ramirez.php,14,Delantero
7041,1982,El Salvador,C,Guillermo Ragazzone,guillermo_ragazzone.php,17,Delantero
7042,1982,Hungría,C,Ferenc Meszaros,ferenc_meszaros.php,1,Arquero
7043,1982,Hungría,C,Bela Katzirz,bela_katzirz.php,21,Arquero
7044,1982,Hungría,C,Imre Kiss,imre_kiss.php,22,Arquero
7045,1982,Hungría,C,Gyozo Martos,gyozo_martos.php,2,Defensor
7046,1982,Hungría,C,Laszlo Balint,laszlo_balint.php,3,Defensor
7047,1982,Hungría,C,Jozsef Toth,jozsef_toth_2.php,4,Defensor
7048,1982,Hungría,C,Imre Garaba,imre_garaba.php,6,Defensor
7049,1982,Hungría,C,Tibor Rab,tibor_rab.php,13,Defensor
7050,1982,Hungría,C,Sandor Sallai,sandor_sallai.php,14,Defensor
7051,1982,Hungría,C,Attila Kerekes,attila_kerekes.php,18,Defensor
7052,1982,Hungría,C,Jozsef Varga,jozsef_varga.php,19,Defensor
7053,1982,Hungría,C,Jozsef Csuhay,jozsef_csuhay.php,20,Defensor
7054,1982,Hungría,C,Sandor Muller,sandor_muller.php,5,Mediocampista
7055,1982,Hungría,C,Tibor Nyilasi,tibor_nyilasi.php,8,Mediocampista
7056,1982,Hungría,C,Ferenc Csongradi,ferenc_csongradi.php,16,Mediocampista
7057,1982,Hungría,C,Karoly Csapo,karoly_csapo.php,17,Mediocampista
7058,1982,Hungría,C,Laszlo Fazekas,laszlo_fazekas.php,7,Delantero
7059,1982,Hungría,C,Andras Torocsik,andras_torocsik.php,9,Delantero
7060,1982,Hungría,C,Laszlo Kiss,laszlo_kiss.php,10,Delantero
7061,1982,Hungría,C,Gabor Poloskei,gabor_poloskei.php,11,Delantero
7062,1982,Hungría,C,Lazar Szentes,lazar_szentes.php,12,Delantero
7063,1982,Hungría,C,Bela Bodonyi,bela_bodonyi.php,15,Delantero
7064,1982,Checoslovaquia,D,Stanislav Seman,stanislav_seman.php,1,Arquero
7065,1982,Checoslovaquia,D,Zdenek Hruska,zdenek_hruska.php,21,Arquero
7066,1982,Checoslovaquia,D,Karel Stromsik,karel_stromsik.php,22,Arquero
7067,1982,Checoslovaquia,D,Frantisek Jakubec,frantisek_jakubec.php,2,Defensor
7068,1982,Checoslovaquia,D,Jan Fiala,jan_fiala.php,3,Defensor
7069,1982,Checoslovaquia,D,Ladislav Jurkemik,ladislav_jurkemik.php,4,Defensor
7070,1982,Checoslovaquia,D,Jozef Barmos,jozef_barmos.php,5,Defensor
7071,1982,Checoslovaquia,D,Rostilav Vojacek,rostilav_vojacek.php,6,Defensor
7072,1982,Checoslovaquia,D,Libor Radimec,libor_radimec.php,14,Defensor
7073,1982,Checoslovaquia,D,Jozef Kukucka,jozef_kukucka.php,15,Defensor
7074,1982,Checoslovaquia,D,Jan Kozak,jan_kozak_2.php,7,Mediocampista
7075,1982,Checoslovaquia,D,Antonin Panenka,antonin_panenka.php,8,Mediocampista
7076,1982,Checoslovaquia,D,Premysl Bicovsky,premysl_bicovsky.php,12,Mediocampista
7077,1982,Checoslovaquia,D,Jan Berger,jan_berger.php,13,Mediocampista
7078,1982,Checoslovaquia,D,Pavel Chaloupka,pavel_chaloupka.php,16,Mediocampista
7079,1982,Checoslovaquia,D,Frantisek Stambacher,frantisek_stambacher.php,17,Mediocampista
7080,1982,Checoslovaquia,D,Ladislav Vizek,ladislav_vizek.php,9,Delantero
7081,1982,Checoslovaquia,D,Tomas Kriz,tomas_kriz.php,10,Delantero
7082,1982,Checoslovaquia,D,Zdenek Nehoda,zdenek_nehoda.php,11,Delantero
7083,1982,Checoslovaquia,D,Petr Janecka,petr_janecka.php,18,Delantero
7084,1982,Checoslovaquia,D,Marian Masny,marian_masny.php,19,Delantero
7085,1982,Checoslovaquia,D,Vlastimil Petrzela,vlastimil_petrzela.php,20,Delantero
7086,1982,Francia,D,Dominique Baratelli,dominique_baratelli.php,1,Arquero
7087,1982,Francia,D,Jean Castaneda,jean_castaneda.php,21,Arquero
7088,1982,Francia,D,Jean-Luc Ettori,jean_luc_ettori.php,22,Arquero
7089,1982,Francia,D,Manuel Amoros,manuel_amoros.php,2,Defensor
7090,1982,Francia,D,Patrick Battiston,patrick_battiston.php,3,Defensor
7091,1982,Francia,D,Maxime Bossis,maxime_bossis.php,4,Defensor
7092,1982,Francia,D,Gerard Janvion,gerard_janvion.php,5,Defensor
7093,1982,Francia,D,Christian Lopez,christian_lopez.php,6,Defensor
7094,1982,Francia,D,Philippe Mahut,philippe_mahut.php,7,Defensor
7095,1982,Francia,D,Marius Tresor,marius_tresor.php,8,Defensor
7096,1982,Francia,D,Bernard Genghini,bernard_genghini.php,9,Mediocampista
7097,1982,Francia,D,Michel Platini,michel_platini.php,10,Mediocampista
7098,1982,Francia,D,Rene Girard,rene_girard.php,11,Mediocampista
7099,1982,Francia,D,Alain Giresse,alain_giresse.php,12,Mediocampista
7100,1982,Francia,D,Jean-Francois Larios,jean_francois_larios.php,13,Mediocampista
7101,1982,Francia,D,Jean Tigana,jean_tigana.php,14,Mediocampista
7102,1982,Francia,D,Bruno Bellone,bruno_bellone.php,15,Delantero
7103,1982,Francia,D,Alain Couriol,alain_couriol.php,16,Delantero
7104,1982,Francia,D,Bernard Lacombe,bernard_lacombe.php,17,Delantero
7105,1982,Francia,D,Dominique Rocheteau,dominique_rocheteau.php,18,Delantero
7106,1982,Francia,D,Didier Six,didier_six.php,19,Delantero
7107,1982,Francia,D,Gerard Soler,gerard_soler.php,20,Delantero
7108,1982,Inglaterra,D,Ray Clemence,ray_clemence.php,1,Arquero
7109,1982,Inglaterra,D,Joe Corrigan,joe_corrigan.php,13,Arquero
7110,1982,Inglaterra,D,Peter Shilton,peter_shilton.php,22,Arquero
7111,1982,Inglaterra,D,Viv Anderson,viv_anderson.php,2,Defensor
7112,1982,Inglaterra,D,Terry Butcher,terry_butcher.php,4,Defensor
7113,1982,Inglaterra,D,Steve Foster,steve_foster.php,6,Defensor
7114,1982,Inglaterra,D,Mick Mills,mick_mills.php,12,Defensor
7115,1982,Inglaterra,D,Philip Neal,philip_neal.php,14,Defensor
7116,1982,Inglaterra,D,Kenny Sansom,kenny_sansom.php,17,Defensor
7117,1982,Inglaterra,D,Phil Thompson,phil_thompson.php,18,Defensor
7118,1982,Inglaterra,D,Trevor Brooking,trevor_brooking.php,3,Mediocampista
7119,1982,Inglaterra,D,Steve Coppell,steve_coppell.php,5,Mediocampista
7120,1982,Inglaterra,D,Glenn Hoddle,glenn_hoddle.php,9,Mediocampista
7121,1982,Inglaterra,D,Terry Mcdermott,terry_mcdermott.php,10,Mediocampista
7122,1982,Inglaterra,D,Graham Rix,graham_rix.php,15,Mediocampista
7123,1982,Inglaterra,D,Bryan Robson,bryan_robson.php,16,Mediocampista
7124,1982,Inglaterra,D,Ray Wilkins,ray_wilkins.php,19,Mediocampista
7125,1982,Inglaterra,D,Kevin Keegan,kevin_keegan.php,7,Delantero
7126,1982,Inglaterra,D,Trevor Francis,trevor_francis.php,8,Delantero
7127,1982,Inglaterra,D,Paul Mariner,paul_mariner.php,11,Delantero
7128,1982,Inglaterra,D,Peter Withe,peter_withe.php,20,Delantero
7129,1982,Inglaterra,D,Tony Woodcock,tony_woodcock.php,21,Delantero
7130,1982,Kuwait,D,Ahmed Al Tarabulsi,ahmed_al_tarabulsi.php,1,Arquero
7131,1982,Kuwait,D,Adam Adam,adam_adam.php,21,Arquero
7132,1982,Kuwait,D,Jassem Bahman,jassem_bahman.php,22,Arquero
7133,1982,Kuwait,D,Naim Fajah,naim_fajah.php,2,Defensor
7134,1982,Kuwait,D,Mahboud Mubarak,mahboud_mubarak.php,3,Defensor
7135,1982,Kuwait,D,Jamal Al Qabandi,jamal_al_qabandi.php,4,Defensor
7136,1982,Kuwait,D,Walid Al Mubarak,walid_al_mubarak.php,5,Defensor
7137,1982,Kuwait,D,Mubarak Mubarak,mubarak_mubarak.php,13,Defensor
7138,1982,Kuwait,D,Abdullah Mayuf,abdullah_mayuf.php,14,Defensor
7139,1982,Kuwait,D,Sami Al Hashash,sami_al_hashash.php,15,Defensor
7140,1982,Kuwait,D,Hamud Al Shemmari,hamud_al_shemmari.php,17,Defensor
7141,1982,Kuwait,D,Saad Al Hutti,saad_al_hutti.php,6,Mediocampista
7142,1982,Kuwait,D,Fathi Matar,fathi_matar.php,7,Mediocampista
7143,1982,Kuwait,D,Abdulaziz Al Balushi,abdulaziz_al_balushi.php,8,Mediocampista
7144,1982,Kuwait,D,Nasser Al Ghanem,nasser_al_ghanem.php,11,Mediocampista
7145,1982,Kuwait,D,Yusuf Faraj,yusuf_faraj.php,12,Mediocampista
7146,1982,Kuwait,D,Mohamed Karam,mohamed_karam.php,18,Mediocampista
7147,1982,Kuwait,D,Jasem Sultan,jasem_sultan.php,9,Delantero
7148,1982,Kuwait,D,Abdulaziz Al Anbari,abdulaziz_al_anbari.php,10,Delantero
7149,1982,Kuwait,D,Faisal Al Dakhil,faisal_al_dakhil.php,16,Delantero
7150,1982,Kuwait,D,Mouayad Al Haddad,mouayad_al_haddad.php,19,Delantero
7151,1982,Kuwait,D,Abdulaziz Mohammed,abdulaziz_mohammed.php,20,Delantero
7152,1982,España,E,Luis Arconada,luis_arconada.php,1,Arquero
7153,1982,España,E,Francisco Urruticoechea,francisco_urruticoechea.php,21,Arquero
7154,1982,España,E,Miguel Angel,miguel_angel.php,22,Arquero
7155,1982,España,E,Jose Antonio Camacho,jose_antonio_camacho.php,2,Defensor
7156,1982,España,E,Rafael Gordillo,rafael_gordillo.php,3,Defensor
7157,1982,España,E,Miguel Tendillo,miguel_tendillo.php,5,Defensor
7158,1982,España,E,Jose Alexanko,jose_alexanko.php,6,Defensor
7159,1982,España,E,Santiago Urquiaga,santiago_urquiaga.php,12,Defensor
7160,1982,España,E,Manuel Jimenez,manuel_jimenez_2.php,13,Defensor
7161,1982,España,E,Antonio Maceda,antonio_maceda.php,14,Defensor
7162,1982,España,E,Miguel Alonso,miguel_alonso.php,4,Mediocampista
7163,1982,España,E,Joaquin,joaquin_2.php,8,Mediocampista
7164,1982,España,E,Jesus Zamora,jesus_zamora.php,10,Mediocampista
7165,1982,España,E,Enrique Saura,enrique_saura.php,15,Mediocampista
7166,1982,España,E,Jose Sanchez,jose_sanchez.php,16,Mediocampista
7167,1982,España,E,Ricardo Gallego,ricardo_gallego.php,17,Mediocampista
7168,1982,España,E,Juanito,juanito_2.php,7,Delantero
7169,1982,España,E,Jesus Satrustegui,jesus_satrustegui.php,9,Delantero
7170,1982,España,E,Lopez Ufarte,lopez_ufarte.php,11,Delantero
7171,1982,España,E,Pedro Uralde,pedro_uralde.php,18,Delantero
7172,1982,España,E,Santillana,santillana.php,19,Delantero
7173,1982,España,E,Quini,quini.php,20,Delantero
7174,1982,Honduras,E,Jose Nazar,jose_nazar.php,1,Arquero
7175,1982,Honduras,E,Julio Cesar Arzu,julio_cesar_arzu.php,21,Arquero
7176,1982,Honduras,E,Jimmy Steward,jimmy_steward.php,22,Arquero
7177,1982,Honduras,E,Cesar Gutierrez,cesar_gutierrez.php,2,Defensor
7178,1982,Honduras,E,Jaime Villegas,jaime_villegas.php,3,Defensor
7179,1982,Honduras,E,Jose Bulnes,jose_bulnes.php,4,Defensor
7180,1982,Honduras,E,Allan Costly,allan_costly.php,5,Defensor
7181,1982,Honduras,E,Domingo Drummond,domingo_drummond.php,12,Defensor
7182,1982,Honduras,E,Jose Cruz,jose_cruz.php,17,Defensor
7183,1982,Honduras,E,Ramon Maradiaga,ramon_maradiaga.php,6,Mediocampista
7184,1982,Honduras,E,Javier Toledo,javier_toledo.php,8,Mediocampista
7185,1982,Honduras,E,David Bueso,david_bueso.php,11,Mediocampista
7186,1982,Honduras,E,Juan Cruz,juan_cruz.php,14,Mediocampista
7187,1982,Honduras,E,Hector Zelaya,hector_zelaya.php,15,Mediocampista
7188,1982,Honduras,E,Roberto Bailey,roberto_bailey.php,16,Mediocampista
7189,1982,Honduras,E,Gilberto Yearwood,gilberto_yearwood.php,20,Mediocampista
7190,1982,Honduras,E,Eduardo Laing,eduardo_laing.php,7,Delantero
7191,1982,Honduras,E,Porfirio Betancourt,porfirio_betancourt.php,9,Delantero
7192,1982,Honduras,E,Jose Figueroa,jose_figueroa.php,10,Delantero
7193,1982,Honduras,E,Prudencio Norales,prudencio_norales.php,13,Delantero
7194,1982,Honduras,E,Carlos Cabellero,carlos_cabellero.php,18,Delantero
7195,1982,Honduras,E,Celso Guity,celso_guity.php,19,Delantero
7196,1982,Irlanda del Norte,E,Pat Jennings,pat_jennings.php,1,Arquero
7197,1982,Irlanda del Norte,E,Jim Platt,jim_platt.php,17,Arquero
7198,1982,Irlanda del Norte,E,George Dunlop,george_dunlop.php,22,Arquero
7199,1982,Irlanda del Norte,E,Jimmy Nicholl,jimmy_nicholl.php,2,Defensor
7200,1982,Irlanda del Norte,E,Mal Donaghy,mal_donaghy.php,3,Defensor
7201,1982,Irlanda del Norte,E,Chris Nicholl,chris_nicholl.php,5,Defensor
7202,1982,Irlanda del Norte,E,John O'Neill,john_oneill.php,6,Defensor
7203,1982,Irlanda del Norte,E,John Mcclelland,john_mcclelland.php,12,Defensor
7204,1982,Irlanda del Norte,E,Sammy Nelson,sammy_nelson.php,13,Defensor
7205,1982,Irlanda del Norte,E,David Mccreery,david_mccreery.php,4,Mediocampista
7206,1982,Irlanda del Norte,E,Martin O'Neill,martin_oneill.php,8,Mediocampista
7207,1982,Irlanda del Norte,E,Sam Mcilroy,sam_mcilroy.php,10,Mediocampista
7208,1982,Irlanda del Norte,E,Tommy Cassidy,tommy_cassidy.php,14,Mediocampista
7209,1982,Irlanda del Norte,E,Thomas Finney,thomas_finney.php,15,Mediocampista
7210,1982,Irlanda del Norte,E,John Jameson,john_jameson.php,18,Mediocampista
7211,1982,Irlanda del Norte,E,Jim Cleary,jim_cleary.php,20,Mediocampista
7212,1982,Irlanda del Norte,E,Noel Brotherston,noel_brotherston.php,7,Delantero
7213,1982,Irlanda del Norte,E,Gerry Armstrong,gerry_armstrong.php,9,Delantero
7214,1982,Irlanda del Norte,E,Billy Hamilton,billy_hamilton.php,11,Delantero
7215,1982,Irlanda del Norte,E,Norman Whiteside,norman_whiteside.php,16,Delantero
7216,1982,Irlanda del Norte,E,Felix Healey,felix_healey.php,19,Delantero
7217,1982,Irlanda del Norte,E,Bobby Campbell,bobby_campbell.php,21,Delantero
7218,1982,Yugoslavia,E,Dragan Pantelic,dragan_pantelic.php,1,Arquero
7219,1982,Yugoslavia,E,Ivan Pudar,ivan_pudar.php,12,Arquero
7220,1982,Yugoslavia,E,Ratko Svilar,ratko_svilar.php,22,Arquero
7221,1982,Yugoslavia,E,Ive Jerolimov,ive_jerolimov.php,2,Defensor
7222,1982,Yugoslavia,E,Velimir Zajec,velimir_zajec.php,4,Defensor
7223,1982,Yugoslavia,E,Nenad Stojkovic,nenad_stojkovic.php,5,Defensor
7224,1982,Yugoslavia,E,Zlatko Krmpotic,zlatko_krmpotic.php,6,Defensor
7225,1982,Yugoslavia,E,Zoran Vujovic,zoran_vujovic.php,9,Defensor
7226,1982,Yugoslavia,E,Nikola Jovanovic,nikola_jovanovic.php,14,Defensor
7227,1982,Yugoslavia,E,Milos Hrstic,milos_hrstic.php,15,Defensor
7228,1982,Yugoslavia,E,Ivan Gudelj,ivan_gudelj.php,3,Mediocampista
7229,1982,Yugoslavia,E,Vladimir Petrovic,vladimir_petrovic.php,7,Mediocampista
7230,1982,Yugoslavia,E,Edhem Sljivo,edhem_sljivo.php,8,Mediocampista
7231,1982,Yugoslavia,E,Zvonko Zivkovic,zvonko_zivkovic.php,10,Mediocampista
7232,1982,Yugoslavia,E,Jurica Jerkovic,jurica_jerkovic.php,17,Mediocampista
7233,1982,Yugoslavia,E,Zlatko Vujovic,zlatko_vujovic.php,11,Delantero
7234,1982,Yugoslavia,E,Safet Susic,safet_susic.php,13,Delantero
7235,1982,Yugoslavia,E,Milos Sestic,milos_sestic.php,16,Delantero
7236,1982,Yugoslavia,E,Stjepan Deveric,stjepan_deveric.php,18,Delantero
7237,1982,Yugoslavia,E,Vahid Halilhodzic,vahid_halilhodzic.php,19,Delantero
7238,1982,Yugoslavia,E,Ivica Surjak,ivica_surjak.php,20,Delantero
7239,1982,Yugoslavia,E,Predrag Pasic,predrag_pasic.php,21,Delantero
7240,1982,Brasil,F,Waldir Peres,waldir_peres.php,1,Arquero
7241,1982,Brasil,F,Paulo Sergio,paulo_sergio_2.php,12,Arquero
7242,1982,Brasil,F,Carlos,carlos.php,22,Arquero
7243,1982,Brasil,F,Leandro,leandro.php,2,Defensor
7244,1982,Brasil,F,Oscar,oscar.php,3,Defensor
7245,1982,Brasil,F,Luizinho,luizinho.php,4,Defensor
7246,1982,Brasil,F,Junior,junior.php,6,Defensor
7247,1982,Brasil,F,Edevaldo,edevaldo.php,13,Defensor
7248,1982,Brasil,F,Juninho,juninho.php,14,Defensor
7249,1982,Brasil,F,Edinho,edinho.php,16,Defensor
7250,1982,Brasil,F,Pedrinho,pedrinho.php,17,Defensor
7251,1982,Brasil,F,Toninho Cerezo,toninho_cerezo.php,5,Mediocampista
7252,1982,Brasil,F,Paulo Isidoro,paulo_isidoro.php,7,Mediocampista
7253,1982,Brasil,F,Socrates,socrates.php,8,Mediocampista
7254,1982,Brasil,F,Zico,zico.php,10,Mediocampista
7255,1982,Brasil,F,Eder,eder.php,11,Mediocampista
7256,1982,Brasil,F,Falcao,falcao.php,15,Mediocampista
7257,1982,Brasil,F,Batista,batista.php,18,Mediocampista
7258,1982,Brasil,F,Renato,renato_2.php,19,Mediocampista
7259,1982,Brasil,F,Serginho,serginho.php,9,Delantero
7260,1982,Brasil,F,Roberto Dinamite,roberto_dinamite.php,20,Delantero
7261,1982,Brasil,F,Dirceu,dirceu.php,21,Delantero
7262,1982,Escocia,F,Alan Rough,alan_rough.php,1,Arquero
7263,1982,Escocia,F,George Wood,george_wood.php,12,Arquero
7264,1982,Escocia,F,Jim Leighton,jim_leighton.php,22,Arquero
7265,1982,Escocia,F,Danny Mcgrain,danny_mcgrain.php,2,Defensor
7266,1982,Escocia,F,Frank Gray,frank_gray.php,3,Defensor
7267,1982,Escocia,F,Alan Hansen,alan_hansen.php,5,Defensor
7268,1982,Escocia,F,Willie Miller,willie_miller.php,6,Defensor
7269,1982,Escocia,F,Alex Mcleish,alex_mcleish.php,13,Defensor
7270,1982,Escocia,F,David Narey,david_narey.php,14,Defensor
7271,1982,Escocia,F,Allan Evans,allan_evans.php,17,Defensor
7272,1982,Escocia,F,George Burley,george_burley.php,21,Defensor
7273,1982,Escocia,F,Graeme Souness,graeme_souness.php,4,Mediocampista
7274,1982,Escocia,F,Gordon Strachan,gordon_strachan.php,7,Mediocampista
7275,1982,Escocia,F,John Wark,john_wark.php,10,Mediocampista
7276,1982,Escocia,F,Asa Hartford,asa_hartford.php,16,Mediocampista
7277,1982,Escocia,F,Kenny Dalglish,kenny_dalglish.php,8,Delantero
7278,1982,Escocia,F,Alan Brazil,alan_brazil.php,9,Delantero
7279,1982,Escocia,F,John Robertson,john_robertson.php,11,Delantero
7280,1982,Escocia,F,Joe Jordan,joe_jordan.php,15,Delantero
7281,1982,Escocia,F,Steve Archibald,steve_archibald.php,18,Delantero
7282,1982,Escocia,F,Paul Sturrock,paul_sturrock.php,19,Delantero
7283,1982,Escocia,F,David Provan,david_provan.php,20,Delantero
7284,1982,Nueva Zelanda,F,Richard Wilson,richard_wilson.php,1,Arquero
7285,1982,Nueva Zelanda,F,Barry Pickering,barry_pickering.php,21,Arquero
7286,1982,Nueva Zelanda,F,Frank Van Hattum,frank_van_hattum.php,22,Arquero
7287,1982,Nueva Zelanda,F,Glen Dods,glen_dods.php,2,Defensor
7288,1982,Nueva Zelanda,F,Ricki Herbert,ricki_herbert.php,3,Defensor
7289,1982,Nueva Zelanda,F,Dave Bright,dave_bright.php,5,Defensor
7290,1982,Nueva Zelanda,F,Robert Almond,robert_almond.php,6,Defensor
7291,1982,Nueva Zelanda,F,Sam Malcolmson,sam_malcolmson.php,11,Defensor
7292,1982,Nueva Zelanda,F,Adrian Elrick,adrian_elrick.php,14,Defensor
7293,1982,Nueva Zelanda,F,John Hill,john_hill.php,15,Defensor
7294,1982,Nueva Zelanda,F,Glen Adam,glen_adam.php,16,Defensor
7295,1982,Nueva Zelanda,F,Duncan Cole,duncan_cole.php,8,Mediocampista
7296,1982,Nueva Zelanda,F,Steve Sumner,steve_sumner.php,10,Mediocampista
7297,1982,Nueva Zelanda,F,Keith Mckay,keith_mckay.php,12,Mediocampista
7298,1982,Nueva Zelanda,F,Kenny Cresswell,kenny_cresswell.php,13,Mediocampista
7299,1982,Nueva Zelanda,F,Allan Boath,allan_boath.php,17,Mediocampista
7300,1982,Nueva Zelanda,F,Peter Simonsen,peter_simonsen.php,18,Mediocampista
7301,1982,Nueva Zelanda,F,Billy Mcclure,billy_mcclure.php,19,Mediocampista
7302,1982,Nueva Zelanda,F,Brian Turner,brian_turner.php,4,Delantero
7303,1982,Nueva Zelanda,F,Wynton Rufer,wynton_rufer.php,7,Delantero
7304,1982,Nueva Zelanda,F,Steve Wooddin,steve_wooddin.php,9,Delantero
7305,1982,Nueva Zelanda,F,Grant Turner,grant_turner.php,20,Delantero
7306,1982,URSS,F,Rinat Dassayev,rinat_dassayev.php,1,Arquero
7307,1982,URSS,F,Victor Chanov,victor_chanov.php,16,Arquero
7308,1982,URSS,F,Viacheslav Chanov,viacheslav_chanov.php,22,Arquero
7309,1982,URSS,F,Tengiz Sulakvelidze,tengiz_sulakvelidze.php,2,Defensor
7310,1982,URSS,F,Aleksandr Chivadze,aleksandr_chivadze.php,3,Defensor
7311,1982,URSS,F,Vagiz Khidiyatullin,vagiz_khidiyatullin.php,4,Defensor
7312,1982,URSS,F,Sergei Baltacha,sergei_baltacha.php,5,Defensor
7313,1982,URSS,F,Anatoli Demyanenko,anatoli_demyanenko.php,6,Defensor
7314,1982,URSS,F,Sergei Borovski,sergei_borovski.php,14,Defensor
7315,1982,URSS,F,Oleg Romantsev,oleg_romantsev.php,20,Defensor
7316,1982,URSS,F,Vladimir Bessonov,vladimir_bessonov.php,8,Mediocampista
7317,1982,URSS,F,Yuri Gavrilov,yuri_gavrilov.php,9,Mediocampista
7318,1982,URSS,F,Khoren Oganesian,khoren_oganesian.php,10,Mediocampista
7319,1982,URSS,F,Andrei Bal,andrei_bal.php,12,Mediocampista
7320,1982,URSS,F,Vitali Daraselia,vitali_daraselia.php,13,Mediocampista
7321,1982,URSS,F,Leonid Buryak,leonid_buryak.php,17,Mediocampista
7322,1982,URSS,F,Yuri Susloparov,yuri_susloparov.php,18,Mediocampista
7323,1982,URSS,F,Ramaz Shengelia,ramaz_shengelia.php,7,Delantero
7324,1982,URSS,F,Oleg Blokhin,oleg_blokhin.php,11,Delantero
7325,1982,URSS,F,Sergei Andreyev,sergei_andreyev.php,15,Delantero
7326,1982,URSS,F,Vadim Yevtushenko,vadim_yevtushenko.php,19,Delantero
7327,1982,URSS,F,Sergei Rodionov,sergei_rodionov.php,21,Delantero
7328,1982,Bélgica,1,Jean-Marie Pfaff,jean_marie_pfaff.php,1,Arquero
7329,1982,Bélgica,1,Theo Custers,theo_custers.php,12,Arquero
7330,1982,Bélgica,1,Jacques Munaron,jacques_munaron.php,22,Arquero
7331,1982,Bélgica,1,Eric Gerets,eric_gerets.php,2,Defensor
7332,1982,Bélgica,1,Luc Millecamps,luc_millecamps.php,3,Defensor
7333,1982,Bélgica,1,Walter Meeuws,walter_meeuws.php,4,Defensor
7334,1982,Bélgica,1,Michel Renquin,michel_renquin.php,5,Defensor
7335,1982,Bélgica,1,Marc Baecke,marc_baecke.php,14,Defensor
7336,1982,Bélgica,1,Maurits De Schrijver,maurits_de_schrijver.php,15,Defensor
7337,1982,Bélgica,1,Gerard Plessers,gerard_plessers.php,16,Defensor
7338,1982,Bélgica,1,Frank Vercauteren,frank_vercauteren.php,6,Mediocampista
7339,1982,Bélgica,1,Rene Vandereycken,rene_vandereycken.php,7,Mediocampista
7340,1982,Bélgica,1,Wilfried Van Moer,wilfried_van_moer.php,8,Mediocampista
7341,1982,Bélgica,1,Ludo Coeck,ludo_coeck.php,10,Mediocampista
7342,1982,Bélgica,1,Rene Verheyen,rene_verheyen.php,17,Mediocampista
7343,1982,Bélgica,1,Raymond Mommens,raymond_mommens.php,18,Mediocampista
7344,1982,Bélgica,1,Marc Millecamps,marc_millecamps.php,19,Mediocampista
7345,1982,Bélgica,1,Erwin Vandenbergh,erwin_vandenbergh.php,9,Delantero
7346,1982,Bélgica,1,Jan Ceulemans,jan_ceulemans.php,11,Delantero
7347,1982,Bélgica,1,Francois Van Der Elst,francois_van_der_elst.php,13,Delantero
7348,1982,Bélgica,1,Guy Vandersmissen,guy_vandersmissen.php,20,Delantero
7349,1982,Bélgica,1,Alex Czerniatynski,alex_czerniatynski.php,21,Delantero
7350,1982,Polonia,1,Jozef Mlynarczyk,jozef_mlynarczyk.php,1,Arquero
7351,1982,Polonia,1,Jacek Kazimierski,jacek_kazimierski.php,21,Arquero
7352,1982,Polonia,1,Piotr Mowlik,piotr_mowlik.php,22,Arquero
7353,1982,Polonia,1,Marek Dziuba,marek_dziuba.php,2,Defensor
7354,1982,Polonia,1,Janusz Kupcewicz,janusz_kupcewicz.php,3,Defensor
7355,1982,Polonia,1,Tadeusz Dolny,tadeusz_dolny.php,4,Defensor
7356,1982,Polonia,1,Pawel Janas,pawel_janas.php,5,Defensor
7357,1982,Polonia,1,Piotr Skrobowski,piotr_skrobowski.php,6,Defensor
7358,1982,Polonia,1,Jan Jalocha,jan_jalocha.php,7,Defensor
7359,1982,Polonia,1,Wladyslaw Zmuda,wladyslaw_zmuda.php,9,Defensor
7360,1982,Polonia,1,Stefan Majewski,stefan_majewski.php,10,Defensor
7361,1982,Polonia,1,Roman Wojcicki,roman_wojcicki.php,12,Defensor
7362,1982,Polonia,1,Waldemar Matysik,waldemar_matysik.php,8,Mediocampista
7363,1982,Polonia,1,Andrzej Buncol,andrzej_buncol.php,13,Mediocampista
7364,1982,Polonia,1,Andrzej Palasz,andrzej_palasz.php,14,Mediocampista
7365,1982,Polonia,1,Wlodzimierz Ciolek,wlodzimierz_ciolek.php,15,Mediocampista
7366,1982,Polonia,1,Wlodimierz Smolarek,wlodimierz_smolarek.php,11,Delantero
7367,1982,Polonia,1,Grzegorz Lato,grzegorz_lato.php,16,Delantero
7368,1982,Polonia,1,Andrzej Szarmach,andrzej_szarmach.php,17,Delantero
7369,1982,Polonia,1,Marek Kusto,marek_kusto.php,18,Delantero
7370,1982,Polonia,1,Andrzej Iwan,andrzej_iwan.php,19,Delantero
7371,1982,Polonia,1,Zbigniew Boniek,zbigniew_boniek.php,20,Delantero
7372,1982,URSS,1,Rinat Dassayev,rinat_dassayev.php,1,Arquero
7373,1982,URSS,1,Victor Chanov,victor_chanov.php,16,Arquero
7374,1982,URSS,1,Viacheslav Chanov,viacheslav_chanov.php,22,Arquero
7375,1982,URSS,1,Tengiz Sulakvelidze,tengiz_sulakvelidze.php,2,Defensor
7376,1982,URSS,1,Aleksandr Chivadze,aleksandr_chivadze.php,3,Defensor
7377,1982,URSS,1,Vagiz Khidiyatullin,vagiz_khidiyatullin.php,4,Defensor
7378,1982,URSS,1,Sergei Baltacha,sergei_baltacha.php,5,Defensor
7379,1982,URSS,1,Anatoli Demyanenko,anatoli_demyanenko.php,6,Defensor
7380,1982,URSS,1,Sergei Borovski,sergei_borovski.php,14,Defensor
7381,1982,URSS,1,Oleg Romantsev,oleg_romantsev.php,20,Defensor
7382,1982,URSS,1,Vladimir Bessonov,vladimir_bessonov.php,8,Mediocampista
7383,1982,URSS,1,Yuri Gavrilov,yuri_gavrilov.php,9,Mediocampista
7384,1982,URSS,1,Khoren Oganesian,khoren_oganesian.php,10,Mediocampista
7385,1982,URSS,1,Andrei Bal,andrei_bal.php,12,Mediocampista
7386,1982,URSS,1,Vitali Daraselia,vitali_daraselia.php,13,Mediocampista
7387,1982,URSS,1,Leonid Buryak,leonid_buryak.php,17,Mediocampista
7388,1982,URSS,1,Yuri Susloparov,yuri_susloparov.php,18,Mediocampista
7389,1982,URSS,1,Ramaz Shengelia,ramaz_shengelia.php,7,Delantero
7390,1982,URSS,1,Oleg Blokhin,oleg_blokhin.php,11,Delantero
7391,1982,URSS,1,Sergei Andreyev,sergei_andreyev.php,15,Delantero
7392,1982,URSS,1,Vadim Yevtushenko,vadim_yevtushenko.php,19,Delantero
7393,1982,URSS,1,Sergei Rodionov,sergei_rodionov.php,21,Delantero
7394,1982,Alemania Occidental,2,Harald Schumacher,harald_schumacher.php,1,Arquero
7395,1982,Alemania Occidental,2,Bernd Franke,bernd_franke.php,21,Arquero
7396,1982,Alemania Occidental,2,Eike Immel,eike_immel.php,22,Arquero
7397,1982,Alemania Occidental,2,Hans-Peter Briegel,hans_peter_briegel.php,2,Defensor
7398,1982,Alemania Occidental,2,Karl-Heinz Foerster,karl_heinz_foerster.php,4,Defensor
7399,1982,Alemania Occidental,2,Bernd Foerster,bernd_foerster.php,5,Defensor
7400,1982,Alemania Occidental,2,Wilfried Hannes,wilfried_hannes.php,12,Defensor
7401,1982,Alemania Occidental,2,Uli Stielike,uli_stielike.php,15,Defensor
7402,1982,Alemania Occidental,2,Holger Hieronymus,holger_hieronymus.php,19,Defensor
7403,1982,Alemania Occidental,2,Manfred Kaltz,manfred_kaltz.php,20,Defensor
7404,1982,Alemania Occidental,2,Paul Breitner,paul_breitner.php,3,Mediocampista
7405,1982,Alemania Occidental,2,Wolfgang Dremmler,wolfgang_dremmler.php,6,Mediocampista
7406,1982,Alemania Occidental,2,Pierre Littbarski,pierre_littbarski.php,7,Mediocampista
7407,1982,Alemania Occidental,2,Hansi Mueller,hansi_mueller.php,10,Mediocampista
7408,1982,Alemania Occidental,2,Felix Magath,felix_magath.php,14,Mediocampista
7409,1982,Alemania Occidental,2,Stephan Engels,stephan_engels.php,17,Mediocampista
7410,1982,Alemania Occidental,2,Lothar Matthaeus,lothar_matthaeus.php,18,Mediocampista
7411,1982,Alemania Occidental,2,Klaus Fischer,klaus_fischer.php,8,Delantero
7412,1982,Alemania Occidental,2,Horst Hrubesch,horst_hrubesch.php,9,Delantero
7413,1982,Alemania Occidental,2,Karl-Heinz Rummenigge,karl_heinz_rummenigge.php,11,Delantero
7414,1982,Alemania Occidental,2,Uwe Reinders,uwe_reinders.php,13,Delantero
7415,1982,Alemania Occidental,2,Thomas Allofs,thomas_allofs.php,16,Delantero
7416,1982,España,2,Luis Arconada,luis_arconada.php,1,Arquero
7417,1982,España,2,Francisco Urruticoechea,francisco_urruticoechea.php,21,Arquero
7418,1982,España,2,Miguel Angel,miguel_angel.php,22,Arquero
7419,1982,España,2,Jose Antonio Camacho,jose_antonio_camacho.php,2,Defensor
7420,1982,España,2,Rafael Gordillo,rafael_gordillo.php,3,Defensor
7421,1982,España,2,Miguel Tendillo,miguel_tendillo.php,5,Defensor
7422,1982,España,2,Jose Alexanko,jose_alexanko.php,6,Defensor
7423,1982,España,2,Santiago Urquiaga,santiago_urquiaga.php,12,Defensor
7424,1982,España,2,Manuel Jimenez,manuel_jimenez_2.php,13,Defensor
7425,1982,España,2,Antonio Maceda,antonio_maceda.php,14,Defensor
7426,1982,España,2,Miguel Alonso,miguel_alonso.php,4,Mediocampista
7427,1982,España,2,Joaquin,joaquin_2.php,8,Mediocampista
7428,1982,España,2,Jesus Zamora,jesus_zamora.php,10,Mediocampista
7429,1982,España,2,Enrique Saura,enrique_saura.php,15,Mediocampista
7430,1982,España,2,Jose Sanchez,jose_sanchez.php,16,Mediocampista
7431,1982,España,2,Ricardo Gallego,ricardo_gallego.php,17,Mediocampista
7432,1982,España,2,Juanito,juanito_2.php,7,Delantero
7433,1982,España,2,Jesus Satrustegui,jesus_satrustegui.php,9,Delantero
7434,1982,España,2,Lopez Ufarte,lopez_ufarte.php,11,Delantero
7435,1982,España,2,Pedro Uralde,pedro_uralde.php,18,Delantero
7436,1982,España,2,Santillana,santillana.php,19,Delantero
7437,1982,España,2,Quini,quini.php,20,Delantero
7438,1982,Inglaterra,2,Ray Clemence,ray_clemence.php,1,Arquero
7439,1982,Inglaterra,2,Joe Corrigan,joe_corrigan.php,13,Arquero
7440,1982,Inglaterra,2,Peter Shilton,peter_shilton.php,22,Arquero
7441,1982,Inglaterra,2,Viv Anderson,viv_anderson.php,2,Defensor
7442,1982,Inglaterra,2,Terry Butcher,terry_butcher.php,4,Defensor
7443,1982,Inglaterra,2,Steve Foster,steve_foster.php,6,Defensor
7444,1982,Inglaterra,2,Mick Mills,mick_mills.php,12,Defensor
7445,1982,Inglaterra,2,Philip Neal,philip_neal.php,14,Defensor
7446,1982,Inglaterra,2,Kenny Sansom,kenny_sansom.php,17,Defensor
7447,1982,Inglaterra,2,Phil Thompson,phil_thompson.php,18,Defensor
7448,1982,Inglaterra,2,Trevor Brooking,trevor_brooking.php,3,Mediocampista
7449,1982,Inglaterra,2,Steve Coppell,steve_coppell.php,5,Mediocampista
7450,1982,Inglaterra,2,Glenn Hoddle,glenn_hoddle.php,9,Mediocampista
7451,1982,Inglaterra,2,Terry Mcdermott,terry_mcdermott.php,10,Mediocampista
7452,1982,Inglaterra,2,Graham Rix,graham_rix.php,15,Mediocampista
7453,1982,Inglaterra,2,Bryan Robson,bryan_robson.php,16,Mediocampista
7454,1982,Inglaterra,2,Ray Wilkins,ray_wilkins.php,19,Mediocampista
7455,1982,Inglaterra,2,Kevin Keegan,kevin_keegan.php,7,Delantero
7456,1982,Inglaterra,2,Trevor Francis,trevor_francis.php,8,Delantero
7457,1982,Inglaterra,2,Paul Mariner,paul_mariner.php,11,Delantero
7458,1982,Inglaterra,2,Peter Withe,peter_withe.php,20,Delantero
7459,1982,Inglaterra,2,Tony Woodcock,tony_woodcock.php,21,Delantero
7460,1982,Argentina,3,Hector Baley,hector_baley.php,2,Arquero
7461,1982,Argentina,3,Ubaldo Fillol,ubaldo_fillol.php,7,Arquero
7462,1982,Argentina,3,Nery Pumpido,nery_pumpido.php,16,Arquero
7463,1982,Argentina,3,Luis Galvan,luis_galvan.php,8,Defensor
7464,1982,Argentina,3,Julio Olarticoechea,julio_olarticoechea.php,13,Defensor
7465,1982,Argentina,3,Jorge Olguin,jorge_olguin.php,14,Defensor
7466,1982,Argentina,3,Daniel Passarella,daniel_passarella.php,15,Defensor
7467,1982,Argentina,3,Alberto Tarantini,alberto_tarantini.php,18,Defensor
7468,1982,Argentina,3,Enzo Trossero,enzo_trossero.php,19,Defensor
7469,1982,Argentina,3,Jose Van Tuyne,jose_van_tuyne.php,22,Defensor
7470,1982,Argentina,3,Osvaldo Ardiles,osvaldo_ardiles.php,1,Mediocampista
7471,1982,Argentina,3,Juan Barbas,juan_barbas.php,3,Mediocampista
7472,1982,Argentina,3,Americo Gallego,americo_gallego.php,9,Mediocampista
7473,1982,Argentina,3,Diego Maradona,diego_maradona.php,10,Mediocampista
7474,1982,Argentina,3,Patricio Hernandez,patricio_hernandez.php,12,Mediocampista
7475,1982,Argentina,3,Daniel Bertoni,daniel_bertoni.php,4,Delantero
7476,1982,Argentina,3,Gabriel Calderon,gabriel_calderon.php,5,Delantero
7477,1982,Argentina,3,Ramon Diaz,ramon_diaz.php,6,Delantero
7478,1982,Argentina,3,Mario Kempes,mario_kempes.php,11,Delantero
7479,1982,Argentina,3,Santiago Santamaria,santiago_santamaria.php,17,Delantero
7480,1982,Argentina,3,Jorge Valdano,jorge_valdano.php,20,Delantero
7481,1982,Argentina,3,Jose Valencia,jose_valencia.php,21,Delantero
7482,1982,Brasil,3,Waldir Peres,waldir_peres.php,1,Arquero
7483,1982,Brasil,3,Paulo Sergio,paulo_sergio_2.php,12,Arquero
7484,1982,Brasil,3,Carlos,carlos.php,22,Arquero
7485,1982,Brasil,3,Leandro,leandro.php,2,Defensor
7486,1982,Brasil,3,Oscar,oscar.php,3,Defensor
7487,1982,Brasil,3,Luizinho,luizinho.php,4,Defensor
7488,1982,Brasil,3,Junior,junior.php,6,Defensor
7489,1982,Brasil,3,Edevaldo,edevaldo.php,13,Defensor
7490,1982,Brasil,3,Juninho,juninho.php,14,Defensor
7491,1982,Brasil,3,Edinho,edinho.php,16,Defensor
7492,1982,Brasil,3,Pedrinho,pedrinho.php,17,Defensor
7493,1982,Brasil,3,Toninho Cerezo,toninho_cerezo.php,5,Mediocampista
7494,1982,Brasil,3,Paulo Isidoro,paulo_isidoro.php,7,Mediocampista
7495,1982,Brasil,3,Socrates,socrates.php,8,Mediocampista
7496,1982,Brasil,3,Zico,zico.php,10,Mediocampista
7497,1982,Brasil,3,Eder,eder.php,11,Mediocampista
7498,1982,Brasil,3,Falcao,falcao.php,15,Mediocampista
7499,1982,Brasil,3,Batista,batista.php,18,Mediocampista
7500,1982,Brasil,3,Renato,renato_2.php,19,Mediocampista
7501,1982,Brasil,3,Serginho,serginho.php,9,Delantero
7502,1982,Brasil,3,Roberto Dinamite,roberto_dinamite.php,20,Delantero
7503,1982,Brasil,3,Dirceu,dirceu.php,21,Delantero
7504,1982,Italia,3,Dino Zoff,dino_zoff.php,1,Arquero
7505,1982,Italia,3,Ivano Bordon,ivano_bordon.php,12,Arquero
7506,1982,Italia,3,Giovanni Galli,giovanni_galli.php,22,Arquero
7507,1982,Italia,3,Franco Baresi,franco_baresi.php,2,Defensor
7508,1982,Italia,3,Giuseppe Bergomi,giuseppe_bergomi.php,3,Defensor
7509,1982,Italia,3,Antonio Cabrini,antonio_cabrini.php,4,Defensor
7510,1982,Italia,3,Fulvio Collovati,fulvio_collovati.php,5,Defensor
7511,1982,Italia,3,Claudio Gentile,claudio_gentile.php,6,Defensor
7512,1982,Italia,3,Gaetano Scirea,gaetano_scirea.php,7,Defensor
7513,1982,Italia,3,Pietro Vierchowod,pietro_vierchowod.php,8,Defensor
7514,1982,Italia,3,Giancarlo Antognoni,giancarlo_antognoni.php,9,Mediocampista
7515,1982,Italia,3,Giuseppe Dossena,giuseppe_dossena.php,10,Mediocampista
7516,1982,Italia,3,Giampiero Marini,giampiero_marini.php,11,Mediocampista
7517,1982,Italia,3,Gabriele Oriali,gabriele_oriali.php,13,Mediocampista
7518,1982,Italia,3,Marco Tardelli,marco_tardelli.php,14,Mediocampista
7519,1982,Italia,3,Franco Causio,franco_causio.php,15,Mediocampista
7520,1982,Italia,3,Bruno Conti,bruno_conti.php,16,Mediocampista
7521,1982,Italia,3,Daniele Massaro,daniele_massaro.php,17,Mediocampista
7522,1982,Italia,3,Alessandro Altobelli,alessandro_altobelli.php,18,Delantero
7523,1982,Italia,3,Francesco Graziani,francesco_graziani.php,19,Delantero
7524,1982,Italia,3,Paolo Rossi,paolo_rossi.php,20,Delantero
7525,1982,Italia,3,Franco Selvaggi,franco_selvaggi.php,21,Delantero
7526,1982,Austria,4,Friedl Koncilia,friedl_koncilia.php,1,Arquero
7527,1982,Austria,4,Herbert Feurer,herbert_feurer.php,21,Arquero
7528,1982,Austria,4,Klaus Lindenberger,klaus_lindenberger.php,22,Arquero
7529,1982,Austria,4,Bernd Krauss,bernd_krauss.php,2,Defensor
7530,1982,Austria,4,Erich Obermayer,erich_obermayer.php,3,Defensor
7531,1982,Austria,4,Josef Degeorgi,josef_degeorgi.php,4,Defensor
7532,1982,Austria,4,Bruno Pezzey,bruno_pezzey.php,5,Defensor
7533,1982,Austria,4,Gerald Messlender,gerald_messlender.php,16,Defensor
7534,1982,Austria,4,Johann Pregesbauer,johann_pregesbauer.php,17,Defensor
7535,1982,Austria,4,Heribert Weber,heribert_weber.php,19,Defensor
7536,1982,Austria,4,Roland Hattenberger,roland_hattenberger.php,6,Mediocampista
7537,1982,Austria,4,Herbert Prohaska,herbert_prohaska.php,8,Mediocampista
7538,1982,Austria,4,Reinhold Hintermaier,reinhold_hintermaier.php,10,Mediocampista
7539,1982,Austria,4,Kurt Jara,kurt_jara.php,11,Mediocampista
7540,1982,Austria,4,Andy Pichler,andy_pichler.php,12,Mediocampista
7541,1982,Austria,4,Ernst Baumeister,ernst_baumeister.php,14,Mediocampista
7542,1982,Austria,4,Hans Dihanich,hans_dihanich.php,15,Mediocampista
7543,1982,Austria,4,Walter Schachner,walter_schachner.php,7,Delantero
7544,1982,Austria,4,Hans Krankl,hans_krankl.php,9,Delantero
7545,1982,Austria,4,Max Hagmayr,max_hagmayr.php,13,Delantero
7546,1982,Austria,4,Gernot Jurtin,gernot_jurtin.php,18,Delantero
7547,1982,Austria,4,Kurt Welzl,kurt_welzl.php,20,Delantero
7548,1982,Francia,4,Dominique Baratelli,dominique_baratelli.php,1,Arquero
7549,1982,Francia,4,Jean Castaneda,jean_castaneda.php,21,Arquero
7550,1982,Francia,4,Jean-Luc Ettori,jean_luc_ettori.php,22,Arquero
7551,1982,Francia,4,Manuel Amoros,manuel_amoros.php,2,Defensor
7552,1982,Francia,4,Patrick Battiston,patrick_battiston.php,3,Defensor
7553,1982,Francia,4,Maxime Bossis,maxime_bossis.php,4,Defensor
7554,1982,Francia,4,Gerard Janvion,gerard_janvion.php,5,Defensor
7555,1982,Francia,4,Christian Lopez,christian_lopez.php,6,Defensor
7556,1982,Francia,4,Philippe Mahut,philippe_mahut.php,7,Defensor
7557,1982,Francia,4,Marius Tresor,marius_tresor.php,8,Defensor
7558,1982,Francia,4,Bernard Genghini,bernard_genghini.php,9,Mediocampista
7559,1982,Francia,4,Michel Platini,michel_platini.php,10,Mediocampista
7560,1982,Francia,4,Rene Girard,rene_girard.php,11,Mediocampista
7561,1982,Francia,4,Alain Giresse,alain_giresse.php,12,Mediocampista
7562,1982,Francia,4,Jean-Francois Larios,jean_francois_larios.php,13,Mediocampista
7563,1982,Francia,4,Jean Tigana,jean_tigana.php,14,Mediocampista
7564,1982,Francia,4,Bruno Bellone,bruno_bellone.php,15,Delantero
7565,1982,Francia,4,Alain Couriol,alain_couriol.php,16,Delantero
7566,1982,Francia,4,Bernard Lacombe,bernard_lacombe.php,17,Delantero
7567,1982,Francia,4,Dominique Rocheteau,dominique_rocheteau.php,18,Delantero
7568,1982,Francia,4,Didier Six,didier_six.php,19,Delantero
7569,1982,Francia,4,Gerard Soler,gerard_soler.php,20,Delantero
7570,1982,Irlanda del Norte,4,Pat Jennings,pat_jennings.php,1,Arquero
7571,1982,Irlanda del Norte,4,Jim Platt,jim_platt.php,17,Arquero
7572,1982,Irlanda del Norte,4,George Dunlop,george_dunlop.php,22,Arquero
7573,1982,Irlanda del Norte,4,Jimmy Nicholl,jimmy_nicholl.php,2,Defensor
7574,1982,Irlanda del Norte,4,Mal Donaghy,mal_donaghy.php,3,Defensor
7575,1982,Irlanda del Norte,4,Chris Nicholl,chris_nicholl.php,5,Defensor
7576,1982,Irlanda del Norte,4,John O'Neill,john_oneill.php,6,Defensor
7577,1982,Irlanda del Norte,4,John Mcclelland,john_mcclelland.php,12,Defensor
7578,1982,Irlanda del Norte,4,Sammy Nelson,sammy_nelson.php,13,Defensor
7579,1982,Irlanda del Norte,4,David Mccreery,david_mccreery.php,4,Mediocampista
7580,1982,Irlanda del Norte,4,Martin O'Neill,martin_oneill.php,8,Mediocampista
7581,1982,Irlanda del Norte,4,Sam Mcilroy,sam_mcilroy.php,10,Mediocampista
7582,1982,Irlanda del Norte,4,Tommy Cassidy,tommy_cassidy.php,14,Mediocampista
7583,1982,Irlanda del Norte,4,Thomas Finney,thomas_finney.php,15,Mediocampista
7584,1982,Irlanda del Norte,4,John Jameson,john_jameson.php,18,Mediocampista
7585,1982,Irlanda del Norte,4,Jim Cleary,jim_cleary.php,20,Mediocampista
7586,1982,Irlanda del Norte,4,Noel Brotherston,noel_brotherston.php,7,Delantero
7587,1982,Irlanda del Norte,4,Gerry Armstrong,gerry_armstrong.php,9,Delantero
7588,1982,Irlanda del Norte,4,Billy Hamilton,billy_hamilton.php,11,Delantero
7589,1982,Irlanda del Norte,4,Norman Whiteside,norman_whiteside.php,16,Delantero
7590,1982,Irlanda del Norte,4,Felix Healey,felix_healey.php,19,Delantero
7591,1982,Irlanda del Norte,4,Bobby Campbell,bobby_campbell.php,21,Delantero
7592,1978,Argentina,1,Hector Baley,hector_baley.php,3,Arquero
7593,1978,Argentina,1,Ubaldo Fillol,ubaldo_fillol.php,5,Arquero
7594,1978,Argentina,1,Ricardo La Volpe,ricardo_la_volpe.php,13,Arquero
7595,1978,Argentina,1,Luis Galvan,luis_galvan.php,7,Defensor
7596,1978,Argentina,1,Ruben Galvan,ruben_galvan.php,8,Defensor
7597,1978,Argentina,1,Daniel Killer,daniel_killer.php,11,Defensor
7598,1978,Argentina,1,Jorge Olguin,jorge_olguin.php,15,Defensor
7599,1978,Argentina,1,Ruben Pagnanini,ruben_pagnanini.php,18,Defensor
7600,1978,Argentina,1,Daniel Passarella,daniel_passarella.php,19,Defensor
7601,1978,Argentina,1,Alberto Tarantini,alberto_tarantini.php,20,Defensor
7602,1978,Argentina,1,Norberto Alonso,norberto_alonso.php,1,Mediocampista
7603,1978,Argentina,1,Osvaldo Ardiles,osvaldo_ardiles.php,2,Mediocampista
7604,1978,Argentina,1,Americo Gallego,americo_gallego.php,6,Mediocampista
7605,1978,Argentina,1,Rene Houseman,rene_houseman.php,9,Mediocampista
7606,1978,Argentina,1,Omar Larrosa,omar_larrosa.php,12,Mediocampista
7607,1978,Argentina,1,Miguel Oviedo,miguel_oviedo.php,17,Mediocampista
7608,1978,Argentina,1,Jose Valencia,jose_valencia.php,21,Mediocampista
7609,1978,Argentina,1,Ricardo Villa,ricardo_villa.php,22,Mediocampista
7610,1978,Argentina,1,Daniel Bertoni,daniel_bertoni.php,4,Delantero
7611,1978,Argentina,1,Mario Kempes,mario_kempes.php,10,Delantero
7612,1978,Argentina,1,Leopoldo Luque,leopoldo_luque.php,14,Delantero
7613,1978,Argentina,1,Oscar Ortiz,oscar_ortiz.php,16,Delantero
7614,1978,Francia,1,Dominique Baratelli,dominique_baratelli.php,1,Arquero
7615,1978,Francia,1,Jean-Paul Bertrand-Demanes,jean_paul_bertrand_demanes.php,21,Arquero
7616,1978,Francia,1,Dominique Dropsy,dominique_dropsy.php,22,Arquero
7617,1978,Francia,1,Patrick Battiston,patrick_battiston.php,2,Defensor
7618,1978,Francia,1,Maxime Bossis,maxime_bossis.php,3,Defensor
7619,1978,Francia,1,Gerard Janvion,gerard_janvion.php,4,Defensor
7620,1978,Francia,1,Francois Bracci,francois_bracci.php,5,Defensor
7621,1978,Francia,1,Christian Lopez,christian_lopez.php,6,Defensor
7622,1978,Francia,1,Patrice Rio,patrice_rio.php,7,Defensor
7623,1978,Francia,1,Marius Tresor,marius_tresor.php,8,Defensor
7624,1978,Francia,1,Dominique Bathenay,dominique_bathenay.php,9,Mediocampista
7625,1978,Francia,1,Jean-Marc Guillou,jean_marc_guillou.php,10,Mediocampista
7626,1978,Francia,1,Henri Michel,henri_michel.php,11,Mediocampista
7627,1978,Francia,1,Claude Papi,claude_papi.php,12,Mediocampista
7628,1978,Francia,1,Jean Petit,jean_petit.php,13,Mediocampista
7629,1978,Francia,1,Michel Platini,michel_platini.php,15,Mediocampista
7630,1978,Francia,1,Marc Berdoll,marc_berdoll.php,14,Delantero
7631,1978,Francia,1,Christian Dalger,christian_dalger.php,16,Delantero
7632,1978,Francia,1,Bernard Lacombe,bernard_lacombe.php,17,Delantero
7633,1978,Francia,1,Dominique Rocheteau,dominique_rocheteau.php,18,Delantero
7634,1978,Francia,1,Didier Six,didier_six.php,19,Delantero
7635,1978,Francia,1,Olivier Rouyer,olivier_rouyer.php,20,Delantero
7636,1978,Hungría,1,Sandor Gujdar,sandor_gujdar.php,1,Arquero
7637,1978,Hungría,1,Ferenc Meszaros,ferenc_meszaros.php,21,Arquero
7638,1978,Hungría,1,Laszlo Kovacs,laszlo_kovacs.php,22,Arquero
7639,1978,Hungría,1,Peter Torok,peter_torok.php,2,Defensor
7640,1978,Hungría,1,Istvan Kocsis,istvan_kocsis.php,3,Defensor
7641,1978,Hungría,1,Jozsef Toth,jozsef_toth_2.php,4,Defensor
7642,1978,Hungría,1,Zoltan Kereki,zoltan_kereki.php,6,Defensor
7643,1978,Hungría,1,Gyozo Martos,gyozo_martos.php,12,Defensor
7644,1978,Hungría,1,Laszlo Balint,laszlo_balint.php,14,Defensor
7645,1978,Hungría,1,Tibor Rab,tibor_rab.php,15,Defensor
7646,1978,Hungría,1,Sandor Zombori,sandor_zombori.php,5,Mediocampista
7647,1978,Hungría,1,Tibor Nyilasi,tibor_nyilasi.php,8,Mediocampista
7648,1978,Hungría,1,Sandor Pinter,sandor_pinter.php,10,Mediocampista
7649,1978,Hungría,1,Karoly Csapo,karoly_csapo.php,13,Mediocampista
7650,1978,Hungría,1,Istvan Halasz,istvan_halasz.php,16,Mediocampista
7651,1978,Hungría,1,Laszlo Nagy,laszlo_nagy.php,18,Mediocampista
7652,1978,Hungría,1,Ferenc Fulop,ferenc_fulop.php,20,Mediocampista
7653,1978,Hungría,1,Laszlo Fazekas,laszlo_fazekas.php,7,Delantero
7654,1978,Hungría,1,Andras Torocsik,andras_torocsik.php,9,Delantero
7655,1978,Hungría,1,Bela Varadi,bela_varadi.php,11,Delantero
7656,1978,Hungría,1,Laszlo Pusztai,laszlo_pusztai.php,17,Delantero
7657,1978,Hungría,1,Andras Toth,andras_toth.php,19,Delantero
7658,1978,Italia,1,Dino Zoff,dino_zoff.php,1,Arquero
7659,1978,Italia,1,Paolo Conti,paolo_conti.php,12,Arquero
7660,1978,Italia,1,Ivano Bordon,ivano_bordon.php,22,Arquero
7661,1978,Italia,1,Mauro Bellugi,mauro_bellugi.php,2,Defensor
7662,1978,Italia,1,Antonio Cabrini,antonio_cabrini.php,3,Defensor
7663,1978,Italia,1,Antonello Cuccureddu,antonello_cuccureddu.php,4,Defensor
7664,1978,Italia,1,Claudio Gentile,claudio_gentile.php,5,Defensor
7665,1978,Italia,1,Aldo Maldera,aldo_maldera.php,6,Defensor
7666,1978,Italia,1,Lionello Manfredonia,lionello_manfredonia.php,7,Defensor
7667,1978,Italia,1,Gaetano Scirea,gaetano_scirea.php,8,Defensor
7668,1978,Italia,1,Giancarlo Antognoni,giancarlo_antognoni.php,9,Mediocampista
7669,1978,Italia,1,Romeo Benetti,romeo_benetti.php,10,Mediocampista
7670,1978,Italia,1,Eraldo Pecci,eraldo_pecci.php,11,Mediocampista
7671,1978,Italia,1,Patrizio Sala,patrizio_sala.php,13,Mediocampista
7672,1978,Italia,1,Marco Tardelli,marco_tardelli.php,14,Mediocampista
7673,1978,Italia,1,Renato Zaccarelli,renato_zaccarelli.php,15,Mediocampista
7674,1978,Italia,1,Franco Causio,franco_causio.php,16,Mediocampista
7675,1978,Italia,1,Claudio Sala,claudio_sala.php,17,Mediocampista
7676,1978,Italia,1,Roberto Bettega,roberto_bettega.php,18,Delantero
7677,1978,Italia,1,Francesco Graziani,francesco_graziani.php,19,Delantero
7678,1978,Italia,1,Paolo Pulici,paolo_pulici.php,20,Delantero
7679,1978,Italia,1,Paolo Rossi,paolo_rossi.php,21,Delantero
7680,1978,Alemania Occidental,2,Sepp Maier,sepp_maier.php,1,Arquero
7681,1978,Alemania Occidental,2,Rudi Kargus,rudi_kargus.php,21,Arquero
7682,1978,Alemania Occidental,2,Dieter Burdenski,dieter_burdenski.php,22,Arquero
7683,1978,Alemania Occidental,2,Berti Vogts,berti_vogts.php,2,Defensor
7684,1978,Alemania Occidental,2,Bernd Dietz,bernd_dietz.php,3,Defensor
7685,1978,Alemania Occidental,2,Rolf Ruessmann,rolf_ruessmann.php,4,Defensor
7686,1978,Alemania Occidental,2,Manfred Kaltz,manfred_kaltz.php,5,Defensor
7687,1978,Alemania Occidental,2,Herbert Zimmermann,herbert_zimmermann.php,8,Defensor
7688,1978,Alemania Occidental,2,Hans-Georg Schwarzenbeck,hans_georg_schwarzenbeck.php,12,Defensor
7689,1978,Alemania Occidental,2,Harald Konopka,harald_konopka.php,13,Defensor
7690,1978,Alemania Occidental,2,Rainer Bonhof,rainer_bonhof.php,6,Mediocampista
7691,1978,Alemania Occidental,2,Heinz Flohe,heinz_flohe.php,10,Mediocampista
7692,1978,Alemania Occidental,2,Erich Beer,erich_beer.php,15,Mediocampista
7693,1978,Alemania Occidental,2,Bernd Cullmann,bernd_cullmann.php,16,Mediocampista
7694,1978,Alemania Occidental,2,Gerd Zewe,gerd_zewe.php,18,Mediocampista
7695,1978,Alemania Occidental,2,Hansi Mueller,hansi_mueller.php,20,Mediocampista
7696,1978,Alemania Occidental,2,Ruediger Abramczik,ruediger_abramczik.php,7,Delantero
7697,1978,Alemania Occidental,2,Klaus Fischer,klaus_fischer.php,9,Delantero
7698,1978,Alemania Occidental,2,Karl-Heinz Rummenigge,karl_heinz_rummenigge.php,11,Delantero
7699,1978,Alemania Occidental,2,Dieter Mueller,dieter_mueller.php,14,Delantero
7700,1978,Alemania Occidental,2,Bernd Hoelzenbein,bernd_hoelzenbein.php,17,Delantero
7701,1978,Alemania Occidental,2,Ronald Worm,ronald_worm.php,19,Delantero
7702,1978,México,2,Jose Reyes,jose_reyes.php,1,Arquero
7703,1978,México,2,Pedro Soto,pedro_soto.php,22,Arquero
7704,1978,México,2,Manuel Najera,manuel_najera.php,2,Defensor
7705,1978,México,2,Alfredo Tena,alfredo_tena.php,3,Defensor
7706,1978,México,2,Eduardo Ramos,eduardo_ramos.php,4,Defensor
7707,1978,México,2,Arturo Vasquez,arturo_vasquez.php,5,Defensor
7708,1978,México,2,Jesus Martinez,jesus_martinez.php,12,Defensor
7709,1978,México,2,Rigoberto Cisneros,rigoberto_cisneros.php,13,Defensor
7710,1978,México,2,Carlos Gomez,carlos_gomez.php,14,Defensor
7711,1978,México,2,Ignacio Flores,ignacio_flores.php,15,Defensor
7712,1978,México,2,Guillermo Mendizabal,guillermo_mendizabal.php,6,Mediocampista
7713,1978,México,2,Antonio De La Torre,antonio_de_la_torre.php,7,Mediocampista
7714,1978,México,2,Javier Cardenas,javier_cardenas.php,16,Mediocampista
7715,1978,México,2,Leonardo Cuellar,leonardo_cuellar.php,17,Mediocampista
7716,1978,México,2,Gerardo Lugo,gerardo_lugo.php,18,Mediocampista
7717,1978,México,2,Enrique Lopez Zarza,enrique_lopez_zarza.php,8,Delantero
7718,1978,México,2,Victor Rangel,victor_rangel.php,9,Delantero
7719,1978,México,2,Cristobal Ortega,cristobal_ortega.php,10,Delantero
7720,1978,México,2,Hugo Sánchez,hugo_sanchez.php,11,Delantero
7721,1978,México,2,Hugo Rodriguez,hugo_rodriguez.php,19,Delantero
7722,1978,México,2,Mario Medina,mario_medina.php,20,Delantero
7723,1978,México,2,Raul Isiordia,raul_isiordia.php,21,Delantero
7724,1978,Polonia,2,Jan Tomaszewski,jan_tomaszewski.php,1,Arquero
7725,1978,Polonia,2,Zygmunt Kukla,zygmunt_kukla.php,21,Arquero
7726,1978,Polonia,2,Zdzislaw Kostrzewa,zdzislaw_kostrzewa.php,22,Arquero
7727,1978,Polonia,2,Henryk Maculewicz,henryk_maculewicz.php,3,Defensor
7728,1978,Polonia,2,Antoni Szymanowski,antoni_szymanowski.php,4,Defensor
7729,1978,Polonia,2,Jerzy Gorgon,jerzy_gorgon.php,6,Defensor
7730,1978,Polonia,2,Wladyslaw Zmuda,wladyslaw_zmuda.php,9,Defensor
7731,1978,Polonia,2,Wojciech Rudy,wojciech_rudy.php,10,Defensor
7732,1978,Polonia,2,Janusz Kupcewicz,janusz_kupcewicz.php,13,Defensor
7733,1978,Polonia,2,Miroslav Justek,miroslav_justek.php,14,Defensor
7734,1978,Polonia,2,Roman Wojcicki,roman_wojcicki.php,20,Defensor
7735,1978,Polonia,2,Adam Nawalka,adam_nawalka.php,5,Mediocampista
7736,1978,Polonia,2,Henryk Kasperczak,henryk_kasperczak.php,8,Mediocampista
7737,1978,Polonia,2,Bohdan Masztaler,bohdan_masztaler.php,11,Mediocampista
7738,1978,Polonia,2,Kazimierz Deyna,kazimierz_deyna.php,12,Mediocampista
7739,1978,Polonia,2,Wlodzimierz Mazur,wlodzimierz_mazur.php,2,Delantero
7740,1978,Polonia,2,Andrzej Iwan,andrzej_iwan.php,7,Delantero
7741,1978,Polonia,2,Marek Kusto,marek_kusto.php,15,Delantero
7742,1978,Polonia,2,Grzegorz Lato,grzegorz_lato.php,16,Delantero
7743,1978,Polonia,2,Andrzej Szarmach,andrzej_szarmach.php,17,Delantero
7744,1978,Polonia,2,Zbigniew Boniek,zbigniew_boniek.php,18,Delantero
7745,1978,Polonia,2,Wlodek Lubanski,wlodek_lubanski.php,19,Delantero
7746,1978,Túnez,2,Sadouk Sassi,sadouk_sassi.php,1,Arquero
7747,1978,Túnez,2,Lamine Ben Aziza,lamine_ben_aziza.php,21,Arquero
7748,1978,Túnez,2,Mokhtar Naili,mokhtar_naili.php,22,Arquero
7749,1978,Túnez,2,Mokhtar Douieb,mokhtar_douieb.php,2,Defensor
7750,1978,Túnez,2,Ali Kaabi,ali_kaabi.php,3,Defensor
7751,1978,Túnez,2,Mohsen Labidi,mohsen_labidi.php,5,Defensor
7752,1978,Túnez,2,Ridha Ellouz,ridha_ellouz.php,17,Defensor
7753,1978,Túnez,2,Kamel Chebali,kamel_chebali.php,18,Defensor
7754,1978,Túnez,2,Omar Jebali,omar_jebali.php,20,Defensor
7755,1978,Túnez,2,Khaled Gasmi,khaled_gasmi.php,4,Mediocampista
7756,1978,Túnez,2,Nejib Ghommidh,nejib_ghommidh.php,6,Mediocampista
7757,1978,Túnez,2,Agrebi Ben Rehaiem,agrebi_ben_rehaiem.php,8,Mediocampista
7758,1978,Túnez,2,Tarek Dhiab,tarek_dhiab.php,10,Mediocampista
7759,1978,Túnez,2,Khemais Labidi,khemais_labidi.php,12,Mediocampista
7760,1978,Túnez,2,Temime Lakhzami,temime_lakhzami.php,7,Delantero
7761,1978,Túnez,2,Mohamed Akid,mohamed_akid.php,9,Delantero
7762,1978,Túnez,2,Raouf Ben Aziza,raouf_ben_aziza.php,11,Delantero
7763,1978,Túnez,2,Nejib Liman,nejib_liman.php,13,Delantero
7764,1978,Túnez,2,Salah Karoui,salah_karoui.php,14,Delantero
7765,1978,Túnez,2,Mohamed Ben Moussa,mohamed_ben_moussa.php,15,Delantero
7766,1978,Túnez,2,Ohman Chehaibi,ohman_chehaibi.php,16,Delantero
7767,1978,Túnez,2,Mokhtar Hasni,mokhtar_hasni.php,19,Delantero
7768,1978,Austria,3,Friedl Koncilia,friedl_koncilia.php,1,Arquero
7769,1978,Austria,3,Erwin Fuchsbichler,erwin_fuchsbichler.php,21,Arquero
7770,1978,Austria,3,Hubert Baumgartner,hubert_baumgartner.php,22,Arquero
7771,1978,Austria,3,Robert Sara,robert_sara.php,2,Defensor
7772,1978,Austria,3,Erich Obermayer,erich_obermayer.php,3,Defensor
7773,1978,Austria,3,Gerhard Breitenberger,gerhard_breitenberger.php,4,Defensor
7774,1978,Austria,3,Bruno Pezzey,bruno_pezzey.php,5,Defensor
7775,1978,Austria,3,Heinrich Strasser,heinrich_strasser.php,14,Defensor
7776,1978,Austria,3,Heribert Weber,heribert_weber.php,15,Defensor
7777,1978,Austria,3,Peter Persidis,peter_persidis.php,16,Defensor
7778,1978,Austria,3,Roland Hattenberger,roland_hattenberger.php,6,Mediocampista
7779,1978,Austria,3,Josef Hickersberger,josef_hickersberger.php,7,Mediocampista
7780,1978,Austria,3,Herbert Prohaska,herbert_prohaska.php,8,Mediocampista
7781,1978,Austria,3,Wilhelm Kreuz,wilhelm_kreuz.php,10,Mediocampista
7782,1978,Austria,3,Kurt Jara,kurt_jara.php,11,Mediocampista
7783,1978,Austria,3,Eduard Krieger,eduard_krieger.php,12,Mediocampista
7784,1978,Austria,3,Gunter Happich,gunter_happich.php,13,Mediocampista
7785,1978,Austria,3,Ernst Baumeister,ernst_baumeister.php,20,Mediocampista
7786,1978,Austria,3,Hans Krankl,hans_krankl.php,9,Delantero
7787,1978,Austria,3,Franz Oberacher,franz_oberacher.php,17,Delantero
7788,1978,Austria,3,Walter Schachner,walter_schachner.php,18,Delantero
7789,1978,Austria,3,Hans Pirkner,hans_pirkner.php,19,Delantero
7790,1978,Brasil,3,Leao,leao.php,1,Arquero
7791,1978,Brasil,3,Carlos,carlos.php,12,Arquero
7792,1978,Brasil,3,Waldir Peres,waldir_peres.php,22,Arquero
7793,1978,Brasil,3,Toninho,toninho.php,2,Defensor
7794,1978,Brasil,3,Oscar,oscar.php,3,Defensor
7795,1978,Brasil,3,Amaral,amaral.php,4,Defensor
7796,1978,Brasil,3,Edinho,edinho.php,6,Defensor
7797,1978,Brasil,3,Nelinho,nelinho.php,13,Defensor
7798,1978,Brasil,3,Abel,abel.php,14,Defensor
7799,1978,Brasil,3,Polozzi,polozzi.php,15,Defensor
7800,1978,Brasil,3,Rodrigues Neto,rodrigues_neto.php,16,Defensor
7801,1978,Brasil,3,Toninho Cerezo,toninho_cerezo.php,5,Mediocampista
7802,1978,Brasil,3,Zico,zico.php,8,Mediocampista
7803,1978,Brasil,3,Rivelino,rivelino.php,10,Mediocampista
7804,1978,Brasil,3,Dirceu,dirceu.php,11,Mediocampista
7805,1978,Brasil,3,Batista,batista.php,17,Mediocampista
7806,1978,Brasil,3,Chicao,chicao.php,21,Mediocampista
7807,1978,Brasil,3,Ze Sergio,ze_sergio.php,7,Delantero
7808,1978,Brasil,3,Reinaldo,reinaldo.php,9,Delantero
7809,1978,Brasil,3,Gil,gil.php,18,Delantero
7810,1978,Brasil,3,Jorge Mendonca,jorge_mendonca.php,19,Delantero
7811,1978,Brasil,3,Roberto Dinamite,roberto_dinamite.php,20,Delantero
7812,1978,España,3,Luis Arconada,luis_arconada.php,1,Arquero
7813,1978,España,3,Miguel Angel,miguel_angel.php,13,Arquero
7814,1978,España,3,Francisco Urruticoechea,francisco_urruticoechea.php,22,Arquero
7815,1978,España,3,Antonio De La Cruz,antonio_de_la_cruz.php,2,Defensor
7816,1978,España,3,Francisco Uria,francisco_uria.php,3,Defensor
7817,1978,España,3,Migueli,migueli.php,5,Defensor
7818,1978,España,3,Antonio Biosca,antonio_biosca.php,6,Defensor
7819,1978,España,3,Antonio Olmo,antonio_olmo.php,16,Defensor
7820,1978,España,3,Marcelino,marcelino.php,17,Defensor
7821,1978,España,3,Pirri,pirri.php,18,Defensor
7822,1978,España,3,Juan Manuel Asensi,juan_manuel_asensi.php,4,Mediocampista
7823,1978,España,3,Julio Cardenosa,julio_cardenosa.php,11,Mediocampista
7824,1978,España,3,Antonio Guzman,antonio_guzman.php,12,Mediocampista
7825,1978,España,3,Eugenio Leal,eugenio_leal.php,14,Mediocampista
7826,1978,España,3,Isidoro San Jose,isidoro_san_jose.php,21,Mediocampista
7827,1978,España,3,Dani,dani.php,7,Delantero
7828,1978,España,3,Juanito,juanito_2.php,8,Delantero
7829,1978,España,3,Quini,quini.php,9,Delantero
7830,1978,España,3,Santillana,santillana.php,10,Delantero
7831,1978,España,3,Maranon,maranon.php,15,Delantero
7832,1978,España,3,Carles Rexach,carles_rexach.php,19,Delantero
7833,1978,España,3,Ruben Cano,ruben_cano.php,20,Delantero
7834,1978,Suecia,3,Ronnie Hellstrom,ronnie_hellstrom.php,1,Arquero
7835,1978,Suecia,3,Goran Hagberg,goran_hagberg.php,12,Arquero
7836,1978,Suecia,3,Jan Moller,jan_moller.php,17,Arquero
7837,1978,Suecia,3,Hasse Borg,hasse_borg.php,2,Defensor
7838,1978,Suecia,3,Roy Andersson,roy_andersson.php,3,Defensor
7839,1978,Suecia,3,Bjorn Nordqvist,bjorn_nordqvist.php,4,Defensor
7840,1978,Suecia,3,Ingemar Erlandsson,ingemar_erlandsson.php,5,Defensor
7841,1978,Suecia,3,Magnus Andersson,magnus_andersson.php,13,Defensor
7842,1978,Suecia,3,Roland Aman,roland_aman.php,14,Defensor
7843,1978,Suecia,3,Kent Karlsson,kent_karlsson.php,19,Defensor
7844,1978,Suecia,3,Roland Andersson,roland_andersson.php,20,Defensor
7845,1978,Suecia,3,Staffan Tapper,staffan_tapper.php,6,Mediocampista
7846,1978,Suecia,3,Anders Linderoth,anders_linderoth.php,7,Mediocampista
7847,1978,Suecia,3,Bo Larsson,bo_larsson.php,8,Mediocampista
7848,1978,Suecia,3,Lennart Larsson,lennart_larsson.php,9,Mediocampista
7849,1978,Suecia,3,Olle Nordin,olle_nordin.php,18,Mediocampista
7850,1978,Suecia,3,Thomas Sjoberg,thomas_sjoberg.php,10,Delantero
7851,1978,Suecia,3,Benny Wendt,benny_wendt.php,11,Delantero
7852,1978,Suecia,3,Torbjorn Nilsson,torbjorn_nilsson.php,15,Delantero
7853,1978,Suecia,3,Conny Torstensson,conny_torstensson.php,16,Delantero
7854,1978,Suecia,3,Sanny Aslund,sanny_aslund.php,21,Delantero
7855,1978,Suecia,3,Ralf Edstrom,ralf_edstrom.php,22,Delantero
7856,1978,Escocia,4,Alan Rough,alan_rough.php,1,Arquero
7857,1978,Escocia,4,Jimmy Blyth,jimmy_blyth.php,12,Arquero
7858,1978,Escocia,4,Bobby Clark,bobby_clark.php,20,Arquero
7859,1978,Escocia,4,Sandy Jardine,sandy_jardine.php,2,Defensor
7860,1978,Escocia,4,Willie Donachie,willie_donachie.php,3,Defensor
7861,1978,Escocia,4,Martin Buchan,martin_buchan.php,4,Defensor
7862,1978,Escocia,4,Gordon Mcqueen,gordon_mcqueen.php,5,Defensor
7863,1978,Escocia,4,Stuart Kennedy,stuart_kennedy.php,13,Defensor
7864,1978,Escocia,4,Tom Forsyth,tom_forsyth.php,14,Defensor
7865,1978,Escocia,4,Kenny Burns,kenny_burns.php,22,Defensor
7866,1978,Escocia,4,Bruce Rioch,bruce_rioch.php,6,Mediocampista
7867,1978,Escocia,4,Don Masson,don_masson.php,7,Mediocampista
7868,1978,Escocia,4,Asa Hartford,asa_hartford.php,10,Mediocampista
7869,1978,Escocia,4,Archie Gemmill,archie_gemmill.php,15,Mediocampista
7870,1978,Escocia,4,Lou Macari,lou_macari.php,16,Mediocampista
7871,1978,Escocia,4,Graeme Souness,graeme_souness.php,18,Mediocampista
7872,1978,Escocia,4,Joe Harper,joe_harper.php,21,Mediocampista
7873,1978,Escocia,4,Kenny Dalglish,kenny_dalglish.php,8,Delantero
7874,1978,Escocia,4,Joe Jordan,joe_jordan.php,9,Delantero
7875,1978,Escocia,4,Willie Johnston,willie_johnston.php,11,Delantero
7876,1978,Escocia,4,Derek Johnstone,derek_johnstone.php,17,Delantero
7877,1978,Escocia,4,John Robertson,john_robertson.php,19,Delantero
7878,1978,Irán,4,Nasser Hejazi,nasser_hejazi.php,1,Arquero
7879,1978,Irán,4,Bahram Movadat,bahram_movadat.php,12,Arquero
7880,1978,Irán,4,Mohammad Reza Korbekandi,mohammad_reza_korbekandi.php,22,Arquero
7881,1978,Irán,4,Jawad Allahwardi,jawad_allahwardi.php,5,Defensor
7882,1978,Irán,4,Ali Reza Gheshghaian,ali_reza_gheshghaian.php,11,Defensor
7883,1978,Irán,4,Hassan Nazari,hassan_nazari.php,14,Defensor
7884,1978,Irán,4,Andranik Eskandarian,andranik_eskandarian.php,15,Defensor
7885,1978,Irán,4,Ali Shojaei,ali_shojaei.php,19,Defensor
7886,1978,Irán,4,Hussein Kazerani,hussein_kazerani.php,21,Defensor
7887,1978,Irán,4,Iraj Danayfar,iraj_danayfar.php,2,Mediocampista
7888,1978,Irán,4,Hassan Naibagha,hassan_naibagha.php,6,Mediocampista
7889,1978,Irán,4,Ali Parwin,ali_parwin.php,7,Mediocampista
7890,1978,Irán,4,Ebrahim Kassempoor,ebrahim_kassempoor.php,8,Mediocampista
7891,1978,Irán,4,Mohammad Sadeqi,mohammad_sadeqi.php,9,Mediocampista
7892,1978,Irán,4,Behtash Fariba,behtash_fariba.php,3,Delantero
7893,1978,Irán,4,Majid Bishkar,majid_bishkar.php,4,Delantero
7894,1978,Irán,4,Hassan Rowshan,hassan_rowshan.php,10,Delantero
7895,1978,Irán,4,Hamid Majid Taymouri,hamid_majid_taymouri.php,13,Delantero
7896,1978,Irán,4,Nasser Nuray,nasser_nuray.php,16,Delantero
7897,1978,Irán,4,Ghafoor Jahani,ghafoor_jahani.php,17,Delantero
7898,1978,Irán,4,Hussein Faraki,hussein_faraki.php,18,Delantero
7899,1978,Irán,4,Nasrollah Abdollahi,nasrollah_abdollahi.php,20,Delantero
7900,1978,Paises Bajos,4,Piet Schrijvers,piet_schrijvers.php,1,Arquero
7901,1978,Paises Bajos,4,Jan Jongbloed,jan_jongbloed.php,8,Arquero
7902,1978,Paises Bajos,4,Pim Doesburg,pim_doesburg.php,19,Arquero
7903,1978,Paises Bajos,4,Jan Poortvliet,jan_poortvliet.php,2,Defensor
7904,1978,Paises Bajos,4,Adri Van Kraay,adri_van_kraay.php,4,Defensor
7905,1978,Paises Bajos,4,Ruud Krol,ruud_krol.php,5,Defensor
7906,1978,Paises Bajos,4,Pieter Wildschut,pieter_wildschut.php,7,Defensor
7907,1978,Paises Bajos,4,Hugo Hovenkamp,hugo_hovenkamp.php,15,Defensor
7908,1978,Paises Bajos,4,Wim Rijsbergen,wim_rijsbergen.php,17,Defensor
7909,1978,Paises Bajos,4,Wim Suurbier,wim_suurbier.php,20,Defensor
7910,1978,Paises Bajos,4,Ernie Brandts,ernie_brandts.php,22,Defensor
7911,1978,Paises Bajos,4,Dirk Schoenaker,dirk_schoenaker.php,3,Mediocampista
7912,1978,Paises Bajos,4,Wim Jansen,wim_jansen.php,6,Mediocampista
7913,1978,Paises Bajos,4,Arie Haan,arie_haan.php,9,Mediocampista
7914,1978,Paises Bajos,4,Willy Van De Kerkhof,willy_van_de_kerkhof.php,11,Mediocampista
7915,1978,Paises Bajos,4,Johan Neeskens,johan_neeskens.php,13,Mediocampista
7916,1978,Paises Bajos,4,Johan Boskamp,johan_boskamp.php,14,Mediocampista
7917,1978,Paises Bajos,4,Dick Nanninga,dick_nanninga.php,18,Mediocampista
7918,1978,Paises Bajos,4,Rene Van De Kerkhof,rene_van_de_kerkhof.php,10,Delantero
7919,1978,Paises Bajos,4,Rob Rensenbrink,rob_rensenbrink.php,12,Delantero
7920,1978,Paises Bajos,4,Johnny Rep,johnny_rep.php,16,Delantero
7921,1978,Paises Bajos,4,Harry Lubse,harry_lubse.php,21,Delantero
7922,1978,Perú,4,Ottorino Sartor,ottorino_sartor.php,1,Arquero
7923,1978,Perú,4,Juan Caceres,juan_caceres.php,13,Arquero
7924,1978,Perú,4,Ramon Quiroga,ramon_quiroga.php,21,Arquero
7925,1978,Perú,4,Jaime Duarte,jaime_duarte.php,2,Defensor
7926,1978,Perú,4,Rodolfo Manzo,rodolfo_manzo.php,3,Defensor
7927,1978,Perú,4,Hector Chumpitaz,hector_chumpitaz.php,4,Defensor
7928,1978,Perú,4,Ruben Diaz,ruben_diaz.php,5,Defensor
7929,1978,Perú,4,Jose Navarro,jose_navarro_2.php,14,Defensor
7930,1978,Perú,4,Roberto Rojas,roberto_rojas.php,22,Defensor
7931,1978,Perú,4,Jose Velasquez,jose_velasquez.php,6,Mediocampista
7932,1978,Perú,4,Cesar Cueto,cesar_cueto.php,8,Mediocampista
7933,1978,Perú,4,Percy Rojas,percy_rojas.php,9,Mediocampista
7934,1978,Perú,4,Raul Gorriti,raul_gorriti.php,16,Mediocampista
7935,1978,Perú,4,Alfredo Quesada,alfredo_quesada.php,17,Mediocampista
7936,1978,Perú,4,Ernesto Labarthe,ernesto_labarthe.php,18,Mediocampista
7937,1978,Perú,4,Hugo Sotil,hugo_sotil.php,20,Mediocampista
7938,1978,Perú,4,Juan Munante,juan_munante.php,7,Delantero
7939,1978,Perú,4,Teofilo Cubillas,teofilo_cubillas.php,10,Delantero
7940,1978,Perú,4,Juan Carlos Oblitas,juan_carlos_oblitas.php,11,Delantero
7941,1978,Perú,4,Roberto Mosquera,roberto_mosquera.php,12,Delantero
7942,1978,Perú,4,German Leguia,german_leguia.php,15,Delantero
7943,1978,Perú,4,Guillermo La Rosa,guillermo_la_rosa.php,19,Delantero
7944,1978,Alemania Occidental,A,Sepp Maier,sepp_maier.php,1,Arquero
7945,1978,Alemania Occidental,A,Rudi Kargus,rudi_kargus.php,21,Arquero
7946,1978,Alemania Occidental,A,Dieter Burdenski,dieter_burdenski.php,22,Arquero
7947,1978,Alemania Occidental,A,Berti Vogts,berti_vogts.php,2,Defensor
7948,1978,Alemania Occidental,A,Bernd Dietz,bernd_dietz.php,3,Defensor
7949,1978,Alemania Occidental,A,Rolf Ruessmann,rolf_ruessmann.php,4,Defensor
7950,1978,Alemania Occidental,A,Manfred Kaltz,manfred_kaltz.php,5,Defensor
7951,1978,Alemania Occidental,A,Herbert Zimmermann,herbert_zimmermann.php,8,Defensor
7952,1978,Alemania Occidental,A,Hans-Georg Schwarzenbeck,hans_georg_schwarzenbeck.php,12,Defensor
7953,1978,Alemania Occidental,A,Harald Konopka,harald_konopka.php,13,Defensor
7954,1978,Alemania Occidental,A,Rainer Bonhof,rainer_bonhof.php,6,Mediocampista
7955,1978,Alemania Occidental,A,Heinz Flohe,heinz_flohe.php,10,Mediocampista
7956,1978,Alemania Occidental,A,Erich Beer,erich_beer.php,15,Mediocampista
7957,1978,Alemania Occidental,A,Bernd Cullmann,bernd_cullmann.php,16,Mediocampista
7958,1978,Alemania Occidental,A,Gerd Zewe,gerd_zewe.php,18,Mediocampista
7959,1978,Alemania Occidental,A,Hansi Mueller,hansi_mueller.php,20,Mediocampista
7960,1978,Alemania Occidental,A,Ruediger Abramczik,ruediger_abramczik.php,7,Delantero
7961,1978,Alemania Occidental,A,Klaus Fischer,klaus_fischer.php,9,Delantero
7962,1978,Alemania Occidental,A,Karl-Heinz Rummenigge,karl_heinz_rummenigge.php,11,Delantero
7963,1978,Alemania Occidental,A,Dieter Mueller,dieter_mueller.php,14,Delantero
7964,1978,Alemania Occidental,A,Bernd Hoelzenbein,bernd_hoelzenbein.php,17,Delantero
7965,1978,Alemania Occidental,A,Ronald Worm,ronald_worm.php,19,Delantero
7966,1978,Austria,A,Friedl Koncilia,friedl_koncilia.php,1,Arquero
7967,1978,Austria,A,Erwin Fuchsbichler,erwin_fuchsbichler.php,21,Arquero
7968,1978,Austria,A,Hubert Baumgartner,hubert_baumgartner.php,22,Arquero
7969,1978,Austria,A,Robert Sara,robert_sara.php,2,Defensor
7970,1978,Austria,A,Erich Obermayer,erich_obermayer.php,3,Defensor
7971,1978,Austria,A,Gerhard Breitenberger,gerhard_breitenberger.php,4,Defensor
7972,1978,Austria,A,Bruno Pezzey,bruno_pezzey.php,5,Defensor
7973,1978,Austria,A,Heinrich Strasser,heinrich_strasser.php,14,Defensor
7974,1978,Austria,A,Heribert Weber,heribert_weber.php,15,Defensor
7975,1978,Austria,A,Peter Persidis,peter_persidis.php,16,Defensor
7976,1978,Austria,A,Roland Hattenberger,roland_hattenberger.php,6,Mediocampista
7977,1978,Austria,A,Josef Hickersberger,josef_hickersberger.php,7,Mediocampista
7978,1978,Austria,A,Herbert Prohaska,herbert_prohaska.php,8,Mediocampista
7979,1978,Austria,A,Wilhelm Kreuz,wilhelm_kreuz.php,10,Mediocampista
7980,1978,Austria,A,Kurt Jara,kurt_jara.php,11,Mediocampista
7981,1978,Austria,A,Eduard Krieger,eduard_krieger.php,12,Mediocampista
7982,1978,Austria,A,Gunter Happich,gunter_happich.php,13,Mediocampista
7983,1978,Austria,A,Ernst Baumeister,ernst_baumeister.php,20,Mediocampista
7984,1978,Austria,A,Hans Krankl,hans_krankl.php,9,Delantero
7985,1978,Austria,A,Franz Oberacher,franz_oberacher.php,17,Delantero
7986,1978,Austria,A,Walter Schachner,walter_schachner.php,18,Delantero
7987,1978,Austria,A,Hans Pirkner,hans_pirkner.php,19,Delantero
7988,1978,Italia,A,Dino Zoff,dino_zoff.php,1,Arquero
7989,1978,Italia,A,Paolo Conti,paolo_conti.php,12,Arquero
7990,1978,Italia,A,Ivano Bordon,ivano_bordon.php,22,Arquero
7991,1978,Italia,A,Mauro Bellugi,mauro_bellugi.php,2,Defensor
7992,1978,Italia,A,Antonio Cabrini,antonio_cabrini.php,3,Defensor
7993,1978,Italia,A,Antonello Cuccureddu,antonello_cuccureddu.php,4,Defensor
7994,1978,Italia,A,Claudio Gentile,claudio_gentile.php,5,Defensor
7995,1978,Italia,A,Aldo Maldera,aldo_maldera.php,6,Defensor
7996,1978,Italia,A,Lionello Manfredonia,lionello_manfredonia.php,7,Defensor
7997,1978,Italia,A,Gaetano Scirea,gaetano_scirea.php,8,Defensor
7998,1978,Italia,A,Giancarlo Antognoni,giancarlo_antognoni.php,9,Mediocampista
7999,1978,Italia,A,Romeo Benetti,romeo_benetti.php,10,Mediocampista
8000,1978,Italia,A,Eraldo Pecci,eraldo_pecci.php,11,Mediocampista
8001,1978,Italia,A,Patrizio Sala,patrizio_sala.php,13,Mediocampista
8002,1978,Italia,A,Marco Tardelli,marco_tardelli.php,14,Mediocampista
8003,1978,Italia,A,Renato Zaccarelli,renato_zaccarelli.php,15,Mediocampista
8004,1978,Italia,A,Franco Causio,franco_causio.php,16,Mediocampista
8005,1978,Italia,A,Claudio Sala,claudio_sala.php,17,Mediocampista
8006,1978,Italia,A,Roberto Bettega,roberto_bettega.php,18,Delantero
8007,1978,Italia,A,Francesco Graziani,francesco_graziani.php,19,Delantero
8008,1978,Italia,A,Paolo Pulici,paolo_pulici.php,20,Delantero
8009,1978,Italia,A,Paolo Rossi,paolo_rossi.php,21,Delantero
8010,1978,Paises Bajos,A,Piet Schrijvers,piet_schrijvers.php,1,Arquero
8011,1978,Paises Bajos,A,Jan Jongbloed,jan_jongbloed.php,8,Arquero
8012,1978,Paises Bajos,A,Pim Doesburg,pim_doesburg.php,19,Arquero
8013,1978,Paises Bajos,A,Jan Poortvliet,jan_poortvliet.php,2,Defensor
8014,1978,Paises Bajos,A,Adri Van Kraay,adri_van_kraay.php,4,Defensor
8015,1978,Paises Bajos,A,Ruud Krol,ruud_krol.php,5,Defensor
8016,1978,Paises Bajos,A,Pieter Wildschut,pieter_wildschut.php,7,Defensor
8017,1978,Paises Bajos,A,Hugo Hovenkamp,hugo_hovenkamp.php,15,Defensor
8018,1978,Paises Bajos,A,Wim Rijsbergen,wim_rijsbergen.php,17,Defensor
8019,1978,Paises Bajos,A,Wim Suurbier,wim_suurbier.php,20,Defensor
8020,1978,Paises Bajos,A,Ernie Brandts,ernie_brandts.php,22,Defensor
8021,1978,Paises Bajos,A,Dirk Schoenaker,dirk_schoenaker.php,3,Mediocampista
8022,1978,Paises Bajos,A,Wim Jansen,wim_jansen.php,6,Mediocampista
8023,1978,Paises Bajos,A,Arie Haan,arie_haan.php,9,Mediocampista
8024,1978,Paises Bajos,A,Willy Van De Kerkhof,willy_van_de_kerkhof.php,11,Mediocampista
8025,1978,Paises Bajos,A,Johan Neeskens,johan_neeskens.php,13,Mediocampista
8026,1978,Paises Bajos,A,Johan Boskamp,johan_boskamp.php,14,Mediocampista
8027,1978,Paises Bajos,A,Dick Nanninga,dick_nanninga.php,18,Mediocampista
8028,1978,Paises Bajos,A,Rene Van De Kerkhof,rene_van_de_kerkhof.php,10,Delantero
8029,1978,Paises Bajos,A,Rob Rensenbrink,rob_rensenbrink.php,12,Delantero
8030,1978,Paises Bajos,A,Johnny Rep,johnny_rep.php,16,Delantero
8031,1978,Paises Bajos,A,Harry Lubse,harry_lubse.php,21,Delantero
8032,1978,Argentina,B,Hector Baley,hector_baley.php,3,Arquero
8033,1978,Argentina,B,Ubaldo Fillol,ubaldo_fillol.php,5,Arquero
8034,1978,Argentina,B,Ricardo La Volpe,ricardo_la_volpe.php,13,Arquero
8035,1978,Argentina,B,Luis Galvan,luis_galvan.php,7,Defensor
8036,1978,Argentina,B,Ruben Galvan,ruben_galvan.php,8,Defensor
8037,1978,Argentina,B,Daniel Killer,daniel_killer.php,11,Defensor
8038,1978,Argentina,B,Jorge Olguin,jorge_olguin.php,15,Defensor
8039,1978,Argentina,B,Ruben Pagnanini,ruben_pagnanini.php,18,Defensor
8040,1978,Argentina,B,Daniel Passarella,daniel_passarella.php,19,Defensor
8041,1978,Argentina,B,Alberto Tarantini,alberto_tarantini.php,20,Defensor
8042,1978,Argentina,B,Norberto Alonso,norberto_alonso.php,1,Mediocampista
8043,1978,Argentina,B,Osvaldo Ardiles,osvaldo_ardiles.php,2,Mediocampista
8044,1978,Argentina,B,Americo Gallego,americo_gallego.php,6,Mediocampista
8045,1978,Argentina,B,Rene Houseman,rene_houseman.php,9,Mediocampista
8046,1978,Argentina,B,Omar Larrosa,omar_larrosa.php,12,Mediocampista
8047,1978,Argentina,B,Miguel Oviedo,miguel_oviedo.php,17,Mediocampista
8048,1978,Argentina,B,Jose Valencia,jose_valencia.php,21,Mediocampista
8049,1978,Argentina,B,Ricardo Villa,ricardo_villa.php,22,Mediocampista
8050,1978,Argentina,B,Daniel Bertoni,daniel_bertoni.php,4,Delantero
8051,1978,Argentina,B,Mario Kempes,mario_kempes.php,10,Delantero
8052,1978,Argentina,B,Leopoldo Luque,leopoldo_luque.php,14,Delantero
8053,1978,Argentina,B,Oscar Ortiz,oscar_ortiz.php,16,Delantero
8054,1978,Brasil,B,Leao,leao.php,1,Arquero
8055,1978,Brasil,B,Carlos,carlos.php,12,Arquero
8056,1978,Brasil,B,Waldir Peres,waldir_peres.php,22,Arquero
8057,1978,Brasil,B,Toninho,toninho.php,2,Defensor
8058,1978,Brasil,B,Oscar,oscar.php,3,Defensor
8059,1978,Brasil,B,Amaral,amaral.php,4,Defensor
8060,1978,Brasil,B,Edinho,edinho.php,6,Defensor
8061,1978,Brasil,B,Nelinho,nelinho.php,13,Defensor
8062,1978,Brasil,B,Abel,abel.php,14,Defensor
8063,1978,Brasil,B,Polozzi,polozzi.php,15,Defensor
8064,1978,Brasil,B,Rodrigues Neto,rodrigues_neto.php,16,Defensor
8065,1978,Brasil,B,Toninho Cerezo,toninho_cerezo.php,5,Mediocampista
8066,1978,Brasil,B,Zico,zico.php,8,Mediocampista
8067,1978,Brasil,B,Rivelino,rivelino.php,10,Mediocampista
8068,1978,Brasil,B,Dirceu,dirceu.php,11,Mediocampista
8069,1978,Brasil,B,Batista,batista.php,17,Mediocampista
8070,1978,Brasil,B,Chicao,chicao.php,21,Mediocampista
8071,1978,Brasil,B,Ze Sergio,ze_sergio.php,7,Delantero
8072,1978,Brasil,B,Reinaldo,reinaldo.php,9,Delantero
8073,1978,Brasil,B,Gil,gil.php,18,Delantero
8074,1978,Brasil,B,Jorge Mendonca,jorge_mendonca.php,19,Delantero
8075,1978,Brasil,B,Roberto Dinamite,roberto_dinamite.php,20,Delantero
8076,1978,Perú,B,Ottorino Sartor,ottorino_sartor.php,1,Arquero
8077,1978,Perú,B,Juan Caceres,juan_caceres.php,13,Arquero
8078,1978,Perú,B,Ramon Quiroga,ramon_quiroga.php,21,Arquero
8079,1978,Perú,B,Jaime Duarte,jaime_duarte.php,2,Defensor
8080,1978,Perú,B,Rodolfo Manzo,rodolfo_manzo.php,3,Defensor
8081,1978,Perú,B,Hector Chumpitaz,hector_chumpitaz.php,4,Defensor
8082,1978,Perú,B,Ruben Diaz,ruben_diaz.php,5,Defensor
8083,1978,Perú,B,Jose Navarro,jose_navarro_2.php,14,Defensor
8084,1978,Perú,B,Roberto Rojas,roberto_rojas.php,22,Defensor
8085,1978,Perú,B,Jose Velasquez,jose_velasquez.php,6,Mediocampista
8086,1978,Perú,B,Cesar Cueto,cesar_cueto.php,8,Mediocampista
8087,1978,Perú,B,Percy Rojas,percy_rojas.php,9,Mediocampista
8088,1978,Perú,B,Raul Gorriti,raul_gorriti.php,16,Mediocampista
8089,1978,Perú,B,Alfredo Quesada,alfredo_quesada.php,17,Mediocampista
8090,1978,Perú,B,Ernesto Labarthe,ernesto_labarthe.php,18,Mediocampista
8091,1978,Perú,B,Hugo Sotil,hugo_sotil.php,20,Mediocampista
8092,1978,Perú,B,Juan Munante,juan_munante.php,7,Delantero
8093,1978,Perú,B,Teofilo Cubillas,teofilo_cubillas.php,10,Delantero
8094,1978,Perú,B,Juan Carlos Oblitas,juan_carlos_oblitas.php,11,Delantero
8095,1978,Perú,B,Roberto Mosquera,roberto_mosquera.php,12,Delantero
8096,1978,Perú,B,German Leguia,german_leguia.php,15,Delantero
8097,1978,Perú,B,Guillermo La Rosa,guillermo_la_rosa.php,19,Delantero
8098,1978,Polonia,B,Jan Tomaszewski,jan_tomaszewski.php,1,Arquero
8099,1978,Polonia,B,Zygmunt Kukla,zygmunt_kukla.php,21,Arquero
8100,1978,Polonia,B,Zdzislaw Kostrzewa,zdzislaw_kostrzewa.php,22,Arquero
8101,1978,Polonia,B,Henryk Maculewicz,henryk_maculewicz.php,3,Defensor
8102,1978,Polonia,B,Antoni Szymanowski,antoni_szymanowski.php,4,Defensor
8103,1978,Polonia,B,Jerzy Gorgon,jerzy_gorgon.php,6,Defensor
8104,1978,Polonia,B,Wladyslaw Zmuda,wladyslaw_zmuda.php,9,Defensor
8105,1978,Polonia,B,Wojciech Rudy,wojciech_rudy.php,10,Defensor
8106,1978,Polonia,B,Janusz Kupcewicz,janusz_kupcewicz.php,13,Defensor
8107,1978,Polonia,B,Miroslav Justek,miroslav_justek.php,14,Defensor
8108,1978,Polonia,B,Roman Wojcicki,roman_wojcicki.php,20,Defensor
8109,1978,Polonia,B,Adam Nawalka,adam_nawalka.php,5,Mediocampista
8110,1978,Polonia,B,Henryk Kasperczak,henryk_kasperczak.php,8,Mediocampista
8111,1978,Polonia,B,Bohdan Masztaler,bohdan_masztaler.php,11,Mediocampista
8112,1978,Polonia,B,Kazimierz Deyna,kazimierz_deyna.php,12,Mediocampista
8113,1978,Polonia,B,Wlodzimierz Mazur,wlodzimierz_mazur.php,2,Delantero
8114,1978,Polonia,B,Andrzej Iwan,andrzej_iwan.php,7,Delantero
8115,1978,Polonia,B,Marek Kusto,marek_kusto.php,15,Delantero
8116,1978,Polonia,B,Grzegorz Lato,grzegorz_lato.php,16,Delantero
8117,1978,Polonia,B,Andrzej Szarmach,andrzej_szarmach.php,17,Delantero
8118,1978,Polonia,B,Zbigniew Boniek,zbigniew_boniek.php,18,Delantero
8119,1978,Polonia,B,Wlodek Lubanski,wlodek_lubanski.php,19,Delantero
8120,1974,Alemania Occidental,1,Sepp Maier,sepp_maier.php,1,Arquero
8121,1974,Alemania Occidental,1,Norbert Nigbur,norbert_nigbur.php,21,Arquero
8122,1974,Alemania Occidental,1,Wolfgang Kleff,wolfgang_kleff.php,22,Arquero
8123,1974,Alemania Occidental,1,Berti Vogts,berti_vogts.php,2,Defensor
8124,1974,Alemania Occidental,1,Paul Breitner,paul_breitner.php,3,Defensor
8125,1974,Alemania Occidental,1,Hans-Georg Schwarzenbeck,hans_georg_schwarzenbeck.php,4,Defensor
8126,1974,Alemania Occidental,1,Franz Beckenbauer,franz_beckenbauer.php,5,Defensor
8127,1974,Alemania Occidental,1,Horst-Dieter Hoettges,horst_dieter_hoettges.php,6,Defensor
8128,1974,Alemania Occidental,1,Bernd Cullmann,bernd_cullmann.php,8,Defensor
8129,1974,Alemania Occidental,1,Helmut Kremers,helmut_kremers.php,20,Defensor
8130,1974,Alemania Occidental,1,Herbert Wimmer,herbert_wimmer.php,7,Mediocampista
8131,1974,Alemania Occidental,1,Guenter Netzer,guenter_netzer.php,10,Mediocampista
8132,1974,Alemania Occidental,1,Wolfgang Overath,wolfgang_overath.php,12,Mediocampista
8133,1974,Alemania Occidental,1,Uli Hoeness,uli_hoeness.php,14,Mediocampista
8134,1974,Alemania Occidental,1,Heinz Flohe,heinz_flohe.php,15,Mediocampista
8135,1974,Alemania Occidental,1,Rainer Bonhof,rainer_bonhof.php,16,Mediocampista
8136,1974,Alemania Occidental,1,Jupp Kappellmann,jupp_kappellmann.php,19,Mediocampista
8137,1974,Alemania Occidental,1,Juergen Grabowski,juergen_grabowski.php,9,Delantero
8138,1974,Alemania Occidental,1,Jupp Heynckes,jupp_heynckes.php,11,Delantero
8139,1974,Alemania Occidental,1,Gerd Mueller,gerd_mueller.php,13,Delantero
8140,1974,Alemania Occidental,1,Bernd Hoelzenbein,bernd_hoelzenbein.php,17,Delantero
8141,1974,Alemania Occidental,1,Dieter Herzog,dieter_herzog.php,18,Delantero
8142,1974,Alemania Oriental,1,Juergen Croy,juergen_croy.php,1,Arquero
8143,1974,Alemania Oriental,1,Wolfgang Blochwitz,wolfgang_blochwitz.php,21,Arquero
8144,1974,Alemania Oriental,1,Werner Friese,werner_friese.php,22,Arquero
8145,1974,Alemania Oriental,1,Lothar Kurbjuweit,lothar_kurbjuweit.php,2,Defensor
8146,1974,Alemania Oriental,1,Bernd Bransch,bernd_bransch.php,3,Defensor
8147,1974,Alemania Oriental,1,Konrad Weise,konrad_weise.php,4,Defensor
8148,1974,Alemania Oriental,1,Joachim Fritsche,joachim_fritsche.php,5,Defensor
8149,1974,Alemania Oriental,1,Siegmar Waetzlich,siegmar_waetzlich.php,12,Defensor
8150,1974,Alemania Oriental,1,Gerd Kische,gerd_kische.php,18,Defensor
8151,1974,Alemania Oriental,1,Ruediger Schnuphase,ruediger_schnuphase.php,6,Mediocampista
8152,1974,Alemania Oriental,1,Juergen Pommerenke,juergen_pommerenke.php,7,Mediocampista
8153,1974,Alemania Oriental,1,Hans-Juergen Kreische,hans_juergen_kreische.php,10,Mediocampista
8154,1974,Alemania Oriental,1,Reinhard Lauck,reinhard_lauck.php,13,Mediocampista
8155,1974,Alemania Oriental,1,Juergen Sparwasser,juergen_sparwasser.php,14,Mediocampista
8156,1974,Alemania Oriental,1,Harald Irmscher,harald_irmscher.php,16,Mediocampista
8157,1974,Alemania Oriental,1,Erich Hamann,erich_hamann.php,17,Mediocampista
8158,1974,Alemania Oriental,1,Wolfgang Seguin,wolfgang_seguin.php,19,Mediocampista
8159,1974,Alemania Oriental,1,Wolfram Loewe,wolfram_loewe.php,8,Delantero
8160,1974,Alemania Oriental,1,Peter Ducke,peter_ducke.php,9,Delantero
8161,1974,Alemania Oriental,1,Joachim Streich,joachim_streich.php,11,Delantero
8162,1974,Alemania Oriental,1,Eberhard Vogel,eberhard_vogel.php,15,Delantero
8163,1974,Alemania Oriental,1,Martin Hoffmann,martin_hoffmann.php,20,Delantero
8164,1974,Australia,1,Jack Reilly,jack_reilly.php,1,Arquero
8165,1974,Australia,1,Jimmy Milisavljevic,jimmy_milisavljevic.php,21,Arquero
8166,1974,Australia,1,Allan Maher,allan_maher.php,22,Arquero
8167,1974,Australia,1,Doug Utjesenovic,doug_utjesenovic.php,2,Defensor
8168,1974,Australia,1,Peter Wilson,peter_wilson.php,3,Defensor
8169,1974,Australia,1,Manfred Schaefer,manfred_schaefer.php,4,Defensor
8170,1974,Australia,1,Colin Curran,colin_curran.php,5,Defensor
8171,1974,Australia,1,Harry Williams,harry_williams.php,15,Defensor
8172,1974,Australia,1,Ivo Rudic,ivo_rudic.php,16,Defensor
8173,1974,Australia,1,John Watkiss,john_watkiss.php,18,Defensor
8174,1974,Australia,1,Ray Richards,ray_richards.php,6,Mediocampista
8175,1974,Australia,1,Jimmy Rooney,jimmy_rooney.php,7,Mediocampista
8176,1974,Australia,1,Jimmy Mackay,jimmy_mackay.php,8,Mediocampista
8177,1974,Australia,1,John Warren,john_warren.php,9,Mediocampista
8178,1974,Australia,1,Max Tolson,max_tolson.php,14,Mediocampista
8179,1974,Australia,1,Dave Harding,dave_harding.php,17,Mediocampista
8180,1974,Australia,1,Gary Manuel,gary_manuel.php,10,Delantero
8181,1974,Australia,1,Attila Abonyi,attila_abonyi.php,11,Delantero
8182,1974,Australia,1,Adrian Alston,adrian_alston.php,12,Delantero
8183,1974,Australia,1,Peter Ollerton,peter_ollerton.php,13,Delantero
8184,1974,Australia,1,Ernie Campbell,ernie_campbell.php,19,Delantero
8185,1974,Australia,1,Branko Buljevic,branko_buljevic.php,20,Delantero
8186,1974,Chile,1,Leopoldo Vallejos,leopoldo_vallejos.php,1,Arquero
8187,1974,Chile,1,Juan Olivares,juan_olivares.php,21,Arquero
8188,1974,Chile,1,Adolfo Nef,adolfo_nef.php,22,Arquero
8189,1974,Chile,1,Rolando Garcia,rolando_garcia.php,2,Defensor
8190,1974,Chile,1,Alberto Quintano,alberto_quintano.php,3,Defensor
8191,1974,Chile,1,Antonio Arias,antonio_arias.php,4,Defensor
8192,1974,Chile,1,Elias Figueroa,elias_figueroa.php,5,Defensor
8193,1974,Chile,1,Juan Rodriguez,juan_rodriguez.php,6,Defensor
8194,1974,Chile,1,Juan Machuca,juan_machuca.php,12,Defensor
8195,1974,Chile,1,Rafael Gonzalez,rafael_gonzalez.php,13,Defensor
8196,1974,Chile,1,Mario Galindo,mario_galindo.php,15,Defensor
8197,1974,Chile,1,Francisco Valdes,francisco_valdes.php,8,Mediocampista
8198,1974,Chile,1,Carlos Reinoso,carlos_reinoso.php,10,Mediocampista
8199,1974,Chile,1,Alfonso Lara,alfonso_lara.php,14,Mediocampista
8200,1974,Chile,1,Guillermo Paez,guillermo_paez.php,16,Mediocampista
8201,1974,Chile,1,Guillermo Yavar,guillermo_yavar.php,17,Mediocampista
8202,1974,Chile,1,Jorge Socias,jorge_socias.php,18,Mediocampista
8203,1974,Chile,1,Rogelio Farias,rogelio_farias.php,19,Mediocampista
8204,1974,Chile,1,Carlos Caszely,carlos_caszely.php,7,Delantero
8205,1974,Chile,1,Sergio Ahumada,sergio_ahumada.php,9,Delantero
8206,1974,Chile,1,Leonardo Veliz,leonardo_veliz.php,11,Delantero
8207,1974,Chile,1,Osvaldo Castro,osvaldo_castro.php,20,Delantero
8208,1974,Brasil,2,Leao,leao.php,1,Arquero
8209,1974,Brasil,2,Renato,renato.php,12,Arquero
8210,1974,Brasil,2,Waldir Peres,waldir_peres.php,22,Arquero
8211,1974,Brasil,2,Luis Pereira,luis_pereira.php,2,Defensor
8212,1974,Brasil,2,Marinho Peres,marinho_peres.php,3,Defensor
8213,1974,Brasil,2,Ze Maria,ze_maria.php,4,Defensor
8214,1974,Brasil,2,Wilson Piazza,wilson_piazza.php,5,Defensor
8215,1974,Brasil,2,Marinho Chagas,marinho_chagas.php,6,Defensor
8216,1974,Brasil,2,Nelinho,nelinho.php,14,Defensor
8217,1974,Brasil,2,Alfredo,alfredo.php,15,Defensor
8218,1974,Brasil,2,Marco Antonio,marco_antonio.php,16,Defensor
8219,1974,Brasil,2,Rivelino,rivelino.php,10,Mediocampista
8220,1974,Brasil,2,Paulo Cesar,paulo_cesar.php,11,Mediocampista
8221,1974,Brasil,2,Carpegiani,carpegiani.php,17,Mediocampista
8222,1974,Brasil,2,Ademir Da Guia,ademir_da_guia.php,18,Mediocampista
8223,1974,Brasil,2,Dirceu,dirceu.php,21,Mediocampista
8224,1974,Brasil,2,Jairzinho,jairzinho.php,7,Delantero
8225,1974,Brasil,2,Leivinha,leivinha.php,8,Delantero
8226,1974,Brasil,2,Cesar,cesar.php,9,Delantero
8227,1974,Brasil,2,Valdomiro,valdomiro.php,13,Delantero
8228,1974,Brasil,2,Mirandinha,mirandinha.php,19,Delantero
8229,1974,Brasil,2,Edu,edu.php,20,Delantero
8230,1974,Escocia,2,David Harvey,david_harvey.php,1,Arquero
8231,1974,Escocia,2,Allan Thomson,allan_thomson.php,12,Arquero
8232,1974,Escocia,2,Jim Stewart,jim_stewart.php,13,Arquero
8233,1974,Escocia,2,Sandy Jardine,sandy_jardine.php,2,Defensor
8234,1974,Escocia,2,Danny Mcgrain,danny_mcgrain.php,3,Defensor
8235,1974,Escocia,2,James Holton,james_holton.php,5,Defensor
8236,1974,Escocia,2,John Blackley,john_blackley.php,6,Defensor
8237,1974,Escocia,2,Martin Buchan,martin_buchan.php,14,Defensor
8238,1974,Escocia,2,Willie Donachie,willie_donachie.php,16,Defensor
8239,1974,Escocia,2,Gordon Mcqueen,gordon_mcqueen.php,21,Defensor
8240,1974,Escocia,2,Erich Schaedler,erich_schaedler.php,22,Defensor
8241,1974,Escocia,2,Billy Bremner,billy_bremner.php,4,Mediocampista
8242,1974,Escocia,2,Jimmy Johnstone,jimmy_johnstone.php,7,Mediocampista
8243,1974,Escocia,2,Davie Hay,davie_hay.php,10,Mediocampista
8244,1974,Escocia,2,Peter Cormack,peter_cormack.php,15,Mediocampista
8245,1974,Escocia,2,Donald Ford,donald_ford.php,17,Mediocampista
8246,1974,Escocia,2,Tommy Hutchinson,tommy_hutchinson.php,18,Mediocampista
8247,1974,Escocia,2,Kenny Dalglish,kenny_dalglish.php,8,Delantero
8248,1974,Escocia,2,Joe Jordan,joe_jordan.php,9,Delantero
8249,1974,Escocia,2,Peter Lorimer,peter_lorimer.php,11,Delantero
8250,1974,Escocia,2,Denis Law,denis_law.php,19,Delantero
8251,1974,Escocia,2,Willie Morgan,willie_morgan.php,20,Delantero
8252,1974,Yugoslavia,2,Enver Maric,enver_maric.php,1,Arquero
8253,1974,Yugoslavia,2,Ognjen Petrovic,ognjen_petrovic.php,21,Arquero
8254,1974,Yugoslavia,2,Rizah Meskovic,rizah_meskovic.php,22,Arquero
8255,1974,Yugoslavia,2,Ivan Buljan,ivan_buljan.php,2,Defensor
8256,1974,Yugoslavia,2,Enver Hadziabdic,enver_hadziabdic.php,3,Defensor
8257,1974,Yugoslavia,2,Drazen Muzinic,drazen_muzinic.php,4,Defensor
8258,1974,Yugoslavia,2,Josip Katalinski,josip_katalinski.php,5,Defensor
8259,1974,Yugoslavia,2,Vladislav Bogicevic,vladislav_bogicevic.php,6,Defensor
8260,1974,Yugoslavia,2,Luka Peruzovic,luka_peruzovic.php,14,Defensor
8261,1974,Yugoslavia,2,Kiril Dojcinovski,kiril_dojcinovski.php,15,Defensor
8262,1974,Yugoslavia,2,Ilija Petkovic,ilija_petkovic.php,7,Mediocampista
8263,1974,Yugoslavia,2,Branko Oblak,branko_oblak.php,8,Mediocampista
8264,1974,Yugoslavia,2,Jovan Acimovic,jovan_acimovic.php,10,Mediocampista
8265,1974,Yugoslavia,2,Jurica Jerkovic,jurica_jerkovic.php,12,Mediocampista
8266,1974,Yugoslavia,2,Miroslav Pavlovic,miroslav_pavlovic.php,13,Mediocampista
8267,1974,Yugoslavia,2,Franjo Vladic,franjo_vladic.php,16,Mediocampista
8268,1974,Yugoslavia,2,Vladimir Petrovic,vladimir_petrovic.php,20,Mediocampista
8269,1974,Yugoslavia,2,Ivica Surjak,ivica_surjak.php,9,Delantero
8270,1974,Yugoslavia,2,Dragan Dzajic,dragan_dzajic.php,11,Delantero
8271,1974,Yugoslavia,2,Danilo Popivoda,danilo_popivoda.php,17,Delantero
8272,1974,Yugoslavia,2,Stanislav Karasi,stanislav_karasi.php,18,Delantero
8273,1974,Yugoslavia,2,Dusan Bajevic,dusan_bajevic.php,19,Delantero
8274,1974,Zaire,2,Kazadi Muamba,kazadi_muamba.php,1,Arquero
8275,1974,Zaire,2,Tubilandu Ndimbi,tubilandu_ndimbi.php,12,Arquero
8276,1974,Zaire,2,Kalambay Otepa,kalambay_otepa.php,22,Arquero
8277,1974,Zaire,2,Muepu Ilunga,muepu_ilunga.php,2,Defensor
8278,1974,Zaire,2,Mwanza Nel Mukombo,mwanza_nel_mukombo.php,3,Defensor
8279,1974,Zaire,2,Buanga Tshimen,buanga_tshimen.php,4,Defensor
8280,1974,Zaire,2,Lobilo Boba,lobilo_boba.php,5,Defensor
8281,1974,Zaire,2,Kabasu Babo,kabasu_babo.php,11,Defensor
8282,1974,Zaire,2,Mwape Mialo,mwape_mialo.php,16,Defensor
8283,1974,Zaire,2,Kilasu Massamba,kilasu_massamba.php,6,Mediocampista
8284,1974,Zaire,2,Tshinabu Wa Munda,tshinabu_wa_munda.php,7,Mediocampista
8285,1974,Zaire,2,Mana Mambuene,mana_mambuene.php,8,Mediocampista
8286,1974,Zaire,2,Kembo Uba Kembo,kembo_uba_kembo.php,9,Mediocampista
8287,1974,Zaire,2,Kidumu Mantantu,kidumu_mantantu.php,10,Mediocampista
8288,1974,Zaire,2,Ndaye Mulamba,ndaye_mulamba.php,13,Mediocampista
8289,1974,Zaire,2,Kibonge Mafu,kibonge_mafu.php,15,Mediocampista
8290,1974,Zaire,2,Kafula Ngoye,kafula_ngoye.php,17,Mediocampista
8291,1974,Zaire,2,Mayanga Maku,mayanga_maku.php,14,Delantero
8292,1974,Zaire,2,Mavuda Mafuila,mavuda_mafuila.php,18,Delantero
8293,1974,Zaire,2,Mbungu Ekofo,mbungu_ekofo.php,19,Delantero
8294,1974,Zaire,2,Ntumba Kalala,ntumba_kalala.php,20,Delantero
8295,1974,Zaire,2,Kakoko Etepe,kakoko_etepe.php,21,Delantero
8296,1974,Bulgaria,3,Rumen Goranov,rumen_goranov.php,1,Arquero
8297,1974,Bulgaria,3,Stefan Staikov,stefan_staikov.php,21,Arquero
8298,1974,Bulgaria,3,Simeon Simeonov,simeon_simeonov.php,22,Arquero
8299,1974,Bulgaria,3,Ivan Zafirov,ivan_zafirov.php,2,Defensor
8300,1974,Bulgaria,3,Dobromir Zhechev,dobromir_zhechev.php,3,Defensor
8301,1974,Bulgaria,3,Stefan Velichkov,stefan_velichkov.php,4,Defensor
8302,1974,Bulgaria,3,Dimitar Penev,dimitar_penev.php,6,Defensor
8303,1974,Bulgaria,3,Stefan Aladzhov,stefan_aladzhov.php,12,Defensor
8304,1974,Bulgaria,3,Asparukh Nikodimov,asparukh_nikodimov.php,17,Defensor
8305,1974,Bulgaria,3,Tsonyo Vasilev,tsonyo_vasilev.php,18,Defensor
8306,1974,Bulgaria,3,Kiril Ivkov,kiril_ivkov.php,19,Defensor
8307,1974,Bulgaria,3,Bozhil Kolev,bozhil_kolev.php,5,Mediocampista
8308,1974,Bulgaria,3,Hristo Bonev,hristo_bonev.php,8,Mediocampista
8309,1974,Bulgaria,3,Ivan Stoyanov,ivan_stoyanov.php,10,Mediocampista
8310,1974,Bulgaria,3,Voin Voinov,voin_voinov.php,7,Delantero
8311,1974,Bulgaria,3,Atanas Mikhailov,atanas_mikhailov.php,9,Delantero
8312,1974,Bulgaria,3,Georgi Denev,georgi_denev.php,11,Delantero
8313,1974,Bulgaria,3,Mladen Vasilev,mladen_vasilev.php,13,Delantero
8314,1974,Bulgaria,3,Kiril Milanov,kiril_milanov.php,14,Delantero
8315,1974,Bulgaria,3,Pavel Panov,pavel_panov.php,15,Delantero
8316,1974,Bulgaria,3,Bozhidar Grigorov,bozhidar_grigorov.php,16,Delantero
8317,1974,Bulgaria,3,Krasimir Borisov,krasimir_borisov.php,20,Delantero
8318,1974,Paises Bajos,3,Jan Jongbloed,jan_jongbloed.php,8,Arquero
8319,1974,Paises Bajos,3,Piet Schrijvers,piet_schrijvers.php,18,Arquero
8320,1974,Paises Bajos,3,Eddy Treijtel,eddy_treijtel.php,21,Arquero
8321,1974,Paises Bajos,3,Cees Van Ierssel,cees_van_ierssel.php,4,Defensor
8322,1974,Paises Bajos,3,Rinus Israel,rinus_israel.php,5,Defensor
8323,1974,Paises Bajos,3,Theo De Jong,theo_de_jong.php,7,Defensor
8324,1974,Paises Bajos,3,Ruud Krol,ruud_krol.php,12,Defensor
8325,1974,Paises Bajos,3,Wim Rijsbergen,wim_rijsbergen.php,17,Defensor
8326,1974,Paises Bajos,3,Wim Suurbier,wim_suurbier.php,20,Defensor
8327,1974,Paises Bajos,3,Harry Vos,harry_vos.php,22,Defensor
8328,1974,Paises Bajos,3,Arie Haan,arie_haan.php,2,Mediocampista
8329,1974,Paises Bajos,3,Wim Van Hanegem,wim_van_hanegem.php,3,Mediocampista
8330,1974,Paises Bajos,3,Wim Jansen,wim_jansen.php,6,Mediocampista
8331,1974,Paises Bajos,3,Willy Van De Kerkhof,willy_van_de_kerkhof.php,11,Mediocampista
8332,1974,Paises Bajos,3,Johan Neeskens,johan_neeskens.php,13,Mediocampista
8333,1974,Paises Bajos,3,Pleun Strik,pleun_strik.php,19,Mediocampista
8334,1974,Paises Bajos,3,Ruud Geels,ruud_geels.php,1,Delantero
8335,1974,Paises Bajos,3,Piet Keizer,piet_keizer.php,9,Delantero
8336,1974,Paises Bajos,3,Rene Van De Kerkhof,rene_van_de_kerkhof.php,10,Delantero
8337,1974,Paises Bajos,3,Johan Cruyff,johan_cruyff.php,14,Delantero
8338,1974,Paises Bajos,3,Rob Rensenbrink,rob_rensenbrink.php,15,Delantero
8339,1974,Paises Bajos,3,Johnny Rep,johnny_rep.php,16,Delantero
8340,1974,Suecia,3,Ronnie Hellstrom,ronnie_hellstrom.php,1,Arquero
8341,1974,Suecia,3,Sven-Gunnar Larsson,sven_gunnar_larsson.php,12,Arquero
8342,1974,Suecia,3,Goran Hagberg,goran_hagberg.php,17,Arquero
8343,1974,Suecia,3,Jan Olsson,jan_olsson.php,2,Defensor
8344,1974,Suecia,3,Kent Karlsson,kent_karlsson.php,3,Defensor
8345,1974,Suecia,3,Bjorn Nordqvist,bjorn_nordqvist.php,4,Defensor
8346,1974,Suecia,3,Bjorn Andersson,bjorn_andersson.php,5,Defensor
8347,1974,Suecia,3,Roland Grip,roland_grip.php,13,Defensor
8348,1974,Suecia,3,Jorgen Augustsson,jorgen_augustsson.php,18,Defensor
8349,1974,Suecia,3,Ove Grahn,ove_grahn.php,6,Mediocampista
8350,1974,Suecia,3,Bo Larsson,bo_larsson.php,7,Mediocampista
8351,1974,Suecia,3,Ove Kindvall,ove_kindvall.php,9,Mediocampista
8352,1974,Suecia,3,Staffan Tapper,staffan_tapper.php,14,Mediocampista
8353,1974,Suecia,3,Inge Ejderstedt,inge_ejderstedt.php,16,Mediocampista
8354,1974,Suecia,3,Claes Cronqvist,claes_cronqvist.php,19,Mediocampista
8355,1974,Suecia,3,Sven Lindman,sven_lindman.php,20,Mediocampista
8356,1974,Suecia,3,Orjan Persson,orjan_persson.php,21,Mediocampista
8357,1974,Suecia,3,Thomas Ahlstrom,thomas_ahlstrom.php,22,Mediocampista
8358,1974,Suecia,3,Conny Torstensson,conny_torstensson.php,8,Delantero
8359,1974,Suecia,3,Ralf Edstrom,ralf_edstrom.php,10,Delantero
8360,1974,Suecia,3,Roland Sandberg,roland_sandberg.php,11,Delantero
8361,1974,Suecia,3,Benno Magnusson,benno_magnusson.php,15,Delantero
8362,1974,Uruguay,3,Ladislao Mazurkiewicz,ladislao_mazurkiewicz.php,1,Arquero
8363,1974,Uruguay,3,Hector Santos,hector_santos.php,12,Arquero
8364,1974,Uruguay,3,Gustavo Fernandez,gustavo_fernandez.php,22,Arquero
8365,1974,Uruguay,3,Baudilio Jauregui,baudilio_jauregui.php,2,Defensor
8366,1974,Uruguay,3,Juan Masnik,juan_masnik.php,3,Defensor
8367,1974,Uruguay,3,Pablo Forlan,pablo_forlan.php,4,Defensor
8368,1974,Uruguay,3,Julio Montero Castillo,julio_montero_castillo.php,5,Defensor
8369,1974,Uruguay,3,Ricardo Pavoni,ricardo_pavoni.php,6,Defensor
8370,1974,Uruguay,3,Gustavo De Simone,gustavo_de_simone.php,13,Defensor
8371,1974,Uruguay,3,Luis Garisto,luis_garisto.php,14,Defensor
8372,1974,Uruguay,3,Mario Gonzalez,mario_gonzalez.php,15,Defensor
8373,1974,Uruguay,3,Luis Cubilla,luis_cubilla.php,7,Mediocampista
8374,1974,Uruguay,3,Victor Esparrago,victor_esparrago.php,8,Mediocampista
8375,1974,Uruguay,3,Pedro Rocha,pedro_rocha.php,10,Mediocampista
8376,1974,Uruguay,3,Alberto Cardaccio,alberto_cardaccio.php,16,Mediocampista
8377,1974,Uruguay,3,Julio Cesar Jimenez,julio_cesar_jimenez.php,17,Mediocampista
8378,1974,Uruguay,3,Walter Mantegazza,walter_mantegazza.php,18,Mediocampista
8379,1974,Uruguay,3,Fernando Morena,fernando_morena.php,9,Delantero
8380,1974,Uruguay,3,Ruben Corbo,ruben_corbo.php,11,Delantero
8381,1974,Uruguay,3,Denis Milar,denis_milar.php,19,Delantero
8382,1974,Uruguay,3,Juan Silva,juan_silva.php,20,Delantero
8383,1974,Uruguay,3,Jose Gomez,jose_gomez.php,21,Delantero
8384,1974,Argentina,4,Daniel Carnevali,daniel_carnevali.php,1,Arquero
8385,1974,Argentina,4,Ubaldo Fillol,ubaldo_fillol.php,12,Arquero
8386,1974,Argentina,4,Miguel Santoro,miguel_santoro.php,21,Arquero
8387,1974,Argentina,4,Angel Bargas,angel_bargas.php,5,Defensor
8388,1974,Argentina,4,Jorge Carrascosa,jorge_carrascosa.php,7,Defensor
8389,1974,Argentina,4,Ruben Glaria,ruben_glaria.php,9,Defensor
8390,1974,Argentina,4,Ramon Heredia,ramon_heredia.php,10,Defensor
8391,1974,Argentina,4,Roberto Perfumo,roberto_perfumo.php,14,Defensor
8392,1974,Argentina,4,Francisco Sa,francisco_sa.php,16,Defensor
8393,1974,Argentina,4,Carlos Squeo,carlos_squeo.php,17,Defensor
8394,1974,Argentina,4,Nestor Togneri,nestor_togneri.php,19,Defensor
8395,1974,Argentina,4,Enrique Wolff,enrique_wolff.php,20,Defensor
8396,1974,Argentina,4,Miguel Brindisi,miguel_brindisi.php,6,Mediocampista
8397,1974,Argentina,4,Enrique Chazarreta,enrique_chazarreta.php,8,Mediocampista
8398,1974,Argentina,4,Roberto Telch,roberto_telch.php,18,Mediocampista
8399,1974,Argentina,4,Ruben Ayala,ruben_ayala.php,2,Delantero
8400,1974,Argentina,4,Carlos Babington,carlos_babington.php,3,Delantero
8401,1974,Argentina,4,Augustin Balbuena,augustin_balbuena.php,4,Delantero
8402,1974,Argentina,4,Rene Houseman,rene_houseman.php,11,Delantero
8403,1974,Argentina,4,Mario Kempes,mario_kempes.php,13,Delantero
8404,1974,Argentina,4,Aldo Poy,aldo_poy.php,15,Delantero
8405,1974,Argentina,4,Hector Yazalde,hector_yazalde.php,22,Delantero
8406,1974,Haití,4,Henry Francillon,henry_francillon.php,1,Arquero
8407,1974,Haití,4,Wilner Piquant,wilner_piquant.php,2,Arquero
8408,1974,Haití,4,Gerard Joseph,gerard_joseph.php,22,Arquero
8409,1974,Haití,4,Arsene Auguste,arsene_auguste.php,3,Defensor
8410,1974,Haití,4,Fritz Andre,fritz_andre.php,4,Defensor
8411,1974,Haití,4,Serge Ducoste,serge_ducoste.php,5,Defensor
8412,1974,Haití,4,Pierre Bayonne,pierre_bayonne.php,6,Defensor
8413,1974,Haití,4,Ernst Jean-Joseph,ernst_jean_joseph.php,12,Defensor
8414,1974,Haití,4,Wilner Nazaire,wilner_nazaire.php,14,Defensor
8415,1974,Haití,4,Joseph-Marion Leandre,joseph_marion_leandre.php,17,Defensor
8416,1974,Haití,4,Wilfred Louis,wilfred_louis.php,21,Defensor
8417,1974,Haití,4,Philippe Vorbe,philippe_vorbe.php,7,Mediocampista
8418,1974,Haití,4,Jean Claude Desir,jean_claude_desir.php,8,Mediocampista
8419,1974,Haití,4,Eddy Antoine,eddy_antoine.php,9,Mediocampista
8420,1974,Haití,4,Guy Francois,guy_francois.php,10,Mediocampista
8421,1974,Haití,4,Serge Racine,serge_racine.php,13,Mediocampista
8422,1974,Haití,4,Jean-Hubert Austin,jean_hubert_austin.php,19,Mediocampista
8423,1974,Haití,4,Guy Saint-Vil,guy_saint_vil.php,11,Delantero
8424,1974,Haití,4,Roger Saint-Vil,roger_saint_vil.php,15,Delantero
8425,1974,Haití,4,Fritz Leandre,fritz_leandre.php,16,Delantero
8426,1974,Haití,4,Claude Barthelemy,claude_barthelemy.php,18,Delantero
8427,1974,Haití,4,Emmanuel Sanon,emmanuel_sanon.php,20,Delantero
8428,1974,Italia,4,Dino Zoff,dino_zoff.php,1,Arquero
8429,1974,Italia,4,Enrico Albertosi,enrico_albertosi.php,12,Arquero
8430,1974,Italia,4,Luciano Castellini,luciano_castellini.php,22,Arquero
8431,1974,Italia,4,Luciano Spinosi,luciano_spinosi.php,2,Defensor
8432,1974,Italia,4,Giacinto Facchetti,giacinto_facchetti.php,3,Defensor
8433,1974,Italia,4,Francesco Morini,francesco_morini.php,5,Defensor
8434,1974,Italia,4,Tarcisio Burgnich,tarcisio_burgnich.php,6,Defensor
8435,1974,Italia,4,Giuseppe Sabadini,giuseppe_sabadini.php,13,Defensor
8436,1974,Italia,4,Mauro Bellugi,mauro_bellugi.php,14,Defensor
8437,1974,Italia,4,Giuseppe Wilson,giuseppe_wilson.php,15,Defensor
8438,1974,Italia,4,Romeo Benetti,romeo_benetti.php,4,Mediocampista
8439,1974,Italia,4,Sandro Mazzola,sandro_mazzola.php,7,Mediocampista
8440,1974,Italia,4,Fabio Capello,fabio_capello.php,8,Mediocampista
8441,1974,Italia,4,Gianni Rivera,gianni_rivera.php,10,Mediocampista
8442,1974,Italia,4,Antonio Juliano,antonio_juliano.php,16,Mediocampista
8443,1974,Italia,4,Luciano Re Cecconi,luciano_re_cecconi.php,17,Mediocampista
8444,1974,Italia,4,Franco Causio,franco_causio.php,18,Mediocampista
8445,1974,Italia,4,Giorgio Chinaglia,giorgio_chinaglia.php,9,Delantero
8446,1974,Italia,4,Gigi Riva,gigi_riva.php,11,Delantero
8447,1974,Italia,4,Pietro Anastasi,pietro_anastasi.php,19,Delantero
8448,1974,Italia,4,Roberto Boninsegna,roberto_boninsegna.php,20,Delantero
8449,1974,Italia,4,Paolo Pulici,paolo_pulici.php,21,Delantero
8450,1974,Polonia,4,Andrzej Fischer,andrzej_fischer.php,1,Arquero
8451,1974,Polonia,4,Jan Tomaszewski,jan_tomaszewski.php,2,Arquero
8452,1974,Polonia,4,Zygmunt Kalinowski,zygmunt_kalinowski.php,3,Arquero
8453,1974,Polonia,4,Antoni Szymanowski,antoni_szymanowski.php,4,Defensor
8454,1974,Polonia,4,Zbigniew Gut,zbigniew_gut.php,5,Defensor
8455,1974,Polonia,4,Jerzy Gorgon,jerzy_gorgon.php,6,Defensor
8456,1974,Polonia,4,Miroslaw Bulzacki,miroslaw_bulzacki.php,8,Defensor
8457,1974,Polonia,4,Wladyslaw Zmuda,wladyslaw_zmuda.php,9,Defensor
8458,1974,Polonia,4,Adam Musial,adam_musial.php,10,Defensor
8459,1974,Polonia,4,Henryk Wieczorek,henryk_wieczorek.php,7,Mediocampista
8460,1974,Polonia,4,Leslaw Cmikiewicz,leslaw_cmikiewicz.php,11,Mediocampista
8461,1974,Polonia,4,Kazimierz Deyna,kazimierz_deyna.php,12,Mediocampista
8462,1974,Polonia,4,Henryk Kasperczak,henryk_kasperczak.php,13,Mediocampista
8463,1974,Polonia,4,Zygmunt Maszczyk,zygmunt_maszczyk.php,14,Mediocampista
8464,1974,Polonia,4,Roman Jakobczak,roman_jakobczak.php,15,Delantero
8465,1974,Polonia,4,Grzegorz Lato,grzegorz_lato.php,16,Delantero
8466,1974,Polonia,4,Andrzej Szarmach,andrzej_szarmach.php,17,Delantero
8467,1974,Polonia,4,Robert Gadocha,robert_gadocha.php,18,Delantero
8468,1974,Polonia,4,Jan Domarski,jan_domarski.php,19,Delantero
8469,1974,Polonia,4,Zdzislaw Kapka,zdzislaw_kapka.php,20,Delantero
8470,1974,Polonia,4,Kazimierz Kmiecik,kazimierz_kmiecik.php,21,Delantero
8471,1974,Polonia,4,Marek Kusto,marek_kusto.php,22,Delantero
8472,1974,Alemania Oriental,A,Juergen Croy,juergen_croy.php,1,Arquero
8473,1974,Alemania Oriental,A,Wolfgang Blochwitz,wolfgang_blochwitz.php,21,Arquero
8474,1974,Alemania Oriental,A,Werner Friese,werner_friese.php,22,Arquero
8475,1974,Alemania Oriental,A,Lothar Kurbjuweit,lothar_kurbjuweit.php,2,Defensor
8476,1974,Alemania Oriental,A,Bernd Bransch,bernd_bransch.php,3,Defensor
8477,1974,Alemania Oriental,A,Konrad Weise,konrad_weise.php,4,Defensor
8478,1974,Alemania Oriental,A,Joachim Fritsche,joachim_fritsche.php,5,Defensor
8479,1974,Alemania Oriental,A,Siegmar Waetzlich,siegmar_waetzlich.php,12,Defensor
8480,1974,Alemania Oriental,A,Gerd Kische,gerd_kische.php,18,Defensor
8481,1974,Alemania Oriental,A,Ruediger Schnuphase,ruediger_schnuphase.php,6,Mediocampista
8482,1974,Alemania Oriental,A,Juergen Pommerenke,juergen_pommerenke.php,7,Mediocampista
8483,1974,Alemania Oriental,A,Hans-Juergen Kreische,hans_juergen_kreische.php,10,Mediocampista
8484,1974,Alemania Oriental,A,Reinhard Lauck,reinhard_lauck.php,13,Mediocampista
8485,1974,Alemania Oriental,A,Juergen Sparwasser,juergen_sparwasser.php,14,Mediocampista
8486,1974,Alemania Oriental,A,Harald Irmscher,harald_irmscher.php,16,Mediocampista
8487,1974,Alemania Oriental,A,Erich Hamann,erich_hamann.php,17,Mediocampista
8488,1974,Alemania Oriental,A,Wolfgang Seguin,wolfgang_seguin.php,19,Mediocampista
8489,1974,Alemania Oriental,A,Wolfram Loewe,wolfram_loewe.php,8,Delantero
8490,1974,Alemania Oriental,A,Peter Ducke,peter_ducke.php,9,Delantero
8491,1974,Alemania Oriental,A,Joachim Streich,joachim_streich.php,11,Delantero
8492,1974,Alemania Oriental,A,Eberhard Vogel,eberhard_vogel.php,15,Delantero
8493,1974,Alemania Oriental,A,Martin Hoffmann,martin_hoffmann.php,20,Delantero
8494,1974,Argentina,A,Daniel Carnevali,daniel_carnevali.php,1,Arquero
8495,1974,Argentina,A,Ubaldo Fillol,ubaldo_fillol.php,12,Arquero
8496,1974,Argentina,A,Miguel Santoro,miguel_santoro.php,21,Arquero
8497,1974,Argentina,A,Angel Bargas,angel_bargas.php,5,Defensor
8498,1974,Argentina,A,Jorge Carrascosa,jorge_carrascosa.php,7,Defensor
8499,1974,Argentina,A,Ruben Glaria,ruben_glaria.php,9,Defensor
8500,1974,Argentina,A,Ramon Heredia,ramon_heredia.php,10,Defensor
8501,1974,Argentina,A,Roberto Perfumo,roberto_perfumo.php,14,Defensor
8502,1974,Argentina,A,Francisco Sa,francisco_sa.php,16,Defensor
8503,1974,Argentina,A,Carlos Squeo,carlos_squeo.php,17,Defensor
8504,1974,Argentina,A,Nestor Togneri,nestor_togneri.php,19,Defensor
8505,1974,Argentina,A,Enrique Wolff,enrique_wolff.php,20,Defensor
8506,1974,Argentina,A,Miguel Brindisi,miguel_brindisi.php,6,Mediocampista
8507,1974,Argentina,A,Enrique Chazarreta,enrique_chazarreta.php,8,Mediocampista
8508,1974,Argentina,A,Roberto Telch,roberto_telch.php,18,Mediocampista
8509,1974,Argentina,A,Ruben Ayala,ruben_ayala.php,2,Delantero
8510,1974,Argentina,A,Carlos Babington,carlos_babington.php,3,Delantero
8511,1974,Argentina,A,Augustin Balbuena,augustin_balbuena.php,4,Delantero
8512,1974,Argentina,A,Rene Houseman,rene_houseman.php,11,Delantero
8513,1974,Argentina,A,Mario Kempes,mario_kempes.php,13,Delantero
8514,1974,Argentina,A,Aldo Poy,aldo_poy.php,15,Delantero
8515,1974,Argentina,A,Hector Yazalde,hector_yazalde.php,22,Delantero
8516,1974,Brasil,A,Leao,leao.php,1,Arquero
8517,1974,Brasil,A,Renato,renato.php,12,Arquero
8518,1974,Brasil,A,Waldir Peres,waldir_peres.php,22,Arquero
8519,1974,Brasil,A,Luis Pereira,luis_pereira.php,2,Defensor
8520,1974,Brasil,A,Marinho Peres,marinho_peres.php,3,Defensor
8521,1974,Brasil,A,Ze Maria,ze_maria.php,4,Defensor
8522,1974,Brasil,A,Wilson Piazza,wilson_piazza.php,5,Defensor
8523,1974,Brasil,A,Marinho Chagas,marinho_chagas.php,6,Defensor
8524,1974,Brasil,A,Nelinho,nelinho.php,14,Defensor
8525,1974,Brasil,A,Alfredo,alfredo.php,15,Defensor
8526,1974,Brasil,A,Marco Antonio,marco_antonio.php,16,Defensor
8527,1974,Brasil,A,Rivelino,rivelino.php,10,Mediocampista
8528,1974,Brasil,A,Paulo Cesar,paulo_cesar.php,11,Mediocampista
8529,1974,Brasil,A,Carpegiani,carpegiani.php,17,Mediocampista
8530,1974,Brasil,A,Ademir Da Guia,ademir_da_guia.php,18,Mediocampista
8531,1974,Brasil,A,Dirceu,dirceu.php,21,Mediocampista
8532,1974,Brasil,A,Jairzinho,jairzinho.php,7,Delantero
8533,1974,Brasil,A,Leivinha,leivinha.php,8,Delantero
8534,1974,Brasil,A,Cesar,cesar.php,9,Delantero
8535,1974,Brasil,A,Valdomiro,valdomiro.php,13,Delantero
8536,1974,Brasil,A,Mirandinha,mirandinha.php,19,Delantero
8537,1974,Brasil,A,Edu,edu.php,20,Delantero
8538,1974,Paises Bajos,A,Jan Jongbloed,jan_jongbloed.php,8,Arquero
8539,1974,Paises Bajos,A,Piet Schrijvers,piet_schrijvers.php,18,Arquero
8540,1974,Paises Bajos,A,Eddy Treijtel,eddy_treijtel.php,21,Arquero
8541,1974,Paises Bajos,A,Cees Van Ierssel,cees_van_ierssel.php,4,Defensor
8542,1974,Paises Bajos,A,Rinus Israel,rinus_israel.php,5,Defensor
8543,1974,Paises Bajos,A,Theo De Jong,theo_de_jong.php,7,Defensor
8544,1974,Paises Bajos,A,Ruud Krol,ruud_krol.php,12,Defensor
8545,1974,Paises Bajos,A,Wim Rijsbergen,wim_rijsbergen.php,17,Defensor
8546,1974,Paises Bajos,A,Wim Suurbier,wim_suurbier.php,20,Defensor
8547,1974,Paises Bajos,A,Harry Vos,harry_vos.php,22,Defensor
8548,1974,Paises Bajos,A,Arie Haan,arie_haan.php,2,Mediocampista
8549,1974,Paises Bajos,A,Wim Van Hanegem,wim_van_hanegem.php,3,Mediocampista
8550,1974,Paises Bajos,A,Wim Jansen,wim_jansen.php,6,Mediocampista
8551,1974,Paises Bajos,A,Willy Van De Kerkhof,willy_van_de_kerkhof.php,11,Mediocampista
8552,1974,Paises Bajos,A,Johan Neeskens,johan_neeskens.php,13,Mediocampista
8553,1974,Paises Bajos,A,Pleun Strik,pleun_strik.php,19,Mediocampista
8554,1974,Paises Bajos,A,Ruud Geels,ruud_geels.php,1,Delantero
8555,1974,Paises Bajos,A,Piet Keizer,piet_keizer.php,9,Delantero
8556,1974,Paises Bajos,A,Rene Van De Kerkhof,rene_van_de_kerkhof.php,10,Delantero
8557,1974,Paises Bajos,A,Johan Cruyff,johan_cruyff.php,14,Delantero
8558,1974,Paises Bajos,A,Rob Rensenbrink,rob_rensenbrink.php,15,Delantero
8559,1974,Paises Bajos,A,Johnny Rep,johnny_rep.php,16,Delantero
8560,1974,Alemania Occidental,B,Sepp Maier,sepp_maier.php,1,Arquero
8561,1974,Alemania Occidental,B,Norbert Nigbur,norbert_nigbur.php,21,Arquero
8562,1974,Alemania Occidental,B,Wolfgang Kleff,wolfgang_kleff.php,22,Arquero
8563,1974,Alemania Occidental,B,Berti Vogts,berti_vogts.php,2,Defensor
8564,1974,Alemania Occidental,B,Paul Breitner,paul_breitner.php,3,Defensor
8565,1974,Alemania Occidental,B,Hans-Georg Schwarzenbeck,hans_georg_schwarzenbeck.php,4,Defensor
8566,1974,Alemania Occidental,B,Franz Beckenbauer,franz_beckenbauer.php,5,Defensor
8567,1974,Alemania Occidental,B,Horst-Dieter Hoettges,horst_dieter_hoettges.php,6,Defensor
8568,1974,Alemania Occidental,B,Bernd Cullmann,bernd_cullmann.php,8,Defensor
8569,1974,Alemania Occidental,B,Helmut Kremers,helmut_kremers.php,20,Defensor
8570,1974,Alemania Occidental,B,Herbert Wimmer,herbert_wimmer.php,7,Mediocampista
8571,1974,Alemania Occidental,B,Guenter Netzer,guenter_netzer.php,10,Mediocampista
8572,1974,Alemania Occidental,B,Wolfgang Overath,wolfgang_overath.php,12,Mediocampista
8573,1974,Alemania Occidental,B,Uli Hoeness,uli_hoeness.php,14,Mediocampista
8574,1974,Alemania Occidental,B,Heinz Flohe,heinz_flohe.php,15,Mediocampista
8575,1974,Alemania Occidental,B,Rainer Bonhof,rainer_bonhof.php,16,Mediocampista
8576,1974,Alemania Occidental,B,Jupp Kappellmann,jupp_kappellmann.php,19,Mediocampista
8577,1974,Alemania Occidental,B,Juergen Grabowski,juergen_grabowski.php,9,Delantero
8578,1974,Alemania Occidental,B,Jupp Heynckes,jupp_heynckes.php,11,Delantero
8579,1974,Alemania Occidental,B,Gerd Mueller,gerd_mueller.php,13,Delantero
8580,1974,Alemania Occidental,B,Bernd Hoelzenbein,bernd_hoelzenbein.php,17,Delantero
8581,1974,Alemania Occidental,B,Dieter Herzog,dieter_herzog.php,18,Delantero
8582,1974,Polonia,B,Andrzej Fischer,andrzej_fischer.php,1,Arquero
8583,1974,Polonia,B,Jan Tomaszewski,jan_tomaszewski.php,2,Arquero
8584,1974,Polonia,B,Zygmunt Kalinowski,zygmunt_kalinowski.php,3,Arquero
8585,1974,Polonia,B,Antoni Szymanowski,antoni_szymanowski.php,4,Defensor
8586,1974,Polonia,B,Zbigniew Gut,zbigniew_gut.php,5,Defensor
8587,1974,Polonia,B,Jerzy Gorgon,jerzy_gorgon.php,6,Defensor
8588,1974,Polonia,B,Miroslaw Bulzacki,miroslaw_bulzacki.php,8,Defensor
8589,1974,Polonia,B,Wladyslaw Zmuda,wladyslaw_zmuda.php,9,Defensor
8590,1974,Polonia,B,Adam Musial,adam_musial.php,10,Defensor
8591,1974,Polonia,B,Henryk Wieczorek,henryk_wieczorek.php,7,Mediocampista
8592,1974,Polonia,B,Leslaw Cmikiewicz,leslaw_cmikiewicz.php,11,Mediocampista
8593,1974,Polonia,B,Kazimierz Deyna,kazimierz_deyna.php,12,Mediocampista
8594,1974,Polonia,B,Henryk Kasperczak,henryk_kasperczak.php,13,Mediocampista
8595,1974,Polonia,B,Zygmunt Maszczyk,zygmunt_maszczyk.php,14,Mediocampista
8596,1974,Polonia,B,Roman Jakobczak,roman_jakobczak.php,15,Delantero
8597,1974,Polonia,B,Grzegorz Lato,grzegorz_lato.php,16,Delantero
8598,1974,Polonia,B,Andrzej Szarmach,andrzej_szarmach.php,17,Delantero
8599,1974,Polonia,B,Robert Gadocha,robert_gadocha.php,18,Delantero
8600,1974,Polonia,B,Jan Domarski,jan_domarski.php,19,Delantero
8601,1974,Polonia,B,Zdzislaw Kapka,zdzislaw_kapka.php,20,Delantero
8602,1974,Polonia,B,Kazimierz Kmiecik,kazimierz_kmiecik.php,21,Delantero
8603,1974,Polonia,B,Marek Kusto,marek_kusto.php,22,Delantero
8604,1974,Suecia,B,Ronnie Hellstrom,ronnie_hellstrom.php,1,Arquero
8605,1974,Suecia,B,Sven-Gunnar Larsson,sven_gunnar_larsson.php,12,Arquero
8606,1974,Suecia,B,Goran Hagberg,goran_hagberg.php,17,Arquero
8607,1974,Suecia,B,Jan Olsson,jan_olsson.php,2,Defensor
8608,1974,Suecia,B,Kent Karlsson,kent_karlsson.php,3,Defensor
8609,1974,Suecia,B,Bjorn Nordqvist,bjorn_nordqvist.php,4,Defensor
8610,1974,Suecia,B,Bjorn Andersson,bjorn_andersson.php,5,Defensor
8611,1974,Suecia,B,Roland Grip,roland_grip.php,13,Defensor
8612,1974,Suecia,B,Jorgen Augustsson,jorgen_augustsson.php,18,Defensor
8613,1974,Suecia,B,Ove Grahn,ove_grahn.php,6,Mediocampista
8614,1974,Suecia,B,Bo Larsson,bo_larsson.php,7,Mediocampista
8615,1974,Suecia,B,Ove Kindvall,ove_kindvall.php,9,Mediocampista
8616,1974,Suecia,B,Staffan Tapper,staffan_tapper.php,14,Mediocampista
8617,1974,Suecia,B,Inge Ejderstedt,inge_ejderstedt.php,16,Mediocampista
8618,1974,Suecia,B,Claes Cronqvist,claes_cronqvist.php,19,Mediocampista
8619,1974,Suecia,B,Sven Lindman,sven_lindman.php,20,Mediocampista
8620,1974,Suecia,B,Orjan Persson,orjan_persson.php,21,Mediocampista
8621,1974,Suecia,B,Thomas Ahlstrom,thomas_ahlstrom.php,22,Mediocampista
8622,1974,Suecia,B,Conny Torstensson,conny_torstensson.php,8,Delantero
8623,1974,Suecia,B,Ralf Edstrom,ralf_edstrom.php,10,Delantero
8624,1974,Suecia,B,Roland Sandberg,roland_sandberg.php,11,Delantero
8625,1974,Suecia,B,Benno Magnusson,benno_magnusson.php,15,Delantero
8626,1974,Yugoslavia,B,Enver Maric,enver_maric.php,1,Arquero
8627,1974,Yugoslavia,B,Ognjen Petrovic,ognjen_petrovic.php,21,Arquero
8628,1974,Yugoslavia,B,Rizah Meskovic,rizah_meskovic.php,22,Arquero
8629,1974,Yugoslavia,B,Ivan Buljan,ivan_buljan.php,2,Defensor
8630,1974,Yugoslavia,B,Enver Hadziabdic,enver_hadziabdic.php,3,Defensor
8631,1974,Yugoslavia,B,Drazen Muzinic,drazen_muzinic.php,4,Defensor
8632,1974,Yugoslavia,B,Josip Katalinski,josip_katalinski.php,5,Defensor
8633,1974,Yugoslavia,B,Vladislav Bogicevic,vladislav_bogicevic.php,6,Defensor
8634,1974,Yugoslavia,B,Luka Peruzovic,luka_peruzovic.php,14,Defensor
8635,1974,Yugoslavia,B,Kiril Dojcinovski,kiril_dojcinovski.php,15,Defensor
8636,1974,Yugoslavia,B,Ilija Petkovic,ilija_petkovic.php,7,Mediocampista
8637,1974,Yugoslavia,B,Branko Oblak,branko_oblak.php,8,Mediocampista
8638,1974,Yugoslavia,B,Jovan Acimovic,jovan_acimovic.php,10,Mediocampista
8639,1974,Yugoslavia,B,Jurica Jerkovic,jurica_jerkovic.php,12,Mediocampista
8640,1974,Yugoslavia,B,Miroslav Pavlovic,miroslav_pavlovic.php,13,Mediocampista
8641,1974,Yugoslavia,B,Franjo Vladic,franjo_vladic.php,16,Mediocampista
8642,1974,Yugoslavia,B,Vladimir Petrovic,vladimir_petrovic.php,20,Mediocampista
8643,1974,Yugoslavia,B,Ivica Surjak,ivica_surjak.php,9,Delantero
8644,1974,Yugoslavia,B,Dragan Dzajic,dragan_dzajic.php,11,Delantero
8645,1974,Yugoslavia,B,Danilo Popivoda,danilo_popivoda.php,17,Delantero
8646,1974,Yugoslavia,B,Stanislav Karasi,stanislav_karasi.php,18,Delantero
8647,1974,Yugoslavia,B,Dusan Bajevic,dusan_bajevic.php,19,Delantero
8648,1970,Bélgica,1,Christian Piot,christian_piot.php,1,Arquero
8649,1970,Bélgica,1,Jean-Maire Trappeniers,jean_maire_trappeniers.php,12,Arquero
8650,1970,Bélgica,1,Jacques Duquesne,jacques_duquesne.php,22,Arquero
8651,1970,Bélgica,1,Georges Heylens,georges_heylens.php,2,Defensor
8652,1970,Bélgica,1,Jean Thissen,jean_thissen.php,3,Defensor
8653,1970,Bélgica,1,Nicolas Dewalque,nicolas_dewalque.php,4,Defensor
8654,1970,Bélgica,1,Leon Jeck,leon_jeck.php,5,Defensor
8655,1970,Bélgica,1,Jacques Beurlet,jacques_beurlet.php,13,Defensor
8656,1970,Bélgica,1,Maurice Martens,maurice_martens.php,14,Defensor
8657,1970,Bélgica,1,Alfonse Peeters,alfonse_peeters.php,20,Defensor
8658,1970,Bélgica,1,Jan Dockx,jan_dockx.php,6,Mediocampista
8659,1970,Bélgica,1,Leon Semmeling,leon_semmeling.php,7,Mediocampista
8660,1970,Bélgica,1,Wilfried Van Moer,wilfried_van_moer.php,8,Mediocampista
8661,1970,Bélgica,1,Erwin Van Den Daele,erwin_van_den_daele.php,15,Mediocampista
8662,1970,Bélgica,1,Jan Verheyen,jan_verheyen.php,17,Mediocampista
8663,1970,Bélgica,1,Johannes Devrindt,johannes_devrindt.php,9,Delantero
8664,1970,Bélgica,1,Paul Van Himst,paul_van_himst.php,10,Delantero
8665,1970,Bélgica,1,Wilfried Puis,wilfried_puis.php,11,Delantero
8666,1970,Bélgica,1,Odilon Polleunis,odilon_polleunis.php,16,Delantero
8667,1970,Bélgica,1,Raoul Lambert,raoul_lambert.php,18,Delantero
8668,1970,Bélgica,1,Pierre Carteus,pierre_carteus.php,19,Delantero
8669,1970,Bélgica,1,Francois Janssens,francois_janssens.php,21,Delantero
8670,1970,El Salvador,1,Raul Magana,raul_magana.php,1,Arquero
8671,1970,El Salvador,1,Tomas Pineda,tomas_pineda.php,13,Arquero
8672,1970,El Salvador,1,Juan Gualberto Fernandez,juan_gualberto_fernandez.php,20,Arquero
8673,1970,El Salvador,1,Roberto Rivas,roberto_rivas.php,2,Defensor
8674,1970,El Salvador,1,Salvador Mariona,salvador_mariona.php,3,Defensor
8675,1970,El Salvador,1,Santiago Mendez Cortes,santiago_mendez_cortes.php,4,Defensor
8676,1970,El Salvador,1,Saturnino Osorio,saturnino_osorio.php,5,Defensor
8677,1970,El Salvador,1,Mauricio Manzano,mauricio_manzano.php,14,Defensor
8678,1970,El Salvador,1,Guillermo Castro,guillermo_castro.php,18,Defensor
8679,1970,El Salvador,1,Jose Quintanilla,jose_quintanilla.php,6,Mediocampista
8680,1970,El Salvador,1,Mauricio Rodriguez,mauricio_rodriguez.php,7,Mediocampista
8681,1970,El Salvador,1,Alfredo Vasquez,alfredo_vasquez.php,8,Mediocampista
8682,1970,El Salvador,1,Juan Martinez,juan_martinez.php,9,Mediocampista
8683,1970,El Salvador,1,Mario Monge,mario_monge.php,12,Mediocampista
8684,1970,El Salvador,1,Genaro Sermeno,genaro_sermeno.php,16,Mediocampista
8685,1970,El Salvador,1,Sergio Mendez,sergio_mendez.php,19,Mediocampista
8686,1970,El Salvador,1,Alberto Villalta,alberto_villalta.php,22,Mediocampista
8687,1970,El Salvador,1,Salvador Flamenco Cabezas,salvador_flamenco_cabezas.php,10,Delantero
8688,1970,El Salvador,1,Ernesto Aparicio,ernesto_aparicio.php,11,Delantero
8689,1970,El Salvador,1,David Cabrera,david_cabrera.php,15,Delantero
8690,1970,El Salvador,1,Jaime Portillo,jaime_portillo.php,17,Delantero
8691,1970,El Salvador,1,Elmer Angel Acevedo,elmer_angel_acevedo.php,21,Delantero
8692,1970,México,1,Ignacio Calderon,ignacio_calderon.php,1,Arquero
8693,1970,México,1,Antonio Mota,antonio_mota.php,12,Arquero
8694,1970,México,1,Francisco Castrejon,francisco_castrejon.php,22,Arquero
8695,1970,México,1,Juan Manuel Alejandrez,juan_manuel_alejandrez.php,2,Defensor
8696,1970,México,1,Gustavo Pena,gustavo_pena.php,3,Defensor
8697,1970,México,1,Francisco Montes,francisco_montes.php,4,Defensor
8698,1970,México,1,Mario Perez,mario_perez.php,5,Defensor
8699,1970,México,1,Guillermo Hernandez,guillermo_hernandez.php,6,Defensor
8700,1970,México,1,Jose Vantolra,jose_vantolra.php,13,Defensor
8701,1970,México,1,Javier Guzman,javier_guzman.php,14,Defensor
8702,1970,México,1,Marcos Rivas,marcos_rivas.php,7,Mediocampista
8703,1970,México,1,Antonio Munguia,antonio_munguia.php,8,Mediocampista
8704,1970,México,1,Hector Pulido,hector_pulido.php,15,Mediocampista
8705,1970,México,1,Isidoro Diaz,isidoro_diaz.php,16,Mediocampista
8706,1970,México,1,Jose Gonzalez,jose_gonzalez.php,17,Mediocampista
8707,1970,México,1,Mario Velarde,mario_velarde.php,18,Mediocampista
8708,1970,México,1,Enrique Borja,enrique_borja.php,9,Delantero
8709,1970,México,1,Horacio Lopez Salgado,horacio_lopez_salgado.php,10,Delantero
8710,1970,México,1,Aaron Padilla,aaron_padilla.php,11,Delantero
8711,1970,México,1,Javier Valdivia,javier_valdivia.php,19,Delantero
8712,1970,México,1,Juan Ignacio Basaguren,juan_ignacio_basaguren.php,20,Delantero
8713,1970,México,1,Javier Fragoso,javier_fragoso.php,21,Delantero
8714,1970,URSS,1,Leonid Shmuts,leonid_shmuts.php,1,Arquero
8715,1970,URSS,1,Anzor Kavazashvili,anzor_kavazashvili.php,2,Arquero
8716,1970,URSS,1,Lev Yashin,lev_yashin.php,13,Arquero
8717,1970,URSS,1,Valentin Afonin,valentin_afonin.php,3,Defensor
8718,1970,URSS,1,Revaz Dzodzvashvili,revaz_dzodzvashvili.php,4,Defensor
8719,1970,URSS,1,Vladimir Kaplichni,vladimir_kaplichni.php,5,Defensor
8720,1970,URSS,1,Evgeni Lovchev,evgeni_lovchev.php,6,Defensor
8721,1970,URSS,1,Gennadi Logofet,gennadi_logofet.php,7,Defensor
8722,1970,URSS,1,Murtaz Khurtsilava,murtaz_khurtsilava.php,8,Defensor
8723,1970,URSS,1,Albert Shesternyov,albert_shesternyov.php,9,Defensor
8724,1970,URSS,1,Valeri Zikov,valeri_zikov.php,10,Defensor
8725,1970,URSS,1,Kakhi Asatiani,kakhi_asatiani.php,11,Mediocampista
8726,1970,URSS,1,Nicolai Kiselyov,nicolai_kiselyov.php,12,Mediocampista
8727,1970,URSS,1,Vladimir Muntyan,vladimir_muntyan.php,14,Mediocampista
8728,1970,URSS,1,Viktor Serebryanikov,viktor_serebryanikov.php,15,Mediocampista
8729,1970,URSS,1,Anatoly Bishovets,anatoly_bishovets.php,16,Delantero
8730,1970,URSS,1,Gennadi Yevryuzhikhin,gennadi_yevryuzhikhin.php,17,Delantero
8731,1970,URSS,1,Slava Metreveli,slava_metreveli.php,18,Delantero
8732,1970,URSS,1,Givili Nodiya,givili_nodiya.php,19,Delantero
8733,1970,URSS,1,Anatoli Puzach,anatoli_puzach.php,20,Delantero
8734,1970,URSS,1,Vitali Khmelnitski,vitali_khmelnitski.php,21,Delantero
8735,1970,URSS,1,Valeriy Porkuyan,valeriy_porkuyan.php,22,Delantero
8736,1970,Israel,2,Itzhak Vissoker,itzhak_vissoker.php,1,Arquero
8737,1970,Israel,2,Yechiel Hameiri,yechiel_hameiri.php,21,Arquero
8738,1970,Israel,2,Yair Nossovsky,yair_nossovsky.php,22,Arquero
8739,1970,Israel,2,Shraga Bar,shraga_bar.php,2,Defensor
8740,1970,Israel,2,Menachem Bello,menachem_bello.php,3,Defensor
8741,1970,Israel,2,David Primo,david_primo.php,4,Defensor
8742,1970,Israel,2,Zvi Rosen,zvi_rosen.php,5,Defensor
8743,1970,Israel,2,Shmuel Rosenthal,shmuel_rosenthal.php,6,Defensor
8744,1970,Israel,2,Yeshaiyahu Schwager,yeshaiyahu_schwager.php,12,Defensor
8745,1970,Israel,2,Johanan Vallach,johanan_vallach.php,16,Defensor
8746,1970,Israel,2,David Karako,david_karako.php,20,Defensor
8747,1970,Israel,2,Itzhak Schum,itzhak_schum.php,7,Mediocampista
8748,1970,Israel,2,Giora Spiegel,giora_spiegel.php,8,Mediocampista
8749,1970,Israel,2,Aharon Shuruk,aharon_shuruk.php,19,Mediocampista
8750,1970,Israel,2,Jehoshua Faigenbaum,jehoshua_faigenbaum.php,9,Delantero
8751,1970,Israel,2,Mordechai Spiegler,mordechai_spiegler.php,10,Delantero
8752,1970,Israel,2,George Borba,george_borba.php,11,Delantero
8753,1970,Israel,2,Yehezkel Chazom,yehezkel_chazom.php,13,Delantero
8754,1970,Israel,2,Dani Shmulevich-Rom,dani_shmulevich_rom.php,14,Delantero
8755,1970,Israel,2,Rahamim Talbi,rahamim_talbi.php,15,Delantero
8756,1970,Israel,2,Eli Ben Rimoz,eli_ben_rimoz.php,17,Delantero
8757,1970,Israel,2,Moshe Romano,moshe_romano.php,18,Delantero
8758,1970,Italia,2,Enrico Albertosi,enrico_albertosi.php,1,Arquero
8759,1970,Italia,2,Dino Zoff,dino_zoff.php,12,Arquero
8760,1970,Italia,2,Lido Vieri,lido_vieri.php,17,Arquero
8761,1970,Italia,2,Tarcisio Burgnich,tarcisio_burgnich.php,2,Defensor
8762,1970,Italia,2,Giacinto Facchetti,giacinto_facchetti.php,3,Defensor
8763,1970,Italia,2,Fabrizio Poletti,fabrizio_poletti.php,4,Defensor
8764,1970,Italia,2,Pierluigi Cera,pierluigi_cera.php,5,Defensor
8765,1970,Italia,2,Ugo Ferrante,ugo_ferrante.php,6,Defensor
8766,1970,Italia,2,Comunardo Niccolai,comunardo_niccolai.php,7,Defensor
8767,1970,Italia,2,Roberto Rosato,roberto_rosato.php,8,Defensor
8768,1970,Italia,2,Giorgio Puia,giorgio_puia.php,9,Defensor
8769,1970,Italia,2,Mario Bertini,mario_bertini.php,10,Mediocampista
8770,1970,Italia,2,Gianni Rivera,gianni_rivera.php,14,Mediocampista
8771,1970,Italia,2,Sandro Mazzola,sandro_mazzola.php,15,Mediocampista
8772,1970,Italia,2,Giancarlo De Sisti,giancarlo_de_sisti.php,16,Mediocampista
8773,1970,Italia,2,Antonio Juliano,antonio_juliano.php,18,Mediocampista
8774,1970,Italia,2,Giuseppe Furino,giuseppe_furino.php,21,Mediocampista
8775,1970,Italia,2,Gigi Riva,gigi_riva.php,11,Delantero
8776,1970,Italia,2,Angelo Domenghini,angelo_domenghini.php,13,Delantero
8777,1970,Italia,2,Sergio Gori,sergio_gori.php,19,Delantero
8778,1970,Italia,2,Roberto Boninsegna,roberto_boninsegna.php,20,Delantero
8779,1970,Italia,2,Pierino Prati,pierino_prati.php,22,Delantero
8780,1970,Suecia,2,Ronnie Hellstrom,ronnie_hellstrom.php,1,Arquero
8781,1970,Suecia,2,Sven-Gunnar Larsson,sven_gunnar_larsson.php,12,Arquero
8782,1970,Suecia,2,Ronny Pettersson,ronny_pettersson.php,17,Arquero
8783,1970,Suecia,2,Hans Selander,hans_selander.php,2,Defensor
8784,1970,Suecia,2,Kurt Axelsson,kurt_axelsson.php,3,Defensor
8785,1970,Suecia,2,Bjorn Nordqvist,bjorn_nordqvist.php,4,Defensor
8786,1970,Suecia,2,Roland Grip,roland_grip.php,5,Defensor
8787,1970,Suecia,2,Krister Kirstersson,krister_kirstersson.php,14,Defensor
8788,1970,Suecia,2,Leif Malberg,leif_malberg.php,15,Defensor
8789,1970,Suecia,2,Jan Olsson,jan_olsson.php,20,Defensor
8790,1970,Suecia,2,Tommy Svensson,tommy_svensson.php,6,Mediocampista
8791,1970,Suecia,2,Bo Larsson,bo_larsson.php,7,Mediocampista
8792,1970,Suecia,2,Leif Eriksson,leif_eriksson.php,8,Mediocampista
8793,1970,Suecia,2,Orjan Persson,orjan_persson.php,11,Mediocampista
8794,1970,Suecia,2,Thomas Nordahl,thomas_nordahl.php,16,Mediocampista
8795,1970,Suecia,2,Goran Nicklasson,goran_nicklasson.php,19,Mediocampista
8796,1970,Suecia,2,Inge Ejderstedt,inge_ejderstedt.php,21,Mediocampista
8797,1970,Suecia,2,Ove Kindvall,ove_kindvall.php,9,Delantero
8798,1970,Suecia,2,Ove Grahn,ove_grahn.php,10,Delantero
8799,1970,Suecia,2,Claes Cronqvist,claes_cronqvist.php,13,Delantero
8800,1970,Suecia,2,Tom Turesson,tom_turesson.php,18,Delantero
8801,1970,Suecia,2,Sten Palsson,sten_palsson.php,22,Delantero
8802,1970,Uruguay,2,Ladislao Mazurkiewicz,ladislao_mazurkiewicz.php,1,Arquero
8803,1970,Uruguay,2,Hector Santos,hector_santos.php,12,Arquero
8804,1970,Uruguay,2,Walter Corbo,walter_corbo.php,22,Arquero
8805,1970,Uruguay,2,Atilio Ancheta,atilio_ancheta.php,2,Defensor
8806,1970,Uruguay,2,Roberto Matosas,roberto_matosas.php,3,Defensor
8807,1970,Uruguay,2,Luis Ubina,luis_ubina.php,4,Defensor
8808,1970,Uruguay,2,Juan Mujica,juan_mujica.php,6,Defensor
8809,1970,Uruguay,2,Francisco Camera,francisco_camera.php,14,Defensor
8810,1970,Uruguay,2,Julio Montero Castillo,julio_montero_castillo.php,5,Mediocampista
8811,1970,Uruguay,2,Luis Cubilla,luis_cubilla.php,7,Mediocampista
8812,1970,Uruguay,2,Pedro Rocha,pedro_rocha.php,8,Mediocampista
8813,1970,Uruguay,2,Victor Esparrago,victor_esparrago.php,9,Mediocampista
8814,1970,Uruguay,2,Ildo Maneiro,ildo_maneiro.php,10,Mediocampista
8815,1970,Uruguay,2,Rodolfo Sandoval,rodolfo_sandoval.php,13,Mediocampista
8816,1970,Uruguay,2,Omar Caetano,omar_caetano.php,16,Mediocampista
8817,1970,Uruguay,2,Julio Cortes,julio_cortes.php,20,Mediocampista
8818,1970,Uruguay,2,Julio Morales,julio_morales.php,11,Delantero
8819,1970,Uruguay,2,Dagoberto Fontes,dagoberto_fontes.php,15,Delantero
8820,1970,Uruguay,2,Ruben Bareno,ruben_bareno.php,17,Delantero
8821,1970,Uruguay,2,Alberto Gomez,alberto_gomez.php,18,Delantero
8822,1970,Uruguay,2,Oscar Zubia,oscar_zubia.php,19,Delantero
8823,1970,Uruguay,2,Julio Losada,julio_losada.php,21,Delantero
8824,1970,Brasil,3,Felix,felix.php,1,Arquero
8825,1970,Brasil,3,Ado,ado.php,12,Arquero
8826,1970,Brasil,3,Leao,leao.php,22,Arquero
8827,1970,Brasil,3,Brito,brito.php,2,Defensor
8828,1970,Brasil,3,Wilson Piazza,wilson_piazza.php,3,Defensor
8829,1970,Brasil,3,Carlos Alberto,carlos_alberto.php,4,Defensor
8830,1970,Brasil,3,Marco Antonio,marco_antonio.php,6,Defensor
8831,1970,Brasil,3,Baldochi,baldochi.php,14,Defensor
8832,1970,Brasil,3,Fontana,fontana.php,15,Defensor
8833,1970,Brasil,3,Everaldo,everaldo.php,16,Defensor
8834,1970,Brasil,3,Joel Camargo,joel_camargo.php,17,Defensor
8835,1970,Brasil,3,Ze Maria,ze_maria.php,21,Defensor
8836,1970,Brasil,3,Clodoaldo,clodoaldo.php,5,Mediocampista
8837,1970,Brasil,3,Gerson,gerson.php,8,Mediocampista
8838,1970,Brasil,3,Tostao,tostao.php,9,Mediocampista
8839,1970,Brasil,3,Rivelino,rivelino.php,11,Mediocampista
8840,1970,Brasil,3,Paulo Cesar,paulo_cesar.php,18,Mediocampista
8841,1970,Brasil,3,Jairzinho,jairzinho.php,7,Delantero
8842,1970,Brasil,3,Pelé,pele.php,10,Delantero
8843,1970,Brasil,3,Roberto,roberto_2.php,13,Delantero
8844,1970,Brasil,3,Edu,edu.php,19,Delantero
8845,1970,Brasil,3,Dario,dario.php,20,Delantero
8846,1970,Checoslovaquia,3,Ivo Viktor,ivo_viktor.php,1,Arquero
8847,1970,Checoslovaquia,3,Antonin Flesar,antonin_flesar.php,13,Arquero
8848,1970,Checoslovaquia,3,Alexander Vencel,alexander_vencel.php,22,Arquero
8849,1970,Checoslovaquia,3,Karol Dobias,karol_dobias.php,2,Defensor
8850,1970,Checoslovaquia,3,Vaclav Migas,vaclav_migas.php,3,Defensor
8851,1970,Checoslovaquia,3,Vladimir Hagara,vladimir_hagara.php,4,Defensor
8852,1970,Checoslovaquia,3,Alexander Horvath,alexander_horvath.php,5,Defensor
8853,1970,Checoslovaquia,3,Jan Pivarnik,jan_pivarnik.php,12,Defensor
8854,1970,Checoslovaquia,3,Vladimir Hrivnak,vladimir_hrivnak.php,14,Defensor
8855,1970,Checoslovaquia,3,Jan Zlocha,jan_zlocha.php,15,Defensor
8856,1970,Checoslovaquia,3,Andrej Kvasnak,andrej_kvasnak.php,6,Mediocampista
8857,1970,Checoslovaquia,3,Bohumil Vesely,bohumil_vesely.php,7,Mediocampista
8858,1970,Checoslovaquia,3,Ladislav Kuna,ladislav_kuna.php,9,Mediocampista
8859,1970,Checoslovaquia,3,Ivan Hrdlicka,ivan_hrdlicka.php,16,Mediocampista
8860,1970,Checoslovaquia,3,Jaroslav Pollak,jaroslav_pollak.php,17,Mediocampista
8861,1970,Checoslovaquia,3,Frantisek Vesely,frantisek_vesely.php,18,Mediocampista
8862,1970,Checoslovaquia,3,Ladislav Petras,ladislav_petras.php,8,Delantero
8863,1970,Checoslovaquia,3,Jozef Adamec,jozef_adamec.php,10,Delantero
8864,1970,Checoslovaquia,3,Karol Jokl,karol_jokl.php,11,Delantero
8865,1970,Checoslovaquia,3,Jozef Jurkanin,jozef_jurkanin.php,19,Delantero
8866,1970,Checoslovaquia,3,Milan Albrecht,milan_albrecht.php,20,Delantero
8867,1970,Checoslovaquia,3,Jozef Capkovic,jozef_capkovic.php,21,Delantero
8868,1970,Inglaterra,3,Gordon Banks,gordon_banks.php,1,Arquero
8869,1970,Inglaterra,3,Peter Bonetti,peter_bonetti.php,12,Arquero
8870,1970,Inglaterra,3,Alex Stepney,alex_stepney.php,13,Arquero
8871,1970,Inglaterra,3,Keith Newton,keith_newton.php,2,Defensor
8872,1970,Inglaterra,3,Terry Cooper,terry_cooper.php,3,Defensor
8873,1970,Inglaterra,3,Brian Labone,brian_labone.php,5,Defensor
8874,1970,Inglaterra,3,Bobby Moore,bobby_moore.php,6,Defensor
8875,1970,Inglaterra,3,Tommy Wright,tommy_wright.php,14,Defensor
8876,1970,Inglaterra,3,Nobby Stiles,nobby_stiles.php,15,Defensor
8877,1970,Inglaterra,3,Jack Charlton,jack_charlton.php,17,Defensor
8878,1970,Inglaterra,3,Alan Mullery,alan_mullery.php,4,Mediocampista
8879,1970,Inglaterra,3,Alan Ball,alan_ball.php,8,Mediocampista
8880,1970,Inglaterra,3,Bobby Charlton,bobby_charlton.php,9,Mediocampista
8881,1970,Inglaterra,3,Emlyn Hughes,emlyn_hughes.php,16,Mediocampista
8882,1970,Inglaterra,3,Norman Hunter,norman_hunter.php,18,Mediocampista
8883,1970,Inglaterra,3,Colin Bell,colin_bell.php,19,Mediocampista
8884,1970,Inglaterra,3,Francis Lee,francis_lee.php,7,Delantero
8885,1970,Inglaterra,3,Geoff Hurst,geoff_hurst.php,10,Delantero
8886,1970,Inglaterra,3,Martin Peters,martin_peters.php,11,Delantero
8887,1970,Inglaterra,3,Peter Osgood,peter_osgood.php,20,Delantero
8888,1970,Inglaterra,3,Allan Clarke,allan_clarke.php,21,Delantero
8889,1970,Inglaterra,3,Jeff Astle,jeff_astle.php,22,Delantero
8890,1970,Rumania,3,Necula Raducanu,necula_raducanu.php,1,Arquero
8891,1970,Rumania,3,Stere Adamache,stere_adamache.php,21,Arquero
8892,1970,Rumania,3,Gheorghe Gornea,gheorghe_gornea.php,22,Arquero
8893,1970,Rumania,3,Ludovic Satmareanu,ludovic_satmareanu.php,2,Defensor
8894,1970,Rumania,3,Nicolae Lupescu,nicolae_lupescu.php,3,Defensor
8895,1970,Rumania,3,Mihai Mocanu,mihai_mocanu.php,4,Defensor
8896,1970,Rumania,3,Cornel Dinu,cornel_dinu.php,5,Defensor
8897,1970,Rumania,3,Dan Coe,dan_coe.php,6,Defensor
8898,1970,Rumania,3,Mihai Ivancescu,mihai_ivancescu.php,12,Defensor
8899,1970,Rumania,3,Augustin Deleanu,augustin_deleanu.php,13,Defensor
8900,1970,Rumania,3,Niculae Pescaru,niculae_pescaru.php,20,Defensor
8901,1970,Rumania,3,Emerich Dembrovschi,emerich_dembrovschi.php,7,Mediocampista
8902,1970,Rumania,3,Nicolae Dobrin,nicolae_dobrin.php,8,Mediocampista
8903,1970,Rumania,3,Radu Nunweiller,radu_nunweiller.php,10,Mediocampista
8904,1970,Rumania,3,Vasile Gherghely,vasile_gherghely.php,14,Mediocampista
8905,1970,Rumania,3,Ion Dumitru,ion_dumitru.php,15,Mediocampista
8906,1970,Rumania,3,Alexandru Neagu,alexandru_neagu.php,16,Mediocampista
8907,1970,Rumania,3,Florea Dumitrache,florea_dumitrache.php,9,Delantero
8908,1970,Rumania,3,Mircea Lucescu,mircea_lucescu.php,11,Delantero
8909,1970,Rumania,3,Gheorghe Tataru,gheorghe_tataru.php,17,Delantero
8910,1970,Rumania,3,Marin Tufan,marin_tufan.php,18,Delantero
8911,1970,Rumania,3,Flavius Domide,flavius_domide.php,19,Delantero
8912,1970,Alemania Occidental,4,Sepp Maier,sepp_maier.php,1,Arquero
8913,1970,Alemania Occidental,4,Manfred Manglitz,manfred_manglitz.php,21,Arquero
8914,1970,Alemania Occidental,4,Horst Wolter,horst_wolter.php,22,Arquero
8915,1970,Alemania Occidental,4,Horst-Dieter Hoettges,horst_dieter_hoettges.php,2,Defensor
8916,1970,Alemania Occidental,4,Karl-Heinz Schnellinger,karl_heinz_schnellinger.php,3,Defensor
8917,1970,Alemania Occidental,4,Franz Beckenbauer,franz_beckenbauer.php,4,Defensor
8918,1970,Alemania Occidental,4,Willi Schulz,willi_schulz.php,5,Defensor
8919,1970,Alemania Occidental,4,Wolfgang Weber,wolfgang_weber.php,6,Defensor
8920,1970,Alemania Occidental,4,Berti Vogts,berti_vogts.php,7,Defensor
8921,1970,Alemania Occidental,4,Klaus Fichtel,klaus_fichtel.php,11,Defensor
8922,1970,Alemania Occidental,4,Bernd Patzke,bernd_patzke.php,15,Defensor
8923,1970,Alemania Occidental,4,Max Lorenz,max_lorenz.php,16,Defensor
8924,1970,Alemania Occidental,4,Klaus-Dieter Sieloff,klaus_dieter_sieloff.php,18,Defensor
8925,1970,Alemania Occidental,4,Helmut Haller,helmut_haller.php,8,Mediocampista
8926,1970,Alemania Occidental,4,Wolfgang Overath,wolfgang_overath.php,12,Mediocampista
8927,1970,Alemania Occidental,4,Peter Dietrich,peter_dietrich.php,19,Mediocampista
8928,1970,Alemania Occidental,4,Uwe Seeler,uwe_seeler.php,9,Delantero
8929,1970,Alemania Occidental,4,Sigi Held,sigi_held.php,10,Delantero
8930,1970,Alemania Occidental,4,Gerd Mueller,gerd_mueller.php,13,Delantero
8931,1970,Alemania Occidental,4,Stan Libuda,stan_libuda.php,14,Delantero
8932,1970,Alemania Occidental,4,Hennes Loehr,hennes_loehr.php,17,Delantero
8933,1970,Alemania Occidental,4,Juergen Grabowski,juergen_grabowski.php,20,Delantero
8934,1970,Bulgaria,4,Simeon Simeonov,simeon_simeonov.php,1,Arquero
8935,1970,Bulgaria,4,Stoyan Yordanov,stoyan_yordanov.php,13,Arquero
8936,1970,Bulgaria,4,Georgi Kamenski,georgi_kamenski.php,22,Arquero
8937,1970,Bulgaria,4,Aleksandar Shalamanov,aleksandar_shalamanov.php,2,Defensor
8938,1970,Bulgaria,4,Ivan Dimitrov,ivan_dimitrov.php,3,Defensor
8939,1970,Bulgaria,4,Stefan Aladzhov,stefan_aladzhov.php,4,Defensor
8940,1970,Bulgaria,4,Dimitar Penev,dimitar_penev.php,6,Defensor
8941,1970,Bulgaria,4,Milko Gaidarski,milko_gaidarski.php,12,Defensor
8942,1970,Bulgaria,4,Dobromir Zhechev,dobromir_zhechev.php,14,Defensor
8943,1970,Bulgaria,4,Boris Gaganelov,boris_gaganelov.php,15,Defensor
8944,1970,Bulgaria,4,Ivan Davidov,ivan_davidov.php,5,Mediocampista
8945,1970,Bulgaria,4,Hristo Bonev,hristo_bonev.php,8,Mediocampista
8946,1970,Bulgaria,4,Dinko Dermendzhiev,dinko_dermendzhiev.php,11,Mediocampista
8947,1970,Bulgaria,4,Asparukh Nikodimov,asparukh_nikodimov.php,16,Mediocampista
8948,1970,Bulgaria,4,Todor Kolev,todor_kolev.php,17,Mediocampista
8949,1970,Bulgaria,4,Georgi Popov,georgi_popov.php,7,Delantero
8950,1970,Bulgaria,4,Petar Zhekov,petar_zhekov.php,9,Delantero
8951,1970,Bulgaria,4,Dimitar Yakimov,dimitar_yakimov.php,10,Delantero
8952,1970,Bulgaria,4,Dimitar Marashliev,dimitar_marashliev.php,18,Delantero
8953,1970,Bulgaria,4,Georgi Asparukhov,georgi_asparukhov.php,19,Delantero
8954,1970,Bulgaria,4,Vasil Mitkov,vasil_mitkov.php,20,Delantero
8955,1970,Bulgaria,4,Bozhidar Grigorov,bozhidar_grigorov.php,21,Delantero
8956,1970,Marruecos,4,Allal Ben Kassou,allal_ben_kassou.php,1,Arquero
8957,1970,Marruecos,4,Mohamed Hazzaz,mohamed_hazzaz.php,12,Arquero
8958,1970,Marruecos,4,Abdellah Ouriaghli,abdellah_ouriaghli.php,19,Arquero
8959,1970,Marruecos,4,Abdallah Lamrani,abdallah_lamrani.php,2,Defensor
8960,1970,Marruecos,4,Boujamaa Benkhrif,boujamaa_benkhrif.php,3,Defensor
8961,1970,Marruecos,4,Driss Kanoussi,driss_kanoussi.php,4,Defensor
8962,1970,Marruecos,4,Kassem Slimani,kassem_slimani.php,5,Defensor
8963,1970,Marruecos,4,Jilali Fadili,jilali_fadili.php,13,Defensor
8964,1970,Marruecos,4,Abdelkader El Khyati,abdelkader_el_khyati.php,18,Defensor
8965,1970,Marruecos,4,Mohamed Maaroufi,mohamed_maaroufi.php,6,Mediocampista
8966,1970,Marruecos,4,Ghandi Said,ghandi_said.php,7,Mediocampista
8967,1970,Marruecos,4,Driss Bamous,driss_bamous.php,8,Mediocampista
8968,1970,Marruecos,4,Mohamed El Filali,mohamed_el_filali.php,10,Mediocampista
8969,1970,Marruecos,4,Hadi Dahane,hadi_dahane.php,15,Mediocampista
8970,1970,Marruecos,4,Mustafa Choukri,mustafa_choukri.php,16,Mediocampista
8971,1970,Marruecos,4,Ahmed Faras,ahmed_faras.php,9,Delantero
8972,1970,Marruecos,4,Mahjoub Ghazouani,mahjoub_ghazouani.php,11,Delantero
8973,1970,Marruecos,4,Houmane Jarir,houmane_jarir.php,14,Delantero
8974,1970,Marruecos,4,Ahmed Alaoui,ahmed_alaoui.php,17,Delantero
8975,1970,Perú,4,Luis Rubinos,luis_rubinos.php,1,Arquero
8976,1970,Perú,4,Ruben Correa,ruben_correa.php,12,Arquero
8977,1970,Perú,4,Jesus Goyzueta,jesus_goyzueta.php,21,Arquero
8978,1970,Perú,4,Eloy Campos,eloy_campos.php,2,Defensor
8979,1970,Perú,4,Orlando De La Torre,orlando_de_la_torre.php,3,Defensor
8980,1970,Perú,4,Hector Chumpitaz,hector_chumpitaz.php,4,Defensor
8981,1970,Perú,4,Nicolas Fuentes,nicolas_fuentes.php,5,Defensor
8982,1970,Perú,4,Pedro Gonzales,pedro_gonzales.php,13,Defensor
8983,1970,Perú,4,Jose Fernandez,jose_fernandez.php,14,Defensor
8984,1970,Perú,4,Javier Gonzales,javier_gonzales.php,15,Defensor
8985,1970,Perú,4,Felix Salinas,felix_salinas.php,16,Defensor
8986,1970,Perú,4,Ramon Mifflin,ramon_mifflin.php,6,Mediocampista
8987,1970,Perú,4,Roberto Challe,roberto_challe.php,7,Mediocampista
8988,1970,Perú,4,Julio Baylon,julio_baylon.php,8,Mediocampista
8989,1970,Perú,4,Luis Cruzado,luis_cruzado.php,17,Mediocampista
8990,1970,Perú,4,Eladio Reyes,eladio_reyes.php,19,Mediocampista
8991,1970,Perú,4,Pedro Leon,pedro_leon.php,9,Delantero
8992,1970,Perú,4,Teofilo Cubillas,teofilo_cubillas.php,10,Delantero
8993,1970,Perú,4,Alberto Gallardo,alberto_gallardo.php,11,Delantero
8994,1970,Perú,4,Jose Del Castillo,jose_del_castillo.php,18,Delantero
8995,1970,Perú,4,Hugo Sotil,hugo_sotil.php,20,Delantero
8996,1970,Perú,4,Osvaldo Ramirez,osvaldo_ramirez.php,22,Delantero
8997,1966,Francia,1,Marcel Aubour,marcel_aubour.php,1,Arquero
8998,1966,Francia,1,Georges Carnus,georges_carnus.php,21,Arquero
8999,1966,Francia,1,Johnny Schuth,johnny_schuth.php,22,Arquero
9000,1966,Francia,1,Bernard Bosquier,bernard_bosquier.php,5,Defensor
9001,1966,Francia,1,Robert Budzynski,robert_budzynski.php,6,Defensor
9002,1966,Francia,1,Andre Chorda,andre_chorda.php,7,Defensor
9003,1966,Francia,1,Gabriel De Michele,gabriel_de_michele.php,11,Defensor
9004,1966,Francia,1,Jean Djorkaeff,jean_djorkaeff.php,12,Defensor
9005,1966,Francia,1,Marcel Artelesa,marcel_artelesa.php,2,Mediocampista
9006,1966,Francia,1,Joseph Bonnel,joseph_bonnel.php,4,Mediocampista
9007,1966,Francia,1,Yves Herbert,yves_herbert.php,15,Mediocampista
9008,1966,Francia,1,Robert Herbin,robert_herbin.php,16,Mediocampista
9009,1966,Francia,1,Lucien Muller,lucien_muller.php,17,Mediocampista
9010,1966,Francia,1,Jean Claude Piumi,jean_claude_piumi.php,18,Mediocampista
9011,1966,Francia,1,Edmond Baraffe,edmond_baraffe.php,3,Delantero
9012,1966,Francia,1,Nestor Combin,nestor_combin.php,8,Delantero
9013,1966,Francia,1,Didier Couecou,didier_couecou.php,9,Delantero
9014,1966,Francia,1,Hector De Bourgoing,hector_de_bourgoing.php,10,Delantero
9015,1966,Francia,1,Philippe Gondet,philippe_gondet.php,13,Delantero
9016,1966,Francia,1,Gerard Hausser,gerard_hausser.php,14,Delantero
9017,1966,Francia,1,Laurent Robuschi,laurent_robuschi.php,19,Delantero
9018,1966,Francia,1,Jacques Simon,jacques_simon.php,20,Delantero
9019,1966,Inglaterra,1,Gordon Banks,gordon_banks.php,1,Arquero
9020,1966,Inglaterra,1,Ron Springett,ron_springett.php,12,Arquero
9021,1966,Inglaterra,1,Peter Bonetti,peter_bonetti.php,13,Arquero
9022,1966,Inglaterra,1,George Cohen,george_cohen.php,2,Defensor
9023,1966,Inglaterra,1,Ray Wilson,ray_wilson.php,3,Defensor
9024,1966,Inglaterra,1,Jack Charlton,jack_charlton.php,5,Defensor
9025,1966,Inglaterra,1,Bobby Moore,bobby_moore.php,6,Defensor
9026,1966,Inglaterra,1,Jimmy Armfield,jimmy_armfield.php,14,Defensor
9027,1966,Inglaterra,1,Gerry Byrne,gerry_byrne.php,15,Defensor
9028,1966,Inglaterra,1,Norman Hunter,norman_hunter.php,18,Defensor
9029,1966,Inglaterra,1,Nobby Stiles,nobby_stiles.php,4,Mediocampista
9030,1966,Inglaterra,1,Alan Ball,alan_ball.php,7,Mediocampista
9031,1966,Inglaterra,1,Martin Peters,martin_peters.php,16,Mediocampista
9032,1966,Inglaterra,1,Ron Flowers,ron_flowers.php,17,Mediocampista
9033,1966,Inglaterra,1,Ian Callaghan,ian_callaghan.php,20,Mediocampista
9034,1966,Inglaterra,1,Jimmy Greaves,jimmy_greaves.php,8,Delantero
9035,1966,Inglaterra,1,Bobby Charlton,bobby_charlton.php,9,Delantero
9036,1966,Inglaterra,1,Geoff Hurst,geoff_hurst.php,10,Delantero
9037,1966,Inglaterra,1,John Connelly,john_connelly.php,11,Delantero
9038,1966,Inglaterra,1,Terry Paine,terry_paine.php,19,Delantero
9039,1966,Inglaterra,1,Roger Hunt,roger_hunt.php,21,Delantero
9040,1966,Inglaterra,1,George Eastham,george_eastham.php,22,Delantero
9041,1966,México,1,Antonio Carbajal,antonio_carbajal.php,1,Arquero
9042,1966,México,1,Ignacio Calderon,ignacio_calderon.php,12,Arquero
9043,1966,México,1,Javier Vargas,javier_vargas.php,22,Arquero
9044,1966,México,1,Arturo Chaires,arturo_chaires.php,2,Defensor
9045,1966,México,1,Gustavo Pena,gustavo_pena.php,3,Defensor
9046,1966,México,1,Jesus Del Muro,jesus_del_muro.php,4,Defensor
9047,1966,México,1,Ignacio Jauregui,ignacio_jauregui.php,5,Defensor
9048,1966,México,1,Jose Gonzalez,jose_gonzalez.php,13,Defensor
9049,1966,México,1,Gabriel Nunez,gabriel_nunez.php,14,Defensor
9050,1966,México,1,Isidoro Diaz,isidoro_diaz.php,6,Mediocampista
9051,1966,México,1,Ernesto Cisneros,ernesto_cisneros.php,9,Mediocampista
9052,1966,México,1,Guillermo Hernandez,guillermo_hernandez.php,15,Mediocampista
9053,1966,México,1,Luis Regueiro,luis_regueiro.php,16,Mediocampista
9054,1966,México,1,Magdaleno Mercado,magdaleno_mercado.php,17,Mediocampista
9055,1966,México,1,Felipe Ruvalcaba,felipe_ruvalcaba.php,7,Delantero
9056,1966,México,1,Aaron Padilla,aaron_padilla.php,8,Delantero
9057,1966,México,1,Javier Fragoso,javier_fragoso.php,10,Delantero
9058,1966,México,1,Francisco Jara,francisco_jara.php,11,Delantero
9059,1966,México,1,Elias Munoz,elias_munoz.php,18,Delantero
9060,1966,México,1,Salvador Reyes,salvador_reyes.php,19,Delantero
9061,1966,México,1,Enrique Borja,enrique_borja.php,20,Delantero
9062,1966,México,1,Ramiro Navarro,ramiro_navarro.php,21,Delantero
9063,1966,Uruguay,1,Ladislao Mazurkiewicz,ladislao_mazurkiewicz.php,1,Arquero
9064,1966,Uruguay,1,Roberto Sosa,roberto_sosa.php,12,Arquero
9065,1966,Uruguay,1,Walter Taibo,walter_taibo.php,22,Arquero
9066,1966,Uruguay,1,Horacio Troche,horacio_troche.php,2,Defensor
9067,1966,Uruguay,1,Jorge Manicera,jorge_manicera.php,3,Defensor
9068,1966,Uruguay,1,Pablo Forlan,pablo_forlan.php,4,Defensor
9069,1966,Uruguay,1,Nestor Goncalves,nestor_goncalves.php,5,Defensor
9070,1966,Uruguay,1,Nelson Diaz,nelson_diaz.php,13,Defensor
9071,1966,Uruguay,1,Luis Ubina,luis_ubina.php,15,Defensor
9072,1966,Uruguay,1,Luis Ramos,luis_ramos.php,20,Defensor
9073,1966,Uruguay,1,Omar Caetano,omar_caetano.php,6,Mediocampista
9074,1966,Uruguay,1,Julio Cortes,julio_cortes.php,7,Mediocampista
9075,1966,Uruguay,1,Emilio Alvarez,emilio_alvarez.php,14,Mediocampista
9076,1966,Uruguay,1,Eliseo Alvarez,eliseo_alvarez.php,16,Mediocampista
9077,1966,Uruguay,1,Hector Silva,hector_silva.php,19,Mediocampista
9078,1966,Uruguay,1,Victor Esparrago,victor_esparrago.php,21,Mediocampista
9079,1966,Uruguay,1,Jose Urruzmendi,jose_urruzmendi.php,8,Delantero
9080,1966,Uruguay,1,Jose Sasia,jose_sasia.php,9,Delantero
9081,1966,Uruguay,1,Pedro Rocha,pedro_rocha.php,10,Delantero
9082,1966,Uruguay,1,Domingo Perez,domingo_perez.php,11,Delantero
9083,1966,Uruguay,1,Hector Salva,hector_salva.php,17,Delantero
9084,1966,Uruguay,1,Milton Viera,milton_viera.php,18,Delantero
9085,1966,Alemania Occidental,2,Hans Tilkowski,hans_tilkowski.php,1,Arquero
9086,1966,Alemania Occidental,2,Guenter Bernard,guenter_bernard.php,21,Arquero
9087,1966,Alemania Occidental,2,Sepp Maier,sepp_maier.php,22,Arquero
9088,1966,Alemania Occidental,2,Horst-Dieter Hoettges,horst_dieter_hoettges.php,2,Defensor
9089,1966,Alemania Occidental,2,Karl-Heinz Schnellinger,karl_heinz_schnellinger.php,3,Defensor
9090,1966,Alemania Occidental,2,Willi Schulz,willi_schulz.php,5,Defensor
9091,1966,Alemania Occidental,2,Wolfgang Weber,wolfgang_weber.php,6,Defensor
9092,1966,Alemania Occidental,2,Friedel Lutz,friedel_lutz.php,14,Defensor
9093,1966,Alemania Occidental,2,Bernd Patzke,bernd_patzke.php,15,Defensor
9094,1966,Alemania Occidental,2,Wolfgang Paul,wolfgang_paul.php,17,Defensor
9095,1966,Alemania Occidental,2,Klaus-Dieter Sieloff,klaus_dieter_sieloff.php,18,Defensor
9096,1966,Alemania Occidental,2,Franz Beckenbauer,franz_beckenbauer.php,4,Mediocampista
9097,1966,Alemania Occidental,2,Albert Bruells,albert_bruells.php,7,Mediocampista
9098,1966,Alemania Occidental,2,Helmut Haller,helmut_haller.php,8,Mediocampista
9099,1966,Alemania Occidental,2,Wolfgang Overath,wolfgang_overath.php,12,Mediocampista
9100,1966,Alemania Occidental,2,Max Lorenz,max_lorenz.php,16,Mediocampista
9101,1966,Alemania Occidental,2,Uwe Seeler,uwe_seeler.php,9,Delantero
9102,1966,Alemania Occidental,2,Sigi Held,sigi_held.php,10,Delantero
9103,1966,Alemania Occidental,2,Lothar Emmerich,lothar_emmerich.php,11,Delantero
9104,1966,Alemania Occidental,2,Heinz Hornig,heinz_hornig.php,13,Delantero
9105,1966,Alemania Occidental,2,Werner Kraemer,werner_kraemer.php,19,Delantero
9106,1966,Alemania Occidental,2,Juergen Grabowski,juergen_grabowski.php,20,Delantero
9107,1966,Argentina,2,Antonio Roma,antonio_roma.php,1,Arquero
9108,1966,Argentina,2,Rolando Irusta,rolando_irusta.php,2,Arquero
9109,1966,Argentina,2,Hugo Gatti,hugo_gatti.php,3,Arquero
9110,1966,Argentina,2,Roberto Perfumo,roberto_perfumo.php,4,Defensor
9111,1966,Argentina,2,Oscar Calics,oscar_calics.php,6,Defensor
9112,1966,Argentina,2,Silvio Marzolini,silvio_marzolini.php,7,Defensor
9113,1966,Argentina,2,Oscar Ferreiro,oscar_ferreiro.php,8,Defensor
9114,1966,Argentina,2,Nelson Lopez,nelson_lopez.php,13,Defensor
9115,1966,Argentina,2,Jose Varacka,jose_varacka.php,5,Mediocampista
9116,1966,Argentina,2,Carmelo Simeone,carmelo_simeone.php,9,Mediocampista
9117,1966,Argentina,2,Antonio Rattin,antonio_rattin.php,10,Mediocampista
9118,1966,Argentina,2,Jose Pastoriza,jose_pastoriza.php,11,Mediocampista
9119,1966,Argentina,2,Rafael Albrecht,rafael_albrecht.php,12,Mediocampista
9120,1966,Argentina,2,Juan Sarnari,juan_sarnari.php,17,Mediocampista
9121,1966,Argentina,2,Mario Chaldu,mario_chaldu.php,14,Delantero
9122,1966,Argentina,2,Jorge Solari,jorge_solari.php,15,Delantero
9123,1966,Argentina,2,Alberto Gonzalez,alberto_gonzalez_2.php,16,Delantero
9124,1966,Argentina,2,Alfredo Rojas,alfredo_rojas.php,18,Delantero
9125,1966,Argentina,2,Luis Artime,luis_artime.php,19,Delantero
9126,1966,Argentina,2,Ermindo Onega,ermindo_onega.php,20,Delantero
9127,1966,Argentina,2,Oscar Mas,oscar_mas.php,21,Delantero
9128,1966,Argentina,2,Anibal Tarabini,anibal_tarabini.php,22,Delantero
9129,1966,España,2,Jose Iribar,jose_iribar.php,1,Arquero
9130,1966,España,2,Antonio Betancourt,antonio_betancourt.php,12,Arquero
9131,1966,España,2,Miguel Reina,miguel_reina.php,13,Arquero
9132,1966,España,2,Manuel Sanchis,manuel_sanchis.php,2,Defensor
9133,1966,España,2,Eladio,eladio.php,3,Defensor
9134,1966,España,2,Feliciano Rivilla,feliciano_rivilla.php,14,Defensor
9135,1966,España,2,Severino Reijia,severino_reijia.php,15,Defensor
9136,1966,España,2,Fernando Olivella,fernando_olivella.php,16,Defensor
9137,1966,España,2,Adelardo,adelardo.php,21,Defensor
9138,1966,España,2,Luis Del Sol,luis_del_sol.php,4,Mediocampista
9139,1966,España,2,Zoco,zoco.php,5,Mediocampista
9140,1966,España,2,Jesus Glaria,jesus_glaria.php,6,Mediocampista
9141,1966,España,2,Luis Suarez,luis_suarez_2.php,10,Mediocampista
9142,1966,España,2,Gallego,gallego.php,17,Mediocampista
9143,1966,España,2,Pirri,pirri.php,18,Mediocampista
9144,1966,España,2,Jose Ufarte,jose_ufarte.php,7,Delantero
9145,1966,España,2,Amancio,amancio.php,8,Delantero
9146,1966,España,2,Marcelino,marcelino_2.php,9,Delantero
9147,1966,España,2,Francisco Gento,francisco_gento.php,11,Delantero
9148,1966,España,2,Jose Maria Fuste,jose_maria_fuste.php,19,Delantero
9149,1966,España,2,Joaquin Peiro,joaquin_peiro.php,20,Delantero
9150,1966,España,2,Carlos Lapetra,carlos_lapetra.php,22,Delantero
9151,1966,Suiza,2,Charly Elsener,charly_elsener.php,1,Arquero
9152,1966,Suiza,2,Leo Eichmann,leo_eichmann.php,12,Arquero
9153,1966,Suiza,2,Mario Prosperi,mario_prosperi.php,22,Arquero
9154,1966,Suiza,2,Willy Allemann,willy_allemann.php,2,Defensor
9155,1966,Suiza,2,Kurt Ambruster,kurt_ambruster.php,3,Defensor
9156,1966,Suiza,2,Rene Brodmann,rene_brodmann.php,5,Defensor
9157,1966,Suiza,2,Hans-Ruedi Fuhrer,hans_ruedi_fuhrer.php,7,Defensor
9158,1966,Suiza,2,Andre Grobety,andre_grobety.php,9,Defensor
9159,1966,Suiza,2,Werner Leimgruber,werner_leimgruber.php,14,Defensor
9160,1966,Suiza,2,Heinz Schneiter,heinz_schneiter.php,18,Defensor
9161,1966,Suiza,2,Xavier Stierli,xavier_stierli.php,19,Defensor
9162,1966,Suiza,2,Ely Tacchella,ely_tacchella.php,20,Defensor
9163,1966,Suiza,2,Heinz Baeni,heinz_baeni.php,4,Mediocampista
9164,1966,Suiza,2,Richard Duerr,richard_duerr.php,6,Mediocampista
9165,1966,Suiza,2,Koebi Kuhn,koebi_kuhn.php,11,Mediocampista
9166,1966,Suiza,2,Karl Odermatt,karl_odermatt.php,15,Mediocampista
9167,1966,Suiza,2,Vittore Gottardi,vittore_gottardi.php,8,Delantero
9168,1966,Suiza,2,Robert Hosp,robert_hosp.php,10,Delantero
9169,1966,Suiza,2,Fritz Kuenzli,fritz_kuenzli.php,13,Delantero
9170,1966,Suiza,2,Rene Quentin,rene_quentin.php,16,Delantero
9171,1966,Suiza,2,Jean-Claude Schindelholz,jean_claude_schindelholz.php,17,Delantero
9172,1966,Suiza,2,Georges Vuilleumier,georges_vuilleumier.php,21,Delantero
9173,1966,Brasil,3,Gilmar,gilmar.php,1,Arquero
9174,1966,Brasil,3,Manga,manga.php,12,Arquero
9175,1966,Brasil,3,Djalma Santos,djalma_santos.php,2,Defensor
9176,1966,Brasil,3,Fidelis,fidelis.php,3,Defensor
9177,1966,Brasil,3,Bellini,bellini.php,4,Defensor
9178,1966,Brasil,3,Brito,brito.php,5,Defensor
9179,1966,Brasil,3,Altair,altair.php,6,Defensor
9180,1966,Brasil,3,Orlando,orlando.php,7,Defensor
9181,1966,Brasil,3,Paulo Henrique,paulo_henrique.php,8,Defensor
9182,1966,Brasil,3,Rildo,rildo.php,9,Defensor
9183,1966,Brasil,3,Gerson,gerson.php,11,Mediocampista
9184,1966,Brasil,3,Denilson,denilson.php,13,Mediocampista
9185,1966,Brasil,3,Lima,lima.php,14,Mediocampista
9186,1966,Brasil,3,Zito,zito.php,15,Mediocampista
9187,1966,Brasil,3,Tostao,tostao.php,20,Mediocampista
9188,1966,Brasil,3,Pelé,pele.php,10,Delantero
9189,1966,Brasil,3,Garrincha,garrincha.php,16,Delantero
9190,1966,Brasil,3,Jairzinho,jairzinho.php,17,Delantero
9191,1966,Brasil,3,Alcindo,alcindo.php,18,Delantero
9192,1966,Brasil,3,Silva,silva.php,19,Delantero
9193,1966,Brasil,3,Parana,parana.php,21,Delantero
9194,1966,Brasil,3,Edu,edu.php,22,Delantero
9195,1966,Bulgaria,3,Georgi Naidenov,georgi_naidenov.php,1,Arquero
9196,1966,Bulgaria,3,Simeon Simeonov,simeon_simeonov.php,21,Arquero
9197,1966,Bulgaria,3,Ivan Deyanov,ivan_deyanov.php,22,Arquero
9198,1966,Bulgaria,3,Aleksandar Shalamanov,aleksandar_shalamanov.php,2,Defensor
9199,1966,Bulgaria,3,Ivan Vutsov,ivan_vutsov.php,3,Defensor
9200,1966,Bulgaria,3,Boris Gaganelov,boris_gaganelov.php,4,Defensor
9201,1966,Bulgaria,3,Dimitar Penev,dimitar_penev.php,5,Defensor
9202,1966,Bulgaria,3,Vasil Metodiev,vasil_metodiev.php,12,Defensor
9203,1966,Bulgaria,3,Dimitar Largov,dimitar_largov.php,15,Defensor
9204,1966,Bulgaria,3,Vidin Apostolov,vidin_apostolov.php,19,Defensor
9205,1966,Bulgaria,3,Dinko Dermendzhiev,dinko_dermendzhiev.php,7,Mediocampista
9206,1966,Bulgaria,3,Stoyan Kitov,stoyan_kitov.php,8,Mediocampista
9207,1966,Bulgaria,3,Evgeni Yanchovski,evgeni_yanchovski.php,18,Mediocampista
9208,1966,Bulgaria,3,Ivan Davidov,ivan_davidov.php,20,Mediocampista
9209,1966,Bulgaria,3,Dobromir Zhechev,dobromir_zhechev.php,6,Delantero
9210,1966,Bulgaria,3,Georgi Asparukhov,georgi_asparukhov.php,9,Delantero
9211,1966,Bulgaria,3,Petar Zhekov,petar_zhekov.php,10,Delantero
9212,1966,Bulgaria,3,Ivan Kolev,ivan_kolev.php,11,Delantero
9213,1966,Bulgaria,3,Dimitar Yakimov,dimitar_yakimov.php,13,Delantero
9214,1966,Bulgaria,3,Nikola Kotkov,nikola_kotkov.php,14,Delantero
9215,1966,Bulgaria,3,Aleksandar Kostov,aleksandar_kostov.php,16,Delantero
9216,1966,Bulgaria,3,Stefan Abadzhiev,stefan_abadzhiev.php,17,Delantero
9217,1966,Hungría,3,Antal Szentimihalyi,antal_szentimihalyi.php,1,Arquero
9218,1966,Hungría,3,Jozsef Gelei,jozsef_gelei.php,21,Arquero
9219,1966,Hungría,3,Istvan Geczi,istvan_geczi.php,22,Arquero
9220,1966,Hungría,3,Beno Kaposzta,beno_kaposzta.php,2,Defensor
9221,1966,Hungría,3,Sandor Matrai,sandor_matrai.php,3,Defensor
9222,1966,Hungría,3,Kalman Sovari,kalman_sovari.php,4,Defensor
9223,1966,Hungría,3,Kalman Meszoly,kalman_meszoly.php,5,Defensor
9224,1966,Hungría,3,Gusztav Szepesi,gusztav_szepesi.php,17,Defensor
9225,1966,Hungría,3,Kalman Ihasz,kalman_ihasz.php,18,Defensor
9226,1966,Hungría,3,Ferenc Sipos,ferenc_sipos.php,6,Mediocampista
9227,1966,Hungría,3,Zoltan Varga,zoltan_varga.php,8,Mediocampista
9228,1966,Hungría,3,Imre Mathesz,imre_mathesz.php,13,Mediocampista
9229,1966,Hungría,3,Istvan Nagy,istvan_nagy.php,14,Mediocampista
9230,1966,Hungría,3,Ferenc Bene,ferenc_bene.php,7,Delantero
9231,1966,Hungría,3,Florian Albert,florian_albert.php,9,Delantero
9232,1966,Hungría,3,Janos Farkas,janos_farkas.php,10,Delantero
9233,1966,Hungría,3,Gyula Rakosi,gyula_rakosi.php,11,Delantero
9234,1966,Hungría,3,Mate Fenyvesi,mate_fenyvesi.php,12,Delantero
9235,1966,Hungría,3,Dezso Molnar,dezso_molnar.php,15,Delantero
9236,1966,Hungría,3,Lajos Tichy,lajos_tichy.php,16,Delantero
9237,1966,Hungría,3,Lajos Puskas,lajos_puskas.php,19,Delantero
9238,1966,Hungría,3,Antal Nagy,antal_nagy.php,20,Delantero
9239,1966,Portugal,3,Americo,americo.php,1,Arquero
9240,1966,Portugal,3,Carvalho,carvalho.php,2,Arquero
9241,1966,Portugal,3,Jose Pereira,jose_pereira.php,3,Arquero
9242,1966,Portugal,3,Vicente,vicente.php,4,Defensor
9243,1966,Portugal,3,Germano,germano_2.php,5,Defensor
9244,1966,Portugal,3,Hilario,hilario_2.php,9,Defensor
9245,1966,Portugal,3,Cruz,cruz.php,14,Defensor
9246,1966,Portugal,3,Morais,morais.php,17,Defensor
9247,1966,Portugal,3,Alexandre Baptista,alexandre_baptista.php,20,Defensor
9248,1966,Portugal,3,Jose Carlos,jose_carlos.php,21,Defensor
9249,1966,Portugal,3,Festa,festa.php,22,Defensor
9250,1966,Portugal,3,Peres,peres.php,6,Mediocampista
9251,1966,Portugal,3,Coluna,coluna.php,10,Mediocampista
9252,1966,Portugal,3,Jaime Graca,jaime_graca.php,16,Mediocampista
9253,1966,Portugal,3,Custodio Pinto,custodio_pinto.php,19,Mediocampista
9254,1966,Portugal,3,Ernesto,ernesto.php,7,Delantero
9255,1966,Portugal,3,Lourenco,lourenco.php,8,Delantero
9256,1966,Portugal,3,Simoes,simoes.php,11,Delantero
9257,1966,Portugal,3,Jose Augusto,jose_augusto.php,12,Delantero
9258,1966,Portugal,3,Eusebio,eusebio.php,13,Delantero
9259,1966,Portugal,3,Manuel Duarte,manuel_duarte.php,15,Delantero
9260,1966,Portugal,3,Jose Torres,jose_torres.php,18,Delantero
9261,1966,Chile,4,Adan Godoy,adan_godoy.php,9,Arquero
9262,1966,Chile,4,Juan Olivares,juan_olivares.php,13,Arquero
9263,1966,Chile,4,Hugo Berly,hugo_berly.php,2,Defensor
9264,1966,Chile,4,Humberto Donoso,humberto_donoso.php,5,Defensor
9265,1966,Chile,4,Luis Eyzaguirre,luis_eyzaguirre.php,6,Defensor
9266,1966,Chile,4,Elias Figueroa,elias_figueroa.php,7,Defensor
9267,1966,Chile,4,Alberto Valentini,alberto_valentini.php,20,Defensor
9268,1966,Chile,4,Hugo Villanueva,hugo_villanueva.php,21,Defensor
9269,1966,Chile,4,Humberto Cruz,humberto_cruz.php,4,Mediocampista
9270,1966,Chile,4,Alberto Fouilloux,alberto_fouilloux.php,8,Mediocampista
9271,1966,Chile,4,Roberto Hodge,roberto_hodge.php,10,Mediocampista
9272,1966,Chile,4,Ruben Marcos,ruben_marcos.php,12,Mediocampista
9273,1966,Chile,4,Ignacio Prieto,ignacio_prieto.php,14,Mediocampista
9274,1966,Chile,4,Leonel Sanchez,leonel_sanchez.php,17,Mediocampista
9275,1966,Chile,4,Pedro Araya,pedro_araya.php,1,Delantero
9276,1966,Chile,4,Carlos Campos,carlos_campos.php,3,Delantero
9277,1966,Chile,4,Honorino Landa,honorino_landa.php,11,Delantero
9278,1966,Chile,4,Jaime Ramirez,jaime_ramirez.php,15,Delantero
9279,1966,Chile,4,Orlando Ramirez,orlando_ramirez.php,16,Delantero
9280,1966,Chile,4,Armando Tobar,armando_tobar.php,18,Delantero
9281,1966,Chile,4,Francisco Valdes,francisco_valdes.php,19,Delantero
9282,1966,Chile,4,Guillermo Yavar,guillermo_yavar.php,22,Delantero
9283,1966,Corea del Norte,4,Chang Myung Lee,chang_myung_lee.php,1,Arquero
9284,1966,Corea del Norte,4,Keun Hak Lee,keun_hak_lee.php,9,Arquero
9285,1966,Corea del Norte,4,Li Sup Pak,li_sup_pak.php,2,Defensor
9286,1966,Corea del Norte,4,Yung Kyoo Shin,yung_kyoo_shin.php,3,Defensor
9287,1966,Corea del Norte,4,Bong Chil Kang,bong_chil_kang.php,4,Defensor
9288,1966,Corea del Norte,4,Zoong Sun Lim,zoong_sun_lim.php,5,Defensor
9289,1966,Corea del Norte,4,Dong Woon Li,dong_woon_li.php,16,Defensor
9290,1966,Corea del Norte,4,Seung Hwi Im,seung_hwi_im.php,6,Mediocampista
9291,1966,Corea del Norte,4,Doo Ik Pak,doo_ik_pak.php,7,Mediocampista
9292,1966,Corea del Norte,4,Ryong Woon Kang,ryong_woon_kang.php,10,Mediocampista
9293,1966,Corea del Norte,4,Bong Zin Han,bong_zin_han.php,11,Mediocampista
9294,1966,Corea del Norte,4,Yoon Kyung Oh,yoon_kyung_oh.php,13,Mediocampista
9295,1966,Corea del Norte,4,Yung Won Ha,yung_won_ha.php,14,Mediocampista
9296,1966,Corea del Norte,4,Seung Zin Pak,seung_zin_pak.php,8,Delantero
9297,1966,Corea del Norte,4,Seung Il Kim,seung_il_kim.php,12,Delantero
9298,1966,Corea del Norte,4,Seung Kook Yang,seung_kook_yang.php,15,Delantero
9299,1966,Corea del Norte,4,Bong Hwan Kim,bong_hwan_kim.php,17,Delantero
9300,1966,Corea del Norte,4,Seung Woon Ke,seung_woon_ke.php,18,Delantero
9301,1966,Corea del Norte,4,Yung Kil Kim,yung_kil_kim.php,19,Delantero
9302,1966,Corea del Norte,4,Chang Kil Ryoo,chang_kil_ryoo.php,20,Delantero
9303,1966,Corea del Norte,4,Se Bok An,se_bok_an.php,21,Delantero
9304,1966,Corea del Norte,4,Chi An Li,chi_an_li.php,22,Delantero
9305,1966,Italia,4,Enrico Albertosi,enrico_albertosi.php,1,Arquero
9306,1966,Italia,4,Roberto Anzolin,roberto_anzolin.php,2,Arquero
9307,1966,Italia,4,Pierluigi Pizzaballa,pierluigi_pizzaballa.php,18,Arquero
9308,1966,Italia,4,Tarcisio Burgnich,tarcisio_burgnich.php,5,Defensor
9309,1966,Italia,4,Giacinto Facchetti,giacinto_facchetti.php,6,Defensor
9310,1966,Italia,4,Aristide Guarneri,aristide_guarneri.php,8,Defensor
9311,1966,Italia,4,Francesco Janich,francesco_janich.php,9,Defensor
9312,1966,Italia,4,Spartaco Landini,spartaco_landini.php,11,Defensor
9313,1966,Italia,4,Roberto Rosato,roberto_rosato.php,21,Defensor
9314,1966,Italia,4,Sandro Salvadore,sandro_salvadore.php,22,Defensor
9315,1966,Italia,4,Giacomo Bulgarelli,giacomo_bulgarelli.php,4,Mediocampista
9316,1966,Italia,4,Romano Fogli,romano_fogli.php,7,Mediocampista
9317,1966,Italia,4,Antonio Juliano,antonio_juliano.php,10,Mediocampista
9318,1966,Italia,4,Gianfranco Leoncini,gianfranco_leoncini.php,12,Mediocampista
9319,1966,Italia,4,Giovanni Lodetti,giovanni_lodetti.php,13,Mediocampista
9320,1966,Italia,4,Sandro Mazzola,sandro_mazzola.php,14,Mediocampista
9321,1966,Italia,4,Gianni Rivera,gianni_rivera.php,19,Mediocampista
9322,1966,Italia,4,Francesco Rizzo,francesco_rizzo.php,20,Mediocampista
9323,1966,Italia,4,Paolo Barison,paolo_barison.php,3,Delantero
9324,1966,Italia,4,Luigi Meroni,luigi_meroni.php,15,Delantero
9325,1966,Italia,4,Ezio Pascutti,ezio_pascutti.php,16,Delantero
9326,1966,Italia,4,Marino Perani,marino_perani.php,17,Delantero
9327,1966,URSS,4,Lev Yashin,lev_yashin.php,1,Arquero
9328,1966,URSS,4,Anzor Kavazashvili,anzor_kavazashvili.php,21,Arquero
9329,1966,URSS,4,Victor Bannikov,victor_bannikov.php,22,Arquero
9330,1966,URSS,4,Leonid Ostrovski,leonid_ostrovski.php,3,Defensor
9331,1966,URSS,4,Vladimir Ponomaryov,vladimir_ponomaryov.php,4,Defensor
9332,1966,URSS,4,Valentin Afonin,valentin_afonin.php,5,Defensor
9333,1966,URSS,4,Albert Shesternyov,albert_shesternyov.php,6,Defensor
9334,1966,URSS,4,Viktor Getmanov,viktor_getmanov.php,9,Defensor
9335,1966,URSS,4,Vasily Danilov,vasily_danilov.php,10,Defensor
9336,1966,URSS,4,Alexey Korneev,alexey_korneev.php,13,Defensor
9337,1966,URSS,4,Murtaz Khurtsilava,murtaz_khurtsilava.php,7,Mediocampista
9338,1966,URSS,4,Yozhef Sabo,yozhef_sabo.php,8,Mediocampista
9339,1966,URSS,4,Valeri Voronin,valeri_voronin.php,12,Mediocampista
9340,1966,URSS,4,Georgi Sichinava,georgi_sichinava.php,14,Mediocampista
9341,1966,URSS,4,Viktor Serebryanikov,viktor_serebryanikov.php,2,Delantero
9342,1966,URSS,4,Igor Chislenko,igor_chislenko.php,11,Delantero
9343,1966,URSS,4,Galimzyan Khusainov,galimzyan_khusainov.php,15,Delantero
9344,1966,URSS,4,Slava Metreveli,slava_metreveli.php,16,Delantero
9345,1966,URSS,4,Valeriy Porkuyan,valeriy_porkuyan.php,17,Delantero
9346,1966,URSS,4,Anatoli Banishevski,anatoli_banishevski.php,18,Delantero
9347,1966,URSS,4,Eduard Malofeyev,eduard_malofeyev.php,19,Delantero
9348,1966,URSS,4,Eduard Markarov,eduard_markarov.php,20,Delantero
9349,1962,Colombia,1,Efrain Sanchez,efrain_sanchez.php,1,Arquero
9350,1962,Colombia,1,Adelmo Vivas,adelmo_vivas.php,2,Arquero
9351,1962,Colombia,1,Francisco Zuluaga,francisco_zuluaga.php,3,Defensor
9352,1962,Colombia,1,Anibal Alzate,anibal_alzate.php,4,Defensor
9353,1962,Colombia,1,Jaime Gonzales,jaime_gonzales.php,5,Defensor
9354,1962,Colombia,1,Ignacio Calle,ignacio_calle.php,6,Defensor
9355,1962,Colombia,1,Carlos Aponte,carlos_aponte.php,7,Defensor
9356,1962,Colombia,1,Hector Echeverri,hector_echeverri.php,8,Defensor
9357,1962,Colombia,1,Oscar Lopez,oscar_lopez.php,11,Defensor
9358,1962,Colombia,1,Jaime Silva,jaime_silva.php,9,Mediocampista
9359,1962,Colombia,1,Rolando Serrano,rolando_serrano.php,10,Mediocampista
9360,1962,Colombia,1,Hernando Tovar,hernando_tovar.php,12,Mediocampista
9361,1962,Colombia,1,Marcos Coll,marcos_coll.php,15,Mediocampista
9362,1962,Colombia,1,German Aceros,german_aceros.php,13,Delantero
9363,1962,Colombia,1,Luis Paz,luis_paz.php,14,Delantero
9364,1962,Colombia,1,Ignacio Perez,ignacio_perez.php,16,Delantero
9365,1962,Colombia,1,Marino Klinger,marino_klinger.php,17,Delantero
9366,1962,Colombia,1,Eusebio Escobar,eusebio_escobar.php,18,Delantero
9367,1962,Colombia,1,Delio Gamboa,delio_gamboa.php,19,Delantero
9368,1962,Colombia,1,Antonio Rada,antonio_rada.php,20,Delantero
9369,1962,Colombia,1,Hector Gonzales,hector_gonzales.php,21,Delantero
9370,1962,Colombia,1,Jairo Arias,jairo_arias.php,22,Delantero
9371,1962,URSS,1,Lev Yashin,lev_yashin.php,1,Arquero
9372,1962,URSS,1,Vladimir Maslachenko,vladimir_maslachenko.php,2,Arquero
9373,1962,URSS,1,Sergei Kotrikadze,sergei_kotrikadze.php,3,Arquero
9374,1962,URSS,1,Eduard Dubinski,eduard_dubinski.php,4,Defensor
9375,1962,URSS,1,Givi Chokheli,givi_chokheli.php,5,Defensor
9376,1962,URSS,1,Leonid Ostrovski,leonid_ostrovski.php,6,Defensor
9377,1962,URSS,1,Anatoli Maslyonkin,anatoli_maslyonkin.php,7,Defensor
9378,1962,URSS,1,Albert Shesternyov,albert_shesternyov.php,8,Defensor
9379,1962,URSS,1,Nikolai Manoshin,nikolai_manoshin.php,9,Mediocampista
9380,1962,URSS,1,Igor Netto,igor_netto.php,10,Mediocampista
9381,1962,URSS,1,Yozhef Sabo,yozhef_sabo.php,11,Mediocampista
9382,1962,URSS,1,Valeri Voronin,valeri_voronin.php,12,Mediocampista
9383,1962,URSS,1,Gennadi Gusarov,gennadi_gusarov.php,13,Delantero
9384,1962,URSS,1,Valentin Ivanov,valentin_ivanov.php,14,Delantero
9385,1962,URSS,1,Viktor Kanevski,viktor_kanevski.php,15,Delantero
9386,1962,URSS,1,Aleksei Mamykin,aleksei_mamykin.php,16,Delantero
9387,1962,URSS,1,Mikhail Meskhi,mikhail_meskhi.php,17,Delantero
9388,1962,URSS,1,Slava Metreveli,slava_metreveli.php,18,Delantero
9389,1962,URSS,1,Viktor Ponedelnik,viktor_ponedelnik.php,19,Delantero
9390,1962,URSS,1,Viktor Serebryanikov,viktor_serebryanikov.php,20,Delantero
9391,1962,URSS,1,Galimzyan Khusainov,galimzyan_khusainov.php,21,Delantero
9392,1962,URSS,1,Igor Chislenko,igor_chislenko.php,22,Delantero
9393,1962,Uruguay,1,Roberto Sosa,roberto_sosa.php,1,Arquero
9394,1962,Uruguay,1,Luis Maidana,luis_maidana.php,12,Arquero
9395,1962,Uruguay,1,Horacio Troche,horacio_troche.php,2,Defensor
9396,1962,Uruguay,1,Emilio Alvarez,emilio_alvarez.php,3,Defensor
9397,1962,Uruguay,1,Mario Mendez,mario_mendez_2.php,4,Defensor
9398,1962,Uruguay,1,Nestor Goncalves,nestor_goncalves.php,5,Defensor
9399,1962,Uruguay,1,William Martinez,william_martinez.php,14,Defensor
9400,1962,Uruguay,1,Ruben Soria,ruben_soria.php,15,Defensor
9401,1962,Uruguay,1,Ruben Gonzalez,ruben_gonzalez.php,17,Defensor
9402,1962,Uruguay,1,Eliseo Alvarez,eliseo_alvarez.php,18,Defensor
9403,1962,Uruguay,1,Pedro Cubilla,pedro_cubilla.php,6,Mediocampista
9404,1962,Uruguay,1,Julio Cortes,julio_cortes.php,8,Mediocampista
9405,1962,Uruguay,1,Pedro Rocha,pedro_rocha.php,10,Mediocampista
9406,1962,Uruguay,1,Edgardo Gonzalez,edgardo_gonzalez.php,16,Mediocampista
9407,1962,Uruguay,1,Angel Cabrera,angel_cabrera.php,22,Mediocampista
9408,1962,Uruguay,1,Domingo Perez,domingo_perez.php,7,Delantero
9409,1962,Uruguay,1,Jose Sasia,jose_sasia.php,9,Delantero
9410,1962,Uruguay,1,Luis Cubilla,luis_cubilla.php,11,Delantero
9411,1962,Uruguay,1,Ronald Langon,ronald_langon.php,19,Delantero
9412,1962,Uruguay,1,Mario Bergara,mario_bergara.php,20,Delantero
9413,1962,Uruguay,1,Hector Silva,hector_silva.php,21,Delantero
9414,1962,Uruguay,1,Guillermo Escalada,guillermo_escalada.php,23,Delantero
9415,1962,Yugoslavia,1,Milutin Soskic,milutin_soskic.php,1,Arquero
9416,1962,Yugoslavia,1,Srboljub Krivokuca,srboljub_krivokuca.php,12,Arquero
9417,1962,Yugoslavia,1,Mirko Stojanovic,mirko_stojanovic.php,19,Arquero
9418,1962,Yugoslavia,1,Vladimir Durkovic,vladimir_durkovic.php,2,Defensor
9419,1962,Yugoslavia,1,Fahrudin Jusufi,fahrudin_jusufi.php,3,Defensor
9420,1962,Yugoslavia,1,Vlatko Markovic,vlatko_markovic.php,5,Defensor
9421,1962,Yugoslavia,1,Slavko Svinjarevic,slavko_svinjarevic.php,13,Defensor
9422,1962,Yugoslavia,1,Vasilije Sijakovic,vasilije_sijakovic.php,14,Defensor
9423,1962,Yugoslavia,1,Zarko Nikolic,zarko_nikolic.php,20,Defensor
9424,1962,Yugoslavia,1,Petar Radakovic,petar_radakovic.php,4,Mediocampista
9425,1962,Yugoslavia,1,Vladimir Popovic,vladimir_popovic.php,6,Mediocampista
9426,1962,Yugoslavia,1,Andrija Ankovic,andrija_ankovic.php,7,Mediocampista
9427,1962,Yugoslavia,1,Dragoslav Sekularac,dragoslav_sekularac.php,8,Mediocampista
9428,1962,Yugoslavia,1,Zeljko Matus,zeljko_matus.php,15,Mediocampista
9429,1962,Yugoslavia,1,Muhamed Mujic,muhamed_mujic.php,16,Mediocampista
9430,1962,Yugoslavia,1,Aleksandar Ivos,aleksandar_ivos.php,22,Mediocampista
9431,1962,Yugoslavia,1,Drazen Jerkovic,drazen_jerkovic.php,9,Delantero
9432,1962,Yugoslavia,1,Milan Galic,milan_galic.php,10,Delantero
9433,1962,Yugoslavia,1,Josip Skoblar,josip_skoblar.php,11,Delantero
9434,1962,Yugoslavia,1,Vojislav Melic,vojislav_melic.php,17,Delantero
9435,1962,Yugoslavia,1,Vladimir Kovacevic,vladimir_kovacevic.php,18,Delantero
9436,1962,Yugoslavia,1,Nikola Stipic,nikola_stipic.php,21,Delantero
9437,1962,Alemania Occidental,2,Hans Tilkowski,hans_tilkowski.php,1,Arquero
9438,1962,Alemania Occidental,2,Gunter Sawitzki,gunter_sawitzki.php,21,Arquero
9439,1962,Alemania Occidental,2,Wolfgang Fahrian,wolfgang_fahrian.php,22,Arquero
9440,1962,Alemania Occidental,2,Herbert Erhardt,herbert_erhardt.php,2,Defensor
9441,1962,Alemania Occidental,2,Karl-Heinz Schnellinger,karl_heinz_schnellinger.php,3,Defensor
9442,1962,Alemania Occidental,2,Willi Schulz,willi_schulz.php,4,Defensor
9443,1962,Alemania Occidental,2,Leo Wilden,leo_wilden.php,5,Defensor
9444,1962,Alemania Occidental,2,Hans Nowak,hans_nowak.php,12,Defensor
9445,1962,Alemania Occidental,2,Juergen Kurbjuhn,juergen_kurbjuhn.php,13,Defensor
9446,1962,Alemania Occidental,2,Juergen Werner,juergen_werner.php,14,Defensor
9447,1962,Alemania Occidental,2,Horst Szymaniak,horst_szymaniak.php,6,Mediocampista
9448,1962,Alemania Occidental,2,Helmut Haller,helmut_haller.php,8,Mediocampista
9449,1962,Alemania Occidental,2,Albert Bruells,albert_bruells.php,10,Mediocampista
9450,1962,Alemania Occidental,2,Willy Giesemann,willy_giesemann.php,15,Mediocampista
9451,1962,Alemania Occidental,2,Hans Sturm,hans_sturm.php,16,Mediocampista
9452,1962,Alemania Occidental,2,Willi Koslowski,willi_koslowski.php,7,Delantero
9453,1962,Alemania Occidental,2,Uwe Seeler,uwe_seeler.php,9,Delantero
9454,1962,Alemania Occidental,2,Hans Schaefer,hans_schaefer.php,11,Delantero
9455,1962,Alemania Occidental,2,Engelbert Kraus,engelbert_kraus.php,17,Delantero
9456,1962,Alemania Occidental,2,Guenter Hermann,guenter_hermann.php,18,Delantero
9457,1962,Alemania Occidental,2,Heinz Strehl,heinz_strehl.php,19,Delantero
9458,1962,Alemania Occidental,2,Heinz Vollmar,heinz_vollmar.php,20,Delantero
9459,1962,Chile,2,Misael Escuti,misael_escuti.php,1,Arquero
9460,1962,Chile,2,Adan Godoy,adan_godoy.php,12,Arquero
9461,1962,Chile,2,Manuel Astorga,manuel_astorga.php,22,Arquero
9462,1962,Chile,2,Luis Eyzaguirre,luis_eyzaguirre.php,2,Defensor
9463,1962,Chile,2,Raul Sanchez,raul_sanchez.php,3,Defensor
9464,1962,Chile,2,Sergio Navarro,sergio_navarro.php,4,Defensor
9465,1962,Chile,2,Carlos Contreras,carlos_contreras.php,5,Defensor
9466,1962,Chile,2,Sergio Valdes,sergio_valdes.php,13,Defensor
9467,1962,Chile,2,Mario Lepe,mario_lepe.php,14,Defensor
9468,1962,Chile,2,Manuel Rodriguez,manuel_rodriguez.php,15,Defensor
9469,1962,Chile,2,Humberto Cruz,humberto_cruz.php,16,Defensor
9470,1962,Chile,2,Eladio Rojas,eladio_rojas.php,6,Mediocampista
9471,1962,Chile,2,Jorge Toro,jorge_toro.php,8,Mediocampista
9472,1962,Chile,2,Alberto Fouilloux,alberto_fouilloux.php,10,Mediocampista
9473,1962,Chile,2,Mario Ortiz,mario_ortiz.php,17,Mediocampista
9474,1962,Chile,2,Jaime Ramirez,jaime_ramirez.php,7,Delantero
9475,1962,Chile,2,Honorino Landa,honorino_landa.php,9,Delantero
9476,1962,Chile,2,Leonel Sanchez,leonel_sanchez.php,11,Delantero
9477,1962,Chile,2,Mario Moreno,mario_moreno.php,18,Delantero
9478,1962,Chile,2,Braulio Musso,braulio_musso.php,19,Delantero
9479,1962,Chile,2,Carlos Campos,carlos_campos.php,20,Delantero
9480,1962,Chile,2,Armando Tobar,armando_tobar.php,21,Delantero
9481,1962,Italia,2,Lorenzo Buffon,lorenzo_buffon.php,1,Arquero
9482,1962,Italia,2,Carlo Mattrel,carlo_mattrel.php,12,Arquero
9483,1962,Italia,2,Enrico Albertosi,enrico_albertosi.php,13,Arquero
9484,1962,Italia,2,Giacomo Losi,giacomo_losi.php,2,Defensor
9485,1962,Italia,2,Sandro Salvadore,sandro_salvadore.php,4,Defensor
9486,1962,Italia,2,Cesare Maldini,cesare_maldini.php,5,Defensor
9487,1962,Italia,2,Enzo Robotti,enzo_robotti.php,16,Defensor
9488,1962,Italia,2,Mario David,mario_david.php,18,Defensor
9489,1962,Italia,2,Francesco Janich,francesco_janich.php,19,Defensor
9490,1962,Italia,2,Luigi Radice,luigi_radice.php,3,Mediocampista
9491,1962,Italia,2,Giovanni Trapattoni,giovanni_trapattoni.php,6,Mediocampista
9492,1962,Italia,2,Paride Tumburus,paride_tumburus.php,20,Mediocampista
9493,1962,Italia,2,Giorgio Ferrini,giorgio_ferrini.php,21,Mediocampista
9494,1962,Italia,2,Bruno Mora,bruno_mora.php,7,Delantero
9495,1962,Italia,2,Humberto Maschio,humberto_maschio.php,8,Delantero
9496,1962,Italia,2,Jose Altafini,jose_altafini.php,9,Delantero
9497,1962,Italia,2,Omar Sivori,omar_sivori.php,10,Delantero
9498,1962,Italia,2,Giampaolo Menichelli,giampaolo_menichelli.php,11,Delantero
9499,1962,Italia,2,Gianni Rivera,gianni_rivera.php,14,Delantero
9500,1962,Italia,2,Angelo Sormani,angelo_sormani.php,15,Delantero
9501,1962,Italia,2,Ezio Pascutti,ezio_pascutti.php,17,Delantero
9502,1962,Italia,2,Giacomo Bulgarelli,giacomo_bulgarelli.php,22,Delantero
9503,1962,Suiza,2,Charly Elsener,charly_elsener.php,1,Arquero
9504,1962,Suiza,2,Antonio Permunian,antonio_permunian.php,2,Arquero
9505,1962,Suiza,2,Kurt Stettler,kurt_stettler.php,3,Arquero
9506,1962,Suiza,2,Willy Kernen,willy_kernen.php,4,Defensor
9507,1962,Suiza,2,Fritz Morf,fritz_morf.php,5,Defensor
9508,1962,Suiza,2,Peter Roesch,peter_roesch.php,6,Defensor
9509,1962,Suiza,2,Heinz Schneiter,heinz_schneiter.php,7,Defensor
9510,1962,Suiza,2,Ely Tacchella,ely_tacchella.php,8,Defensor
9511,1962,Suiza,2,Andre Grobety,andre_grobety.php,9,Defensor
9512,1962,Suiza,2,Fritz Kehl,fritz_kehl.php,10,Defensor
9513,1962,Suiza,2,Eugen Meier,eugen_meier.php,11,Mediocampista
9514,1962,Suiza,2,Hans Weber,hans_weber.php,13,Mediocampista
9515,1962,Suiza,2,Richard Duerr,richard_duerr.php,16,Mediocampista
9516,1962,Suiza,2,Rolf Wuethrich,rolf_wuethrich.php,21,Mediocampista
9517,1962,Suiza,2,Marcel Vonlanden,marcel_vonlanden.php,12,Delantero
9518,1962,Suiza,2,Toni Allemann,toni_allemann.php,14,Delantero
9519,1962,Suiza,2,Kiki Antenen,kiki_antenen.php,15,Delantero
9520,1962,Suiza,2,Norbert Eschmann,norbert_eschmann.php,17,Delantero
9521,1962,Suiza,2,Philippe Pottier,philippe_pottier.php,18,Delantero
9522,1962,Suiza,2,Gilbert Rey,gilbert_rey.php,19,Delantero
9523,1962,Suiza,2,Roger Vonlanthen,roger_vonlanthen.php,20,Delantero
9524,1962,Suiza,2,Roberto Frigerio,roberto_frigerio.php,22,Delantero
9525,1962,Brasil,3,Gilmar,gilmar.php,1,Arquero
9526,1962,Brasil,3,Castilho,castilho.php,22,Arquero
9527,1962,Brasil,3,Djalma Santos,djalma_santos.php,2,Defensor
9528,1962,Brasil,3,Mauro Ramos,mauro_ramos.php,3,Defensor
9529,1962,Brasil,3,Zozimo,zozimo.php,5,Defensor
9530,1962,Brasil,3,Nilton Santos,nilton_santos.php,6,Defensor
9531,1962,Brasil,3,Jair Marinho,jair_marinho.php,12,Defensor
9532,1962,Brasil,3,Bellini,bellini.php,13,Defensor
9533,1962,Brasil,3,Jurandir,jurandir.php,14,Defensor
9534,1962,Brasil,3,Altair,altair.php,15,Defensor
9535,1962,Brasil,3,Zito,zito.php,4,Mediocampista
9536,1962,Brasil,3,Didi,didi.php,8,Mediocampista
9537,1962,Brasil,3,Zequinha,zequinha.php,16,Mediocampista
9538,1962,Brasil,3,Mengalvio,mengalvio.php,17,Mediocampista
9539,1962,Brasil,3,Garrincha,garrincha.php,7,Delantero
9540,1962,Brasil,3,Coutinho,coutinho.php,9,Delantero
9541,1962,Brasil,3,Pelé,pele.php,10,Delantero
9542,1962,Brasil,3,Pepe,pepe_2.php,11,Delantero
9543,1962,Brasil,3,Jair Da Costa,jair_da_costa.php,18,Delantero
9544,1962,Brasil,3,Vava,vava.php,19,Delantero
9545,1962,Brasil,3,Amarildo,amarildo.php,20,Delantero
9546,1962,Brasil,3,Zagallo,zagallo.php,21,Delantero
9547,1962,Checoslovaquia,3,Viliam Schrojf,viliam_schrojf.php,1,Arquero
9548,1962,Checoslovaquia,3,Frantisek Schmucker,frantisek_schmucker.php,13,Arquero
9549,1962,Checoslovaquia,3,Pavel Kouba,pavel_kouba.php,22,Arquero
9550,1962,Checoslovaquia,3,Jan Lala,jan_lala.php,2,Defensor
9551,1962,Checoslovaquia,3,Jan Popluhar,jan_popluhar.php,3,Defensor
9552,1962,Checoslovaquia,3,Ladislav Novak,ladislav_novak.php,4,Defensor
9553,1962,Checoslovaquia,3,Svatopluk Pluskal,svatopluk_pluskal.php,5,Defensor
9554,1962,Checoslovaquia,3,Jiri Tichy,jiri_tichy.php,12,Defensor
9555,1962,Checoslovaquia,3,Josef Bomba,josef_bomba.php,21,Defensor
9556,1962,Checoslovaquia,3,Josef Masopust,josef_masopust.php,6,Mediocampista
9557,1962,Checoslovaquia,3,Josef Stibranyi,josef_stibranyi.php,7,Mediocampista
9558,1962,Checoslovaquia,3,Titus Bubernik,titus_bubernik.php,16,Mediocampista
9559,1962,Checoslovaquia,3,Andrej Kvasnak,andrej_kvasnak.php,19,Mediocampista
9560,1962,Checoslovaquia,3,Adolf Scherer,adolf_scherer.php,8,Delantero
9561,1962,Checoslovaquia,3,Pavol Molnar,pavol_molnar.php,9,Delantero
9562,1962,Checoslovaquia,3,Jozef Adamec,jozef_adamec.php,10,Delantero
9563,1962,Checoslovaquia,3,Josef Jelinek,josef_jelinek.php,11,Delantero
9564,1962,Checoslovaquia,3,Vaclav Masek,vaclav_masek.php,14,Delantero
9565,1962,Checoslovaquia,3,Vladimir Kos,vladimir_kos.php,15,Delantero
9566,1962,Checoslovaquia,3,Tomas Pospichal,tomas_pospichal.php,17,Delantero
9567,1962,Checoslovaquia,3,Josef Kadraba,josef_kadraba.php,18,Delantero
9568,1962,Checoslovaquia,3,Jaroslav Borovicka,jaroslav_borovicka.php,20,Delantero
9569,1962,España,3,Araquistain,araquistain.php,1,Arquero
9570,1962,España,3,Salvador Sadurni,salvador_sadurni.php,2,Arquero
9571,1962,España,3,Carmelo,carmelo.php,3,Arquero
9572,1962,España,3,Echeberria,echeberria.php,7,Defensor
9573,1962,España,3,Gracia,gracia.php,10,Defensor
9574,1962,España,3,Feliciano Rivilla,feliciano_rivilla.php,11,Defensor
9575,1962,España,3,Pachin,pachin.php,13,Defensor
9576,1962,España,3,Severino Reijia,severino_reijia.php,16,Defensor
9577,1962,España,3,Rodri,rodri.php,17,Defensor
9578,1962,España,3,Jose Santamaria,jose_santamaria.php,19,Defensor
9579,1962,España,3,Joan Segarra,joan_segarra.php,20,Defensor
9580,1962,España,3,Luis Del Sol,luis_del_sol.php,5,Mediocampista
9581,1962,España,3,Garay,garay.php,8,Mediocampista
9582,1962,España,3,Luis Suarez,luis_suarez_2.php,21,Mediocampista
9583,1962,España,3,Martin Verges,martin_verges.php,22,Mediocampista
9584,1962,España,3,Enrique Collar,enrique_collar.php,4,Delantero
9585,1962,España,3,Alfredo Di Stefano,alfredo_di_stefano.php,6,Delantero
9586,1962,España,3,Francisco Gento,francisco_gento.php,9,Delantero
9587,1962,España,3,Joaquin Peiro,joaquin_peiro.php,12,Delantero
9588,1962,España,3,Ferenc Puskas,ferenc_puskas.php,14,Delantero
9589,1962,España,3,Eulogio Martinez,eulogio_martinez.php,15,Delantero
9590,1962,España,3,Adelardo,adelardo.php,18,Delantero
9591,1962,México,3,Antonio Carbajal,antonio_carbajal.php,1,Arquero
9592,1962,México,3,Jaime Gomez,jaime_gomez.php,12,Arquero
9593,1962,México,3,Antonio Mota,antonio_mota.php,22,Arquero
9594,1962,México,3,Jesus Del Muro,jesus_del_muro.php,2,Defensor
9595,1962,México,3,Guillermo Sepulveda,guillermo_sepulveda.php,3,Defensor
9596,1962,México,3,Jose Villegas,jose_villegas.php,4,Defensor
9597,1962,México,3,Arturo Chaires,arturo_chaires.php,13,Defensor
9598,1962,México,3,Pedro Romero,pedro_romero.php,14,Defensor
9599,1962,México,3,Ignacio Jauregui,ignacio_jauregui.php,15,Defensor
9600,1962,México,3,Raul Cardenas,raul_cardenas.php,5,Mediocampista
9601,1962,México,3,Pedro Najera,pedro_najera.php,6,Mediocampista
9602,1962,México,3,Salvador Farfan,salvador_farfan.php,16,Mediocampista
9603,1962,México,3,Felipe Ruvalcaba,felipe_ruvalcaba.php,17,Mediocampista
9604,1962,México,3,Alfredo Hernandez,alfredo_hernandez.php,18,Mediocampista
9605,1962,México,3,Alfredo Del Aguila,alfredo_del_aguila.php,7,Delantero
9606,1962,México,3,Salvador Reyes,salvador_reyes.php,8,Delantero
9607,1962,México,3,Hector Hernandez,hector_hernandez.php,9,Delantero
9608,1962,México,3,Guillermo Ortiz,guillermo_ortiz.php,10,Delantero
9609,1962,México,3,Isidoro Diaz,isidoro_diaz.php,11,Delantero
9610,1962,México,3,Antonio Jasso,antonio_jasso.php,19,Delantero
9611,1962,México,3,Mario Velarde,mario_velarde.php,20,Delantero
9612,1962,México,3,Alberto Baeza,alberto_baeza.php,21,Delantero
9613,1962,Argentina,4,Antonio Roma,antonio_roma.php,1,Arquero
9614,1962,Argentina,4,Rogelio Dominguez,rogelio_dominguez.php,12,Arquero
9615,1962,Argentina,4,Jose Manuel Ramos Delgado,jose_manuel_ramos_delgado.php,2,Defensor
9616,1962,Argentina,4,Silvio Marzolini,silvio_marzolini.php,3,Defensor
9617,1962,Argentina,4,Alberto Sainz,alberto_sainz.php,4,Defensor
9618,1962,Argentina,4,Raul Paez,raul_paez.php,6,Defensor
9619,1962,Argentina,4,Alberto Mariotti,alberto_mariotti.php,14,Defensor
9620,1962,Argentina,4,Ruben Navarro,ruben_navarro.php,15,Defensor
9621,1962,Argentina,4,Rafael Albrecht,rafael_albrecht.php,17,Defensor
9622,1962,Argentina,4,Vladislao Cap,vladislao_cap.php,18,Defensor
9623,1962,Argentina,4,Federico Sacchi,federico_sacchi.php,5,Mediocampista
9624,1962,Argentina,4,Oscar Rossi,oscar_rossi.php,13,Mediocampista
9625,1962,Argentina,4,Antonio Rattin,antonio_rattin.php,16,Mediocampista
9626,1962,Argentina,4,Hector Facundo,hector_facundo.php,7,Delantero
9627,1962,Argentina,4,Martin Pando,martin_pando.php,8,Delantero
9628,1962,Argentina,4,Marcelo Pagani,marcelo_pagani.php,9,Delantero
9629,1962,Argentina,4,Jose Sanfilippo,jose_sanfilippo.php,10,Delantero
9630,1962,Argentina,4,Raul Belen,raul_belen.php,11,Delantero
9631,1962,Argentina,4,Ruben Sosa,ruben_sosa_2.php,19,Delantero
9632,1962,Argentina,4,Juan Oleniak,juan_oleniak.php,20,Delantero
9633,1962,Argentina,4,Ramon Abeledo,ramon_abeledo.php,21,Delantero
9634,1962,Argentina,4,Alberto Gonzalez,alberto_gonzalez_2.php,22,Delantero
9635,1962,Bulgaria,4,Georgi Naidenov,georgi_naidenov.php,1,Arquero
9636,1962,Bulgaria,4,Ivan Ivanov,ivan_ivanov.php,18,Arquero
9637,1962,Bulgaria,4,Nikola Parchanov,nikola_parchanov.php,20,Arquero
9638,1962,Bulgaria,4,Kiril Rakarov,kiril_rakarov.php,2,Defensor
9639,1962,Bulgaria,4,Ivan Dimitrov,ivan_dimitrov.php,3,Defensor
9640,1962,Bulgaria,4,Stoyan Kitov,stoyan_kitov.php,4,Defensor
9641,1962,Bulgaria,4,Dimitar Kostov,dimitar_kostov.php,5,Defensor
9642,1962,Bulgaria,4,Dimitar Dimov,dimitar_dimov.php,8,Defensor
9643,1962,Bulgaria,4,Dobromir Zhechev,dobromir_zhechev.php,12,Defensor
9644,1962,Bulgaria,4,Georgi Nikolov,georgi_nikolov.php,22,Defensor
9645,1962,Bulgaria,4,Nikola Kovachev,nikola_kovachev.php,6,Mediocampista
9646,1962,Bulgaria,4,Todor Diev,todor_diev.php,7,Mediocampista
9647,1962,Bulgaria,4,Aleksandar Kostov,aleksandar_kostov.php,16,Mediocampista
9648,1962,Bulgaria,4,Pantelei Dimitrov,pantelei_dimitrov.php,17,Mediocampista
9649,1962,Bulgaria,4,Hristo Iliev,hristo_iliev.php,9,Delantero
9650,1962,Bulgaria,4,Ivan Kolev,ivan_kolev.php,10,Delantero
9651,1962,Bulgaria,4,Dimitar Yakimov,dimitar_yakimov.php,11,Delantero
9652,1962,Bulgaria,4,Petar Velichkov,petar_velichkov.php,13,Delantero
9653,1962,Bulgaria,4,Georgi Sokolov,georgi_sokolov.php,14,Delantero
9654,1962,Bulgaria,4,Georgi Asparukhov,georgi_asparukhov.php,15,Delantero
9655,1962,Bulgaria,4,Dinko Dermendzhiev,dinko_dermendzhiev.php,19,Delantero
9656,1962,Bulgaria,4,Panayot Panayotov,panayot_panayotov.php,21,Delantero
9657,1962,Hungría,4,Gyula Grosics,gyula_grosics.php,1,Arquero
9658,1962,Hungría,4,Antal Szentimihalyi,antal_szentimihalyi.php,21,Arquero
9659,1962,Hungría,4,Istvan Ilku,istvan_ilku.php,22,Arquero
9660,1962,Hungría,4,Sandor Matrai,sandor_matrai.php,2,Defensor
9661,1962,Hungría,4,Kalman Meszoly,kalman_meszoly.php,3,Defensor
9662,1962,Hungría,4,Laszlo Sarosi,laszlo_sarosi.php,4,Defensor
9663,1962,Hungría,4,Erno Solymosi,erno_solymosi.php,5,Defensor
9664,1962,Hungría,4,Ferenc Sipos,ferenc_sipos.php,6,Defensor
9665,1962,Hungría,4,Kalman Sovari,kalman_sovari.php,12,Defensor
9666,1962,Hungría,4,Kalman Ihasz,kalman_ihasz.php,13,Defensor
9667,1962,Hungría,4,Janos Gorocs,janos_gorocs.php,8,Mediocampista
9668,1962,Hungría,4,Istvan Nagy,istvan_nagy.php,14,Mediocampista
9669,1962,Hungría,4,Ivan Menczel,ivan_menczel.php,15,Mediocampista
9670,1962,Hungría,4,Karoly Sandor,karoly_sandor.php,7,Delantero
9671,1962,Hungría,4,Florian Albert,florian_albert.php,9,Delantero
9672,1962,Hungría,4,Lajos Tichy,lajos_tichy.php,10,Delantero
9673,1962,Hungría,4,Mate Fenyvesi,mate_fenyvesi.php,11,Delantero
9674,1962,Hungría,4,Janos Farkas,janos_farkas.php,16,Delantero
9675,1962,Hungría,4,Gyula Rakosi,gyula_rakosi.php,17,Delantero
9676,1962,Hungría,4,Tivadar Monostori,tivadar_monostori.php,18,Delantero
9677,1962,Hungría,4,Bela Kuharszki,bela_kuharszki.php,19,Delantero
9678,1962,Hungría,4,Laszlo Bodor,laszlo_bodor.php,20,Delantero
9679,1962,Inglaterra,4,Ron Springett,ron_springett.php,1,Arquero
9680,1962,Inglaterra,4,Alan Hodgkinson,alan_hodgkinson.php,12,Arquero
9681,1962,Inglaterra,4,Gordon Banks,gordon_banks.php,22,Arquero
9682,1962,Inglaterra,4,Jimmy Armfield,jimmy_armfield.php,2,Defensor
9683,1962,Inglaterra,4,Ray Wilson,ray_wilson.php,3,Defensor
9684,1962,Inglaterra,4,Maurice Norman,maurice_norman.php,15,Defensor
9685,1962,Inglaterra,4,Bobby Moore,bobby_moore.php,16,Defensor
9686,1962,Inglaterra,4,Don Howe,don_howe.php,21,Defensor
9687,1962,Inglaterra,4,Peter Swan,peter_swan.php,5,Mediocampista
9688,1962,Inglaterra,4,Ron Flowers,ron_flowers.php,6,Mediocampista
9689,1962,Inglaterra,4,Stan Anderson,stan_anderson.php,14,Mediocampista
9690,1962,Inglaterra,4,George Eastham,george_eastham.php,20,Mediocampista
9691,1962,Inglaterra,4,Bobby Robson,bobby_robson.php,4,Delantero
9692,1962,Inglaterra,4,John Connelly,john_connelly.php,7,Delantero
9693,1962,Inglaterra,4,Jimmy Greaves,jimmy_greaves.php,8,Delantero
9694,1962,Inglaterra,4,Gerry Hitchens,gerry_hitchens.php,9,Delantero
9695,1962,Inglaterra,4,John Haynes,john_haynes.php,10,Delantero
9696,1962,Inglaterra,4,Bobby Charlton,bobby_charlton.php,11,Delantero
9697,1962,Inglaterra,4,Derek Kevan,derek_kevan.php,13,Delantero
9698,1962,Inglaterra,4,Bryan Douglas,bryan_douglas.php,17,Delantero
9699,1962,Inglaterra,4,Roger Hunt,roger_hunt.php,18,Delantero
9700,1962,Inglaterra,4,Alan Peacock,alan_peacock.php,19,Delantero
9701,1958,Alemania Occidental,1,Fritz Herkenrath,fritz_herkenrath.php,1,Arquero
9702,1958,Alemania Occidental,1,Gunter Sawitzki,gunter_sawitzki.php,21,Arquero
9703,1958,Alemania Occidental,1,Heinz Kwiatkowski,heinz_kwiatkowski.php,22,Arquero
9704,1958,Alemania Occidental,1,Herbert Erhardt,herbert_erhardt.php,2,Defensor
9705,1958,Alemania Occidental,1,Erich Juskowiak,erich_juskowiak.php,3,Defensor
9706,1958,Alemania Occidental,1,Heinz Wewers,heinz_wewers.php,5,Defensor
9707,1958,Alemania Occidental,1,Georg Stollenwerk,georg_stollenwerk.php,7,Defensor
9708,1958,Alemania Occidental,1,Karl-Heinz Schnellinger,karl_heinz_schnellinger.php,17,Defensor
9709,1958,Alemania Occidental,1,Rudi Hoffmann,rudi_hoffmann.php,18,Defensor
9710,1958,Alemania Occidental,1,Hermann Nuber,hermann_nuber.php,20,Defensor
9711,1958,Alemania Occidental,1,Horst Eckel,horst_eckel.php,4,Mediocampista
9712,1958,Alemania Occidental,1,Horst Szymaniak,horst_szymaniak.php,6,Mediocampista
9713,1958,Alemania Occidental,1,Fritz Walter,fritz_walter.php,9,Mediocampista
9714,1958,Alemania Occidental,1,Alfred Schmidt,alfred_schmidt.php,10,Mediocampista
9715,1958,Alemania Occidental,1,Helmut Rahn,helmut_rahn.php,8,Delantero
9716,1958,Alemania Occidental,1,Hans Schaefer,hans_schaefer.php,11,Delantero
9717,1958,Alemania Occidental,1,Uwe Seeler,uwe_seeler.php,12,Delantero
9718,1958,Alemania Occidental,1,Berni Klodt,berni_klodt.php,13,Delantero
9719,1958,Alemania Occidental,1,Hans Ciesclarczyk,hans_ciesclarczyk.php,14,Delantero
9720,1958,Alemania Occidental,1,Alfred Kelbassa,alfred_kelbassa.php,15,Delantero
9721,1958,Alemania Occidental,1,Hans Sturm,hans_sturm.php,16,Delantero
9722,1958,Alemania Occidental,1,Wolfgang Peters,wolfgang_peters.php,19,Delantero
9723,1958,Argentina,1,Amadeo Carrizo,amadeo_carrizo.php,1,Arquero
9724,1958,Argentina,1,Julio Mussimesi,julio_mussimesi.php,12,Arquero
9725,1958,Argentina,1,Federico Vairo,federico_vairo.php,3,Defensor
9726,1958,Argentina,1,Francisco Lombardo,francisco_lombardo.php,4,Defensor
9727,1958,Argentina,1,Federico Edwards,federico_edwards.php,14,Defensor
9728,1958,Argentina,1,David Acevedo,david_acevedo.php,15,Defensor
9729,1958,Argentina,1,Jose Manuel Ramos Delgado,jose_manuel_ramos_delgado.php,17,Defensor
9730,1958,Argentina,1,Pedro Dellacha,pedro_dellacha.php,2,Mediocampista
9731,1958,Argentina,1,Nestor Rossi,nestor_rossi.php,5,Mediocampista
9732,1958,Argentina,1,Jose Varacka,jose_varacka.php,6,Mediocampista
9733,1958,Argentina,1,Alfredo Perez,alfredo_perez.php,13,Mediocampista
9734,1958,Argentina,1,Eliseo Mourino,eliseo_mourino.php,16,Mediocampista
9735,1958,Argentina,1,Omar Oreste Corbatta,omar_oreste_corbatta.php,7,Delantero
9736,1958,Argentina,1,Eliseo Prado,eliseo_prado.php,8,Delantero
9737,1958,Argentina,1,Norberto Menendez,norberto_menendez.php,9,Delantero
9738,1958,Argentina,1,Alfredo Rojas,alfredo_rojas.php,10,Delantero
9739,1958,Argentina,1,Angel Labruna,angel_labruna.php,11,Delantero
9740,1958,Argentina,1,Norberto Boggio,norberto_boggio.php,18,Delantero
9741,1958,Argentina,1,Ludovico Avio,ludovico_avio.php,19,Delantero
9742,1958,Argentina,1,Ricardo Infante,ricardo_infante.php,20,Delantero
9743,1958,Argentina,1,Jose Sanfilippo,jose_sanfilippo.php,21,Delantero
9744,1958,Argentina,1,Osvaldo Cruz,osvaldo_cruz.php,22,Delantero
9745,1958,Checoslovaquia,1,Imrich Stacho,imrich_stacho.php,1,Arquero
9746,1958,Checoslovaquia,1,Bretislav Dolejsi,bretislav_dolejsi.php,19,Arquero
9747,1958,Checoslovaquia,1,Viliam Schrojf,viliam_schrojf.php,22,Arquero
9748,1958,Checoslovaquia,1,Gustav Mraz,gustav_mraz.php,2,Defensor
9749,1958,Checoslovaquia,1,Ladislav Novak,ladislav_novak.php,4,Defensor
9750,1958,Checoslovaquia,1,Jan Popluhar,jan_popluhar.php,16,Defensor
9751,1958,Checoslovaquia,1,Titus Bubernik,titus_bubernik.php,17,Defensor
9752,1958,Checoslovaquia,1,Frantisek Safranek,frantisek_safranek.php,21,Defensor
9753,1958,Checoslovaquia,1,Jiri Cadek,jiri_cadek.php,3,Mediocampista
9754,1958,Checoslovaquia,1,Josef Masopust,josef_masopust.php,5,Mediocampista
9755,1958,Checoslovaquia,1,Svatopluk Pluskal,svatopluk_pluskal.php,6,Mediocampista
9756,1958,Checoslovaquia,1,Jan Hertl,jan_hertl.php,15,Mediocampista
9757,1958,Checoslovaquia,1,Anton Moravcik,anton_moravcik.php,20,Mediocampista
9758,1958,Checoslovaquia,1,Kazimir Gajdos,kazimir_gajdos.php,7,Delantero
9759,1958,Checoslovaquia,1,Milan Dvorak,milan_dvorak.php,8,Delantero
9760,1958,Checoslovaquia,1,Pavol Molnar,pavol_molnar.php,9,Delantero
9761,1958,Checoslovaquia,1,Jaroslav Borovicka,jaroslav_borovicka.php,10,Delantero
9762,1958,Checoslovaquia,1,Tadeas Kraus,tadeas_kraus.php,11,Delantero
9763,1958,Checoslovaquia,1,Zdenek Zikan,zdenek_zikan.php,12,Delantero
9764,1958,Checoslovaquia,1,Vaclav Hovorka,vaclav_hovorka.php,13,Delantero
9765,1958,Checoslovaquia,1,Jiri Feureisl,jiri_feureisl.php,14,Delantero
9766,1958,Checoslovaquia,1,Adolf Scherer,adolf_scherer.php,18,Delantero
9767,1958,Irlanda del Norte,1,Harry Gregg,harry_gregg.php,1,Arquero
9768,1958,Irlanda del Norte,1,Norman Uprichard,norman_uprichard.php,12,Arquero
9769,1958,Irlanda del Norte,1,Roy Rea,roy_rea.php,18,Arquero
9770,1958,Irlanda del Norte,1,Willie Cunningham,willie_cunningham_2.php,2,Defensor
9771,1958,Irlanda del Norte,1,Alfred Mcmichael,alfred_mcmichael.php,3,Defensor
9772,1958,Irlanda del Norte,1,Dick Keith,dick_keith.php,5,Defensor
9773,1958,Irlanda del Norte,1,Len Graham,len_graham.php,19,Defensor
9774,1958,Irlanda del Norte,1,Tommy Hamill,tommy_hamill.php,21,Defensor
9775,1958,Irlanda del Norte,1,Danny Blanchflower,danny_blanchflower.php,4,Mediocampista
9776,1958,Irlanda del Norte,1,Bertie Peacock,bertie_peacock.php,6,Mediocampista
9777,1958,Irlanda del Norte,1,Jimmy Mcilroy,jimmy_mcilroy.php,10,Mediocampista
9778,1958,Irlanda del Norte,1,Sammy Chapman,sammy_chapman.php,20,Mediocampista
9779,1958,Irlanda del Norte,1,Billy Bingham,billy_bingham.php,7,Delantero
9780,1958,Irlanda del Norte,1,Wilbur Cush,wilbur_cush.php,8,Delantero
9781,1958,Irlanda del Norte,1,Billy Simpson,billy_simpson.php,9,Delantero
9782,1958,Irlanda del Norte,1,Peter Mcparland,peter_mcparland.php,11,Delantero
9783,1958,Irlanda del Norte,1,Tommy Casey,tommy_casey.php,13,Delantero
9784,1958,Irlanda del Norte,1,Jackie Scott,jackie_scott.php,14,Delantero
9785,1958,Irlanda del Norte,1,Sammy Mccrory,sammy_mccrory.php,15,Delantero
9786,1958,Irlanda del Norte,1,Derek Dougan,derek_dougan.php,16,Delantero
9787,1958,Irlanda del Norte,1,Fay Coyle,fay_coyle.php,17,Delantero
9788,1958,Irlanda del Norte,1,Bobby Trainor,bobby_trainor.php,22,Delantero
9789,1958,Escocia,2,Tommy Younger,tommy_younger.php,1,Arquero
9790,1958,Escocia,2,Bill Brown,bill_brown.php,2,Arquero
9791,1958,Escocia,2,Alex Parker,alex_parker.php,3,Defensor
9792,1958,Escocia,2,Eric Caldow,eric_caldow.php,4,Defensor
9793,1958,Escocia,2,John Hewie,john_hewie.php,5,Defensor
9794,1958,Escocia,2,Harry Haddock,harry_haddock.php,6,Defensor
9795,1958,Escocia,2,Ian Mccoll,ian_mccoll.php,7,Defensor
9796,1958,Escocia,2,Bobby Evans,bobby_evans.php,9,Defensor
9797,1958,Escocia,2,Tommy Docherty,tommy_docherty.php,10,Mediocampista
9798,1958,Escocia,2,Dave Mackay,dave_mackay.php,11,Mediocampista
9799,1958,Escocia,2,Doug Cowie,doug_cowie.php,12,Mediocampista
9800,1958,Escocia,2,Sammy Baird,sammy_baird.php,13,Mediocampista
9801,1958,Escocia,2,Eddie Turnbull,eddie_turnbull.php,8,Delantero
9802,1958,Escocia,2,Graham Leggatt,graham_leggatt.php,14,Delantero
9803,1958,Escocia,2,Alex Scott,alex_scott.php,15,Delantero
9804,1958,Escocia,2,Jimmy Murray,jimmy_murray.php,16,Delantero
9805,1958,Escocia,2,Jackie Mudie,jackie_mudie.php,17,Delantero
9806,1958,Escocia,2,John Coyle,john_coyle.php,18,Delantero
9807,1958,Escocia,2,Bobby Collins,bobby_collins.php,19,Delantero
9808,1958,Escocia,2,Archie Robertson,archie_robertson.php,20,Delantero
9809,1958,Escocia,2,Stuart Imlach,stuart_imlach.php,21,Delantero
9810,1958,Escocia,2,Willie Fernie,willie_fernie.php,22,Delantero
9811,1958,Francia,2,Claude Abbes,claude_abbes.php,1,Arquero
9812,1958,Francia,2,Dominique Colonna,dominique_colonna.php,2,Arquero
9813,1958,Francia,2,Francois Remetter,francois_remetter.php,3,Arquero
9814,1958,Francia,2,Raymond Kaelbel,raymond_kaelbel.php,4,Defensor
9815,1958,Francia,2,Andre Lerond,andre_lerond.php,5,Defensor
9816,1958,Francia,2,Roger Marche,roger_marche.php,6,Defensor
9817,1958,Francia,2,Robert Mouynet,robert_mouynet.php,7,Defensor
9818,1958,Francia,2,Bernard Chiarelli,bernard_chiarelli.php,8,Mediocampista
9819,1958,Francia,2,Kazimir Hnatow,kazimir_hnatow.php,9,Mediocampista
9820,1958,Francia,2,Robert Jonquet,robert_jonquet.php,10,Mediocampista
9821,1958,Francia,2,Maurice Lafont,maurice_lafont.php,11,Mediocampista
9822,1958,Francia,2,Jean-Jacques Marcel,jean_jacques_marcel.php,12,Mediocampista
9823,1958,Francia,2,Armand Penverne,armand_penverne.php,13,Mediocampista
9824,1958,Francia,2,Celestin Oliver,celestin_oliver.php,19,Mediocampista
9825,1958,Francia,2,Raymond Bellot,raymond_bellot.php,14,Delantero
9826,1958,Francia,2,Stephan Bruey,stephan_bruey.php,15,Delantero
9827,1958,Francia,2,Yvon Douis,yvon_douis.php,16,Delantero
9828,1958,Francia,2,Just Fontaine,just_fontaine.php,17,Delantero
9829,1958,Francia,2,Raymond Kopa,raymond_kopa.php,18,Delantero
9830,1958,Francia,2,Roger Piantoni,roger_piantoni.php,20,Delantero
9831,1958,Francia,2,Jean Vincent,jean_vincent.php,21,Delantero
9832,1958,Francia,2,Maryan Wisnieski,maryan_wisnieski.php,22,Delantero
9833,1958,Paraguay,2,Ramon Mayeregger,ramon_mayeregger.php,1,Arquero
9834,1958,Paraguay,2,Samuel Aguilar,samuel_aguilar.php,12,Arquero
9835,1958,Paraguay,2,Edelmiro Arevalo,edelmiro_arevalo.php,2,Defensor
9836,1958,Paraguay,2,Juan Lezcano,juan_lezcano.php,3,Defensor
9837,1958,Paraguay,2,Ignacio Achucarro,ignacio_achucarro.php,4,Defensor
9838,1958,Paraguay,2,Eligio Echague,eligio_echague.php,6,Defensor
9839,1958,Paraguay,2,Luis Gini,luis_gini.php,13,Defensor
9840,1958,Paraguay,2,Dario Segovia,dario_segovia.php,14,Defensor
9841,1958,Paraguay,2,Agustin Miranda,agustin_miranda.php,17,Defensor
9842,1958,Paraguay,2,Salvador Villalba,salvador_villalba.php,5,Mediocampista
9843,1958,Paraguay,2,Luis Silva,luis_silva.php,15,Mediocampista
9844,1958,Paraguay,2,Juan Aguero,juan_aguero.php,7,Delantero
9845,1958,Paraguay,2,Jose Parodi,jose_parodi.php,8,Delantero
9846,1958,Paraguay,2,Jorge Romero,jorge_romero.php,9,Delantero
9847,1958,Paraguay,2,Oscar Aguilera,oscar_aguilera.php,10,Delantero
9848,1958,Paraguay,2,Florencio Amarilla,florencio_amarilla.php,11,Delantero
9849,1958,Paraguay,2,Claudio Lezcano,claudio_lezcano.php,16,Delantero
9850,1958,Paraguay,2,Benigno Gilberto Penayo,benigno_gilberto_penayo.php,18,Delantero
9851,1958,Paraguay,2,Eliseo Insfran,eliseo_insfran.php,19,Delantero
9852,1958,Paraguay,2,Jose Raul Aveiro,jose_raul_aveiro.php,20,Delantero
9853,1958,Paraguay,2,Cayetano Re,cayetano_re.php,21,Delantero
9854,1958,Paraguay,2,Eligio Antonio Insfran,eligio_antonio_insfran.php,22,Delantero
9855,1958,Yugoslavia,2,Vladimir Beara,vladimir_beara.php,1,Arquero
9856,1958,Yugoslavia,2,Srboljub Krivokuca,srboljub_krivokuca.php,2,Arquero
9857,1958,Yugoslavia,2,Gordan Irovic,gordan_irovic.php,20,Arquero
9858,1958,Yugoslavia,2,Vasilije Sijakovic,vasilije_sijakovic.php,3,Defensor
9859,1958,Yugoslavia,2,Tomislav Crnkovic,tomislav_crnkovic.php,4,Defensor
9860,1958,Yugoslavia,2,Novak Tomic,novak_tomic.php,5,Defensor
9861,1958,Yugoslavia,2,Nikola Radovic,nikola_radovic.php,21,Defensor
9862,1958,Yugoslavia,2,Branko Zebec,branko_zebec.php,6,Mediocampista
9863,1958,Yugoslavia,2,Dobrosav Krstic,dobrosav_krstic.php,8,Mediocampista
9864,1958,Yugoslavia,2,Vujadin Boskov,vujadin_boskov.php,9,Mediocampista
9865,1958,Yugoslavia,2,Ivan Santek,ivan_santek.php,10,Mediocampista
9866,1958,Yugoslavia,2,Vladimir Popovic,vladimir_popovic.php,11,Mediocampista
9867,1958,Yugoslavia,2,Milorad Milutinovic,milorad_milutinovic.php,14,Mediocampista
9868,1958,Yugoslavia,2,Dragoslav Sekularac,dragoslav_sekularac.php,15,Mediocampista
9869,1958,Yugoslavia,2,Milos Milutinovic,milos_milutinovic.php,7,Delantero
9870,1958,Yugoslavia,2,Aleksandar Petakovic,aleksandar_petakovic.php,12,Delantero
9871,1958,Yugoslavia,2,Toza Veselinovic,toza_veselinovic.php,13,Delantero
9872,1958,Yugoslavia,2,Ilijas Pasic,ilijas_pasic.php,16,Delantero
9873,1958,Yugoslavia,2,Zdravko Rajkov,zdravko_rajkov.php,17,Delantero
9874,1958,Yugoslavia,2,Luka Liposinovic,luka_liposinovic.php,18,Delantero
9875,1958,Yugoslavia,2,Radivoje Ognjanovic,radivoje_ognjanovic.php,19,Delantero
9876,1958,Yugoslavia,2,Drazen Jerkovic,drazen_jerkovic.php,22,Delantero
9877,1958,Gales,3,Jack Kelsey,jack_kelsey.php,1,Arquero
9878,1958,Gales,3,Ken Jones,ken_jones.php,12,Arquero
9879,1958,Gales,3,Graham Vearncombe,graham_vearncombe.php,13,Arquero
9880,1958,Gales,3,Stuart Williams,stuart_williams.php,2,Defensor
9881,1958,Gales,3,Mel Hopkins,mel_hopkins.php,3,Defensor
9882,1958,Gales,3,Derek Sullivan,derek_sullivan.php,4,Defensor
9883,1958,Gales,3,Trevor Edwards,trevor_edwards.php,14,Defensor
9884,1958,Gales,3,Mel Charles,mel_charles.php,5,Mediocampista
9885,1958,Gales,3,Dave Bowen,dave_bowen.php,6,Mediocampista
9886,1958,Gales,3,Colin Baker,colin_baker.php,15,Mediocampista
9887,1958,Gales,3,Vic Crowe,vic_crowe.php,16,Mediocampista
9888,1958,Gales,3,John Elsworthy,john_elsworthy.php,20,Mediocampista
9889,1958,Gales,3,Tom Baker,tom_baker.php,22,Mediocampista
9890,1958,Gales,3,Terry Medwin,terry_medwin.php,7,Delantero
9891,1958,Gales,3,Ron Hewitt,ron_hewitt.php,8,Delantero
9892,1958,Gales,3,John Charles,john_charles.php,9,Delantero
9893,1958,Gales,3,Ivor Allchurch,ivor_allchurch.php,10,Delantero
9894,1958,Gales,3,Cliff Jones,cliff_jones.php,11,Delantero
9895,1958,Gales,3,Ken Leek,ken_leek.php,17,Delantero
9896,1958,Gales,3,Roy Vernon,roy_vernon.php,18,Delantero
9897,1958,Gales,3,Colin Webster,colin_webster.php,19,Delantero
9898,1958,Gales,3,Len Allchurch,len_allchurch.php,21,Delantero
9899,1958,Hungría,3,Gyula Grosics,gyula_grosics.php,1,Arquero
9900,1958,Hungría,3,Istvan Ilku,istvan_ilku.php,22,Arquero
9901,1958,Hungría,3,Sandor Matrai,sandor_matrai.php,2,Defensor
9902,1958,Hungría,3,Ferenc Sipos,ferenc_sipos.php,3,Defensor
9903,1958,Hungría,3,Laszlo Sarosi,laszlo_sarosi.php,4,Defensor
9904,1958,Hungría,3,Bela Karpati,bela_karpati.php,12,Defensor
9905,1958,Hungría,3,Oszkar Szigeti,oszkar_szigeti.php,13,Defensor
9906,1958,Hungría,3,Ferenc Szojka,ferenc_szojka.php,14,Defensor
9907,1958,Hungría,3,Jozsef Bozsik,jozsef_bozsik.php,5,Mediocampista
9908,1958,Hungría,3,Pal Berendy,pal_berendy.php,6,Mediocampista
9909,1958,Hungría,3,Antal Kotasz,antal_kotasz.php,15,Mediocampista
9910,1958,Hungría,3,Laszlo Budai,laszlo_budai.php,7,Delantero
9911,1958,Hungría,3,Lajos Tichy,lajos_tichy.php,8,Delantero
9912,1958,Hungría,3,Nandor Hidegkuti,nandor_hidegkuti.php,9,Delantero
9913,1958,Hungría,3,Dezso Bundzsak,dezso_bundzsak.php,10,Delantero
9914,1958,Hungría,3,Karoly Sandor,karoly_sandor.php,11,Delantero
9915,1958,Hungría,3,Laszlo Lachos,laszlo_lachos.php,16,Delantero
9916,1958,Hungría,3,Mihaly Vasas,mihaly_vasas.php,17,Delantero
9917,1958,Hungría,3,Tivadar Monostori,tivadar_monostori.php,18,Delantero
9918,1958,Hungría,3,Zoltan Friedmanszky,zoltan_friedmanszky.php,19,Delantero
9919,1958,Hungría,3,Jozsef Bencsis,jozsef_bencsis.php,20,Delantero
9920,1958,Hungría,3,Mate Fenyvesi,mate_fenyvesi.php,21,Delantero
9921,1958,México,3,Antonio Carbajal,antonio_carbajal.php,1,Arquero
9922,1958,México,3,Manuel Camacho,manuel_camacho.php,12,Arquero
9923,1958,México,3,Jaime Gomez,jaime_gomez.php,13,Arquero
9924,1958,México,3,Jesus Del Muro,jesus_del_muro.php,2,Defensor
9925,1958,México,3,Jorge Romo,jorge_romo.php,3,Defensor
9926,1958,México,3,Jose Villegas,jose_villegas.php,4,Defensor
9927,1958,México,3,Miguel Gutierrez,miguel_gutierrez_2.php,14,Defensor
9928,1958,México,3,Guillermo Sepulveda,guillermo_sepulveda.php,15,Defensor
9929,1958,México,3,Jose Roca,jose_roca.php,16,Defensor
9930,1958,México,3,Alfonso Portugal,alfonso_portugal.php,5,Mediocampista
9931,1958,México,3,Francisco Flores,francisco_flores.php,6,Mediocampista
9932,1958,México,3,Alfredo Hernandez,alfredo_hernandez.php,7,Mediocampista
9933,1958,México,3,Raul Cardenas,raul_cardenas.php,17,Mediocampista
9934,1958,México,3,Jaime Salazar,jaime_salazar.php,18,Mediocampista
9935,1958,México,3,Carlos Blanco,carlos_blanco.php,20,Mediocampista
9936,1958,México,3,Salvador Reyes,salvador_reyes.php,8,Delantero
9937,1958,México,3,Carlos Calderon De La Barca,carlos_calderon_de_la_barca.php,9,Delantero
9938,1958,México,3,Crescencio Gutierrez,crescencio_gutierrez.php,10,Delantero
9939,1958,México,3,Enrique Sesma,enrique_sesma.php,11,Delantero
9940,1958,México,3,Jaime Belmonte,jaime_belmonte.php,19,Delantero
9941,1958,México,3,Ligorio Lopez,ligorio_lopez.php,21,Delantero
9942,1958,México,3,Carlos Gonzalez,carlos_gonzalez.php,22,Delantero
9943,1958,Suecia,3,Kalle Svensson,kalle_svensson.php,1,Arquero
9944,1958,Suecia,3,Tore Svensson,tore_svensson.php,12,Arquero
9945,1958,Suecia,3,Ingemar Haraldsson,ingemar_haraldsson.php,16,Arquero
9946,1958,Suecia,3,Orvar Bergmark,orvar_bergmark.php,2,Defensor
9947,1958,Suecia,3,Sven Axbom,sven_axbom.php,3,Defensor
9948,1958,Suecia,3,Ake Johansson,ake_johansson.php,5,Defensor
9949,1958,Suecia,3,Prawitz Oberg,prawitz_oberg.php,13,Defensor
9950,1958,Suecia,3,Nils Liedholm,nils_liedholm.php,4,Mediocampista
9951,1958,Suecia,3,Sigge Parling,sigge_parling.php,6,Mediocampista
9952,1958,Suecia,3,Gunnar Gren,gunnar_gren.php,8,Mediocampista
9953,1958,Suecia,3,Bengt Gustavsson,bengt_gustavsson.php,14,Mediocampista
9954,1958,Suecia,3,Reino Borjesson,reino_borjesson.php,15,Mediocampista
9955,1958,Suecia,3,Olle Hakansson,olle_hakansson.php,17,Mediocampista
9956,1958,Suecia,3,Kurt Hamrin,kurt_hamrin.php,7,Delantero
9957,1958,Suecia,3,Agne Simonsson,agne_simonsson.php,9,Delantero
9958,1958,Suecia,3,Arne Selmonsson,arne_selmonsson.php,10,Delantero
9959,1958,Suecia,3,Lennart Skoglund,lennart_skoglund.php,11,Delantero
9960,1958,Suecia,3,Gosta Lofgren,gosta_lofgren.php,18,Delantero
9961,1958,Suecia,3,Henry Kallgren,henry_kallgren.php,19,Delantero
9962,1958,Suecia,3,Bror Mellberg,bror_mellberg.php,20,Delantero
9963,1958,Suecia,3,Bengt Berndtsson,bengt_berndtsson.php,21,Delantero
9964,1958,Suecia,3,Ove Ohlsson,ove_ohlsson.php,22,Delantero
9965,1958,Austria,4,Rudolf Szanwald,rudolf_szanwald.php,1,Arquero
9966,1958,Austria,4,Kurt Schmied,kurt_schmied.php,12,Arquero
9967,1958,Austria,4,Bruno Engelmeier,bruno_engelmeier.php,22,Arquero
9968,1958,Austria,4,Paul Halla,paul_halla.php,2,Defensor
9969,1958,Austria,4,Ernst Happel,ernst_happel.php,3,Defensor
9970,1958,Austria,4,Franz Swoboda,franz_swoboda.php,4,Defensor
9971,1958,Austria,4,Gerhard Hanappi,gerhard_hanappi.php,5,Defensor
9972,1958,Austria,4,Walter Kollmann,walter_kollmann.php,15,Defensor
9973,1958,Austria,4,Leopold Barschandt,leopold_barschandt.php,18,Defensor
9974,1958,Austria,4,Karl Koller,karl_koller.php,6,Mediocampista
9975,1958,Austria,4,Karl Stotz,karl_stotz.php,16,Mediocampista
9976,1958,Austria,4,Ernst Kozlicek,ernst_kozlicek.php,17,Mediocampista
9977,1958,Austria,4,Ignaz Puschnik,ignaz_puschnik.php,21,Mediocampista
9978,1958,Austria,4,Walter Horak,walter_horak.php,7,Delantero
9979,1958,Austria,4,Paul Kozlicek,paul_kozlicek.php,8,Delantero
9980,1958,Austria,4,Hans Buzek,hans_buzek.php,9,Delantero
9981,1958,Austria,4,Alfred Koerner,alfred_koerner.php,10,Delantero
9982,1958,Austria,4,Helmut Senekowitsch,helmut_senekowitsch.php,11,Delantero
9983,1958,Austria,4,Walter Schleger,walter_schleger.php,13,Delantero
9984,1958,Austria,4,Pepi Hammerl,pepi_hammerl.php,14,Delantero
9985,1958,Austria,4,Robert Dienst,robert_dienst.php,19,Delantero
9986,1958,Austria,4,Herbert Ninaus,herbert_ninaus.php,20,Delantero
9987,1958,Brasil,4,Castilho,castilho.php,1,Arquero
9988,1958,Brasil,4,Gilmar,gilmar.php,3,Arquero
9989,1958,Brasil,4,Bellini,bellini.php,2,Defensor
9990,1958,Brasil,4,Djalma Santos,djalma_santos.php,4,Defensor
9991,1958,Brasil,4,Oreco,oreco.php,8,Defensor
9992,1958,Brasil,4,Zozimo,zozimo.php,9,Defensor
9993,1958,Brasil,4,Nilton Santos,nilton_santos.php,12,Defensor
9994,1958,Brasil,4,De Sordi,de_sordi.php,14,Defensor
9995,1958,Brasil,4,Orlando,orlando.php,15,Defensor
9996,1958,Brasil,4,Mauro Ramos,mauro_ramos.php,16,Defensor
9997,1958,Brasil,4,Dino Sani,dino_sani.php,5,Mediocampista
9998,1958,Brasil,4,Didi,didi.php,6,Mediocampista
9999,1958,Brasil,4,Moacir,moacir.php,13,Mediocampista
10000,1958,Brasil,4,Zito,zito.php,19,Mediocampista
10001,1958,Brasil,4,Zagallo,zagallo.php,7,Delantero
10002,1958,Brasil,4,Pelé,pele.php,10,Delantero
10003,1958,Brasil,4,Garrincha,garrincha.php,11,Delantero
10004,1958,Brasil,4,Joel,joel_2.php,17,Delantero
10005,1958,Brasil,4,Jose Altafini,jose_altafini.php,18,Delantero
10006,1958,Brasil,4,Vava,vava.php,20,Delantero
10007,1958,Brasil,4,Dida,dida.php,21,Delantero
10008,1958,Brasil,4,Pepe,pepe_2.php,22,Delantero
10009,1958,Inglaterra,4,Colin Mc Donald,colin_mc_donald.php,1,Arquero
10010,1958,Inglaterra,4,Eddie Hopkinson,eddie_hopkinson.php,12,Arquero
10011,1958,Inglaterra,4,Alan Hodgkinson,alan_hodgkinson.php,13,Arquero
10012,1958,Inglaterra,4,Don Howe,don_howe.php,2,Defensor
10013,1958,Inglaterra,4,Tommy Banks,tommy_banks.php,3,Defensor
10014,1958,Inglaterra,4,Eddie Clamp,eddie_clamp.php,4,Defensor
10015,1958,Inglaterra,4,Billy Wright,billy_wright.php,5,Defensor
10016,1958,Inglaterra,4,Peter Sillett,peter_sillett.php,14,Defensor
10017,1958,Inglaterra,4,Maurice Norman,maurice_norman.php,16,Defensor
10018,1958,Inglaterra,4,William Slater,william_slater.php,6,Mediocampista
10019,1958,Inglaterra,4,Ronald Clayton,ronald_clayton.php,15,Mediocampista
10020,1958,Inglaterra,4,Bryan Douglas,bryan_douglas.php,7,Delantero
10021,1958,Inglaterra,4,Bobby Robson,bobby_robson.php,8,Delantero
10022,1958,Inglaterra,4,Derek Kevan,derek_kevan.php,9,Delantero
10023,1958,Inglaterra,4,John Haynes,john_haynes.php,10,Delantero
10024,1958,Inglaterra,4,Tom Finney,tom_finney.php,11,Delantero
10025,1958,Inglaterra,4,Peter Brabrook,peter_brabrook.php,17,Delantero
10026,1958,Inglaterra,4,Peter Broadbent,peter_broadbent.php,18,Delantero
10027,1958,Inglaterra,4,Bobby Smith,bobby_smith.php,19,Delantero
10028,1958,Inglaterra,4,Bobby Charlton,bobby_charlton.php,20,Delantero
10029,1958,Inglaterra,4,Alan A'Court,alan_acourt.php,21,Delantero
10030,1958,Inglaterra,4,Maurice Setters,maurice_setters.php,22,Delantero
10031,1958,URSS,4,Lev Yashin,lev_yashin.php,1,Arquero
10032,1958,URSS,4,Vladimir Maslachenko,vladimir_maslachenko.php,12,Arquero
10033,1958,URSS,4,Vladimir Belyayev,vladimir_belyayev.php,13,Arquero
10034,1958,URSS,4,Vladimir Kesarev,vladimir_kesarev.php,2,Defensor
10035,1958,URSS,4,Konstantin Krizhevski,konstantin_krizhevski.php,3,Defensor
10036,1958,URSS,4,Boris Kuznetsov,boris_kuznetsov.php,4,Defensor
10037,1958,URSS,4,Leonid Ostrovski,leonid_ostrovski.php,14,Defensor
10038,1958,URSS,4,Anatoli Maslyonkin,anatoli_maslyonkin.php,15,Defensor
10039,1958,URSS,4,Vladimir Yerokhin,vladimir_yerokhin.php,22,Defensor
10040,1958,URSS,4,Yuri Voinov,yuri_voinov.php,5,Mediocampista
10041,1958,URSS,4,Igor Netto,igor_netto.php,6,Mediocampista
10042,1958,URSS,4,Viktor Tsaryov,viktor_tsaryov.php,16,Mediocampista
10043,1958,URSS,4,German Apukthin,german_apukthin.php,7,Delantero
10044,1958,URSS,4,Valentin Ivanov,valentin_ivanov.php,8,Delantero
10045,1958,URSS,4,Nikita Simonyan,nikita_simonyan.php,9,Delantero
10046,1958,URSS,4,Sergei Salnikov,sergei_salnikov.php,10,Delantero
10047,1958,URSS,4,Anatoli Ilyin,anatoli_ilyin.php,11,Delantero
10048,1958,URSS,4,Aleksandr Ivanov,aleksandr_ivanov.php,17,Delantero
10049,1958,URSS,4,Valentin Bubukin,valentin_bubukin.php,18,Delantero
10050,1958,URSS,4,Gennadi Gusarov,gennadi_gusarov.php,19,Delantero
10051,1958,URSS,4,Yuri Falin,yuri_falin.php,20,Delantero
10052,1958,URSS,4,Genrikh Fedosov,genrikh_fedosov.php,21,Delantero
10053,1954,Brasil,1,Castilho,castilho.php,1,Arquero
10054,1954,Brasil,1,Veludo,veludo.php,21,Arquero
10055,1954,Brasil,1,Cabecao,cabecao.php,22,Arquero
10056,1954,Brasil,1,Djalma Santos,djalma_santos.php,2,Defensor
10057,1954,Brasil,1,Nilton Santos,nilton_santos.php,3,Defensor
10058,1954,Brasil,1,Brandaozinho,brandaozinho.php,4,Defensor
10059,1954,Brasil,1,Bauer,bauer.php,6,Defensor
10060,1954,Brasil,1,Paulinho,paulinho.php,12,Defensor
10061,1954,Brasil,1,Alfredo Ramos,alfredo_ramos.php,13,Defensor
10062,1954,Brasil,1,Mauro Ramos,mauro_ramos.php,15,Defensor
10063,1954,Brasil,1,Pinheiro,pinheiro.php,5,Mediocampista
10064,1954,Brasil,1,Didi,didi.php,8,Mediocampista
10065,1954,Brasil,1,Ely Do Amparo,ely_do_amparo.php,14,Mediocampista
10066,1954,Brasil,1,Dequinha,dequinha.php,16,Mediocampista
10067,1954,Brasil,1,Julinho,julinho.php,7,Delantero
10068,1954,Brasil,1,Baltazar,baltazar.php,9,Delantero
10069,1954,Brasil,1,Pinga,pinga.php,10,Delantero
10070,1954,Brasil,1,Francisco Rodrigues,francisco_rodrigues.php,11,Delantero
10071,1954,Brasil,1,Maurinho,maurinho.php,17,Delantero
10072,1954,Brasil,1,Humberto Tozzi,humberto_tozzi.php,18,Delantero
10073,1954,Brasil,1,Indio,indio.php,19,Delantero
10074,1954,Brasil,1,Rubens,rubens.php,20,Delantero
10075,1954,Francia,1,Francois Remetter,francois_remetter.php,1,Arquero
10076,1954,Francia,1,Cesar Ruminski,cesar_ruminski.php,2,Arquero
10077,1954,Francia,1,Claude Abbes,claude_abbes.php,3,Arquero
10078,1954,Francia,1,Lazare Gianessi,lazare_gianessi.php,4,Defensor
10079,1954,Francia,1,Jacques Grimonpon,jacques_grimonpon.php,5,Defensor
10080,1954,Francia,1,Raymond Kaelbel,raymond_kaelbel.php,6,Defensor
10081,1954,Francia,1,Roger Marche,roger_marche.php,7,Defensor
10082,1954,Francia,1,Guillaume Bieganski,guillaume_bieganski.php,8,Defensor
10083,1954,Francia,1,Robert Jonquet,robert_jonquet.php,10,Defensor
10084,1954,Francia,1,Armand Penverne,armand_penverne.php,14,Defensor
10085,1954,Francia,1,Antoine Cuissard,antoine_cuissard.php,9,Mediocampista
10086,1954,Francia,1,Xerxes Louis,xerxes_louis.php,11,Mediocampista
10087,1954,Francia,1,Jean-Jacques Marcel,jean_jacques_marcel.php,12,Mediocampista
10088,1954,Francia,1,Abderrhamane Mahjoub,abderrhamane_mahjoub.php,13,Mediocampista
10089,1954,Francia,1,Abdelaziz Ben-Tifour,abdelaziz_ben_tifour.php,15,Mediocampista
10090,1954,Francia,1,Michel Leblond,michel_leblond.php,19,Mediocampista
10091,1954,Francia,1,Rene Dereuddre,rene_dereuddre.php,16,Delantero
10092,1954,Francia,1,Leon Glovacki,leon_glovacki.php,17,Delantero
10093,1954,Francia,1,Raymond Kopa,raymond_kopa.php,18,Delantero
10094,1954,Francia,1,Ernest Schultz,ernest_schultz.php,20,Delantero
10095,1954,Francia,1,Andre Strappe,andre_strappe.php,21,Delantero
10096,1954,Francia,1,Jean Vincent,jean_vincent.php,22,Delantero
10097,1954,México,1,Antonio Carbajal,antonio_carbajal.php,1,Arquero
10098,1954,México,1,Salvador Mota,salvador_mota.php,12,Arquero
10099,1954,México,1,Narciso Lopez,narciso_lopez.php,2,Defensor
10100,1954,México,1,Jorge Romo,jorge_romo.php,3,Defensor
10101,1954,México,1,Saturnino Martinez,saturnino_martinez.php,4,Defensor
10102,1954,México,1,Sergio Bravo,sergio_bravo.php,13,Defensor
10103,1954,México,1,Juan Gomez,juan_gomez.php,14,Defensor
10104,1954,México,1,Jose Roca,jose_roca.php,20,Defensor
10105,1954,México,1,Mario Ochoa,mario_ochoa.php,21,Defensor
10106,1954,México,1,Raul Cardenas,raul_cardenas.php,5,Mediocampista
10107,1954,México,1,Rafael Avalos,rafael_avalos.php,6,Mediocampista
10108,1954,México,1,Pedro Najera,pedro_najera.php,16,Mediocampista
10109,1954,México,1,Alfredo Torres,alfredo_torres.php,7,Delantero
10110,1954,México,1,Jose Naranjo,jose_naranjo.php,8,Delantero
10111,1954,México,1,Jose Lamadrid,jose_lamadrid.php,9,Delantero
10112,1954,México,1,Tomas Balcazar,tomas_balcazar.php,10,Delantero
10113,1954,México,1,Raul Arellano,raul_arellano.php,11,Delantero
10114,1954,México,1,Carlos Blanco,carlos_blanco.php,15,Delantero
10115,1954,México,1,Carlos Septien,carlos_septien.php,17,Delantero
10116,1954,México,1,Carlos Carus,carlos_carus.php,18,Delantero
10117,1954,México,1,Moises Jinich,moises_jinich.php,19,Delantero
10118,1954,México,1,Ranulfo Cortes,ranulfo_cortes.php,22,Delantero
10119,1954,Yugoslavia,1,Vladimir Beara,vladimir_beara.php,1,Arquero
10120,1954,Yugoslavia,1,Branko Kralj,branko_kralj.php,12,Arquero
10121,1954,Yugoslavia,1,Branko Stankovic,branko_stankovic.php,2,Defensor
10122,1954,Yugoslavia,1,Tomislav Crnkovic,tomislav_crnkovic.php,3,Defensor
10123,1954,Yugoslavia,1,Ivan Horvat,ivan_horvat.php,5,Defensor
10124,1954,Yugoslavia,1,Milan Zekovic,milan_zekovic.php,13,Defensor
10125,1954,Yugoslavia,1,Sima Milovanov,sima_milovanov.php,16,Defensor
10126,1954,Yugoslavia,1,Bruno Belin,bruno_belin.php,17,Defensor
10127,1954,Yugoslavia,1,Zlatko Cajkovski,zlatko_cajkovski.php,4,Mediocampista
10128,1954,Yugoslavia,1,Vujadin Boskov,vujadin_boskov.php,6,Mediocampista
10129,1954,Yugoslavia,1,Branko Zebec,branko_zebec.php,11,Mediocampista
10130,1954,Yugoslavia,1,Lav Mantula,lav_mantula.php,14,Mediocampista
10131,1954,Yugoslavia,1,Ljubomir Spajic,ljubomir_spajic.php,15,Mediocampista
10132,1954,Yugoslavia,1,Tihomir Ognjanov,tihomir_ognjanov.php,7,Delantero
10133,1954,Yugoslavia,1,Rajko Mitic,rajko_mitic.php,8,Delantero
10134,1954,Yugoslavia,1,Bernard Vukas,bernard_vukas.php,9,Delantero
10135,1954,Yugoslavia,1,Stjepan Bobek,stjepan_bobek.php,10,Delantero
10136,1954,Yugoslavia,1,Milos Milutinovic,milos_milutinovic.php,18,Delantero
10137,1954,Yugoslavia,1,Zlatko Papec,zlatko_papec.php,19,Delantero
10138,1954,Yugoslavia,1,Dionizije Dvornic,dionizije_dvornic.php,20,Delantero
10139,1954,Yugoslavia,1,Toza Veselinovic,toza_veselinovic.php,21,Delantero
10140,1954,Yugoslavia,1,Aleksandar Petakovic,aleksandar_petakovic.php,22,Delantero
10141,1954,Alemania Occidental,2,Toni Turek,toni_turek.php,1,Arquero
10142,1954,Alemania Occidental,2,Heinz Kubsch,heinz_kubsch.php,21,Arquero
10143,1954,Alemania Occidental,2,Heinz Kwiatkowski,heinz_kwiatkowski.php,22,Arquero
10144,1954,Alemania Occidental,2,Fritz Laband,fritz_laband.php,2,Defensor
10145,1954,Alemania Occidental,2,Werner Kohlmeyer,werner_kohlmeyer.php,3,Defensor
10146,1954,Alemania Occidental,2,Hans Bauer,hans_bauer.php,4,Defensor
10147,1954,Alemania Occidental,2,Herbert Erhardt,herbert_erhardt.php,5,Defensor
10148,1954,Alemania Occidental,2,Jupp Posipal,jupp_posipal.php,7,Defensor
10149,1954,Alemania Occidental,2,Werner Liebrich,werner_liebrich.php,10,Defensor
10150,1954,Alemania Occidental,2,Karl Mai,karl_mai.php,8,Mediocampista
10151,1954,Alemania Occidental,2,Paul Mebus,paul_mebus.php,9,Mediocampista
10152,1954,Alemania Occidental,2,Karl-Heinz Metzner,karl_heinz_metzner.php,11,Mediocampista
10153,1954,Alemania Occidental,2,Fritz Walter,fritz_walter.php,16,Mediocampista
10154,1954,Alemania Occidental,2,Uli Biesinger,uli_biesinger.php,18,Mediocampista
10155,1954,Alemania Occidental,2,Horst Eckel,horst_eckel.php,6,Delantero
10156,1954,Alemania Occidental,2,Helmut Rahn,helmut_rahn.php,12,Delantero
10157,1954,Alemania Occidental,2,Max Morlock,max_morlock.php,13,Delantero
10158,1954,Alemania Occidental,2,Berni Klodt,berni_klodt.php,14,Delantero
10159,1954,Alemania Occidental,2,Ottmar Walter,ottmar_walter.php,15,Delantero
10160,1954,Alemania Occidental,2,Richard Herrmann,richard_herrmann.php,17,Delantero
10161,1954,Alemania Occidental,2,Alfred Pfaff,alfred_pfaff.php,19,Delantero
10162,1954,Alemania Occidental,2,Hans Schaefer,hans_schaefer.php,20,Delantero
10163,1954,Corea del Sur,2,Dook Jong Hong,dook_jong_hong.php,1,Arquero
10164,1954,Corea del Sur,2,Heung Chul Han,heung_chul_han.php,12,Arquero
10165,1954,Corea del Sur,2,Kyu Chong Park,kyu_chong_park.php,2,Defensor
10166,1954,Corea del Sur,2,Yae Seung Park,yae_seung_park.php,3,Defensor
10167,1954,Corea del Sur,2,Byung Dae Min,byung_dae_min.php,6,Defensor
10168,1954,Corea del Sur,2,Jong Kap Li,jong_kap_li.php,13,Defensor
10169,1954,Corea del Sur,2,Chung Wa Han,chung_wa_han.php,14,Defensor
10170,1954,Corea del Sur,2,Chang Gi Kang,chang_gi_kang.php,4,Mediocampista
10171,1954,Corea del Sur,2,Sang Yi Lee,sang_yi_lee.php,5,Mediocampista
10172,1954,Corea del Sur,2,Nam Sik Chung,nam_sik_chung.php,11,Mediocampista
10173,1954,Corea del Sur,2,Ji Sung Kim,ji_sung_kim.php,15,Mediocampista
10174,1954,Corea del Sur,2,Yung Kwang Chu,yung_kwang_chu.php,16,Mediocampista
10175,1954,Corea del Sur,2,Sao Nam Li,sao_nam_li.php,7,Delantero
10176,1954,Corea del Sur,2,Chung Min Choi,chung_min_choi.php,8,Delantero
10177,1954,Corea del Sur,2,Sang Kwon Woo,sang_kwon_woo.php,9,Delantero
10178,1954,Corea del Sur,2,Nak Woon Sung,nak_woon_sung.php,10,Delantero
10179,1954,Corea del Sur,2,Il Kap Park,il_kap_park.php,17,Delantero
10180,1954,Corea del Sur,2,Yung Keun Choi,yung_keun_choi.php,18,Delantero
10181,1954,Corea del Sur,2,Ki Joo Li,ki_joo_li.php,19,Delantero
10182,1954,Corea del Sur,2,Kook Chin Yung,kook_chin_yung.php,20,Delantero
10183,1954,Hungría,2,Gyula Grosics,gyula_grosics.php,1,Arquero
10184,1954,Hungría,2,Sandor Geller,sandor_geller.php,21,Arquero
10185,1954,Hungría,2,Geza Gulyas,geza_gulyas.php,22,Arquero
10186,1954,Hungría,2,Jeno Buzanszky,jeno_buzanszky.php,2,Defensor
10187,1954,Hungría,2,Mihaly Lantos,mihaly_lantos.php,4,Defensor
10188,1954,Hungría,2,Bela Karpati,bela_karpati.php,12,Defensor
10189,1954,Hungría,2,Pal Varhidi,pal_varhidi.php,13,Defensor
10190,1954,Hungría,2,Gyula Lorant,gyula_lorant.php,3,Mediocampista
10191,1954,Hungría,2,Jozsef Bozsik,jozsef_bozsik.php,5,Mediocampista
10192,1954,Hungría,2,Jozsef Zakarias,jozsef_zakarias.php,6,Mediocampista
10193,1954,Hungría,2,Imre Kovacs,imre_kovacs.php,14,Mediocampista
10194,1954,Hungría,2,Ferenc Szojka,ferenc_szojka.php,15,Mediocampista
10195,1954,Hungría,2,Jozsef Toth,jozsef_toth.php,7,Delantero
10196,1954,Hungría,2,Sandor Kocsis,sandor_kocsis.php,8,Delantero
10197,1954,Hungría,2,Nandor Hidegkuti,nandor_hidegkuti.php,9,Delantero
10198,1954,Hungría,2,Ferenc Puskas,ferenc_puskas.php,10,Delantero
10199,1954,Hungría,2,Zoltan Czibor,zoltan_czibor.php,11,Delantero
10200,1954,Hungría,2,Laszlo Budai,laszlo_budai.php,16,Delantero
10201,1954,Hungría,2,Ferenc Machos,ferenc_machos.php,17,Delantero
10202,1954,Hungría,2,Lajos Csordas,lajos_csordas.php,18,Delantero
10203,1954,Hungría,2,Peter Palotas,peter_palotas.php,19,Delantero
10204,1954,Hungría,2,Mihaly Toth,mihaly_toth.php,20,Delantero
10205,1954,Turquía,2,Seren Turgay,seren_turgay.php,1,Arquero
10206,1954,Turquía,2,Ersoy Sukru,ersoy_sukru.php,12,Arquero
10207,1954,Turquía,2,Bolatli Ridvan,bolatli_ridvan.php,2,Defensor
10208,1954,Turquía,2,Dirimlili Basri,dirimlili_basri.php,3,Defensor
10209,1954,Turquía,2,Mustafa Erton,mustafa_erton.php,4,Defensor
10210,1954,Turquía,2,Eken Bulent,eken_bulent.php,13,Defensor
10211,1954,Turquía,2,Beratligil Ali,beratligil_ali.php,14,Defensor
10212,1954,Turquía,2,Gunar Nedim,gunar_nedim.php,16,Defensor
10213,1954,Turquía,2,Erdem Naci,erdem_naci.php,17,Defensor
10214,1954,Turquía,2,Kacmaz Akgun,kacmaz_akgun.php,18,Defensor
10215,1954,Turquía,2,Berman Ahmet,berman_ahmet.php,19,Defensor
10216,1954,Turquía,2,Zeybek Cetin,zeybek_cetin.php,5,Mediocampista
10217,1954,Turquía,2,Izak Rober,izak_rober.php,6,Mediocampista
10218,1954,Turquía,2,Dincer Mehmet,dincer_mehmet.php,15,Mediocampista
10219,1954,Turquía,2,Erol Keskin,erol_keskin.php,7,Delantero
10220,1954,Turquía,2,Mamat Suat,mamat_suat.php,8,Delantero
10221,1954,Turquía,2,Ismail Feridun,ismail_feridun.php,9,Delantero
10222,1954,Turquía,2,Sargun Burhan,sargun_burhan.php,10,Delantero
10223,1954,Turquía,2,Lefter Kucukandonyadis,lefter_kucukandonyadis.php,11,Delantero
10224,1954,Turquía,2,Onarici Nemci,onarici_nemci.php,20,Delantero
10225,1954,Turquía,2,Aytac Kadri,aytac_kadri.php,21,Delantero
10226,1954,Turquía,2,Tas Coskun,tas_coskun.php,22,Delantero
10227,1954,Austria,3,Kurt Schmied,kurt_schmied.php,1,Arquero
10228,1954,Austria,3,Franz Pelikan,franz_pelikan.php,15,Arquero
10229,1954,Austria,3,Walter Zeman,walter_zeman.php,16,Arquero
10230,1954,Austria,3,Gerhard Hanappi,gerhard_hanappi.php,2,Defensor
10231,1954,Austria,3,Ernst Happel,ernst_happel.php,3,Defensor
10232,1954,Austria,3,Leopold Barschandt,leopold_barschandt.php,4,Defensor
10233,1954,Austria,3,Walter Kollmann,walter_kollmann.php,13,Defensor
10234,1954,Austria,3,Paul Halla,paul_halla.php,20,Defensor
10235,1954,Austria,3,Ernst Ocwirk,ernst_ocwirk.php,5,Mediocampista
10236,1954,Austria,3,Karl Koller,karl_koller.php,6,Mediocampista
10237,1954,Austria,3,Karl Stotz,karl_stotz.php,12,Mediocampista
10238,1954,Austria,3,Karl Giesser,karl_giesser.php,14,Mediocampista
10239,1954,Austria,3,Alfred Teinitzer,alfred_teinitzer.php,17,Mediocampista
10240,1954,Austria,3,Johann Riegler,johann_riegler.php,18,Mediocampista
10241,1954,Austria,3,Robert Koerner,robert_koerner.php,7,Delantero
10242,1954,Austria,3,Walter Schleger,walter_schleger.php,8,Delantero
10243,1954,Austria,3,Theodor Wagner,theodor_wagner.php,9,Delantero
10244,1954,Austria,3,Erich Probst,erich_probst.php,10,Delantero
10245,1954,Austria,3,Alfred Koerner,alfred_koerner.php,11,Delantero
10246,1954,Austria,3,Robert Dienst,robert_dienst.php,19,Delantero
10247,1954,Austria,3,Ernst Stojaspal,ernst_stojaspal.php,21,Delantero
10248,1954,Austria,3,Walter Haummer,walter_haummer.php,22,Delantero
10249,1954,Checoslovaquia,3,Theodor Reimann,theodor_reimann.php,1,Arquero
10250,1954,Checoslovaquia,3,Imrich Stacho,imrich_stacho.php,21,Arquero
10251,1954,Checoslovaquia,3,Viliam Schrojf,viliam_schrojf.php,22,Arquero
10252,1954,Checoslovaquia,3,Frantisek Safranek,frantisek_safranek.php,2,Defensor
10253,1954,Checoslovaquia,3,Ladislav Novak,ladislav_novak.php,4,Defensor
10254,1954,Checoslovaquia,3,Jiri Trnka,jiri_trnka.php,5,Defensor
10255,1954,Checoslovaquia,3,Anton Krasnohorsky,anton_krasnohorsky.php,12,Defensor
10256,1954,Checoslovaquia,3,Svatopluk Pluskal,svatopluk_pluskal.php,3,Mediocampista
10257,1954,Checoslovaquia,3,Michal Benedikovic,michal_benedikovic.php,6,Mediocampista
10258,1954,Checoslovaquia,3,Jiri Hledik,jiri_hledik.php,13,Mediocampista
10259,1954,Checoslovaquia,3,Jan Hertl,jan_hertl.php,14,Mediocampista
10260,1954,Checoslovaquia,3,Zdenek Prochazka,zdenek_prochazka.php,16,Mediocampista
10261,1954,Checoslovaquia,3,Vladislav Hlavacek,vladislav_hlavacek.php,7,Delantero
10262,1954,Checoslovaquia,3,Otto Hemele,otto_hemele.php,8,Delantero
10263,1954,Checoslovaquia,3,Anton Malatinsky,anton_malatinsky.php,9,Delantero
10264,1954,Checoslovaquia,3,Emil Pazicky,emil_pazicky.php,10,Delantero
10265,1954,Checoslovaquia,3,Jiri Pesek,jiri_pesek.php,11,Delantero
10266,1954,Checoslovaquia,3,Ladislav Kacani,ladislav_kacani.php,15,Delantero
10267,1954,Checoslovaquia,3,Tadeas Kraus,tadeas_kraus.php,17,Delantero
10268,1954,Checoslovaquia,3,Josef Majer,josef_majer.php,18,Delantero
10269,1954,Checoslovaquia,3,Jaroslav Kosnar,jaroslav_kosnar.php,19,Delantero
10270,1954,Checoslovaquia,3,Kazimir Gajdos,kazimir_gajdos.php,20,Delantero
10271,1954,Escocia,3,Fred Martin,fred_martin.php,1,Arquero
10272,1954,Escocia,3,John Anderson,john_anderson.php,14,Arquero
10273,1954,Escocia,3,Willie Cunningham,willie_cunningham.php,2,Defensor
10274,1954,Escocia,3,John Aird,john_aird.php,3,Defensor
10275,1954,Escocia,3,Jimmy Davidson,jimmy_davidson.php,6,Defensor
10276,1954,Escocia,3,Alex Wilson,alex_wilson.php,18,Defensor
10277,1954,Escocia,3,Bobby Evans,bobby_evans.php,4,Mediocampista
10278,1954,Escocia,3,Tommy Docherty,tommy_docherty.php,5,Mediocampista
10279,1954,Escocia,3,Doug Cowie,doug_cowie.php,7,Mediocampista
10280,1954,Escocia,3,Davie Mathers,davie_mathers.php,17,Mediocampista
10281,1954,Escocia,3,John Mackenzie,john_mackenzie.php,8,Delantero
10282,1954,Escocia,3,George Hamilton,george_hamilton.php,9,Delantero
10283,1954,Escocia,3,Allan Brown,allan_brown.php,10,Delantero
10284,1954,Escocia,3,Neil Mochan,neil_mochan.php,11,Delantero
10285,1954,Escocia,3,Willie Fernie,willie_fernie.php,12,Delantero
10286,1954,Escocia,3,Willie Ormond,willie_ormond.php,13,Delantero
10287,1954,Escocia,3,Robert Johnstone,robert_johnstone.php,15,Delantero
10288,1954,Escocia,3,Jackie Henderson,jackie_henderson.php,16,Delantero
10289,1954,Escocia,3,Jimmy Binning,jimmy_binning.php,19,Delantero
10290,1954,Escocia,3,Bobby Combe,bobby_combe.php,20,Delantero
10291,1954,Escocia,3,Ernie Copland,ernie_copland.php,21,Delantero
10292,1954,Escocia,3,Ian Mcmillan,ian_mcmillan.php,22,Delantero
10293,1954,Uruguay,3,Roque Maspoli,roque_maspoli.php,1,Arquero
10294,1954,Uruguay,3,Julio Maceiras,julio_maceiras.php,12,Arquero
10295,1954,Uruguay,3,Jose Santamaria,jose_santamaria.php,2,Defensor
10296,1954,Uruguay,3,William Martinez,william_martinez.php,3,Defensor
10297,1954,Uruguay,3,Victor Rodriguez Andrade,victor_rodriguez_andrade.php,4,Defensor
10298,1954,Uruguay,3,Mirto Davoine,mirto_davoine.php,13,Defensor
10299,1954,Uruguay,3,Eusebio Tejera,eusebio_tejera.php,14,Defensor
10300,1954,Uruguay,3,Nestor Carballo,nestor_carballo.php,16,Defensor
10301,1954,Uruguay,3,Obdulio Varela,obdulio_varela.php,5,Mediocampista
10302,1954,Uruguay,3,Roberto Leopardi,roberto_leopardi.php,6,Mediocampista
10303,1954,Uruguay,3,Urbano Rivera,urbano_rivera.php,15,Mediocampista
10304,1954,Uruguay,3,Luis Cruz,luis_cruz.php,17,Mediocampista
10305,1954,Uruguay,3,Julio Abbadie,julio_abbadie.php,7,Delantero
10306,1954,Uruguay,3,Juan Hohberg,juan_hohberg.php,8,Delantero
10307,1954,Uruguay,3,Oscar Miguez,oscar_miguez.php,9,Delantero
10308,1954,Uruguay,3,Juan Schiaffino,juan_schiaffino.php,10,Delantero
10309,1954,Uruguay,3,Carlos Borges,carlos_borges.php,11,Delantero
10310,1954,Uruguay,3,Rafael Souto,rafael_souto.php,18,Delantero
10311,1954,Uruguay,3,Javier Ambrois,javier_ambrois.php,19,Delantero
10312,1954,Uruguay,3,Omar Mendez,omar_mendez.php,20,Delantero
10313,1954,Uruguay,3,Julio Perez,julio_perez.php,21,Delantero
10314,1954,Uruguay,3,Luis Ernesto Castro,luis_ernesto_castro.php,22,Delantero
10315,1954,Bélgica,4,Leopold Gernaey,leopold_gernaey.php,1,Arquero
10316,1954,Bélgica,4,Charles Geerts,charles_geerts.php,12,Arquero
10317,1954,Bélgica,4,Raymond Ausloos,raymond_ausloos.php,17,Arquero
10318,1954,Bélgica,4,Marcel Dries,marcel_dries.php,2,Defensor
10319,1954,Bélgica,4,Alfons Van Brandt,alfons_van_brandt.php,3,Defensor
10320,1954,Bélgica,4,Henri Dirickx,henri_dirickx.php,13,Defensor
10321,1954,Bélgica,4,Jeff Van Der Linden,jeff_van_der_linden.php,18,Defensor
10322,1954,Bélgica,4,Constant Huysmans,constant_huysmans.php,4,Mediocampista
10323,1954,Bélgica,4,Louis Carre,louis_carre.php,5,Mediocampista
10324,1954,Bélgica,4,Victor Mees,victor_mees.php,6,Mediocampista
10325,1954,Bélgica,4,Robert Van Kerckhoven,robert_van_kerckhoven.php,14,Mediocampista
10326,1954,Bélgica,4,Jo Backaert,jo_backaert.php,19,Mediocampista
10327,1954,Bélgica,4,Robert Maertens,robert_maertens.php,20,Mediocampista
10328,1954,Bélgica,4,Jean Van Steen,jean_van_steen.php,21,Mediocampista
10329,1954,Bélgica,4,Joseph Vliers,joseph_vliers.php,7,Delantero
10330,1954,Bélgica,4,Denis Houf,denis_houf.php,8,Delantero
10331,1954,Bélgica,4,Rik Coppens,rik_coppens.php,9,Delantero
10332,1954,Bélgica,4,Leopold Anoul,leopold_anoul.php,10,Delantero
10333,1954,Bélgica,4,Joseph Mermans,joseph_mermans.php,11,Delantero
10334,1954,Bélgica,4,Poly Van Den Bosch,poly_van_den_bosch.php,15,Delantero
10335,1954,Bélgica,4,Pieter Van Den Bosch,pieter_van_den_bosch.php,16,Delantero
10336,1954,Bélgica,4,Luc Van Hoywegen,luc_van_hoywegen.php,22,Delantero
10337,1954,Inglaterra,4,Gilbert Merrick,gilbert_merrick.php,1,Arquero
10338,1954,Inglaterra,4,Ted Burgin,ted_burgin.php,12,Arquero
10339,1954,Inglaterra,4,Ron Staniforth,ron_staniforth.php,2,Defensor
10340,1954,Inglaterra,4,Roger Byrne,roger_byrne.php,3,Defensor
10341,1954,Inglaterra,4,Billy Wright,billy_wright.php,4,Defensor
10342,1954,Inglaterra,4,Syd Owen,syd_owen.php,5,Defensor
10343,1954,Inglaterra,4,Ken Green,ken_green.php,13,Defensor
10344,1954,Inglaterra,4,Allenby Chilton,allenby_chilton.php,18,Defensor
10345,1954,Inglaterra,4,Jimmy Dickinson,jimmy_dickinson.php,6,Mediocampista
10346,1954,Inglaterra,4,Bill Mcgarry,bill_mcgarry.php,14,Mediocampista
10347,1954,Inglaterra,4,Ken Armstrong,ken_armstrong.php,19,Mediocampista
10348,1954,Inglaterra,4,Stanley Matthews,stanley_matthews.php,7,Delantero
10349,1954,Inglaterra,4,Ivor Broadis,ivor_broadis.php,8,Delantero
10350,1954,Inglaterra,4,Nat Lofthouse,nat_lofthouse.php,9,Delantero
10351,1954,Inglaterra,4,Tommy Taylor,tommy_taylor.php,10,Delantero
10352,1954,Inglaterra,4,Tom Finney,tom_finney.php,11,Delantero
10353,1954,Inglaterra,4,Dennis Wilshaw,dennis_wilshaw.php,15,Delantero
10354,1954,Inglaterra,4,Albert Quixall,albert_quixall.php,16,Delantero
10355,1954,Inglaterra,4,Jimmy Mullen,jimmy_mullen.php,17,Delantero
10356,1954,Inglaterra,4,Bedford Jezzard,bedford_jezzard.php,20,Delantero
10357,1954,Inglaterra,4,John Haynes,john_haynes.php,21,Delantero
10358,1954,Inglaterra,4,Harry Hooper,harry_hooper.php,22,Delantero
10359,1954,Italia,4,Giorgio Ghezzi,giorgio_ghezzi.php,1,Arquero
10360,1954,Italia,4,Giovanni Viola,giovanni_viola.php,12,Arquero
10361,1954,Italia,4,Leonardo Costagliola,leonardo_costagliola.php,22,Arquero
10362,1954,Italia,4,Guido Vincenzi,guido_vincenzi.php,2,Defensor
10363,1954,Italia,4,Giovanni Giacomazzi,giovanni_giacomazzi.php,3,Defensor
10364,1954,Italia,4,Ardico Magnini,ardico_magnini.php,13,Defensor
10365,1954,Italia,4,Sergio Cervato,sergio_cervato.php,14,Defensor
10366,1954,Italia,4,Maino Neri,maino_neri.php,4,Mediocampista
10367,1954,Italia,4,Omero Tognon,omero_tognon.php,5,Mediocampista
10368,1954,Italia,4,Fulvio Nesti,fulvio_nesti.php,6,Mediocampista
10369,1954,Italia,4,Giacomo Mari,giacomo_mari.php,15,Mediocampista
10370,1954,Italia,4,Rino Ferrario,rino_ferrario.php,16,Mediocampista
10371,1954,Italia,4,Armando Segato,armando_segato.php,17,Mediocampista
10372,1954,Italia,4,Guido Gratton,guido_gratton.php,20,Mediocampista
10373,1954,Italia,4,Ermes Muccinelli,ermes_muccinelli.php,7,Delantero
10374,1954,Italia,4,Egisto Pandolfini,egisto_pandolfini.php,8,Delantero
10375,1954,Italia,4,Carlo Galli,carlo_galli.php,9,Delantero
10376,1954,Italia,4,Gino Cappello,gino_cappello.php,10,Delantero
10377,1954,Italia,4,Benito Lorenzi,benito_lorenzi.php,11,Delantero
10378,1954,Italia,4,Gino Pivatelli,gino_pivatelli.php,18,Delantero
10379,1954,Italia,4,Giampiero Boniperti,giampiero_boniperti.php,19,Delantero
10380,1954,Italia,4,Amleto Frignani,amleto_frignani.php,21,Delantero
10381,1954,Suiza,4,Walter Eich,walter_eich.php,1,Arquero
10382,1954,Suiza,4,Eugene Parlier,eugene_parlier.php,2,Arquero
10383,1954,Suiza,4,Georges Stuber,georges_stuber.php,3,Arquero
10384,1954,Suiza,4,Roger Bocquet,roger_bocquet.php,4,Defensor
10385,1954,Suiza,4,Marcel Flueckiger,marcel_flueckiger.php,5,Defensor
10386,1954,Suiza,4,Roger Mathis,roger_mathis.php,6,Defensor
10387,1954,Suiza,4,Andre Neury,andre_neury.php,7,Defensor
10388,1954,Suiza,4,Oliver Eggimann,oliver_eggimann.php,10,Defensor
10389,1954,Suiza,4,Willy Kernen,willy_kernen.php,14,Defensor
10390,1954,Suiza,4,Heinz Bigler,heinz_bigler.php,8,Mediocampista
10391,1954,Suiza,4,Charles Casali,charles_casali.php,9,Mediocampista
10392,1954,Suiza,4,Gilbert Fesselet,gilbert_fesselet.php,12,Mediocampista
10393,1954,Suiza,4,Ivo Frosio,ivo_frosio.php,13,Mediocampista
10394,1954,Suiza,4,Norbert Eschmann,norbert_eschmann.php,11,Delantero
10395,1954,Suiza,4,Kiki Antenen,kiki_antenen.php,15,Delantero
10396,1954,Suiza,4,Robert Ballaman,robert_ballaman.php,16,Delantero
10397,1954,Suiza,4,Jackie Fatton,jackie_fatton.php,17,Delantero
10398,1954,Suiza,4,Sepp Huegi,sepp_huegi.php,18,Delantero
10399,1954,Suiza,4,Marcel Mauron,marcel_mauron.php,19,Delantero
10400,1954,Suiza,4,Eugen Meier,eugen_meier.php,20,Delantero
10401,1954,Suiza,4,Ferdinando Riva,ferdinando_riva.php,21,Delantero
10402,1954,Suiza,4,Roger Vonlanthen,roger_vonlanthen.php,22,Delantero
10403,1950,Brasil,1,Barbosa,barbosa.php,,Arquero
10404,1950,Brasil,1,Castilho,castilho.php,,Arquero
10405,1950,Brasil,1,Ely Do Amparo,ely_do_amparo.php,,Defensor
10406,1950,Brasil,1,Augusto,augusto.php,,Defensor
10407,1950,Brasil,1,Nilton Santos,nilton_santos.php,,Defensor
10408,1950,Brasil,1,Juvenal,juvenal.php,,Defensor
10409,1950,Brasil,1,Nena,nena.php,,Defensor
10410,1950,Brasil,1,Zizinho,zizinho.php,,Mediocampista
10411,1950,Brasil,1,Noronha,noronha.php,,Mediocampista
10412,1950,Brasil,1,Ruy,ruy.php,,Mediocampista
10413,1950,Brasil,1,Danilo Alvim,danilo_alvim.php,,Mediocampista
10414,1950,Brasil,1,Bauer,bauer.php,,Mediocampista
10415,1950,Brasil,1,Bigode,bigode.php,,Mediocampista
10416,1950,Brasil,1,Adaozinho,adaozinho.php,,Delantero
10417,1950,Brasil,1,Ademir,ademir.php,,Delantero
10418,1950,Brasil,1,Alfredo Ii,alfredo_ii.php,,Delantero
10419,1950,Brasil,1,Baltazar,baltazar.php,,Delantero
10420,1950,Brasil,1,Maneca,maneca.php,,Delantero
10421,1950,Brasil,1,Jair,jair.php,,Delantero
10422,1950,Brasil,1,Friaca,friaca.php,,Delantero
10423,1950,Brasil,1,Francisco Rodrigues,francisco_rodrigues.php,,Delantero
10424,1950,Brasil,1,Chico,chico.php,,Delantero
10425,1950,México,1,Antonio Carbajal,antonio_carbajal.php,,Arquero
10426,1950,México,1,Raul Cordoba,raul_cordoba.php,,Arquero
10427,1950,México,1,Felipe Zetter,felipe_zetter.php,,Defensor
10428,1950,México,1,Rodrigo Ruiz,rodrigo_ruiz.php,,Defensor
10429,1950,México,1,Jose Roca,jose_roca.php,,Defensor
10430,1950,México,1,Alfonso Montemayor,alfonso_montemayor.php,,Defensor
10431,1950,México,1,Manuel Gutierrez,manuel_gutierrez.php,,Defensor
10432,1950,México,1,Gregorio Gomez,gregorio_gomez.php,,Defensor
10433,1950,México,1,Carlos Guevara,carlos_guevara.php,,Mediocampista
10434,1950,México,1,Hector Ortiz,hector_ortiz.php,,Mediocampista
10435,1950,México,1,Mario Ochoa,mario_ochoa.php,,Mediocampista
10436,1950,México,1,Samuel Cuburu,samuel_cuburu.php,,Mediocampista
10437,1950,México,1,Francisco Hernandez,francisco_hernandez_2.php,,Mediocampista
10438,1950,México,1,Antonio Flores,antonio_flores.php,,Mediocampista
10439,1950,México,1,Jose Naranjo,jose_naranjo.php,,Delantero
10440,1950,México,1,Guadalupe Velazquez,guadalupe_velazquez.php,,Delantero
10441,1950,México,1,Carlos Septien,carlos_septien.php,,Delantero
10442,1950,México,1,Horacio Casarin,horacio_casarin.php,,Delantero
10443,1950,México,1,Max Prieto,max_prieto.php,,Delantero
10444,1950,México,1,Mario Perez,mario_perez_2.php,,Delantero
10445,1950,México,1,Jose Navarro,jose_navarro.php,,Delantero
10446,1950,México,1,Jose Borbolla,jose_borbolla.php,,Delantero
10447,1950,Yugoslavia,1,Vladimir Beara,vladimir_beara.php,,Arquero
10448,1950,Yugoslavia,1,Srdjan Mrkusic,srdjan_mrkusic.php,,Arquero
10449,1950,Yugoslavia,1,Sinisa Zlatkovic,sinisa_zlatkovic.php,,Defensor
10450,1950,Yugoslavia,1,Vladimir Firm,vladimir_firm.php,,Defensor
10451,1950,Yugoslavia,1,Ratko Colic,ratko_colic.php,,Defensor
10452,1950,Yugoslavia,1,Ivan Horvat,ivan_horvat.php,,Defensor
10453,1950,Yugoslavia,1,Bozo Broketa,bozo_broketa.php,,Defensor
10454,1950,Yugoslavia,1,Branko Stankovic,branko_stankovic.php,,Defensor
10455,1950,Yugoslavia,1,Ivo Radovnikovic,ivo_radovnikovic.php,,Mediocampista
10456,1950,Yugoslavia,1,Ervin Katnic,ervin_katnic.php,,Mediocampista
10457,1950,Yugoslavia,1,Bela Palfi,bela_palfi.php,,Mediocampista
10458,1950,Yugoslavia,1,Miodrag Jovanovic,miodrag_jovanovic.php,,Mediocampista
10459,1950,Yugoslavia,1,Predrag Djajic,predrag_djajic.php,,Mediocampista
10460,1950,Yugoslavia,1,Zlatko Cajkovski,zlatko_cajkovski.php,,Mediocampista
10461,1950,Yugoslavia,1,Rajko Mitic,rajko_mitic.php,,Delantero
10462,1950,Yugoslavia,1,Tihomir Ognjanov,tihomir_ognjanov.php,,Delantero
10463,1950,Yugoslavia,1,Prvoslav Mihajlovic,prvoslav_mihajlovic.php,,Delantero
10464,1950,Yugoslavia,1,Zeljko Cajkovski,zeljko_cajkovski.php,,Delantero
10465,1950,Yugoslavia,1,Stjepan Bobek,stjepan_bobek.php,,Delantero
10466,1950,Yugoslavia,1,Kosta Tomasevic,kosta_tomasevic.php,,Delantero
10467,1950,Yugoslavia,1,Bernard Vukas,bernard_vukas.php,,Delantero
10468,1950,Yugoslavia,1,Aleksandar Atanackovic,aleksandar_atanackovic.php,,Delantero
10469,1950,Suiza,1,Adolphe Hug,adolphe_hug.php,,Arquero
10470,1950,Suiza,1,Eugenio Corrodi,eugenio_corrodi.php,,Arquero
10471,1950,Suiza,1,Georges Stuber,georges_stuber.php,,Arquero
10472,1950,Suiza,1,Felice Soldini,felice_soldini.php,,Defensor
10473,1950,Suiza,1,Gerhard Lusenti,gerhard_lusenti.php,,Defensor
10474,1950,Suiza,1,Andre Neury,andre_neury.php,,Defensor
10475,1950,Suiza,1,Ruedi Gyger,ruedi_gyger.php,,Defensor
10476,1950,Suiza,1,Kurt Rey,kurt_rey.php,,Defensor
10477,1950,Suiza,1,Roger Bocquet,roger_bocquet.php,,Defensor
10478,1950,Suiza,1,Roger Quinche,roger_quinche.php,,Mediocampista
10479,1950,Suiza,1,Oliver Eggimann,oliver_eggimann.php,,Mediocampista
10480,1950,Suiza,1,Hans Siegenthaler,hans_siegenthaler.php,,Delantero
10481,1950,Suiza,1,Kiki Antenen,kiki_antenen.php,,Delantero
10482,1950,Suiza,1,Hans-Peter Friedlaender,hans_peter_friedlaender.php,,Delantero
10483,1950,Suiza,1,Jackie Fatton,jackie_fatton.php,,Delantero
10484,1950,Suiza,1,Fredy Bickel,fredy_bickel.php,,Delantero
10485,1950,Suiza,1,Walter Beerli,walter_beerli.php,,Delantero
10486,1950,Suiza,1,Rene Bader,rene_bader.php,,Delantero
10487,1950,Suiza,1,Jean Tamini,jean_tamini.php,,Delantero
10488,1950,España,2,Juan Acuña,juan_acuna.php,,Arquero
10489,1950,España,2,Antonio Ramallets,antonio_ramallets.php,,Arquero
10490,1950,España,2,Ignacio Eizaguirre,ignacio_eizaguirre.php,,Arquero
10491,1950,España,2,Jose Parra,jose_parra.php,,Defensor
10492,1950,España,2,Lesmes Ii,lesmes_ii.php,,Defensor
10493,1950,España,2,Gonzalvo Ii,gonzalvo_ii.php,,Defensor
10494,1950,España,2,Gabriel Alonso,gabriel_alonso.php,,Defensor
10495,1950,España,2,Alfonso Silva,alfonso_silva.php,,Defensor
10496,1950,España,2,Vicente Asensi,vicente_asensi.php,,Defensor
10497,1950,España,2,Antunez,antunez.php,,Defensor
10498,1950,España,2,Gonzalvo Iii,gonzalvo_iii.php,,Mediocampista
10499,1950,España,2,Antonio Puchades,antonio_puchades.php,,Mediocampista
10500,1950,España,2,Nando,nando.php,,Mediocampista
10501,1950,España,2,Rosendo Hernandez,rosendo_hernandez.php,,Delantero
10502,1950,España,2,Piru Gainza,piru_gainza.php,,Delantero
10503,1950,España,2,Jose Panizo,jose_panizo.php,,Delantero
10504,1950,España,2,Luis Molowny,luis_molowny.php,,Delantero
10505,1950,España,2,Jose Juncosa,jose_juncosa.php,,Delantero
10506,1950,España,2,Silvestre Igoa,silvestre_igoa.php,,Delantero
10507,1950,España,2,Cesar,cesar_2.php,,Delantero
10508,1950,España,2,Estanislao Basora,estanislao_basora.php,,Delantero
10509,1950,España,2,Zarra,zarra.php,,Delantero
10510,1950,Inglaterra,2,Bert Williams,bert_williams.php,,Arquero
10511,1950,Inglaterra,2,Eddie Ditchburn,eddie_ditchburn.php,,Arquero
10512,1950,Inglaterra,2,John Aston,john_aston.php,,Defensor
10513,1950,Inglaterra,2,Jim Taylor,jim_taylor.php,,Defensor
10514,1950,Inglaterra,2,Laurie Scott,laurie_scott.php,,Defensor
10515,1950,Inglaterra,2,Alf Ramsey,alf_ramsey.php,,Defensor
10516,1950,Inglaterra,2,Billy Wright,billy_wright.php,,Defensor
10517,1950,Inglaterra,2,Bill Eckersley,bill_eckersley.php,,Defensor
10518,1950,Inglaterra,2,Bill Nicholson,bill_nicholson.php,,Mediocampista
10519,1950,Inglaterra,2,Laurie Hughes,laurie_hughes.php,,Mediocampista
10520,1950,Inglaterra,2,Jimmy Dickinson,jimmy_dickinson.php,,Mediocampista
10521,1950,Inglaterra,2,Willie Watson,willie_watson.php,,Mediocampista
10522,1950,Inglaterra,2,Eddie Baily,eddie_baily.php,,Delantero
10523,1950,Inglaterra,2,Roy Bentley,roy_bentley.php,,Delantero
10524,1950,Inglaterra,2,Henry Cockburn,henry_cockburn.php,,Delantero
10525,1950,Inglaterra,2,Tom Finney,tom_finney.php,,Delantero
10526,1950,Inglaterra,2,Jimmy Mullen,jimmy_mullen.php,,Delantero
10527,1950,Inglaterra,2,Stan Mortensen,stan_mortensen.php,,Delantero
10528,1950,Inglaterra,2,Jackie Milburn,jackie_milburn.php,,Delantero
10529,1950,Inglaterra,2,Wilf Mannion,wilf_mannion.php,,Delantero
10530,1950,Inglaterra,2,Stanley Matthews,stanley_matthews.php,,Delantero
10531,1950,Chile,2,Sergio Livingstone,sergio_livingstone.php,,Arquero
10532,1950,Chile,2,Rene Quitral,rene_quitral.php,,Arquero
10533,1950,Chile,2,Fernando Roldan,fernando_roldan.php,,Defensor
10534,1950,Chile,2,Manuel Machuca,manuel_machuca.php,,Defensor
10535,1950,Chile,2,Manuel Alvarez,manuel_alvarez.php,,Defensor
10536,1950,Chile,2,Miguel Flores,miguel_flores.php,,Defensor
10537,1950,Chile,2,Arturo Farias,arturo_farias.php,,Defensor
10538,1950,Chile,2,Francisco Urroz,francisco_urroz.php,,Defensor
10539,1950,Chile,2,Osvaldo Saez,osvaldo_saez.php,,Mediocampista
10540,1950,Chile,2,Miguel Busquets,miguel_busquets.php,,Mediocampista
10541,1950,Chile,2,Carlos Rojas,carlos_rojas.php,,Mediocampista
10542,1950,Chile,2,Hernan Carvallo,hernan_carvallo.php,,Mediocampista
10543,1950,Chile,2,Fernando Campos,fernando_campos.php,,Mediocampista
10544,1950,Chile,2,Jorge Robledo,jorge_robledo.php,,Delantero
10545,1950,Chile,2,Fernando Riera,fernando_riera.php,,Delantero
10546,1950,Chile,2,Andres Prieto,andres_prieto.php,,Delantero
10547,1950,Chile,2,Manuel Munoz,manuel_munoz.php,,Delantero
10548,1950,Chile,2,Luis Mayanes,luis_mayanes.php,,Delantero
10549,1950,Chile,2,Raymundo Infante,raymundo_infante.php,,Delantero
10550,1950,Chile,2,Carlos Ibanez,carlos_ibanez.php,,Delantero
10551,1950,Chile,2,Atilio Cremaschi,atilio_cremaschi.php,,Delantero
10552,1950,Chile,2,Guillermo Diaz,guillermo_diaz.php,,Delantero
10553,1950,Estados Unidos,2,Gino Gardassanich,gino_gardassanich.php,,Arquero
10554,1950,Estados Unidos,2,Frank Borghi,frank_borghi.php,,Arquero
10555,1950,Estados Unidos,2,Joe Maca,joe_maca.php,,Defensor
10556,1950,Estados Unidos,2,Harry Keough,harry_keough.php,,Defensor
10557,1950,Estados Unidos,2,Bob Annis,bob_annis.php,,Defensor
10558,1950,Estados Unidos,2,Geoff Coombes,geoff_coombes.php,,Defensor
10559,1950,Estados Unidos,2,Ed Mcilvenny,ed_mcilvenny.php,,Mediocampista
10560,1950,Estados Unidos,2,John Souza,john_souza.php,,Mediocampista
10561,1950,Estados Unidos,2,Charlie Colombo,charlie_colombo.php,,Mediocampista
10562,1950,Estados Unidos,2,Walter Bahr,walter_bahr.php,,Mediocampista
10563,1950,Estados Unidos,2,Frank Wallace,frank_wallace.php,,Delantero
10564,1950,Estados Unidos,2,Ed Souza,ed_souza.php,,Delantero
10565,1950,Estados Unidos,2,Gino Pariani,gino_pariani.php,,Delantero
10566,1950,Estados Unidos,2,Bob Craddock,bob_craddock.php,,Delantero
10567,1950,Estados Unidos,2,Joe Gaetjens,joe_gaetjens.php,,Delantero
10568,1950,Estados Unidos,2,Nick Di Orio,nick_di_orio.php,,Delantero
10569,1950,Estados Unidos,2,Adam Wolanin,adam_wolanin.php,,Delantero
10570,1950,Suecia,3,Kalle Svensson,kalle_svensson.php,,Arquero
10571,1950,Suecia,3,Torsten Lindberg,torsten_lindberg.php,,Arquero
10572,1950,Suecia,3,Sune Andersson,sune_andersson.php,,Defensor
10573,1950,Suecia,3,Lennart Samuelsson,lennart_samuelsson.php,,Defensor
10574,1950,Suecia,3,Erik Nilsson,erik_nilsson.php,,Defensor
10575,1950,Suecia,3,Gunnar Johansson Ii,gunnar_johansson_ii.php,,Defensor
10576,1950,Suecia,3,Arne Mansson,arne_mansson.php,,Defensor
10577,1950,Suecia,3,Knut Nordahl,knut_nordahl.php,,Mediocampista
10578,1950,Suecia,3,Olle Ahlund,olle_ahlund.php,,Mediocampista
10579,1950,Suecia,3,Ingvar Gard,ingvar_gard.php,,Mediocampista
10580,1950,Suecia,3,Egon Jonsson,egon_jonsson.php,,Delantero
10581,1950,Suecia,3,Stig Sundqvist,stig_sundqvist.php,,Delantero
10582,1950,Suecia,3,Lennart Skoglund,lennart_skoglund.php,,Delantero
10583,1950,Suecia,3,Ingvar Rydell,ingvar_rydell.php,,Delantero
10584,1950,Suecia,3,Karl-Erik Palmer,karl_erik_palmer.php,,Delantero
10585,1950,Suecia,3,Stellan Nilsson,stellan_nilsson.php,,Delantero
10586,1950,Suecia,3,Hans Jeppsson,hans_jeppsson.php,,Delantero
10587,1950,Suecia,3,Bror Mellberg,bror_mellberg.php,,Delantero
10588,1950,Italia,3,Giuseppe Moro,giuseppe_moro.php,,Arquero
10589,1950,Italia,3,Lucidio Sentimenti,lucidio_sentimenti.php,,Arquero
10590,1950,Italia,3,Giuseppe Casari,giuseppe_casari.php,,Arquero
10591,1950,Italia,3,Attilio Giovannini,attilio_giovannini.php,,Defensor
10592,1950,Italia,3,Zeffiro Furiassi,zeffiro_furiassi.php,,Defensor
10593,1950,Italia,3,Carlo Parola,carlo_parola.php,,Defensor
10594,1950,Italia,3,Leandro Remondini,leandro_remondini.php,,Defensor
10595,1950,Italia,3,Ivano Blason,ivano_blason.php,,Defensor
10596,1950,Italia,3,Giacomo Mari,giacomo_mari.php,,Mediocampista
10597,1950,Italia,3,Augusto Magli,augusto_magli.php,,Mediocampista
10598,1950,Italia,3,Omero Tognon,omero_tognon.php,,Mediocampista
10599,1950,Italia,3,Osvaldo Fattori,osvaldo_fattori.php,,Mediocampista
10600,1950,Italia,3,Carlo Annovazzi,carlo_annovazzi.php,,Mediocampista
10601,1950,Italia,3,Aldo Campatelli,aldo_campatelli.php,,Mediocampista
10602,1950,Italia,3,Giampiero Boniperti,giampiero_boniperti.php,,Delantero
10603,1950,Italia,3,Egisto Pandolfini,egisto_pandolfini.php,,Delantero
10604,1950,Italia,3,Ermes Muccinelli,ermes_muccinelli.php,,Delantero
10605,1950,Italia,3,Gino Cappello,gino_cappello.php,,Delantero
10606,1950,Italia,3,Emilio Caprile,emilio_caprile.php,,Delantero
10607,1950,Italia,3,Riccardo Carapellese,riccardo_carapellese.php,,Delantero
10608,1950,Italia,3,Benito Lorenzi,benito_lorenzi.php,,Delantero
10609,1950,Italia,3,Amedeo Amadei,amedeo_amadei.php,,Delantero
10610,1950,Paraguay,3,Marcelino Vargas,marcelino_vargas.php,,Arquero
10611,1950,Paraguay,3,Pablo Centurion,pablo_centurion.php,,Arquero
10612,1950,Paraguay,3,Elioro Paredes,elioro_paredes.php,,Defensor
10613,1950,Paraguay,3,Alberto Gonzalez,alberto_gonzalez.php,,Defensor
10614,1950,Paraguay,3,Manuel Gavilan,manuel_gavilan.php,,Defensor
10615,1950,Paraguay,3,Casiano Cespedes,casiano_cespedes.php,,Defensor
10616,1950,Paraguay,3,Antonio Cabrera,antonio_cabrera.php,,Defensor
10617,1950,Paraguay,3,Castor Cantero,castor_cantero.php,,Mediocampista
10618,1950,Paraguay,3,Victoriano Leguizamon,victoriano_leguizamon.php,,Mediocampista
10619,1950,Paraguay,3,Armando Gonzalez,armando_gonzalez.php,,Mediocampista
10620,1950,Paraguay,3,Melanio Baez,melanio_baez.php,,Mediocampista
10621,1950,Paraguay,3,Juan Leon Canete,juan_leon_canete.php,,Delantero
10622,1950,Paraguay,3,Hilarion Osorio,hilarion_osorio.php,,Delantero
10623,1950,Paraguay,3,Marcial Avalos,marcial_avalos.php,,Delantero
10624,1950,Paraguay,3,Francisco Sosa,francisco_sosa.php,,Delantero
10625,1950,Paraguay,3,Leongino Unzain,leongino_unzain.php,,Delantero
10626,1950,Paraguay,3,Cesar Lopez Fretes,cesar_lopez_fretes.php,,Delantero
10627,1950,Paraguay,3,Atilio Lopez,atilio_lopez.php,,Delantero
10628,1950,Paraguay,3,Dario Jara Saguier,dario_jara_saguier.php,,Delantero
10629,1950,Paraguay,3,Angel Berni,angel_berni.php,,Delantero
10630,1950,Paraguay,3,Lorenzo Calonga,lorenzo_calonga.php,,Delantero
10631,1950,Paraguay,3,Enrique Avalos,enrique_avalos.php,,Delantero
10632,1950,Uruguay,4,Anibal Paz,anibal_paz.php,,Arquero
10633,1950,Uruguay,4,Roque Maspoli,roque_maspoli.php,,Arquero
10634,1950,Uruguay,4,William Martinez,william_martinez.php,,Defensor
10635,1950,Uruguay,4,Matias Gonzalez,matias_gonzalez.php,,Defensor
10636,1950,Uruguay,4,Hector Vilches,hector_vilches.php,,Defensor
10637,1950,Uruguay,4,Schubert Gambetta,schubert_gambetta.php,,Defensor
10638,1950,Uruguay,4,Eusebio Tejera,eusebio_tejera.php,,Defensor
10639,1950,Uruguay,4,Carlos Romero,carlos_romero.php,,Mediocampista
10640,1950,Uruguay,4,Obdulio Varela,obdulio_varela.php,,Mediocampista
10641,1950,Uruguay,4,Rodolfo Pini,rodolfo_pini.php,,Mediocampista
10642,1950,Uruguay,4,Victor Rodriguez Andrade,victor_rodriguez_andrade.php,,Mediocampista
10643,1950,Uruguay,4,Washington Ortuno,washington_ortuno.php,,Mediocampista
10644,1950,Uruguay,4,Juan Carlos Gonzalez,juan_carlos_gonzalez.php,,Mediocampista
10645,1950,Uruguay,4,Ruben Moran,ruben_moran.php,,Delantero
10646,1950,Uruguay,4,Ernesto Vidal,ernesto_vidal.php,,Delantero
10647,1950,Uruguay,4,Juan Burgueno,juan_burgueno.php,,Delantero
10648,1950,Uruguay,4,Juan Schiaffino,juan_schiaffino.php,,Delantero
10649,1950,Uruguay,4,Alcides Ghiggia,alcides_ghiggia.php,,Delantero
10650,1950,Uruguay,4,Luis Rijo,luis_rijo.php,,Delantero
10651,1950,Uruguay,4,Oscar Miguez,oscar_miguez.php,,Delantero
10652,1950,Uruguay,4,Julio Perez,julio_perez.php,,Delantero
10653,1950,Uruguay,4,Julio Cesar Britos,julio_cesar_britos.php,,Delantero
10654,1950,Bolivia,4,Eduardo Gutierrez,eduardo_gutierrez.php,,Arquero
10655,1950,Bolivia,4,Vicente Arraya,vicente_arraya.php,,Arquero
10656,1950,Bolivia,4,Alberto Acha,alberto_acha.php,,Defensor
10657,1950,Bolivia,4,Jose Bustamante-Nava,jose_bustamante_nava.php,,Defensor
10658,1950,Bolivia,4,Hector Saavedra,hector_saavedra.php,,Mediocampista
10659,1950,Bolivia,4,Antonio Grecco,antonio_grecco.php,,Mediocampista
10660,1950,Bolivia,4,Antonio Valencia,antonio_valencia.php,,Mediocampista
10661,1950,Bolivia,4,Leonardo Ferrel,leonardo_ferrel.php,,Mediocampista
10662,1950,Bolivia,4,Duberty Araoz,duberty_araoz.php,,Mediocampista
10663,1950,Bolivia,4,Rene Cabrera,rene_cabrera.php,,Mediocampista
10664,1950,Bolivia,4,Victor Ugarte,victor_ugarte.php,,Delantero
10665,1950,Bolivia,4,Victor Algaranaz,victor_algaranaz.php,,Delantero
10666,1950,Bolivia,4,Mario Mena,mario_mena.php,,Delantero
10667,1950,Bolivia,4,Benjamin Maldonado,benjamin_maldonado.php,,Delantero
10668,1950,Bolivia,4,Benedicto Godoy,benedicto_godoy.php,,Delantero
10669,1950,Bolivia,4,Benigno Gutierrez,benigno_gutierrez.php,,Delantero
10670,1950,Bolivia,4,Juan Guerra,juan_guerra.php,,Delantero
10671,1950,Bolivia,4,Victor Brown,victor_brown.php,,Delantero
10672,1950,Bolivia,4,Roberto Capparelli,roberto_capparelli.php,,Delantero
10673,1930,Argentina,1,Angel Bossio,angel_bossio.php,,Arquero
10674,1930,Argentina,1,Juan Botasso,juan_botasso.php,,Arquero
10675,1930,Argentina,1,Fernando Paternoster,fernando_paternoster.php,,Defensor
10676,1930,Argentina,1,Rodolfo Orlandini,rodolfo_orlandini.php,,Defensor
10677,1930,Argentina,1,Ramon Muttis,ramon_muttis.php,,Defensor
10678,1930,Argentina,1,Jose Della Torre,jose_della_torre.php,,Defensor
10679,1930,Argentina,1,Adolfo Zumelzu,adolfo_zumelzu.php,,Defensor
10680,1930,Argentina,1,Alberto Chividini,alberto_chividini.php,,Defensor
10681,1930,Argentina,1,Edmundo Piaggio,edmundo_piaggio.php,,Mediocampista
10682,1930,Argentina,1,Luis Monti,luis_monti.php,,Mediocampista
10683,1930,Argentina,1,Pedro Suarez,pedro_suarez.php,,Mediocampista
10684,1930,Argentina,1,Juan Evaristo,juan_evaristo.php,,Mediocampista
10685,1930,Argentina,1,Francisco Varallo,francisco_varallo.php,,Delantero
10686,1930,Argentina,1,Carlos Spadaro,carlos_spadaro.php,,Delantero
10687,1930,Argentina,1,Alejandro Scopelli,alejandro_scopelli.php,,Delantero
10688,1930,Argentina,1,Guillermo Stabile,guillermo_stabile.php,,Delantero
10689,1930,Argentina,1,Carlos Peucelle,carlos_peucelle.php,,Delantero
10690,1930,Argentina,1,Natalio Perinetti,natalio_perinetti.php,,Delantero
10691,1930,Argentina,1,Roberto Cerro,roberto_cerro.php,,Delantero
10692,1930,Argentina,1,Manuel Ferreira,manuel_ferreira.php,,Delantero
10693,1930,Argentina,1,Mario Evaristo,mario_evaristo.php,,Delantero
10694,1930,Argentina,1,Atilio Demaria,atilio_demaria.php,,Delantero
10695,1930,Chile,1,Cesar Espinoza,cesar_espinoza.php,,Arquero
10696,1930,Chile,1,Roberto Cortes,roberto_cortes.php,,Arquero
10697,1930,Chile,1,Guillermo Riveros,guillermo_riveros.php,,Defensor
10698,1930,Chile,1,Ernesto Chaparro,ernesto_chaparro.php,,Defensor
10699,1930,Chile,1,Ulises Poirier,ulises_poirier.php,,Defensor
10700,1930,Chile,1,Victor Morales,victor_morales.php,,Defensor
10701,1930,Chile,1,Guillermo Saavedra,guillermo_saavedra.php,,Mediocampista
10702,1930,Chile,1,Humberto Elgueta,humberto_elgueta.php,,Mediocampista
10703,1930,Chile,1,Arturo Torres,arturo_torres.php,,Mediocampista
10704,1930,Chile,1,Casimiro Torres,casimiro_torres.php,,Mediocampista
10705,1930,Chile,1,Guillermo Subiabre,guillermo_subiabre.php,,Delantero
10706,1930,Chile,1,Carlos Schneeberger,carlos_schneeberger.php,,Delantero
10707,1930,Chile,1,Carlos Vidal,carlos_vidal.php,,Delantero
10708,1930,Chile,1,Juan Aguilera,juan_aguilera.php,,Delantero
10709,1930,Chile,1,Tomas Ojeda,tomas_ojeda.php,,Delantero
10710,1930,Chile,1,Horacio Munoz,horacio_munoz.php,,Delantero
10711,1930,Chile,1,Arturo Coddou,arturo_coddou.php,,Delantero
10712,1930,Chile,1,Guillermo Arellano,guillermo_arellano.php,,Delantero
10713,1930,Chile,1,Eberardo Villalobos,eberardo_villalobos.php,,Delantero
10714,1930,Francia,1,Alex Thepot,alex_thepot.php,,Arquero
10715,1930,Francia,1,Andre Tassin,andre_tassin.php,,Arquero
10716,1930,Francia,1,Nouma Andoire,nouma_andoire.php,,Defensor
10717,1930,Francia,1,Marcel Capelle,marcel_capelle.php,,Defensor
10718,1930,Francia,1,Etienne Mattler,etienne_mattler.php,,Defensor
10719,1930,Francia,1,Marcel Pinel,marcel_pinel.php,,Mediocampista
10720,1930,Francia,1,Alex Villaplane,alex_villaplane.php,,Mediocampista
10721,1930,Francia,1,Jean Laurent,jean_laurent.php,,Mediocampista
10722,1930,Francia,1,Celestin Delmer,celestin_delmer.php,,Mediocampista
10723,1930,Francia,1,Augustin Chantrel,augustin_chantrel.php,,Mediocampista
10724,1930,Francia,1,Marcel Langiller,marcel_langiller.php,,Delantero
10725,1930,Francia,1,Ernest Liberati,ernest_liberati.php,,Delantero
10726,1930,Francia,1,Andre Maschinot,andre_maschinot.php,,Delantero
10727,1930,Francia,1,Edmond Delfour,edmond_delfour.php,,Delantero
10728,1930,Francia,1,Emile Veinante,emile_veinante.php,,Delantero
10729,1930,Francia,1,Lucien Laurent,lucien_laurent.php,,Delantero
10730,1930,México,1,Isidoro Sota,isidoro_sota.php,,Arquero
10731,1930,México,1,Oscar Bonfiglio,oscar_bonfiglio.php,,Arquero
10732,1930,México,1,Manuel Rosas,manuel_rosas.php,,Defensor
10733,1930,México,1,Francisco Garza Gutierrez,francisco_gutierrez.php,,Defensor
10734,1930,México,1,Rafael Garza Gutierrez,rafael_gutierrez.php,,Defensor
10735,1930,México,1,Alfredo Sanchez,alfredo_sanchez.php,,Mediocampista
10736,1930,México,1,Felipe Rosas,felipe_rosas.php,,Mediocampista
10737,1930,México,1,Raimundo Rodriguez,raimundo_rodriguez.php,,Mediocampista
10738,1930,México,1,Efrain Amezcua,efrain_amezcua.php,,Mediocampista
10739,1930,México,1,Hilario Lopez,hilario_lopez.php,,Delantero
10740,1930,México,1,Felipe Olivares,felipe_olivares.php,,Delantero
10741,1930,México,1,Luis Perez,luis_perez.php,,Delantero
10742,1930,México,1,Roberto Gayon,roberto_gayon.php,,Delantero
10743,1930,México,1,Jesus Castro,jesus_castro.php,,Delantero
10744,1930,México,1,Jose Ruiz,jose_ruiz.php,,Delantero
10745,1930,México,1,Juan Carreno,juan_carreno.php,,Delantero
10746,1930,México,1,Dioniso Mejia,dioniso_mejia.php,,Delantero
10747,1930,Yugoslavia,2,Milan Stojanovic,milan_stojanovic.php,,Arquero
10748,1930,Yugoslavia,2,Milovan Jaksic,milovan_jaksic.php,,Arquero
10749,1930,Yugoslavia,2,Milutin Ivkovic,milutin_ivkovic.php,,Defensor
10750,1930,Yugoslavia,2,Dragomir Tosic,dragomir_tosic.php,,Defensor
10751,1930,Yugoslavia,2,Dragan Mihajlovic,dragan_mihajlovic.php,,Defensor
10752,1930,Yugoslavia,2,Ljubisa Stefanovic,ljubisa_stefanovic.php,,Defensor
10753,1930,Yugoslavia,2,Teofilo Spasojevic,teofilo_spasojevic.php,,Mediocampista
10754,1930,Yugoslavia,2,Milorad Arsenijevic,milorad_arsenijevic.php,,Mediocampista
10755,1930,Yugoslavia,2,Momcilo Djokic,momcilo_djokic.php,,Mediocampista
10756,1930,Yugoslavia,2,Aleksandar Tirnanic,aleksandar_tirnanic.php,,Delantero
10757,1930,Yugoslavia,2,Branislav Sekulic,branislav_sekulic.php,,Delantero
10758,1930,Yugoslavia,2,Vlastimir Petkovic,vlastimir_petkovic.php,,Delantero
10759,1930,Yugoslavia,2,Dragutin Najdanovic,dragutin_najdanovic.php,,Delantero
10760,1930,Yugoslavia,2,Blagoje Marjanovic,blagoje_marjanovic.php,,Delantero
10761,1930,Yugoslavia,2,Branislav Hrnjicek,branislav_hrnjicek.php,,Delantero
10762,1930,Yugoslavia,2,Ivica Bek,ivica_bek.php,,Delantero
10763,1930,Yugoslavia,2,Djordje Vujadinovic,djordje_vujadinovic.php,,Delantero
10764,1930,Brasil,2,Velloso,velloso.php,,Arquero
10765,1930,Brasil,2,Joel,joel.php,,Arquero
10766,1930,Brasil,2,Ze Luis,ze_luis.php,,Defensor
10767,1930,Brasil,2,Brilhante,brilhante.php,,Defensor
10768,1930,Brasil,2,Italia,italia.php,,Defensor
10769,1930,Brasil,2,Pamplona,pamplona.php,,Mediocampista
10770,1930,Brasil,2,Oscarino,oscarino.php,,Mediocampista
10771,1930,Brasil,2,Ivan Mariz,ivan_mariz.php,,Mediocampista
10772,1930,Brasil,2,Hermogenes,hermogenes.php,,Mediocampista
10773,1930,Brasil,2,Fortes,fortes.php,,Mediocampista
10774,1930,Brasil,2,Fernando Giudicelli,fernando_giudicelli.php,,Mediocampista
10775,1930,Brasil,2,Fausto,fausto.php,,Mediocampista
10776,1930,Brasil,2,Benvenutto,benvenutto.php,,Mediocampista
10777,1930,Brasil,2,Benedicto,benedicto.php,,Delantero
10778,1930,Brasil,2,Teophilo,teophilo.php,,Delantero
10779,1930,Brasil,2,Russinho,russinho.php,,Delantero
10780,1930,Brasil,2,Preguinho,preguinho.php,,Delantero
10781,1930,Brasil,2,Poly,poly.php,,Delantero
10782,1930,Brasil,2,Carvalho Leite,carvalho_leite.php,,Delantero
10783,1930,Brasil,2,Nilo,nilo.php,,Delantero
10784,1930,Brasil,2,Moderato,moderato.php,,Delantero
10785,1930,Brasil,2,Manoelzinho,manoelzinho.php,,Delantero
10786,1930,Brasil,2,Doca,doca.php,,Delantero
10787,1930,Brasil,2,Araken,araken.php,,Delantero
10788,1930,Bolivia,2,Miguel Murillo,miguel_murillo.php,,Arquero
10789,1930,Bolivia,2,Jesus Bermudez,jesus_bermudez.php,,Arquero
10790,1930,Bolivia,2,Casiano Chavarria,casiano_chavarria.php,,Defensor
10791,1930,Bolivia,2,Segundo Durandal,segundo_durandal.php,,Defensor
10792,1930,Bolivia,2,Luis Reyes Penaranda,luis_reyes_penaranda.php,,Defensor
10793,1930,Bolivia,2,Renato Sainz,renato_sainz.php,,Mediocampista
10794,1930,Bolivia,2,Miguel Brito,miguel_brito.php,,Mediocampista
10795,1930,Bolivia,2,Jorge Balderrama,jorge_balderrama.php,,Mediocampista
10796,1930,Bolivia,2,Jorge Argote,jorge_argote.php,,Mediocampista
10797,1930,Bolivia,2,Diogenes Lara,diogenes_lara.php,,Mediocampista
10798,1930,Bolivia,2,Eduardo Reyes Ortiz,eduardo_reyes_ortiz.php,,Delantero
10799,1930,Bolivia,2,Jose Noya,jose_noya.php,,Delantero
10800,1930,Bolivia,2,Rafael Mendez,rafael_mendez.php,,Delantero
10801,1930,Bolivia,2,Gumercindo Gomez,gumercindo_gomez.php,,Delantero
10802,1930,Bolivia,2,Rene Fernandez,rene_fernandez.php,,Delantero
10803,1930,Bolivia,2,Jose Bustamante,jose_bustamante.php,,Delantero
10804,1930,Bolivia,2,Mario Alborta,mario_alborta.php,,Delantero
10805,1930,Uruguay,3,Enrique Ballestrero,enrique_ballestrero.php,,Arquero
10806,1930,Uruguay,3,Miguel Cappuccini,miguel_cappuccini.php,,Arquero
10807,1930,Uruguay,3,Jose Nasazzi,jose_nasazzi.php,,Defensor
10808,1930,Uruguay,3,Ernesto Mascheroni,ernesto_mascheroni.php,,Defensor
10809,1930,Uruguay,3,Emilio Recoba,emilio_recoba.php,,Defensor
10810,1930,Uruguay,3,Domingo Tejera,domingo_tejera.php,,Defensor
10811,1930,Uruguay,3,Jose Andrade,jose_andrade.php,,Mediocampista
10812,1930,Uruguay,3,Angel Melogno,angel_melogno.php,,Mediocampista
10813,1930,Uruguay,3,Alvaro Gestido,alvaro_gestido.php,,Mediocampista
10814,1930,Uruguay,3,Lorenzo Fernandez,lorenzo_fernandez.php,,Mediocampista
10815,1930,Uruguay,3,Conduelo Piriz,conduelo_piriz.php,,Mediocampista
10816,1930,Uruguay,3,Carlos Riolfo,carlos_riolfo.php,,Mediocampista
10817,1930,Uruguay,3,Pedro Petrone,pedro_petrone.php,,Delantero
10818,1930,Uruguay,3,Hector Scarone,hector_scarone.php,,Delantero
10819,1930,Uruguay,3,Zoilo Saldombide,zoilo_saldombide.php,,Delantero
10820,1930,Uruguay,3,Victoriano Iriarte,victoriano_iriarte.php,,Delantero
10821,1930,Uruguay,3,Pablo Dorado,pablo_dorado.php,,Delantero
10822,1930,Uruguay,3,Pedro Cea,pedro_cea.php,,Delantero
10823,1930,Uruguay,3,Hector Castro,hector_castro.php,,Delantero
10824,1930,Uruguay,3,Juan Carlos Calvo,juan_carlos_calvo.php,,Delantero
10825,1930,Uruguay,3,Juan Anselmo,juan_anselmo.php,,Delantero
10826,1930,Uruguay,3,Santos Urdinaran,santos_urdinaran.php,,Delantero
10827,1930,Perú,3,Juan Valdivieso,juan_valdivieso.php,,Arquero
10828,1930,Perú,3,Jorge Pardon,jorge_pardon.php,,Arquero
10829,1930,Perú,3,Antonio Maquilon,antonio_maquilon.php,,Defensor
10830,1930,Perú,3,Mario De Las Casas,mario_de_las_casas.php,,Defensor
10831,1930,Perú,3,Alberto Soria,alberto_soria.php,,Defensor
10832,1930,Perú,3,Arturo Fernandez,arturo_fernandez.php,,Defensor
10833,1930,Perú,3,Juan Alfonso Valle,juan_alfonso_valle.php,,Mediocampista
10834,1930,Perú,3,Julio Quintana,julio_quintana.php,,Mediocampista
10835,1930,Perú,3,Eduardo Astengo,eduardo_astengo.php,,Mediocampista
10836,1930,Perú,3,Placido Galindo,placido_galindo.php,,Mediocampista
10837,1930,Perú,3,Alberto Denegri,alberto_denegri.php,,Mediocampista
10838,1930,Perú,3,Domingo Garcia,domingo_garcia.php,,Mediocampista
10839,1930,Perú,3,Carlos Cilloniz,carlos_cilloniz.php,,Delantero
10840,1930,Perú,3,Luis Souza,luis_souza.php,,Delantero
10841,1930,Perú,3,Jorge Sarmiento,jorge_sarmiento.php,,Delantero
10842,1930,Perú,3,Jose Maria Lavalle,jose_maria_lavalle.php,,Delantero
10843,1930,Perú,3,Pablo Pacheco,pablo_pacheco.php,,Delantero
10844,1930,Perú,3,Lizardo Nue Rodriguez,lizardo_nue_rodriguez.php,,Delantero
10845,1930,Perú,3,Demetrio Neyra,demetrio_neyra.php,,Delantero
10846,1930,Perú,3,Jorge Gongora,jorge_gongora.php,,Delantero
10847,1930,Perú,3,Julio Lores,julio_lores.php,,Delantero
10848,1930,Perú,3,Alejandro Villanueva,alejandro_villanueva.php,,Delantero
10849,1930,Rumania,3,Samuel Zauber,samuel_zauber.php,,Arquero
10850,1930,Rumania,3,Ion Lapusneanu,ion_lapusneanu.php,,Arquero
10851,1930,Rumania,3,Rudolf Buerger,rudolf_buerger.php,,Defensor
10852,1930,Rumania,3,Emerich Vogl,emerich_vogl.php,,Defensor
10853,1930,Rumania,3,Iosif Czako,iosif_czako.php,,Defensor
10854,1930,Rumania,3,Adalbert Steiner,adalbert_steiner.php,,Defensor
10855,1930,Rumania,3,Corneliu Robe,corneliu_robe.php,,Mediocampista
10856,1930,Rumania,3,Ladislau Raffinski,ladislau_raffinski.php,,Mediocampista
10857,1930,Rumania,3,Alfred Eisenbeisser,alfred_eisenbeisser.php,,Mediocampista
10858,1930,Rumania,3,Nicolae Kovacs,nicolae_kovacs.php,,Delantero
10859,1930,Rumania,3,Constantin Stanciu,constantin_stanciu.php,,Delantero
10860,1930,Rumania,3,Adalbert Desu,adalbert_desu.php,,Delantero
10861,1930,Rumania,3,Ilile Subaseanu,ilile_subaseanu.php,,Delantero
10862,1930,Rumania,3,Rudolf Wetzer,rudolf_wetzer.php,,Delantero
10863,1930,Rumania,3,Stefan Barbu,stefan_barbu.php,,Delantero
10864,1930,Estados Unidos,4,Jimmy Douglas,jimmy_douglas.php,,Arquero
10865,1930,Estados Unidos,4,Alexander Wood,alexander_wood.php,,Defensor
10866,1930,Estados Unidos,4,George Moorhouse,george_moorhouse.php,,Defensor
10867,1930,Estados Unidos,4,Ralph Tracey,ralph_tracey.php,,Defensor
10868,1930,Estados Unidos,4,Frank Vaughn,frank_vaughn.php,,Defensor
10869,1930,Estados Unidos,4,Mike Bookie,mike_bookie.php,,Mediocampista
10870,1930,Estados Unidos,4,Jimmy Gallagher,jimmy_gallagher.php,,Mediocampista
10871,1930,Estados Unidos,4,Arnie Oliver,arnie_oliver.php,,Mediocampista
10872,1930,Estados Unidos,4,Phil Slone,phil_slone.php,,Mediocampista
10873,1930,Estados Unidos,4,Bert Patenaude,bert_patenaude.php,,Delantero
10874,1930,Estados Unidos,4,Bart Mcghee,bart_mcghee.php,,Delantero
10875,1930,Estados Unidos,4,Billy Gonsalves,billy_gonsalves.php,,Delantero
10876,1930,Estados Unidos,4,Jim Gentle,jim_gentle.php,,Delantero
10877,1930,Estados Unidos,4,Tom Florie,tom_florie.php,,Delantero
10878,1930,Estados Unidos,4,Jim Brown,jim_brown.php,,Delantero
10879,1930,Estados Unidos,4,Andrew Auld,andrew_auld.php,,Delantero
10880,1930,Paraguay,4,Pedro Benitez,pedro_benitez.php,,Arquero
10881,1930,Paraguay,4,Modesto Denis,modesto_denis.php,,Arquero
10882,1930,Paraguay,4,Eustaquio Chamorro,eustaquio_chamorro.php,,Defensor
10883,1930,Paraguay,4,Quiterio Olmedo,quiterio_olmedo.php,,Defensor
10884,1930,Paraguay,4,Jose Leon Miracca,jose_leon_miracca.php,,Defensor
10885,1930,Paraguay,4,Salvador Flores,salvador_flores.php,,Defensor
10886,1930,Paraguay,4,Diego Florentin,diego_florentin.php,,Mediocampista
10887,1930,Paraguay,4,Francisco Aguirre,francisco_aguirre.php,,Mediocampista
10888,1930,Paraguay,4,Tranquilino Garcete,tranquilino_garcete.php,,Mediocampista
10889,1930,Paraguay,4,Romildo Etcheverry,romildo_etcheverry.php,,Mediocampista
10890,1930,Paraguay,4,Eusebio Diaz,eusebio_diaz.php,,Mediocampista
10891,1930,Paraguay,4,Santiago Benitez,santiago_benitez.php,,Mediocampista
10892,1930,Paraguay,4,Diogenes Dominguez,diogenes_dominguez.php,,Delantero
10893,1930,Paraguay,4,Luis Vargas Pena,luis_vargas_pena.php,,Delantero
10894,1930,Paraguay,4,Gerardo Romero,gerardo_romero.php,,Delantero
10895,1930,Paraguay,4,Bernabe Rivera,bernabe_rivera.php,,Delantero
10896,1930,Paraguay,4,Amadeo Ortega,amadeo_ortega.php,,Delantero
10897,1930,Paraguay,4,Delfin Benitez Caceres,delfin_benitez_caceres.php,,Delantero
10898,1930,Paraguay,4,Lino Nessi,lino_nessi.php,,Delantero
10899,1930,Paraguay,4,Aurelio Gonzalez,aurelio_gonzalez.php,,Delantero
10900,1930,Paraguay,4,Cayetano Carreras Sagueir,cayetano_carreras_sagueir.php,,Delantero
10901,1930,Paraguay,4,Jacinto Villalba,jacinto_villalba.php,,Delantero
10902,1930,Bélgica,4,Arnold Badjou,arnold_badjou.php,,Arquero
10903,1930,Bélgica,4,Jean De Bie,jean_de_bie.php,,Arquero
10904,1930,Bélgica,4,Theodore Nouwens,theodore_nouwens.php,,Defensor
10905,1930,Bélgica,4,Nikolaas Hoydonckx,nikolaas_hoydonckx.php,,Defensor
10906,1930,Bélgica,4,Henri De Deken,henri_de_deken.php,,Defensor
10907,1930,Bélgica,4,Auguste Hellemans,auguste_hellemans.php,,Mediocampista
10908,1930,Bélgica,4,Jan Diddens,jan_diddens.php,,Mediocampista
10909,1930,Bélgica,4,Jean De Clerq,jean_de_clerq.php,,Mediocampista
10910,1930,Bélgica,4,Alexis Chantraine,alexis_chantraine.php,,Mediocampista
10911,1930,Bélgica,4,Pierre Braine,pierre_braine.php,,Mediocampista
10912,1930,Bélgica,4,Andre Saeys,andre_saeys.php,,Delantero
10913,1930,Bélgica,4,Louis Versyp,louis_versyp.php,,Delantero
10914,1930,Bélgica,4,Fernand Adams,fernand_adams.php,,Delantero
10915,1930,Bélgica,4,Jacques Moeschal,jacques_moeschal.php,,Delantero
10916,1930,Bélgica,4,Gerard Delbeke,gerard_delbeke.php,,Delantero
10917,1930,Bélgica,4,Bernard Voorhoof,bernard_voorhoof.php,,Delantero
