id,mundial,pais1,pais2,tipo_ronda,grupo,minuto,equipo,jugador_entra,referencia_entra,jugador_sale,referencia_sale,en_entretiempo
1,2022,Catar,Ecuador,"1ra Ronda, Grupo A",A,72,Catar,Mohammed Waad,,Hassan Al-Haydos,,False
2,2022,Catar,Ecuador,"1ra Ronda, Grupo A",A,72,Catar,Mohammed Muntari,,Almoez Ali,,False
3,2022,Catar,Ecuador,"1ra Ronda, Grupo A",A,68,Ecuador,Jeremy Sarmiento,,Romario Ibarra,,False
4,2022,Catar,Ecuador,"1ra Ronda, Grupo A",A,77,Ecuador,José Cifuentes,,Enner Valencia,,False
5,2022,Catar,Ecuador,"1ra Ronda, Grupo A",A,90,Ecuador,Kevin Rodríguez,,Michael Estrada,,False
6,2022,Catar,Ecuador,"1ra Ronda, Grupo A",A,90,Ecuador,Alan Franco,,Moisés Caicedo,,False
7,2022,Inglaterra,Irán,"1ra Ronda, Grupo B",B,70,Inglaterra,Marcus Rashford,,Bukayo Saka,,False
8,2022,Inglaterra,Irán,"1ra Ronda, Grupo B",B,70,Inglaterra,Eric Dier,,Harry Maguire,,False
9,2022,Inglaterra,Irán,"1ra Ronda, Grupo B",B,70,Inglaterra,Phil Foden,,Mason Mount,,False
10,2022,Inglaterra,Irán,"1ra Ronda, Grupo B",B,70,Inglaterra,Jack Grealish,,Raheem Sterling,,False
11,2022,Inglaterra,Irán,"1ra Ronda, Grupo B",B,75,Inglaterra,Callum Wilson,,Harry Kane,,False
12,2022,Inglaterra,Irán,"1ra Ronda, Grupo B",B,20,n,Hossein Hosseini,,Alireza Beiranvand,,False
13,2022,Inglaterra,Irán,"1ra Ronda, Grupo B",B,46,n,Hossein Kanaani,,Rouzbeh Cheshmi,,True
14,2022,Inglaterra,Irán,"1ra Ronda, Grupo B",B,46,n,Ali Gholizadeh,,Alireza Jahanbakhsh,,True
15,2022,Inglaterra,Irán,"1ra Ronda, Grupo B",B,46,n,Saeid Ezatolahi,,Ali Karimi,,True
16,2022,Inglaterra,Irán,"1ra Ronda, Grupo B",B,63,n,Mehdi Torabi,,Milad Mohammadi,,False
17,2022,Inglaterra,Irán,"1ra Ronda, Grupo B",B,77,n,Sardar Azmoun,,Ahmad Nourollahi,,False
18,2022,Senegal,Paises Bajos,"1ra Ronda, Grupo A",A,62,Senegal,Ismail Jakobs,,Abdou Diallo,,False
19,2022,Senegal,Paises Bajos,"1ra Ronda, Grupo A",A,69,Senegal,Bamba Dieng,,Boulaye Dia,,False
20,2022,Senegal,Paises Bajos,"1ra Ronda, Grupo A",A,73,Senegal,Pape Gueye,,Cheikhou Kouyaté,,False
21,2022,Senegal,Paises Bajos,"1ra Ronda, Grupo A",A,73,Senegal,Nicolas Jackson,,Krépin Diatta,,False
22,2022,Senegal,Paises Bajos,"1ra Ronda, Grupo A",A,62,Paises Bajos,Memphis Depay,,Vincent Janssen,,False
23,2022,Senegal,Paises Bajos,"1ra Ronda, Grupo A",A,79,Paises Bajos,Davy Klaassen,,Steven Bergwijn,,False
24,2022,Senegal,Paises Bajos,"1ra Ronda, Grupo A",A,79,Paises Bajos,Teun Koopmeiners,,Steven Berghuis,,False
25,2022,Senegal,Paises Bajos,"1ra Ronda, Grupo A",A,90,Paises Bajos,Marten de Roon,,Cody Gakpo,,False
26,2022,Estados Unidos,Gales,"1ra Ronda, Grupo B",B,66,Estados Unidos,Brenden Aaronson,,Weston McKennie,,False
27,2022,Estados Unidos,Gales,"1ra Ronda, Grupo B",B,74,Estados Unidos,DeAndre Yedlin,,Sergiño Dest,,False
28,2022,Estados Unidos,Gales,"1ra Ronda, Grupo B",B,74,Estados Unidos,Kellyn Acosta,,Yunus Musah,,False
29,2022,Estados Unidos,Gales,"1ra Ronda, Grupo B",B,74,Estados Unidos,Haji Wright,,Josh Sargent,,False
30,2022,Estados Unidos,Gales,"1ra Ronda, Grupo B",B,88,Estados Unidos,Jordan Morris,,Tim Weah,,False
31,2022,Estados Unidos,Gales,"1ra Ronda, Grupo B",B,46,Gales,Kieffer Moore,,Dan James,,True
32,2022,Estados Unidos,Gales,"1ra Ronda, Grupo B",B,79,Gales,Brennan Johnson,,Neco Williams,,False
33,2022,Estados Unidos,Gales,"1ra Ronda, Grupo B",B,90,Gales,Sorba Thomas,,Harry Wilson,,False
34,2022,Estados Unidos,Gales,"1ra Ronda, Grupo B",B,90,Gales,Joe Morrell,,Ethan Ampadu,,False
35,2022,Argentina,Arabia Saudita,"1ra Ronda, Grupo C",C,59,Argentina,Julian Alvarez,,Alejandro Gomez,,False
36,2022,Argentina,Arabia Saudita,"1ra Ronda, Grupo C",C,59,Argentina,Lisandro Martinez,,Cristian Romero,,False
37,2022,Argentina,Arabia Saudita,"1ra Ronda, Grupo C",C,59,Argentina,Enzo Fernandez,,Leandro Paredes,,False
38,2022,Argentina,Arabia Saudita,"1ra Ronda, Grupo C",C,71,Argentina,Marcos Acuña,,Nicolas Tagliafico,,False
39,2022,Argentina,Arabia Saudita,"1ra Ronda, Grupo C",C,45,Arabia Saudita,Nawaf Al-Abed,,Salman Al-Faraj,,False
40,2022,Argentina,Arabia Saudita,"1ra Ronda, Grupo C",C,78,Arabia Saudita,Sultan Al-Ghanam,,Saleh Al-Shehri,,False
41,2022,Argentina,Arabia Saudita,"1ra Ronda, Grupo C",C,89,Arabia Saudita,Abdulelah Al-Amri,,Nawaf Al-Abed,,False
42,2022,Argentina,Arabia Saudita,"1ra Ronda, Grupo C",C,89,Arabia Saudita,Haitham Asiri,,Firas Al-Buraikan,,False
43,2022,Argentina,Arabia Saudita,"1ra Ronda, Grupo C",C,90,Arabia Saudita,Mohammed Al-Breik,,Yasser Al-Shahrani,,False
44,2022,Dinamarca,Túnez,"1ra Ronda, Grupo D",D,45,Dinamarca,Mikkel Damsgaard,,Thomas Delaney,,False
45,2022,Dinamarca,Túnez,"1ra Ronda, Grupo D",D,65,Dinamarca,Andreas Cornelius,,Kasper Dolberg,,False
46,2022,Dinamarca,Túnez,"1ra Ronda, Grupo D",D,65,Dinamarca,Jesper Lindstrom,,Andreas Skov Olsen,,False
47,2022,Dinamarca,Túnez,"1ra Ronda, Grupo D",D,65,Dinamarca,Mathias Jensen,,Simon Kjaer,,False
48,2022,Dinamarca,Túnez,"1ra Ronda, Grupo D",D,67,nez,Naïm Sliti,,Anis Slimane,,False
49,2022,Dinamarca,Túnez,"1ra Ronda, Grupo D",D,80,nez,Hannibal Mejbri,,Youssef Msakni,,False
50,2022,Dinamarca,Túnez,"1ra Ronda, Grupo D",D,80,nez,Taha Yassine Khenissi,,Issam Jebali,,False
51,2022,Dinamarca,Túnez,"1ra Ronda, Grupo D",D,88,nez,Wajdi Kechrida,,Mohamed Drager,,False
52,2022,Dinamarca,Túnez,"1ra Ronda, Grupo D",D,88,nez,Ferjani Sassi,,Aissa Laidouni,,False
53,2022,México,Polonia,"1ra Ronda, Grupo C",C,71,xico,Raúl Jiménez,,Henry Martin,,False
54,2022,México,Polonia,"1ra Ronda, Grupo C",C,71,xico,Carlos Rodríguez,,Héctor Herrera,,False
55,2022,México,Polonia,"1ra Ronda, Grupo C",C,84,xico,Uriel Antuna,,Alexis Vega,,False
56,2022,México,Polonia,"1ra Ronda, Grupo C",C,46,Polonia,Krystian Bielik,,Nicola Zalewski,,True
57,2022,México,Polonia,"1ra Ronda, Grupo C",C,71,Polonia,Przemyslaw Frankowski,,Sebastian Szymański,,False
58,2022,México,Polonia,"1ra Ronda, Grupo C",C,87,Polonia,Arkadiusz Milik,,Piotr Zieliński,,False
59,2022,Francia,Australia,"1ra Ronda, Grupo D",D,13,Francia,Théo Hernandez,,Lucas Hernandez,,False
60,2022,Francia,Australia,"1ra Ronda, Grupo D",D,77,Francia,Kingsley Coman,,Ousmane Dembélé,,False
61,2022,Francia,Australia,"1ra Ronda, Grupo D",D,77,Francia,Youssouf Fofana,,Aurélien Tchouaméni,,False
62,2022,Francia,Australia,"1ra Ronda, Grupo D",D,89,Francia,Jules Koundé,,Benjamin Pavard,,False
63,2022,Francia,Australia,"1ra Ronda, Grupo D",D,89,Francia,Marcus Thuram,,Olivier Giroud,,False
64,2022,Francia,Australia,"1ra Ronda, Grupo D",D,56,Australia,Jason Cummings,,Mitchell Duke,,False
65,2022,Francia,Australia,"1ra Ronda, Grupo D",D,73,Australia,Garang Kuol,,Craig Goodwin,,False
66,2022,Francia,Australia,"1ra Ronda, Grupo D",D,73,Australia,Awer Mabil,,Riley McGree,,False
67,2022,Francia,Australia,"1ra Ronda, Grupo D",D,85,Australia,Keanu Baccus,,Jackson Irvine,,False
68,2022,Francia,Australia,"1ra Ronda, Grupo D",D,85,Australia,Milos Degenek,,Nathaniel Atkinson,,False
69,2022,Marruecos,Croacia,"1ra Ronda, Grupo F",F,60,Marruecos,Yahia Attitat-Allal,,Noussair Mazraoui,,False
70,2022,Marruecos,Croacia,"1ra Ronda, Grupo F",F,65,Marruecos,Abdé Ezzalzouli,,Sofiane Boufal,,False
71,2022,Marruecos,Croacia,"1ra Ronda, Grupo F",F,81,Marruecos,Abdelhamid Sabiri,,Azzedine Ounahi,,False
72,2022,Marruecos,Croacia,"1ra Ronda, Grupo F",F,81,Marruecos,Abderrazak Hamdallah,,Youssef En-Nesyri,,False
73,2022,Marruecos,Croacia,"1ra Ronda, Grupo F",F,46,Croacia,Mario Pasalic,,Nikola Vlasic,,True
74,2022,Marruecos,Croacia,"1ra Ronda, Grupo F",F,71,Croacia,Marko Livaja,,Andrej Kramarić,,False
75,2022,Marruecos,Croacia,"1ra Ronda, Grupo F",F,79,Croacia,Lovro Majer,,Mateo Kovacic,,False
76,2022,Marruecos,Croacia,"1ra Ronda, Grupo F",F,90,Croacia,Mislav Orsic,,Ivan Perisic,,False
77,2022,Alemania,Japón,"1ra Ronda, Grupo E",E,67,Alemania,Leon Goretzka,,Ilkay Gündogan,,False
78,2022,Alemania,Japón,"1ra Ronda, Grupo E",E,67,Alemania,Jonas Hofmann,,Thomas Müller,,False
79,2022,Alemania,Japón,"1ra Ronda, Grupo E",E,79,Alemania,Mario Götze,,Jamal Musiala,,False
80,2022,Alemania,Japón,"1ra Ronda, Grupo E",E,79,Alemania,Niclas Füllkrug,,Kai Havertz,,False
81,2022,Alemania,Japón,"1ra Ronda, Grupo E",E,90,Alemania,Youssoufa Moukoko,,Serge Gnabry,,False
82,2022,Alemania,Japón,"1ra Ronda, Grupo E",E,46,n,Takehiro Tomiyasu,,Take Kubo,,True
83,2022,Alemania,Japón,"1ra Ronda, Grupo E",E,57,n,Takuma Asano,,Daizen Maeda,,False
84,2022,Alemania,Japón,"1ra Ronda, Grupo E",E,57,n,Kaoru Mitoma,,Yuto Nagatomo,,False
85,2022,Alemania,Japón,"1ra Ronda, Grupo E",E,71,n,Ritsu Doan,,Ao Tanaka,,False
86,2022,Alemania,Japón,"1ra Ronda, Grupo E",E,75,n,Takumi Minamino,,Hiroki Sakai,,False
87,2022,España,Costa Rica,"1ra Ronda, Grupo E",E,57,a,Carlos Soler,,Pedri,,False
88,2022,España,Costa Rica,"1ra Ronda, Grupo E",E,57,a,Álvaro Morata,,Ferran Torres,,False
89,2022,España,Costa Rica,"1ra Ronda, Grupo E",E,64,a,Koke,,Sergio Busquets,,False
90,2022,España,Costa Rica,"1ra Ronda, Grupo E",E,64,a,Alejandro Balde,,Jordi Alba,,False
91,2022,España,Costa Rica,"1ra Ronda, Grupo E",E,69,a,Nico Williams,,Marco Asensio,,False
92,2022,España,Costa Rica,"1ra Ronda, Grupo E",E,46,Costa Rica,Kendall Waston,,Carlos Martínez,,True
93,2022,España,Costa Rica,"1ra Ronda, Grupo E",E,61,Costa Rica,Bryan Ruiz,,Jewison Bennette,,False
94,2022,España,Costa Rica,"1ra Ronda, Grupo E",E,61,Costa Rica,Álvaro Zamora,,Anthony Contreras,,False
95,2022,España,Costa Rica,"1ra Ronda, Grupo E",E,72,Costa Rica,Brandon Aguilera,,Celso Borges,,False
96,2022,España,Costa Rica,"1ra Ronda, Grupo E",E,82,Costa Rica,Rónald Matarrita,,Bryan Oviedo,,False
97,2022,Bélgica,Canadá,"1ra Ronda, Grupo F",F,46,lgica,Thomas Meunier,,Yannick Carrasco,,True
98,2022,Bélgica,Canadá,"1ra Ronda, Grupo F",F,46,lgica,Amadou Onana,,Youri Tielemans,,True
99,2022,Bélgica,Canadá,"1ra Ronda, Grupo F",F,62,lgica,Leandro Trossard,,Eden Hazard,,False
100,2022,Bélgica,Canadá,"1ra Ronda, Grupo F",F,78,lgica,Lois Openda,,Michy Batshuayi,,False
101,2022,Bélgica,Canadá,"1ra Ronda, Grupo F",F,58,lgica,Ismaël Koné,,Atiba Hutchinson,,False
102,2022,Bélgica,Canadá,"1ra Ronda, Grupo F",F,58,lgica,Cyle Larin,,Junior Hoilett,,False
103,2022,Bélgica,Canadá,"1ra Ronda, Grupo F",F,74,lgica,Sam Adekugbe,,Richie Laryea,,False
104,2022,Bélgica,Canadá,"1ra Ronda, Grupo F",F,81,lgica,Liam Millar,,Tajon Buchanan,,False
105,2022,Bélgica,Canadá,"1ra Ronda, Grupo F",F,81,lgica,Jonathan Osorio,,Stephen Eustaquio,,False
106,2022,Suiza,Camerún,"1ra Ronda, Grupo G",G,72,Suiza,Fabian Frei,,Djibril Sow,,False
107,2022,Suiza,Camerún,"1ra Ronda, Grupo G",G,72,Suiza,Haris Seferovic,,Breel Embolo,,False
108,2022,Suiza,Camerún,"1ra Ronda, Grupo G",G,72,Suiza,Noah Okafor,,Xherdan Shaqiri,,False
109,2022,Suiza,Camerún,"1ra Ronda, Grupo G",G,81,Suiza,Fabian Rieder,,Rubén Vargas,,False
110,2022,Suiza,Camerún,"1ra Ronda, Grupo G",G,90,Suiza,Eray Cömert,,Ricardo Rodriguez,,False
111,2022,Suiza,Camerún,"1ra Ronda, Grupo G",G,68,n,Gaël Ondoua,,Martin Hongla,,False
112,2022,Suiza,Camerún,"1ra Ronda, Grupo G",G,74,n,Georges-Kévin Nkoudou,,Karl Toko-Ekambi,,False
113,2022,Suiza,Camerún,"1ra Ronda, Grupo G",G,74,n,Vincent Aboubakar,,Eric Maxim Choupo Moting,,False
114,2022,Suiza,Camerún,"1ra Ronda, Grupo G",G,81,n,Nicolas Ngamaleu,,Bryan Mbeumo,,False
115,2022,Uruguay,Corea del Sur,"1ra Ronda, Grupo H",H,64,Uruguay,Edinson Cavani,,Luis Suarez,,False
116,2022,Uruguay,Corea del Sur,"1ra Ronda, Grupo H",H,79,Uruguay,Nicolás de la Cruz,,Matías Vecino,,False
117,2022,Uruguay,Corea del Sur,"1ra Ronda, Grupo H",H,79,Uruguay,Matías Viña,,Mathías Olivera,,False
118,2022,Uruguay,Corea del Sur,"1ra Ronda, Grupo H",H,88,Uruguay,Guillermo Varela,,Facundo Pellistri,,False
119,2022,Uruguay,Corea del Sur,"1ra Ronda, Grupo H",H,74,Corea del Sur,Kang-in Lee,,Sang-ho Na,,False
120,2022,Uruguay,Corea del Sur,"1ra Ronda, Grupo H",H,74,Corea del Sur,Gue-sung Cho,,Ui-jo Hwang,,False
121,2022,Uruguay,Corea del Sur,"1ra Ronda, Grupo H",H,74,Corea del Sur,Jun-ho Son,,Jae-sung Lee,,False
122,2022,Portugal,Ghana,"1ra Ronda, Grupo H",H,56,Portugal,William Carvalho,,Otávio Monteiro,,False
123,2022,Portugal,Ghana,"1ra Ronda, Grupo H",H,77,Portugal,Rafael Leão,,Rúben Neves,,False
124,2022,Portugal,Ghana,"1ra Ronda, Grupo H",H,88,Portugal,João Mário,,João Félix,,False
125,2022,Portugal,Ghana,"1ra Ronda, Grupo H",H,88,Portugal,Gonçalo Ramos,,Cristiano Ronaldo,,False
126,2022,Portugal,Ghana,"1ra Ronda, Grupo H",H,88,Portugal,João Palhinha,,Bernardo Silva,,False
127,2022,Portugal,Ghana,"1ra Ronda, Grupo H",H,66,Ghana,Tariq Lamptey,,Alidu Seidu,,False
128,2022,Portugal,Ghana,"1ra Ronda, Grupo H",H,77,Ghana,Osman Bukari,,Mohammed Kudus,,False
129,2022,Portugal,Ghana,"1ra Ronda, Grupo H",H,77,Ghana,Jordan Ayew,,Andre Ayew,,False
130,2022,Portugal,Ghana,"1ra Ronda, Grupo H",H,90,Ghana,Antoine Semenyo,,Alexander Djiku,,False
131,2022,Portugal,Ghana,"1ra Ronda, Grupo H",H,90,Ghana,Daniel-Kofi Kyereh,,Salis Abdul Samed,,False
132,2022,Brasil,Serbia,"1ra Ronda, Grupo G",G,75,Brasil,Rodrygo,,Vinicius Junior,,False
133,2022,Brasil,Serbia,"1ra Ronda, Grupo G",G,75,Brasil,Fred,,Lucas Paqueta,,False
134,2022,Brasil,Serbia,"1ra Ronda, Grupo G",G,79,Brasil,Gabriel Jesus,,Richarlison,,False
135,2022,Brasil,Serbia,"1ra Ronda, Grupo G",G,79,Brasil,Antony,,Neymar Jr.,,False
136,2022,Brasil,Serbia,"1ra Ronda, Grupo G",G,87,Brasil,Gabriel Martinelli,,Raphinha,,False
137,2022,Brasil,Serbia,"1ra Ronda, Grupo G",G,57,Serbia,Ivan Ilic,,Nemanja Gudelj,,False
138,2022,Brasil,Serbia,"1ra Ronda, Grupo G",G,57,Serbia,Nemanja Radonjić,,Andrija Živković,,False
139,2022,Brasil,Serbia,"1ra Ronda, Grupo G",G,66,Serbia,Darko Lazovic,,Sasa Lukic,,False
140,2022,Brasil,Serbia,"1ra Ronda, Grupo G",G,66,Serbia,Dusan Vlahovic,,Filip Mladenovic,,False
141,2022,Brasil,Serbia,"1ra Ronda, Grupo G",G,83,Serbia,Nemanja Maksimović,,Aleksandar Mitrović,,False
142,2022,Gales,Irán,"1ra Ronda, Grupo B",B,57,Gales,Brennan Johnson,,Connor Roberts,,False
143,2022,Gales,Irán,"1ra Ronda, Grupo B",B,57,Gales,Dan James,,Harry Wilson,,False
144,2022,Gales,Irán,"1ra Ronda, Grupo B",B,77,Gales,Joe Allen,,Ethan Ampadu,,False
145,2022,Gales,Irán,"1ra Ronda, Grupo B",B,87,Gales,Danny Ward,,Aaron Ramsey,,False
146,2022,Gales,Irán,"1ra Ronda, Grupo B",B,68,n,Karim Ansarifard,,Sardar Azmoun,,False
147,2022,Gales,Irán,"1ra Ronda, Grupo B",B,77,n,Mehdi Torabi,,Ehsan Hajsafi,,False
148,2022,Gales,Irán,"1ra Ronda, Grupo B",B,77,n,Rouzbeh Cheshmi,,Ahmad Nourollahi,,False
149,2022,Gales,Irán,"1ra Ronda, Grupo B",B,77,n,Alireza Jahanbakhsh,,Ali Gholizadeh,,False
150,2022,Gales,Irán,"1ra Ronda, Grupo B",B,83,n,Ali Karimi,,Saeid Ezatolahi,,False
151,2022,Catar,Senegal,"1ra Ronda, Grupo A",A,69,Catar,Abdelaziz Hatem,,Karim Boudiaf,,False
152,2022,Catar,Senegal,"1ra Ronda, Grupo A",A,74,Catar,Mohammed Muntari,,Hassan Al-Haydos,,False
153,2022,Catar,Senegal,"1ra Ronda, Grupo A",A,83,Catar,Mohammed Waad,,Pedro Miguel,,False
154,2022,Catar,Senegal,"1ra Ronda, Grupo A",A,83,Catar,Tarek Salman,,Homam Ahmed,,False
155,2022,Catar,Senegal,"1ra Ronda, Grupo A",A,64,Senegal,Pathé Ciss,,Krépin Diatta,,False
156,2022,Catar,Senegal,"1ra Ronda, Grupo A",A,74,Senegal,Iliman Ndiaye,,Ismaïla Sarr,,False
157,2022,Catar,Senegal,"1ra Ronda, Grupo A",A,74,Senegal,Bamba Dieng,,Famara Diéhiou,,False
158,2022,Catar,Senegal,"1ra Ronda, Grupo A",A,78,Senegal,Pape Abdou Cissé,,Ismail Jakobs,,False
159,2022,Catar,Senegal,"1ra Ronda, Grupo A",A,78,Senegal,Pape Matar Sarr,,Nampalys Mendy,,False
160,2022,Paises Bajos,Ecuador,"1ra Ronda, Grupo A",A,46,Paises Bajos,Memphis Depay,,Steven Bergwijn,,True
161,2022,Paises Bajos,Ecuador,"1ra Ronda, Grupo A",A,69,Paises Bajos,Steven Berghuis,,Davy Klaassen,,False
162,2022,Paises Bajos,Ecuador,"1ra Ronda, Grupo A",A,79,Paises Bajos,Marten de Roon,,Teun Koopmeiners,,False
163,2022,Paises Bajos,Ecuador,"1ra Ronda, Grupo A",A,79,Paises Bajos,Wout Weghorst,,Cody Gakpo,,False
164,2022,Paises Bajos,Ecuador,"1ra Ronda, Grupo A",A,74,Ecuador,Jeremy Sarmiento,,Michael Estrada,,False
165,2022,Paises Bajos,Ecuador,"1ra Ronda, Grupo A",A,90,Ecuador,Romario Ibarra,,Gonzalo Plata,,False
166,2022,Paises Bajos,Ecuador,"1ra Ronda, Grupo A",A,90,Ecuador,Kevin Rodríguez,,Enner Valencia,,False
167,2022,Inglaterra,Estados Unidos,"1ra Ronda, Grupo B",B,68,Inglaterra,Jack Grealish,,Raheem Sterling,,False
168,2022,Inglaterra,Estados Unidos,"1ra Ronda, Grupo B",B,68,Inglaterra,Jordan Henderson,,Jude Bellingham,,False
169,2022,Inglaterra,Estados Unidos,"1ra Ronda, Grupo B",B,77,Inglaterra,Marcus Rashford,,Bukayo Saka,,False
170,2022,Inglaterra,Estados Unidos,"1ra Ronda, Grupo B",B,77,Estados Unidos,Shaquell Moore,,Sergiño Dest,,False
171,2022,Inglaterra,Estados Unidos,"1ra Ronda, Grupo B",B,77,Estados Unidos,Brenden Aaronson,,Weston McKennie,,False
172,2022,Inglaterra,Estados Unidos,"1ra Ronda, Grupo B",B,83,Estados Unidos,Josh Sargent,,Haji Wright,,False
173,2022,Inglaterra,Estados Unidos,"1ra Ronda, Grupo B",B,83,Estados Unidos,Giovanni Reyna,,Tim Weah,,False
174,2022,Túnez,Australia,"1ra Ronda, Grupo D",D,46,nez,Ferjani Sassi,,Mohamed Drager,,True
175,2022,Túnez,Australia,"1ra Ronda, Grupo D",D,67,nez,Wahbi Khazri,,Aissa Laidouni,,False
176,2022,Túnez,Australia,"1ra Ronda, Grupo D",D,73,nez,Wajdi Kechrida,,Dylan Bronn,,False
177,2022,Túnez,Australia,"1ra Ronda, Grupo D",D,73,nez,Taha Yassine Khenissi,,Issam Jebali,,False
178,2022,Túnez,Australia,"1ra Ronda, Grupo D",D,64,Australia,Ajdin Hrustic,,Riley McGree,,False
179,2022,Túnez,Australia,"1ra Ronda, Grupo D",D,64,Australia,Jamie Maclaren,,Mitchell Duke,,False
180,2022,Túnez,Australia,"1ra Ronda, Grupo D",D,75,Australia,Milos Degenek,,Fran Karacic,,False
181,2022,Túnez,Australia,"1ra Ronda, Grupo D",D,85,Australia,Awer Mabil,,Craig Goodwin,,False
182,2022,Túnez,Australia,"1ra Ronda, Grupo D",D,85,Australia,Keanu Baccus,,Mathew Leckie,,False
183,2022,Polonia,Arabia Saudita,"1ra Ronda, Grupo C",C,63,Polonia,Jakub Kaminski,,Piotr Zieliński,,False
184,2022,Polonia,Arabia Saudita,"1ra Ronda, Grupo C",C,71,Polonia,Krzysztof Piatek,,Arkadiusz Milik,,False
185,2022,Polonia,Arabia Saudita,"1ra Ronda, Grupo C",C,46,Arabia Saudita,Nawaf Al-Abed,,Sami Al-Najei,,True
186,2022,Polonia,Arabia Saudita,"1ra Ronda, Grupo C",C,65,Arabia Saudita,Sultan Al-Ghanam,,Mohammed Al-Breik,,False
187,2022,Polonia,Arabia Saudita,"1ra Ronda, Grupo C",C,85,Arabia Saudita,Abdulrahman Al-Aboud,,Abdulelah Al-Malki,,False
188,2022,Polonia,Arabia Saudita,"1ra Ronda, Grupo C",C,85,Arabia Saudita,Nasser Al-Dawsari,,Saleh Al-Shehri,,False
189,2022,Polonia,Arabia Saudita,"1ra Ronda, Grupo C",C,90,Arabia Saudita,Hattan Bahebri,,Nawaf Al-Abed,,False
190,2022,Francia,Dinamarca,"1ra Ronda, Grupo D",D,63,Francia,Marcus Thuram,,Olivier Giroud,,False
191,2022,Francia,Dinamarca,"1ra Ronda, Grupo D",D,75,Francia,Kingsley Coman,,Ousmane Dembélé,,False
192,2022,Francia,Dinamarca,"1ra Ronda, Grupo D",D,75,Francia,Ibrahima Konaté,,Raphael Varane,,False
193,2022,Francia,Dinamarca,"1ra Ronda, Grupo D",D,90,Francia,Youssouf Fofana,,Antoine Griezmann,,False
194,2022,Francia,Dinamarca,"1ra Ronda, Grupo D",D,46,Dinamarca,Martin Braithwaite,,Andreas Cornelius,,True
195,2022,Francia,Dinamarca,"1ra Ronda, Grupo D",D,73,Dinamarca,Kasper Dolberg,,Mikkel Damsgaard,,False
196,2022,Francia,Dinamarca,"1ra Ronda, Grupo D",D,85,Dinamarca,Christian Norgaard,,Jesper Lindstrom,,False
197,2022,Francia,Dinamarca,"1ra Ronda, Grupo D",D,90,Dinamarca,Alexander Bah,,Rasmus Kristensen,,False
198,2022,Argentina,México,"1ra Ronda, Grupo C",C,57,Argentina,Enzo Fernandez,,Guido Rodriguez,,False
199,2022,Argentina,México,"1ra Ronda, Grupo C",C,63,Argentina,Julian Alvarez,,Lautaro Martinez,,False
200,2022,Argentina,México,"1ra Ronda, Grupo C",C,63,Argentina,Nahuel Molina,,Gonzalo Montiel,,False
201,2022,Argentina,México,"1ra Ronda, Grupo C",C,69,Argentina,Cristian Romero,,Angel Di Maria,,False
202,2022,Argentina,México,"1ra Ronda, Grupo C",C,69,Argentina,Exequiel Palacios,,Alexis Mac Allister,,False
203,2022,Argentina,México,"1ra Ronda, Grupo C",C,42,xico,Érick Gutiérrez,,Andres Guardado,,False
204,2022,Argentina,México,"1ra Ronda, Grupo C",C,66,xico,Uriel Antuna,,Alexis Vega,,False
205,2022,Argentina,México,"1ra Ronda, Grupo C",C,66,xico,Raúl Jiménez,,Kevin Álvarez,,False
206,2022,Argentina,México,"1ra Ronda, Grupo C",C,73,xico,Roberto Alvarado,,Hirving Lozano,,False
207,2022,Japón,Costa Rica,"1ra Ronda, Grupo E",E,46,n,Takuma Asano,,Ayase Ueda,,True
208,2022,Japón,Costa Rica,"1ra Ronda, Grupo E",E,46,n,Hiroki Ito,,Yuto Nagatomo,,True
209,2022,Japón,Costa Rica,"1ra Ronda, Grupo E",E,62,n,Kaoru Mitoma,,Miki Yamane,,False
210,2022,Japón,Costa Rica,"1ra Ronda, Grupo E",E,67,n,Junya Ito,,Ritsu Doan,,False
211,2022,Japón,Costa Rica,"1ra Ronda, Grupo E",E,82,n,Takumi Minamino,,Yuki Soma,,False
212,2022,Japón,Costa Rica,"1ra Ronda, Grupo E",E,65,Costa Rica,Jewison Bennette,,Anthony Contreras,,False
213,2022,Japón,Costa Rica,"1ra Ronda, Grupo E",E,65,Costa Rica,Brandon Aguilera,,Gerson Torres,,False
214,2022,Japón,Costa Rica,"1ra Ronda, Grupo E",E,89,Costa Rica,Youstin Salas,,Celso Borges,,False
215,2022,Japón,Costa Rica,"1ra Ronda, Grupo E",E,90,Costa Rica,Daniel Chacón,,Joel Campbell,,False
216,2022,Bélgica,Marruecos,"1ra Ronda, Grupo F",F,60,lgica,Dries Mertens,,Eden Hazard,,False
217,2022,Bélgica,Marruecos,"1ra Ronda, Grupo F",F,60,lgica,Youri Tielemans,,Amadou Onana,,False
218,2022,Bélgica,Marruecos,"1ra Ronda, Grupo F",F,75,lgica,Leandro Trossard,,Thorgan Hazard,,False
219,2022,Bélgica,Marruecos,"1ra Ronda, Grupo F",F,75,lgica,Charles De Ketelaere,,Michy Batshuayi,,False
220,2022,Bélgica,Marruecos,"1ra Ronda, Grupo F",F,81,lgica,Romelu Lukaku,,Thomas Meunier,,False
221,2022,Bélgica,Marruecos,"1ra Ronda, Grupo F",F,68,Marruecos,Abdelhamid Sabiri,,Achraf Hakimi,,False
222,2022,Bélgica,Marruecos,"1ra Ronda, Grupo F",F,68,Marruecos,Yahia Attitat-Allal,,Selim Amallah,,False
223,2022,Bélgica,Marruecos,"1ra Ronda, Grupo F",F,73,Marruecos,Zakaria Aboukhlal,,Sofiane Boufal,,False
224,2022,Bélgica,Marruecos,"1ra Ronda, Grupo F",F,73,Marruecos,Abderrazak Hamdallah,,Youssef En-Nesyri,,False
225,2022,Bélgica,Marruecos,"1ra Ronda, Grupo F",F,78,Marruecos,Jawad El-Yamiq,,Azzedine Ounahi,,False
226,2022,Croacia,Canadá,"1ra Ronda, Grupo F",F,60,Croacia,Bruno Petkovic,,Marko Livaja,,False
227,2022,Croacia,Canadá,"1ra Ronda, Grupo F",F,72,Croacia,Nikola Vlasic,,Andrej Kramarić,,False
228,2022,Croacia,Canadá,"1ra Ronda, Grupo F",F,86,Croacia,Mislav Orsic,,Ivan Perisic,,False
229,2022,Croacia,Canadá,"1ra Ronda, Grupo F",F,86,Croacia,Lovro Majer,,Mateo Kovacic,,False
230,2022,Croacia,Canadá,"1ra Ronda, Grupo F",F,86,Croacia,Mario Pasalic,,Luka Modric,,False
231,2022,Croacia,Canadá,"1ra Ronda, Grupo F",F,46,Croacia,Ismaël Koné,,Stephen Eustaquio,,True
232,2022,Croacia,Canadá,"1ra Ronda, Grupo F",F,46,Croacia,Jonathan Osorio,,Cyle Larin,,True
233,2022,Croacia,Canadá,"1ra Ronda, Grupo F",F,62,Croacia,Junior Hoilett,,Richie Laryea,,False
234,2022,Croacia,Canadá,"1ra Ronda, Grupo F",F,72,Croacia,Lucas Cavallini,,Jonathan David,,False
235,2022,Croacia,Canadá,"1ra Ronda, Grupo F",F,72,Croacia,Sam Adekugbe,,Atiba Hutchinson,,False
236,2022,España,Alemania,"1ra Ronda, Grupo E",E,54,a,Álvaro Morata,,Ferran Torres,,False
237,2022,España,Alemania,"1ra Ronda, Grupo E",E,66,a,Nico Williams,,Gavi,,False
238,2022,España,Alemania,"1ra Ronda, Grupo E",E,66,a,Koke,,Marco Asensio,,False
239,2022,España,Alemania,"1ra Ronda, Grupo E",E,82,a,Alejandro Balde,,Jordi Alba,,False
240,2022,España,Alemania,"1ra Ronda, Grupo E",E,70,Alemania,Lukas Klostermann,,Thilo Kehrer,,False
241,2022,España,Alemania,"1ra Ronda, Grupo E",E,70,Alemania,Niclas Füllkrug,,Thomas Müller,,False
242,2022,España,Alemania,"1ra Ronda, Grupo E",E,70,Alemania,Leroy Sané,,Ilkay Gündogan,,False
243,2022,España,Alemania,"1ra Ronda, Grupo E",E,85,Alemania,Jonas Hofmann,,Serge Gnabry,,False
244,2022,España,Alemania,"1ra Ronda, Grupo E",E,87,Alemania,Nico Schlotterbeck,,David Raum,,False
245,2022,Camerún,Serbia,"1ra Ronda, Grupo G",G,55,n,Vincent Aboubakar,,Martin Hongla,,False
246,2022,Camerún,Serbia,"1ra Ronda, Grupo G",G,67,n,Gaël Ondoua,,Pierre Kunde,,False
247,2022,Camerún,Serbia,"1ra Ronda, Grupo G",G,67,n,Christian Bassogog,,Karl Toko-Ekambi,,False
248,2022,Camerún,Serbia,"1ra Ronda, Grupo G",G,81,n,Georges-Kévin Nkoudou,,Bryan Mbeumo,,False
249,2022,Camerún,Serbia,"1ra Ronda, Grupo G",G,81,n,Samuel Oum Gouet,,André-Frank Zambo Anguissa,,False
250,2022,Camerún,Serbia,"1ra Ronda, Grupo G",G,55,Serbia,Stefan Mitrovic,,Strahinja Pavlovic,,False
251,2022,Camerún,Serbia,"1ra Ronda, Grupo G",G,78,Serbia,Marko Grujić,,Sergej Milinković-Savić,,False
252,2022,Camerún,Serbia,"1ra Ronda, Grupo G",G,78,Serbia,Srdan Babic,,Miloš Veljković,,False
253,2022,Camerún,Serbia,"1ra Ronda, Grupo G",G,78,Serbia,Nemanja Radonjić,,Andrija Živković,,False
254,2022,Camerún,Serbia,"1ra Ronda, Grupo G",G,90,Serbia,Filip Djuricic,,Filip Kostić,,False
255,2022,Corea del Sur,Ghana,"1ra Ronda, Grupo H",H,46,Corea del Sur,Sang-ho Na,,Woo-yeong Jeong,,True
256,2022,Corea del Sur,Ghana,"1ra Ronda, Grupo H",H,57,Corea del Sur,Kang-in Lee,,Chang-hoon Kwon,,False
257,2022,Corea del Sur,Ghana,"1ra Ronda, Grupo H",H,78,Corea del Sur,Ui-jo Hwang,,Woo-young Jung,,False
258,2022,Corea del Sur,Ghana,"1ra Ronda, Grupo H",H,90,Corea del Sur,Kyung-won Kwon,,Min-jae Kim,,False
259,2022,Corea del Sur,Ghana,"1ra Ronda, Grupo H",H,78,Ghana,Denis Odoi,,Tariq Lamptey,,False
260,2022,Corea del Sur,Ghana,"1ra Ronda, Grupo H",H,78,Ghana,Kamaldeen Sulemana,,Jordan Ayew,,False
261,2022,Corea del Sur,Ghana,"1ra Ronda, Grupo H",H,78,Ghana,Daniel-Kofi Kyereh,,Andre Ayew,,False
262,2022,Corea del Sur,Ghana,"1ra Ronda, Grupo H",H,83,Ghana,Alexander Djiku,,Mohammed Kudus,,False
263,2022,Corea del Sur,Ghana,"1ra Ronda, Grupo H",H,88,Ghana,Baba Rahman,,Gideon Mensah,,False
264,2022,Brasil,Suiza,"1ra Ronda, Grupo G",G,46,Brasil,Rodrygo,,Lucas Paqueta,,True
265,2022,Brasil,Suiza,"1ra Ronda, Grupo G",G,58,Brasil,Bruno Guimaraes,,Fred,,False
266,2022,Brasil,Suiza,"1ra Ronda, Grupo G",G,73,Brasil,Antony,,Raphinha,,False
267,2022,Brasil,Suiza,"1ra Ronda, Grupo G",G,73,Brasil,Gabriel Jesus,,Richarlison,,False
268,2022,Brasil,Suiza,"1ra Ronda, Grupo G",G,86,Brasil,Alex Telles,,Alex Sandro,,False
269,2022,Brasil,Suiza,"1ra Ronda, Grupo G",G,58,Suiza,Renato Steffen,,Fabian Rieder,,False
270,2022,Brasil,Suiza,"1ra Ronda, Grupo G",G,58,Suiza,Edimilson Fernandes,,Rubén Vargas,,False
271,2022,Brasil,Suiza,"1ra Ronda, Grupo G",G,76,Suiza,Michel Aebischer,,Djibril Sow,,False
272,2022,Brasil,Suiza,"1ra Ronda, Grupo G",G,76,Suiza,Haris Seferovic,,Breel Embolo,,False
273,2022,Brasil,Suiza,"1ra Ronda, Grupo G",G,86,Suiza,Fabian Frei,,Silvan Widmer,,False
274,2022,Portugal,Uruguay,"1ra Ronda, Grupo H",H,42,Portugal,Raphaël Guerreiro,,Nuno Mendes,,False
275,2022,Portugal,Uruguay,"1ra Ronda, Grupo H",H,69,Portugal,Rafael Leão,,Rúben Neves,,False
276,2022,Portugal,Uruguay,"1ra Ronda, Grupo H",H,82,Portugal,Matheus Nunes,,João Félix,,False
277,2022,Portugal,Uruguay,"1ra Ronda, Grupo H",H,82,Portugal,Gonçalo Ramos,,Cristiano Ronaldo,,False
278,2022,Portugal,Uruguay,"1ra Ronda, Grupo H",H,82,Portugal,João Palhinha,,William Carvalho,,False
279,2022,Portugal,Uruguay,"1ra Ronda, Grupo H",H,62,Uruguay,Facundo Pellistri,,Diego Godin,,False
280,2022,Portugal,Uruguay,"1ra Ronda, Grupo H",H,62,Uruguay,Giorgian De Arrascaeta,,Matías Vecino,,False
281,2022,Portugal,Uruguay,"1ra Ronda, Grupo H",H,72,Uruguay,Maxi Gómez,,Darwin Núñez,,False
282,2022,Portugal,Uruguay,"1ra Ronda, Grupo H",H,72,Uruguay,Luis Suarez,,Edinson Cavani,,False
283,2022,Portugal,Uruguay,"1ra Ronda, Grupo H",H,86,Uruguay,Matías Viña,,Mathías Olivera,,False
284,2022,Paises Bajos,Catar,"1ra Ronda, Grupo A",A,66,Paises Bajos,Vincent Janssen,,Memphis Depay,,False
285,2022,Paises Bajos,Catar,"1ra Ronda, Grupo A",A,66,Paises Bajos,Steven Berghuis,,Davy Klaassen,,False
286,2022,Paises Bajos,Catar,"1ra Ronda, Grupo A",A,82,Paises Bajos,Teun Koopmeiners,,Marten de Roon,,False
287,2022,Paises Bajos,Catar,"1ra Ronda, Grupo A",A,82,Paises Bajos,Wout Weghorst,,Cody Gakpo,,False
288,2022,Paises Bajos,Catar,"1ra Ronda, Grupo A",A,86,Paises Bajos,Kenneth Taylor,,Frenkie de Jong,,False
289,2022,Paises Bajos,Catar,"1ra Ronda, Grupo A",A,64,Catar,Karim Boudiaf,,Assim Madibo,,False
290,2022,Paises Bajos,Catar,"1ra Ronda, Grupo A",A,64,Catar,Mohammed Muntari,,Almoez Ali,,False
291,2022,Paises Bajos,Catar,"1ra Ronda, Grupo A",A,64,Catar,Ali Asad,,Hassan Al-Haydos,,False
292,2022,Paises Bajos,Catar,"1ra Ronda, Grupo A",A,85,Catar,Musaab Khidir,,Ismaeel Mohammad,,False
293,2022,Paises Bajos,Catar,"1ra Ronda, Grupo A",A,85,Catar,Ahmed Alaaeldin,,Abdelaziz Hatem,,False
294,2022,Ecuador,Senegal,"1ra Ronda, Grupo A",A,46,Ecuador,José Cifuentes,,Carlos Gruezo,,True
295,2022,Ecuador,Senegal,"1ra Ronda, Grupo A",A,46,Ecuador,Jeremy Sarmiento,,Alan Franco,,True
296,2022,Ecuador,Senegal,"1ra Ronda, Grupo A",A,64,Ecuador,Djorkaeff Reasco,,Michael Estrada,,False
297,2022,Ecuador,Senegal,"1ra Ronda, Grupo A",A,85,Ecuador,Jackson Porozo,,Angelo Preciado,,False
298,2022,Ecuador,Senegal,"1ra Ronda, Grupo A",A,74,Senegal,Bamba Dieng,,Iliman Ndiaye,,False
299,2022,Ecuador,Senegal,"1ra Ronda, Grupo A",A,74,Senegal,Nampalys Mendy,,Pathé Ciss,,False
300,2022,Ecuador,Senegal,"1ra Ronda, Grupo A",A,90,Senegal,Pape Abdou Cissé,,Boulaye Dia,,False
301,2022,Gales,Inglaterra,"1ra Ronda, Grupo B",B,36,Gales,Connor Roberts,,Neco Williams,,False
302,2022,Gales,Inglaterra,"1ra Ronda, Grupo B",B,46,Gales,Brennan Johnson,,Gareth Bale,,True
303,2022,Gales,Inglaterra,"1ra Ronda, Grupo B",B,57,Gales,Joe Morrell,,Ben Davies,,False
304,2022,Gales,Inglaterra,"1ra Ronda, Grupo B",B,77,Gales,Harry Wilson,,Dan James,,False
305,2022,Gales,Inglaterra,"1ra Ronda, Grupo B",B,81,Gales,Rubin Colwill,,Joe Allen,,False
306,2022,Gales,Inglaterra,"1ra Ronda, Grupo B",B,57,Inglaterra,Kalvin Phillips,,Declan Rice,,False
307,2022,Gales,Inglaterra,"1ra Ronda, Grupo B",B,57,Inglaterra,Trent Alexander-Arnold,,Kyle Walker,,False
308,2022,Gales,Inglaterra,"1ra Ronda, Grupo B",B,57,Inglaterra,Callum Wilson,,Harry Kane,,False
309,2022,Gales,Inglaterra,"1ra Ronda, Grupo B",B,65,Inglaterra,Kieran Trippier,,Luke Shaw,,False
310,2022,Gales,Inglaterra,"1ra Ronda, Grupo B",B,75,Inglaterra,Jack Grealish,,Marcus Rashford,,False
311,2022,Irán,Estados Unidos,"1ra Ronda, Grupo B",B,45,n,Ali Karimi,,Milad Mohammadi,,False
312,2022,Irán,Estados Unidos,"1ra Ronda, Grupo B",B,46,n,Saman Ghoddos,,Sardar Azmoun,,True
313,2022,Irán,Estados Unidos,"1ra Ronda, Grupo B",B,71,n,Mehdi Torabi,,Ahmad Nourollahi,,False
314,2022,Irán,Estados Unidos,"1ra Ronda, Grupo B",B,71,n,Abolfazl Jalali,,Ehsan Hajsafi,,False
315,2022,Irán,Estados Unidos,"1ra Ronda, Grupo B",B,77,n,Karim Ansarifard,,Ali Gholizadeh,,False
316,2022,Irán,Estados Unidos,"1ra Ronda, Grupo B",B,46,Estados Unidos,Brenden Aaronson,,Christian Pulisic,,True
317,2022,Irán,Estados Unidos,"1ra Ronda, Grupo B",B,65,Estados Unidos,Kellyn Acosta,,Weston McKennie,,False
318,2022,Irán,Estados Unidos,"1ra Ronda, Grupo B",B,77,Estados Unidos,Haji Wright,,Josh Sargent,,False
319,2022,Irán,Estados Unidos,"1ra Ronda, Grupo B",B,82,Estados Unidos,Walker Zimmerman,,Tim Weah,,False
320,2022,Irán,Estados Unidos,"1ra Ronda, Grupo B",B,82,Estados Unidos,Shaquell Moore,,Sergiño Dest,,False
321,2022,Australia,Dinamarca,"1ra Ronda, Grupo D",D,46,Australia,Keanu Baccus,,Craig Goodwin,,True
322,2022,Australia,Dinamarca,"1ra Ronda, Grupo D",D,74,Australia,Bailey Wright,,Riley McGree,,False
323,2022,Australia,Dinamarca,"1ra Ronda, Grupo D",D,82,Australia,Jamie Maclaren,,Mitchell Duke,,False
324,2022,Australia,Dinamarca,"1ra Ronda, Grupo D",D,89,Australia,Ajdin Hrustic,,Mathew Leckie,,False
325,2022,Australia,Dinamarca,"1ra Ronda, Grupo D",D,46,Dinamarca,Alexander Bah,,Rasmus Kristensen,,True
326,2022,Australia,Dinamarca,"1ra Ronda, Grupo D",D,59,Dinamarca,Kasper Dolberg,,Martin Braithwaite,,False
327,2022,Australia,Dinamarca,"1ra Ronda, Grupo D",D,59,Dinamarca,Mikkel Damsgaard,,Mathias Jensen,,False
328,2022,Australia,Dinamarca,"1ra Ronda, Grupo D",D,69,Dinamarca,Andreas Cornelius,,Joakim Maehle,,False
329,2022,Australia,Dinamarca,"1ra Ronda, Grupo D",D,69,Dinamarca,Robert Skov,,Andreas Skov Olsen,,False
330,2022,Túnez,Francia,"1ra Ronda, Grupo D",D,60,nez,Issam Jebali,,Wahbi Khazri,,False
331,2022,Túnez,Francia,"1ra Ronda, Grupo D",D,74,nez,Ghailene Chaalali,,Mohamed Ali Ben Romdhane,,False
332,2022,Túnez,Francia,"1ra Ronda, Grupo D",D,83,nez,Ali Abdi,,Anis Slimane,,False
333,2022,Túnez,Francia,"1ra Ronda, Grupo D",D,63,Francia,Kylian Mbappé,,Kingsley Coman,,False
334,2022,Túnez,Francia,"1ra Ronda, Grupo D",D,63,Francia,Adrien Rabiot,,Jordan Veretout,,False
335,2022,Túnez,Francia,"1ra Ronda, Grupo D",D,63,Francia,William Saliba,,Raphael Varane,,False
336,2022,Túnez,Francia,"1ra Ronda, Grupo D",D,73,Francia,Antoine Griezmann,,Youssouf Fofana,,False
337,2022,Túnez,Francia,"1ra Ronda, Grupo D",D,79,Francia,Ousmane Dembélé,,Mattéo Guendouzi,,False
338,2022,Arabia Saudita,México,"1ra Ronda, Grupo C",C,37,Arabia Saudita,Riyadh Sharahili,,Ali Al-Bulaihi,,False
339,2022,Arabia Saudita,México,"1ra Ronda, Grupo C",C,46,Arabia Saudita,Abdullah Madu,,Ali Al-Hassan,,True
340,2022,Arabia Saudita,México,"1ra Ronda, Grupo C",C,62,Arabia Saudita,Abdulrahman Al-Aboud,,Saleh Al-Shehri,,False
341,2022,Arabia Saudita,México,"1ra Ronda, Grupo C",C,88,Arabia Saudita,Hattan Bahebri,,Sultan Al-Ghanam,,False
342,2022,Arabia Saudita,México,"1ra Ronda, Grupo C",C,46,xico,Uriel Antuna,,Alexis Vega,,True
343,2022,Arabia Saudita,México,"1ra Ronda, Grupo C",C,77,xico,Raúl Jiménez,,Henry Martin,,False
344,2022,Arabia Saudita,México,"1ra Ronda, Grupo C",C,77,xico,Carlos Rodríguez,,Orbelín Pineda,,False
345,2022,Arabia Saudita,México,"1ra Ronda, Grupo C",C,86,xico,Rogelio Funes Mori,,Edson Álvarez,,False
346,2022,Arabia Saudita,México,"1ra Ronda, Grupo C",C,86,xico,Kevin Álvarez,,Jorge Sánchez,,False
347,2022,Polonia,Argentina,"1ra Ronda, Grupo C",C,46,Polonia,Jakub Kaminski,,Przemyslaw Frankowski,,True
348,2022,Polonia,Argentina,"1ra Ronda, Grupo C",C,46,Polonia,Michal Skóraś,,Karol Swiderski,,True
349,2022,Polonia,Argentina,"1ra Ronda, Grupo C",C,62,Polonia,Damian Szymanski,,Krystian Bielik,,False
350,2022,Polonia,Argentina,"1ra Ronda, Grupo C",C,72,Polonia,Artur Jędrzejczyk,,Bartosz Bereszyński,,False
351,2022,Polonia,Argentina,"1ra Ronda, Grupo C",C,83,Polonia,Krzysztof Piatek,,Grzegorz Krychowiak,,False
352,2022,Polonia,Argentina,"1ra Ronda, Grupo C",C,59,Argentina,Leandro Paredes,,Angel Di Maria,,False
353,2022,Polonia,Argentina,"1ra Ronda, Grupo C",C,59,Argentina,Nicolas Tagliafico,,Marcos Acuña,,False
354,2022,Polonia,Argentina,"1ra Ronda, Grupo C",C,79,Argentina,German Pezzella,,Enzo Fernandez,,False
355,2022,Polonia,Argentina,"1ra Ronda, Grupo C",C,79,Argentina,Lautaro Martinez,,Julian Alvarez,,False
356,2022,Polonia,Argentina,"1ra Ronda, Grupo C",C,83,Argentina,Thiago Almada,,Alexis Mac Allister,,False
357,2022,Croacia,Bélgica,"1ra Ronda, Grupo F",F,64,Croacia,Bruno Petkovic,,Marko Livaja,,False
358,2022,Croacia,Bélgica,"1ra Ronda, Grupo F",F,64,Croacia,Mario Pasalic,,Andrej Kramarić,,False
359,2022,Croacia,Bélgica,"1ra Ronda, Grupo F",F,90,Croacia,Lovro Majer,,Mateo Kovacic,,False
360,2022,Croacia,Bélgica,"1ra Ronda, Grupo F",F,46,lgica,Romelu Lukaku,,Dries Mertens,,True
361,2022,Croacia,Bélgica,"1ra Ronda, Grupo F",F,59,lgica,Thorgan Hazard,,Leandro Trossard,,False
362,2022,Croacia,Bélgica,"1ra Ronda, Grupo F",F,72,lgica,Youri Tielemans,,Leander Dendoncker,,False
363,2022,Croacia,Bélgica,"1ra Ronda, Grupo F",F,72,lgica,Jeremy Doku,,Yannick Carrasco,,False
364,2022,Croacia,Bélgica,"1ra Ronda, Grupo F",F,87,lgica,Eden Hazard,,Thomas Meunier,,False
365,2022,Canadá,Marruecos,"1ra Ronda, Grupo F",F,65,Marruecos,Zakaria Aboukhlal,,Sofiane Boufal,,False
366,2022,Canadá,Marruecos,"1ra Ronda, Grupo F",F,65,Marruecos,Selim Amallah,,Abdelhamid Sabiri,,False
367,2022,Canadá,Marruecos,"1ra Ronda, Grupo F",F,76,Marruecos,Abderrazak Hamdallah,,Hakim Ziyech,,False
368,2022,Canadá,Marruecos,"1ra Ronda, Grupo F",F,76,Marruecos,Jawad El-Yamiq,,Azzedine Ounahi,,False
369,2022,Canadá,Marruecos,"1ra Ronda, Grupo F",F,85,Marruecos,Yahya Jabrane,,Achraf Hakimi,,False
370,2022,Japón,España,"1ra Ronda, Grupo E",E,46,n,Ritsu Doan,,Take Kubo,,True
371,2022,Japón,España,"1ra Ronda, Grupo E",E,46,n,Kaoru Mitoma,,Yuto Nagatomo,,True
372,2022,Japón,España,"1ra Ronda, Grupo E",E,62,n,Takuma Asano,,Daizen Maeda,,False
373,2022,Japón,España,"1ra Ronda, Grupo E",E,68,n,Takehiro Tomiyasu,,Daichi Kamada,,False
374,2022,Japón,España,"1ra Ronda, Grupo E",E,87,n,Wataru Endo,,Ao Tanaka,,False
375,2022,Japón,España,"1ra Ronda, Grupo E",E,46,a,Dani Carvajal,,César Azpilicueta,,True
376,2022,Japón,España,"1ra Ronda, Grupo E",E,57,a,Ferran Torres,,Nico Williams,,False
377,2022,Japón,España,"1ra Ronda, Grupo E",E,57,a,Marco Asensio,,Álvaro Morata,,False
378,2022,Japón,España,"1ra Ronda, Grupo E",E,68,a,Ansu Fati,,Gavi,,False
379,2022,Japón,España,"1ra Ronda, Grupo E",E,68,a,Jordi Alba,,Alejandro Balde,,False
380,2022,Costa Rica,Alemania,"1ra Ronda, Grupo E",E,46,Costa Rica,Youstin Salas,,Brandon Aguilera,,True
381,2022,Costa Rica,Alemania,"1ra Ronda, Grupo E",E,74,Costa Rica,Rónald Matarrita,,Johan Venegas,,False
382,2022,Costa Rica,Alemania,"1ra Ronda, Grupo E",E,74,Costa Rica,Jewison Bennette,,Keysher Fuller,,False
383,2022,Costa Rica,Alemania,"1ra Ronda, Grupo E",E,90,Costa Rica,Anthony Contreras,,Bryan Oviedo,,False
384,2022,Costa Rica,Alemania,"1ra Ronda, Grupo E",E,90,Costa Rica,Roan Wilson,,Yeltsin Tejeda,,False
385,2022,Costa Rica,Alemania,"1ra Ronda, Grupo E",E,46,Alemania,Lukas Klostermann,,Leon Goretzka,,True
386,2022,Costa Rica,Alemania,"1ra Ronda, Grupo E",E,55,Alemania,Niclas Füllkrug,,Ilkay Gündogan,,False
387,2022,Costa Rica,Alemania,"1ra Ronda, Grupo E",E,66,Alemania,Mario Götze,,David Raum,,False
388,2022,Costa Rica,Alemania,"1ra Ronda, Grupo E",E,66,Alemania,Kai Havertz,,Thomas Müller,,False
389,2022,Costa Rica,Alemania,"1ra Ronda, Grupo E",E,90,Alemania,Matthias Ginter,,Niklas Süle,,False
390,2022,Ghana,Uruguay,"1ra Ronda, Grupo H",H,46,Ghana,Kamaldeen Sulemana,,Jordan Ayew,,True
391,2022,Ghana,Uruguay,"1ra Ronda, Grupo H",H,46,Ghana,Osman Bukari,,Andre Ayew,,True
392,2022,Ghana,Uruguay,"1ra Ronda, Grupo H",H,72,Ghana,Daniel-Kofi Kyereh,,Salis Abdul Samed,,False
393,2022,Ghana,Uruguay,"1ra Ronda, Grupo H",H,72,Ghana,Antoine Semenyo,,Inaki Williams,,False
394,2022,Ghana,Uruguay,"1ra Ronda, Grupo H",H,90,Ghana,Abdul Fatawu Issahaku,,Mohammed Kudus,,False
395,2022,Ghana,Uruguay,"1ra Ronda, Grupo H",H,34,Uruguay,Matías Vecino,,Rodrigo Bentancur,,False
396,2022,Ghana,Uruguay,"1ra Ronda, Grupo H",H,66,Uruguay,Nicolás de la Cruz,,Facundo Pellistri,,False
397,2022,Ghana,Uruguay,"1ra Ronda, Grupo H",H,66,Uruguay,Edinson Cavani,,Luis Suarez,,False
398,2022,Ghana,Uruguay,"1ra Ronda, Grupo H",H,80,Uruguay,Agustín Canobbio,,Darwin Núñez,,False
399,2022,Ghana,Uruguay,"1ra Ronda, Grupo H",H,80,Uruguay,Maxi Gómez,,Giorgian De Arrascaeta,,False
400,2022,Corea del Sur,Portugal,"1ra Ronda, Grupo H",H,65,Corea del Sur,Hee-chan Hwang,,Jae-sung Lee,,False
401,2022,Corea del Sur,Portugal,"1ra Ronda, Grupo H",H,81,Corea del Sur,Jun-ho Son,,Young-Gwon Kim,,False
402,2022,Corea del Sur,Portugal,"1ra Ronda, Grupo H",H,81,Corea del Sur,Ui-jo Hwang,,Kang-in Lee,,False
403,2022,Corea del Sur,Portugal,"1ra Ronda, Grupo H",H,90,Corea del Sur,Yu-min Cho,,Gue-sung Cho,,False
404,2022,Corea del Sur,Portugal,"1ra Ronda, Grupo H",H,65,Portugal,João Palhinha,,Matheus Nunes,,False
405,2022,Corea del Sur,Portugal,"1ra Ronda, Grupo H",H,65,Portugal,André Silva,,Cristiano Ronaldo,,False
406,2022,Corea del Sur,Portugal,"1ra Ronda, Grupo H",H,65,Portugal,Rafael Leão,,Rúben Neves,,False
407,2022,Corea del Sur,Portugal,"1ra Ronda, Grupo H",H,81,Portugal,William Carvalho,,João Mário,,False
408,2022,Corea del Sur,Portugal,"1ra Ronda, Grupo H",H,81,Portugal,Bernardo Silva,,Vitinha,,False
409,2022,Serbia,Suiza,"1ra Ronda, Grupo G",G,55,Serbia,Nemanja Gudelj,,Miloš Veljković,,False
410,2022,Serbia,Suiza,"1ra Ronda, Grupo G",G,55,Serbia,Luka Jović,,Dusan Vlahovic,,False
411,2022,Serbia,Suiza,"1ra Ronda, Grupo G",G,68,Serbia,Nemanja Maksimović,,Sergej Milinković-Savić,,False
412,2022,Serbia,Suiza,"1ra Ronda, Grupo G",G,78,Serbia,Filip Djuricic,,Dušan Tadić,,False
413,2022,Serbia,Suiza,"1ra Ronda, Grupo G",G,78,Serbia,Nemanja Radonjić,,Andrija Živković,,False
414,2022,Serbia,Suiza,"1ra Ronda, Grupo G",G,69,Suiza,Edimilson Fernandes,,Djibril Sow,,False
415,2022,Serbia,Suiza,"1ra Ronda, Grupo G",G,69,Suiza,Denis Zakaria,,Xherdan Shaqiri,,False
416,2022,Serbia,Suiza,"1ra Ronda, Grupo G",G,83,Suiza,Christian Fassnachft,,Rubén Vargas,,False
417,2022,Serbia,Suiza,"1ra Ronda, Grupo G",G,90,Suiza,Noah Okafor,,Breel Embolo,,False
418,2022,Camerún,Brasil,"1ra Ronda, Grupo G",G,64,n,Karl Toko-Ekambi,,Bryan Mbeumo,,False
419,2022,Camerún,Brasil,"1ra Ronda, Grupo G",G,68,n,Olivier Ntcham,,Pierre Kunde,,False
420,2022,Camerún,Brasil,"1ra Ronda, Grupo G",G,86,n,Jerome Ngom Mbekeli,,Nicolas Ngamaleu,,False
421,2022,Camerún,Brasil,"1ra Ronda, Grupo G",G,54,Brasil,Bruno Guimaraes,,Fred,,False
422,2022,Camerún,Brasil,"1ra Ronda, Grupo G",G,54,Brasil,Marquinhos,,Alex Telles,,False
423,2022,Camerún,Brasil,"1ra Ronda, Grupo G",G,54,Brasil,Everton Ribeiro,,Rodrygo,,False
424,2022,Camerún,Brasil,"1ra Ronda, Grupo G",G,64,Brasil,Pedro,,Gabriel Jesus,,False
425,2022,Camerún,Brasil,"1ra Ronda, Grupo G",G,79,Brasil,Raphinha,,Antony,,False
426,2022,Paises Bajos,Estados Unidos,Octavos,,46,Paises Bajos,Teun Koopmeiners,,Davy Klaassen,,True
427,2022,Paises Bajos,Estados Unidos,Octavos,,46,Paises Bajos,Steven Bergwijn,,Marten de Roon,,True
428,2022,Paises Bajos,Estados Unidos,Octavos,,83,Paises Bajos,Xavi Simons,,Memphis Depay,,False
429,2022,Paises Bajos,Estados Unidos,Octavos,,90,Paises Bajos,Wout Weghorst,,Cody Gakpo,,False
430,2022,Paises Bajos,Estados Unidos,Octavos,,90,Paises Bajos,Matthijs De Ligt,,Nathan Aké,,False
431,2022,Paises Bajos,Estados Unidos,Octavos,,46,Estados Unidos,Giovanni Reyna,,Jesus Ferreira,,True
432,2022,Paises Bajos,Estados Unidos,Octavos,,67,Estados Unidos,Haji Wright,,Weston McKennie,,False
433,2022,Paises Bajos,Estados Unidos,Octavos,,67,Estados Unidos,Brenden Aaronson,,Tim Weah,,False
434,2022,Paises Bajos,Estados Unidos,Octavos,,75,Estados Unidos,DeAndre Yedlin,,Sergiño Dest,,False
435,2022,Paises Bajos,Estados Unidos,Octavos,,90,Estados Unidos,Jordan Morris,,Antonee Robinson,,False
436,2022,Argentina,Australia,Octavos,,50,Argentina,Lisandro Martinez,,Alejandro Gomez,,False
437,2022,Argentina,Australia,Octavos,,71,Argentina,Nicolas Tagliafico,,Marcos Acuña,,False
438,2022,Argentina,Australia,Octavos,,71,Argentina,Lautaro Martinez,,Julian Alvarez,,False
439,2022,Argentina,Australia,Octavos,,80,Argentina,Gonzalo Montiel,,Alexis Mac Allister,,False
440,2022,Argentina,Australia,Octavos,,80,Argentina,Exequiel Palacios,,Nahuel Molina,,False
441,2022,Argentina,Australia,Octavos,,58,Australia,Ajdin Hrustic,,Keanu Baccus,,False
442,2022,Argentina,Australia,Octavos,,58,Australia,Craig Goodwin,,Riley McGree,,False
443,2022,Argentina,Australia,Octavos,,71,Australia,Jamie Maclaren,,Mitchell Duke,,False
444,2022,Argentina,Australia,Octavos,,71,Australia,Fran Karacic,,Milos Degenek,,False
445,2022,Argentina,Australia,Octavos,,71,Australia,Garang Kuol,,Mathew Leckie,,False
446,2022,Inglaterra,Senegal,Octavos,,65,Inglaterra,Marcus Rashford,,Bukayo Saka,,False
447,2022,Inglaterra,Senegal,Octavos,,65,Inglaterra,Jack Grealish,,Phil Foden,,False
448,2022,Inglaterra,Senegal,Octavos,,76,Inglaterra,Mason Mount,,Jude Bellingham,,False
449,2022,Inglaterra,Senegal,Octavos,,76,Inglaterra,Eric Dier,,John Stones,,False
450,2022,Inglaterra,Senegal,Octavos,,82,Inglaterra,Kalvin Phillips,,Jordan Henderson,,False
451,2022,Inglaterra,Senegal,Octavos,,46,Senegal,Bamba Dieng,,Iliman Ndiaye,,True
452,2022,Inglaterra,Senegal,Octavos,,46,Senegal,Pape Gueye,,Pathé Ciss,,True
453,2022,Inglaterra,Senegal,Octavos,,46,Senegal,Pape Matar Sarr,,Krépin Diatta,,True
454,2022,Inglaterra,Senegal,Octavos,,72,Senegal,Famara Diéhiou,,Boulaye Dia,,False
455,2022,Inglaterra,Senegal,Octavos,,84,Senegal,Fodé Ballo-Toure,,Ismail Jakobs,,False
456,2022,Francia,Polonia,Octavos,,66,Francia,Youssouf Fofana,,Aurélien Tchouaméni,,False
457,2022,Francia,Polonia,Octavos,,76,Francia,Kingsley Coman,,Ousmane Dembélé,,False
458,2022,Francia,Polonia,Octavos,,76,Francia,Marcus Thuram,,Olivier Giroud,,False
459,2022,Francia,Polonia,Octavos,,90,Francia,Axel Disasi,,Jules Koundé,,False
460,2022,Francia,Polonia,Octavos,,64,Polonia,Arkadiusz Milik,,Sebastian Szymański,,False
461,2022,Francia,Polonia,Octavos,,71,Polonia,Nicola Zalewski,,Jakub Kaminski,,False
462,2022,Francia,Polonia,Octavos,,71,Polonia,Krystian Bielik,,Grzegorz Krychowiak,,False
463,2022,Francia,Polonia,Octavos,,87,Polonia,Jan Bednarek,,Jakub Kiwior,,False
464,2022,Francia,Polonia,Octavos,,87,Polonia,Kamil Grosicki,,Przemyslaw Frankowski,,False
465,2022,Japón,Croacia,Octavos,,64,n,Takuma Asano,,Daizen Maeda,,False
466,2022,Japón,Croacia,Octavos,,64,n,Kaoru Mitoma,,Yuto Nagatomo,,False
467,2022,Japón,Croacia,Octavos,,75,n,Hiroki Sakai,,Daichi Kamada,,False
468,2022,Japón,Croacia,Octavos,,87,n,Takumi Minamino,,Ritsu Doan,,False
469,2022,Japón,Croacia,Octavos,,106,n,Ao Tanaka,,Hidemasa Morita,,True
470,2022,Japón,Croacia,Octavos,,62,Croacia,Ante Budimir,,Bruno Petkovic,,False
471,2022,Japón,Croacia,Octavos,,68,Croacia,Mario Pasalic,,Andrej Kramarić,,False
472,2022,Japón,Croacia,Octavos,,99,Croacia,Lovro Majer,,Luka Modric,,False
473,2022,Japón,Croacia,Octavos,,99,Croacia,Nikola Vlasic,,Mateo Kovacic,,False
474,2022,Japón,Croacia,Octavos,,106,Croacia,Marko Livaja,,Ante Budimir,,True
475,2022,Japón,Croacia,Octavos,,106,Croacia,Mislav Orsic,,Ivan Perisic,,True
476,2022,Brasil,Corea del Sur,Octavos,,63,Brasil,Dani Alves,,Eder Militao,,False
477,2022,Brasil,Corea del Sur,Octavos,,72,Brasil,Bremer,,Danilo,,False
478,2022,Brasil,Corea del Sur,Octavos,,72,Brasil,Gabriel Martinelli,,Vinicius Junior,,False
479,2022,Brasil,Corea del Sur,Octavos,,80,Brasil,Rodrygo,,Neymar Jr.,,False
480,2022,Brasil,Corea del Sur,Octavos,,80,Brasil,Weverton,,Alisson,,False
481,2022,Brasil,Corea del Sur,Octavos,,46,Corea del Sur,Chul Hong,,Jin-su Kim,,True
482,2022,Brasil,Corea del Sur,Octavos,,46,Corea del Sur,Jun-ho Son,,Woo-young Jung,,True
483,2022,Brasil,Corea del Sur,Octavos,,65,Corea del Sur,Seung-ho Paik,,In-beom Hwang,,False
484,2022,Brasil,Corea del Sur,Octavos,,74,Corea del Sur,Kang-in Lee,,Jae-sung Lee,,False
485,2022,Brasil,Corea del Sur,Octavos,,80,Corea del Sur,Ui-jo Hwang,,Gue-sung Cho,,False
486,2022,Marruecos,España,Octavos,,66,Marruecos,Abdé Ezzalzouli,,Sofiane Boufal,,False
487,2022,Marruecos,España,Octavos,,82,Marruecos,Abdelhamid Sabiri,,Youssef En-Nesyri,,False
488,2022,Marruecos,España,Octavos,,82,Marruecos,Yahia Attitat-Allal,,Noussair Mazraoui,,False
489,2022,Marruecos,España,Octavos,,82,Marruecos,Walid Cheddira,,Selim Amallah,,False
490,2022,Marruecos,España,Octavos,,84,Marruecos,Jawad El-Yamiq,,Nayef Aguerd,,False
491,2022,Marruecos,España,Octavos,,120,Marruecos,Badr Benoun,,Azzedine Ounahi,,False
492,2022,Marruecos,España,Octavos,,63,a,Carlos Soler,,Gavi,,False
493,2022,Marruecos,España,Octavos,,63,a,Álvaro Morata,,Marco Asensio,,False
494,2022,Marruecos,España,Octavos,,75,a,Nico Williams,,Ferran Torres,,False
495,2022,Marruecos,España,Octavos,,98,a,Alejandro Balde,,Jordi Alba,,False
496,2022,Marruecos,España,Octavos,,98,a,Ansu Fati,,Dani Olmo,,False
497,2022,Marruecos,España,Octavos,,118,a,Pablo Sarabia,,Nico Williams,,False
498,2022,Portugal,Suiza,Octavos,,74,Portugal,Ricardo Horta,,Gonçalo Ramos,,False
499,2022,Portugal,Suiza,Octavos,,74,Portugal,Cristiano Ronaldo,,João Félix,,False
500,2022,Portugal,Suiza,Octavos,,74,Portugal,Vitinha,,Otávio Monteiro,,False
501,2022,Portugal,Suiza,Octavos,,81,Portugal,Rúben Neves,,Bernardo Silva,,False
502,2022,Portugal,Suiza,Octavos,,87,Portugal,Rafael Leão,,Bruno Fernandes,,False
503,2022,Portugal,Suiza,Octavos,,46,Suiza,Eray Cömert,,Fabian Schär,,True
504,2022,Portugal,Suiza,Octavos,,54,Suiza,Haris Seferovic,,Djibril Sow,,False
505,2022,Portugal,Suiza,Octavos,,54,Suiza,Denis Zakaria,,Remo Freuler,,False
506,2022,Portugal,Suiza,Octavos,,66,Suiza,Noah Okafor,,Rubén Vargas,,False
507,2022,Portugal,Suiza,Octavos,,89,Suiza,Ardon Jashari,,Breel Embolo,,False
508,2022,Paises Bajos,Argentina,Cuartos,,46,Paises Bajos,Steven Berghuis,,Steven Bergwijn,,True
509,2022,Paises Bajos,Argentina,Cuartos,,46,Paises Bajos,Teun Koopmeiners,,Marten de Roon,,True
510,2022,Paises Bajos,Argentina,Cuartos,,64,Paises Bajos,Luuk De Jong,,Daley Blind,,False
511,2022,Paises Bajos,Argentina,Cuartos,,78,Paises Bajos,Wout Weghorst,,Memphis Depay,,False
512,2022,Paises Bajos,Argentina,Cuartos,,113,Paises Bajos,Noa Lang,,Cody Gakpo,,False
513,2022,Paises Bajos,Argentina,Cuartos,,66,Argentina,Leandro Paredes,,Rodrigo De Paul,,False
514,2022,Paises Bajos,Argentina,Cuartos,,78,Argentina,Nicolas Tagliafico,,Marcos Acuña,,False
515,2022,Paises Bajos,Argentina,Cuartos,,78,Argentina,German Pezzella,,Cristian Romero,,False
516,2022,Paises Bajos,Argentina,Cuartos,,82,Argentina,Lautaro Martinez,,Julian Alvarez,,False
517,2022,Paises Bajos,Argentina,Cuartos,,106,Argentina,Gonzalo Montiel,,Nahuel Molina,,True
518,2022,Paises Bajos,Argentina,Cuartos,,112,Argentina,Angel Di Maria,,Lisandro Martinez,,False
519,2022,Croacia,Brasil,Cuartos,,72,Croacia,Nikola Vlasic,,Mario Pasalic,,False
520,2022,Croacia,Brasil,Cuartos,,72,Croacia,Bruno Petkovic,,Andrej Kramarić,,False
521,2022,Croacia,Brasil,Cuartos,,106,Croacia,Lovro Majer,,Mateo Kovacic,,True
522,2022,Croacia,Brasil,Cuartos,,110,Croacia,Ante Budimir,,Borna Sosa,,False
523,2022,Croacia,Brasil,Cuartos,,114,Croacia,Mislav Orsic,,Marcelo Brozovic,,False
524,2022,Croacia,Brasil,Cuartos,,56,Brasil,Antony,,Raphinha,,False
525,2022,Croacia,Brasil,Cuartos,,64,Brasil,Rodrygo,,Vinicius Junior,,False
526,2022,Croacia,Brasil,Cuartos,,84,Brasil,Pedro,,Richarlison,,False
527,2022,Croacia,Brasil,Cuartos,,106,Brasil,Alex Sandro,,Eder Militao,,True
528,2022,Croacia,Brasil,Cuartos,,106,Brasil,Fred,,Lucas Paqueta,,True
529,2022,Inglaterra,Francia,Cuartos,,79,Inglaterra,Mason Mount,,Jordan Henderson,,False
530,2022,Inglaterra,Francia,Cuartos,,79,Inglaterra,Raheem Sterling,,Bukayo Saka,,False
531,2022,Inglaterra,Francia,Cuartos,,85,Inglaterra,Marcus Rashford,,Phil Foden,,False
532,2022,Inglaterra,Francia,Cuartos,,90,Inglaterra,Jack Grealish,,John Stones,,False
533,2022,Inglaterra,Francia,Cuartos,,79,Francia,Kingsley Coman,,Ousmane Dembélé,,False
534,2022,Marruecos,Portugal,Cuartos,,57,Marruecos,Achraf Dari,,Romain Saïss,,False
535,2022,Marruecos,Portugal,Cuartos,,65,Marruecos,Walid Cheddira,,Selim Amallah,,False
536,2022,Marruecos,Portugal,Cuartos,,65,Marruecos,Badr Benoun,,Youssef En-Nesyri,,False
537,2022,Marruecos,Portugal,Cuartos,,82,Marruecos,Zakaria Aboukhlal,,Hakim Ziyech,,False
538,2022,Marruecos,Portugal,Cuartos,,82,Marruecos,Yahya Jabrane,,Sofiane Boufal,,False
539,2022,Marruecos,Portugal,Cuartos,,51,Portugal,Cristiano Ronaldo,,Rúben Neves,,False
540,2022,Marruecos,Portugal,Cuartos,,51,Portugal,João Cancelo,,Raphaël Guerreiro,,False
541,2022,Marruecos,Portugal,Cuartos,,69,Portugal,Vitinha,,Otávio Monteiro,,False
542,2022,Marruecos,Portugal,Cuartos,,69,Portugal,Rafael Leão,,Gonçalo Ramos,,False
543,2022,Marruecos,Portugal,Cuartos,,79,Portugal,Ricardo Horta,,Diogo Dalot,,False
544,2022,Argentina,Croacia,Semis,,62,Argentina,Lisandro Martinez,,Leandro Paredes,,False
545,2022,Argentina,Croacia,Semis,,74,Argentina,Paulo Dybala,,Julian Alvarez,,False
546,2022,Argentina,Croacia,Semis,,74,Argentina,Exequiel Palacios,,Rodrigo De Paul,,False
547,2022,Argentina,Croacia,Semis,,86,Argentina,Juan Foyth,,Nahuel Molina,,False
548,2022,Argentina,Croacia,Semis,,86,Argentina,Ángel Correa,,Alexis Mac Allister,,False
549,2022,Argentina,Croacia,Semis,,46,Croacia,Nikola Vlasic,,Mario Pasalic,,True
550,2022,Argentina,Croacia,Semis,,46,Croacia,Mislav Orsic,,Borna Sosa,,True
551,2022,Argentina,Croacia,Semis,,50,Croacia,Bruno Petkovic,,Marcelo Brozovic,,False
552,2022,Argentina,Croacia,Semis,,72,Croacia,Marko Livaja,,Andrej Kramarić,,False
553,2022,Argentina,Croacia,Semis,,81,Croacia,Lovro Majer,,Luka Modric,,False
554,2022,Francia,Marruecos,Semis,,65,Francia,Marcus Thuram,,Olivier Giroud,,False
555,2022,Francia,Marruecos,Semis,,78,Francia,Randal Kolo Muani,,Ousmane Dembélé,,False
556,2022,Francia,Marruecos,Semis,,21,Marruecos,Selim Amallah,,Romain Saïss,,False
557,2022,Francia,Marruecos,Semis,,46,Marruecos,Yahia Attitat-Allal,,Noussair Mazraoui,,True
558,2022,Francia,Marruecos,Semis,,66,Marruecos,Zakaria Aboukhlal,,Sofiane Boufal,,False
559,2022,Francia,Marruecos,Semis,,66,Marruecos,Abderrazak Hamdallah,,Youssef En-Nesyri,,False
560,2022,Francia,Marruecos,Semis,,78,Marruecos,Abdé Ezzalzouli,,Selim Amallah,,False
561,2022,Croacia,Marruecos,3er Puesto,,61,Croacia,Nikola Vlasic,,Andrej Kramarić,,False
562,2022,Croacia,Marruecos,3er Puesto,,66,Croacia,Bruno Petkovic,,Marko Livaja,,False
563,2022,Croacia,Marruecos,3er Puesto,,66,Croacia,Mario Pasalic,,Lovro Majer,,False
564,2022,Croacia,Marruecos,3er Puesto,,90,Croacia,Kristijan Jakic,,Mislav Orsic,,False
565,2022,Croacia,Marruecos,3er Puesto,,46,Marruecos,Ilias Chair,,Abdelhamid Sabiri,,True
566,2022,Croacia,Marruecos,3er Puesto,,56,Marruecos,Azzedine Ounahi,,Bilel El Khanouss,,False
567,2022,Croacia,Marruecos,3er Puesto,,64,Marruecos,Badr Benoun,,Achraf Dari,,False
568,2022,Croacia,Marruecos,3er Puesto,,64,Marruecos,Anass Zaroury,,Sofiane Boufal,,False
569,2022,Croacia,Marruecos,3er Puesto,,66,Marruecos,Selim Amallah,,Jawad El-Yamiq,,False
570,2022,Argentina,Francia,Final,,64,Argentina,Marcos Acuña,,Angel Di Maria,,False
571,2022,Argentina,Francia,Final,,91,Argentina,Gonzalo Montiel,,Nahuel Molina,,True
572,2022,Argentina,Francia,Final,,102,Argentina,Lautaro Martinez,,Julian Alvarez,,False
573,2022,Argentina,Francia,Final,,102,Argentina,Leandro Paredes,,Rodrigo De Paul,,False
574,2022,Argentina,Francia,Final,,116,Argentina,German Pezzella,,Alexis Mac Allister,,False
575,2022,Argentina,Francia,Final,,120,Argentina,Paulo Dybala,,Nicolas Tagliafico,,False
576,2022,Argentina,Francia,Final,,41,Francia,Randal Kolo Muani,,Ousmane Dembélé,,False
577,2022,Argentina,Francia,Final,,41,Francia,Marcus Thuram,,Olivier Giroud,,False
578,2022,Argentina,Francia,Final,,71,Francia,Eduardo Camavinga,,Théo Hernandez,,False
579,2022,Argentina,Francia,Final,,71,Francia,Kingsley Coman,,Antoine Griezmann,,False
580,2022,Argentina,Francia,Final,,96,Francia,Youssouf Fofana,,Adrien Rabiot,,False
581,2022,Argentina,Francia,Final,,113,Francia,Ibrahima Konaté,,Raphael Varane,,False
582,2022,Argentina,Francia,Final,,120,Francia,Axel Disasi,,Jules Koundé,,False
583,2018,Rusia,Arabia Saudita,"1ra Ronda, Grupo A",A,24,Rusia,Denis Cheryshev,,Alan Dzagoev,,False
584,2018,Rusia,Arabia Saudita,"1ra Ronda, Grupo A",A,64,Rusia,Daler Kuzyayev,,Aleksandr Samedov,,False
585,2018,Rusia,Arabia Saudita,"1ra Ronda, Grupo A",A,70,Rusia,Artem Dzyuba,,Fyodor Smolov,,False
586,2018,Rusia,Arabia Saudita,"1ra Ronda, Grupo A",A,64,Arabia Saudita,Fahad Al-Muwallad,,Abdullah Otayf,,False
587,2018,Rusia,Arabia Saudita,"1ra Ronda, Grupo A",A,72,Arabia Saudita,Hattan Bahebri,,Yahya Al-Shehri,,False
588,2018,Rusia,Arabia Saudita,"1ra Ronda, Grupo A",A,85,Arabia Saudita,Muhannad Assiri,,Mohammad Al-Sahlawi,,False
589,2018,Egipto,Uruguay,"1ra Ronda, Grupo A",A,50,Egipto,Sam Morsy,,Tarek Hamed,,False
590,2018,Egipto,Uruguay,"1ra Ronda, Grupo A",A,63,Egipto,Mahmoud Kahraba,,Marwan Mohsen,,False
591,2018,Egipto,Uruguay,"1ra Ronda, Grupo A",A,82,Egipto,Ramadan Sobhi,,Amr Warda,,False
592,2018,Egipto,Uruguay,"1ra Ronda, Grupo A",A,58,Uruguay,Carlos Sánchez,,Nahitan Nández,,False
593,2018,Egipto,Uruguay,"1ra Ronda, Grupo A",A,59,Uruguay,Cristian Rodríguez,,Giorgian De Arrascaeta,,False
594,2018,Egipto,Uruguay,"1ra Ronda, Grupo A",A,87,Uruguay,Lucas Torreira,,Matías Vecino,,False
595,2018,Portugal,España,"1ra Ronda, Grupo B",B,68,Portugal,João Mário,,Bruno Fernandes,,False
596,2018,Portugal,España,"1ra Ronda, Grupo B",B,69,Portugal,Ricardo Quaresma,,Bernardo Silva,,False
597,2018,Portugal,España,"1ra Ronda, Grupo B",B,80,Portugal,André Silva,,Gonçalo Guedes,,False
598,2018,Portugal,España,"1ra Ronda, Grupo B",B,70,a,Thiago,,Andrés Iniesta,,False
599,2018,Portugal,España,"1ra Ronda, Grupo B",B,77,a,Iago Aspas,,Diego Costa,,False
600,2018,Portugal,España,"1ra Ronda, Grupo B",B,86,a,Lucas Vázquez,,David Silva,,False
601,2018,Marruecos,Irán,"1ra Ronda, Grupo B",B,76,Marruecos,Sofyan Amrabat,,Nordin Amrabat,,False
602,2018,Marruecos,Irán,"1ra Ronda, Grupo B",B,77,Marruecos,Aziz Bouhaddouz,,Ayoub El Kaabi,,False
603,2018,Marruecos,Irán,"1ra Ronda, Grupo B",B,82,Marruecos,Manuel da Costa,,Amine Harit,,False
604,2018,Marruecos,Irán,"1ra Ronda, Grupo B",B,68,n,Mehdi Taremi,,Masoud Shojaei,,False
605,2018,Marruecos,Irán,"1ra Ronda, Grupo B",B,81,n,Majid Hosseini,,Omid Ebrahimi,,False
606,2018,Marruecos,Irán,"1ra Ronda, Grupo B",B,85,n,Saman Ghoddos,,Alireza Jahanbakhsh,,False
607,2018,Francia,Australia,"1ra Ronda, Grupo C",C,70,Francia,Nabil Fekir,,Ousmane Dembélé,,False
608,2018,Francia,Australia,"1ra Ronda, Grupo C",C,70,Francia,Olivier Giroud,,Antoine Griezmann,,False
609,2018,Francia,Australia,"1ra Ronda, Grupo C",C,78,Francia,Blaise Matuidi,,Corentin Tolisso,,False
610,2018,Francia,Australia,"1ra Ronda, Grupo C",C,64,Australia,Tomi Juric,,Andrew Nabbout,,False
611,2018,Francia,Australia,"1ra Ronda, Grupo C",C,72,Australia,Jackson Irvine,,Tom Rogic,,False
612,2018,Francia,Australia,"1ra Ronda, Grupo C",C,84,Australia,Daniel Arzani,,Robbie Kruse,,False
613,2018,Perú,Dinamarca,"1ra Ronda, Grupo C",C,35,Dinamarca,Lasse Schöne,,William Kvist,,False
614,2018,Perú,Dinamarca,"1ra Ronda, Grupo C",C,67,Dinamarca,Martin Braithwaite,,Pione Sisto,,False
615,2018,Perú,Dinamarca,"1ra Ronda, Grupo C",C,81,Dinamarca,Mathias Jørgensen,,Andreas Christensen,,False
616,2018,Argentina,Islandia,"1ra Ronda, Grupo D",D,54,Argentina,Ever Banega,,Lucas Biglia,,False
617,2018,Argentina,Islandia,"1ra Ronda, Grupo D",D,75,Argentina,Cristian Pavón,,Angel Di Maria,,False
618,2018,Argentina,Islandia,"1ra Ronda, Grupo D",D,84,Argentina,Gonzalo Higuain,,Maximiliano Meza,,False
619,2018,Argentina,Islandia,"1ra Ronda, Grupo D",D,63,Islandia,Rúrik Gíslason,,Jóhann Berg Gudmundsson,,False
620,2018,Argentina,Islandia,"1ra Ronda, Grupo D",D,76,Islandia,Ari Skúlason,,Aron Gunnarsson,,False
621,2018,Argentina,Islandia,"1ra Ronda, Grupo D",D,89,Islandia,Björn Sigurðarson,,Alfred Finnbogason,,False
622,2018,Croacia,Nigeria,"1ra Ronda, Grupo D",D,60,Croacia,Marcelo Brozovic,,Andrej Kramarić,,False
623,2018,Croacia,Nigeria,"1ra Ronda, Grupo D",D,78,Croacia,Mateo Kovacic,,Ante Rebic,,False
624,2018,Croacia,Nigeria,"1ra Ronda, Grupo D",D,86,Croacia,Marko Pjaca,,Mario Mandzukic,,False
625,2018,Croacia,Nigeria,"1ra Ronda, Grupo D",D,62,Nigeria,Ahmed Musa,,Alex Iwobi,,False
626,2018,Croacia,Nigeria,"1ra Ronda, Grupo D",D,72,Nigeria,Kelechi Iheanacho,,Odion Ighalo,,False
627,2018,Croacia,Nigeria,"1ra Ronda, Grupo D",D,88,Nigeria,Simeon Nwankwo,,John Obi Mikel,,False
628,2018,Brasil,Suiza,"1ra Ronda, Grupo E",E,60,Brasil,Fernandinho,,Casemiro,,False
629,2018,Brasil,Suiza,"1ra Ronda, Grupo E",E,67,Brasil,Renato Augusto,,Paulinho,,False
630,2018,Brasil,Suiza,"1ra Ronda, Grupo E",E,79,Brasil,Roberto Firmino,,Gabriel Jesus,,False
631,2018,Brasil,Suiza,"1ra Ronda, Grupo E",E,71,Suiza,Denis Zakaria,,Valon Behrami,,False
632,2018,Brasil,Suiza,"1ra Ronda, Grupo E",E,80,Suiza,Breel Embolo,,Haris Seferovic,,False
633,2018,Brasil,Suiza,"1ra Ronda, Grupo E",E,87,Suiza,Michael Lang,,Stephan Lichtsteiner,,False
634,2018,Costa Rica,Serbia,"1ra Ronda, Grupo E",E,60,Costa Rica,Christian Bolaños,,Johan Venegas,,False
635,2018,Costa Rica,Serbia,"1ra Ronda, Grupo E",E,66,Costa Rica,Joel Campbell,,Marco Ureña,,False
636,2018,Costa Rica,Serbia,"1ra Ronda, Grupo E",E,73,Costa Rica,Daniel Colindres,,David Guzmán,,False
637,2018,Costa Rica,Serbia,"1ra Ronda, Grupo E",E,70,Serbia,Filip Kostić,,Adem Ljajić,,False
638,2018,Costa Rica,Serbia,"1ra Ronda, Grupo E",E,83,Serbia,Antonio Rukavina,,Dušan Tadić,,False
639,2018,Costa Rica,Serbia,"1ra Ronda, Grupo E",E,90,Serbia,Aleksandar Prijović,,Aleksandar Mitrović,,False
640,2018,Alemania,México,"1ra Ronda, Grupo F",F,60,Alemania,Marco Reus,,Sami Khedira,,False
641,2018,Alemania,México,"1ra Ronda, Grupo F",F,79,Alemania,Mario Gomez,,Marvin Plattenhardt,,False
642,2018,Alemania,México,"1ra Ronda, Grupo F",F,86,Alemania,Julian Brandt,,Timo Werner,,False
643,2018,Alemania,México,"1ra Ronda, Grupo F",F,58,xico,Edson Álvarez,,Carlos Vela,,False
644,2018,Alemania,México,"1ra Ronda, Grupo F",F,66,xico,Raúl Jiménez,,Hirving Lozano,,False
645,2018,Alemania,México,"1ra Ronda, Grupo F",F,74,xico,Rafael Marquez,,Andres Guardado,,False
646,2018,Suecia,Corea del Sur,"1ra Ronda, Grupo F",F,71,Suecia,Oscar Hiljemark,,Albin Ekdal,,False
647,2018,Suecia,Corea del Sur,"1ra Ronda, Grupo F",F,77,Suecia,Isaac Kiese Thelin,,Ola Toivonen,,False
648,2018,Suecia,Corea del Sur,"1ra Ronda, Grupo F",F,81,Suecia,Gustav Svensson,,Sebastian Larsson,,False
649,2018,Suecia,Corea del Sur,"1ra Ronda, Grupo F",F,28,Corea del Sur,Min-woo Kim,,Joo-Ho Park,,False
650,2018,Suecia,Corea del Sur,"1ra Ronda, Grupo F",F,66,Corea del Sur,Woo-young Jung,,Shin-Wook Kim,,False
651,2018,Suecia,Corea del Sur,"1ra Ronda, Grupo F",F,73,Corea del Sur,Seung-woo Lee,,Ja-Cheol Koo,,False
652,2018,Bélgica,Panamá,"1ra Ronda, Grupo G",G,74,lgica,Mousa Dembélé,,Yannick Carrasco,,False
653,2018,Bélgica,Panamá,"1ra Ronda, Grupo G",G,83,lgica,Thorgan Hazard,,Dries Mertens,,False
654,2018,Bélgica,Panamá,"1ra Ronda, Grupo G",G,90,lgica,Nacer Chadli,,Axel Witsel,,False
655,2018,Bélgica,Panamá,"1ra Ronda, Grupo G",G,63,lgica,Ismael Díaz,,José Luis Rodríguez,,False
656,2018,Bélgica,Panamá,"1ra Ronda, Grupo G",G,63,lgica,Gabriel Torres,,Édgar Joel Bárcenas,,False
657,2018,Bélgica,Panamá,"1ra Ronda, Grupo G",G,73,lgica,Luis Tejada,,Blas Pérez,,False
658,2018,Túnez,Inglaterra,"1ra Ronda, Grupo G",G,16,nez,Farouk Ben Mustapha,,Mouez Hassen,,False
659,2018,Túnez,Inglaterra,"1ra Ronda, Grupo G",G,74,nez,Mohamed Amine Ben Amor,,Naïm Sliti,,False
660,2018,Túnez,Inglaterra,"1ra Ronda, Grupo G",G,85,nez,Saber Khalifa,,Wahbi Khazri,,False
661,2018,Túnez,Inglaterra,"1ra Ronda, Grupo G",G,68,Inglaterra,Marcus Rashford,,Raheem Sterling,,False
662,2018,Túnez,Inglaterra,"1ra Ronda, Grupo G",G,80,Inglaterra,Ruben Loftus-Cheek,,Dele Alli,,False
663,2018,Túnez,Inglaterra,"1ra Ronda, Grupo G",G,90,Inglaterra,Eric Dier,,Jesse Lingard,,False
664,2018,Polonia,Senegal,"1ra Ronda, Grupo H",H,46,Polonia,Jan Bednarek,,Jakub Błaszczykowski,,True
665,2018,Polonia,Senegal,"1ra Ronda, Grupo H",H,73,Polonia,Dawid Kownacki,,Arkadiusz Milik,,False
666,2018,Polonia,Senegal,"1ra Ronda, Grupo H",H,83,Polonia,Bartosz Bereszyński,,Lukasz Piszczek,,False
667,2018,Polonia,Senegal,"1ra Ronda, Grupo H",H,62,Senegal,Cheikh N'Doye,,Mame Biram Diouf,,False
668,2018,Polonia,Senegal,"1ra Ronda, Grupo H",H,75,Senegal,Moussa Konaté,,M'Baye Niang,,False
669,2018,Polonia,Senegal,"1ra Ronda, Grupo H",H,87,Senegal,Cheikhou Kouyaté,,Alfred N'Diaye,,False
670,2018,Colombia,Japón,"1ra Ronda, Grupo H",H,31,Colombia,Wílmar Barrios,,Juan Guillermo Cuadrado,,False
671,2018,Colombia,Japón,"1ra Ronda, Grupo H",H,59,Colombia,James Rodríguez,,Juan Quintero,,False
672,2018,Colombia,Japón,"1ra Ronda, Grupo H",H,70,Colombia,Carlos Bacca,,José Izquierdo,,False
673,2018,Colombia,Japón,"1ra Ronda, Grupo H",H,70,n,Keisuke Honda,,Shinji Kagawa,,False
674,2018,Colombia,Japón,"1ra Ronda, Grupo H",H,80,n,Hotaru Yamaguchi,,Gaku Shibasaki,,False
675,2018,Colombia,Japón,"1ra Ronda, Grupo H",H,85,n,Shinji Okazaki,,Yuya Osako,,False
676,2018,Rusia,Egipto,"1ra Ronda, Grupo A",A,74,Rusia,Daler Kuzyayev,,Denis Cheryshev,,False
677,2018,Rusia,Egipto,"1ra Ronda, Grupo A",A,79,Rusia,Fyodor Smolov,,Artem Dzyuba,,False
678,2018,Rusia,Egipto,"1ra Ronda, Grupo A",A,86,Rusia,Fyodor Kudryashov,,Yuri Zhirkov,,False
679,2018,Rusia,Egipto,"1ra Ronda, Grupo A",A,64,Egipto,Amr Warda,,Mohamed Elneny,,False
680,2018,Rusia,Egipto,"1ra Ronda, Grupo A",A,68,Egipto,Ramadan Sobhi,,Trézéguet,,False
681,2018,Rusia,Egipto,"1ra Ronda, Grupo A",A,82,Egipto,Mahmoud Kahraba,,Marwan Mohsen,,False
682,2018,Uruguay,Arabia Saudita,"1ra Ronda, Grupo A",A,59,Uruguay,Lucas Torreira,,Matías Vecino,,False
683,2018,Uruguay,Arabia Saudita,"1ra Ronda, Grupo A",A,59,Uruguay,Diego Laxalt,,Cristian Rodríguez,,False
684,2018,Uruguay,Arabia Saudita,"1ra Ronda, Grupo A",A,82,Uruguay,Nahitan Nández,,Carlos Sánchez,,False
685,2018,Uruguay,Arabia Saudita,"1ra Ronda, Grupo A",A,44,Arabia Saudita,Housain Al-Mogahwi,,Taisir Al-Jassim,,False
686,2018,Uruguay,Arabia Saudita,"1ra Ronda, Grupo A",A,75,Arabia Saudita,Mohamed Kanno,,Hattan Bahebri,,False
687,2018,Uruguay,Arabia Saudita,"1ra Ronda, Grupo A",A,78,Arabia Saudita,Mohammad Al-Sahlawi,,Fahad Al-Muwallad,,False
688,2018,Portugal,Marruecos,"1ra Ronda, Grupo B",B,59,Portugal,Gelson Martins,,Bernardo Silva,,False
689,2018,Portugal,Marruecos,"1ra Ronda, Grupo B",B,70,Portugal,Bruno Fernandes,,João Mário,,False
690,2018,Portugal,Marruecos,"1ra Ronda, Grupo B",B,89,Portugal,Adrien Silva,,João Moutinho,,False
691,2018,Portugal,Marruecos,"1ra Ronda, Grupo B",B,70,Marruecos,Ayoub El Kaabi,,Khalid Boutaïb,,False
692,2018,Portugal,Marruecos,"1ra Ronda, Grupo B",B,75,Marruecos,Mehdi Carcela-González,,Younès Belhanda,,False
693,2018,Portugal,Marruecos,"1ra Ronda, Grupo B",B,86,Marruecos,Fayçal Fajr,,Karim El Ahmadi,,False
694,2018,Irán,España,"1ra Ronda, Grupo B",B,69,n,Milad Mohammadi,,Ehsan Hajsafi,,False
695,2018,Irán,España,"1ra Ronda, Grupo B",B,74,n,Alireza Jahanbakhsh,,Karim Ansarifard,,False
696,2018,Irán,España,"1ra Ronda, Grupo B",B,86,n,Saman Ghoddos,,Vahid Amiri,,False
697,2018,Irán,España,"1ra Ronda, Grupo B",B,71,a,Koke,,Andrés Iniesta,,False
698,2018,Irán,España,"1ra Ronda, Grupo B",B,79,a,Marco Asensio,,Lucas Vázquez,,False
699,2018,Irán,España,"1ra Ronda, Grupo B",B,89,a,Rodrigo Moreno,,Diego Costa,,False
700,2018,Francia,Perú,"1ra Ronda, Grupo C",C,75,Francia,Ousmane Dembélé,,Kylian Mbappé,,False
701,2018,Francia,Perú,"1ra Ronda, Grupo C",C,80,Francia,Nabil Fekir,,Antoine Griezmann,,False
702,2018,Francia,Perú,"1ra Ronda, Grupo C",C,89,Francia,Steven Nzonzi,,Paul Pogba,,False
703,2018,Francia,Perú,"1ra Ronda, Grupo C",C,46,Francia,Jefferson Farfán,,Alberto Rodríguez,,True
704,2018,Francia,Perú,"1ra Ronda, Grupo C",C,46,Francia,Anderson Santamaría,,Yoshimar Yotún,,True
705,2018,Francia,Perú,"1ra Ronda, Grupo C",C,82,Francia,Raúl Ruidíaz,,Christian Cueva,,False
706,2018,Dinamarca,Australia,"1ra Ronda, Grupo C",C,59,Dinamarca,Martin Braithwaite,,Yussuf Yurary Poulsen,,False
707,2018,Dinamarca,Australia,"1ra Ronda, Grupo C",C,68,Dinamarca,Andreas Cornelius,,Nicolai Jørgensen,,False
708,2018,Dinamarca,Australia,"1ra Ronda, Grupo C",C,68,Australia,Daniel Arzani,,Robbie Kruse,,False
709,2018,Dinamarca,Australia,"1ra Ronda, Grupo C",C,75,Australia,Tomi Juric,,Andrew Nabbout,,False
710,2018,Dinamarca,Australia,"1ra Ronda, Grupo C",C,82,Australia,Jackson Irvine,,Tom Rogic,,False
711,2018,Argentina,Croacia,"1ra Ronda, Grupo D",D,54,Argentina,Gonzalo Higuain,,Sergio Agüero,,False
712,2018,Argentina,Croacia,"1ra Ronda, Grupo D",D,56,Argentina,Cristian Pavón,,Eduardo Salvio,,False
713,2018,Argentina,Croacia,"1ra Ronda, Grupo D",D,68,Argentina,Paulo Dybala,,Enzo Pérez,,False
714,2018,Argentina,Croacia,"1ra Ronda, Grupo D",D,57,Croacia,Andrej Kramarić,,Ante Rebic,,False
715,2018,Argentina,Croacia,"1ra Ronda, Grupo D",D,82,Croacia,Mateo Kovacic,,Ivan Perisic,,False
716,2018,Argentina,Croacia,"1ra Ronda, Grupo D",D,90,Croacia,Vedran Corluka,,Mario Mandzukic,,False
717,2018,Nigeria,Islandia,"1ra Ronda, Grupo D",D,46,Nigeria,Tyronne Ebuehi,,Brian Idowu,,True
718,2018,Nigeria,Islandia,"1ra Ronda, Grupo D",D,85,Nigeria,Odion Ighalo,,Kelechi Iheanacho,,False
719,2018,Nigeria,Islandia,"1ra Ronda, Grupo D",D,90,Nigeria,Alex Iwobi,,Oghenekaro Etebo,,False
720,2018,Nigeria,Islandia,"1ra Ronda, Grupo D",D,65,Islandia,Sverrir Ingi Ingason,,Ragnar Sigurdsson,,False
721,2018,Nigeria,Islandia,"1ra Ronda, Grupo D",D,71,Islandia,Björn Sigurðarson,,Jón Dadi Bödvarsson,,False
722,2018,Nigeria,Islandia,"1ra Ronda, Grupo D",D,87,Islandia,Ari Skúlason,,Aron Gunnarsson,,False
723,2018,Brasil,Costa Rica,"1ra Ronda, Grupo E",E,46,Brasil,Douglas Costa,,Willian,,True
724,2018,Brasil,Costa Rica,"1ra Ronda, Grupo E",E,68,Brasil,Roberto Firmino,,Paulinho,,False
725,2018,Brasil,Costa Rica,"1ra Ronda, Grupo E",E,90,Brasil,Fernandinho,,Gabriel Jesus,,False
726,2018,Brasil,Costa Rica,"1ra Ronda, Grupo E",E,54,Costa Rica,Christian Bolaños,,Marco Ureña,,False
727,2018,Brasil,Costa Rica,"1ra Ronda, Grupo E",E,75,Costa Rica,Francisco Calvo,,Cristian Gamboa,,False
728,2018,Brasil,Costa Rica,"1ra Ronda, Grupo E",E,83,Costa Rica,Yeltsin Tejeda,,David Guzmán,,False
729,2018,Serbia,Suiza,"1ra Ronda, Grupo E",E,64,Serbia,Adem Ljajić,,Filip Kostić,,False
730,2018,Serbia,Suiza,"1ra Ronda, Grupo E",E,81,Serbia,Nemanja Radonjić,,Luka Milivojević,,False
731,2018,Serbia,Suiza,"1ra Ronda, Grupo E",E,46,Suiza,Mario Gavranovic,,Haris Seferovic,,True
732,2018,Serbia,Suiza,"1ra Ronda, Grupo E",E,73,Suiza,Breel Embolo,,Blerim Dzemaili,,False
733,2018,Serbia,Suiza,"1ra Ronda, Grupo E",E,90,Suiza,Josip Drmic,,Steven Zuber,,False
734,2018,Alemania,Suecia,"1ra Ronda, Grupo F",F,31,Alemania,Ilkay Gündogan,,Sebastian Rudy,,False
735,2018,Alemania,Suecia,"1ra Ronda, Grupo F",F,46,Alemania,Mario Gomez,,Julian Draxler,,True
736,2018,Alemania,Suecia,"1ra Ronda, Grupo F",F,87,Alemania,Julian Brandt,,Jonas Hector,,False
737,2018,Alemania,Suecia,"1ra Ronda, Grupo F",F,74,Suecia,Jimmy Durmaz,,Viktor Claesson,,False
738,2018,Alemania,Suecia,"1ra Ronda, Grupo F",F,78,Suecia,John Guidetti,,Ola Toivonen,,False
739,2018,Alemania,Suecia,"1ra Ronda, Grupo F",F,90,Suecia,Isaac Kiese Thelin,,Marcus Berg,,False
740,2018,Corea del Sur,México,"1ra Ronda, Grupo F",F,64,Corea del Sur,Seung-woo Lee,,Se-jong Ju,,False
741,2018,Corea del Sur,México,"1ra Ronda, Grupo F",F,77,Corea del Sur,Woo-young Jung,,Seon-min Moon,,False
742,2018,Corea del Sur,México,"1ra Ronda, Grupo F",F,84,Corea del Sur,Chul Hong,,Min-woo Kim,,False
743,2018,Corea del Sur,México,"1ra Ronda, Grupo F",F,68,xico,Rafael Marquez,,Andres Guardado,,False
744,2018,Corea del Sur,México,"1ra Ronda, Grupo F",F,71,xico,Jesús Manuel Corona,,Hirving Lozano,,False
745,2018,Corea del Sur,México,"1ra Ronda, Grupo F",F,77,xico,Giovani dos Santos,,Carlos Vela,,False
746,2018,Bélgica,Túnez,"1ra Ronda, Grupo G",G,59,lgica,Marouane Fellaini,,Romelu Lukaku,,False
747,2018,Bélgica,Túnez,"1ra Ronda, Grupo G",G,68,lgica,Michy Batshuayi,,Eden Hazard,,False
748,2018,Bélgica,Túnez,"1ra Ronda, Grupo G",G,86,lgica,Youri Tielemans,,Dries Mertens,,False
749,2018,Bélgica,Túnez,"1ra Ronda, Grupo G",G,24,nez,Hamdi Nagguez,,Dylan Bronn,,False
750,2018,Bélgica,Túnez,"1ra Ronda, Grupo G",G,41,nez,Yohan Benalouane,,Syam Ben Youssef,,False
751,2018,Bélgica,Túnez,"1ra Ronda, Grupo G",G,59,nez,Naïm Sliti,,Ferjani Sassi,,False
752,2018,Inglaterra,Panamá,"1ra Ronda, Grupo G",G,63,Inglaterra,Fabian Delph,,Jesse Lingard,,False
753,2018,Inglaterra,Panamá,"1ra Ronda, Grupo G",G,63,Inglaterra,Jamie Vardy,,Harry Kane,,False
754,2018,Inglaterra,Panamá,"1ra Ronda, Grupo G",G,70,Inglaterra,Danny Rose,,Kieran Trippier,,False
755,2018,Inglaterra,Panamá,"1ra Ronda, Grupo G",G,62,Inglaterra,Ricardo Ávila,,Aníbal Godoy,,False
756,2018,Inglaterra,Panamá,"1ra Ronda, Grupo G",G,69,Inglaterra,Felipe Baloy,,Gabriel Enrique Gómez,,False
757,2018,Inglaterra,Panamá,"1ra Ronda, Grupo G",G,69,Inglaterra,Abdiel Arroyo,,Édgar Joel Bárcenas,,False
758,2018,Polonia,Colombia,"1ra Ronda, Grupo H",H,57,Polonia,Kamil Grosicki,,Dawid Kownacki,,False
759,2018,Polonia,Colombia,"1ra Ronda, Grupo H",H,72,Polonia,Lukasz Teodorczyk,,Bartosz Bereszyński,,False
760,2018,Polonia,Colombia,"1ra Ronda, Grupo H",H,80,Polonia,Kamil Glik,,Michał Pazdan,,False
761,2018,Polonia,Colombia,"1ra Ronda, Grupo H",H,32,Colombia,Mateus Uribe,,Abel Aguilar,,False
762,2018,Polonia,Colombia,"1ra Ronda, Grupo H",H,73,Colombia,Jefferson Lerma,,Juan Quintero,,False
763,2018,Polonia,Colombia,"1ra Ronda, Grupo H",H,78,Colombia,Carlos Bacca,,Radamel Falcao,,False
764,2018,Japón,Senegal,"1ra Ronda, Grupo H",H,72,n,Keisuke Honda,,Shinji Kagawa,,False
765,2018,Japón,Senegal,"1ra Ronda, Grupo H",H,75,n,Shinji Okazaki,,Genki Haraguchi,,False
766,2018,Japón,Senegal,"1ra Ronda, Grupo H",H,87,n,Takashi Usami,,Takashi Inui,,False
767,2018,Japón,Senegal,"1ra Ronda, Grupo H",H,65,Senegal,Cheikhou Kouyaté,,Alfred N'Diaye,,False
768,2018,Japón,Senegal,"1ra Ronda, Grupo H",H,81,Senegal,Cheikh N'Doye,,Badou N'Diaye,,False
769,2018,Japón,Senegal,"1ra Ronda, Grupo H",H,86,Senegal,Mame Biram Diouf,,M'Baye Niang,,False
770,2018,Uruguay,Rusia,"1ra Ronda, Grupo A",A,63,Uruguay,Giorgian De Arrascaeta,,Rodrigo Bentancur,,False
771,2018,Uruguay,Rusia,"1ra Ronda, Grupo A",A,73,Uruguay,Cristian Rodríguez,,Nahitan Nández,,False
772,2018,Uruguay,Rusia,"1ra Ronda, Grupo A",A,90,Uruguay,Maxi Gómez,,Edinson Cavani,,False
773,2018,Uruguay,Rusia,"1ra Ronda, Grupo A",A,38,Rusia,Mário Fernandes,,Denis Cheryshev,,False
774,2018,Uruguay,Rusia,"1ra Ronda, Grupo A",A,46,Rusia,Daler Kuzyayev,,Yury Gazinsky,,True
775,2018,Uruguay,Rusia,"1ra Ronda, Grupo A",A,60,Rusia,Fyodor Smolov,,Aleksei Miranchuk,,False
776,2018,Arabia Saudita,Egipto,"1ra Ronda, Grupo A",A,65,Arabia Saudita,Muhannad Assiri,,Hattan Bahebri,,False
777,2018,Arabia Saudita,Egipto,"1ra Ronda, Grupo A",A,79,Arabia Saudita,Yahya Al-Shehri,,Fahad Al-Muwallad,,False
778,2018,Arabia Saudita,Egipto,"1ra Ronda, Grupo A",A,45,Egipto,Amr Warda,,Abdallah Said,,False
779,2018,Arabia Saudita,Egipto,"1ra Ronda, Grupo A",A,64,Egipto,Ramadan Sobhi,,Marwan Mohsen,,False
780,2018,Arabia Saudita,Egipto,"1ra Ronda, Grupo A",A,81,Egipto,Mahmoud Kahraba,,Trézéguet,,False
781,2018,Irán,Portugal,"1ra Ronda, Grupo B",B,56,n,Milad Mohammadi,,Ehsan Hajsafi,,False
782,2018,Irán,Portugal,"1ra Ronda, Grupo B",B,70,n,Saman Ghoddos,,Alireza Jahanbakhsh,,False
783,2018,Irán,Portugal,"1ra Ronda, Grupo B",B,76,n,Karim Ansarifard,,Saeid Ezatolahi,,False
784,2018,Irán,Portugal,"1ra Ronda, Grupo B",B,70,Portugal,Bernardo Silva,,Ricardo Quaresma,,False
785,2018,Irán,Portugal,"1ra Ronda, Grupo B",B,84,Portugal,João Moutinho,,João Mário,,False
786,2018,Irán,Portugal,"1ra Ronda, Grupo B",B,90,Portugal,Gonçalo Guedes,,André Silva,,False
787,2018,España,Marruecos,"1ra Ronda, Grupo B",B,74,a,Marco Asensio,,Thiago,,False
788,2018,España,Marruecos,"1ra Ronda, Grupo B",B,74,a,Iago Aspas,,Diego Costa,,False
789,2018,España,Marruecos,"1ra Ronda, Grupo B",B,84,a,Rodrigo Moreno,,David Silva,,False
790,2018,España,Marruecos,"1ra Ronda, Grupo B",B,63,Marruecos,Fayçal Fajr,,Younès Belhanda,,False
791,2018,España,Marruecos,"1ra Ronda, Grupo B",B,72,Marruecos,Youssef En-Nesyri,,Khalid Boutaïb,,False
792,2018,España,Marruecos,"1ra Ronda, Grupo B",B,85,Marruecos,Aziz Bouhaddouz,,Hakim Ziyech,,False
793,2018,Dinamarca,Francia,"1ra Ronda, Grupo C",C,60,Dinamarca,Viktor Fischer,,Pione Sisto,,False
794,2018,Dinamarca,Francia,"1ra Ronda, Grupo C",C,75,Dinamarca,Kasper Dolberg,,Andreas Cornelius,,False
795,2018,Dinamarca,Francia,"1ra Ronda, Grupo C",C,90,Dinamarca,Lukas Lerager,,Thomas Delaney,,False
796,2018,Dinamarca,Francia,"1ra Ronda, Grupo C",C,50,Francia,Benjamin Mendy,,Lucas Hernandez,,False
797,2018,Dinamarca,Francia,"1ra Ronda, Grupo C",C,68,Francia,Nabil Fekir,,Antoine Griezmann,,False
798,2018,Dinamarca,Francia,"1ra Ronda, Grupo C",C,78,Francia,Kylian Mbappé,,Ousmane Dembélé,,False
799,2018,Australia,Perú,"1ra Ronda, Grupo C",C,53,Australia,Tim Cahill,,Tomi Juric,,False
800,2018,Australia,Perú,"1ra Ronda, Grupo C",C,58,Australia,Daniel Arzani,,Robbie Kruse,,False
801,2018,Australia,Perú,"1ra Ronda, Grupo C",C,72,Australia,Jackson Irvine,,Tom Rogic,,False
802,2018,Australia,Perú,"1ra Ronda, Grupo C",C,46,Australia,Pedro Aquino,,Yoshimar Yotún,,True
803,2018,Australia,Perú,"1ra Ronda, Grupo C",C,63,Australia,Paolo Hurtado,,Renato Tapia,,False
804,2018,Australia,Perú,"1ra Ronda, Grupo C",C,79,Australia,Wilder Cartagena,,André Carrillo,,False
805,2018,Nigeria,Argentina,"1ra Ronda, Grupo D",D,46,Nigeria,Odion Ighalo,,Kelechi Iheanacho,,True
806,2018,Nigeria,Argentina,"1ra Ronda, Grupo D",D,90,Nigeria,Alex Iwobi,,Kenneth Omeruo,,False
807,2018,Nigeria,Argentina,"1ra Ronda, Grupo D",D,90,Nigeria,Simeon Nwankwo,,Ahmed Musa,,False
808,2018,Nigeria,Argentina,"1ra Ronda, Grupo D",D,61,Argentina,Cristian Pavón,,Enzo Pérez,,False
809,2018,Nigeria,Argentina,"1ra Ronda, Grupo D",D,72,Argentina,Maximiliano Meza,,Angel Di Maria,,False
810,2018,Nigeria,Argentina,"1ra Ronda, Grupo D",D,80,Argentina,Sergio Agüero,,Nicolas Tagliafico,,False
811,2018,Islandia,Croacia,"1ra Ronda, Grupo D",D,70,Islandia,Björn Sigurðarson,,Ragnar Sigurdsson,,False
812,2018,Islandia,Croacia,"1ra Ronda, Grupo D",D,85,Islandia,Albert Gudmundsson,,Alfred Finnbogason,,False
813,2018,Islandia,Croacia,"1ra Ronda, Grupo D",D,90,Islandia,Arnór Ingvi Traustason,,Birkir Bjarnason,,False
814,2018,Islandia,Croacia,"1ra Ronda, Grupo D",D,65,Croacia,Filip Bradarić,,Luka Modric,,False
815,2018,Islandia,Croacia,"1ra Ronda, Grupo D",D,70,Croacia,Dejan Lovren,,Marko Pjaca,,False
816,2018,Islandia,Croacia,"1ra Ronda, Grupo D",D,81,Croacia,Ivan Rakitic,,Mateo Kovacic,,False
817,2018,Serbia,Brasil,"1ra Ronda, Grupo E",E,75,Serbia,Andrija Živković,,Adem Ljajić,,False
818,2018,Serbia,Brasil,"1ra Ronda, Grupo E",E,82,Serbia,Nemanja Radonjić,,Filip Kostić,,False
819,2018,Serbia,Brasil,"1ra Ronda, Grupo E",E,89,Serbia,Luka Jović,,Aleksandar Mitrović,,False
820,2018,Serbia,Brasil,"1ra Ronda, Grupo E",E,10,Brasil,Filipe Luís,,Marcelo,,False
821,2018,Serbia,Brasil,"1ra Ronda, Grupo E",E,66,Brasil,Fernandinho,,Paulinho,,False
822,2018,Serbia,Brasil,"1ra Ronda, Grupo E",E,80,Brasil,Renato Augusto,,Philippe Coutinho,,False
823,2018,Suiza,Costa Rica,"1ra Ronda, Grupo E",E,60,Suiza,Denis Zakaria,,Valon Behrami,,False
824,2018,Suiza,Costa Rica,"1ra Ronda, Grupo E",E,69,Suiza,Josip Drmic,,Mario Gavranovic,,False
825,2018,Suiza,Costa Rica,"1ra Ronda, Grupo E",E,81,Suiza,Michael Lang,,Xherdan Shaqiri,,False
826,2018,Suiza,Costa Rica,"1ra Ronda, Grupo E",E,81,Costa Rica,Rodney Wallace,,Daniel Colindres,,False
827,2018,Suiza,Costa Rica,"1ra Ronda, Grupo E",E,90,Costa Rica,Randall Azofeifa,,David Guzmán,,False
828,2018,Suiza,Costa Rica,"1ra Ronda, Grupo E",E,90,Costa Rica,Ian Smith,,Cristian Gamboa,,False
829,2018,Corea del Sur,Alemania,"1ra Ronda, Grupo F",F,56,Corea del Sur,Hee-chan Hwang,,Ja-Cheol Koo,,False
830,2018,Corea del Sur,Alemania,"1ra Ronda, Grupo F",F,69,Corea del Sur,Se-jong Ju,,Seon-min Moon,,False
831,2018,Corea del Sur,Alemania,"1ra Ronda, Grupo F",F,79,Corea del Sur,Yo-han Go,,Hee-chan Hwang,,False
832,2018,Corea del Sur,Alemania,"1ra Ronda, Grupo F",F,58,Alemania,Mario Gomez,,Sami Khedira,,False
833,2018,Corea del Sur,Alemania,"1ra Ronda, Grupo F",F,63,Alemania,Thomas Müller,,Leon Goretzka,,False
834,2018,Corea del Sur,Alemania,"1ra Ronda, Grupo F",F,78,Alemania,Julian Brandt,,Jonas Hector,,False
835,2018,México,Suecia,"1ra Ronda, Grupo F",F,65,xico,Marco Fabián,,Jesús Gallardo,,False
836,2018,México,Suecia,"1ra Ronda, Grupo F",F,75,xico,Jesús Manuel Corona,,Andres Guardado,,False
837,2018,México,Suecia,"1ra Ronda, Grupo F",F,89,xico,Oribe Peralta,,Miguel Layún,,False
838,2018,México,Suecia,"1ra Ronda, Grupo F",F,57,Suecia,Gustav Svensson,,Sebastian Larsson,,False
839,2018,México,Suecia,"1ra Ronda, Grupo F",F,68,Suecia,Isaac Kiese Thelin,,Marcus Berg,,False
840,2018,México,Suecia,"1ra Ronda, Grupo F",F,80,Suecia,Oscar Hiljemark,,Albin Ekdal,,False
841,2018,Inglaterra,Bélgica,"1ra Ronda, Grupo G",G,46,Inglaterra,Harry Maguire,,John Stones,,True
842,2018,Inglaterra,Bélgica,"1ra Ronda, Grupo G",G,79,Inglaterra,Danny Welbeck,,Trent Alexander-Arnold,,False
843,2018,Inglaterra,Bélgica,"1ra Ronda, Grupo G",G,74,lgica,Vincent Kompany,,Thomas Vermaelen,,False
844,2018,Inglaterra,Bélgica,"1ra Ronda, Grupo G",G,86,lgica,Dries Mertens,,Adnan Januzaj,,False
845,2018,Panamá,Túnez,"1ra Ronda, Grupo G",G,46,nez,Anice Badri,,Ferjani Sassi,,True
846,2018,Panamá,Túnez,"1ra Ronda, Grupo G",G,77,nez,Ahmed Khalil,,Naïm Sliti,,False
847,2018,Panamá,Túnez,"1ra Ronda, Grupo G",G,89,nez,Bassem Srarfi,,Wahbi Khazri,,False
848,2018,Japón,Polonia,"1ra Ronda, Grupo H",H,47,n,Yuya Osako,,Shinji Okazaki,,False
849,2018,Japón,Polonia,"1ra Ronda, Grupo H",H,65,n,Takashi Inui,,Takashi Usami,,False
850,2018,Japón,Polonia,"1ra Ronda, Grupo H",H,82,n,Makoto Hasebe,,Yoshinori Muto,,False
851,2018,Japón,Polonia,"1ra Ronda, Grupo H",H,79,Polonia,Lukasz Teodorczyk,,Piotr Zieliński,,False
852,2018,Japón,Polonia,"1ra Ronda, Grupo H",H,79,Polonia,Sławomir Peszko,,Rafał Kurzawa,,False
853,2018,Senegal,Colombia,"1ra Ronda, Grupo H",H,74,Senegal,Moussa Wagué,,Youssouf Sabaly,,False
854,2018,Senegal,Colombia,"1ra Ronda, Grupo H",H,80,Senegal,Moussa Konaté,,Keita Baldé,,False
855,2018,Senegal,Colombia,"1ra Ronda, Grupo H",H,86,Senegal,Diafra Sakho,,M'Baye Niang,,False
856,2018,Senegal,Colombia,"1ra Ronda, Grupo H",H,31,Colombia,Luis Muriel,,James Rodríguez,,False
857,2018,Senegal,Colombia,"1ra Ronda, Grupo H",H,83,Colombia,Jefferson Lerma,,Mateus Uribe,,False
858,2018,Senegal,Colombia,"1ra Ronda, Grupo H",H,89,Colombia,Miguel Borja,,Radamel Falcao,,False
859,2018,Uruguay,Portugal,Octavos,,63,Uruguay,Cristian Rodríguez,,Rodrigo Bentancur,,False
860,2018,Uruguay,Portugal,Octavos,,74,Uruguay,Christian Stuani,,Edinson Cavani,,False
861,2018,Uruguay,Portugal,Octavos,,81,Uruguay,Carlos Sánchez,,Nahitan Nández,,False
862,2018,Uruguay,Portugal,Octavos,,65,Portugal,Ricardo Quaresma,,Adrien Silva,,False
863,2018,Uruguay,Portugal,Octavos,,74,Portugal,André Silva,,Gonçalo Guedes,,False
864,2018,Uruguay,Portugal,Octavos,,84,Portugal,Manuel Fernandes,,João Mário,,False
865,2018,Francia,Argentina,Octavos,,75,Francia,Corentin Tolisso,,Blaise Matuidi,,False
866,2018,Francia,Argentina,Octavos,,83,Francia,Nabil Fekir,,Antoine Griezmann,,False
867,2018,Francia,Argentina,Octavos,,89,Francia,Florian Thauvin,,Kylian Mbappé,,False
868,2018,Francia,Argentina,Octavos,,46,Argentina,Federico Fazio,,Marcos Rojo,,True
869,2018,Francia,Argentina,Octavos,,66,Argentina,Sergio Agüero,,Enzo Pérez,,False
870,2018,Francia,Argentina,Octavos,,75,Argentina,Maximiliano Meza,,Cristian Pavón,,False
871,2018,España,Rusia,Octavos,,67,a,Andrés Iniesta,,David Silva,,False
872,2018,España,Rusia,Octavos,,70,a,Dani Carvajal,,Nacho,,False
873,2018,España,Rusia,Octavos,,80,a,Iago Aspas,,Diego Costa,,False
874,2018,España,Rusia,Octavos,,104,a,Rodrigo Moreno,,Marco Asensio,,False
875,2018,España,Rusia,Octavos,,46,Rusia,Vladimir Granat,,Yuri Zhirkov,,True
876,2018,España,Rusia,Octavos,,61,Rusia,Denis Cheryshev,,Aleksandr Samedov,,False
877,2018,España,Rusia,Octavos,,65,Rusia,Fyodor Smolov,,Artem Dzyuba,,False
878,2018,España,Rusia,Octavos,,97,Rusia,Aleksandr Yerokhin,,Daler Kuzyayev,,False
879,2018,Croacia,Dinamarca,Octavos,,71,Croacia,Mateo Kovacic,,Marcelo Brozovic,,False
880,2018,Croacia,Dinamarca,Octavos,,81,Croacia,Josip Pivarić,,Ivan Strinić,,False
881,2018,Croacia,Dinamarca,Octavos,,97,Croacia,Andrej Kramarić,,Ivan Perisic,,False
882,2018,Croacia,Dinamarca,Octavos,,108,Croacia,Milan Badelj,,Mario Mandzukic,,False
883,2018,Croacia,Dinamarca,Octavos,,46,Dinamarca,Lasse Schöne,,Andreas Christensen,,True
884,2018,Croacia,Dinamarca,Octavos,,66,Dinamarca,Nicolai Jørgensen,,Andreas Cornelius,,False
885,2018,Croacia,Dinamarca,Octavos,,98,Dinamarca,Michael Krohn-Dehli,,Thomas Delaney,,False
886,2018,Croacia,Dinamarca,Octavos,,106,Dinamarca,Pione Sisto,,Martin Braithwaite,,True
887,2018,Brasil,México,Octavos,,80,Brasil,Fernandinho,,Paulinho,,False
888,2018,Brasil,México,Octavos,,86,Brasil,Roberto Firmino,,Philippe Coutinho,,False
889,2018,Brasil,México,Octavos,,90,Brasil,Marquinhos,,Willian,,False
890,2018,Brasil,México,Octavos,,46,xico,Miguel Layún,,Rafael Marquez,,True
891,2018,Brasil,México,Octavos,,55,xico,Jonathan dos Santos,,Edson Álvarez,,False
892,2018,Brasil,México,Octavos,,60,xico,Raúl Jiménez,,Javier Hernandez,,False
893,2018,Bélgica,Japón,Octavos,,65,lgica,Nacer Chadli,,Yannick Carrasco,,False
894,2018,Bélgica,Japón,Octavos,,65,lgica,Marouane Fellaini,,Dries Mertens,,False
895,2018,Bélgica,Japón,Octavos,,81,n,Keisuke Honda,,Genki Haraguchi,,False
896,2018,Bélgica,Japón,Octavos,,81,n,Hotaru Yamaguchi,,Gaku Shibasaki,,False
897,2018,Suecia,Suiza,Octavos,,82,Suecia,Martin Olsson,,Emil Forsberg,,False
898,2018,Suecia,Suiza,Octavos,,82,Suecia,Emil Krafth,,Mikael Lustig,,False
899,2018,Suecia,Suiza,Octavos,,90,Suecia,Isaac Kiese Thelin,,Marcus Berg,,False
900,2018,Suecia,Suiza,Octavos,,73,Suiza,Breel Embolo,,Steven Zuber,,False
901,2018,Suecia,Suiza,Octavos,,73,Suiza,Haris Seferovic,,Blerim Dzemaili,,False
902,2018,Colombia,Inglaterra,Octavos,,61,Colombia,Carlos Bacca,,Jefferson Lerma,,False
903,2018,Colombia,Inglaterra,Octavos,,79,Colombia,Mateus Uribe,,Carlos Sánchez,,False
904,2018,Colombia,Inglaterra,Octavos,,88,Colombia,Luis Muriel,,Juan Quintero,,False
905,2018,Colombia,Inglaterra,Octavos,,116,Colombia,Cristian Zapata,,Santiago Arias,,False
906,2018,Colombia,Inglaterra,Octavos,,81,Inglaterra,Eric Dier,,Dele Alli,,False
907,2018,Colombia,Inglaterra,Octavos,,88,Inglaterra,Jamie Vardy,,Raheem Sterling,,False
908,2018,Colombia,Inglaterra,Octavos,,102,Inglaterra,Danny Rose,,Ashley Young,,False
909,2018,Colombia,Inglaterra,Octavos,,113,Inglaterra,Marcus Rashford,,Kyle Walker,,False
910,2018,Uruguay,Francia,Cuartos,,59,Uruguay,Maxi Gómez,,Christian Stuani,,False
911,2018,Uruguay,Francia,Cuartos,,59,Uruguay,Cristian Rodríguez,,Rodrigo Bentancur,,False
912,2018,Uruguay,Francia,Cuartos,,73,Uruguay,Jonathan Urretaviscaya,,Nahitan Nández,,False
913,2018,Uruguay,Francia,Cuartos,,80,Francia,Steven Nzonzi,,Corentin Tolisso,,False
914,2018,Uruguay,Francia,Cuartos,,88,Francia,Ousmane Dembélé,,Kylian Mbappé,,False
915,2018,Uruguay,Francia,Cuartos,,90,Francia,Nabil Fekir,,Antoine Griezmann,,False
916,2018,Brasil,Bélgica,Cuartos,,46,Brasil,Roberto Firmino,,Willian,,True
917,2018,Brasil,Bélgica,Cuartos,,58,Brasil,Douglas Costa,,Gabriel Jesus,,False
918,2018,Brasil,Bélgica,Cuartos,,73,Brasil,Renato Augusto,,Paulinho,,False
919,2018,Brasil,Bélgica,Cuartos,,83,lgica,Thomas Vermaelen,,Nacer Chadli,,False
920,2018,Brasil,Bélgica,Cuartos,,87,lgica,Youri Tielemans,,Romelu Lukaku,,False
921,2018,Rusia,Croacia,Cuartos,,54,Rusia,Aleksandr Yerokhin,,Aleksandr Samedov,,False
922,2018,Rusia,Croacia,Cuartos,,67,Rusia,Fyodor Smolov,,Denis Cheryshev,,False
923,2018,Rusia,Croacia,Cuartos,,79,Rusia,Yury Gazinsky,,Artem Dzyuba,,False
924,2018,Rusia,Croacia,Cuartos,,102,Rusia,Alan Dzagoev,,Aleksandr Golovin,,False
925,2018,Rusia,Croacia,Cuartos,,63,Croacia,Marcelo Brozovic,,Ivan Perisic,,False
926,2018,Rusia,Croacia,Cuartos,,74,Croacia,Josip Pivarić,,Ivan Strinić,,False
927,2018,Rusia,Croacia,Cuartos,,88,Croacia,Mateo Kovacic,,Andrej Kramarić,,False
928,2018,Rusia,Croacia,Cuartos,,97,Croacia,Vedran Corluka,,Sime Vrsaljko,,False
929,2018,Suecia,Inglaterra,Cuartos,,65,Suecia,John Guidetti,,Ola Toivonen,,False
930,2018,Suecia,Inglaterra,Cuartos,,65,Suecia,Martin Olsson,,Emil Forsberg,,False
931,2018,Suecia,Inglaterra,Cuartos,,85,Suecia,Pontus Jansson,,Emil Krafth,,False
932,2018,Suecia,Inglaterra,Cuartos,,77,Inglaterra,Fabian Delph,,Dele Alli,,False
933,2018,Suecia,Inglaterra,Cuartos,,85,Inglaterra,Eric Dier,,Jordan Henderson,,False
934,2018,Suecia,Inglaterra,Cuartos,,90,Inglaterra,Marcus Rashford,,Raheem Sterling,,False
935,2018,Francia,Bélgica,Semis,,85,Francia,Steven Nzonzi,,Olivier Giroud,,False
936,2018,Francia,Bélgica,Semis,,86,Francia,Corentin Tolisso,,Blaise Matuidi,,False
937,2018,Francia,Bélgica,Semis,,60,lgica,Dries Mertens,,Mousa Dembélé,,False
938,2018,Francia,Bélgica,Semis,,80,lgica,Yannick Carrasco,,Marouane Fellaini,,False
939,2018,Francia,Bélgica,Semis,,90,lgica,Michy Batshuayi,,Nacer Chadli,,False
940,2018,Croacia,Inglaterra,Semis,,95,Croacia,Josip Pivarić,,Ivan Strinić,,False
941,2018,Croacia,Inglaterra,Semis,,101,Croacia,Andrej Kramarić,,Ante Rebic,,False
942,2018,Croacia,Inglaterra,Semis,,115,Croacia,Vedran Corluka,,Mario Mandzukic,,False
943,2018,Croacia,Inglaterra,Semis,,119,Croacia,Milan Badelj,,Luka Modric,,False
944,2018,Croacia,Inglaterra,Semis,,74,Inglaterra,Marcus Rashford,,Raheem Sterling,,False
945,2018,Croacia,Inglaterra,Semis,,91,Inglaterra,Danny Rose,,Ashley Young,,True
946,2018,Croacia,Inglaterra,Semis,,97,Inglaterra,Eric Dier,,Jordan Henderson,,False
947,2018,Croacia,Inglaterra,Semis,,112,Inglaterra,Jamie Vardy,,Kyle Walker,,False
948,2018,Bélgica,Inglaterra,3er Puesto,,39,lgica,Thomas Vermaelen,,Nacer Chadli,,False
949,2018,Bélgica,Inglaterra,3er Puesto,,60,lgica,Dries Mertens,,Romelu Lukaku,,False
950,2018,Bélgica,Inglaterra,3er Puesto,,78,lgica,Mousa Dembélé,,Youri Tielemans,,False
951,2018,Bélgica,Inglaterra,3er Puesto,,46,Inglaterra,Marcus Rashford,,Raheem Sterling,,True
952,2018,Bélgica,Inglaterra,3er Puesto,,46,Inglaterra,Jesse Lingard,,Danny Rose,,True
953,2018,Bélgica,Inglaterra,3er Puesto,,84,Inglaterra,Dele Alli,,Ruben Loftus-Cheek,,False
954,2018,Francia,Croacia,Final,,55,Francia,Steven Nzonzi,,N'Golo Kanté,,False
955,2018,Francia,Croacia,Final,,73,Francia,Corentin Tolisso,,Blaise Matuidi,,False
956,2018,Francia,Croacia,Final,,81,Francia,Nabil Fekir,,Olivier Giroud,,False
957,2018,Francia,Croacia,Final,,71,Croacia,Andrej Kramarić,,Ante Rebic,,False
958,2018,Francia,Croacia,Final,,81,Croacia,Marko Pjaca,,Ivan Strinić,,False
959,2014,Brasil,Croacia,"1ra Ronda, Grupo A",A,63,Brasil,Hernanes,,Paulinho,,False
960,2014,Brasil,Croacia,"1ra Ronda, Grupo A",A,68,Brasil,Bernard,,Hulk,,False
961,2014,Brasil,Croacia,"1ra Ronda, Grupo A",A,61,Croacia,Marcelo Brozovic,,Mateo Kovacic,,False
962,2014,México,Camerún,"1ra Ronda, Grupo A",A,69,xico,Marco Fabián,,Andres Guardado,,False
963,2014,México,Camerún,"1ra Ronda, Grupo A",A,74,xico,Javier Hernandez,,Oribe Peralta,,False
964,2014,México,Camerún,"1ra Ronda, Grupo A",A,89,xico,Carlos Salcido,,Héctor Herrera,,False
965,2014,México,Camerún,"1ra Ronda, Grupo A",A,46,n,Dany Nounkeu,,Cedric Djeugoue,,True
966,2014,México,Camerún,"1ra Ronda, Grupo A",A,79,n,Pierre Webo,,Alexandre Song,,False
967,2014,España,Paises Bajos,"1ra Ronda, Grupo B",B,62,a,Pedro,,Xabi Alonso,,False
968,2014,España,Paises Bajos,"1ra Ronda, Grupo B",B,62,a,Fernando Torres,,Diego Costa,,False
969,2014,España,Paises Bajos,"1ra Ronda, Grupo B",B,78,a,Cesc Fabregas,,David Silva,,False
970,2014,España,Paises Bajos,"1ra Ronda, Grupo B",B,62,Paises Bajos,Georginio Wijnaldum,,Jonathan de Guzmán,,False
971,2014,España,Paises Bajos,"1ra Ronda, Grupo B",B,77,Paises Bajos,Joël Veltman,,Stefan de Vrij,,False
972,2014,España,Paises Bajos,"1ra Ronda, Grupo B",B,79,Paises Bajos,Jeremain Lens,,Robin Van Persie,,False
973,2014,Chile,Australia,"1ra Ronda, Grupo B",B,60,Chile,Felipe Gutierrez,,Arturo Vidal,,False
974,2014,Chile,Australia,"1ra Ronda, Grupo B",B,68,Chile,Jean Beausejour,,Jorge Valdivia,,False
975,2014,Chile,Australia,"1ra Ronda, Grupo B",B,88,Chile,Mauricio Pinilla,,Eduardo Vargas,,False
976,2014,Chile,Australia,"1ra Ronda, Grupo B",B,49,Australia,Ryan McGowan,,Ivan Franjic,,False
977,2014,Chile,Australia,"1ra Ronda, Grupo B",B,68,Australia,Ben Halloran,,Tommy Oar,,False
978,2014,Chile,Australia,"1ra Ronda, Grupo B",B,78,Australia,James Troisi,,Mark Bresciano,,False
979,2014,Colombia,Grecia,"1ra Ronda, Grupo C",C,69,Colombia,Alexander Mejía,,Abel Aguilar,,False
980,2014,Colombia,Grecia,"1ra Ronda, Grupo C",C,74,Colombia,Santiago Arias,,Pablo Armero,,False
981,2014,Colombia,Grecia,"1ra Ronda, Grupo C",C,76,Colombia,Jackson Martinez,,Teófilo Gutiérrez,,False
982,2014,Colombia,Grecia,"1ra Ronda, Grupo C",C,57,Grecia,Ioannis Fetfatzidis,,Dimitrios Salpingidis,,False
983,2014,Colombia,Grecia,"1ra Ronda, Grupo C",C,64,Grecia,Kostas Mitroglou,,Theofanis Gekas,,False
984,2014,Colombia,Grecia,"1ra Ronda, Grupo C",C,78,Grecia,Georgios Karagounis,,Panagiotis Kone,,False
985,2014,Costa de Marfil,Japón,"1ra Ronda, Grupo C",C,62,Costa de Marfil,Didier Drogba,,Serey Die,,False
986,2014,Costa de Marfil,Japón,"1ra Ronda, Grupo C",C,75,Costa de Marfil,Constant Djakpa,,Arthur Boka,,False
987,2014,Costa de Marfil,Japón,"1ra Ronda, Grupo C",C,78,Costa de Marfil,Didier Ya Konan,,Wilfried Bony,,False
988,2014,Costa de Marfil,Japón,"1ra Ronda, Grupo C",C,54,n,Yasuhito Endo,,Makoto Hasebe,,False
989,2014,Costa de Marfil,Japón,"1ra Ronda, Grupo C",C,67,n,Yoshito Okubo,,Yuya Osako,,False
990,2014,Costa de Marfil,Japón,"1ra Ronda, Grupo C",C,86,n,Yoichiro Kakitani,,Shinji Kagawa,,False
991,2014,Uruguay,Costa Rica,"1ra Ronda, Grupo D",D,60,Uruguay,Alvaro González,,Walter Gargano,,False
992,2014,Uruguay,Costa Rica,"1ra Ronda, Grupo D",D,60,Uruguay,Nicolas Lodeiro,,Diego Forlan,,False
993,2014,Uruguay,Costa Rica,"1ra Ronda, Grupo D",D,76,Uruguay,Abel Hernández,,Cristian Rodríguez,,False
994,2014,Uruguay,Costa Rica,"1ra Ronda, Grupo D",D,74,Costa Rica,José Cubero,,Yeltsin Tejeda,,False
995,2014,Uruguay,Costa Rica,"1ra Ronda, Grupo D",D,83,Costa Rica,Marco Ureña,,Bryan Ruiz,,False
996,2014,Uruguay,Costa Rica,"1ra Ronda, Grupo D",D,89,Costa Rica,Michael Barrantes,,Christian Bolaños,,False
997,2014,Inglaterra,Italia,"1ra Ronda, Grupo D",D,61,Inglaterra,Ross Barkley,,Danny Welbeck,,False
998,2014,Inglaterra,Italia,"1ra Ronda, Grupo D",D,73,Inglaterra,Jack Wilshere,,Jordan Henderson,,False
999,2014,Inglaterra,Italia,"1ra Ronda, Grupo D",D,80,Inglaterra,Adam Lallana,,Daniel Sturridge,,False
1000,2014,Inglaterra,Italia,"1ra Ronda, Grupo D",D,57,Italia,Thiago Motta,,Marco Verratti,,False
1001,2014,Inglaterra,Italia,"1ra Ronda, Grupo D",D,73,Italia,Ciro Immobile,,Mario Balotelli,,False
1002,2014,Inglaterra,Italia,"1ra Ronda, Grupo D",D,79,Italia,Marco Parolo,,Antonio Candreva,,False
1003,2014,Suiza,Ecuador,"1ra Ronda, Grupo E",E,46,Suiza,Admir Mehmedi,,Valentin Stocker,,True
1004,2014,Suiza,Ecuador,"1ra Ronda, Grupo E",E,75,Suiza,Haris Seferovic,,Josip Drmic,,False
1005,2014,Suiza,Ecuador,"1ra Ronda, Grupo E",E,70,Ecuador,Michael Arroyo,,Felipe Caicedo,,False
1006,2014,Suiza,Ecuador,"1ra Ronda, Grupo E",E,77,Ecuador,Joao Rojas,,Jefferson Montero,,False
1007,2014,Francia,Honduras,"1ra Ronda, Grupo E",E,57,Francia,Moussa Sissoko,,Paul Pogba,,False
1008,2014,Francia,Honduras,"1ra Ronda, Grupo E",E,65,Francia,Rio Mavuba,,Yohan Cabaye,,False
1009,2014,Francia,Honduras,"1ra Ronda, Grupo E",E,78,Francia,Olivier Giroud,,Mathieu Valbuena,,False
1010,2014,Francia,Honduras,"1ra Ronda, Grupo E",E,46,Honduras,Oscar Boniek Garcia,,Jerry Bengtson,,True
1011,2014,Francia,Honduras,"1ra Ronda, Grupo E",E,46,Honduras,Osman Chavez,,Victor Bernardez,,True
1012,2014,Francia,Honduras,"1ra Ronda, Grupo E",E,58,Honduras,Jorge Claros,,Andy Najar,,False
1013,2014,Argentina,Bosnia-Herzegovina,"1ra Ronda, Grupo F",F,46,Argentina,Fernando Gago,,Hugo Campagnaro,,True
1014,2014,Argentina,Bosnia-Herzegovina,"1ra Ronda, Grupo F",F,46,Argentina,Gonzalo Higuain,,Maxi Rodriguez,,True
1015,2014,Argentina,Bosnia-Herzegovina,"1ra Ronda, Grupo F",F,87,Argentina,Lucas Biglia,,Sergio Agüero,,False
1016,2014,Argentina,Bosnia-Herzegovina,"1ra Ronda, Grupo F",F,69,Herzegovina,Vedad Ibisevic,,Mensur Mujdza,,False
1017,2014,Argentina,Bosnia-Herzegovina,"1ra Ronda, Grupo F",F,71,Herzegovina,Edin Visca,,Izet Hajrovic,,False
1018,2014,Argentina,Bosnia-Herzegovina,"1ra Ronda, Grupo F",F,74,Herzegovina,Haris Medunjanin,,Zvjezdan Misimovic,,False
1019,2014,Irán,Nigeria,"1ra Ronda, Grupo F",F,73,n,Alireza Jahanbakhsh,,Ashkan Dejagah,,False
1020,2014,Irán,Nigeria,"1ra Ronda, Grupo F",F,89,n,Masoud Shojaei,,Khosro Heydari,,False
1021,2014,Irán,Nigeria,"1ra Ronda, Grupo F",F,29,Nigeria,Joseph Yobo,,Godfrey Oboabona,,False
1022,2014,Irán,Nigeria,"1ra Ronda, Grupo F",F,52,Nigeria,Shola Ameobi,,Victor Moses,,False
1023,2014,Irán,Nigeria,"1ra Ronda, Grupo F",F,69,Nigeria,Peter Odemwingie,,Ramón Azeez,,False
1024,2014,Alemania,Portugal,"1ra Ronda, Grupo G",G,63,Alemania,André Schürrle,,Mesut Ozil,,False
1025,2014,Alemania,Portugal,"1ra Ronda, Grupo G",G,73,Alemania,Shkodran Mustafi,,Mats Hummels,,False
1026,2014,Alemania,Portugal,"1ra Ronda, Grupo G",G,82,Alemania,Lukas Podolski,,Thomas Müller,,False
1027,2014,Alemania,Portugal,"1ra Ronda, Grupo G",G,28,Portugal,Eder,,Hugo Almeida,,False
1028,2014,Alemania,Portugal,"1ra Ronda, Grupo G",G,46,Portugal,Ricardo Costa,,Miguel Veloso,,True
1029,2014,Alemania,Portugal,"1ra Ronda, Grupo G",G,65,Portugal,André Almeida,,Fabio Coentrao,,False
1030,2014,Ghana,Estados Unidos,"1ra Ronda, Grupo G",G,59,Ghana,Kevin Prince Boateng,,Jordan Ayew,,False
1031,2014,Ghana,Estados Unidos,"1ra Ronda, Grupo G",G,71,Ghana,Michael Essien,,Mohammed Rabiu,,False
1032,2014,Ghana,Estados Unidos,"1ra Ronda, Grupo G",G,78,Ghana,Albert Adomah,,Christian Atsu,,False
1033,2014,Ghana,Estados Unidos,"1ra Ronda, Grupo G",G,23,Estados Unidos,Aron Jóhannsson,,Jozy Altidore,,False
1034,2014,Ghana,Estados Unidos,"1ra Ronda, Grupo G",G,46,Estados Unidos,John Anthony Brooks,,Matt Besler,,True
1035,2014,Ghana,Estados Unidos,"1ra Ronda, Grupo G",G,77,Estados Unidos,Graham Zusi,,Alejandro Bedoya,,False
1036,2014,Bélgica,Argelia,"1ra Ronda, Grupo H",H,46,lgica,Dries Mertens,,Nacer Chadli,,True
1037,2014,Bélgica,Argelia,"1ra Ronda, Grupo H",H,58,lgica,Divock Origi,,Romelu Lukaku,,False
1038,2014,Bélgica,Argelia,"1ra Ronda, Grupo H",H,65,lgica,Marouane Fellaini,,Mousa Dembélé,,False
1039,2014,Bélgica,Argelia,"1ra Ronda, Grupo H",H,66,Argelia,Islam Slimani,,El Arabi Soudani,,False
1040,2014,Bélgica,Argelia,"1ra Ronda, Grupo H",H,71,Argelia,Medhi Lacen,,Riyad Mahrez,,False
1041,2014,Bélgica,Argelia,"1ra Ronda, Grupo H",H,84,Argelia,Nabil Ghilas,,Carl Medjani,,False
1042,2014,Rusia,Corea del Sur,"1ra Ronda, Grupo H",H,59,Rusia,Alan Dzagoev,,Oleg Shatov,,False
1043,2014,Rusia,Corea del Sur,"1ra Ronda, Grupo H",H,71,Rusia,Alexander Kerzhakov,,Yuri Zhirkov,,False
1044,2014,Rusia,Corea del Sur,"1ra Ronda, Grupo H",H,72,Rusia,Igor Denisov,,Denis Glushakov,,False
1045,2014,Rusia,Corea del Sur,"1ra Ronda, Grupo H",H,56,Corea del Sur,Keun-Ho Lee,,Chu Young Park,,False
1046,2014,Rusia,Corea del Sur,"1ra Ronda, Grupo H",H,73,Corea del Sur,Seok-Ho Hwang,,Jeong-Ho Hong,,False
1047,2014,Rusia,Corea del Sur,"1ra Ronda, Grupo H",H,84,Corea del Sur,Bo Kyung Kim,,Heung-Min Son,,False
1048,2014,Brasil,México,"1ra Ronda, Grupo A",A,46,Brasil,Bernard,,Ramires,,True
1049,2014,Brasil,México,"1ra Ronda, Grupo A",A,68,Brasil,Jo,,Fred,,False
1050,2014,Brasil,México,"1ra Ronda, Grupo A",A,84,Brasil,Willian,,Oscar,,False
1051,2014,Brasil,México,"1ra Ronda, Grupo A",A,74,xico,Javier Hernandez,,Oribe Peralta,,False
1052,2014,Brasil,México,"1ra Ronda, Grupo A",A,76,xico,Marco Fabián,,Héctor Herrera,,False
1053,2014,Brasil,México,"1ra Ronda, Grupo A",A,84,xico,Raúl Jiménez,,Giovani dos Santos,,False
1054,2014,Camerún,Croacia,"1ra Ronda, Grupo A",A,46,n,Dany Nounkeu,,Aurelien Chedjou,,True
1055,2014,Camerún,Croacia,"1ra Ronda, Grupo A",A,70,n,Pierre Webo,,Vincent Aboubakar,,False
1056,2014,Camerún,Croacia,"1ra Ronda, Grupo A",A,75,n,Edgar Salli,,Eric Maxim Choupo Moting,,False
1057,2014,Camerún,Croacia,"1ra Ronda, Grupo A",A,69,Croacia,Eduardo,,Ivica Olic,,False
1058,2014,Camerún,Croacia,"1ra Ronda, Grupo A",A,72,Croacia,Mateo Kovacic,,Sammir,,False
1059,2014,Camerún,Croacia,"1ra Ronda, Grupo A",A,78,Croacia,Ante Rebic,,Ivan Perisic,,False
1060,2014,España,Chile,"1ra Ronda, Grupo B",B,46,a,Koke,,Xabi Alonso,,True
1061,2014,España,Chile,"1ra Ronda, Grupo B",B,64,a,Fernando Torres,,Diego Costa,,False
1062,2014,España,Chile,"1ra Ronda, Grupo B",B,76,a,Santiago Cazorla,,Pedro,,False
1063,2014,España,Chile,"1ra Ronda, Grupo B",B,64,Chile,Felipe Gutierrez,,Charles Aránguiz,,False
1064,2014,España,Chile,"1ra Ronda, Grupo B",B,85,Chile,Jorge Valdivia,,Eduardo Vargas,,False
1065,2014,España,Chile,"1ra Ronda, Grupo B",B,88,Chile,Carlos Carmona,,Arturo Vidal,,False
1066,2014,Australia,Paises Bajos,"1ra Ronda, Grupo B",B,51,Australia,Oliver Bozanic,,Mark Bresciano,,False
1067,2014,Australia,Paises Bajos,"1ra Ronda, Grupo B",B,69,Australia,Ben Halloran,,Tim Cahill,,False
1068,2014,Australia,Paises Bajos,"1ra Ronda, Grupo B",B,77,Australia,Adam Taggart,,Tommy Oar,,False
1069,2014,Australia,Paises Bajos,"1ra Ronda, Grupo B",B,45,Paises Bajos,Memphis Depay,,Bruno Martins Indi,,False
1070,2014,Australia,Paises Bajos,"1ra Ronda, Grupo B",B,78,Paises Bajos,Georginio Wijnaldum,,Jonathan de Guzmán,,False
1071,2014,Australia,Paises Bajos,"1ra Ronda, Grupo B",B,87,Paises Bajos,Jeremain Lens,,Robin Van Persie,,False
1072,2014,Colombia,Costa de Marfil,"1ra Ronda, Grupo C",C,53,Colombia,Juan Quintero,,Víctor Ibarbo,,False
1073,2014,Colombia,Costa de Marfil,"1ra Ronda, Grupo C",C,72,Colombia,Santiago Arias,,Pablo Armero,,False
1074,2014,Colombia,Costa de Marfil,"1ra Ronda, Grupo C",C,79,Colombia,Alexander Mejía,,Abel Aguilar,,False
1075,2014,Colombia,Costa de Marfil,"1ra Ronda, Grupo C",C,60,Costa de Marfil,Didier Drogba,,Wilfried Bony,,False
1076,2014,Colombia,Costa de Marfil,"1ra Ronda, Grupo C",C,67,Costa de Marfil,Salomon Kalou,,Max Gradel,,False
1077,2014,Colombia,Costa de Marfil,"1ra Ronda, Grupo C",C,73,Costa de Marfil,Mathis Bolly,,Serey Die,,False
1078,2014,Japón,Grecia,"1ra Ronda, Grupo C",C,46,n,Yasuhito Endo,,Makoto Hasebe,,True
1079,2014,Japón,Grecia,"1ra Ronda, Grupo C",C,57,n,Shinji Kagawa,,Yuya Osako,,False
1080,2014,Japón,Grecia,"1ra Ronda, Grupo C",C,35,Grecia,Theofanis Gekas,,Kostas Mitroglou,,False
1081,2014,Japón,Grecia,"1ra Ronda, Grupo C",C,41,Grecia,Georgios Karagounis,,Ioannis Fetfatzidis,,False
1082,2014,Japón,Grecia,"1ra Ronda, Grupo C",C,81,Grecia,Dimitrios Salpingidis,,Panagiotis Kone,,False
1083,2014,Uruguay,Inglaterra,"1ra Ronda, Grupo D",D,67,Uruguay,Christian Stuani,,Nicolas Lodeiro,,False
1084,2014,Uruguay,Inglaterra,"1ra Ronda, Grupo D",D,79,Uruguay,Jorge Fucile,,Alvaro González,,False
1085,2014,Uruguay,Inglaterra,"1ra Ronda, Grupo D",D,88,Uruguay,Sebastián Coates,,Luis Suarez,,False
1086,2014,Uruguay,Inglaterra,"1ra Ronda, Grupo D",D,64,Inglaterra,Ross Barkley,,Raheem Sterling,,False
1087,2014,Uruguay,Inglaterra,"1ra Ronda, Grupo D",D,71,Inglaterra,Adam Lallana,,Danny Welbeck,,False
1088,2014,Uruguay,Inglaterra,"1ra Ronda, Grupo D",D,87,Inglaterra,Rickie Lambert,,Jordan Henderson,,False
1089,2014,Italia,Costa Rica,"1ra Ronda, Grupo D",D,46,Italia,Antonio Cassano,,Thiago Motta,,True
1090,2014,Italia,Costa Rica,"1ra Ronda, Grupo D",D,57,Italia,Lorenzo Insigne,,Antonio Candreva,,False
1091,2014,Italia,Costa Rica,"1ra Ronda, Grupo D",D,69,Italia,Alessio Cerci,,Claudio Marchisio,,False
1092,2014,Italia,Costa Rica,"1ra Ronda, Grupo D",D,68,Costa Rica,José Cubero,,Yeltsin Tejeda,,False
1093,2014,Italia,Costa Rica,"1ra Ronda, Grupo D",D,74,Costa Rica,Marco Ureña,,Joel Campbell,,False
1094,2014,Italia,Costa Rica,"1ra Ronda, Grupo D",D,81,Costa Rica,Randall Brenes,,Bryan Ruiz,,False
1095,2014,Suiza,Francia,"1ra Ronda, Grupo E",E,9,Suiza,Philippe Senderos,,Steve Von Bergen,,False
1096,2014,Suiza,Francia,"1ra Ronda, Grupo E",E,46,Suiza,Blerim Dzemaili,,Valon Behrami,,True
1097,2014,Suiza,Francia,"1ra Ronda, Grupo E",E,69,Suiza,Josip Drmic,,Haris Seferovic,,False
1098,2014,Suiza,Francia,"1ra Ronda, Grupo E",E,63,Francia,Paul Pogba,,Olivier Giroud,,False
1099,2014,Suiza,Francia,"1ra Ronda, Grupo E",E,66,Francia,Laurent Koscielny,,Mamadou Sakho,,False
1100,2014,Suiza,Francia,"1ra Ronda, Grupo E",E,82,Francia,Antoine Griezmann,,Mathieu Valbuena,,False
1101,2014,Honduras,Ecuador,"1ra Ronda, Grupo E",E,46,Honduras,Juan Carlos García,,Emilio Izaguirre,,True
1102,2014,Honduras,Ecuador,"1ra Ronda, Grupo E",E,71,Honduras,Mario Martínez,,Luis Garrido,,False
1103,2014,Honduras,Ecuador,"1ra Ronda, Grupo E",E,83,Honduras,Marvin Chávez,,Oscar Boniek Garcia,,False
1104,2014,Honduras,Ecuador,"1ra Ronda, Grupo E",E,82,Ecuador,Edison Mendez,,Felipe Caicedo,,False
1105,2014,Honduras,Ecuador,"1ra Ronda, Grupo E",E,83,Ecuador,Carlos Gruezo,,Oswaldo Minda,,False
1106,2014,Honduras,Ecuador,"1ra Ronda, Grupo E",E,90,Ecuador,Gabriel Achilier,,Jefferson Montero,,False
1107,2014,Argentina,Irán,"1ra Ronda, Grupo F",F,76,Argentina,Ezequiel Lavezzi,,Sergio Agüero,,False
1108,2014,Argentina,Irán,"1ra Ronda, Grupo F",F,76,Argentina,Rodrigo Palacio,,Gonzalo Higuain,,False
1109,2014,Argentina,Irán,"1ra Ronda, Grupo F",F,90,Argentina,Lucas Biglia,,Angel Di Maria,,False
1110,2014,Argentina,Irán,"1ra Ronda, Grupo F",F,76,n,Khosro Heydari,,Masoud Shojaei,,False
1111,2014,Argentina,Irán,"1ra Ronda, Grupo F",F,85,n,Alireza Jahanbakhsh,,Ashkan Dejagah,,False
1112,2014,Argentina,Irán,"1ra Ronda, Grupo F",F,88,n,Reza Haghighi,,Ehsan Hajsafi,,False
1113,2014,Nigeria,Bosnia-Herzegovina,"1ra Ronda, Grupo F",F,65,Nigeria,Shola Ameobi,,Ahmed Musa,,False
1114,2014,Nigeria,Bosnia-Herzegovina,"1ra Ronda, Grupo F",F,75,Nigeria,Ejike Uzoenyi,,Michel Babatunde,,False
1115,2014,Nigeria,Bosnia-Herzegovina,"1ra Ronda, Grupo F",F,57,Herzegovina,Vedad Ibisevic,,Izet Hajrovic,,False
1116,2014,Nigeria,Bosnia-Herzegovina,"1ra Ronda, Grupo F",F,58,Herzegovina,Sejad Salihovic,,Senad Lulic,,False
1117,2014,Nigeria,Bosnia-Herzegovina,"1ra Ronda, Grupo F",F,64,Herzegovina,Tino Susic,,Haris Medunjanin,,False
1118,2014,Alemania,Ghana,"1ra Ronda, Grupo G",G,46,Alemania,Shkodran Mustafi,,Jérôme Boateng,,True
1119,2014,Alemania,Ghana,"1ra Ronda, Grupo G",G,69,Alemania,Miroslav Klose,,Mario Götze,,False
1120,2014,Alemania,Ghana,"1ra Ronda, Grupo G",G,70,Alemania,Bastian Schweinsteiger,,Sami Khedira,,False
1121,2014,Alemania,Ghana,"1ra Ronda, Grupo G",G,52,Ghana,Jordan Ayew,,Kevin Prince Boateng,,False
1122,2014,Alemania,Ghana,"1ra Ronda, Grupo G",G,72,Ghana,Mubarak Wakaso,,Christian Atsu,,False
1123,2014,Alemania,Ghana,"1ra Ronda, Grupo G",G,78,Ghana,Emmanuel Agyemang-Badu,,Mohammed Rabiu,,False
1124,2014,Estados Unidos,Portugal,"1ra Ronda, Grupo G",G,72,Estados Unidos,DeAndre Yedlin,,Alejandro Bedoya,,False
1125,2014,Estados Unidos,Portugal,"1ra Ronda, Grupo G",G,87,Estados Unidos,Chris Wondolowski,,Clint Dempsey,,False
1126,2014,Estados Unidos,Portugal,"1ra Ronda, Grupo G",G,90,Estados Unidos,Omar González,,Graham Zusi,,False
1127,2014,Estados Unidos,Portugal,"1ra Ronda, Grupo G",G,16,Portugal,Eder,,Helder Postiga,,False
1128,2014,Estados Unidos,Portugal,"1ra Ronda, Grupo G",G,46,Portugal,William Carvalho,,André Almeida,,True
1129,2014,Estados Unidos,Portugal,"1ra Ronda, Grupo G",G,69,Portugal,Silvestre Varela,,Raul Meireles,,False
1130,2014,Bélgica,Rusia,"1ra Ronda, Grupo H",H,31,lgica,Jan Vertonghen,,Thomas Vermaelen,,False
1131,2014,Bélgica,Rusia,"1ra Ronda, Grupo H",H,57,lgica,Divock Origi,,Romelu Lukaku,,False
1132,2014,Bélgica,Rusia,"1ra Ronda, Grupo H",H,75,lgica,Kevin Mirallas,,Dries Mertens,,False
1133,2014,Bélgica,Rusia,"1ra Ronda, Grupo H",H,62,Rusia,Andrey Yeshchenko,,Aleksei Kozlov,,False
1134,2014,Bélgica,Rusia,"1ra Ronda, Grupo H",H,83,Rusia,Alan Dzagoev,,Oleg Shatov,,False
1135,2014,Bélgica,Rusia,"1ra Ronda, Grupo H",H,90,Rusia,Alexander Kerzhakov,,Aleksandr Samedov,,False
1136,2014,Corea del Sur,Argelia,"1ra Ronda, Grupo H",H,57,Corea del Sur,Shin-Wook Kim,,Chu Young Park,,False
1137,2014,Corea del Sur,Argelia,"1ra Ronda, Grupo H",H,64,Corea del Sur,Keun-Ho Lee,,Chung-yong Lee,,False
1138,2014,Corea del Sur,Argelia,"1ra Ronda, Grupo H",H,78,Corea del Sur,Dong-Won Ji,,Kook-Young Han,,False
1139,2014,Corea del Sur,Argelia,"1ra Ronda, Grupo H",H,73,Argelia,Nabil Ghilas,,Abdelmoumene Djabou,,False
1140,2014,Corea del Sur,Argelia,"1ra Ronda, Grupo H",H,77,Argelia,Medhi Lacen,,Yacine Brahimi,,False
1141,2014,Corea del Sur,Argelia,"1ra Ronda, Grupo H",H,89,Argelia,Essaïd Belkalem,,Madjid Bougherra,,False
1142,2014,Camerún,Brasil,"1ra Ronda, Grupo A",A,58,n,Edgar Salli,,Benjamin Moukandjo,,False
1143,2014,Camerún,Brasil,"1ra Ronda, Grupo A",A,72,n,Pierre Webo,,Vincent Aboubakar,,False
1144,2014,Camerún,Brasil,"1ra Ronda, Grupo A",A,81,n,Jean Makoun,,Eric Maxim Choupo Moting,,False
1145,2014,Camerún,Brasil,"1ra Ronda, Grupo A",A,46,Brasil,Fernandinho,,Paulinho,,True
1146,2014,Camerún,Brasil,"1ra Ronda, Grupo A",A,63,Brasil,Ramires,,Hulk,,False
1147,2014,Camerún,Brasil,"1ra Ronda, Grupo A",A,71,Brasil,Willian,,Neymar Jr.,,False
1148,2014,Croacia,México,"1ra Ronda, Grupo A",A,58,Croacia,Mateo Kovacic,,Sime Vrsaljko,,False
1149,2014,Croacia,México,"1ra Ronda, Grupo A",A,69,Croacia,Ante Rebic,,Ivica Olic,,False
1150,2014,Croacia,México,"1ra Ronda, Grupo A",A,74,Croacia,Nikica Jelavic,,Danijel Pranjic,,False
1151,2014,Croacia,México,"1ra Ronda, Grupo A",A,62,xico,Javier Hernandez,,Giovani dos Santos,,False
1152,2014,Croacia,México,"1ra Ronda, Grupo A",A,79,xico,Carlos Peña,,Oribe Peralta,,False
1153,2014,Croacia,México,"1ra Ronda, Grupo A",A,84,xico,Marco Fabián,,Andres Guardado,,False
1154,2014,Australia,España,"1ra Ronda, Grupo B",B,46,Australia,Ben Halloran,,Adam Taggart,,True
1155,2014,Australia,España,"1ra Ronda, Grupo B",B,61,Australia,James Troisi,,Tommy Oar,,False
1156,2014,Australia,España,"1ra Ronda, Grupo B",B,72,Australia,Mark Bresciano,,Oliver Bozanic,,False
1157,2014,Australia,España,"1ra Ronda, Grupo B",B,56,a,Juan Mata,,David Villa,,False
1158,2014,Australia,España,"1ra Ronda, Grupo B",B,68,a,Cesc Fabregas,,Santiago Cazorla,,False
1159,2014,Australia,España,"1ra Ronda, Grupo B",B,83,a,David Silva,,Xabi Alonso,,False
1160,2014,Paises Bajos,Chile,"1ra Ronda, Grupo B",B,69,Paises Bajos,Memphis Depay,,Jeremain Lens,,False
1161,2014,Paises Bajos,Chile,"1ra Ronda, Grupo B",B,75,Paises Bajos,Leroy Fer,,Wesley Sneijder,,False
1162,2014,Paises Bajos,Chile,"1ra Ronda, Grupo B",B,89,Paises Bajos,Terence Kongolo,,Dirk Kuyt,,False
1163,2014,Paises Bajos,Chile,"1ra Ronda, Grupo B",B,46,Chile,Jean Beausejour,,Felipe Gutierrez,,True
1164,2014,Paises Bajos,Chile,"1ra Ronda, Grupo B",B,70,Chile,Jorge Valdivia,,Francisco Silva,,False
1165,2014,Paises Bajos,Chile,"1ra Ronda, Grupo B",B,81,Chile,Mauricio Pinilla,,Eduardo Vargas,,False
1166,2014,Japón,Colombia,"1ra Ronda, Grupo C",C,62,n,Hotaru Yamaguchi,,Toshihiro Aoyama,,False
1167,2014,Japón,Colombia,"1ra Ronda, Grupo C",C,69,n,Yoichiro Kakitani,,Shinji Okazaki,,False
1168,2014,Japón,Colombia,"1ra Ronda, Grupo C",C,85,n,Hiroshi Kiyotake,,Shinji Kagawa,,False
1169,2014,Japón,Colombia,"1ra Ronda, Grupo C",C,46,Colombia,Carlos Carbonero,,Juan Guillermo Cuadrado,,True
1170,2014,Japón,Colombia,"1ra Ronda, Grupo C",C,46,Colombia,James Rodríguez,,Juan Quintero,,True
1171,2014,Japón,Colombia,"1ra Ronda, Grupo C",C,85,Colombia,Farid Mondragon,,David Ospina,,False
1172,2014,Grecia,Costa de Marfil,"1ra Ronda, Grupo C",C,12,Grecia,Andreas Samaris,,Panagiotis Kone,,False
1173,2014,Grecia,Costa de Marfil,"1ra Ronda, Grupo C",C,24,Grecia,Panagiotis Glykos,,Orestis Karnezis,,False
1174,2014,Grecia,Costa de Marfil,"1ra Ronda, Grupo C",C,78,Grecia,Theofanis Gekas,,Georgios Karagounis,,False
1175,2014,Grecia,Costa de Marfil,"1ra Ronda, Grupo C",C,61,Costa de Marfil,Wilfried Bony,,Ismael Tiote,,False
1176,2014,Grecia,Costa de Marfil,"1ra Ronda, Grupo C",C,78,Costa de Marfil,Ismael Diomande,,Didier Drogba,,False
1177,2014,Grecia,Costa de Marfil,"1ra Ronda, Grupo C",C,83,Costa de Marfil,Giovanni Sio,,Gervinho,,False
1178,2014,Italia,Uruguay,"1ra Ronda, Grupo D",D,46,Italia,Marco Parolo,,Mario Balotelli,,True
1179,2014,Italia,Uruguay,"1ra Ronda, Grupo D",D,71,Italia,Antonio Cassano,,Ciro Immobile,,False
1180,2014,Italia,Uruguay,"1ra Ronda, Grupo D",D,75,Italia,Thiago Motta,,Marco Verratti,,False
1181,2014,Italia,Uruguay,"1ra Ronda, Grupo D",D,46,Uruguay,Maximiliano Pereira,,Nicolas Lodeiro,,True
1182,2014,Italia,Uruguay,"1ra Ronda, Grupo D",D,63,Uruguay,Christian Stuani,,Alvaro Pereira,,False
1183,2014,Italia,Uruguay,"1ra Ronda, Grupo D",D,78,Uruguay,Gastón Ramírez,,Cristian Rodríguez,,False
1184,2014,Costa Rica,Inglaterra,"1ra Ronda, Grupo D",D,59,Costa Rica,Christian Bolaños,,Randall Brenes,,False
1185,2014,Costa Rica,Inglaterra,"1ra Ronda, Grupo D",D,65,Costa Rica,Marco Ureña,,Joel Campbell,,False
1186,2014,Costa Rica,Inglaterra,"1ra Ronda, Grupo D",D,78,Costa Rica,Michael Barrantes,,Celso Borges,,False
1187,2014,Costa Rica,Inglaterra,"1ra Ronda, Grupo D",D,62,Inglaterra,Raheem Sterling,,Adam Lallana,,False
1188,2014,Costa Rica,Inglaterra,"1ra Ronda, Grupo D",D,73,Inglaterra,Steven Gerrard,,Jack Wilshere,,False
1189,2014,Costa Rica,Inglaterra,"1ra Ronda, Grupo D",D,76,Inglaterra,Wayne Rooney,,James Milner,,False
1190,2014,Honduras,Suiza,"1ra Ronda, Grupo E",E,40,Honduras,Jerry Palacios,,Carlo Costly,,False
1191,2014,Honduras,Suiza,"1ra Ronda, Grupo E",E,46,Honduras,Marvin Chávez,,Roger Espinoza,,True
1192,2014,Honduras,Suiza,"1ra Ronda, Grupo E",E,77,Honduras,Andy Najar,,Oscar Boniek Garcia,,False
1193,2014,Honduras,Suiza,"1ra Ronda, Grupo E",E,73,Suiza,Haris Seferovic,,Josip Drmic,,False
1194,2014,Honduras,Suiza,"1ra Ronda, Grupo E",E,77,Suiza,Michael Lang,,Granit Xhaka,,False
1195,2014,Honduras,Suiza,"1ra Ronda, Grupo E",E,87,Suiza,Blerim Dzemaili,,Xherdan Shaqiri,,False
1196,2014,Ecuador,Francia,"1ra Ronda, Grupo E",E,63,Ecuador,Renato Ibarra,,Jefferson Montero,,False
1197,2014,Ecuador,Francia,"1ra Ronda, Grupo E",E,82,Ecuador,Gabriel Achilier,,Michael Arroyo,,False
1198,2014,Ecuador,Francia,"1ra Ronda, Grupo E",E,89,Ecuador,Felipe Caicedo,,Christian Noboa,,False
1199,2014,Ecuador,Francia,"1ra Ronda, Grupo E",E,61,Francia,Raphael Varane,,Mamadou Sakho,,False
1200,2014,Ecuador,Francia,"1ra Ronda, Grupo E",E,67,Francia,Olivier Giroud,,Blaise Matuidi,,False
1201,2014,Ecuador,Francia,"1ra Ronda, Grupo E",E,79,Francia,Loïc Rémy,,Antoine Griezmann,,False
1202,2014,Nigeria,Argentina,"1ra Ronda, Grupo F",F,66,Nigeria,Michael Uchebo,,Michel Babatunde,,False
1203,2014,Nigeria,Argentina,"1ra Ronda, Grupo F",F,80,Nigeria,Uche Nwofor,,Peter Odemwingie,,False
1204,2014,Nigeria,Argentina,"1ra Ronda, Grupo F",F,38,Argentina,Ezequiel Lavezzi,,Sergio Agüero,,False
1205,2014,Nigeria,Argentina,"1ra Ronda, Grupo F",F,63,Argentina,Ricardo Álvarez,,Lionel Messi,,False
1206,2014,Nigeria,Argentina,"1ra Ronda, Grupo F",F,90,Argentina,Lucas Biglia,,Gonzalo Higuain,,False
1207,2014,Bosnia-Herzegovina,Irán,"1ra Ronda, Grupo F",F,61,Herzegovina,Ognjen Vranjes,,Anel Hadzic,,False
1208,2014,Bosnia-Herzegovina,Irán,"1ra Ronda, Grupo F",F,79,Herzegovina,Sejad Salihovic,,Tino Susic,,False
1209,2014,Bosnia-Herzegovina,Irán,"1ra Ronda, Grupo F",F,84,Herzegovina,Edin Visca,,Edin Dzeko,,False
1210,2014,Bosnia-Herzegovina,Irán,"1ra Ronda, Grupo F",F,46,n,Khosro Heydari,,Masoud Shojaei,,True
1211,2014,Bosnia-Herzegovina,Irán,"1ra Ronda, Grupo F",F,63,n,Alireza Jahanbakhsh,,Ehsan Hajsafi,,False
1212,2014,Bosnia-Herzegovina,Irán,"1ra Ronda, Grupo F",F,68,n,Karim Ansarifard,,Ashkan Dejagah,,False
1213,2014,Estados Unidos,Alemania,"1ra Ronda, Grupo G",G,59,Estados Unidos,Alejandro Bedoya,,Brad Davis,,False
1214,2014,Estados Unidos,Alemania,"1ra Ronda, Grupo G",G,84,Estados Unidos,DeAndre Yedlin,,Graham Zusi,,False
1215,2014,Estados Unidos,Alemania,"1ra Ronda, Grupo G",G,46,Alemania,Miroslav Klose,,Lukas Podolski,,True
1216,2014,Estados Unidos,Alemania,"1ra Ronda, Grupo G",G,76,Alemania,Mario Götze,,Bastian Schweinsteiger,,False
1217,2014,Estados Unidos,Alemania,"1ra Ronda, Grupo G",G,89,Alemania,André Schürrle,,Mesut Ozil,,False
1218,2014,Portugal,Ghana,"1ra Ronda, Grupo G",G,61,Portugal,Silvestre Varela,,João Pereira,,False
1219,2014,Portugal,Ghana,"1ra Ronda, Grupo G",G,69,Portugal,Vieirinha,,Eder,,False
1220,2014,Portugal,Ghana,"1ra Ronda, Grupo G",G,89,Portugal,Eduardo,,Beto,,False
1221,2014,Portugal,Ghana,"1ra Ronda, Grupo G",G,71,Ghana,Jordan Ayew,,Majeed Waris,,False
1222,2014,Portugal,Ghana,"1ra Ronda, Grupo G",G,76,Ghana,Afriyie Acquah,,Mohammed Rabiu,,False
1223,2014,Portugal,Ghana,"1ra Ronda, Grupo G",G,81,Ghana,Mubarak Wakaso,,Andre Ayew,,False
1224,2014,Corea del Sur,Bélgica,"1ra Ronda, Grupo H",H,46,Corea del Sur,Keun-Ho Lee,,Kook-Young Han,,True
1225,2014,Corea del Sur,Bélgica,"1ra Ronda, Grupo H",H,66,Corea del Sur,Bo Kyung Kim,,Shin-Wook Kim,,False
1226,2014,Corea del Sur,Bélgica,"1ra Ronda, Grupo H",H,73,Corea del Sur,Dong-Won Ji,,Heung-Min Son,,False
1227,2014,Corea del Sur,Bélgica,"1ra Ronda, Grupo H",H,60,lgica,Divock Origi,,Dries Mertens,,False
1228,2014,Corea del Sur,Bélgica,"1ra Ronda, Grupo H",H,60,lgica,Nacer Chadli,,Adnan Januzaj,,False
1229,2014,Corea del Sur,Bélgica,"1ra Ronda, Grupo H",H,88,lgica,Eden Hazard,,Kevin Mirallas,,False
1230,2014,Argelia,Rusia,"1ra Ronda, Grupo H",H,71,Argelia,Hassan Yebda,,Yacine Brahimi,,False
1231,2014,Argelia,Rusia,"1ra Ronda, Grupo H",H,77,Argelia,Nabil Ghilas,,Abdelmoumene Djabou,,False
1232,2014,Argelia,Rusia,"1ra Ronda, Grupo H",H,90,Argelia,El Arabi Soudani,,Islam Slimani,,False
1233,2014,Argelia,Rusia,"1ra Ronda, Grupo H",H,46,Rusia,Igor Denisov,,Denis Glushakov,,True
1234,2014,Argelia,Rusia,"1ra Ronda, Grupo H",H,67,Rusia,Alan Dzagoev,,Oleg Shatov,,False
1235,2014,Argelia,Rusia,"1ra Ronda, Grupo H",H,81,Rusia,Maksim Kanunnikov,,Alexander Kerzhakov,,False
1236,2014,Brasil,Chile,Octavos,,64,Brasil,Jo,,Fred,,False
1237,2014,Brasil,Chile,Octavos,,72,Brasil,Ramires,,Fernandinho,,False
1238,2014,Brasil,Chile,Octavos,,106,Brasil,Willian,,Oscar,,True
1239,2014,Brasil,Chile,Octavos,,57,Chile,Felipe Gutierrez,,Eduardo Vargas,,False
1240,2014,Brasil,Chile,Octavos,,87,Chile,Mauricio Pinilla,,Arturo Vidal,,False
1241,2014,Brasil,Chile,Octavos,,108,Chile,José Rojas,,Gary Medel,,False
1242,2014,Colombia,Uruguay,Octavos,,68,Colombia,Alexander Mejía,,Teófilo Gutiérrez,,False
1243,2014,Colombia,Uruguay,Octavos,,81,Colombia,Fredy Guarín,,Juan Guillermo Cuadrado,,False
1244,2014,Colombia,Uruguay,Octavos,,85,Colombia,Adrián Ramos,,James Rodríguez,,False
1245,2014,Colombia,Uruguay,Octavos,,53,Uruguay,Gastón Ramírez,,Alvaro Pereira,,False
1246,2014,Colombia,Uruguay,Octavos,,53,Uruguay,Christian Stuani,,Diego Forlan,,False
1247,2014,Colombia,Uruguay,Octavos,,67,Uruguay,Abel Hernández,,Alvaro González,,False
1248,2014,Paises Bajos,México,Octavos,,9,Paises Bajos,Bruno Martins Indi,,Nigel De Jong,,False
1249,2014,Paises Bajos,México,Octavos,,56,Paises Bajos,Memphis Depay,,Paul Verhaegh,,False
1250,2014,Paises Bajos,México,Octavos,,76,Paises Bajos,Klaas Jan Huntelaar,,Robin Van Persie,,False
1251,2014,Paises Bajos,México,Octavos,,46,xico,Diego Reyes,,Hector Moreno,,True
1252,2014,Paises Bajos,México,Octavos,,61,xico,Javier Aquino,,Giovani dos Santos,,False
1253,2014,Paises Bajos,México,Octavos,,75,xico,Javier Hernandez,,Oribe Peralta,,False
1254,2014,Costa Rica,Grecia,Octavos,,66,Costa Rica,José Cubero,,Yeltsin Tejeda,,False
1255,2014,Costa Rica,Grecia,Octavos,,77,Costa Rica,Johnny Acosta,,Cristian Gamboa,,False
1256,2014,Costa Rica,Grecia,Octavos,,83,Costa Rica,Randall Brenes,,Christian Bolaños,,False
1257,2014,Costa Rica,Grecia,Octavos,,58,Grecia,Kostas Mitroglou,,Andreas Samaris,,False
1258,2014,Costa Rica,Grecia,Octavos,,69,Grecia,Theofanis Gekas,,Dimitrios Salpingidis,,False
1259,2014,Costa Rica,Grecia,Octavos,,78,Grecia,Konstantinos Katsouranis,,Giannis Maniatis,,False
1260,2014,Francia,Nigeria,Octavos,,62,Francia,Antoine Griezmann,,Olivier Giroud,,False
1261,2014,Francia,Nigeria,Octavos,,90,Francia,Moussa Sissoko,,Mathieu Valbuena,,False
1262,2014,Francia,Nigeria,Octavos,,59,Nigeria,Reuben Gabriel,,Ogenyi Onazi,,False
1263,2014,Francia,Nigeria,Octavos,,89,Nigeria,Uche Nwofor,,Victor Moses,,False
1264,2014,Alemania,Argelia,Octavos,,46,Alemania,André Schürrle,,Mario Götze,,True
1265,2014,Alemania,Argelia,Octavos,,70,Alemania,Sami Khedira,,Shkodran Mustafi,,False
1266,2014,Alemania,Argelia,Octavos,,109,Alemania,Christoph Kramer,,Bastian Schweinsteiger,,False
1267,2014,Alemania,Argelia,Octavos,,78,Argelia,Yacine Brahimi,,Saphir Taïder,,False
1268,2014,Alemania,Argelia,Octavos,,97,Argelia,Madjid Bougherra,,Rafik Halliche,,False
1269,2014,Alemania,Argelia,Octavos,,100,Argelia,Abdelmoumene Djabou,,El Arabi Soudani,,False
1270,2014,Argentina,Suiza,Octavos,,74,Argentina,Rodrigo Palacio,,Ezequiel Lavezzi,,False
1271,2014,Argentina,Suiza,Octavos,,105,Argentina,José Basanta,,Marcos Rojo,,False
1272,2014,Argentina,Suiza,Octavos,,106,Argentina,Lucas Biglia,,Fernando Gago,,True
1273,2014,Argentina,Suiza,Octavos,,66,Suiza,Gelson Fernandes,,Granit Xhaka,,False
1274,2014,Argentina,Suiza,Octavos,,82,Suiza,Haris Seferovic,,Josip Drmic,,False
1275,2014,Argentina,Suiza,Octavos,,113,Suiza,Blerim Dzemaili,,Admir Mehmedi,,False
1276,2014,Bélgica,Estados Unidos,Octavos,,60,lgica,Kevin Mirallas,,Dries Mertens,,False
1277,2014,Bélgica,Estados Unidos,Octavos,,91,lgica,Romelu Lukaku,,Divock Origi,,True
1278,2014,Bélgica,Estados Unidos,Octavos,,111,lgica,Nacer Chadli,,Eden Hazard,,False
1279,2014,Bélgica,Estados Unidos,Octavos,,32,Estados Unidos,DeAndre Yedlin,,Fabian Johnson,,False
1280,2014,Bélgica,Estados Unidos,Octavos,,72,Estados Unidos,Chris Wondolowski,,Graham Zusi,,False
1281,2014,Bélgica,Estados Unidos,Octavos,,105,Estados Unidos,Julian Green,,Alejandro Bedoya,,False
1282,2014,Brasil,Colombia,Cuartos,,83,Brasil,Ramires,,Hulk,,False
1283,2014,Brasil,Colombia,Cuartos,,86,Brasil,Hernanes,,Paulinho,,False
1284,2014,Brasil,Colombia,Cuartos,,88,Brasil,Henrique,,Neymar Jr.,,False
1285,2014,Brasil,Colombia,Cuartos,,46,Colombia,Adrián Ramos,,Víctor Ibarbo,,True
1286,2014,Brasil,Colombia,Cuartos,,70,Colombia,Carlos Bacca,,Teófilo Gutiérrez,,False
1287,2014,Brasil,Colombia,Cuartos,,80,Colombia,Juan Quintero,,Juan Guillermo Cuadrado,,False
1288,2014,Francia,Alemania,Cuartos,,72,Francia,Laurent Koscielny,,Mamadou Sakho,,False
1289,2014,Francia,Alemania,Cuartos,,73,Francia,Loïc Rémy,,Yohan Cabaye,,False
1290,2014,Francia,Alemania,Cuartos,,85,Francia,Olivier Giroud,,Mathieu Valbuena,,False
1291,2014,Francia,Alemania,Cuartos,,69,Alemania,André Schürrle,,Miroslav Klose,,False
1292,2014,Francia,Alemania,Cuartos,,83,Alemania,Mario Götze,,Mesut Ozil,,False
1293,2014,Francia,Alemania,Cuartos,,90,Alemania,Christoph Kramer,,Toni Kroos,,False
1294,2014,Paises Bajos,Costa Rica,Cuartos,,76,Paises Bajos,Jeremain Lens,,Memphis Depay,,False
1295,2014,Paises Bajos,Costa Rica,Cuartos,,106,Paises Bajos,Klaas Jan Huntelaar,,Bruno Martins Indi,,True
1296,2014,Paises Bajos,Costa Rica,Cuartos,,120,Paises Bajos,Tim Krul,,Jasper Cillessen,,False
1297,2014,Paises Bajos,Costa Rica,Cuartos,,66,Costa Rica,Marco Ureña,,Joel Campbell,,False
1298,2014,Paises Bajos,Costa Rica,Cuartos,,79,Costa Rica,David Myrie,,Cristian Gamboa,,False
1299,2014,Paises Bajos,Costa Rica,Cuartos,,97,Costa Rica,José Cubero,,Yeltsin Tejeda,,False
1300,2014,Argentina,Bélgica,Cuartos,,33,Argentina,Enzo Pérez,,Angel Di Maria,,False
1301,2014,Argentina,Bélgica,Cuartos,,71,Argentina,Rodrigo Palacio,,Ezequiel Lavezzi,,False
1302,2014,Argentina,Bélgica,Cuartos,,81,Argentina,Fernando Gago,,Gonzalo Higuain,,False
1303,2014,Argentina,Bélgica,Cuartos,,59,lgica,Romelu Lukaku,,Divock Origi,,False
1304,2014,Argentina,Bélgica,Cuartos,,60,lgica,Dries Mertens,,Kevin Mirallas,,False
1305,2014,Argentina,Bélgica,Cuartos,,75,lgica,Nacer Chadli,,Eden Hazard,,False
1306,2014,Brasil,Alemania,Semis,,46,Brasil,Ramires,,Hulk,,True
1307,2014,Brasil,Alemania,Semis,,46,Brasil,Paulinho,,Fernandinho,,True
1308,2014,Brasil,Alemania,Semis,,69,Brasil,Willian,,Fred,,False
1309,2014,Brasil,Alemania,Semis,,46,Alemania,Per Mertesacker,,Mats Hummels,,True
1310,2014,Brasil,Alemania,Semis,,58,Alemania,André Schürrle,,Miroslav Klose,,False
1311,2014,Brasil,Alemania,Semis,,76,Alemania,Julian Draxler,,Sami Khedira,,False
1312,2014,Paises Bajos,Argentina,Semis,,46,Paises Bajos,Daryl Janmaat,,Bruno Martins Indi,,True
1313,2014,Paises Bajos,Argentina,Semis,,62,Paises Bajos,Jordy Clasie,,Nigel De Jong,,False
1314,2014,Paises Bajos,Argentina,Semis,,96,Paises Bajos,Klaas Jan Huntelaar,,Robin Van Persie,,False
1315,2014,Paises Bajos,Argentina,Semis,,81,Argentina,Rodrigo Palacio,,Enzo Pérez,,False
1316,2014,Paises Bajos,Argentina,Semis,,82,Argentina,Sergio Agüero,,Gonzalo Higuain,,False
1317,2014,Paises Bajos,Argentina,Semis,,101,Argentina,Maxi Rodriguez,,Ezequiel Lavezzi,,False
1318,2014,Brasil,Paises Bajos,3er Puesto,,46,Brasil,Fernandinho,,Luiz Gustavo,,True
1319,2014,Brasil,Paises Bajos,3er Puesto,,57,Brasil,Hernanes,,Paulinho,,False
1320,2014,Brasil,Paises Bajos,3er Puesto,,73,Brasil,Hulk,,Ramires,,False
1321,2014,Brasil,Paises Bajos,3er Puesto,,70,Paises Bajos,Daryl Janmaat,,Daley Blind,,False
1322,2014,Brasil,Paises Bajos,3er Puesto,,90,Paises Bajos,Joël Veltman,,Jordy Clasie,,False
1323,2014,Brasil,Paises Bajos,3er Puesto,,90,Paises Bajos,Michel Vorm,,Jasper Cillessen,,False
1324,2014,Alemania,Argentina,Final,,31,Alemania,André Schürrle,,Christoph Kramer,,False
1325,2014,Alemania,Argentina,Final,,88,Alemania,Mario Götze,,Miroslav Klose,,False
1326,2014,Alemania,Argentina,Final,,120,Alemania,Per Mertesacker,,Mesut Ozil,,False
1327,2014,Alemania,Argentina,Final,,46,Argentina,Sergio Agüero,,Ezequiel Lavezzi,,True
1328,2014,Alemania,Argentina,Final,,78,Argentina,Rodrigo Palacio,,Gonzalo Higuain,,False
1329,2014,Alemania,Argentina,Final,,86,Argentina,Fernando Gago,,Enzo Pérez,,False
1330,2010,Sudáfrica,México,"1ra Ronda, Grupo A",A,46,frica,Tsepo Masilela,,Lucas Thwala,,True
1331,2010,Sudáfrica,México,"1ra Ronda, Grupo A",A,83,frica,Bernard Parker,,Steven Pienaar,,False
1332,2010,Sudáfrica,México,"1ra Ronda, Grupo A",A,55,xico,Andres Guardado,,Paul Aguilar,,False
1333,2010,Sudáfrica,México,"1ra Ronda, Grupo A",A,69,xico,Cuauhtemoc Blanco,,Carlos Vela,,False
1334,2010,Sudáfrica,México,"1ra Ronda, Grupo A",A,73,xico,Javier Hernandez,,Guillermo Franco,,False
1335,2010,Uruguay,Francia,"1ra Ronda, Grupo A",A,63,Uruguay,Nicolas Lodeiro,,Ignacio Gonzalez,,False
1336,2010,Uruguay,Francia,"1ra Ronda, Grupo A",A,74,Uruguay,Sebastian Abreu,,Luis Suarez,,False
1337,2010,Uruguay,Francia,"1ra Ronda, Grupo A",A,87,Uruguay,Sebastian Eguren,,Diego Perez,,False
1338,2010,Uruguay,Francia,"1ra Ronda, Grupo A",A,72,Francia,Thierry Henry,,Nicolas Anelka,,False
1339,2010,Uruguay,Francia,"1ra Ronda, Grupo A",A,75,Francia,Florent Malouda,,Yoann Gourcuff,,False
1340,2010,Uruguay,Francia,"1ra Ronda, Grupo A",A,85,Francia,Andre Pierre Gignac,,Sidney Govou,,False
1341,2010,Argentina,Nigeria,"1ra Ronda, Grupo B",B,74,Argentina,Maxi Rodriguez,,Juan Veron,,False
1342,2010,Argentina,Nigeria,"1ra Ronda, Grupo B",B,79,Argentina,Diego Milito,,Gonzalo Higuain,,False
1343,2010,Argentina,Nigeria,"1ra Ronda, Grupo B",B,85,Argentina,Nicolas Burdisso,,Angel Di Maria,,False
1344,2010,Argentina,Nigeria,"1ra Ronda, Grupo B",B,52,Nigeria,Obafemi Martins,,Victor Obinna,,False
1345,2010,Argentina,Nigeria,"1ra Ronda, Grupo B",B,60,Nigeria,Peter Odemwingie,,Chinedu Ogbuke Obasi,,False
1346,2010,Argentina,Nigeria,"1ra Ronda, Grupo B",B,75,Nigeria,Kalu Uche,,Taye Taiwo,,False
1347,2010,Corea del Sur,Grecia,"1ra Ronda, Grupo B",B,74,Corea del Sur,Nam Il Kim,,Sung-yueng Ki,,False
1348,2010,Corea del Sur,Grecia,"1ra Ronda, Grupo B",B,87,Corea del Sur,Seung Yeoul Lee,,Chu Young Park,,False
1349,2010,Corea del Sur,Grecia,"1ra Ronda, Grupo B",B,90,Corea del Sur,Jae Sung Kim,,Chung-yong Lee,,False
1350,2010,Corea del Sur,Grecia,"1ra Ronda, Grupo B",B,46,Grecia,Christos Patsatzoglou,,Georgios Karagounis,,True
1351,2010,Corea del Sur,Grecia,"1ra Ronda, Grupo B",B,59,Grecia,Dimitrios Salpingidis,,Georgios Samaras,,False
1352,2010,Corea del Sur,Grecia,"1ra Ronda, Grupo B",B,61,Grecia,Pantelis Kapetanos,,Angelos Charisteas,,False
1353,2010,Inglaterra,Estados Unidos,"1ra Ronda, Grupo C",C,31,Inglaterra,Shaun Wright-Phillips,,James Milner,,False
1354,2010,Inglaterra,Estados Unidos,"1ra Ronda, Grupo C",C,46,Inglaterra,Jamie Carragher,,Ledley King,,True
1355,2010,Inglaterra,Estados Unidos,"1ra Ronda, Grupo C",C,79,Inglaterra,Peter Crouch,,Emile Heskey,,False
1356,2010,Inglaterra,Estados Unidos,"1ra Ronda, Grupo C",C,77,Estados Unidos,Edson Buddle,,Robbie Findley,,False
1357,2010,Inglaterra,Estados Unidos,"1ra Ronda, Grupo C",C,86,Estados Unidos,Stuart Holden,,Jozy Altidore,,False
1358,2010,Argelia,Eslovenia,"1ra Ronda, Grupo C",C,58,Argelia,Abdelkader Ghezzal,,Rafik Djebbour,,False
1359,2010,Argelia,Eslovenia,"1ra Ronda, Grupo C",C,81,Argelia,Rafik Saifi,,Karim Matmour,,False
1360,2010,Argelia,Eslovenia,"1ra Ronda, Grupo C",C,82,Argelia,Adlane Guedioura,,Foued Kadir,,False
1361,2010,Argelia,Eslovenia,"1ra Ronda, Grupo C",C,53,Eslovenia,Zlatan Ljubijankic,,Zlatko Dedic,,False
1362,2010,Argelia,Eslovenia,"1ra Ronda, Grupo C",C,84,Eslovenia,Nejc Pecnik,,Valter Birsa,,False
1363,2010,Argelia,Eslovenia,"1ra Ronda, Grupo C",C,87,Eslovenia,Andrej Komac,,Aleksandar Radosavljevic,,False
1364,2010,Alemania,Australia,"1ra Ronda, Grupo D",D,68,Alemania,Cacau,,Miroslav Klose,,False
1365,2010,Alemania,Australia,"1ra Ronda, Grupo D",D,74,Alemania,Mario Gomez,,Mesut Ozil,,False
1366,2010,Alemania,Australia,"1ra Ronda, Grupo D",D,81,Alemania,Marko Marin,,Lukas Podolski,,False
1367,2010,Alemania,Australia,"1ra Ronda, Grupo D",D,46,Australia,Brett Holman,,Vince Grella,,True
1368,2010,Alemania,Australia,"1ra Ronda, Grupo D",D,64,Australia,Nikita Rukavytsya,,Richard Garcia,,False
1369,2010,Alemania,Australia,"1ra Ronda, Grupo D",D,74,Australia,Mile Jedinak,,Brett Emerton,,False
1370,2010,Serbia,Ghana,"1ra Ronda, Grupo D",D,62,Serbia,Zdravko Kuzmanovic,,Nenad Milijas,,False
1371,2010,Serbia,Ghana,"1ra Ronda, Grupo D",D,69,Serbia,Danko Lazovic,,Nikola Zigic,,False
1372,2010,Serbia,Ghana,"1ra Ronda, Grupo D",D,76,Serbia,Neven Subotic,,Milan Jovanovic,,False
1373,2010,Serbia,Ghana,"1ra Ronda, Grupo D",D,73,Ghana,Stephen Appiah,,Kwadwo Asamoah,,False
1374,2010,Serbia,Ghana,"1ra Ronda, Grupo D",D,90,Ghana,Lee Addy,,Kevin Prince Boateng,,False
1375,2010,Serbia,Ghana,"1ra Ronda, Grupo D",D,90,Ghana,Quincy Owusu-Abeyie,,Asamoah Gyan,,False
1376,2010,Paises Bajos,Dinamarca,"1ra Ronda, Grupo E",E,67,Paises Bajos,Eljero Elia,,Rafael Van Der Vaart,,False
1377,2010,Paises Bajos,Dinamarca,"1ra Ronda, Grupo E",E,77,Paises Bajos,Ibrahim Afellay,,Robin Van Persie,,False
1378,2010,Paises Bajos,Dinamarca,"1ra Ronda, Grupo E",E,88,Paises Bajos,Demy De Zeeuw,,Nigel De Jong,,False
1379,2010,Paises Bajos,Dinamarca,"1ra Ronda, Grupo E",E,56,Dinamarca,Jesper Gronkjaer,,Thomas Enevoldsen,,False
1380,2010,Paises Bajos,Dinamarca,"1ra Ronda, Grupo E",E,62,Dinamarca,Mikkel Beckmann,,Nicklas Bendtner,,False
1381,2010,Paises Bajos,Dinamarca,"1ra Ronda, Grupo E",E,73,Dinamarca,Christian Eriksen,,Thomas Kahlenberg,,False
1382,2010,Japón,Camerún,"1ra Ronda, Grupo E",E,69,n,Shinji Okazaki,,Daisuke Matsui,,False
1383,2010,Japón,Camerún,"1ra Ronda, Grupo E",E,82,n,Kisho Yano,,Yoshito Okubo,,False
1384,2010,Japón,Camerún,"1ra Ronda, Grupo E",E,88,n,Junichi Inamoto,,Makoto Hasebe,,False
1385,2010,Japón,Camerún,"1ra Ronda, Grupo E",E,63,n,Achille Emana,,Joel Matip,,False
1386,2010,Japón,Camerún,"1ra Ronda, Grupo E",E,75,n,Geremi,,Jean Makoun,,False
1387,2010,Japón,Camerún,"1ra Ronda, Grupo E",E,75,n,Mohamadou Idrissou,,Eric Maxim Choupo Moting,,False
1388,2010,Italia,Paraguay,"1ra Ronda, Grupo F",F,46,Italia,Federico Marchetti,,Gianluigi Buffon,,False
1389,2010,Italia,Paraguay,"1ra Ronda, Grupo F",F,59,Italia,Mauro Camoranesi,,Claudio Marchisio,,False
1390,2010,Italia,Paraguay,"1ra Ronda, Grupo F",F,72,Italia,Antonio Di Natale,,Alberto Gilardino,,False
1391,2010,Italia,Paraguay,"1ra Ronda, Grupo F",F,60,Paraguay,Jonathan Santana,,Aureliano Torres,,False
1392,2010,Italia,Paraguay,"1ra Ronda, Grupo F",F,68,Paraguay,Roque Santa Cruz,,Nelson Valdez,,False
1393,2010,Italia,Paraguay,"1ra Ronda, Grupo F",F,76,Paraguay,Oscar Cardozo,,Lucas Barrios,,False
1394,2010,Nueva Zelanda,Eslovaquia,"1ra Ronda, Grupo F",F,72,Nueva Zelanda,Chris Wood,,Chris Killen,,False
1395,2010,Nueva Zelanda,Eslovaquia,"1ra Ronda, Grupo F",F,78,Nueva Zelanda,Jeremy Christie,,Ivan Vicelich,,False
1396,2010,Nueva Zelanda,Eslovaquia,"1ra Ronda, Grupo F",F,81,Eslovaquia,Filip Holosko,,Stanislav Sestak,,False
1397,2010,Nueva Zelanda,Eslovaquia,"1ra Ronda, Grupo F",F,84,Eslovaquia,Miroslav Stoch,,Robert Vittek,,False
1398,2010,Nueva Zelanda,Eslovaquia,"1ra Ronda, Grupo F",F,90,Eslovaquia,Juraj Kucka,,Vladimir Weiss,,False
1399,2010,Costa de Marfil,Portugal,"1ra Ronda, Grupo G",G,66,Costa de Marfil,Didier Drogba,,Salomon Kalou,,False
1400,2010,Costa de Marfil,Portugal,"1ra Ronda, Grupo G",G,82,Costa de Marfil,Kader Keita,,Gervinho,,False
1401,2010,Costa de Marfil,Portugal,"1ra Ronda, Grupo G",G,89,Costa de Marfil,Romaric,,Emmanuel Eboue,,False
1402,2010,Costa de Marfil,Portugal,"1ra Ronda, Grupo G",G,55,Portugal,Simao,,Danny,,False
1403,2010,Costa de Marfil,Portugal,"1ra Ronda, Grupo G",G,62,Portugal,Tiago,,Deco,,False
1404,2010,Costa de Marfil,Portugal,"1ra Ronda, Grupo G",G,85,Portugal,Ruben Amorim,,Raul Meireles,,False
1405,2010,Brasil,Corea del Norte,"1ra Ronda, Grupo G",G,73,Brasil,Dani Alves,,Elano,,False
1406,2010,Brasil,Corea del Norte,"1ra Ronda, Grupo G",G,78,Brasil,Nilmar,,Kaká,,False
1407,2010,Brasil,Corea del Norte,"1ra Ronda, Grupo G",G,84,Brasil,Ramires,,Felipe Melo,,False
1408,2010,Brasil,Corea del Norte,"1ra Ronda, Grupo G",G,80,Corea del Norte,Kum Il Kim,,In Guk Mun,,False
1409,2010,Honduras,Chile,"1ra Ronda, Grupo H",H,60,Honduras,George Welcome,,Carlos Pavon,,False
1410,2010,Honduras,Chile,"1ra Ronda, Grupo H",H,66,Honduras,Hendry Thomas,,Amado Guevara,,False
1411,2010,Honduras,Chile,"1ra Ronda, Grupo H",H,78,Honduras,Walter Martinez,,Ramon Nunez,,False
1412,2010,Honduras,Chile,"1ra Ronda, Grupo H",H,52,Chile,Gonzalo Jara,,Rodrigo Millar,,False
1413,2010,Honduras,Chile,"1ra Ronda, Grupo H",H,81,Chile,Pablo Contreras,,Arturo Vidal,,False
1414,2010,Honduras,Chile,"1ra Ronda, Grupo H",H,87,Chile,Mark Gonzalez,,Jorge Valdivia,,False
1415,2010,España,Suiza,"1ra Ronda, Grupo H",H,61,a,Fernando Torres,,Sergio Busquets,,False
1416,2010,España,Suiza,"1ra Ronda, Grupo H",H,62,a,Jesus Navas,,David Silva,,False
1417,2010,España,Suiza,"1ra Ronda, Grupo H",H,77,a,Pedro,,Andrés Iniesta,,False
1418,2010,España,Suiza,"1ra Ronda, Grupo H",H,36,Suiza,Steve Von Bergen,,Philippe Senderos,,False
1419,2010,España,Suiza,"1ra Ronda, Grupo H",H,79,Suiza,Hakan Yakin,,Eren Derdiyok,,False
1420,2010,España,Suiza,"1ra Ronda, Grupo H",H,92,Suiza,Mario Eggimann,,Tranquillo Barnetta,,False
1421,2010,Sudáfrica,Uruguay,"1ra Ronda, Grupo A",A,57,frica,Surprise Moriri,,Reneilwe Letsholonyane,,False
1422,2010,Sudáfrica,Uruguay,"1ra Ronda, Grupo A",A,79,frica,Moneeb Josephs,,Steven Pienaar,,False
1423,2010,Sudáfrica,Uruguay,"1ra Ronda, Grupo A",A,71,Uruguay,Alvaro Fernandez,,Jorge Fucile,,False
1424,2010,Sudáfrica,Uruguay,"1ra Ronda, Grupo A",A,89,Uruguay,Sebastian Fernandez,,Edinson Cavani,,False
1425,2010,Sudáfrica,Uruguay,"1ra Ronda, Grupo A",A,90,Uruguay,Walter Gargano,,Diego Perez,,False
1426,2010,Francia,México,"1ra Ronda, Grupo A",A,46,Francia,Andre Pierre Gignac,,Nicolas Anelka,,True
1427,2010,Francia,México,"1ra Ronda, Grupo A",A,69,Francia,Mathieu Valbuena,,Sidney Govou,,False
1428,2010,Francia,México,"1ra Ronda, Grupo A",A,31,xico,Pablo Barrera,,Carlos Vela,,False
1429,2010,Francia,México,"1ra Ronda, Grupo A",A,55,xico,Javier Hernandez,,Efrain Juarez,,False
1430,2010,Francia,México,"1ra Ronda, Grupo A",A,62,xico,Cuauhtemoc Blanco,,Guillermo Franco,,False
1431,2010,Grecia,Nigeria,"1ra Ronda, Grupo B",B,37,Grecia,Georgios Samaras,,Sokratis Papastathopoulos,,False
1432,2010,Grecia,Nigeria,"1ra Ronda, Grupo B",B,79,Grecia,Sotiris Ninis,,Theofanis Gekas,,False
1433,2010,Grecia,Nigeria,"1ra Ronda, Grupo B",B,46,Nigeria,Chinedu Ogbuke Obasi,,Peter Odemwingie,,True
1434,2010,Grecia,Nigeria,"1ra Ronda, Grupo B",B,55,Nigeria,Uwa Echiejile,,Taye Taiwo,,False
1435,2010,Grecia,Nigeria,"1ra Ronda, Grupo B",B,77,Nigeria,Rabiu Afolabi,,Uwa Echiejile,,False
1436,2010,Argentina,Corea del Sur,"1ra Ronda, Grupo B",B,23,Argentina,Nicolas Burdisso,,Walter Samuel,,False
1437,2010,Argentina,Corea del Sur,"1ra Ronda, Grupo B",B,75,Argentina,Sergio Agüero,,Carlos Tevez,,False
1438,2010,Argentina,Corea del Sur,"1ra Ronda, Grupo B",B,82,Argentina,Mario Bolatti,,Gonzalo Higuain,,False
1439,2010,Argentina,Corea del Sur,"1ra Ronda, Grupo B",B,46,Corea del Sur,Nam Il Kim,,Sung-yueng Ki,,True
1440,2010,Argentina,Corea del Sur,"1ra Ronda, Grupo B",B,81,Corea del Sur,Dong Gook Lee,,Chu Young Park,,False
1441,2010,Alemania,Serbia,"1ra Ronda, Grupo D",D,70,Alemania,Cacau,,Mesut Ozil,,False
1442,2010,Alemania,Serbia,"1ra Ronda, Grupo D",D,70,Alemania,Marko Marin,,Thomas Müller,,False
1443,2010,Alemania,Serbia,"1ra Ronda, Grupo D",D,77,Alemania,Mario Gomez,,Holger Badstuber,,False
1444,2010,Alemania,Serbia,"1ra Ronda, Grupo D",D,70,Serbia,Gojko Kacar,,Milos Ninkovic,,False
1445,2010,Alemania,Serbia,"1ra Ronda, Grupo D",D,75,Serbia,Radosav Petrovic,,Zdravko Kuzmanovic,,False
1446,2010,Alemania,Serbia,"1ra Ronda, Grupo D",D,79,Serbia,Danko Lazovic,,Milan Jovanovic,,False
1447,2010,Eslovenia,Estados Unidos,"1ra Ronda, Grupo C",C,74,Eslovenia,Nejc Pecnik,,Zlatan Ljubijankic,,False
1448,2010,Eslovenia,Estados Unidos,"1ra Ronda, Grupo C",C,87,Eslovenia,Zlatko Dedic,,Valter Birsa,,False
1449,2010,Eslovenia,Estados Unidos,"1ra Ronda, Grupo C",C,90,Eslovenia,Andrej Komac,,Nejc Pecnik,,False
1450,2010,Eslovenia,Estados Unidos,"1ra Ronda, Grupo C",C,46,Estados Unidos,Maurice Edu,,Francisco Torres,,True
1451,2010,Eslovenia,Estados Unidos,"1ra Ronda, Grupo C",C,46,Estados Unidos,Benny Feilhaber,,Robbie Findley,,True
1452,2010,Eslovenia,Estados Unidos,"1ra Ronda, Grupo C",C,80,Estados Unidos,Herculez Gomez,,Oguchi Onyewu,,False
1453,2010,Inglaterra,Argelia,"1ra Ronda, Grupo C",C,63,Inglaterra,Shaun Wright-Phillips,,Aaron Lennon,,False
1454,2010,Inglaterra,Argelia,"1ra Ronda, Grupo C",C,74,Inglaterra,Jermain Defoe,,Emile Heskey,,False
1455,2010,Inglaterra,Argelia,"1ra Ronda, Grupo C",C,84,Inglaterra,Peter Crouch,,Gareth Barry,,False
1456,2010,Inglaterra,Argelia,"1ra Ronda, Grupo C",C,74,Argelia,Djamal Abdoun,,Ryad Boudebouz,,False
1457,2010,Inglaterra,Argelia,"1ra Ronda, Grupo C",C,81,Argelia,Adlane Guedioura,,Karim Ziani,,False
1458,2010,Inglaterra,Argelia,"1ra Ronda, Grupo C",C,88,Argelia,Djamel Mesbah,,Hassan Yebda,,False
1459,2010,Ghana,Australia,"1ra Ronda, Grupo D",D,56,Ghana,Quincy Owusu-Abeyie,,Prince Tagoe,,False
1460,2010,Ghana,Australia,"1ra Ronda, Grupo D",D,77,Ghana,Sulley Muntari,,Kwadwo Asamoah,,False
1461,2010,Ghana,Australia,"1ra Ronda, Grupo D",D,87,Ghana,Matthew Amoah,,Kevin Prince Boateng,,False
1462,2010,Ghana,Australia,"1ra Ronda, Grupo D",D,66,Australia,Scott Chipperfield,,Mark Bresciano,,False
1463,2010,Ghana,Australia,"1ra Ronda, Grupo D",D,68,Australia,Joshua Kennedy,,Brett Holman,,False
1464,2010,Ghana,Australia,"1ra Ronda, Grupo D",D,84,Australia,Nikita Rukavytsya,,Luke Wilkshire,,False
1465,2010,Paises Bajos,Japón,"1ra Ronda, Grupo E",E,72,Paises Bajos,Eljero Elia,,Rafael Van Der Vaart,,False
1466,2010,Paises Bajos,Japón,"1ra Ronda, Grupo E",E,83,Paises Bajos,Ibrahim Afellay,,Wesley Sneijder,,False
1467,2010,Paises Bajos,Japón,"1ra Ronda, Grupo E",E,88,Paises Bajos,Klaas Jan Huntelaar,,Robin Van Persie,,False
1468,2010,Paises Bajos,Japón,"1ra Ronda, Grupo E",E,64,n,Shunsuke Nakamura,,Daisuke Matsui,,False
1469,2010,Paises Bajos,Japón,"1ra Ronda, Grupo E",E,77,n,Keiji Tamada,,Yoshito Okubo,,False
1470,2010,Paises Bajos,Japón,"1ra Ronda, Grupo E",E,77,n,Shinji Okazaki,,Makoto Hasebe,,False
1471,2010,Camerún,Dinamarca,"1ra Ronda, Grupo E",E,46,n,Jean Makoun,,Eyong Enoh,,True
1472,2010,Camerún,Dinamarca,"1ra Ronda, Grupo E",E,72,n,Mohamadou Idrissou,,Sebastien Bassong,,False
1473,2010,Camerún,Dinamarca,"1ra Ronda, Grupo E",E,78,n,Vincent Aboubakar,,Pierre Webo,,False
1474,2010,Camerún,Dinamarca,"1ra Ronda, Grupo E",E,46,Dinamarca,Daniel Jensen,,Martin Jorgensen,,True
1475,2010,Camerún,Dinamarca,"1ra Ronda, Grupo E",E,67,Dinamarca,Thomas Kahlenberg,,Jesper Gronkjaer,,False
1476,2010,Camerún,Dinamarca,"1ra Ronda, Grupo E",E,86,Dinamarca,Jakob Poulsen,,Jon Dahl Tomasson,,False
1477,2010,Eslovaquia,Paraguay,"1ra Ronda, Grupo F",F,70,Eslovaquia,Filip Holosko,,Stanislav Sestak,,False
1478,2010,Eslovaquia,Paraguay,"1ra Ronda, Grupo F",F,83,Eslovaquia,Miroslav Stoch,,Kornel Salata,,False
1479,2010,Eslovaquia,Paraguay,"1ra Ronda, Grupo F",F,68,Paraguay,Aureliano Torres,,Nelson Valdez,,False
1480,2010,Eslovaquia,Paraguay,"1ra Ronda, Grupo F",F,82,Paraguay,Oscar Cardozo,,Lucas Barrios,,False
1481,2010,Eslovaquia,Paraguay,"1ra Ronda, Grupo F",F,88,Paraguay,Edgar Barreto,,Enrique Vera,,False
1482,2010,Italia,Nueva Zelanda,"1ra Ronda, Grupo F",F,46,Italia,Mauro Camoranesi,,Simone Pepe,,True
1483,2010,Italia,Nueva Zelanda,"1ra Ronda, Grupo F",F,46,Italia,Antonio Di Natale,,Alberto Gilardino,,True
1484,2010,Italia,Nueva Zelanda,"1ra Ronda, Grupo F",F,61,Italia,Giampaolo Pazzini,,Claudio Marchisio,,False
1485,2010,Italia,Nueva Zelanda,"1ra Ronda, Grupo F",F,63,Nueva Zelanda,Chris Wood,,Rory Fallon,,False
1486,2010,Italia,Nueva Zelanda,"1ra Ronda, Grupo F",F,81,Nueva Zelanda,Jeremy Christie,,Ivan Vicelich,,False
1487,2010,Italia,Nueva Zelanda,"1ra Ronda, Grupo F",F,90,Nueva Zelanda,Andy Barron,,Chris Killen,,False
1488,2010,Brasil,Costa de Marfil,"1ra Ronda, Grupo G",G,67,Brasil,Dani Alves,,Elano,,False
1489,2010,Brasil,Costa de Marfil,"1ra Ronda, Grupo G",G,90,Brasil,Ramires,,Robinho,,False
1490,2010,Brasil,Costa de Marfil,"1ra Ronda, Grupo G",G,54,Costa de Marfil,Gervinho,,Aruna Dindane,,False
1491,2010,Brasil,Costa de Marfil,"1ra Ronda, Grupo G",G,68,Costa de Marfil,Kader Keita,,Salomon Kalou,,False
1492,2010,Brasil,Costa de Marfil,"1ra Ronda, Grupo G",G,72,Costa de Marfil,Romaric,,Emmanuel Eboue,,False
1493,2010,Portugal,Corea del Norte,"1ra Ronda, Grupo G",G,70,Portugal,Miguel Veloso,,Raul Meireles,,False
1494,2010,Portugal,Corea del Norte,"1ra Ronda, Grupo G",G,74,Portugal,Duda,,Simao,,False
1495,2010,Portugal,Corea del Norte,"1ra Ronda, Grupo G",G,77,Portugal,Liedson,,Hugo Almeida,,False
1496,2010,Portugal,Corea del Norte,"1ra Ronda, Grupo G",G,58,Corea del Norte,Yong Jun Kim,,In Guk Mun,,False
1497,2010,Portugal,Corea del Norte,"1ra Ronda, Grupo G",G,58,Corea del Norte,Kum Il Kim,,Nam Chol Pak,,False
1498,2010,Portugal,Corea del Norte,"1ra Ronda, Grupo G",G,75,Corea del Norte,Song Chol Nam,,Jong Hyok Cha,,False
1499,2010,Chile,Suiza,"1ra Ronda, Grupo H",H,46,Chile,Mark Gonzalez,,Arturo Vidal,,True
1500,2010,Chile,Suiza,"1ra Ronda, Grupo H",H,46,Chile,Jorge Valdivia,,Humberto Suazo,,True
1501,2010,Chile,Suiza,"1ra Ronda, Grupo H",H,65,Chile,Esteban Paredes,,Matias Fernandez,,False
1502,2010,Chile,Suiza,"1ra Ronda, Grupo H",H,42,Suiza,Tranquillo Barnetta,,Alexander Frei,,False
1503,2010,Chile,Suiza,"1ra Ronda, Grupo H",H,68,Suiza,Eren Derdiyok,,Blaise Nkufo,,False
1504,2010,Chile,Suiza,"1ra Ronda, Grupo H",H,77,Suiza,Albert Bunjaku,,Gelson Fernandes,,False
1505,2010,España,Honduras,"1ra Ronda, Grupo H",H,66,a,Cesc Fabregas,,Xavi,,False
1506,2010,España,Honduras,"1ra Ronda, Grupo H",H,70,a,Juan Mata,,Fernando Torres,,False
1507,2010,España,Honduras,"1ra Ronda, Grupo H",H,77,a,Alvaro Arbeloa,,Sergio Ramos,,False
1508,2010,España,Honduras,"1ra Ronda, Grupo H",H,46,Honduras,George Welcome,,Roger Espinoza,,True
1509,2010,España,Honduras,"1ra Ronda, Grupo H",H,63,Honduras,Ramon Nunez,,Danilo Turcios,,False
1510,2010,España,Honduras,"1ra Ronda, Grupo H",H,84,Honduras,Jerry Palacios,,David Suazo,,False
1511,2010,México,Uruguay,"1ra Ronda, Grupo A",A,46,xico,Pablo Barrera,,Andres Guardado,,True
1512,2010,México,Uruguay,"1ra Ronda, Grupo A",A,57,xico,Israel Castro,,Hector Moreno,,False
1513,2010,México,Uruguay,"1ra Ronda, Grupo A",A,63,xico,Javier Hernandez,,Cuauhtemoc Blanco,,False
1514,2010,México,Uruguay,"1ra Ronda, Grupo A",A,77,Uruguay,Andres Scotti,,Alvaro Pereira,,False
1515,2010,México,Uruguay,"1ra Ronda, Grupo A",A,85,Uruguay,Alvaro Fernandez,,Luis Suarez,,False
1516,2010,Francia,Sudáfrica,"1ra Ronda, Grupo A",A,46,Francia,Florent Malouda,,Andre Pierre Gignac,,True
1517,2010,Francia,Sudáfrica,"1ra Ronda, Grupo A",A,55,Francia,Thierry Henry,,Djibril Cisse,,False
1518,2010,Francia,Sudáfrica,"1ra Ronda, Grupo A",A,82,Francia,Sidney Govou,,Alou Diarra,,False
1519,2010,Francia,Sudáfrica,"1ra Ronda, Grupo A",A,55,frica,Siboniso Gaxa,,Anele Ngcongca,,False
1520,2010,Francia,Sudáfrica,"1ra Ronda, Grupo A",A,68,frica,Siyabonga Nomvethe,,Bernard Parker,,False
1521,2010,Francia,Sudáfrica,"1ra Ronda, Grupo A",A,78,frica,Teko Modise,,Thanduyise Khuboni,,False
1522,2010,Nigeria,Corea del Sur,"1ra Ronda, Grupo B",B,46,Nigeria,Uwa Echiejile,,Joseph Yobo,,True
1523,2010,Nigeria,Corea del Sur,"1ra Ronda, Grupo B",B,57,Nigeria,Obafemi Martins,,Nwankwo Kanu,,False
1524,2010,Nigeria,Corea del Sur,"1ra Ronda, Grupo B",B,70,Nigeria,Victor Obinna,,Yakubu Aiyegbeni,,False
1525,2010,Nigeria,Corea del Sur,"1ra Ronda, Grupo B",B,64,Corea del Sur,Nam Il Kim,,Ki Hun Yeom,,False
1526,2010,Nigeria,Corea del Sur,"1ra Ronda, Grupo B",B,87,Corea del Sur,Jae Sung Kim,,Sung-yueng Ki,,False
1527,2010,Nigeria,Corea del Sur,"1ra Ronda, Grupo B",B,90,Corea del Sur,Dong Jin Kim,,Chu Young Park,,False
1528,2010,Grecia,Argentina,"1ra Ronda, Grupo B",B,46,Grecia,Nikos Spiropoulos,,Georgios Karagounis,,True
1529,2010,Grecia,Argentina,"1ra Ronda, Grupo B",B,54,Grecia,Sotiris Ninis,,Konstantinos Katsouranis,,False
1530,2010,Grecia,Argentina,"1ra Ronda, Grupo B",B,55,Grecia,Christos Patsatzoglou,,Vasileios Torosidis,,False
1531,2010,Grecia,Argentina,"1ra Ronda, Grupo B",B,63,Argentina,Angel Di Maria,,Maxi Rodriguez,,False
1532,2010,Grecia,Argentina,"1ra Ronda, Grupo B",B,77,Argentina,Javier Pastore,,Sergio Agüero,,False
1533,2010,Grecia,Argentina,"1ra Ronda, Grupo B",B,80,Argentina,Martin Palermo,,Diego Milito,,False
1534,2010,Eslovenia,Inglaterra,"1ra Ronda, Grupo C",C,62,Eslovenia,Zlatko Dedic,,Zlatan Ljubijankic,,False
1535,2010,Eslovenia,Inglaterra,"1ra Ronda, Grupo C",C,79,Eslovenia,Tim Matavz,,Andraz Kirm,,False
1536,2010,Eslovenia,Inglaterra,"1ra Ronda, Grupo C",C,72,Inglaterra,Joe Cole,,Wayne Rooney,,False
1537,2010,Eslovenia,Inglaterra,"1ra Ronda, Grupo C",C,86,Inglaterra,Emile Heskey,,Jermain Defoe,,False
1538,2010,Estados Unidos,Argelia,"1ra Ronda, Grupo C",C,46,Estados Unidos,Benny Feilhaber,,Herculez Gomez,,True
1539,2010,Estados Unidos,Argelia,"1ra Ronda, Grupo C",C,64,Estados Unidos,Edson Buddle,,Maurice Edu,,False
1540,2010,Estados Unidos,Argelia,"1ra Ronda, Grupo C",C,80,Estados Unidos,DaMarcus Beasley,,Jonathan Bornstein,,False
1541,2010,Estados Unidos,Argelia,"1ra Ronda, Grupo C",C,65,Argelia,Abdelkader Ghezzal,,Rafik Djebbour,,False
1542,2010,Estados Unidos,Argelia,"1ra Ronda, Grupo C",C,69,Argelia,Adlane Guedioura,,Karim Ziani,,False
1543,2010,Estados Unidos,Argelia,"1ra Ronda, Grupo C",C,85,Argelia,Rafik Saifi,,Karim Matmour,,False
1544,2010,Ghana,Alemania,"1ra Ronda, Grupo D",D,64,Ghana,Sulley Muntari,,Prince Tagoe,,False
1545,2010,Ghana,Alemania,"1ra Ronda, Grupo D",D,82,Ghana,Matthew Amoah,,Asamoah Gyan,,False
1546,2010,Ghana,Alemania,"1ra Ronda, Grupo D",D,90,Ghana,Dominic Adiyiah,,Andre Ayew,,False
1547,2010,Ghana,Alemania,"1ra Ronda, Grupo D",D,67,Alemania,Piotr Trochowski,,Thomas Müller,,False
1548,2010,Ghana,Alemania,"1ra Ronda, Grupo D",D,73,Alemania,Marcell Jansen,,Jérôme Boateng,,False
1549,2010,Ghana,Alemania,"1ra Ronda, Grupo D",D,81,Alemania,Toni Kroos,,Bastian Schweinsteiger,,False
1550,2010,Australia,Serbia,"1ra Ronda, Grupo D",D,66,Australia,Brett Holman,,Carl Valeri,,False
1551,2010,Australia,Serbia,"1ra Ronda, Grupo D",D,66,Australia,Scott Chipperfield,,Mark Bresciano,,False
1552,2010,Australia,Serbia,"1ra Ronda, Grupo D",D,82,Australia,Richard Garcia,,Luke Wilkshire,,False
1553,2010,Australia,Serbia,"1ra Ronda, Grupo D",D,62,Serbia,Zoran Tosic,,Milos Krasic,,False
1554,2010,Australia,Serbia,"1ra Ronda, Grupo D",D,67,Serbia,Marko Pantelic,,Nikola Zigic,,False
1555,2010,Australia,Serbia,"1ra Ronda, Grupo D",D,77,Serbia,Danko Lazovic,,Zdravko Kuzmanovic,,False
1556,2010,Eslovaquia,Italia,"1ra Ronda, Grupo F",F,87,Eslovaquia,Kamil Kopunek,,Zdenko Strba,,False
1557,2010,Eslovaquia,Italia,"1ra Ronda, Grupo F",F,90,Eslovaquia,Stanislav Sestak,,Robert Vittek,,False
1558,2010,Eslovaquia,Italia,"1ra Ronda, Grupo F",F,90,Eslovaquia,Martin Petras,,Erik Jendrisek,,False
1559,2010,Eslovaquia,Italia,"1ra Ronda, Grupo F",F,46,Italia,Christian Maggio,,Domenico Criscito,,True
1560,2010,Eslovaquia,Italia,"1ra Ronda, Grupo F",F,46,Italia,Fabio Quagliarella,,Gennaro Gattuso,,True
1561,2010,Eslovaquia,Italia,"1ra Ronda, Grupo F",F,56,Italia,Andrea Pirlo,,Riccardo Montolivo,,False
1562,2010,Paraguay,Nueva Zelanda,"1ra Ronda, Grupo F",F,66,Paraguay,Lucas Barrios,,Oscar Cardozo,,False
1563,2010,Paraguay,Nueva Zelanda,"1ra Ronda, Grupo F",F,67,Paraguay,Edgar Benitez,,Nelson Valdez,,False
1564,2010,Paraguay,Nueva Zelanda,"1ra Ronda, Grupo F",F,69,Nueva Zelanda,Chris Wood,,Rory Fallon,,False
1565,2010,Paraguay,Nueva Zelanda,"1ra Ronda, Grupo F",F,79,Nueva Zelanda,Jeremy Brockie,,Chris Killen,,False
1566,2010,Dinamarca,Japón,"1ra Ronda, Grupo E",E,34,Dinamarca,Jakob Poulsen,,Martin Jorgensen,,False
1567,2010,Dinamarca,Japón,"1ra Ronda, Grupo E",E,56,Dinamarca,Soren Larsen,,Per Kroldrup,,False
1568,2010,Dinamarca,Japón,"1ra Ronda, Grupo E",E,63,Dinamarca,Christian Eriksen,,Thomas Kahlenberg,,False
1569,2010,Dinamarca,Japón,"1ra Ronda, Grupo E",E,74,n,Shinji Okazaki,,Daisuke Matsui,,False
1570,2010,Dinamarca,Japón,"1ra Ronda, Grupo E",E,88,n,Yasuyuki Konno,,Yoshito Okubo,,False
1571,2010,Dinamarca,Japón,"1ra Ronda, Grupo E",E,90,n,Junichi Inamoto,,Yasuhito Endo,,False
1572,2010,Camerún,Paises Bajos,"1ra Ronda, Grupo E",E,56,n,Vincent Aboubakar,,Gaetan Bong,,False
1573,2010,Camerún,Paises Bajos,"1ra Ronda, Grupo E",E,72,n,Mohamadou Idrissou,,Eric Maxim Choupo Moting,,False
1574,2010,Camerún,Paises Bajos,"1ra Ronda, Grupo E",E,73,n,Rigobert Song,,Nicolas Nkoulou,,False
1575,2010,Camerún,Paises Bajos,"1ra Ronda, Grupo E",E,59,Paises Bajos,Klaas Jan Huntelaar,,Robin Van Persie,,False
1576,2010,Camerún,Paises Bajos,"1ra Ronda, Grupo E",E,66,Paises Bajos,Eljero Elia,,Dirk Kuyt,,False
1577,2010,Camerún,Paises Bajos,"1ra Ronda, Grupo E",E,73,Paises Bajos,Arjen Robben,,Rafael Van Der Vaart,,False
1578,2010,Portugal,Brasil,"1ra Ronda, Grupo G",G,54,Portugal,Simao,,Duda,,False
1579,2010,Portugal,Brasil,"1ra Ronda, Grupo G",G,64,Portugal,Pedro Mendes,,Pepe,,False
1580,2010,Portugal,Brasil,"1ra Ronda, Grupo G",G,84,Portugal,Miguel Veloso,,Raul Meireles,,False
1581,2010,Portugal,Brasil,"1ra Ronda, Grupo G",G,44,Brasil,Josue,,Felipe Melo,,False
1582,2010,Portugal,Brasil,"1ra Ronda, Grupo G",G,82,Brasil,Ramires,,Julio Baptista,,False
1583,2010,Portugal,Brasil,"1ra Ronda, Grupo G",G,85,Brasil,Grafite,,Luis Fabiano,,False
1584,2010,Corea del Norte,Costa de Marfil,"1ra Ronda, Grupo G",G,67,Corea del Norte,Kum Chol Choe,,In Guk Mun,,False
1585,2010,Corea del Norte,Costa de Marfil,"1ra Ronda, Grupo G",G,64,Costa de Marfil,Aruna Dindane,,Gervinho,,False
1586,2010,Corea del Norte,Costa de Marfil,"1ra Ronda, Grupo G",G,64,Costa de Marfil,Salomon Kalou,,Kader Keita,,False
1587,2010,Corea del Norte,Costa de Marfil,"1ra Ronda, Grupo G",G,79,Costa de Marfil,Seydou Doumbia,,Romaric,,False
1588,2010,Chile,España,"1ra Ronda, Grupo H",H,46,Chile,Esteban Paredes,,Jorge Valdivia,,True
1589,2010,Chile,España,"1ra Ronda, Grupo H",H,46,Chile,Rodrigo Millar,,Mark Gonzalez,,True
1590,2010,Chile,España,"1ra Ronda, Grupo H",H,65,Chile,Fabian Orellana,,Alexis Sanchez,,False
1591,2010,Chile,España,"1ra Ronda, Grupo H",H,55,a,Cesc Fabregas,,Fernando Torres,,False
1592,2010,Chile,España,"1ra Ronda, Grupo H",H,73,a,Javi Martinez,,Xabi Alonso,,False
1593,2010,Suiza,Honduras,"1ra Ronda, Grupo H",H,46,Suiza,Hakan Yakin,,Gelson Fernandes,,True
1594,2010,Suiza,Honduras,"1ra Ronda, Grupo H",H,69,Suiza,Alexander Frei,,Blaise Nkufo,,False
1595,2010,Suiza,Honduras,"1ra Ronda, Grupo H",H,78,Suiza,Xherdan Shaqiri,,Benjamin Huggel,,False
1596,2010,Suiza,Honduras,"1ra Ronda, Grupo H",H,67,Honduras,Walter Martinez,,Ramon Nunez,,False
1597,2010,Suiza,Honduras,"1ra Ronda, Grupo H",H,78,Honduras,George Welcome,,Jerry Palacios,,False
1598,2010,Suiza,Honduras,"1ra Ronda, Grupo H",H,87,Honduras,Danilo Turcios,,David Suazo,,False
1599,2010,Uruguay,Corea del Sur,Octavos,,46,Uruguay,Mauricio Victorino,,Diego Godin,,True
1600,2010,Uruguay,Corea del Sur,Octavos,,74,Uruguay,Nicolas Lodeiro,,Alvaro Pereira,,False
1601,2010,Uruguay,Corea del Sur,Octavos,,84,Uruguay,Alvaro Fernandez,,Luis Suarez,,False
1602,2010,Uruguay,Corea del Sur,Octavos,,61,Corea del Sur,Dong Gook Lee,,Jae Sung Kim,,False
1603,2010,Uruguay,Corea del Sur,Octavos,,85,Corea del Sur,Ki Hun Yeom,,Sung-yueng Ki,,False
1604,2010,Estados Unidos,Ghana,Octavos,,31,Estados Unidos,Maurice Edu,,Ricardo Clark,,False
1605,2010,Estados Unidos,Ghana,Octavos,,46,Estados Unidos,Benny Feilhaber,,Robbie Findley,,True
1606,2010,Estados Unidos,Ghana,Octavos,,91,Estados Unidos,Herculez Gomez,,Jozy Altidore,,False
1607,2010,Estados Unidos,Ghana,Octavos,,73,Ghana,Lee Addy,,Hans Sarpei,,False
1608,2010,Estados Unidos,Ghana,Octavos,,78,Ghana,Stephen Appiah,,Kevin Prince Boateng,,False
1609,2010,Estados Unidos,Ghana,Octavos,,113,Ghana,Sulley Muntari,,Samuel Inkoom,,False
1610,2010,Alemania,Inglaterra,Octavos,,72,Alemania,Piotr Trochowski,,Thomas Müller,,False
1611,2010,Alemania,Inglaterra,Octavos,,72,Alemania,Mario Gomez,,Miroslav Klose,,False
1612,2010,Alemania,Inglaterra,Octavos,,83,Alemania,Stefan Kiessling,,Mesut Ozil,,False
1613,2010,Alemania,Inglaterra,Octavos,,64,Inglaterra,Joe Cole,,James Milner,,False
1614,2010,Alemania,Inglaterra,Octavos,,71,Inglaterra,Emile Heskey,,Jermain Defoe,,False
1615,2010,Alemania,Inglaterra,Octavos,,87,Inglaterra,Shaun Wright-Phillips,,Glen Johnson,,False
1616,2010,Argentina,México,Octavos,,69,Argentina,Juan Veron,,Carlos Tevez,,False
1617,2010,Argentina,México,Octavos,,79,Argentina,Jonas Gutierrez,,Angel Di Maria,,False
1618,2010,Argentina,México,Octavos,,87,Argentina,Javier Pastore,,Maxi Rodriguez,,False
1619,2010,Argentina,México,Octavos,,46,xico,Pablo Barrera,,Adolfo Bautista,,True
1620,2010,Argentina,México,Octavos,,61,xico,Guillermo Franco,,Andres Guardado,,False
1621,2010,Paises Bajos,Eslovaquia,Octavos,,71,Paises Bajos,Eljero Elia,,Arjen Robben,,False
1622,2010,Paises Bajos,Eslovaquia,Octavos,,80,Paises Bajos,Klaas Jan Huntelaar,,Robin Van Persie,,False
1623,2010,Paises Bajos,Eslovaquia,Octavos,,92,Paises Bajos,Ibrahim Afellay,,Wesley Sneijder,,False
1624,2010,Paises Bajos,Eslovaquia,Octavos,,71,Eslovaquia,Kamil Kopunek,,Erik Jendrisek,,False
1625,2010,Paises Bajos,Eslovaquia,Octavos,,87,Eslovaquia,Marek Sapara,,Marek Hamsik,,False
1626,2010,Paises Bajos,Eslovaquia,Octavos,,88,Eslovaquia,Martin Jakubko,,Radoslav Zabavnik,,False
1627,2010,Brasil,Chile,Octavos,,76,Brasil,Nilmar,,Luis Fabiano,,False
1628,2010,Brasil,Chile,Octavos,,81,Brasil,Kleberson,,Kaká,,False
1629,2010,Brasil,Chile,Octavos,,85,Brasil,Gilberto Melo,,Robinho,,False
1630,2010,Brasil,Chile,Octavos,,46,Chile,Rodrigo Tello,,Pablo Contreras,,True
1631,2010,Brasil,Chile,Octavos,,46,Chile,Jorge Valdivia,,Mark Gonzalez,,True
1632,2010,Brasil,Chile,Octavos,,62,Chile,Rodrigo Millar,,Mauricio Isla,,False
1633,2010,Paraguay,Japón,Octavos,,60,Paraguay,Nelson Valdez,,Edgar Benitez,,False
1634,2010,Paraguay,Japón,Octavos,,75,Paraguay,Edgar Barreto,,Nestor Ortigoza,,False
1635,2010,Paraguay,Japón,Octavos,,94,Paraguay,Oscar Cardozo,,Roque Santa Cruz,,False
1636,2010,Paraguay,Japón,Octavos,,65,n,Shinji Okazaki,,Daisuke Matsui,,False
1637,2010,Paraguay,Japón,Octavos,,81,n,Kengo Nakamura,,Yuki Abe,,False
1638,2010,Paraguay,Japón,Octavos,,106,n,Keiji Tamada,,Yoshito Okubo,,True
1639,2010,España,Portugal,Octavos,,58,a,Fernando Llorente,,Fernando Torres,,False
1640,2010,España,Portugal,Octavos,,88,a,Pedro,,David Villa,,False
1641,2010,España,Portugal,Octavos,,90,a,Carlos Marchena,,Xabi Alonso,,False
1642,2010,España,Portugal,Octavos,,58,Portugal,Danny,,Hugo Almeida,,False
1643,2010,España,Portugal,Octavos,,72,Portugal,Pedro Mendes,,Pepe,,False
1644,2010,España,Portugal,Octavos,,72,Portugal,Liedson,,Simao,,False
1645,2010,Paises Bajos,Brasil,Cuartos,,85,Paises Bajos,Klaas Jan Huntelaar,,Robin Van Persie,,False
1646,2010,Paises Bajos,Brasil,Cuartos,,62,Brasil,Gilberto Melo,,Michel Bastos,,False
1647,2010,Paises Bajos,Brasil,Cuartos,,77,Brasil,Nilmar,,Luis Fabiano,,False
1648,2010,Uruguay,Ghana,Cuartos,,38,Uruguay,Andres Scotti,,Diego Lugano,,False
1649,2010,Uruguay,Ghana,Cuartos,,46,Uruguay,Nicolas Lodeiro,,Alvaro Fernandez,,True
1650,2010,Uruguay,Ghana,Cuartos,,76,Uruguay,Sebastian Abreu,,Edinson Cavani,,False
1651,2010,Uruguay,Ghana,Cuartos,,74,Ghana,Stephen Appiah,,Samuel Inkoom,,False
1652,2010,Uruguay,Ghana,Cuartos,,88,Ghana,Dominic Adiyiah,,Sulley Muntari,,False
1653,2010,Argentina,Alemania,Cuartos,,70,Argentina,Javier Pastore,,Nicolas Otamendi,,False
1654,2010,Argentina,Alemania,Cuartos,,75,Argentina,Sergio Agüero,,Angel Di Maria,,False
1655,2010,Argentina,Alemania,Cuartos,,72,Alemania,Marcell Jansen,,Jérôme Boateng,,False
1656,2010,Argentina,Alemania,Cuartos,,77,Alemania,Toni Kroos,,Sami Khedira,,False
1657,2010,Argentina,Alemania,Cuartos,,84,Alemania,Piotr Trochowski,,Thomas Müller,,False
1658,2010,Paraguay,España,Cuartos,,64,Paraguay,Enrique Vera,,Edgar Barreto,,False
1659,2010,Paraguay,España,Cuartos,,72,Paraguay,Roque Santa Cruz,,Nelson Valdez,,False
1660,2010,Paraguay,España,Cuartos,,84,Paraguay,Lucas Barrios,,Victor Caceres,,False
1661,2010,Paraguay,España,Cuartos,,56,a,Cesc Fabregas,,Fernando Torres,,False
1662,2010,Paraguay,España,Cuartos,,75,a,Pedro,,Xabi Alonso,,False
1663,2010,Paraguay,España,Cuartos,,84,a,Carlos Marchena,,Carles Puyol,,False
1664,2010,Uruguay,Paises Bajos,Semis,,78,Uruguay,Sebastian Abreu,,Alvaro Pereira,,False
1665,2010,Uruguay,Paises Bajos,Semis,,84,Uruguay,Sebastian Fernandez,,Diego Forlan,,False
1666,2010,Uruguay,Paises Bajos,Semis,,46,Paises Bajos,Rafael Van Der Vaart,,Demy De Zeeuw,,True
1667,2010,Uruguay,Paises Bajos,Semis,,89,Paises Bajos,Eljero Elia,,Arjen Robben,,False
1668,2010,Alemania,España,Semis,,52,Alemania,Marcell Jansen,,Jérôme Boateng,,False
1669,2010,Alemania,España,Semis,,62,Alemania,Toni Kroos,,Piotr Trochowski,,False
1670,2010,Alemania,España,Semis,,81,Alemania,Mario Gomez,,Sami Khedira,,False
1671,2010,Alemania,España,Semis,,81,a,Fernando Torres,,David Villa,,False
1672,2010,Alemania,España,Semis,,86,a,David Silva,,Pedro,,False
1673,2010,Alemania,España,Semis,,93,a,Carlos Marchena,,Xabi Alonso,,False
1674,2010,Uruguay,Alemania,3er Puesto,,77,Uruguay,Walter Gargano,,Diego Perez,,False
1675,2010,Uruguay,Alemania,3er Puesto,,88,Uruguay,Sebastian Abreu,,Edinson Cavani,,False
1676,2010,Uruguay,Alemania,3er Puesto,,73,Alemania,Stefan Kiessling,,Cacau,,False
1677,2010,Uruguay,Alemania,3er Puesto,,81,Alemania,Toni Kroos,,Marcell Jansen,,False
1678,2010,Uruguay,Alemania,3er Puesto,,91,Alemania,Serdar Tasci,,Mesut Ozil,,False
1679,2010,Paises Bajos,España,Final,,71,Paises Bajos,Eljero Elia,,Dirk Kuyt,,False
1680,2010,Paises Bajos,España,Final,,99,Paises Bajos,Rafael Van Der Vaart,,Nigel De Jong,,False
1681,2010,Paises Bajos,España,Final,,105,Paises Bajos,Edson Braafheid,,Giovanni Van Bronckhorst,,False
1682,2010,Paises Bajos,España,Final,,60,a,Jesus Navas,,Pedro,,False
1683,2010,Paises Bajos,España,Final,,87,a,Cesc Fabregas,,Xabi Alonso,,False
1684,2010,Paises Bajos,España,Final,,106,a,Fernando Torres,,David Villa,,True
1685,2006,Alemania,Costa Rica,"1ra Ronda, Grupo A",A,72,Alemania,Sebastian Kehl,,Tim Borowski,,False
1686,2006,Alemania,Costa Rica,"1ra Ronda, Grupo A",A,79,Alemania,Oliver Neuville,,Miroslav Klose,,False
1687,2006,Alemania,Costa Rica,"1ra Ronda, Grupo A",A,90,Alemania,David Odonkor,,Bernd Schneider,,False
1688,2006,Alemania,Costa Rica,"1ra Ronda, Grupo A",A,66,Costa Rica,Jervis Drummond,,Gilberto Martinez,,False
1689,2006,Alemania,Costa Rica,"1ra Ronda, Grupo A",A,78,Costa Rica,Christian Bolaños,,Mauricio Solis,,False
1690,2006,Alemania,Costa Rica,"1ra Ronda, Grupo A",A,90,Costa Rica,Randall Azofeifa,,Ronald Gomez,,False
1691,2006,Polonia,Ecuador,"1ra Ronda, Grupo A",A,67,Polonia,Ireneusz Jelen,,Radoslaw Sobolewski,,False
1692,2006,Polonia,Ecuador,"1ra Ronda, Grupo A",A,78,Polonia,Kamil Kosowski,,Jacek Krzynowek,,False
1693,2006,Polonia,Ecuador,"1ra Ronda, Grupo A",A,83,Polonia,Pawel Brozek,,Maciej Zurawski,,False
1694,2006,Polonia,Ecuador,"1ra Ronda, Grupo A",A,65,Ecuador,Ivan Kaviedes,,Carlos Tenorio,,False
1695,2006,Polonia,Ecuador,"1ra Ronda, Grupo A",A,69,Ecuador,Jorge Guagua,,Ivan Hurtado,,False
1696,2006,Polonia,Ecuador,"1ra Ronda, Grupo A",A,83,Ecuador,Patricio Urrutia,,Agustin Delgado,,False
1697,2006,Inglaterra,Paraguay,"1ra Ronda, Grupo B",B,56,Inglaterra,Stewart Downing,,Michael Owen,,False
1698,2006,Inglaterra,Paraguay,"1ra Ronda, Grupo B",B,83,Inglaterra,Owen Hargreaves,,Joe Cole,,False
1699,2006,Inglaterra,Paraguay,"1ra Ronda, Grupo B",B,8,Paraguay,Aldo Bobadilla,,Justo Villar,,False
1700,2006,Inglaterra,Paraguay,"1ra Ronda, Grupo B",B,68,Paraguay,Nelson Cuevas,,Carlos Bonet,,False
1701,2006,Inglaterra,Paraguay,"1ra Ronda, Grupo B",B,82,Paraguay,Jorge Núñez,,Delio Toledo,,False
1702,2006,Trinidad y Tobago,Suecia,"1ra Ronda, Grupo B",B,52,Trinidad y Tobago,Cornell Glen,,Collin Samuel,,False
1703,2006,Trinidad y Tobago,Suecia,"1ra Ronda, Grupo B",B,66,Trinidad y Tobago,Aurtis Whitley,,Densill Theobald,,False
1704,2006,Trinidad y Tobago,Suecia,"1ra Ronda, Grupo B",B,62,Suecia,Marcus Allback,,Anders Svensson,,False
1705,2006,Trinidad y Tobago,Suecia,"1ra Ronda, Grupo B",B,78,Suecia,Kim Kallstrom,,Tobias Linderoth,,False
1706,2006,Trinidad y Tobago,Suecia,"1ra Ronda, Grupo B",B,78,Suecia,Mattias Jonson,,Christian Wilhelmsson,,False
1707,2006,Argentina,Costa de Marfil,"1ra Ronda, Grupo C",C,64,Argentina,Rodrigo Palacio,,Hernan Crespo,,False
1708,2006,Argentina,Costa de Marfil,"1ra Ronda, Grupo C",C,75,Argentina,Luis Gonzalez,,Javier Saviola,,False
1709,2006,Argentina,Costa de Marfil,"1ra Ronda, Grupo C",C,90,Argentina,Pablo Aimar,,Juan Román Riquelme,,False
1710,2006,Argentina,Costa de Marfil,"1ra Ronda, Grupo C",C,55,Costa de Marfil,Aruna Dindane,,Bonaventure Kalou,,False
1711,2006,Argentina,Costa de Marfil,"1ra Ronda, Grupo C",C,62,Costa de Marfil,Bakary Kone,,Kanga Akale,,False
1712,2006,Argentina,Costa de Marfil,"1ra Ronda, Grupo C",C,77,Costa de Marfil,Arouna Kone,,Kader Keita,,False
1713,2006,Serbia y Montenegro,Paises Bajos,"1ra Ronda, Grupo C",C,43,Serbia y Montenegro,Ognjen Koroman,,Nenad Djordjevic,,False
1714,2006,Serbia y Montenegro,Paises Bajos,"1ra Ronda, Grupo C",C,46,Serbia y Montenegro,Nikola Zigic,,Savo Milosevic,,False
1715,2006,Serbia y Montenegro,Paises Bajos,"1ra Ronda, Grupo C",C,67,Serbia y Montenegro,Danijel Ljuboja,,Mateja Kezman,,False
1716,2006,Serbia y Montenegro,Paises Bajos,"1ra Ronda, Grupo C",C,60,Paises Bajos,Denny Landzaat,,Mark Van Bommel,,False
1717,2006,Serbia y Montenegro,Paises Bajos,"1ra Ronda, Grupo C",C,69,Paises Bajos,Dirk Kuyt,,Ruud Van Nistelrooij,,False
1718,2006,Serbia y Montenegro,Paises Bajos,"1ra Ronda, Grupo C",C,86,Paises Bajos,Khalid Boulahrouz,,Joris Mathijsen,,False
1719,2006,México,Irán,"1ra Ronda, Grupo D",D,46,xico,Luis Perez,,Gerardo Torrado,,False
1720,2006,México,Irán,"1ra Ronda, Grupo D",D,46,xico,Zinha,,Guillermo Franco,,False
1721,2006,México,Irán,"1ra Ronda, Grupo D",D,52,xico,Jose Fonseca,,Jared Borgetti,,False
1722,2006,México,Irán,"1ra Ronda, Grupo D",D,63,n,Mehrzad Madanchi,,Ali Karimi,,False
1723,2006,México,Irán,"1ra Ronda, Grupo D",D,81,n,Arash Borhani,,Mohammad Nosrati,,False
1724,2006,Angola,Portugal,"1ra Ronda, Grupo D",D,60,Angola,Mantorras,,Akwa,,False
1725,2006,Angola,Portugal,"1ra Ronda, Grupo D",D,70,Angola,Edson,,Ze Kalanga,,False
1726,2006,Angola,Portugal,"1ra Ronda, Grupo D",D,80,Angola,Miloy,,Figueiredo,,False
1727,2006,Angola,Portugal,"1ra Ronda, Grupo D",D,60,Portugal,Costinha,,Cristiano Ronaldo,,False
1728,2006,Angola,Portugal,"1ra Ronda, Grupo D",D,72,Portugal,Maniche,,Petit,,False
1729,2006,Angola,Portugal,"1ra Ronda, Grupo D",D,83,Portugal,Hugo Viana,,Tiago,,False
1730,2006,Italia,Ghana,"1ra Ronda, Grupo E",E,56,Italia,Mauro Camoranesi,,Francesco Totti,,False
1731,2006,Italia,Ghana,"1ra Ronda, Grupo E",E,64,Italia,Vincenzo Iaquinta,,Alberto Gilardino,,False
1732,2006,Italia,Ghana,"1ra Ronda, Grupo E",E,82,Italia,Alessandro Del Piero,,Luca Toni,,False
1733,2006,Italia,Ghana,"1ra Ronda, Grupo E",E,46,Ghana,Illiasu Shilla,,Emmanuel Pappoe,,False
1734,2006,Italia,Ghana,"1ra Ronda, Grupo E",E,68,Ghana,Razak Pimpong,,Matthew Amoah,,False
1735,2006,Italia,Ghana,"1ra Ronda, Grupo E",E,89,Ghana,Alex Tachie-Mensah,,Asamoah Gyan,,False
1736,2006,Estados Unidos,República Checa,"1ra Ronda, Grupo E",E,46,Estados Unidos,Eddie Johnson,,Pablo Mastroeni,,False
1737,2006,Estados Unidos,República Checa,"1ra Ronda, Grupo E",E,46,Estados Unidos,John O'Brien,,Steve Cherundolo,,False
1738,2006,Estados Unidos,República Checa,"1ra Ronda, Grupo E",E,77,Estados Unidos,Josh Wolff,,Brian Mcbride,,False
1739,2006,Estados Unidos,República Checa,"1ra Ronda, Grupo E",E,45,blica Checa,Vratislav Lokvenc,,Jan Koller,,False
1740,2006,Estados Unidos,República Checa,"1ra Ronda, Grupo E",E,82,blica Checa,Jan Polak,,Karel Poborsky,,False
1741,2006,Estados Unidos,República Checa,"1ra Ronda, Grupo E",E,86,blica Checa,Jiri Stajner,,Tomas Rosicky,,False
1742,2006,Australia,Japón,"1ra Ronda, Grupo F",F,53,Australia,Tim Cahill,,Mark Bresciano,,False
1743,2006,Australia,Japón,"1ra Ronda, Grupo F",F,61,Australia,Joshua Kennedy,,Craig Moore,,False
1744,2006,Australia,Japón,"1ra Ronda, Grupo F",F,75,Australia,John Aloisi,,Luke Wilkshire,,False
1745,2006,Australia,Japón,"1ra Ronda, Grupo F",F,56,n,Teruyuki Moniwa,,Keisuke Tsuboi,,False
1746,2006,Australia,Japón,"1ra Ronda, Grupo F",F,79,n,Shinji Ono,,Atsushi Yanagisawa,,False
1747,2006,Australia,Japón,"1ra Ronda, Grupo F",F,90,n,Masashi Oguro,,Teruyuki Moniwa,,False
1748,2006,Brasil,Croacia,"1ra Ronda, Grupo F",F,69,Brasil,Robinho,,Ronaldo,,False
1749,2006,Brasil,Croacia,"1ra Ronda, Grupo F",F,41,Croacia,Jerko Leko,,Niko Kovac,,False
1750,2006,Brasil,Croacia,"1ra Ronda, Grupo F",F,56,Croacia,Ivica Olic,,Ivan Klasnic,,False
1751,2006,Francia,Suiza,"1ra Ronda, Grupo G",G,70,Francia,Louis Saha,,Franck Ribery,,False
1752,2006,Francia,Suiza,"1ra Ronda, Grupo G",G,84,Francia,Vikash Dhorasoo,,Sylvain Wiltord,,False
1753,2006,Francia,Suiza,"1ra Ronda, Grupo G",G,56,Suiza,Daniel Gygax,,Marco Streller,,False
1754,2006,Francia,Suiza,"1ra Ronda, Grupo G",G,75,Suiza,Johan Djourou,,Patrick Mueller,,False
1755,2006,Francia,Suiza,"1ra Ronda, Grupo G",G,82,Suiza,Xavier Margairaz,,Raphael Wicky,,False
1756,2006,Corea del Sur,Togo,"1ra Ronda, Grupo G",G,46,Corea del Sur,Jung Hwan Ahn,,Jin Kyu Kim,,False
1757,2006,Corea del Sur,Togo,"1ra Ronda, Grupo G",G,68,Corea del Sur,Nam Il Kim,,Eul Yong Lee,,False
1758,2006,Corea del Sur,Togo,"1ra Ronda, Grupo G",G,83,Corea del Sur,Sang Sik Kim,,Jae Jin Cho,,False
1759,2006,Corea del Sur,Togo,"1ra Ronda, Grupo G",G,55,Togo,Assimiou Toure,,Yao Junior Senaya,,False
1760,2006,Corea del Sur,Togo,"1ra Ronda, Grupo G",G,62,Togo,Richmond Forson,,Ludovic Assemoassa,,False
1761,2006,Corea del Sur,Togo,"1ra Ronda, Grupo G",G,86,Togo,Yao Aziawonou,,Moustapha Salifou,,False
1762,2006,España,Ucrania,"1ra Ronda, Grupo H",H,55,a,Raul,,David Villa,,False
1763,2006,España,Ucrania,"1ra Ronda, Grupo H",H,55,a,David Albelda,,Xabi Alonso,,False
1764,2006,España,Ucrania,"1ra Ronda, Grupo H",H,77,a,Cesc Fabregas,,Luis Garcia,,False
1765,2006,España,Ucrania,"1ra Ronda, Grupo H",H,46,Ucrania,Andriy Vorobey,,Andriy Gusin,,False
1766,2006,España,Ucrania,"1ra Ronda, Grupo H",H,46,Ucrania,Oleg Shelayev,,Oleg Gusev,,False
1767,2006,España,Ucrania,"1ra Ronda, Grupo H",H,64,Ucrania,Serhiy Rebrov,,Ruslan Rotan,,False
1768,2006,Túnez,Arabia Saudita,"1ra Ronda, Grupo H",H,55,nez,Mehdi Nafti,,Riadh Bouazizi,,False
1769,2006,Túnez,Arabia Saudita,"1ra Ronda, Grupo H",H,69,nez,Kais Ghodhbane,,Adel Chedli,,False
1770,2006,Túnez,Arabia Saudita,"1ra Ronda, Grupo H",H,82,nez,Karim Essediri,,Yassine Chikhaoui,,False
1771,2006,Túnez,Arabia Saudita,"1ra Ronda, Grupo H",H,67,Arabia Saudita,Malek Al Hawsawi,,Nawaf Al Temiyat,,False
1772,2006,Túnez,Arabia Saudita,"1ra Ronda, Grupo H",H,75,Arabia Saudita,Mohammed Ameen,,Mohammed Noor,,False
1773,2006,Túnez,Arabia Saudita,"1ra Ronda, Grupo H",H,82,Arabia Saudita,Sami Al Jaber,,Yasser Al Kahtani,,False
1774,2006,Alemania,Polonia,"1ra Ronda, Grupo A",A,64,Alemania,David Odonkor,,Arne Friedrich,,False
1775,2006,Alemania,Polonia,"1ra Ronda, Grupo A",A,71,Alemania,Oliver Neuville,,Lukas Podolski,,False
1776,2006,Alemania,Polonia,"1ra Ronda, Grupo A",A,77,Alemania,Tim Borowski,,Bastian Schweinsteiger,,False
1777,2006,Alemania,Polonia,"1ra Ronda, Grupo A",A,77,Polonia,Mariusz Lewandowski,,Jacek Krzynowek,,False
1778,2006,Alemania,Polonia,"1ra Ronda, Grupo A",A,83,Polonia,Dariusz Dudka,,Michal Zewlakow,,False
1779,2006,Alemania,Polonia,"1ra Ronda, Grupo A",A,90,Polonia,Pawel Brozek,,Ireneusz Jelen,,False
1780,2006,Ecuador,Costa Rica,"1ra Ronda, Grupo A",A,46,Ecuador,Ivan Kaviedes,,Carlos Tenorio,,False
1781,2006,Ecuador,Costa Rica,"1ra Ronda, Grupo A",A,69,Ecuador,Jorge Guagua,,Giovanny Espinoza,,False
1782,2006,Ecuador,Costa Rica,"1ra Ronda, Grupo A",A,73,Ecuador,Patricio Urrutia,,Antonio Valencia,,False
1783,2006,Ecuador,Costa Rica,"1ra Ronda, Grupo A",A,29,Costa Rica,Alvaro Saborio,,Danny Fonseca,,False
1784,2006,Ecuador,Costa Rica,"1ra Ronda, Grupo A",A,56,Costa Rica,Carlos Hernandez,,Leonardo Gonzalez,,False
1785,2006,Ecuador,Costa Rica,"1ra Ronda, Grupo A",A,84,Costa Rica,Kurt Bernard,,Walter Centeno,,False
1786,2006,Inglaterra,Trinidad y Tobago,"1ra Ronda, Grupo B",B,58,Inglaterra,Wayne Rooney,,Michael Owen,,False
1787,2006,Inglaterra,Trinidad y Tobago,"1ra Ronda, Grupo B",B,58,Inglaterra,Aaron Lennon,,Jamie Carragher,,False
1788,2006,Inglaterra,Trinidad y Tobago,"1ra Ronda, Grupo B",B,75,Inglaterra,Stewart Downing,,Joe Cole,,False
1789,2006,Inglaterra,Trinidad y Tobago,"1ra Ronda, Grupo B",B,70,Trinidad y Tobago,Cornell Glen,,Kenwyne Jones,,False
1790,2006,Inglaterra,Trinidad y Tobago,"1ra Ronda, Grupo B",B,85,Trinidad y Tobago,Evans Wise,,Densill Theobald,,False
1791,2006,Suecia,Paraguay,"1ra Ronda, Grupo B",B,46,Suecia,Marcus Allback,,Zlatan Ibrahimovic,,True
1792,2006,Suecia,Paraguay,"1ra Ronda, Grupo B",B,68,Suecia,Mattias Jonson,,Christian Wilhelmsson,,False
1793,2006,Suecia,Paraguay,"1ra Ronda, Grupo B",B,86,Suecia,Johan Elmander,,Kim Kallstrom,,False
1794,2006,Suecia,Paraguay,"1ra Ronda, Grupo B",B,62,Paraguay,Julio Dos Santos,,Cristian Riveros,,False
1795,2006,Suecia,Paraguay,"1ra Ronda, Grupo B",B,63,Paraguay,Dante Lopez,,Roque Santa Cruz,,False
1796,2006,Suecia,Paraguay,"1ra Ronda, Grupo B",B,81,Paraguay,Edgar Barreto,,Carlos Bonet,,False
1797,2006,Argentina,Serbia y Montenegro,"1ra Ronda, Grupo C",C,17,Argentina,Esteban Cambiasso,,Luis Gonzalez,,False
1798,2006,Argentina,Serbia y Montenegro,"1ra Ronda, Grupo C",C,59,Argentina,Carlos Tevez,,Javier Saviola,,False
1799,2006,Argentina,Serbia y Montenegro,"1ra Ronda, Grupo C",C,75,Argentina,Lionel Messi,,Maxi Rodriguez,,False
1800,2006,Argentina,Serbia y Montenegro,"1ra Ronda, Grupo C",C,46,Serbia y Montenegro,Ivan Ergic,,Albert Nadj,,False
1801,2006,Argentina,Serbia y Montenegro,"1ra Ronda, Grupo C",C,50,Serbia y Montenegro,Danijel Ljuboja,,Ognjen Koroman,,False
1802,2006,Argentina,Serbia y Montenegro,"1ra Ronda, Grupo C",C,70,Serbia y Montenegro,Zvonimir Vukic,,Savo Milosevic,,False
1803,2006,Paises Bajos,Costa de Marfil,"1ra Ronda, Grupo C",C,46,Paises Bajos,Khalid Boulahrouz,,John Heitinga,,False
1804,2006,Paises Bajos,Costa de Marfil,"1ra Ronda, Grupo C",C,50,Paises Bajos,Rafael Van Der Vaart,,Wesley Sneijder,,False
1805,2006,Paises Bajos,Costa de Marfil,"1ra Ronda, Grupo C",C,73,Paises Bajos,Denny Landzaat,,Ruud Van Nistelrooij,,False
1806,2006,Paises Bajos,Costa de Marfil,"1ra Ronda, Grupo C",C,62,Costa de Marfil,Gilles Yapi Yapo,,Romaric,,False
1807,2006,Paises Bajos,Costa de Marfil,"1ra Ronda, Grupo C",C,62,Costa de Marfil,Aruna Dindane,,Bakary Kone,,False
1808,2006,Paises Bajos,Costa de Marfil,"1ra Ronda, Grupo C",C,73,Costa de Marfil,Kanga Akale,,Arouna Kone,,False
1809,2006,México,Angola,"1ra Ronda, Grupo D",D,52,xico,Jesus Arellano,,Zinha,,False
1810,2006,México,Angola,"1ra Ronda, Grupo D",D,74,xico,Jose Fonseca,,Guillermo Franco,,False
1811,2006,México,Angola,"1ra Ronda, Grupo D",D,78,xico,Ramon Morales,,Gonzalo Pineda,,False
1812,2006,México,Angola,"1ra Ronda, Grupo D",D,68,Angola,Mantorras,,Mateus,,False
1813,2006,México,Angola,"1ra Ronda, Grupo D",D,73,Angola,Rui Marques,,Figueiredo,,False
1814,2006,México,Angola,"1ra Ronda, Grupo D",D,83,Angola,Miloy,,Ze Kalanga,,False
1815,2006,Portugal,Irán,"1ra Ronda, Grupo D",D,67,Portugal,Petit,,Maniche,,False
1816,2006,Portugal,Irán,"1ra Ronda, Grupo D",D,80,Portugal,Tiago,,Deco,,False
1817,2006,Portugal,Irán,"1ra Ronda, Grupo D",D,88,Portugal,Simao,,Luis Figo,,False
1818,2006,Portugal,Irán,"1ra Ronda, Grupo D",D,65,n,Ferydoon Zandi,,Ali Karimi,,False
1819,2006,Portugal,Irán,"1ra Ronda, Grupo D",D,66,n,Rasoul Khatibi,,Mehrzad Madanchi,,False
1820,2006,Portugal,Irán,"1ra Ronda, Grupo D",D,88,n,Sohrab Bakhtiarizadeh,,Yahya Golmohammadi,,False
1821,2006,Italia,Estados Unidos,"1ra Ronda, Grupo E",E,35,Italia,Gennaro Gattuso,,Francesco Totti,,False
1822,2006,Italia,Estados Unidos,"1ra Ronda, Grupo E",E,54,Italia,Alessandro Del Piero,,Cristian Zaccardo,,False
1823,2006,Italia,Estados Unidos,"1ra Ronda, Grupo E",E,61,Italia,Vincenzo Iaquinta,,Luca Toni,,False
1824,2006,Italia,Estados Unidos,"1ra Ronda, Grupo E",E,52,Estados Unidos,Jimmy Conrad,,Bobby Convey,,False
1825,2006,Italia,Estados Unidos,"1ra Ronda, Grupo E",E,62,Estados Unidos,DaMarcus Beasley,,Clint Dempsey,,False
1826,2006,República Checa,Ghana,"1ra Ronda, Grupo E",E,46,blica Checa,Jan Polak,,Tomas Galasek,,False
1827,2006,República Checa,Ghana,"1ra Ronda, Grupo E",E,56,blica Checa,Jiri Stajner,,Karel Poborsky,,False
1828,2006,República Checa,Ghana,"1ra Ronda, Grupo E",E,68,blica Checa,Libor Sionko,,Jaroslav Plasil,,False
1829,2006,República Checa,Ghana,"1ra Ronda, Grupo E",E,46,Ghana,Derek Boateng,,Otto Addo,,False
1830,2006,República Checa,Ghana,"1ra Ronda, Grupo E",E,80,Ghana,Eric Addo,,Matthew Amoah,,False
1831,2006,República Checa,Ghana,"1ra Ronda, Grupo E",E,85,Ghana,Razak Pimpong,,Asamoah Gyan,,False
1832,2006,Brasil,Australia,"1ra Ronda, Grupo F",F,72,Brasil,Gilberto Silva,,Emerson,,False
1833,2006,Brasil,Australia,"1ra Ronda, Grupo F",F,72,Brasil,Robinho,,Ronaldo,,False
1834,2006,Brasil,Australia,"1ra Ronda, Grupo F",F,88,Brasil,Fred,,Adriano,,False
1835,2006,Brasil,Australia,"1ra Ronda, Grupo F",F,41,Australia,Mark Bresciano,,Tony Popovic,,False
1836,2006,Brasil,Australia,"1ra Ronda, Grupo F",F,56,Australia,Harry Kewell,,Tim Cahill,,False
1837,2006,Brasil,Australia,"1ra Ronda, Grupo F",F,69,Australia,John Aloisi,,Craig Moore,,False
1838,2006,Japón,Croacia,"1ra Ronda, Grupo F",F,46,n,Junichi Inamoto,,Takashi Fukunishi,,False
1839,2006,Japón,Croacia,"1ra Ronda, Grupo F",F,61,n,Keiji Tamada,,Atsushi Yanagisawa,,False
1840,2006,Japón,Croacia,"1ra Ronda, Grupo F",F,85,n,Masashi Oguro,,Naohiro Takahara,,False
1841,2006,Japón,Croacia,"1ra Ronda, Grupo F",F,70,Croacia,Ivica Olic,,Igor Tudor,,False
1842,2006,Japón,Croacia,"1ra Ronda, Grupo F",F,78,Croacia,Luka Modric,,Niko Kranjcar,,False
1843,2006,Japón,Croacia,"1ra Ronda, Grupo F",F,87,Croacia,Ivan Bosnjak,,Darijo Srna,,False
1844,2006,Francia,Corea del Sur,"1ra Ronda, Grupo G",G,60,Francia,Franck Ribery,,Sylvain Wiltord,,False
1845,2006,Francia,Corea del Sur,"1ra Ronda, Grupo G",G,88,Francia,Vikash Dhorasoo,,Florent Malouda,,False
1846,2006,Francia,Corea del Sur,"1ra Ronda, Grupo G",G,90,Francia,David Trezeguet,,Zinedine Zidane,,False
1847,2006,Francia,Corea del Sur,"1ra Ronda, Grupo G",G,46,Corea del Sur,Ki Hyeon Seol,,Eul Yong Lee,,False
1848,2006,Francia,Corea del Sur,"1ra Ronda, Grupo G",G,69,Corea del Sur,Sang Sik Kim,,Ho Lee,,False
1849,2006,Francia,Corea del Sur,"1ra Ronda, Grupo G",G,72,Corea del Sur,Jung Hwan Ahn,,Chun Soo Lee,,False
1850,2006,Togo,Suiza,"1ra Ronda, Grupo G",G,25,Togo,Moustapha Salifou,,Kuami Agboh,,False
1851,2006,Togo,Suiza,"1ra Ronda, Grupo G",G,69,Togo,Yao Junior Senaya,,Thomas Dossevi,,False
1852,2006,Togo,Suiza,"1ra Ronda, Grupo G",G,87,Togo,Robert Malm,,Cherif Toure Mamam,,False
1853,2006,Togo,Suiza,"1ra Ronda, Grupo G",G,46,Suiza,Hakan Yakin,,Daniel Gygax,,False
1854,2006,Togo,Suiza,"1ra Ronda, Grupo G",G,77,Suiza,Marco Streller,,Ricardo Cabanas,,False
1855,2006,Togo,Suiza,"1ra Ronda, Grupo G",G,87,Suiza,Mauro Lustrinelli,,Alexander Frei,,False
1856,2006,España,Túnez,"1ra Ronda, Grupo H",H,46,a,Cesc Fabregas,,Marcos Senna,,False
1857,2006,España,Túnez,"1ra Ronda, Grupo H",H,46,a,Raul,,Luis Garcia,,False
1858,2006,España,Túnez,"1ra Ronda, Grupo H",H,57,a,Joaquin,,David Villa,,False
1859,2006,España,Túnez,"1ra Ronda, Grupo H",H,57,nez,Kais Ghodhbane,,Riadh Bouazizi,,False
1860,2006,España,Túnez,"1ra Ronda, Grupo H",H,57,nez,Alaeddine Yahia,,Anis Ayari,,False
1861,2006,España,Túnez,"1ra Ronda, Grupo H",H,80,nez,Haykel Guemamdia,,Adel Chedli,,False
1862,2006,Arabia Saudita,Ucrania,"1ra Ronda, Grupo H",H,55,Arabia Saudita,Malek Al Hawsawi,,Mohammed Ameen,,False
1863,2006,Arabia Saudita,Ucrania,"1ra Ronda, Grupo H",H,55,Arabia Saudita,Abdulaziz Khathran,,Ahmed Al Dosari,,False
1864,2006,Arabia Saudita,Ucrania,"1ra Ronda, Grupo H",H,77,Arabia Saudita,Sami Al Jaber,,Mohammed Noor,,False
1865,2006,Arabia Saudita,Ucrania,"1ra Ronda, Grupo H",H,71,Ucrania,Ruslan Rotan,,Serhiy Rebrov,,False
1866,2006,Arabia Saudita,Ucrania,"1ra Ronda, Grupo H",H,79,Ucrania,Andriy Gusin,,Andriy Voronin,,False
1867,2006,Arabia Saudita,Ucrania,"1ra Ronda, Grupo H",H,86,Ucrania,Artem Milevskiy,,Andriy Shevchenko,,False
1868,2006,Ecuador,Alemania,"1ra Ronda, Grupo A",A,46,Ecuador,Cristian Benitez,,Felix Borja,,False
1869,2006,Ecuador,Alemania,"1ra Ronda, Grupo A",A,63,Ecuador,Christian Lara,,Antonio Valencia,,False
1870,2006,Ecuador,Alemania,"1ra Ronda, Grupo A",A,68,Ecuador,Patricio Urrutia,,Marlon Ayovi,,False
1871,2006,Ecuador,Alemania,"1ra Ronda, Grupo A",A,66,Alemania,Oliver Neuville,,Torsten Frings,,False
1872,2006,Ecuador,Alemania,"1ra Ronda, Grupo A",A,66,Alemania,Tim Borowski,,Miroslav Klose,,False
1873,2006,Ecuador,Alemania,"1ra Ronda, Grupo A",A,73,Alemania,Gerald Asamoah,,Bernd Schneider,,False
1874,2006,Costa Rica,Polonia,"1ra Ronda, Grupo A",A,70,Costa Rica,Harold Wallace,,Jervis Drummond,,False
1875,2006,Costa Rica,Polonia,"1ra Ronda, Grupo A",A,78,Costa Rica,Alvaro Saborio,,Christian Bolaños,,False
1876,2006,Costa Rica,Polonia,"1ra Ronda, Grupo A",A,82,Costa Rica,Carlos Hernandez,,Ronald Gomez,,False
1877,2006,Costa Rica,Polonia,"1ra Ronda, Grupo A",A,46,Polonia,Pawel Brozek,,Maciej Zurawski,,False
1878,2006,Costa Rica,Polonia,"1ra Ronda, Grupo A",A,64,Polonia,Mariusz Lewandowski,,Arkadiusz Radomski,,False
1879,2006,Costa Rica,Polonia,"1ra Ronda, Grupo A",A,85,Polonia,Grzegorz Rasiak,,Ebi Smolarek,,False
1880,2006,Suecia,Inglaterra,"1ra Ronda, Grupo B",B,54,Suecia,Christian Wilhelmsson,,Mattias Jonson,,False
1881,2006,Suecia,Inglaterra,"1ra Ronda, Grupo B",B,75,Suecia,Johan Elmander,,Marcus Allback,,False
1882,2006,Suecia,Inglaterra,"1ra Ronda, Grupo B",B,90,Suecia,Daniel Andersson,,Tobias Linderoth,,False
1883,2006,Suecia,Inglaterra,"1ra Ronda, Grupo B",B,4,Inglaterra,Peter Crouch,,Michael Owen,,False
1884,2006,Suecia,Inglaterra,"1ra Ronda, Grupo B",B,56,Inglaterra,Sol Campbell,,Rio Ferdinand,,False
1885,2006,Suecia,Inglaterra,"1ra Ronda, Grupo B",B,69,Inglaterra,Steven Gerrard,,Wayne Rooney,,False
1886,2006,Paraguay,Trinidad y Tobago,"1ra Ronda, Grupo B",B,66,Paraguay,Nelson Cuevas,,Nelson Valdez,,False
1887,2006,Paraguay,Trinidad y Tobago,"1ra Ronda, Grupo B",B,77,Paraguay,Julio Manzur,,Julio Cesar Caceres,,False
1888,2006,Paraguay,Trinidad y Tobago,"1ra Ronda, Grupo B",B,89,Paraguay,Paulo Da Silva,,Denis Caniza,,False
1889,2006,Paraguay,Trinidad y Tobago,"1ra Ronda, Grupo B",B,31,Trinidad y Tobago,Kenwyne Jones,,Avery John,,False
1890,2006,Paraguay,Trinidad y Tobago,"1ra Ronda, Grupo B",B,41,Trinidad y Tobago,Evans Wise,,Cornell Glen,,False
1891,2006,Paraguay,Trinidad y Tobago,"1ra Ronda, Grupo B",B,67,Trinidad y Tobago,Russell Latapy,,Aurtis Whitley,,False
1892,2006,Paises Bajos,Argentina,"1ra Ronda, Grupo C",C,56,Paises Bajos,Ryan Babel,,Ruud Van Nistelrooij,,False
1893,2006,Paises Bajos,Argentina,"1ra Ronda, Grupo C",C,67,Paises Bajos,Denny Landzaat,,Robin Van Persie,,False
1894,2006,Paises Bajos,Argentina,"1ra Ronda, Grupo C",C,86,Paises Bajos,Hedwiges Maduro,,Wesley Sneijder,,False
1895,2006,Paises Bajos,Argentina,"1ra Ronda, Grupo C",C,24,Argentina,Fabricio Coloccini,,Nicolas Burdisso,,False
1896,2006,Paises Bajos,Argentina,"1ra Ronda, Grupo C",C,70,Argentina,Julio Cruz,,Lionel Messi,,False
1897,2006,Paises Bajos,Argentina,"1ra Ronda, Grupo C",C,80,Argentina,Pablo Aimar,,Juan Román Riquelme,,False
1898,2006,Costa de Marfil,Serbia y Montenegro,"1ra Ronda, Grupo C",C,60,Costa de Marfil,Bakary Kone,,Boubacar Barry,,False
1899,2006,Costa de Marfil,Serbia y Montenegro,"1ra Ronda, Grupo C",C,73,Costa de Marfil,Bonaventure Kalou,,Kader Keita,,False
1900,2006,Costa de Marfil,Serbia y Montenegro,"1ra Ronda, Grupo C",C,16,Serbia y Montenegro,Albert Nadj,,Mladen Krstajic,,False
1901,2006,Costa de Marfil,Serbia y Montenegro,"1ra Ronda, Grupo C",C,67,Serbia y Montenegro,Savo Milosevic,,Nikola Zigic,,False
1902,2006,Portugal,México,"1ra Ronda, Grupo D",D,61,Portugal,Paulo Ferreira,,Miguel,,False
1903,2006,Portugal,México,"1ra Ronda, Grupo D",D,69,Portugal,Nuno Gomes,,Helder Postiga,,False
1904,2006,Portugal,México,"1ra Ronda, Grupo D",D,80,Portugal,Boa Morte,,Luis Figo,,False
1905,2006,Portugal,México,"1ra Ronda, Grupo D",D,46,xico,Zinha,,Francisco Rodriguez,,False
1906,2006,Portugal,México,"1ra Ronda, Grupo D",D,69,xico,Jose Castro,,Gonzalo Pineda,,False
1907,2006,Portugal,México,"1ra Ronda, Grupo D",D,80,xico,Guillermo Franco,,Mario Mendez,,False
1908,2006,Irán,Angola,"1ra Ronda, Grupo D",D,13,n,Masoud Shojaei,,Mohammad Nosrati,,False
1909,2006,Irán,Angola,"1ra Ronda, Grupo D",D,39,n,Rasoul Khatibi,,Vahid Hashemian,,False
1910,2006,Irán,Angola,"1ra Ronda, Grupo D",D,67,n,Arash Borhani,,Hossein Kaabi,,False
1911,2006,Irán,Angola,"1ra Ronda, Grupo D",D,23,Angola,Love,,Mateus,,False
1912,2006,Irán,Angola,"1ra Ronda, Grupo D",D,51,Angola,Flavio,,Akwa,,False
1913,2006,Irán,Angola,"1ra Ronda, Grupo D",D,73,Angola,Rui Marques,,Figueiredo,,False
1914,2006,República Checa,Italia,"1ra Ronda, Grupo E",E,46,blica Checa,Jiri Stajner,,Karel Poborsky,,False
1915,2006,República Checa,Italia,"1ra Ronda, Grupo E",E,64,blica Checa,David Jarolim,,Milan Baros,,False
1916,2006,República Checa,Italia,"1ra Ronda, Grupo E",E,78,blica Checa,Marek Heinz,,Radoslav Kovac,,False
1917,2006,República Checa,Italia,"1ra Ronda, Grupo E",E,17,Italia,Marco Materazzi,,Alessandro Nesta,,False
1918,2006,República Checa,Italia,"1ra Ronda, Grupo E",E,60,Italia,Filippo Inzaghi,,Alberto Gilardino,,False
1919,2006,República Checa,Italia,"1ra Ronda, Grupo E",E,74,Italia,Simone Barone,,Mauro Camoranesi,,False
1920,2006,Ghana,Estados Unidos,"1ra Ronda, Grupo E",E,46,Ghana,Otto Addo,,Derek Boateng,,False
1921,2006,Ghana,Estados Unidos,"1ra Ronda, Grupo E",E,59,Ghana,Eric Addo,,Matthew Amoah,,False
1922,2006,Ghana,Estados Unidos,"1ra Ronda, Grupo E",E,80,Ghana,Alex Tachie-Mensah,,Haminu Draman,,False
1923,2006,Ghana,Estados Unidos,"1ra Ronda, Grupo E",E,40,Estados Unidos,Ben Olsen,,Claudio Reyna,,False
1924,2006,Ghana,Estados Unidos,"1ra Ronda, Grupo E",E,61,Estados Unidos,Eddie Johnson,,Steve Cherundolo,,False
1925,2006,Ghana,Estados Unidos,"1ra Ronda, Grupo E",E,74,Estados Unidos,Bobby Convey,,Eddie Lewis,,False
1926,2006,Japón,Brasil,"1ra Ronda, Grupo F",F,56,n,Koji Nakata,,Mitsuo Ogasawara,,False
1927,2006,Japón,Brasil,"1ra Ronda, Grupo F",F,60,n,Naohiro Takahara,,Seiichiro Maki,,False
1928,2006,Japón,Brasil,"1ra Ronda, Grupo F",F,66,n,Masashi Oguro,,Naohiro Takahara,,False
1929,2006,Japón,Brasil,"1ra Ronda, Grupo F",F,71,Brasil,Ze Roberto,,Kaká,,False
1930,2006,Japón,Brasil,"1ra Ronda, Grupo F",F,71,Brasil,Ricardinho,,Ronaldinho,,False
1931,2006,Japón,Brasil,"1ra Ronda, Grupo F",F,82,Brasil,Rogerio Ceni,,Dida,,False
1932,2006,Croacia,Australia,"1ra Ronda, Grupo F",F,65,Croacia,Jerko Leko,,Niko Kranjcar,,False
1933,2006,Croacia,Australia,"1ra Ronda, Grupo F",F,74,Croacia,Luka Modric,,Ivica Olic,,False
1934,2006,Croacia,Australia,"1ra Ronda, Grupo F",F,83,Croacia,Ivan Klasnic,,Stjepan Tomas,,False
1935,2006,Croacia,Australia,"1ra Ronda, Grupo F",F,63,Australia,John Aloisi,,Vince Grella,,False
1936,2006,Croacia,Australia,"1ra Ronda, Grupo F",F,71,Australia,Mark Bresciano,,Mile Sterjovski,,False
1937,2006,Croacia,Australia,"1ra Ronda, Grupo F",F,75,Australia,Joshua Kennedy,,Scott Chipperfield,,False
1938,2006,Togo,Francia,"1ra Ronda, Grupo G",G,59,Togo,Adekanmi Olufade,,Cherif Toure Mamam,,False
1939,2006,Togo,Francia,"1ra Ronda, Grupo G",G,75,Togo,Thomas Dossevi,,Emmanuel Adebayor,,False
1940,2006,Togo,Francia,"1ra Ronda, Grupo G",G,74,Francia,Sylvain Wiltord,,Florent Malouda,,False
1941,2006,Togo,Francia,"1ra Ronda, Grupo G",G,77,Francia,Sidney Govou,,Franck Ribery,,False
1942,2006,Togo,Francia,"1ra Ronda, Grupo G",G,81,Francia,Alou Diarra,,Patrick Vieira,,False
1943,2006,Suiza,Corea del Sur,"1ra Ronda, Grupo G",G,53,Suiza,Johan Djourou,,Philippe Senderos,,False
1944,2006,Suiza,Corea del Sur,"1ra Ronda, Grupo G",G,71,Suiza,Xavier Margairaz,,Hakan Yakin,,False
1945,2006,Suiza,Corea del Sur,"1ra Ronda, Grupo G",G,88,Suiza,Valon Behrami,,Raphael Wicky,,False
1946,2006,Suiza,Corea del Sur,"1ra Ronda, Grupo G",G,63,Corea del Sur,Jung Hwan Ahn,,Young Pyo Lee,,False
1947,2006,Suiza,Corea del Sur,"1ra Ronda, Grupo G",G,66,Corea del Sur,Ki Hyeon Seol,,Chu Young Park,,False
1948,2006,Arabia Saudita,España,"1ra Ronda, Grupo H",H,13,Arabia Saudita,Nawaf Al Temiyat,,Khaled Aziz,,False
1949,2006,Arabia Saudita,España,"1ra Ronda, Grupo H",H,68,Arabia Saudita,Malek Al Hawsawi,,Sami Al Jaber,,False
1950,2006,Arabia Saudita,España,"1ra Ronda, Grupo H",H,81,Arabia Saudita,Mohammed Massad,,Hussein Al Sulaimani,,False
1951,2006,Arabia Saudita,España,"1ra Ronda, Grupo H",H,46,a,David Villa,,Raul,,False
1952,2006,Arabia Saudita,España,"1ra Ronda, Grupo H",H,66,a,Xavi,,Cesc Fabregas,,False
1953,2006,Arabia Saudita,España,"1ra Ronda, Grupo H",H,70,a,Fernando Torres,,Jose Antonio Reyes,,False
1954,2006,Ucrania,Túnez,"1ra Ronda, Grupo H",H,55,Ucrania,Andriy Vorobey,,Serhiy Rebrov,,False
1955,2006,Ucrania,Túnez,"1ra Ronda, Grupo H",H,75,Ucrania,Andriy Gusin,,Maksym Kalinichenko,,False
1956,2006,Ucrania,Túnez,"1ra Ronda, Grupo H",H,88,Ucrania,Artem Milevskiy,,Andriy Shevchenko,,False
1957,2006,Ucrania,Túnez,"1ra Ronda, Grupo H",H,79,nez,Chaouki Ben Saada,,Riadh Bouazizi,,False
1958,2006,Ucrania,Túnez,"1ra Ronda, Grupo H",H,79,nez,Santos,,Adel Chedli,,False
1959,2006,Ucrania,Túnez,"1ra Ronda, Grupo H",H,90,nez,Kais Ghodhbane,,Mehdi Nafti,,False
1960,2006,Alemania,Suecia,Octavos,,72,Alemania,Tim Borowski,,Bastian Schweinsteiger,,False
1961,2006,Alemania,Suecia,Octavos,,74,Alemania,Oliver Neuville,,Lukas Podolski,,False
1962,2006,Alemania,Suecia,Octavos,,85,Alemania,Sebastian Kehl,,Torsten Frings,,False
1963,2006,Alemania,Suecia,Octavos,,39,Suecia,Petter Hansson,,Kim Kallstrom,,False
1964,2006,Alemania,Suecia,Octavos,,52,Suecia,Christian Wilhelmsson,,Mattias Jonson,,False
1965,2006,Alemania,Suecia,Octavos,,72,Suecia,Marcus Allback,,Zlatan Ibrahimovic,,False
1966,2006,Argentina,México,Octavos,,75,Argentina,Carlos Tevez,,Hernan Crespo,,False
1967,2006,Argentina,México,Octavos,,76,Argentina,Pablo Aimar,,Esteban Cambiasso,,False
1968,2006,Argentina,México,Octavos,,84,Argentina,Lionel Messi,,Javier Saviola,,False
1969,2006,Argentina,México,Octavos,,38,xico,Gerardo Torrado,,Pavel Pardo,,False
1970,2006,Argentina,México,Octavos,,66,xico,Gonzalo Pineda,,Andres Guardado,,False
1971,2006,Argentina,México,Octavos,,74,xico,Zinha,,Ramon Morales,,False
1972,2006,Inglaterra,Ecuador,Octavos,,77,Inglaterra,Jamie Carragher,,Joe Cole,,False
1973,2006,Inglaterra,Ecuador,Octavos,,87,Inglaterra,Aaron Lennon,,David Beckham,,False
1974,2006,Inglaterra,Ecuador,Octavos,,92,Inglaterra,Stewart Downing,,Steven Gerrard,,False
1975,2006,Inglaterra,Ecuador,Octavos,,69,Ecuador,Christian Lara,,Edwin Tenorio,,False
1976,2006,Inglaterra,Ecuador,Octavos,,72,Ecuador,Ivan Kaviedes,,Carlos Tenorio,,False
1977,2006,Portugal,Paises Bajos,Octavos,,34,Portugal,Simao,,Cristiano Ronaldo,,False
1978,2006,Portugal,Paises Bajos,Octavos,,46,Portugal,Petit,,Pauleta,,False
1979,2006,Portugal,Paises Bajos,Octavos,,84,Portugal,Tiago,,Luis Figo,,False
1980,2006,Portugal,Paises Bajos,Octavos,,56,Paises Bajos,Rafael Van Der Vaart,,Joris Mathijsen,,False
1981,2006,Portugal,Paises Bajos,Octavos,,67,Paises Bajos,John Heitinga,,Mark Van Bommel,,False
1982,2006,Portugal,Paises Bajos,Octavos,,84,Paises Bajos,Jan Vennegoor Of Hesselink,,Phillip Cocu,,False
1983,2006,Italia,Australia,Octavos,,46,Italia,Vincenzo Iaquinta,,Alberto Gilardino,,False
1984,2006,Italia,Australia,Octavos,,56,Italia,Andrea Barzagli,,Luca Toni,,False
1985,2006,Italia,Australia,Octavos,,75,Italia,Francesco Totti,,Alessandro Del Piero,,False
1986,2006,Italia,Australia,Octavos,,81,Australia,John Aloisi,,Mile Sterjovski,,False
1987,2006,Suiza,Ucrania,Octavos,,34,Suiza,Stephane Grichting,,Johan Djourou,,False
1988,2006,Suiza,Ucrania,Octavos,,64,Suiza,Marco Streller,,Patrick Mueller,,False
1989,2006,Suiza,Ucrania,Octavos,,117,Suiza,Mauro Lustrinelli,,Alexander Frei,,False
1990,2006,Suiza,Ucrania,Octavos,,75,Ucrania,Ruslan Rotan,,Maksym Kalinichenko,,False
1991,2006,Suiza,Ucrania,Octavos,,94,Ucrania,Serhiy Rebrov,,Andriy Vorobey,,False
1992,2006,Suiza,Ucrania,Octavos,,111,Ucrania,Artem Milevskiy,,Andriy Voronin,,False
1993,2006,Brasil,Ghana,Octavos,,46,Brasil,Gilberto Silva,,Emerson,,False
1994,2006,Brasil,Ghana,Octavos,,61,Brasil,Juninho Pernambucano,,Adriano,,False
1995,2006,Brasil,Ghana,Octavos,,83,Brasil,Ricardinho,,Kaká,,False
1996,2006,Brasil,Ghana,Octavos,,60,Ghana,Derek Boateng,,Eric Addo,,False
1997,2006,Brasil,Ghana,Octavos,,70,Ghana,Alex Tachie-Mensah,,Matthew Amoah,,False
1998,2006,España,Francia,Octavos,,54,a,Luis Garcia,,Raul,,False
1999,2006,España,Francia,Octavos,,54,a,Joaquin,,David Villa,,False
2000,2006,España,Francia,Octavos,,72,a,Marcos Senna,,Xavi,,False
2001,2006,España,Francia,Octavos,,74,Francia,Sidney Govou,,Florent Malouda,,False
2002,2006,España,Francia,Octavos,,88,Francia,Sylvain Wiltord,,Thierry Henry,,False
2003,2006,Alemania,Argentina,Cuartos,,62,Alemania,David Odonkor,,Bernd Schneider,,False
2004,2006,Alemania,Argentina,Cuartos,,74,Alemania,Tim Borowski,,Bastian Schweinsteiger,,False
2005,2006,Alemania,Argentina,Cuartos,,86,Alemania,Oliver Neuville,,Miroslav Klose,,False
2006,2006,Alemania,Argentina,Cuartos,,71,Argentina,Leonardo Franco,,Roberto Abbondanzieri,,False
2007,2006,Alemania,Argentina,Cuartos,,72,Argentina,Esteban Cambiasso,,Juan Román Riquelme,,False
2008,2006,Alemania,Argentina,Cuartos,,79,Argentina,Julio Cruz,,Hernan Crespo,,False
2009,2006,Italia,Ucrania,Cuartos,,68,Italia,Massimo Oddo,,Mauro Camoranesi,,False
2010,2006,Italia,Ucrania,Cuartos,,68,Italia,Simone Barone,,Andrea Pirlo,,False
2011,2006,Italia,Ucrania,Cuartos,,77,Italia,Cristian Zaccardo,,Gennaro Gattuso,,False
2012,2006,Italia,Ucrania,Cuartos,,20,Ucrania,Andriy Vorobey,,Vyacheslav Sviderskyi,,False
2013,2006,Italia,Ucrania,Cuartos,,47,Ucrania,Vladyslav Vashchuk,,Andriy Rusol,,False
2014,2006,Italia,Ucrania,Cuartos,,72,Ucrania,Oleksiy Belik,,Artem Milevskiy,,False
2015,2006,Inglaterra,Portugal,Cuartos,,52,Inglaterra,Aaron Lennon,,David Beckham,,False
2016,2006,Inglaterra,Portugal,Cuartos,,65,Inglaterra,Peter Crouch,,Joe Cole,,False
2017,2006,Inglaterra,Portugal,Cuartos,,119,Inglaterra,Jamie Carragher,,Aaron Lennon,,False
2018,2006,Inglaterra,Portugal,Cuartos,,63,Portugal,Simao,,Pauleta,,False
2019,2006,Inglaterra,Portugal,Cuartos,,74,Portugal,Hugo Viana,,Tiago,,False
2020,2006,Inglaterra,Portugal,Cuartos,,86,Portugal,Helder Postiga,,Luis Figo,,False
2021,2006,Brasil,Francia,Cuartos,,63,Brasil,Adriano,,Juninho Pernambucano,,False
2022,2006,Brasil,Francia,Cuartos,,76,Brasil,Cicinho,,Cafu,,False
2023,2006,Brasil,Francia,Cuartos,,79,Brasil,Robinho,,Kaká,,False
2024,2006,Brasil,Francia,Cuartos,,77,Francia,Sidney Govou,,Franck Ribery,,False
2025,2006,Brasil,Francia,Cuartos,,81,Francia,Sylvain Wiltord,,Florent Malouda,,False
2026,2006,Brasil,Francia,Cuartos,,86,Francia,Louis Saha,,Thierry Henry,,False
2027,2006,Alemania,Italia,Semis,,73,Alemania,Bastian Schweinsteiger,,Tim Borowski,,False
2028,2006,Alemania,Italia,Semis,,83,Alemania,David Odonkor,,Bernd Schneider,,False
2029,2006,Alemania,Italia,Semis,,111,Alemania,Oliver Neuville,,Miroslav Klose,,False
2030,2006,Alemania,Italia,Semis,,74,Italia,Alberto Gilardino,,Luca Toni,,False
2031,2006,Alemania,Italia,Semis,,91,Italia,Vincenzo Iaquinta,,Mauro Camoranesi,,False
2032,2006,Alemania,Italia,Semis,,104,Italia,Alessandro Del Piero,,Simone Perrotta,,False
2033,2006,Portugal,Francia,Semis,,62,Portugal,Paulo Ferreira,,Miguel,,False
2034,2006,Portugal,Francia,Semis,,68,Portugal,Simao,,Pauleta,,False
2035,2006,Portugal,Francia,Semis,,75,Portugal,Helder Postiga,,Costinha,,False
2036,2006,Portugal,Francia,Semis,,69,Francia,Sylvain Wiltord,,Florent Malouda,,False
2037,2006,Portugal,Francia,Semis,,72,Francia,Sidney Govou,,Franck Ribery,,False
2038,2006,Portugal,Francia,Semis,,85,Francia,Louis Saha,,Thierry Henry,,False
2039,2006,Alemania,Portugal,3er Puesto,,65,Alemania,Oliver Neuville,,Miroslav Klose,,False
2040,2006,Alemania,Portugal,3er Puesto,,71,Alemania,Mike Hanke,,Lukas Podolski,,False
2041,2006,Alemania,Portugal,3er Puesto,,79,Alemania,Thomas Hitzlsperger,,Bastian Schweinsteiger,,False
2042,2006,Alemania,Portugal,3er Puesto,,46,Portugal,Petit,,Costinha,,False
2043,2006,Alemania,Portugal,3er Puesto,,69,Portugal,Nuno Gomes,,Nuno Valente,,False
2044,2006,Alemania,Portugal,3er Puesto,,77,Portugal,Luis Figo,,Pauleta,,False
2045,2006,Italia,Francia,Final,,61,Italia,Vincenzo Iaquinta,,Simone Perrotta,,False
2046,2006,Italia,Francia,Final,,61,Italia,Daniele De Rossi,,Francesco Totti,,False
2047,2006,Italia,Francia,Final,,86,Italia,Alessandro Del Piero,,Mauro Camoranesi,,False
2048,2006,Italia,Francia,Final,,56,Francia,Alou Diarra,,Patrick Vieira,,False
2049,2006,Italia,Francia,Final,,100,Francia,David Trezeguet,,Franck Ribery,,False
2050,2006,Italia,Francia,Final,,107,Francia,Sylvain Wiltord,,Thierry Henry,,False
2051,2002,Francia,Senegal,"1ra Ronda, Grupo A",A,60,Francia,Christophe Dugarry,,Youri Djorkaeff,,False
2052,2002,Francia,Senegal,"1ra Ronda, Grupo A",A,81,Francia,Djibril Cisse,,Sylvain Wiltord,,False
2053,2002,Irlanda,Camerún,"1ra Ronda, Grupo E",E,46,Irlanda,Steve Finnan,,Jason Mcateer,,False
2054,2002,Irlanda,Camerún,"1ra Ronda, Grupo E",E,77,Irlanda,Steven Reid,,Ian Harte,,False
2055,2002,Irlanda,Camerún,"1ra Ronda, Grupo E",E,69,n,Patrick Suffo,,Patrick Mboma,,False
2056,2002,Uruguay,Dinamarca,"1ra Ronda, Grupo A",A,80,Uruguay,Mario Regueiro,,Alvaro Recoba,,False
2057,2002,Uruguay,Dinamarca,"1ra Ronda, Grupo A",A,87,Uruguay,Federico Magallanes,,Dario Rodriguez,,False
2058,2002,Uruguay,Dinamarca,"1ra Ronda, Grupo A",A,88,Uruguay,Richard Morales,,Sebastian Abreu,,False
2059,2002,Uruguay,Dinamarca,"1ra Ronda, Grupo A",A,58,Dinamarca,Niclas Jensen,,Jan Heintze,,False
2060,2002,Uruguay,Dinamarca,"1ra Ronda, Grupo A",A,70,Dinamarca,Martin Jorgensen,,Jesper Gronkjaer,,False
2061,2002,Uruguay,Dinamarca,"1ra Ronda, Grupo A",A,89,Dinamarca,Christian Poulsen,,Ebbe Sand,,False
2062,2002,Alemania,Arabia Saudita,"1ra Ronda, Grupo E",E,46,Alemania,Jens Jeremies,,Carsten Ramelow,,True
2063,2002,Alemania,Arabia Saudita,"1ra Ronda, Grupo E",E,67,Alemania,Oliver Bierhoff,,Carsten Jancker,,False
2064,2002,Alemania,Arabia Saudita,"1ra Ronda, Grupo E",E,76,Alemania,Oliver Neuville,,Miroslav Klose,,False
2065,2002,Alemania,Arabia Saudita,"1ra Ronda, Grupo E",E,46,Arabia Saudita,Ibrahim Al Shahrani,,Khamis Al Dossari,,False
2066,2002,Alemania,Arabia Saudita,"1ra Ronda, Grupo E",E,46,Arabia Saudita,Abdulaziz Khathran,,Nawaf Al Temiyat,,False
2067,2002,Alemania,Arabia Saudita,"1ra Ronda, Grupo E",E,77,Arabia Saudita,Abdullah Gaman Al Dosari,,Al Hasan Al Yami,,False
2068,2002,Inglaterra,Suecia,"1ra Ronda, Grupo F",F,63,Inglaterra,Kieron Dyer,,David Beckham,,False
2069,2002,Inglaterra,Suecia,"1ra Ronda, Grupo F",F,74,Inglaterra,Joe Cole,,Darius Vassell,,False
2070,2002,Inglaterra,Suecia,"1ra Ronda, Grupo F",F,56,Suecia,Anders Svensson,,Magnus Svensson,,False
2071,2002,Inglaterra,Suecia,"1ra Ronda, Grupo F",F,80,Suecia,Andreas Andersson,,Marcus Allback,,False
2072,2002,Paraguay,Sudáfrica,"1ra Ronda, Grupo B",B,66,Paraguay,Diego Gavilan,,Guido Alvarenga,,False
2073,2002,Paraguay,Sudáfrica,"1ra Ronda, Grupo B",B,72,Paraguay,Gustavo Morinigo,,Jorge Campos,,False
2074,2002,Paraguay,Sudáfrica,"1ra Ronda, Grupo B",B,86,Paraguay,Juan Carlos Franco,,Estanislao Struway,,False
2075,2002,Paraguay,Sudáfrica,"1ra Ronda, Grupo B",B,27,frica,MacDonald Mukansi,,Pierre Issa,,False
2076,2002,Paraguay,Sudáfrica,"1ra Ronda, Grupo B",B,78,frica,George Koumantarakis,,Benni Mccarthy,,False
2077,2002,Argentina,Nigeria,"1ra Ronda, Grupo F",F,46,Argentina,Cristian Gonzalez,,Claudio Lopez,,False
2078,2002,Argentina,Nigeria,"1ra Ronda, Grupo F",F,78,Argentina,Pablo Aimar,,Juan Veron,,False
2079,2002,Argentina,Nigeria,"1ra Ronda, Grupo F",F,81,Argentina,Hernan Crespo,,Gabriel Batistuta,,False
2080,2002,Argentina,Nigeria,"1ra Ronda, Grupo F",F,48,Nigeria,Pius Ikedia,,Nwankwo Kanu,,False
2081,2002,Argentina,Nigeria,"1ra Ronda, Grupo F",F,73,Nigeria,Justice Christopher,,Efetobore Sodje,,False
2082,2002,España,Eslovenia,"1ra Ronda, Grupo B",B,67,a,Fernando Morientes,,Diego Tristan,,False
2083,2002,España,Eslovenia,"1ra Ronda, Grupo B",B,74,a,Ivan Helguera,,Luis Enrique,,False
2084,2002,España,Eslovenia,"1ra Ronda, Grupo B",B,82,a,Enrique Romero,,Juanfran,,False
2085,2002,España,Eslovenia,"1ra Ronda, Grupo B",B,57,Eslovenia,Sebastijan Cimirotic,,Milan Osterc,,False
2086,2002,España,Eslovenia,"1ra Ronda, Grupo B",B,63,Eslovenia,Milenko Acimovic,,Zlatko Zahovic,,False
2087,2002,España,Eslovenia,"1ra Ronda, Grupo B",B,77,Eslovenia,Sasa Gajser,,Doni Novak,,False
2088,2002,Croacia,México,"1ra Ronda, Grupo G",G,46,Croacia,Milan Rapaic,,Robert Prosinecki,,True
2089,2002,Croacia,México,"1ra Ronda, Grupo G",G,64,Croacia,Daniel Saric,,Davor Suker,,False
2090,2002,Croacia,México,"1ra Ronda, Grupo G",G,67,Croacia,Mario Stanic,,Alen Boksic,,False
2091,2002,Croacia,México,"1ra Ronda, Grupo G",G,68,xico,Luis Hernandez,,Jared Borgetti,,False
2092,2002,Croacia,México,"1ra Ronda, Grupo G",G,79,xico,Francisco Palencia,,Cuauhtemoc Blanco,,False
2093,2002,Brasil,Turquía,"1ra Ronda, Grupo C",C,67,Brasil,Denilson,,Ronaldinho,,False
2094,2002,Brasil,Turquía,"1ra Ronda, Grupo C",C,72,Brasil,Vampeta,,Juninho Paulista,,False
2095,2002,Brasil,Turquía,"1ra Ronda, Grupo C",C,73,Brasil,Luizao,,Ronaldo,,False
2096,2002,Brasil,Turquía,"1ra Ronda, Grupo C",C,66,a,Ilhan Mansiz,,Bulent Korkmaz,,False
2097,2002,Brasil,Turquía,"1ra Ronda, Grupo C",C,66,a,Umit Davala,,Yildiray Basturk,,False
2098,2002,Brasil,Turquía,"1ra Ronda, Grupo C",C,88,a,Arif Erdem,,Tugay Kerimoglu,,False
2099,2002,Italia,Ecuador,"1ra Ronda, Grupo G",G,64,Italia,Angelo Di Livio,,Cristiano Doni,,False
2100,2002,Italia,Ecuador,"1ra Ronda, Grupo G",G,69,Italia,Gennaro Gattuso,,Luigi Di Biagio,,False
2101,2002,Italia,Ecuador,"1ra Ronda, Grupo G",G,74,Italia,Alessandro Del Piero,,Francesco Totti,,False
2102,2002,Italia,Ecuador,"1ra Ronda, Grupo G",G,46,Ecuador,Carlos Tenorio,,Alex Aguinaga,,False
2103,2002,Italia,Ecuador,"1ra Ronda, Grupo G",G,59,Ecuador,Marlon Ayovi,,Edwin Tenorio,,False
2104,2002,Italia,Ecuador,"1ra Ronda, Grupo G",G,85,Ecuador,Nicolas Asencio,,Clever Chala,,False
2105,2002,China,Costa Rica,"1ra Ronda, Grupo C",C,26,China,Bo Qu,,Jihai Sun,,False
2106,2002,China,Costa Rica,"1ra Ronda, Grupo C",C,66,China,Maozhen Su,,Chen Yang,,False
2107,2002,China,Costa Rica,"1ra Ronda, Grupo C",C,74,China,Genwei Yu,,Zhiyi Fan,,False
2108,2002,China,Costa Rica,"1ra Ronda, Grupo C",C,57,Costa Rica,Hernan Medford,,Rolando Fonseca,,False
2109,2002,China,Costa Rica,"1ra Ronda, Grupo C",C,70,Costa Rica,Stevens Bryce,,Harold Wallace,,False
2110,2002,China,Costa Rica,"1ra Ronda, Grupo C",C,80,Costa Rica,Wilmer Lopez,,Paulo Wanchope,,False
2111,2002,Japón,Bélgica,"1ra Ronda, Grupo H",H,64,n,Alessandro Santos,,Shinji Ono,,False
2112,2002,Japón,Bélgica,"1ra Ronda, Grupo H",H,68,n,Hiroaki Morishima,,Takayuki Suzuki,,False
2113,2002,Japón,Bélgica,"1ra Ronda, Grupo H",H,71,n,Tsuneyasu Miyamoto,,Ryuzo Morioka,,False
2114,2002,Japón,Bélgica,"1ra Ronda, Grupo H",H,68,lgica,Wesley Sonck,,Johan Walem,,False
2115,2002,Japón,Bélgica,"1ra Ronda, Grupo H",H,83,lgica,Branko Strupar,,Gert Verheyen,,False
2116,2002,Corea del Sur,Polonia,"1ra Ronda, Grupo D",D,50,Corea del Sur,Jung Hwan Ahn,,Sun Hong Hwang,,False
2117,2002,Corea del Sur,Polonia,"1ra Ronda, Grupo D",D,61,Corea del Sur,Chun Soo Lee,,Sang Chul Yoo,,False
2118,2002,Corea del Sur,Polonia,"1ra Ronda, Grupo D",D,89,Corea del Sur,Du Ri Cha,,Ki Hyeon Seol,,False
2119,2002,Corea del Sur,Polonia,"1ra Ronda, Grupo D",D,46,Polonia,Pawel Kryszalowicz,,Maciej Zurawski,,True
2120,2002,Corea del Sur,Polonia,"1ra Ronda, Grupo D",D,50,Polonia,Tomasz Klos,,Jacek Bak,,False
2121,2002,Corea del Sur,Polonia,"1ra Ronda, Grupo D",D,64,Polonia,Marcin Zewlakow,,Radoslaw Kaluzny,,False
2122,2002,Rusia,Túnez,"1ra Ronda, Grupo H",H,46,Rusia,Dmitry Khokhlov,,Igor Semshov,,False
2123,2002,Rusia,Túnez,"1ra Ronda, Grupo H",H,55,Rusia,Dmitri Sychev,,Vladimir Beschastnykh,,False
2124,2002,Rusia,Túnez,"1ra Ronda, Grupo H",H,78,Rusia,Dmitry Alenichev,,Marat Izmailov,,False
2125,2002,Rusia,Túnez,"1ra Ronda, Grupo H",H,67,nez,Zoubeir Beya,,Hassan Gabsi,,False
2126,2002,Rusia,Túnez,"1ra Ronda, Grupo H",H,67,nez,Imed Mhadhebi,,Adel El Sellimi,,False
2127,2002,Rusia,Túnez,"1ra Ronda, Grupo H",H,84,nez,Ali Zitouni,,Khaled Badra,,False
2128,2002,Estados Unidos,Portugal,"1ra Ronda, Grupo D",D,46,Estados Unidos,Cobi Jones,,Earnie Stewart,,True
2129,2002,Estados Unidos,Portugal,"1ra Ronda, Grupo D",D,75,Estados Unidos,Joe Max Moore,,Landon Donovan,,False
2130,2002,Estados Unidos,Portugal,"1ra Ronda, Grupo D",D,80,Estados Unidos,Carlos Llamosa,,Eddie Pope,,False
2131,2002,Estados Unidos,Portugal,"1ra Ronda, Grupo D",D,69,Portugal,Paulo Bento,,Rui Jorge,,False
2132,2002,Estados Unidos,Portugal,"1ra Ronda, Grupo D",D,73,Portugal,Jorge Andrade,,Jorge Costa,,False
2133,2002,Estados Unidos,Portugal,"1ra Ronda, Grupo D",D,80,Portugal,Nuno Gomes,,Rui Costa,,False
2134,2002,Alemania,Irlanda,"1ra Ronda, Grupo E",E,75,Alemania,Oliver Bierhoff,,Carsten Jancker,,False
2135,2002,Alemania,Irlanda,"1ra Ronda, Grupo E",E,85,Alemania,Marco Bode,,Miroslav Klose,,False
2136,2002,Alemania,Irlanda,"1ra Ronda, Grupo E",E,89,Alemania,Jens Jeremies,,Bernd Schneider,,False
2137,2002,Alemania,Irlanda,"1ra Ronda, Grupo E",E,73,Irlanda,Steven Reid,,Ian Harte,,False
2138,2002,Alemania,Irlanda,"1ra Ronda, Grupo E",E,73,Irlanda,Niall Quinn,,Gary Kelly,,False
2139,2002,Alemania,Irlanda,"1ra Ronda, Grupo E",E,87,Irlanda,Kenny Cunningham,,Steve Staunton,,False
2140,2002,Francia,Uruguay,"1ra Ronda, Grupo A",A,16,Francia,Vincent Candela,,Frank Leboeuf,,False
2141,2002,Francia,Uruguay,"1ra Ronda, Grupo A",A,81,Francia,Djibril Cisse,,David Trezeguet,,False
2142,2002,Francia,Uruguay,"1ra Ronda, Grupo A",A,90,Francia,Christophe Dugarry,,Sylvain Wiltord,,False
2143,2002,Francia,Uruguay,"1ra Ronda, Grupo A",A,60,Uruguay,Federico Magallanes,,Dario Silva,,False
2144,2002,Francia,Uruguay,"1ra Ronda, Grupo A",A,71,Uruguay,Gonzalo De Los Santos,,Marcelo Romero,,False
2145,2002,Francia,Uruguay,"1ra Ronda, Grupo A",A,72,Uruguay,Gianni Guigou,,Dario Rodriguez,,False
2146,2002,Camerún,Arabia Saudita,"1ra Ronda, Grupo E",E,46,n,Salomon Olembe,,Daniel Kome,,False
2147,2002,Camerún,Arabia Saudita,"1ra Ronda, Grupo E",E,74,n,Pius Ndiefi,,Patrick Mboma,,False
2148,2002,Camerún,Arabia Saudita,"1ra Ronda, Grupo E",E,84,n,Pierre Njanka,,Pierre Wome,,False
2149,2002,Camerún,Arabia Saudita,"1ra Ronda, Grupo E",E,35,Arabia Saudita,Al Hasan Al Yami,,Obeid Al Dosari,,False
2150,2002,Camerún,Arabia Saudita,"1ra Ronda, Grupo E",E,72,Arabia Saudita,Abdullah Gaman Al Dosari,,Abdullah Zubromawi,,False
2151,2002,Camerún,Arabia Saudita,"1ra Ronda, Grupo E",E,86,Arabia Saudita,Mohammed Noor,,Abdulaziz Khathran,,False
2152,2002,Dinamarca,Senegal,"1ra Ronda, Grupo A",A,50,Dinamarca,Martin Jorgensen,,Jesper Gronkjaer,,False
2153,2002,Dinamarca,Senegal,"1ra Ronda, Grupo A",A,62,Dinamarca,Christian Poulsen,,Thomas Gravesen,,False
2154,2002,Dinamarca,Senegal,"1ra Ronda, Grupo A",A,89,Dinamarca,Peter Lovenkrands,,Dennis Rommedahl,,False
2155,2002,Dinamarca,Senegal,"1ra Ronda, Grupo A",A,46,Senegal,Souleymane Camara,,Pape Sarr,,True
2156,2002,Dinamarca,Senegal,"1ra Ronda, Grupo A",A,46,Senegal,Henri Camara,,Moussa Ndiaye,,True
2157,2002,Dinamarca,Senegal,"1ra Ronda, Grupo A",A,83,Senegal,Habib Beye,,Souleymane Camara,,False
2158,2002,Suecia,Nigeria,"1ra Ronda, Grupo F",F,64,Suecia,Andreas Andersson,,Marcus Allback,,False
2159,2002,Suecia,Nigeria,"1ra Ronda, Grupo F",F,83,Suecia,Magnus Svensson,,Anders Svensson,,False
2160,2002,Suecia,Nigeria,"1ra Ronda, Grupo F",F,65,Nigeria,Nwankwo Kanu,,Celestine Babayaro,,False
2161,2002,Suecia,Nigeria,"1ra Ronda, Grupo F",F,70,Nigeria,Pius Ikedia,,Bartholomew Ogbeche,,False
2162,2002,España,Paraguay,"1ra Ronda, Grupo B",B,46,a,Fernando Morientes,,Diego Tristan,,False
2163,2002,España,Paraguay,"1ra Ronda, Grupo B",B,46,a,Ivan Helguera,,Luis Enrique,,True
2164,2002,España,Paraguay,"1ra Ronda, Grupo B",B,85,a,Xavi,,Juan Carlos Valeron,,False
2165,2002,España,Paraguay,"1ra Ronda, Grupo B",B,63,Paraguay,Jorge Campos,,Jose Cardozo,,False
2166,2002,España,Paraguay,"1ra Ronda, Grupo B",B,78,Paraguay,Estanislao Struway,,Denis Caniza,,False
2167,2002,Argentina,Inglaterra,"1ra Ronda, Grupo F",F,46,Argentina,Pablo Aimar,,Juan Veron,,True
2168,2002,Argentina,Inglaterra,"1ra Ronda, Grupo F",F,60,Argentina,Hernan Crespo,,Gabriel Batistuta,,False
2169,2002,Argentina,Inglaterra,"1ra Ronda, Grupo F",F,64,Argentina,Claudio Lopez,,Cristian Gonzalez,,False
2170,2002,Argentina,Inglaterra,"1ra Ronda, Grupo F",F,19,Inglaterra,Trevor Sinclair,,Owen Hargreaves,,False
2171,2002,Argentina,Inglaterra,"1ra Ronda, Grupo F",F,54,Inglaterra,Teddy Sheringham,,Emile Heskey,,False
2172,2002,Argentina,Inglaterra,"1ra Ronda, Grupo F",F,80,Inglaterra,Wayne Bridge,,Michael Owen,,False
2173,2002,Sudáfrica,Eslovenia,"1ra Ronda, Grupo B",B,71,frica,Delron Buckley,,Siyabonga Nomvethe,,False
2174,2002,Sudáfrica,Eslovenia,"1ra Ronda, Grupo B",B,80,frica,George Koumantarakis,,Benni Mccarthy,,False
2175,2002,Sudáfrica,Eslovenia,"1ra Ronda, Grupo B",B,84,frica,Jabu Pule,,Quinton Fortune,,False
2176,2002,Sudáfrica,Eslovenia,"1ra Ronda, Grupo B",B,41,Eslovenia,Milan Osterc,,Sebastijan Cimirotic,,False
2177,2002,Sudáfrica,Eslovenia,"1ra Ronda, Grupo B",B,60,Eslovenia,Nastja Ceh,,Milenko Acimovic,,False
2178,2002,Sudáfrica,Eslovenia,"1ra Ronda, Grupo B",B,60,Eslovenia,Spasoje Bulajic,,Aleksander Knavs,,False
2179,2002,Italia,Croacia,"1ra Ronda, Grupo G",G,24,Italia,Marco Materazzi,,Alessandro Nesta,,False
2180,2002,Italia,Croacia,"1ra Ronda, Grupo G",G,79,Italia,Filippo Inzaghi,,Cristiano Doni,,False
2181,2002,Italia,Croacia,"1ra Ronda, Grupo G",G,57,Croacia,Ivica Olic,,Davor Vugrinec,,False
2182,2002,Italia,Croacia,"1ra Ronda, Grupo G",G,62,Croacia,Jurica Vranjes,,Zvonimir Soldo,,False
2183,2002,Italia,Croacia,"1ra Ronda, Grupo G",G,79,Croacia,Dario Simic,,Milan Rapaic,,False
2184,2002,Brasil,China,"1ra Ronda, Grupo C",C,46,Brasil,Denilson,,Ronaldinho,,False
2185,2002,Brasil,China,"1ra Ronda, Grupo C",C,70,Brasil,Ricardinho,,Juninho Paulista,,False
2186,2002,Brasil,China,"1ra Ronda, Grupo C",C,72,Brasil,Edilson,,Ronaldo,,False
2187,2002,Brasil,China,"1ra Ronda, Grupo C",C,62,China,Pu Yang,,Mingyu Ma,,False
2188,2002,Brasil,China,"1ra Ronda, Grupo C",C,66,China,Jiayi Shao,,Hong Qi,,False
2189,2002,Brasil,China,"1ra Ronda, Grupo C",C,75,China,Bo Qu,,Haidong Hao,,False
2190,2002,México,Ecuador,"1ra Ronda, Grupo G",G,77,xico,Luis Hernandez,,Jared Borgetti,,False
2191,2002,México,Ecuador,"1ra Ronda, Grupo G",G,87,xico,Gabriel Caballero,,Joahan Rodriguez,,False
2192,2002,México,Ecuador,"1ra Ronda, Grupo G",G,90,xico,Sigifredo Mercado,,Cuauhtemoc Blanco,,False
2193,2002,México,Ecuador,"1ra Ronda, Grupo G",G,35,Ecuador,Marlon Ayovi,,Edwin Tenorio,,False
2194,2002,México,Ecuador,"1ra Ronda, Grupo G",G,53,Ecuador,Carlos Tenorio,,Ivan Kaviedes,,False
2195,2002,México,Ecuador,"1ra Ronda, Grupo G",G,58,Ecuador,Alex Aguinaga,,Alfonso Obregon,,False
2196,2002,Costa Rica,Turquía,"1ra Ronda, Grupo C",C,66,Costa Rica,Hernan Medford,,Walter Centeno,,False
2197,2002,Costa Rica,Turquía,"1ra Ronda, Grupo C",C,77,Costa Rica,Winston Parks,,Wilmer Lopez,,False
2198,2002,Costa Rica,Turquía,"1ra Ronda, Grupo C",C,77,Costa Rica,Stevens Bryce,,Harold Wallace,,False
2199,2002,Costa Rica,Turquía,"1ra Ronda, Grupo C",C,75,a,Ilhan Mansiz,,Hakan Sukur,,False
2200,2002,Costa Rica,Turquía,"1ra Ronda, Grupo C",C,79,a,Nihat Kahveci,,Yildiray Basturk,,False
2201,2002,Costa Rica,Turquía,"1ra Ronda, Grupo C",C,88,a,Arif Erdem,,Tugay Kerimoglu,,False
2202,2002,Japón,Rusia,"1ra Ronda, Grupo H",H,72,n,Masashi Nakayama,,Takayuki Suzuki,,False
2203,2002,Japón,Rusia,"1ra Ronda, Grupo H",H,75,n,Toshihiro Hattori,,Shinji Ono,,False
2204,2002,Japón,Rusia,"1ra Ronda, Grupo H",H,85,n,Takashi Fukunishi,,Junichi Inamoto,,False
2205,2002,Japón,Rusia,"1ra Ronda, Grupo H",H,46,Rusia,Dmitri Sychev,,Ruslan Pimenov,,True
2206,2002,Japón,Rusia,"1ra Ronda, Grupo H",H,52,Rusia,Dmitry Khokhlov,,Marat Izmailov,,False
2207,2002,Japón,Rusia,"1ra Ronda, Grupo H",H,57,Rusia,Vladimir Beschastnykh,,Alexei Smertin,,False
2208,2002,Corea del Sur,Estados Unidos,"1ra Ronda, Grupo D",D,38,Corea del Sur,Chun Soo Lee,,Ji Sung Park,,False
2209,2002,Corea del Sur,Estados Unidos,"1ra Ronda, Grupo D",D,56,Corea del Sur,Jung Hwan Ahn,,Sun Hong Hwang,,False
2210,2002,Corea del Sur,Estados Unidos,"1ra Ronda, Grupo D",D,69,Corea del Sur,Yong Soo Choi,,Sang Chul Yoo,,False
2211,2002,Corea del Sur,Estados Unidos,"1ra Ronda, Grupo D",D,75,Estados Unidos,Eddie Lewis,,DaMarcus Beasley,,False
2212,2002,Corea del Sur,Estados Unidos,"1ra Ronda, Grupo D",D,82,Estados Unidos,Josh Wolff,,Clint Mathis,,False
2213,2002,Túnez,Bélgica,"1ra Ronda, Grupo H",H,67,nez,Adel El Sellimi,,Hassan Gabsi,,False
2214,2002,Túnez,Bélgica,"1ra Ronda, Grupo H",H,77,nez,Ali Zitouni,,Zied Jaziri,,False
2215,2002,Túnez,Bélgica,"1ra Ronda, Grupo H",H,88,nez,Zoubeir Beya,,Mourad Melki,,False
2216,2002,Túnez,Bélgica,"1ra Ronda, Grupo H",H,46,lgica,Wesley Sonck,,Branko Strupar,,False
2217,2002,Túnez,Bélgica,"1ra Ronda, Grupo H",H,46,lgica,Sven Vermant,,Gert Verheyen,,False
2218,2002,Túnez,Bélgica,"1ra Ronda, Grupo H",H,74,lgica,Mbo Mpenza,,Timmy Simons,,False
2219,2002,Portugal,Polonia,"1ra Ronda, Grupo D",D,60,Portugal,Rui Costa,,Joao Pinto,,False
2220,2002,Portugal,Polonia,"1ra Ronda, Grupo D",D,63,Portugal,Beto,,Frechaut,,False
2221,2002,Portugal,Polonia,"1ra Ronda, Grupo D",D,69,Portugal,Capucho,,Sergio Conceicao,,False
2222,2002,Portugal,Polonia,"1ra Ronda, Grupo D",D,16,Polonia,Arkadiusz Bak,,Radoslaw Kaluzny,,False
2223,2002,Portugal,Polonia,"1ra Ronda, Grupo D",D,56,Polonia,Marcin Zewlakow,,Maciej Zurawski,,False
2224,2002,Portugal,Polonia,"1ra Ronda, Grupo D",D,71,Polonia,Tomasz Rzasa,,Michal Zewlakow,,False
2225,2002,Dinamarca,Francia,"1ra Ronda, Grupo A",A,46,Dinamarca,Jesper Gronkjaer,,Martin Jorgensen,,False
2226,2002,Dinamarca,Francia,"1ra Ronda, Grupo A",A,76,Dinamarca,Kasper Bogelund,,Christian Poulsen,,False
2227,2002,Dinamarca,Francia,"1ra Ronda, Grupo A",A,79,Dinamarca,Brian Steen Nielsen,,Stig Tofting,,False
2228,2002,Dinamarca,Francia,"1ra Ronda, Grupo A",A,54,Francia,Djibril Cisse,,Christophe Dugarry,,False
2229,2002,Dinamarca,Francia,"1ra Ronda, Grupo A",A,71,Francia,Johan Micoud,,Patrick Vieira,,False
2230,2002,Dinamarca,Francia,"1ra Ronda, Grupo A",A,83,Francia,Youri Djorkaeff,,Sylvain Wiltord,,False
2231,2002,Senegal,Uruguay,"1ra Ronda, Grupo A",A,63,Senegal,Habib Beye,,Ferdinand Coly,,False
2232,2002,Senegal,Uruguay,"1ra Ronda, Grupo A",A,67,Senegal,Moussa Ndiaye,,Henri Camara,,False
2233,2002,Senegal,Uruguay,"1ra Ronda, Grupo A",A,76,Senegal,Amdy Faye,,Alassane Ndour,,False
2234,2002,Senegal,Uruguay,"1ra Ronda, Grupo A",A,32,Uruguay,Mario Regueiro,,Gonzalo Sorondo,,False
2235,2002,Senegal,Uruguay,"1ra Ronda, Grupo A",A,46,Uruguay,Diego Forlan,,Sebastian Abreu,,False
2236,2002,Senegal,Uruguay,"1ra Ronda, Grupo A",A,46,Uruguay,Richard Morales,,Marcelo Romero,,False
2237,2002,Camerún,Alemania,"1ra Ronda, Grupo E",E,53,n,Patrick Suffo,,Bill Tchato,,False
2238,2002,Camerún,Alemania,"1ra Ronda, Grupo E",E,64,n,Daniel Kome,,Salomon Olembe,,False
2239,2002,Camerún,Alemania,"1ra Ronda, Grupo E",E,80,n,Joseph-Desire Job,,Patrick Mboma,,False
2240,2002,Camerún,Alemania,"1ra Ronda, Grupo E",E,46,Alemania,Marco Bode,,Carsten Jancker,,False
2241,2002,Camerún,Alemania,"1ra Ronda, Grupo E",E,80,Alemania,Jens Jeremies,,Bernd Schneider,,False
2242,2002,Camerún,Alemania,"1ra Ronda, Grupo E",E,84,Alemania,Oliver Neuville,,Miroslav Klose,,False
2243,2002,Arabia Saudita,Irlanda,"1ra Ronda, Grupo E",E,67,Arabia Saudita,Mohammad Al Shalhoub,,Abdulaziz Khathran,,False
2244,2002,Arabia Saudita,Irlanda,"1ra Ronda, Grupo E",E,68,Arabia Saudita,Abdullah Gaman Al Dosari,,Abdullah Zubromawi,,False
2245,2002,Arabia Saudita,Irlanda,"1ra Ronda, Grupo E",E,79,Arabia Saudita,Ahmed Al Dosari,,Mohammed Al Jahani,,False
2246,2002,Arabia Saudita,Irlanda,"1ra Ronda, Grupo E",E,46,Irlanda,Niall Quinn,,Ian Harte,,True
2247,2002,Arabia Saudita,Irlanda,"1ra Ronda, Grupo E",E,80,Irlanda,Jason Mcateer,,Gary Kelly,,False
2248,2002,Arabia Saudita,Irlanda,"1ra Ronda, Grupo E",E,89,Irlanda,Lee Carsley,,Mark Kinsella,,False
2249,2002,Suecia,Argentina,"1ra Ronda, Grupo F",F,46,Suecia,Andreas Andersson,,Marcus Allback,,True
2250,2002,Suecia,Argentina,"1ra Ronda, Grupo F",F,68,Suecia,Mattias Jonson,,Anders Svensson,,False
2251,2002,Suecia,Argentina,"1ra Ronda, Grupo F",F,88,Suecia,Zlatan Ibrahimovic,,Henrik Larsson,,False
2252,2002,Suecia,Argentina,"1ra Ronda, Grupo F",F,58,Argentina,Hernan Crespo,,Gabriel Batistuta,,False
2253,2002,Suecia,Argentina,"1ra Ronda, Grupo F",F,63,Argentina,Juan Veron,,Matias Almeyda,,False
2254,2002,Suecia,Argentina,"1ra Ronda, Grupo F",F,63,Argentina,Cristian Gonzalez,,Juan Sorin,,False
2255,2002,Nigeria,Inglaterra,"1ra Ronda, Grupo F",F,86,Nigeria,Pius Ikedia,,Femi Opabunmi,,False
2256,2002,Nigeria,Inglaterra,"1ra Ronda, Grupo F",F,69,Inglaterra,Teddy Sheringham,,Emile Heskey,,False
2257,2002,Nigeria,Inglaterra,"1ra Ronda, Grupo F",F,77,Inglaterra,Darius Vassell,,Michael Owen,,False
2258,2002,Nigeria,Inglaterra,"1ra Ronda, Grupo F",F,85,Inglaterra,Wayne Bridge,,Ashley Cole,,False
2259,2002,Sudáfrica,España,"1ra Ronda, Grupo B",B,74,frica,George Koumantarakis,,Siyabonga Nomvethe,,False
2260,2002,Sudáfrica,España,"1ra Ronda, Grupo B",B,80,frica,Thabang Molefe,,Lucas Radebe,,False
2261,2002,Sudáfrica,España,"1ra Ronda, Grupo B",B,83,frica,Jacob Lekgetho,,Quinton Fortune,,False
2262,2002,Sudáfrica,España,"1ra Ronda, Grupo B",B,53,a,Sergio,,David Albelda,,False
2263,2002,Sudáfrica,España,"1ra Ronda, Grupo B",B,77,a,Albert Luque,,Fernando Morientes,,False
2264,2002,Sudáfrica,España,"1ra Ronda, Grupo B",B,82,a,Luis Enrique,,Raul,,False
2265,2002,Eslovenia,Paraguay,"1ra Ronda, Grupo B",B,40,Eslovenia,Mladen Rudonja,,Miran Pavlin,,False
2266,2002,Eslovenia,Paraguay,"1ra Ronda, Grupo B",B,62,Eslovenia,Nastja Ceh,,Milenko Acimovic,,False
2267,2002,Eslovenia,Paraguay,"1ra Ronda, Grupo B",B,77,Eslovenia,Senad Tiganj,,Milan Osterc,,False
2268,2002,Eslovenia,Paraguay,"1ra Ronda, Grupo B",B,53,Paraguay,Jorge Campos,,Guido Alvarenga,,False
2269,2002,Eslovenia,Paraguay,"1ra Ronda, Grupo B",B,61,Paraguay,Nelson Cuevas,,Jose Cardozo,,False
2270,2002,Eslovenia,Paraguay,"1ra Ronda, Grupo B",B,92,Paraguay,Juan Carlos Franco,,Nelson Cuevas,,False
2271,2002,Costa Rica,Brasil,"1ra Ronda, Grupo C",C,46,Costa Rica,Stevens Bryce,,Harold Wallace,,False
2272,2002,Costa Rica,Brasil,"1ra Ronda, Grupo C",C,65,Costa Rica,Rolando Fonseca,,Mauricio Solis,,False
2273,2002,Costa Rica,Brasil,"1ra Ronda, Grupo C",C,74,Costa Rica,Winston Parks,,Gilberto Martinez,,False
2274,2002,Costa Rica,Brasil,"1ra Ronda, Grupo C",C,57,Brasil,Kleberson,,Edilson,,False
2275,2002,Costa Rica,Brasil,"1ra Ronda, Grupo C",C,61,Brasil,Ricardinho,,Juninho Paulista,,False
2276,2002,Costa Rica,Brasil,"1ra Ronda, Grupo C",C,72,Brasil,Kaká,,Rivaldo,,False
2277,2002,Turquía,China,"1ra Ronda, Grupo C",C,35,a,Omer Catkic,,Rustu Recber,,False
2278,2002,Turquía,China,"1ra Ronda, Grupo C",C,70,a,Ilhan Mansiz,,Yildiray Basturk,,False
2279,2002,Turquía,China,"1ra Ronda, Grupo C",C,84,a,Tayfur Havutcu,,Tugay Kerimoglu,,False
2280,2002,Turquía,China,"1ra Ronda, Grupo C",C,46,China,Jiayi Shao,,Chengying Wu,,True
2281,2002,Turquía,China,"1ra Ronda, Grupo C",C,73,China,Genwei Yu,,Haidong Hao,,False
2282,2002,Turquía,China,"1ra Ronda, Grupo C",C,73,China,Bo Qu,,Chen Yang,,False
2283,2002,México,Italia,"1ra Ronda, Grupo G",G,76,xico,Rafael Garcia,,Ramon Morales,,False
2284,2002,México,Italia,"1ra Ronda, Grupo G",G,76,xico,Gabriel Caballero,,Joahan Rodriguez,,False
2285,2002,México,Italia,"1ra Ronda, Grupo G",G,80,xico,Francisco Palencia,,Jared Borgetti,,False
2286,2002,México,Italia,"1ra Ronda, Grupo G",G,55,Italia,Vincenzo Montella,,Filippo Inzaghi,,False
2287,2002,México,Italia,"1ra Ronda, Grupo G",G,63,Italia,Francesco Coco,,Christian Panucci,,False
2288,2002,México,Italia,"1ra Ronda, Grupo G",G,78,Italia,Alessandro Del Piero,,Francesco Totti,,False
2289,2002,Ecuador,Croacia,"1ra Ronda, Grupo G",G,40,Ecuador,Alex Aguinaga,,Alfonso Obregon,,False
2290,2002,Ecuador,Croacia,"1ra Ronda, Grupo G",G,76,Ecuador,Ivan Kaviedes,,Carlos Tenorio,,False
2291,2002,Ecuador,Croacia,"1ra Ronda, Grupo G",G,52,Croacia,Davor Vugrinec,,Dario Simic,,False
2292,2002,Ecuador,Croacia,"1ra Ronda, Grupo G",G,59,Croacia,Jurica Vranjes,,Niko Kovac,,False
2293,2002,Ecuador,Croacia,"1ra Ronda, Grupo G",G,68,Croacia,Mario Stanic,,Daniel Saric,,False
2294,2002,Túnez,Japón,"1ra Ronda, Grupo H",H,46,nez,Zoubeir Beya,,Mourad Melki,,False
2295,2002,Túnez,Japón,"1ra Ronda, Grupo H",H,61,nez,Imed Mhadhebi,,Clayton,,False
2296,2002,Túnez,Japón,"1ra Ronda, Grupo H",H,78,nez,Ali Zitouni,,Raouf Bouzaiene,,False
2297,2002,Túnez,Japón,"1ra Ronda, Grupo H",H,46,n,Hiroaki Morishima,,Junichi Inamoto,,False
2298,2002,Túnez,Japón,"1ra Ronda, Grupo H",H,46,n,Daisuke Ichikawa,,Atsushi Yanagisawa,,False
2299,2002,Túnez,Japón,"1ra Ronda, Grupo H",H,84,n,Mitsuo Ogasawara,,Hidetoshi Nakata,,False
2300,2002,Bélgica,Rusia,"1ra Ronda, Grupo H",H,70,lgica,Wesley Sonck,,Mbo Mpenza,,False
2301,2002,Bélgica,Rusia,"1ra Ronda, Grupo H",H,78,lgica,Timmy Simons,,Gert Verheyen,,False
2302,2002,Bélgica,Rusia,"1ra Ronda, Grupo H",H,90,lgica,Eric Van Meir,,Glen De Boeck,,False
2303,2002,Bélgica,Rusia,"1ra Ronda, Grupo H",H,34,Rusia,Dmitri Sychev,,Alexei Smertin,,False
2304,2002,Bélgica,Rusia,"1ra Ronda, Grupo H",H,43,Rusia,Dmitri Sennikov,,Yuri Nikiforov,,False
2305,2002,Bélgica,Rusia,"1ra Ronda, Grupo H",H,82,Rusia,Alexander Kerzhakov,,Valeri Karpin,,False
2306,2002,Portugal,Corea del Sur,"1ra Ronda, Grupo D",D,69,Portugal,Jorge Andrade,,Pauleta,,False
2307,2002,Portugal,Corea del Sur,"1ra Ronda, Grupo D",D,73,Portugal,Abel Xavier,,Rui Jorge,,False
2308,2002,Portugal,Corea del Sur,"1ra Ronda, Grupo D",D,77,Portugal,Nuno Gomes,,Petit,,False
2309,2002,Portugal,Corea del Sur,"1ra Ronda, Grupo D",D,93,Corea del Sur,Chun Soo Lee,,Jung Hwan Ahn,,False
2310,2002,Polonia,Estados Unidos,"1ra Ronda, Grupo D",D,65,Polonia,Marcin Zewlakow,,Cezary Kucharski,,False
2311,2002,Polonia,Estados Unidos,"1ra Ronda, Grupo D",D,86,Polonia,Pawel Sibik,,Emmanuel Olisadebe,,False
2312,2002,Polonia,Estados Unidos,"1ra Ronda, Grupo D",D,89,Polonia,Tomasz Waldoch,,Tomasz Klos,,False
2313,2002,Polonia,Estados Unidos,"1ra Ronda, Grupo D",D,36,Estados Unidos,DaMarcus Beasley,,Jeff Agoos,,False
2314,2002,Polonia,Estados Unidos,"1ra Ronda, Grupo D",D,58,Estados Unidos,Joe Max Moore,,Brian Mcbride,,False
2315,2002,Polonia,Estados Unidos,"1ra Ronda, Grupo D",D,68,Estados Unidos,Cobi Jones,,Earnie Stewart,,False
2316,2002,Alemania,Paraguay,Octavos,,46,Alemania,Sebastian Kehl,,Marko Rehmer,,False
2317,2002,Alemania,Paraguay,Octavos,,60,Alemania,Frank Baumann,,Christoph Metzelder,,False
2318,2002,Alemania,Paraguay,Octavos,,92,Alemania,Gerald Asamoah,,Oliver Neuville,,False
2319,2002,Alemania,Paraguay,Octavos,,29,Paraguay,Jorge Campos,,Roque Santa Cruz,,False
2320,2002,Alemania,Paraguay,Octavos,,84,Paraguay,Diego Gavilan,,Carlos Bonet,,False
2321,2002,Alemania,Paraguay,Octavos,,91,Paraguay,Nelson Cuevas,,Estanislao Struway,,False
2322,2002,Dinamarca,Inglaterra,Octavos,,7,Dinamarca,Kasper Bogelund,,Thomas Helveg,,False
2323,2002,Dinamarca,Inglaterra,Octavos,,58,Dinamarca,Claus Jensen,,Stig Tofting,,False
2324,2002,Dinamarca,Inglaterra,Octavos,,46,Inglaterra,Robbie Fowler,,Michael Owen,,False
2325,2002,Dinamarca,Inglaterra,Octavos,,49,Inglaterra,Kieron Dyer,,Paul Scholes,,False
2326,2002,Dinamarca,Inglaterra,Octavos,,69,Inglaterra,Teddy Sheringham,,Emile Heskey,,False
2327,2002,Suecia,Senegal,Octavos,,65,Suecia,Andreas Andersson,,Marcus Allback,,False
2328,2002,Suecia,Senegal,Octavos,,76,Suecia,Zlatan Ibrahimovic,,Niclas Alexandersson,,False
2329,2002,Suecia,Senegal,Octavos,,99,Suecia,Mattias Jonson,,Magnus Svensson,,False
2330,2002,Suecia,Senegal,Octavos,,66,Senegal,Habib Beye,,Papa Malick Diop,,False
2331,2002,España,Irlanda,Octavos,,66,a,Gaizka Mendieta,,De Pedro,,False
2332,2002,España,Irlanda,Octavos,,72,a,David Albelda,,Fernando Morientes,,False
2333,2002,España,Irlanda,Octavos,,80,a,Albert Luque,,Raul,,False
2334,2002,España,Irlanda,Octavos,,50,Irlanda,Kenny Cunningham,,Steve Staunton,,False
2335,2002,España,Irlanda,Octavos,,55,Irlanda,Niall Quinn,,Gary Kelly,,False
2336,2002,España,Irlanda,Octavos,,82,Irlanda,David Connolly,,Ian Harte,,False
2337,2002,México,Estados Unidos,Octavos,,28,xico,Luis Hernandez,,Ramon Morales,,False
2338,2002,México,Estados Unidos,Octavos,,46,xico,Sigifredo Mercado,,Manuel Vidrio,,False
2339,2002,México,Estados Unidos,Octavos,,78,xico,Alberto Garcia Aspe,,Gerardo Torrado,,False
2340,2002,México,Estados Unidos,Octavos,,59,Estados Unidos,Earnie Stewart,,Josh Wolff,,False
2341,2002,México,Estados Unidos,Octavos,,79,Estados Unidos,Cobi Jones,,Brian Mcbride,,False
2342,2002,México,Estados Unidos,Octavos,,92,Estados Unidos,Carlos Llamosa,,Pablo Mastroeni,,False
2343,2002,Brasil,Bélgica,Octavos,,57,Brasil,Denilson,,Juninho Paulista,,False
2344,2002,Brasil,Bélgica,Octavos,,81,Brasil,Kleberson,,Ronaldinho,,False
2345,2002,Brasil,Bélgica,Octavos,,90,Brasil,Ricardinho,,Rivaldo,,False
2346,2002,Brasil,Bélgica,Octavos,,72,lgica,Wesley Sonck,,Jacky Peeters,,False
2347,2002,Japón,Turquía,Octavos,,46,n,Daisuke Ichikawa,,Junichi Inamoto,,False
2348,2002,Japón,Turquía,Octavos,,46,n,Takayuki Suzuki,,Alessandro Santos,,False
2349,2002,Japón,Turquía,Octavos,,86,n,Hiroaki Morishima,,Daisuke Ichikawa,,False
2350,2002,Japón,Turquía,Octavos,,74,a,Nihat Kahveci,,Umit Davala,,False
2351,2002,Japón,Turquía,Octavos,,85,a,Tayfur Havutcu,,Hasan Sas,,False
2352,2002,Japón,Turquía,Octavos,,90,a,Ilhan Mansiz,,Yildiray Basturk,,False
2353,2002,Corea del Sur,Italia,Octavos,,63,Corea del Sur,Sun Hong Hwang,,Tae Young Kim,,False
2354,2002,Corea del Sur,Italia,Octavos,,68,Corea del Sur,Chun Soo Lee,,Nam Il Kim,,False
2355,2002,Corea del Sur,Italia,Octavos,,83,Corea del Sur,Du Ri Cha,,Myung Bo Hong,,False
2356,2002,Corea del Sur,Italia,Octavos,,61,Italia,Gennaro Gattuso,,Alessandro Del Piero,,False
2357,2002,Corea del Sur,Italia,Octavos,,72,Italia,Angelo Di Livio,,Gianluca Zambrotta,,False
2358,2002,Inglaterra,Brasil,Cuartos,,56,Inglaterra,Kieron Dyer,,Trevor Sinclair,,False
2359,2002,Inglaterra,Brasil,Cuartos,,79,Inglaterra,Darius Vassell,,Michael Owen,,False
2360,2002,Inglaterra,Brasil,Cuartos,,80,Inglaterra,Teddy Sheringham,,Ashley Cole,,False
2361,2002,Inglaterra,Brasil,Cuartos,,70,Brasil,Edilson,,Ronaldo,,False
2362,2002,Alemania,Estados Unidos,Cuartos,,60,Alemania,Jens Jeremies,,Bernd Schneider,,False
2363,2002,Alemania,Estados Unidos,Cuartos,,80,Alemania,Marco Bode,,Oliver Neuville,,False
2364,2002,Alemania,Estados Unidos,Cuartos,,88,Alemania,Oliver Bierhoff,,Miroslav Klose,,False
2365,2002,Alemania,Estados Unidos,Cuartos,,58,Estados Unidos,Clint Mathis,,Brian Mcbride,,False
2366,2002,Alemania,Estados Unidos,Cuartos,,65,Estados Unidos,Cobi Jones,,Frankie Hejduk,,False
2367,2002,Alemania,Estados Unidos,Cuartos,,80,Estados Unidos,Earnie Stewart,,Pablo Mastroeni,,False
2368,2002,España,Corea del Sur,Cuartos,,70,a,Gaizka Mendieta,,De Pedro,,False
2369,2002,España,Corea del Sur,Cuartos,,80,a,Luis Enrique,,Juan Carlos Valeron,,False
2370,2002,España,Corea del Sur,Cuartos,,93,a,Xavi,,Ivan Helguera,,False
2371,2002,España,Corea del Sur,Cuartos,,32,Corea del Sur,Eul Yong Lee,,Nam Il Kim,,False
2372,2002,España,Corea del Sur,Cuartos,,60,Corea del Sur,Chun Soo Lee,,Sang Chul Yoo,,False
2373,2002,España,Corea del Sur,Cuartos,,90,Corea del Sur,Sun Hong Hwang,,Tae Young Kim,,False
2374,2002,Senegal,Turquía,Cuartos,,67,a,Ilhan Mansiz,,Hakan Sukur,,False
2375,2002,Senegal,Turquía,Cuartos,,91,a,Arif Erdem,,Emre Belozoglu,,False
2376,2002,Alemania,Corea del Sur,Semis,,70,Alemania,Oliver Bierhoff,,Miroslav Klose,,False
2377,2002,Alemania,Corea del Sur,Semis,,85,Alemania,Jens Jeremies,,Bernd Schneider,,False
2378,2002,Alemania,Corea del Sur,Semis,,88,Alemania,Gerald Asamoah,,Oliver Neuville,,False
2379,2002,Alemania,Corea del Sur,Semis,,54,Corea del Sur,Jung Hwan Ahn,,Sun Hong Hwang,,False
2380,2002,Alemania,Corea del Sur,Semis,,56,Corea del Sur,Min Sung Lee,,Jin Cheul Choi,,False
2381,2002,Alemania,Corea del Sur,Semis,,80,Corea del Sur,Ki Hyeon Seol,,Myung Bo Hong,,False
2382,2002,Brasil,Turquía,Semis,,68,Brasil,Luizao,,Ronaldo,,False
2383,2002,Brasil,Turquía,Semis,,75,Brasil,Denilson,,Edilson,,False
2384,2002,Brasil,Turquía,Semis,,85,Brasil,Belletti,,Kleberson,,False
2385,2002,Brasil,Turquía,Semis,,62,a,Ilhan Mansiz,,Emre Belozoglu,,False
2386,2002,Brasil,Turquía,Semis,,74,a,Muzzy Izzet,,Umit Davala,,False
2387,2002,Brasil,Turquía,Semis,,88,a,Arif Erdem,,Yildiray Basturk,,False
2388,2002,Corea del Sur,Turquía,3er Puesto,,46,Corea del Sur,Tae Young Kim,,Myung Bo Hong,,False
2389,2002,Corea del Sur,Turquía,3er Puesto,,65,Corea del Sur,Du Ri Cha,,Eul Yong Lee,,False
2390,2002,Corea del Sur,Turquía,3er Puesto,,79,Corea del Sur,Tae Uk Choi,,Ki Hyeon Seol,,False
2391,2002,Corea del Sur,Turquía,3er Puesto,,41,a,Hakan Unsal,,Emre Belozoglu,,False
2392,2002,Corea del Sur,Turquía,3er Puesto,,76,a,Okan Buruk,,Umit Davala,,False
2393,2002,Corea del Sur,Turquía,3er Puesto,,86,a,Tayfur Havutcu,,Yildiray Basturk,,False
2394,2002,Alemania,Brasil,Final,,74,Alemania,Oliver Bierhoff,,Miroslav Klose,,False
2395,2002,Alemania,Brasil,Final,,77,Alemania,Gerald Asamoah,,Jens Jeremies,,False
2396,2002,Alemania,Brasil,Final,,84,Alemania,Christian Ziege,,Marco Bode,,False
2397,2002,Alemania,Brasil,Final,,85,Brasil,Juninho Paulista,,Ronaldinho,,False
2398,2002,Alemania,Brasil,Final,,90,Brasil,Denilson,,Ronaldo,,False
2399,1998,Brasil,Escocia,"1ra Ronda, Grupo A",A,46,Brasil,Leonardo,,Giovanni,,True
2400,1998,Brasil,Escocia,"1ra Ronda, Grupo A",A,72,Brasil,Denilson,,Bebeto,,False
2401,1998,Brasil,Escocia,"1ra Ronda, Grupo A",A,78,Escocia,Billy Mckinlay,,Darren Jackson,,False
2402,1998,Brasil,Escocia,"1ra Ronda, Grupo A",A,84,Escocia,Tosh Mckinlay,,Christian Dailly,,False
2403,1998,Marruecos,Noruega,"1ra Ronda, Grupo A",A,78,Marruecos,Gharib Amzine,,Youssef Chippo,,False
2404,1998,Marruecos,Noruega,"1ra Ronda, Grupo A",A,86,Marruecos,Ali El Khattabi,,Abdeljalil Hadda,,False
2405,1998,Marruecos,Noruega,"1ra Ronda, Grupo A",A,90,Marruecos,Rachid Azzouzi,,Taher El Khalej,,False
2406,1998,Marruecos,Noruega,"1ra Ronda, Grupo A",A,46,Noruega,Vidar Riseth,,Ole Gunnar Solskjaer,,True
2407,1998,Marruecos,Noruega,"1ra Ronda, Grupo A",A,72,Noruega,Stale Solbakken,,Havard Flo,,False
2408,1998,Camerún,Austria,"1ra Ronda, Grupo B",B,65,n,Joseph-Desire Job,,Samuel Ipoua,,False
2409,1998,Camerún,Austria,"1ra Ronda, Grupo B",B,65,n,Salomon Olembe,,Augustine Simo,,False
2410,1998,Camerún,Austria,"1ra Ronda, Grupo B",B,84,n,Alphonse-Marie Tchami,,Francois Omam-Biyik,,False
2411,1998,Camerún,Austria,"1ra Ronda, Grupo B",B,82,Austria,Ivica Vastic,,Andreas Herzog,,False
2412,1998,Camerún,Austria,"1ra Ronda, Grupo B",B,82,Austria,Peter Stoeger,,Heimo Pfeifenberger,,False
2413,1998,Camerún,Austria,"1ra Ronda, Grupo B",B,82,Austria,Mario Haas,,Harald Cerny,,False
2414,1998,Italia,Chile,"1ra Ronda, Grupo B",B,57,Italia,Luigi Di Biagio,,Roberto Di Matteo,,False
2415,1998,Italia,Chile,"1ra Ronda, Grupo B",B,61,Italia,Enrico Chiesa,,Angelo Di Livio,,False
2416,1998,Italia,Chile,"1ra Ronda, Grupo B",B,71,Italia,Filippo Inzaghi,,Christian Vieri,,False
2417,1998,Italia,Chile,"1ra Ronda, Grupo B",B,63,Chile,Miguel Ramirez,,Javier Margas,,False
2418,1998,Italia,Chile,"1ra Ronda, Grupo B",B,81,Chile,Jose Sierra,,Fabian Estay,,False
2419,1998,Italia,Chile,"1ra Ronda, Grupo B",B,82,Chile,Fernando Cornejo,,Clarence Acuña,,False
2420,1998,Arabia Saudita,Dinamarca,"1ra Ronda, Grupo C",C,78,Arabia Saudita,Hamza Saleh,,Fuad Amin,,False
2421,1998,Arabia Saudita,Dinamarca,"1ra Ronda, Grupo C",C,79,Arabia Saudita,Obeid Al Dosari,,Said Al Owayran,,False
2422,1998,Arabia Saudita,Dinamarca,"1ra Ronda, Grupo C",C,84,Arabia Saudita,Youssef Al Tunayan,,Sami Al Jaber,,False
2423,1998,Arabia Saudita,Dinamarca,"1ra Ronda, Grupo C",C,65,Dinamarca,Allan Nielsen,,Morten Wieghorst,,False
2424,1998,Arabia Saudita,Dinamarca,"1ra Ronda, Grupo C",C,73,Dinamarca,Per Frandsen,,Martin Jorgensen,,False
2425,1998,Arabia Saudita,Dinamarca,"1ra Ronda, Grupo C",C,84,Dinamarca,Jan Heintze,,Brian Laudrup,,False
2426,1998,Francia,Sudáfrica,"1ra Ronda, Grupo C",C,26,Francia,Christophe Dugarry,,Stephane Guivarch,,False
2427,1998,Francia,Sudáfrica,"1ra Ronda, Grupo C",C,73,Francia,Alain Boghossian,,Emmanuel Petit,,False
2428,1998,Francia,Sudáfrica,"1ra Ronda, Grupo C",C,84,Francia,David Trezeguet,,Youri Djorkaeff,,False
2429,1998,Francia,Sudáfrica,"1ra Ronda, Grupo C",C,56,frica,Helman Mkhalele,,Brendan Augustine,,False
2430,1998,Francia,Sudáfrica,"1ra Ronda, Grupo C",C,89,frica,Shaun Bartlett,,Benni Mccarthy,,False
2431,1998,Paraguay,Bulgaria,"1ra Ronda, Grupo D",D,43,Paraguay,Denis Caniza,,Carlos Morales,,False
2432,1998,Paraguay,Bulgaria,"1ra Ronda, Grupo D",D,70,Paraguay,Cesar Ramirez,,Jose Cardozo,,False
2433,1998,Paraguay,Bulgaria,"1ra Ronda, Grupo D",D,78,Paraguay,Julio Cesar Yegros,,Jorge Campos,,False
2434,1998,Paraguay,Bulgaria,"1ra Ronda, Grupo D",D,68,Bulgaria,Emil Kostadinov,,Luboslav Penev,,False
2435,1998,Paraguay,Bulgaria,"1ra Ronda, Grupo D",D,77,Bulgaria,Daniel Borimirov,,Ilian Iliev,,False
2436,1998,Paises Bajos,Bélgica,"1ra Ronda, Grupo E",E,65,Paises Bajos,Dennis Bergkamp,,Jimmy Floyd Hasselbaink,,False
2437,1998,Paises Bajos,Bélgica,"1ra Ronda, Grupo E",E,65,Paises Bajos,Boudewijn Zenden,,Clarence Seedorf,,False
2438,1998,Paises Bajos,Bélgica,"1ra Ronda, Grupo E",E,80,Paises Bajos,Wim Jonk,,Ronald De Boer,,False
2439,1998,Paises Bajos,Bélgica,"1ra Ronda, Grupo E",E,22,lgica,Eric Deflandre,,Bertrand Crasson,,False
2440,1998,Paises Bajos,Bélgica,"1ra Ronda, Grupo E",E,60,lgica,Emile Mpenza,,Luis Oliveira,,False
2441,1998,Corea del Sur,México,"1ra Ronda, Grupo E",E,55,Corea del Sur,Hyung Seok Jang,,Jung Yoon Noh,,False
2442,1998,Corea del Sur,México,"1ra Ronda, Grupo E",E,60,Corea del Sur,Sung Yong Choi,,Do Keun Kim,,False
2443,1998,Corea del Sur,México,"1ra Ronda, Grupo E",E,75,Corea del Sur,Jung Won Seo,,Jong Soo Ko,,False
2444,1998,Corea del Sur,México,"1ra Ronda, Grupo E",E,46,xico,Ricardo Pelaez Linares,,Braulio Luna,,True
2445,1998,Corea del Sur,México,"1ra Ronda, Grupo E",E,46,xico,Jesus Arellano,,Jaime Ordiales,,True
2446,1998,Corea del Sur,México,"1ra Ronda, Grupo E",E,70,xico,Marcelino Bernal,,Alberto Garcia Aspe,,False
2447,1998,España,Nigeria,"1ra Ronda, Grupo D",D,46,a,Guillermo Amor,,Albert Ferrer,,True
2448,1998,España,Nigeria,"1ra Ronda, Grupo D",D,58,a,Joseba Etxeberria,,Alfonso,,False
2449,1998,España,Nigeria,"1ra Ronda, Grupo D",D,77,a,Albert Celades,,Miguel Angel Nadal,,False
2450,1998,España,Nigeria,"1ra Ronda, Grupo D",D,70,Nigeria,Rasheed Yekini,,Mobi Oparaku,,False
2451,1998,España,Nigeria,"1ra Ronda, Grupo D",D,83,Nigeria,Tijani Babangida,,Victor Ikpeba,,False
2452,1998,España,Nigeria,"1ra Ronda, Grupo D",D,89,Nigeria,Godwin Okpara,,Garba Lawal,,False
2453,1998,Jamaica,Croacia,"1ra Ronda, Grupo H",H,69,Jamaica,Darryl Powell,,Peter Cargill,,False
2454,1998,Jamaica,Croacia,"1ra Ronda, Grupo H",H,74,Jamaica,Andrew Williams,,Robert Earle,,False
2455,1998,Jamaica,Croacia,"1ra Ronda, Grupo H",H,81,Jamaica,Walter Boyd,,Paul Hall,,False
2456,1998,Jamaica,Croacia,"1ra Ronda, Grupo H",H,74,Croacia,Goran Vlaovic,,Dario Simic,,False
2457,1998,RF de Yugoslavia,Irán,"1ra Ronda, Grupo F",F,50,RF de Yugoslavia,Dejan Stankovic,,Branko Brnovic,,False
2458,1998,RF de Yugoslavia,Irán,"1ra Ronda, Grupo F",F,58,RF de Yugoslavia,Perica Ognjenovic,,Savo Milosevic,,False
2459,1998,RF de Yugoslavia,Irán,"1ra Ronda, Grupo F",F,68,RF de Yugoslavia,Darko Kovacevic,,Dragan Stojkovic,,False
2460,1998,RF de Yugoslavia,Irán,"1ra Ronda, Grupo F",F,68,n,Ali Reza Mansourian,,Hamid Estili,,False
2461,1998,Argentina,Japón,"1ra Ronda, Grupo H",H,61,Argentina,Abel Balbo,,Claudio Lopez,,False
2462,1998,Argentina,Japón,"1ra Ronda, Grupo H",H,72,Argentina,Jose Chamot,,Roberto Sensini,,False
2463,1998,Argentina,Japón,"1ra Ronda, Grupo H",H,65,n,Wagner Lopes,,Masashi Nakayama,,False
2464,1998,Argentina,Japón,"1ra Ronda, Grupo H",H,84,n,Takashi Hirano,,Naoki Soma,,False
2465,1998,Alemania,Estados Unidos,"1ra Ronda, Grupo F",F,50,Alemania,Didi Hamann,,Thomas Haessler,,False
2466,1998,Alemania,Estados Unidos,"1ra Ronda, Grupo F",F,70,Alemania,Christian Ziege,,Stefan Reuter,,False
2467,1998,Alemania,Estados Unidos,"1ra Ronda, Grupo F",F,89,Alemania,Markus Babbel,,Andreas Moeller,,False
2468,1998,Alemania,Estados Unidos,"1ra Ronda, Grupo F",F,46,Estados Unidos,Frankie Hejduk,,Mike Burns,,True
2469,1998,Alemania,Estados Unidos,"1ra Ronda, Grupo F",F,65,Estados Unidos,Roy Wegerle,,Eric Wynalda,,False
2470,1998,Alemania,Estados Unidos,"1ra Ronda, Grupo F",F,72,Estados Unidos,Tab Ramos,,Chad Deering,,False
2471,1998,Rumania,Colombia,"1ra Ronda, Grupo G",G,68,Rumania,Ovidiu Stanga,,Gabriel Popescu,,False
2472,1998,Rumania,Colombia,"1ra Ronda, Grupo G",G,76,Rumania,Lucian Marinescu,,Gheorghe Hagi,,False
2473,1998,Rumania,Colombia,"1ra Ronda, Grupo G",G,84,Rumania,Radu Niculescu,,Viorel Moldovan,,False
2474,1998,Rumania,Colombia,"1ra Ronda, Grupo G",G,46,Colombia,Adolfo Valencia,,Victor Aristizabal,,True
2475,1998,Rumania,Colombia,"1ra Ronda, Grupo G",G,84,Colombia,Leider Preciado,,Faustino Asprilla,,False
2476,1998,Inglaterra,Túnez,"1ra Ronda, Grupo G",G,85,Inglaterra,Michael Owen,,Teddy Sheringham,,False
2477,1998,Inglaterra,Túnez,"1ra Ronda, Grupo G",G,46,nez,Zoubeir Beya,,Skander Souayah,,True
2478,1998,Inglaterra,Túnez,"1ra Ronda, Grupo G",G,65,nez,Imed Ben Younes,,Mehdi Ben Slimane,,False
2479,1998,Inglaterra,Túnez,"1ra Ronda, Grupo G",G,79,nez,Tarek Thabet,,Hatem Trabelsi,,False
2480,1998,Escocia,Noruega,"1ra Ronda, Grupo A",A,59,Escocia,David Weir,,Colin Calderwood,,False
2481,1998,Escocia,Noruega,"1ra Ronda, Grupo A",A,61,Escocia,Jackie Mcnamara,,Darren Jackson,,False
2482,1998,Escocia,Noruega,"1ra Ronda, Grupo A",A,60,Noruega,Mini Jakobsen,,Havard Flo,,False
2483,1998,Escocia,Noruega,"1ra Ronda, Grupo A",A,71,Noruega,Egil Ostenstad,,Vidar Riseth,,False
2484,1998,Escocia,Noruega,"1ra Ronda, Grupo A",A,81,Noruega,Gunnar Halle,,Henning Berg,,False
2485,1998,Brasil,Marruecos,"1ra Ronda, Grupo A",A,68,Brasil,Doriva,,Cesar Sampaio,,False
2486,1998,Brasil,Marruecos,"1ra Ronda, Grupo A",A,72,Brasil,Edmundo,,Bebeto,,False
2487,1998,Brasil,Marruecos,"1ra Ronda, Grupo A",A,87,Brasil,Denilson,,Rivaldo,,False
2488,1998,Brasil,Marruecos,"1ra Ronda, Grupo A",A,76,Marruecos,Gharib Amzine,,Said Chiba,,False
2489,1998,Brasil,Marruecos,"1ra Ronda, Grupo A",A,76,Marruecos,Lahcen Abrami,,Abdelilah Saber,,False
2490,1998,Brasil,Marruecos,"1ra Ronda, Grupo A",A,88,Marruecos,Ali El Khattabi,,Abdeljalil Hadda,,False
2491,1998,Chile,Austria,"1ra Ronda, Grupo B",B,56,Chile,Jose Sierra,,Fabian Estay,,False
2492,1998,Chile,Austria,"1ra Ronda, Grupo B",B,69,Chile,Cristian Castaneda,,Moises Villarroel,,False
2493,1998,Chile,Austria,"1ra Ronda, Grupo B",B,46,Austria,Markus Schopp,,Dietmar Kuehbauer,,True
2494,1998,Chile,Austria,"1ra Ronda, Grupo B",B,46,Austria,Andreas Herzog,,Harald Cerny,,True
2495,1998,Chile,Austria,"1ra Ronda, Grupo B",B,73,Austria,Ivica Vastic,,Mario Haas,,False
2496,1998,Italia,Camerún,"1ra Ronda, Grupo B",B,62,Italia,Roberto Di Matteo,,Demetrio Albertini,,False
2497,1998,Italia,Camerún,"1ra Ronda, Grupo B",B,65,Italia,Alessandro Del Piero,,Roberto Baggio,,False
2498,1998,Italia,Camerún,"1ra Ronda, Grupo B",B,83,Italia,Angelo Di Livio,,Francesco Moriero,,False
2499,1998,Italia,Camerún,"1ra Ronda, Grupo B",B,46,n,Joseph-Desire Job,,Samuel Ipoua,,True
2500,1998,Italia,Camerún,"1ra Ronda, Grupo B",B,66,n,Samuel Eto'o,,Patrick Mboma,,False
2501,1998,Italia,Camerún,"1ra Ronda, Grupo B",B,66,n,Alphonse-Marie Tchami,,Francois Omam-Biyik,,False
2502,1998,Francia,Arabia Saudita,"1ra Ronda, Grupo C",C,30,Francia,David Trezeguet,,Christophe Dugarry,,False
2503,1998,Francia,Arabia Saudita,"1ra Ronda, Grupo C",C,58,Francia,Youri Djorkaeff,,Bernard Diomede,,False
2504,1998,Francia,Arabia Saudita,"1ra Ronda, Grupo C",C,79,Francia,Robert Pires,,Thierry Henry,,False
2505,1998,Francia,Arabia Saudita,"1ra Ronda, Grupo C",C,33,Arabia Saudita,Ibrahim Al Harbi,,Said Al Owayran,,False
2506,1998,Francia,Arabia Saudita,"1ra Ronda, Grupo C",C,65,Arabia Saudita,Khaled Al Muwallid,,Ibrahim Al Harbi,,False
2507,1998,Francia,Arabia Saudita,"1ra Ronda, Grupo C",C,76,Arabia Saudita,Ahmed Al Dosari,,Mohammed Al Jahani,,False
2508,1998,Sudáfrica,Dinamarca,"1ra Ronda, Grupo C",C,46,frica,Alfred Phiri,,Brendan Augustine,,True
2509,1998,Sudáfrica,Dinamarca,"1ra Ronda, Grupo C",C,77,frica,Phil Masinga,,Shaun Bartlett,,False
2510,1998,Sudáfrica,Dinamarca,"1ra Ronda, Grupo C",C,88,frica,Delron Buckley,,David Nyathi,,False
2511,1998,Sudáfrica,Dinamarca,"1ra Ronda, Grupo C",C,58,Dinamarca,Miklos Molnar,,Ebbe Sand,,False
2512,1998,Sudáfrica,Dinamarca,"1ra Ronda, Grupo C",C,58,Dinamarca,Jan Heintze,,Michael Laudrup,,False
2513,1998,Sudáfrica,Dinamarca,"1ra Ronda, Grupo C",C,82,Dinamarca,Morten Wieghorst,,Michael Schjonberg,,False
2514,1998,Nigeria,Bulgaria,"1ra Ronda, Grupo D",D,67,Nigeria,Nwankwo Kanu,,Daniel Amokachi,,False
2515,1998,Nigeria,Bulgaria,"1ra Ronda, Grupo D",D,75,Nigeria,Rasheed Yekini,,Victor Ikpeba,,False
2516,1998,Nigeria,Bulgaria,"1ra Ronda, Grupo D",D,84,Nigeria,Tijani Babangida,,Finidi George,,False
2517,1998,Nigeria,Bulgaria,"1ra Ronda, Grupo D",D,46,Bulgaria,Daniel Borimirov,,Marian Hristov,,True
2518,1998,Nigeria,Bulgaria,"1ra Ronda, Grupo D",D,66,Bulgaria,Luboslav Penev,,Ilian Iliev,,False
2519,1998,Nigeria,Bulgaria,"1ra Ronda, Grupo D",D,84,Bulgaria,Georgi Bachev,,Zlatko Yankov,,False
2520,1998,España,Paraguay,"1ra Ronda, Grupo D",D,52,a,Fernando Morientes,,Pizzi,,False
2521,1998,España,Paraguay,"1ra Ronda, Grupo D",D,56,a,Albert Celades,,Abelardo,,False
2522,1998,España,Paraguay,"1ra Ronda, Grupo D",D,65,a,Kiko,,Raul,,False
2523,1998,España,Paraguay,"1ra Ronda, Grupo D",D,46,Paraguay,Carlos Paredes,,Jorge Campos,,True
2524,1998,España,Paraguay,"1ra Ronda, Grupo D",D,73,Paraguay,Julio Cesar Yegros,,Roberto Acuña,,False
2525,1998,España,Paraguay,"1ra Ronda, Grupo D",D,83,Paraguay,Cesar Ramirez,,Aristides Rojas,,False
2526,1998,Paises Bajos,Corea del Sur,"1ra Ronda, Grupo E",E,78,Paises Bajos,Pierre Van Hooijdonk,,Dennis Bergkamp,,False
2527,1998,Paises Bajos,Corea del Sur,"1ra Ronda, Grupo E",E,80,Paises Bajos,Winston Bogarde,,Arthur Numan,,False
2528,1998,Paises Bajos,Corea del Sur,"1ra Ronda, Grupo E",E,84,Paises Bajos,Boudewijn Zenden,,Ronald De Boer,,False
2529,1998,Paises Bajos,Corea del Sur,"1ra Ronda, Grupo E",E,53,Corea del Sur,Tae Young Kim,,Sung Yong Choi,,False
2530,1998,Paises Bajos,Corea del Sur,"1ra Ronda, Grupo E",E,69,Corea del Sur,Jong Soo Ko,,Do Hoon Kim,,False
2531,1998,Paises Bajos,Corea del Sur,"1ra Ronda, Grupo E",E,77,Corea del Sur,Dong Gook Lee,,Jung Won Seo,,False
2532,1998,Bélgica,México,"1ra Ronda, Grupo E",E,17,lgica,Gert Verheyen,,Danny Boffin,,False
2533,1998,Bélgica,México,"1ra Ronda, Grupo E",E,67,lgica,Glen De Boeck,,Franky Van Der Elst,,False
2534,1998,Bélgica,México,"1ra Ronda, Grupo E",E,77,lgica,Emile Mpenza,,Luc Nilis,,False
2535,1998,Bélgica,México,"1ra Ronda, Grupo E",E,46,xico,Jesus Arellano,,Francisco Palencia,,True
2536,1998,Bélgica,México,"1ra Ronda, Grupo E",E,57,xico,German Villa,,Jaime Ordiales,,False
2537,1998,Bélgica,México,"1ra Ronda, Grupo E",E,67,xico,Raul Lara,,Alberto Garcia Aspe,,False
2538,1998,Japón,Croacia,"1ra Ronda, Grupo H",H,61,n,Masayuki Okano,,Masashi Nakayama,,False
2539,1998,Japón,Croacia,"1ra Ronda, Grupo H",H,79,n,Hiroaki Morishima,,Yoshikatsu Kawaguchi,,False
2540,1998,Japón,Croacia,"1ra Ronda, Grupo H",H,84,n,Wagner Lopes,,Hiroshi Nanami,,False
2541,1998,Japón,Croacia,"1ra Ronda, Grupo H",H,46,Croacia,Goran Vlaovic,,Igor Stimac,,True
2542,1998,Japón,Croacia,"1ra Ronda, Grupo H",H,67,Croacia,Silvio Maric,,Robert Prosinecki,,False
2543,1998,Japón,Croacia,"1ra Ronda, Grupo H",H,88,Croacia,Igor Tudor,,Mario Stanic,,False
2544,1998,Argentina,Jamaica,"1ra Ronda, Grupo H",H,25,Argentina,Nelson Vivas,,Roberto Sensini,,False
2545,1998,Argentina,Jamaica,"1ra Ronda, Grupo H",H,75,Argentina,Marcelo Gallardo,,Claudio Lopez,,False
2546,1998,Argentina,Jamaica,"1ra Ronda, Grupo H",H,80,Argentina,Mauricio Pineda,,Diego Simeone,,False
2547,1998,Argentina,Jamaica,"1ra Ronda, Grupo H",H,46,Jamaica,Peter Cargill,,Deon Burton,,True
2548,1998,Argentina,Jamaica,"1ra Ronda, Grupo H",H,62,Jamaica,Walter Boyd,,Stephen Malcolm,,False
2549,1998,Argentina,Jamaica,"1ra Ronda, Grupo H",H,73,Jamaica,Robert Earle,,Theodore Whitmore,,False
2550,1998,Alemania,RF de Yugoslavia,"1ra Ronda, Grupo F",F,46,Alemania,Lothar Matthaeus,,Didi Hamann,,True
2551,1998,Alemania,RF de Yugoslavia,"1ra Ronda, Grupo F",F,57,Alemania,Ulf Kirsten,,Andreas Moeller,,False
2552,1998,Alemania,RF de Yugoslavia,"1ra Ronda, Grupo F",F,66,Alemania,Michael Tarnat,,Christian Ziege,,False
2553,1998,Alemania,RF de Yugoslavia,"1ra Ronda, Grupo F",F,57,RF de Yugoslavia,Perica Ognjenovic,,Darko Kovacevic,,False
2554,1998,Alemania,RF de Yugoslavia,"1ra Ronda, Grupo F",F,66,RF de Yugoslavia,Dejan Govedarica,,Dejan Stankovic,,False
2555,1998,Alemania,RF de Yugoslavia,"1ra Ronda, Grupo F",F,74,RF de Yugoslavia,Miroslav Stevic,,Zeljko Petrovic,,False
2556,1998,Estados Unidos,Irán,"1ra Ronda, Grupo F",F,57,Estados Unidos,Earnie Stewart,,Tab Ramos,,False
2557,1998,Estados Unidos,Irán,"1ra Ronda, Grupo F",F,57,Estados Unidos,Preki Radosavljevic,,Roy Wegerle,,False
2558,1998,Estados Unidos,Irán,"1ra Ronda, Grupo F",F,82,Estados Unidos,Brian Maisonneuve,,Thomas Dooley,,False
2559,1998,Estados Unidos,Irán,"1ra Ronda, Grupo F",F,74,n,Ali Reza Mansourian,,Khodadad Azizi,,False
2560,1998,Estados Unidos,Irán,"1ra Ronda, Grupo F",F,75,n,Afshin Peyravani,,Nader Khani,,False
2561,1998,Estados Unidos,Irán,"1ra Ronda, Grupo F",F,77,n,Naim Sadavi,,Javad Zarincheh,,False
2562,1998,Colombia,Túnez,"1ra Ronda, Grupo G",G,56,Colombia,Victor Aristizabal,,Freddy Rincon,,False
2563,1998,Colombia,Túnez,"1ra Ronda, Grupo G",G,56,Colombia,Leider Preciado,,Adolfo Valencia,,False
2564,1998,Colombia,Túnez,"1ra Ronda, Grupo G",G,62,Colombia,Jorge Bolano,,Mauricio Serna,,False
2565,1998,Colombia,Túnez,"1ra Ronda, Grupo G",G,68,nez,Imed Ben Younes,,Adel El Sellimi,,False
2566,1998,Colombia,Túnez,"1ra Ronda, Grupo G",G,73,nez,Faycal Ben Ahmed,,Zoubeir Beya,,False
2567,1998,Colombia,Túnez,"1ra Ronda, Grupo G",G,76,nez,Kais Ghodhbane,,Tarek Thabet,,False
2568,1998,Rumania,Inglaterra,"1ra Ronda, Grupo G",G,72,Rumania,Ovidiu Stanga,,Gheorghe Hagi,,False
2569,1998,Rumania,Inglaterra,"1ra Ronda, Grupo G",G,81,Rumania,Lucian Marinescu,,Ovidiu Stanga,,False
2570,1998,Rumania,Inglaterra,"1ra Ronda, Grupo G",G,86,Rumania,Marius Lacatus,,Viorel Moldovan,,False
2571,1998,Rumania,Inglaterra,"1ra Ronda, Grupo G",G,32,Inglaterra,David Beckham,,Paul Ince,,False
2572,1998,Rumania,Inglaterra,"1ra Ronda, Grupo G",G,72,Inglaterra,Michael Owen,,Teddy Sheringham,,False
2573,1998,Italia,Austria,"1ra Ronda, Grupo B",B,4,Italia,Giuseppe Bergomi,,Alessandro Nesta,,False
2574,1998,Italia,Austria,"1ra Ronda, Grupo B",B,60,Italia,Filippo Inzaghi,,Christian Vieri,,False
2575,1998,Italia,Austria,"1ra Ronda, Grupo B",B,72,Italia,Roberto Baggio,,Alessandro Del Piero,,False
2576,1998,Italia,Austria,"1ra Ronda, Grupo B",B,62,Austria,Mario Haas,,Toni Polster,,False
2577,1998,Italia,Austria,"1ra Ronda, Grupo B",B,73,Austria,Peter Stoeger,,Dietmar Kuehbauer,,False
2578,1998,Italia,Austria,"1ra Ronda, Grupo B",B,80,Austria,Andreas Herzog,,Heimo Pfeifenberger,,False
2579,1998,Escocia,Marruecos,"1ra Ronda, Grupo A",A,54,Escocia,Tosh Mckinlay,,Jackie Mcnamara,,False
2580,1998,Escocia,Marruecos,"1ra Ronda, Grupo A",A,83,Escocia,Scott Booth,,Gordon Durie,,False
2581,1998,Escocia,Marruecos,"1ra Ronda, Grupo A",A,72,Marruecos,Youssef Rossi,,Mustapha El Chadili,,False
2582,1998,Escocia,Marruecos,"1ra Ronda, Grupo A",A,76,Marruecos,Rachid Azzouzi,,Gharib Amzine,,False
2583,1998,Escocia,Marruecos,"1ra Ronda, Grupo A",A,87,Marruecos,Jamal Salami,,Youssef Chippo,,False
2584,1998,Brasil,Noruega,"1ra Ronda, Grupo A",A,46,Noruega,Erik Mykland,,Roar Strand,,True
2585,1998,Brasil,Noruega,"1ra Ronda, Grupo A",A,68,Noruega,Ole Gunnar Solskjaer,,Havard Flo,,False
2586,1998,Brasil,Noruega,"1ra Ronda, Grupo A",A,79,Noruega,Jostein Flo,,Vidar Riseth,,False
2587,1998,Chile,Camerún,"1ra Ronda, Grupo B",B,70,Chile,Fabian Estay,,Moises Villarroel,,False
2588,1998,Chile,Camerún,"1ra Ronda, Grupo B",B,70,Chile,Fernando Cornejo,,Jose Sierra,,False
2589,1998,Chile,Camerún,"1ra Ronda, Grupo B",B,77,Chile,Miguel Ramirez,,Francisco Rojas,,False
2590,1998,Chile,Camerún,"1ra Ronda, Grupo B",B,68,n,Didier Angibeaud,,Salomon Olembe,,False
2591,1998,Chile,Camerún,"1ra Ronda, Grupo B",B,72,n,Alphonse-Marie Tchami,,Joseph-Desire Job,,False
2592,1998,Chile,Camerún,"1ra Ronda, Grupo B",B,82,n,Lauren,,Joseph Ndo,,False
2593,1998,España,Bulgaria,"1ra Ronda, Grupo D",D,50,a,Raul,,Joseba Etxeberria,,False
2594,1998,España,Bulgaria,"1ra Ronda, Grupo D",D,65,a,Kiko,,Alfonso,,False
2595,1998,España,Bulgaria,"1ra Ronda, Grupo D",D,69,a,Julen Guerrero,,Luis Enrique,,False
2596,1998,España,Bulgaria,"1ra Ronda, Grupo D",D,28,Bulgaria,Luboslav Penev,,Anatoli Nankov,,False
2597,1998,España,Bulgaria,"1ra Ronda, Grupo D",D,46,Bulgaria,Ilian Iliev,,Hristo Stoichkov,,True
2598,1998,España,Bulgaria,"1ra Ronda, Grupo D",D,61,Bulgaria,Marian Hristov,,Krassimir Balakov,,False
2599,1998,Francia,Dinamarca,"1ra Ronda, Grupo C",C,64,Francia,Alain Boghossian,,Emmanuel Petit,,False
2600,1998,Francia,Dinamarca,"1ra Ronda, Grupo C",C,71,Francia,Thierry Henry,,Robert Pires,,False
2601,1998,Francia,Dinamarca,"1ra Ronda, Grupo C",C,85,Francia,Stephane Guivarch,,David Trezeguet,,False
2602,1998,Francia,Dinamarca,"1ra Ronda, Grupo C",C,46,Dinamarca,Soren Colding,,Jacob Laursen,,True
2603,1998,Francia,Dinamarca,"1ra Ronda, Grupo C",C,54,Dinamarca,Ebbe Sand,,Martin Jorgensen,,False
2604,1998,Francia,Dinamarca,"1ra Ronda, Grupo C",C,75,Dinamarca,Stig Tofting,,Brian Laudrup,,False
2605,1998,Nigeria,Paraguay,"1ra Ronda, Grupo D",D,46,Nigeria,Godwin Okpara,,Sunday Oliseh,,True
2606,1998,Nigeria,Paraguay,"1ra Ronda, Grupo D",D,68,Nigeria,Finidi George,,Wilson Oruma,,False
2607,1998,Nigeria,Paraguay,"1ra Ronda, Grupo D",D,55,Paraguay,Julio Cesar Yegros,,Denis Caniza,,False
2608,1998,Nigeria,Paraguay,"1ra Ronda, Grupo D",D,67,Paraguay,Roberto Acuña,,Miguel Benitez,,False
2609,1998,Nigeria,Paraguay,"1ra Ronda, Grupo D",D,77,Paraguay,Aristides Rojas,,Hugo Brizuela,,False
2610,1998,Sudáfrica,Arabia Saudita,"1ra Ronda, Grupo C",C,46,frica,Delron Buckley,,Willem Jackson,,True
2611,1998,Sudáfrica,Arabia Saudita,"1ra Ronda, Grupo C",C,46,frica,Jerry Sikhosana,,Benni Mccarthy,,True
2612,1998,Sudáfrica,Arabia Saudita,"1ra Ronda, Grupo C",C,67,frica,Doctor Khumalo,,Quinton Fortune,,False
2613,1998,Sudáfrica,Arabia Saudita,"1ra Ronda, Grupo C",C,64,Arabia Saudita,Ibrahim Al Shahrani,,Fahad Al Mehalel,,False
2614,1998,Sudáfrica,Arabia Saudita,"1ra Ronda, Grupo C",C,81,Arabia Saudita,Ibrahim Al Harbi,,Youssef Al Tunayan,,False
2615,1998,Bélgica,Corea del Sur,"1ra Ronda, Grupo E",E,46,lgica,Mbo Mpenza,,Luis Oliveira,,True
2616,1998,Bélgica,Corea del Sur,"1ra Ronda, Grupo E",E,65,lgica,Franky Van Der Elst,,Enzo Scifo,,False
2617,1998,Bélgica,Corea del Sur,"1ra Ronda, Grupo E",E,74,lgica,Emile Mpenza,,Philippe Clement,,False
2618,1998,Bélgica,Corea del Sur,"1ra Ronda, Grupo E",E,46,Corea del Sur,Jong Soo Ko,,Do Keun Kim,,True
2619,1998,Bélgica,Corea del Sur,"1ra Ronda, Grupo E",E,46,Corea del Sur,Lim Saeng Lee,,Sung Yong Choi,,True
2620,1998,Bélgica,Corea del Sur,"1ra Ronda, Grupo E",E,66,Corea del Sur,Hyung Seok Jang,,Sang Hun Lee,,False
2621,1998,Paises Bajos,México,"1ra Ronda, Grupo E",E,70,Paises Bajos,Aron Winter,,Wim Jonk,,False
2622,1998,Paises Bajos,México,"1ra Ronda, Grupo E",E,71,Paises Bajos,Winston Bogarde,,Arthur Numan,,False
2623,1998,Paises Bajos,México,"1ra Ronda, Grupo E",E,78,Paises Bajos,Jimmy Floyd Hasselbaink,,Dennis Bergkamp,,False
2624,1998,Paises Bajos,México,"1ra Ronda, Grupo E",E,46,xico,Jesus Arellano,,Braulio Luna,,True
2625,1998,Paises Bajos,México,"1ra Ronda, Grupo E",E,55,xico,Ricardo Pelaez Linares,,Joel Sanchez,,False
2626,1998,Alemania,Irán,"1ra Ronda, Grupo F",F,46,Alemania,Didi Hamann,,Olaf Thon,,True
2627,1998,Alemania,Irán,"1ra Ronda, Grupo F",F,69,Alemania,Ulf Kirsten,,Thomas Haessler,,False
2628,1998,Alemania,Irán,"1ra Ronda, Grupo F",F,76,Alemania,Christian Ziege,,Michael Tarnat,,False
2629,1998,Alemania,Irán,"1ra Ronda, Grupo F",F,70,n,Sirous Din Mohammadi,,Javad Zarincheh,,False
2630,1998,Estados Unidos,RF de Yugoslavia,"1ra Ronda, Grupo F",F,58,Estados Unidos,Preki Radosavljevic,,Joe Max Moore,,False
2631,1998,Estados Unidos,RF de Yugoslavia,"1ra Ronda, Grupo F",F,64,Estados Unidos,Eric Wynalda,,Frankie Hejduk,,False
2632,1998,Estados Unidos,RF de Yugoslavia,"1ra Ronda, Grupo F",F,81,Estados Unidos,Marcelo Balboa,,Thomas Dooley,,False
2633,1998,Estados Unidos,RF de Yugoslavia,"1ra Ronda, Grupo F",F,30,RF de Yugoslavia,Perica Ognjenovic,,Predrag Mijatovic,,False
2634,1998,Estados Unidos,RF de Yugoslavia,"1ra Ronda, Grupo F",F,54,RF de Yugoslavia,Branko Brnovic,,Dejan Stankovic,,False
2635,1998,Estados Unidos,RF de Yugoslavia,"1ra Ronda, Grupo F",F,62,RF de Yugoslavia,Dejan Savicevic,,Dragan Stojkovic,,False
2636,1998,Rumania,Túnez,"1ra Ronda, Grupo G",G,32,Rumania,Gheorghe Popescu,,Christian Dulca,,False
2637,1998,Rumania,Túnez,"1ra Ronda, Grupo G",G,46,Rumania,Adrian Ilie,,Marius Lacatus,,True
2638,1998,Rumania,Túnez,"1ra Ronda, Grupo G",G,68,Rumania,Viorel Moldovan,,Ilie Dumitrescu,,False
2639,1998,Rumania,Túnez,"1ra Ronda, Grupo G",G,60,nez,Riadh Jelassi,,Mehdi Ben Slimane,,False
2640,1998,Rumania,Túnez,"1ra Ronda, Grupo G",G,85,nez,Tarek Thabet,,Kais Ghodhbane,,False
2641,1998,Rumania,Túnez,"1ra Ronda, Grupo G",G,91,nez,Imed Ben Younes,,Skander Souayah,,False
2642,1998,Colombia,Inglaterra,"1ra Ronda, Grupo G",G,46,Colombia,Hamilton Ricard,,Mauricio Serna,,True
2643,1998,Colombia,Inglaterra,"1ra Ronda, Grupo G",G,46,Colombia,Adolfo Valencia,,Leider Preciado,,True
2644,1998,Colombia,Inglaterra,"1ra Ronda, Grupo G",G,46,Colombia,Victor Aristizabal,,Anthony De Avila,,True
2645,1998,Colombia,Inglaterra,"1ra Ronda, Grupo G",G,73,Inglaterra,Steve Mcmanaman,,Paul Scholes,,False
2646,1998,Colombia,Inglaterra,"1ra Ronda, Grupo G",G,79,Inglaterra,Robert Lee,,Darren Anderton,,False
2647,1998,Colombia,Inglaterra,"1ra Ronda, Grupo G",G,83,Inglaterra,David Batty,,Paul Ince,,False
2648,1998,Japón,Jamaica,"1ra Ronda, Grupo H",H,58,n,Wagner Lopes,,Norio Omura,,False
2649,1998,Japón,Jamaica,"1ra Ronda, Grupo H",H,58,n,Takashi Hirano,,Shoji Jo,,False
2650,1998,Japón,Jamaica,"1ra Ronda, Grupo H",H,78,n,Shinji Ono,,Hiroshi Nanami,,False
2651,1998,Japón,Jamaica,"1ra Ronda, Grupo H",H,72,Jamaica,Walter Boyd,,Paul Hall,,False
2652,1998,Japón,Jamaica,"1ra Ronda, Grupo H",H,80,Jamaica,Deon Burton,,Marcus Gayle,,False
2653,1998,Japón,Jamaica,"1ra Ronda, Grupo H",H,89,Jamaica,Robert Earle,,Fitzroy Simpson,,False
2654,1998,Argentina,Croacia,"1ra Ronda, Grupo H",H,52,Argentina,Claudio Lopez,,Ariel Ortega,,False
2655,1998,Argentina,Croacia,"1ra Ronda, Grupo H",H,67,Argentina,Diego Simeone,,Javier Zanetti,,False
2656,1998,Argentina,Croacia,"1ra Ronda, Grupo H",H,80,Argentina,Sergio Berti,,Marcelo Gallardo,,False
2657,1998,Argentina,Croacia,"1ra Ronda, Grupo H",H,46,Croacia,Goran Vlaovic,,Silvio Maric,,True
2658,1998,Argentina,Croacia,"1ra Ronda, Grupo H",H,67,Croacia,Igor Stimac,,Robert Prosinecki,,False
2659,1998,Brasil,Chile,Octavos,,65,Brasil,Denilson,,Bebeto,,False
2660,1998,Brasil,Chile,Octavos,,78,Brasil,Goncalves,,Aldair,,False
2661,1998,Brasil,Chile,Octavos,,46,Chile,Fabian Estay,,Miguel Ramirez,,True
2662,1998,Brasil,Chile,Octavos,,46,Chile,Marcelo Vega,,Jose Sierra,,True
2663,1998,Brasil,Chile,Octavos,,80,Chile,Luis Musrri,,Clarence Acuña,,False
2664,1998,Italia,Noruega,Octavos,,63,Italia,Angelo Di Livio,,Francesco Moriero,,False
2665,1998,Italia,Noruega,Octavos,,72,Italia,Gianluca Pessotto,,Demetrio Albertini,,False
2666,1998,Italia,Noruega,Octavos,,77,Italia,Enrico Chiesa,,Alessandro Del Piero,,False
2667,1998,Italia,Noruega,Octavos,,13,Noruega,Roar Strand,,Oyvind Leonhardsen,,False
2668,1998,Italia,Noruega,Octavos,,39,Noruega,Stale Solbakken,,Roar Strand,,False
2669,1998,Italia,Noruega,Octavos,,73,Noruega,Ole Gunnar Solskjaer,,Havard Flo,,False
2670,1998,Nigeria,Dinamarca,Octavos,,65,Nigeria,Rasheed Yekini,,Nwankwo Kanu,,False
2671,1998,Nigeria,Dinamarca,Octavos,,73,Nigeria,Tijani Babangida,,Garba Lawal,,False
2672,1998,Nigeria,Dinamarca,Octavos,,59,Dinamarca,Ebbe Sand,,Peter Moller,,False
2673,1998,Nigeria,Dinamarca,Octavos,,77,Dinamarca,Morten Wieghorst,,Brian Laudrup,,False
2674,1998,Nigeria,Dinamarca,Octavos,,82,Dinamarca,Per Frandsen,,Michael Laudrup,,False
2675,1998,Francia,Paraguay,Octavos,,65,Francia,Robert Pires,,Thierry Henry,,False
2676,1998,Francia,Paraguay,Octavos,,69,Francia,Alain Boghossian,,Emmanuel Petit,,False
2677,1998,Francia,Paraguay,Octavos,,76,Francia,Stephane Guivarch,,Bernard Diomede,,False
2678,1998,Francia,Paraguay,Octavos,,55,Paraguay,Julio Cesar Yegros,,Jorge Campos,,False
2679,1998,Francia,Paraguay,Octavos,,75,Paraguay,Denis Caniza,,Carlos Paredes,,False
2680,1998,Francia,Paraguay,Octavos,,91,Paraguay,Aristides Rojas,,Jose Cardozo,,False
2681,1998,Alemania,México,Octavos,,37,Alemania,Christian Ziege,,Thomas Helmer,,False
2682,1998,Alemania,México,Octavos,,57,Alemania,Andreas Moeller,,Joerg Heinrich,,False
2683,1998,Alemania,México,Octavos,,73,Alemania,Ulf Kirsten,,Thomas Haessler,,False
2684,1998,Alemania,México,Octavos,,46,xico,Salvador Carmona,,Marcelino Bernal,,True
2685,1998,Alemania,México,Octavos,,53,xico,Jesus Arellano,,Francisco Palencia,,False
2686,1998,Alemania,México,Octavos,,86,xico,Ricardo Pelaez Linares,,Alberto Garcia Aspe,,False
2687,1998,Paises Bajos,RF de Yugoslavia,Octavos,,56,RF de Yugoslavia,Dejan Savicevic,,Dragan Stojkovic,,False
2688,1998,Paises Bajos,RF de Yugoslavia,Octavos,,78,RF de Yugoslavia,Nisa Saveljic,,Sinisa Mihajlovic,,False
2689,1998,Argentina,Inglaterra,Octavos,,68,Argentina,Hernan Crespo,,Gabriel Batistuta,,False
2690,1998,Argentina,Inglaterra,Octavos,,68,Argentina,Marcelo Gallardo,,Claudio Lopez,,False
2691,1998,Argentina,Inglaterra,Octavos,,91,Argentina,Sergio Berti,,Diego Simeone,,False
2692,1998,Argentina,Inglaterra,Octavos,,71,Inglaterra,Gareth Southgate,,Graeme Le Saux,,False
2693,1998,Argentina,Inglaterra,Octavos,,78,Inglaterra,Paul Merson,,Paul Scholes,,False
2694,1998,Argentina,Inglaterra,Octavos,,97,Inglaterra,David Batty,,Darren Anderton,,False
2695,1998,Rumania,Croacia,Octavos,,56,Rumania,Gheorghe Craioveanu,,Gheorghe Hagi,,False
2696,1998,Rumania,Croacia,Octavos,,60,Rumania,Radu Niculescu,,Gabriel Popescu,,False
2697,1998,Rumania,Croacia,Octavos,,75,Rumania,Lucian Marinescu,,Dan Petrescu,,False
2698,1998,Rumania,Croacia,Octavos,,75,Croacia,Petar Krpan,,Goran Vlaovic,,False
2699,1998,Rumania,Croacia,Octavos,,82,Croacia,Igor Tudor,,Mario Stanic,,False
2700,1998,Italia,Francia,Cuartos,,52,Italia,Demetrio Albertini,,Dino Baggio,,False
2701,1998,Italia,Francia,Cuartos,,67,Italia,Roberto Baggio,,Alessandro Del Piero,,False
2702,1998,Italia,Francia,Cuartos,,89,Italia,Angelo Di Livio,,Gianluca Pessotto,,False
2703,1998,Italia,Francia,Cuartos,,65,Francia,Thierry Henry,,Christian Karembeu,,False
2704,1998,Italia,Francia,Cuartos,,65,Francia,David Trezeguet,,Stephane Guivarch,,False
2705,1998,Brasil,Dinamarca,Cuartos,,64,Brasil,Denilson,,Bebeto,,False
2706,1998,Brasil,Dinamarca,Cuartos,,71,Brasil,Emerson,,Leonardo,,False
2707,1998,Brasil,Dinamarca,Cuartos,,87,Brasil,Ze Roberto,,Rivaldo,,False
2708,1998,Brasil,Dinamarca,Cuartos,,46,Dinamarca,Stig Tofting,,Allan Nielsen,,True
2709,1998,Brasil,Dinamarca,Cuartos,,66,Dinamarca,Ebbe Sand,,Peter Moller,,False
2710,1998,Brasil,Dinamarca,Cuartos,,87,Dinamarca,Michael Schjonberg,,Thomas Helveg,,False
2711,1998,Alemania,Croacia,Cuartos,,69,Alemania,Ulf Kirsten,,Thomas Haessler,,False
2712,1998,Alemania,Croacia,Cuartos,,79,Alemania,Olaf Marschall,,Didi Hamann,,False
2713,1998,Alemania,Croacia,Cuartos,,83,Croacia,Silvio Maric,,Goran Vlaovic,,False
2714,1998,Paises Bajos,Argentina,Cuartos,,64,Paises Bajos,Marc Overmars,,Ronald De Boer,,False
2715,1998,Paises Bajos,Argentina,Cuartos,,68,Argentina,Mauricio Pineda,,Matias Almeyda,,False
2716,1998,Paises Bajos,Argentina,Cuartos,,89,Argentina,Abel Balbo,,Jose Chamot,,False
2717,1998,Brasil,Paises Bajos,Semis,,70,Brasil,Denilson,,Bebeto,,False
2718,1998,Brasil,Paises Bajos,Semis,,85,Brasil,Emerson,,Leonardo,,False
2719,1998,Brasil,Paises Bajos,Semis,,56,Paises Bajos,Aron Winter,,Michael Reiziger,,False
2720,1998,Brasil,Paises Bajos,Semis,,75,Paises Bajos,Pierre Van Hooijdonk,,Boudewijn Zenden,,False
2721,1998,Brasil,Paises Bajos,Semis,,111,Paises Bajos,Clarence Seedorf,,Wim Jonk,,False
2722,1998,Francia,Croacia,Semis,,31,Francia,Thierry Henry,,Christian Karembeu,,False
2723,1998,Francia,Croacia,Semis,,68,Francia,David Trezeguet,,Stephane Guivarch,,False
2724,1998,Francia,Croacia,Semis,,77,Francia,Frank Leboeuf,,Youri Djorkaeff,,False
2725,1998,Francia,Croacia,Semis,,63,Croacia,Silvio Maric,,Zvonimir Boban,,False
2726,1998,Francia,Croacia,Semis,,89,Croacia,Robert Prosinecki,,Mario Stanic,,False
2727,1998,Paises Bajos,Croacia,3er Puesto,,46,Paises Bajos,Marc Overmars,,Phillip Cocu,,False
2728,1998,Paises Bajos,Croacia,3er Puesto,,58,Paises Bajos,Pierre Van Hooijdonk,,Dennis Bergkamp,,False
2729,1998,Paises Bajos,Croacia,3er Puesto,,79,Croacia,Goran Vlaovic,,Robert Prosinecki,,False
2730,1998,Paises Bajos,Croacia,3er Puesto,,86,Croacia,Igor Tudor,,Zvonimir Boban,,False
2731,1998,Brasil,Francia,Final,,46,Brasil,Denilson,,Leonardo,,True
2732,1998,Brasil,Francia,Final,,73,Brasil,Edmundo,,Cesar Sampaio,,False
2733,1998,Brasil,Francia,Final,,57,Francia,Alain Boghossian,,Christian Karembeu,,False
2734,1998,Brasil,Francia,Final,,66,Francia,Christophe Dugarry,,Stephane Guivarch,,False
2735,1998,Brasil,Francia,Final,,74,Francia,Patrick Vieira,,Youri Djorkaeff,,False
2736,1994,Alemania,Bolivia,"1ra Ronda, Grupo C",C,60,Alemania,Mario Basler,,Karlheinz Riedle,,False
2737,1994,Alemania,Bolivia,"1ra Ronda, Grupo C",C,83,Alemania,Thomas Strunz,,Thomas Haessler,,False
2738,1994,Alemania,Bolivia,"1ra Ronda, Grupo C",C,66,Bolivia,Jaime Moreno,,Julio Baldivieso,,False
2739,1994,Alemania,Bolivia,"1ra Ronda, Grupo C",C,79,Bolivia,Marco Antonio Etcheverry,,Luis Ramallo,,False
2740,1994,España,Corea del Sur,"1ra Ronda, Grupo C",C,46,a,Jose Luis Caminero,,Julen Guerrero,,True
2741,1994,España,Corea del Sur,"1ra Ronda, Grupo C",C,63,a,Felipe Minambres,,Julio Salinas,,False
2742,1994,España,Corea del Sur,"1ra Ronda, Grupo C",C,59,Corea del Sur,Jung Won Seo,,Joo Sung Kim,,False
2743,1994,España,Corea del Sur,"1ra Ronda, Grupo C",C,73,Corea del Sur,Seok Ju Ha,,Jung Yoon Noh,,False
2744,1994,Estados Unidos,Suiza,"1ra Ronda, Grupo A",A,58,Estados Unidos,Roy Wegerle,,Eric Wynalda,,False
2745,1994,Estados Unidos,Suiza,"1ra Ronda, Grupo A",A,81,Estados Unidos,Cobi Jones,,Earnie Stewart,,False
2746,1994,Estados Unidos,Suiza,"1ra Ronda, Grupo A",A,72,Suiza,Nestor Subiat,,Thomas Bickel,,False
2747,1994,Estados Unidos,Suiza,"1ra Ronda, Grupo A",A,77,Suiza,Thomas Wyss,,Ciriaco Sforza,,False
2748,1994,Italia,Irlanda,"1ra Ronda, Grupo E",E,46,Italia,Daniele Massaro,,Alberigo Evani,,True
2749,1994,Italia,Irlanda,"1ra Ronda, Grupo E",E,84,Italia,Nicola Berti,,Giuseppe Signori,,False
2750,1994,Italia,Irlanda,"1ra Ronda, Grupo E",E,68,Irlanda,Jason Mcateer,,Ray Houghton,,False
2751,1994,Italia,Irlanda,"1ra Ronda, Grupo E",E,90,Irlanda,John Aldridge,,Tommy Coyne,,False
2752,1994,Colombia,Rumania,"1ra Ronda, Grupo A",A,68,Rumania,Tibor Selymes,,Ilie Dumitrescu,,False
2753,1994,Colombia,Rumania,"1ra Ronda, Grupo A",A,90,Rumania,Corneliu Papura,,Florin Raducioiu,,False
2754,1994,Bélgica,Marruecos,"1ra Ronda, Grupo F",F,54,lgica,Marc Emmers,,Luc Nilis,,False
2755,1994,Bélgica,Marruecos,"1ra Ronda, Grupo F",F,85,lgica,Vital Borkelmans,,Danny Boffin,,False
2756,1994,Bélgica,Marruecos,"1ra Ronda, Grupo F",F,69,Marruecos,Ahmed Bahja,,Mustapha El Hadaoui,,False
2757,1994,Bélgica,Marruecos,"1ra Ronda, Grupo F",F,82,Marruecos,Mohamed Samadi,,Mohammed Chaouch,,False
2758,1994,Bélgica,Marruecos,"1ra Ronda, Grupo F",F,89,Marruecos,Zakaria El Achraf,,Khalil Azmi,,False
2759,1994,Noruega,México,"1ra Ronda, Grupo E",E,46,Noruega,Gunnar Halle,,Mini Jakobsen,,True
2760,1994,Noruega,México,"1ra Ronda, Grupo E",E,78,Noruega,Kjetil Rekdal,,Erik Mykland,,False
2761,1994,Noruega,México,"1ra Ronda, Grupo E",E,46,xico,Benjamin Galindo,,Luis Valdez,,True
2762,1994,Noruega,México,"1ra Ronda, Grupo E",E,71,xico,Marcelino Bernal,,Raul Gutierrez,,False
2763,1994,Camerún,Suecia,"1ra Ronda, Grupo B",B,81,n,Georges Mouyeme,,David Embe,,False
2764,1994,Camerún,Suecia,"1ra Ronda, Grupo B",B,87,n,Emmanuel Maboang,,Louis Mfede,,False
2765,1994,Camerún,Suecia,"1ra Ronda, Grupo B",B,61,Suecia,Henrik Larsson,,Jesper Blomqvist,,False
2766,1994,Camerún,Suecia,"1ra Ronda, Grupo B",B,76,Suecia,Kennet Andersson,,Klas Ingesson,,False
2767,1994,Brasil,Rusia,"1ra Ronda, Grupo B",B,75,Brasil,Aldair,,Ricardo Rocha,,False
2768,1994,Brasil,Rusia,"1ra Ronda, Grupo B",B,85,Brasil,Mazinho,,Dunga,,False
2769,1994,Brasil,Rusia,"1ra Ronda, Grupo B",B,55,Rusia,Oleg Salenko,,Sergei Yuran,,False
2770,1994,Brasil,Rusia,"1ra Ronda, Grupo B",B,77,Rusia,Aleksandr Borodyuk,,Dmitri Radchenko,,False
2771,1994,Paises Bajos,Arabia Saudita,"1ra Ronda, Grupo F",F,57,Paises Bajos,Gaston Taument,,Marc Overmars,,False
2772,1994,Paises Bajos,Arabia Saudita,"1ra Ronda, Grupo F",F,81,Paises Bajos,Peter Van Vossen,,Bryan Roy,,False
2773,1994,Paises Bajos,Arabia Saudita,"1ra Ronda, Grupo F",F,45,Arabia Saudita,Hamza Falatah,,Majed Abdullah,,False
2774,1994,Paises Bajos,Arabia Saudita,"1ra Ronda, Grupo F",F,69,Arabia Saudita,Hamza Saleh,,Said Al Owayran,,False
2775,1994,Argentina,Grecia,"1ra Ronda, Grupo D",D,80,Argentina,Alejandro Mancuso,,Abel Balbo,,False
2776,1994,Argentina,Grecia,"1ra Ronda, Grupo D",D,83,Argentina,Ariel Ortega,,Diego Maradona,,False
2777,1994,Argentina,Grecia,"1ra Ronda, Grupo D",D,46,Grecia,Spiros Marangos,,Nikos Tsiantakis,,True
2778,1994,Argentina,Grecia,"1ra Ronda, Grupo D",D,59,Grecia,Tassos Mitropoulos,,Nikos Machlas,,False
2779,1994,Alemania,España,"1ra Ronda, Grupo C",C,62,Alemania,Rudi Voeller,,Andreas Moeller,,False
2780,1994,Alemania,España,"1ra Ronda, Grupo C",C,64,a,Jose Maria Bakero,,Goikoetxea,,False
2781,1994,Alemania,España,"1ra Ronda, Grupo C",C,77,a,Jose Camarasa,,Pep Guardiola,,False
2782,1994,Nigeria,Bulgaria,"1ra Ronda, Grupo D",D,69,Nigeria,Mutiu Adepoju,,Samson Siasia,,False
2783,1994,Nigeria,Bulgaria,"1ra Ronda, Grupo D",D,77,Nigeria,Emeka Ezeugo,,Finidi George,,False
2784,1994,Nigeria,Bulgaria,"1ra Ronda, Grupo D",D,59,Bulgaria,Nasko Sirakov,,Iordan Letchkov,,False
2785,1994,Nigeria,Bulgaria,"1ra Ronda, Grupo D",D,73,Bulgaria,Ivaylo Yordanov,,Daniel Borimirov,,False
2786,1994,Rumania,Suiza,"1ra Ronda, Grupo A",A,70,Rumania,Ion Vladoiu,,Ilie Dumitrescu,,False
2787,1994,Rumania,Suiza,"1ra Ronda, Grupo A",A,85,Rumania,Nica Panduru,,Ioan Lupescu,,False
2788,1994,Rumania,Suiza,"1ra Ronda, Grupo A",A,71,Suiza,Thomas Bickel,,Alain Sutter,,False
2789,1994,Rumania,Suiza,"1ra Ronda, Grupo A",A,83,Suiza,Patrick Sylvestre,,Christophe Ohrel,,False
2790,1994,Estados Unidos,Colombia,"1ra Ronda, Grupo A",A,62,Estados Unidos,Roy Wegerle,,Eric Wynalda,,False
2791,1994,Estados Unidos,Colombia,"1ra Ronda, Grupo A",A,67,Estados Unidos,Cobi Jones,,Earnie Stewart,,False
2792,1994,Estados Unidos,Colombia,"1ra Ronda, Grupo A",A,46,Colombia,Ivan Valenciano,,Faustino Asprilla,,True
2793,1994,Estados Unidos,Colombia,"1ra Ronda, Grupo A",A,46,Colombia,Adolfo Valencia,,Anthony De Avila,,True
2794,1994,Italia,Noruega,"1ra Ronda, Grupo E",E,21,Italia,Luca Marchegiani,,Roberto Baggio,,False
2795,1994,Italia,Noruega,"1ra Ronda, Grupo E",E,49,Italia,Luigi Apolloni,,Franco Baresi,,False
2796,1994,Italia,Noruega,"1ra Ronda, Grupo E",E,68,Italia,Daniele Massaro,,Pierluigi Casiraghi,,False
2797,1994,Italia,Noruega,"1ra Ronda, Grupo E",E,46,Noruega,Mini Jakobsen,,Sigurd Rushfeldt,,True
2798,1994,Italia,Noruega,"1ra Ronda, Grupo E",E,81,Noruega,Kjetil Rekdal,,Erik Mykland,,False
2799,1994,Corea del Sur,Bolivia,"1ra Ronda, Grupo C",C,65,Corea del Sur,Seok Ju Ha,,Jung Won Seo,,False
2800,1994,Corea del Sur,Bolivia,"1ra Ronda, Grupo C",C,71,Corea del Sur,Young Il Choi,,Jung Yoon Noh,,False
2801,1994,Corea del Sur,Bolivia,"1ra Ronda, Grupo C",C,66,Bolivia,Alvaro Pena,,Luis Ramallo,,False
2802,1994,México,Irlanda,"1ra Ronda, Grupo E",E,80,xico,Luis Salvador,,Carlos Hermosillo,,False
2803,1994,México,Irlanda,"1ra Ronda, Grupo E",E,80,xico,Raul Gutierrez,,Jorge Rodriguez,,False
2804,1994,México,Irlanda,"1ra Ronda, Grupo E",E,66,Irlanda,Jason Mcateer,,Steve Staunton,,False
2805,1994,México,Irlanda,"1ra Ronda, Grupo E",E,67,Irlanda,John Aldridge,,Tommy Coyne,,False
2806,1994,Brasil,Camerún,"1ra Ronda, Grupo B",B,75,Brasil,Paulo Sergio,,Zinho,,False
2807,1994,Brasil,Camerún,"1ra Ronda, Grupo B",B,81,Brasil,Muller,,Rai,,False
2808,1994,Brasil,Camerún,"1ra Ronda, Grupo B",B,64,n,Roger Milla,,David Embe,,False
2809,1994,Brasil,Camerún,"1ra Ronda, Grupo B",B,72,n,Emmanuel Maboang,,Louis Mfede,,False
2810,1994,Suecia,Rusia,"1ra Ronda, Grupo B",B,84,Suecia,Henrik Larsson,,Kennet Andersson,,False
2811,1994,Suecia,Rusia,"1ra Ronda, Grupo B",B,89,Suecia,Magnus Erlingmark,,Joachim Bjorklund,,False
2812,1994,Suecia,Rusia,"1ra Ronda, Grupo B",B,40,Rusia,Valeri Karpin,,Dmitri Popov,,False
2813,1994,Suecia,Rusia,"1ra Ronda, Grupo B",B,51,Rusia,Dimitri Galiamin,,Aleksandr Borodyuk,,False
2814,1994,Bélgica,Paises Bajos,"1ra Ronda, Grupo F",F,61,lgica,Rudi Smidts,,Vital Borkelmans,,False
2815,1994,Bélgica,Paises Bajos,"1ra Ronda, Grupo F",F,78,lgica,Dirk Medved,,Marc Emmers,,False
2816,1994,Bélgica,Paises Bajos,"1ra Ronda, Grupo F",F,46,Paises Bajos,Rob Witschge,,Ronald De Boer,,True
2817,1994,Bélgica,Paises Bajos,"1ra Ronda, Grupo F",F,64,Paises Bajos,Marc Overmars,,Gaston Taument,,False
2818,1994,Arabia Saudita,Marruecos,"1ra Ronda, Grupo F",F,29,Arabia Saudita,Abdullah Zubromawi,,Awwad Al Anzi,,False
2819,1994,Arabia Saudita,Marruecos,"1ra Ronda, Grupo F",F,79,Arabia Saudita,Fahad Al Ghesheyan,,Sami Al Jaber,,False
2820,1994,Arabia Saudita,Marruecos,"1ra Ronda, Grupo F",F,57,Marruecos,Abdelslam Laghrissi,,Nacer Abdellah,,False
2821,1994,Arabia Saudita,Marruecos,"1ra Ronda, Grupo F",F,72,Marruecos,Mustafa El Hadji,,Hababi El Arbi,,False
2822,1994,Argentina,Nigeria,"1ra Ronda, Grupo D",D,70,Argentina,Alejandro Mancuso,,Abel Balbo,,False
2823,1994,Argentina,Nigeria,"1ra Ronda, Grupo D",D,86,Argentina,Hernan Diaz,,Roberto Sensini,,False
2824,1994,Argentina,Nigeria,"1ra Ronda, Grupo D",D,56,Nigeria,Mutiu Adepoju,,Samson Siasia,,False
2825,1994,Argentina,Nigeria,"1ra Ronda, Grupo D",D,86,Nigeria,Jay Jay Okocha,,Sunday Oliseh,,False
2826,1994,Bulgaria,Grecia,"1ra Ronda, Grupo D",D,77,Bulgaria,Ilian Kiryakov,,Tsanko Tsvetanov,,False
2827,1994,Bulgaria,Grecia,"1ra Ronda, Grupo D",D,82,Bulgaria,Daniel Borimirov,,Emil Kostadinov,,False
2828,1994,Bulgaria,Grecia,"1ra Ronda, Grupo D",D,48,Grecia,Tassos Mitropoulos,,Minas Hantzidis,,False
2829,1994,Bulgaria,Grecia,"1ra Ronda, Grupo D",D,58,Grecia,Vasilis Dimitriadis,,Alexis Alexoudis,,False
2830,1994,Estados Unidos,Rumania,"1ra Ronda, Grupo A",A,63,Estados Unidos,Cobi Jones,,Tab Ramos,,False
2831,1994,Estados Unidos,Rumania,"1ra Ronda, Grupo A",A,75,Estados Unidos,Roy Wegerle,,Michael Sorber,,False
2832,1994,Estados Unidos,Rumania,"1ra Ronda, Grupo A",A,83,Rumania,Constantin Galca,,Florin Raducioiu,,False
2833,1994,Estados Unidos,Rumania,"1ra Ronda, Grupo A",A,88,Rumania,Gheorghe Mihali,,Miodrag Belodedici,,False
2834,1994,Suiza,Colombia,"1ra Ronda, Grupo A",A,81,Suiza,Nestor Subiat,,Alain Sutter,,False
2835,1994,Suiza,Colombia,"1ra Ronda, Grupo A",A,81,Suiza,Marco Grassi,,Adrian Knup,,False
2836,1994,Suiza,Colombia,"1ra Ronda, Grupo A",A,63,Colombia,Anthony De Avila,,Adolfo Valencia,,False
2837,1994,Suiza,Colombia,"1ra Ronda, Grupo A",A,78,Colombia,John Lozano,,Herman Gaviria,,False
2838,1994,Bolivia,España,"1ra Ronda, Grupo C",C,46,Bolivia,Jaime Moreno,,Mauricio Ramos,,True
2839,1994,Bolivia,España,"1ra Ronda, Grupo C",C,62,Bolivia,Ramiro Castillo,,Vladimir Soria,,False
2840,1994,Bolivia,España,"1ra Ronda, Grupo C",C,46,a,Fernando Hierro,,Felipe Minambres,,True
2841,1994,Bolivia,España,"1ra Ronda, Grupo C",C,68,a,Jose Maria Bakero,,Pep Guardiola,,False
2842,1994,Alemania,Corea del Sur,"1ra Ronda, Grupo C",C,64,Alemania,Andreas Moeller,,Lothar Matthaeus,,False
2843,1994,Alemania,Corea del Sur,"1ra Ronda, Grupo C",C,75,Alemania,Thomas Helmer,,Stefan Effenberg,,False
2844,1994,Alemania,Corea del Sur,"1ra Ronda, Grupo C",C,39,Corea del Sur,Jong Son Chung,,Young Jin Lee,,False
2845,1994,Alemania,Corea del Sur,"1ra Ronda, Grupo C",C,46,Corea del Sur,Woon Jae Lee,,In Young Choi,,True
2846,1994,Alemania,Corea del Sur,"1ra Ronda, Grupo C",C,46,Corea del Sur,Jung Won Seo,,Jin Ho Cho,,True
2847,1994,Irlanda,Noruega,"1ra Ronda, Grupo E",E,64,Irlanda,David Kelly,,John Aldridge,,False
2848,1994,Irlanda,Noruega,"1ra Ronda, Grupo E",E,74,Irlanda,Ronnie Whelan,,Andy Townsend,,False
2849,1994,Irlanda,Noruega,"1ra Ronda, Grupo E",E,34,Noruega,Mini Jakobsen,,Gunnar Halle,,False
2850,1994,Irlanda,Noruega,"1ra Ronda, Grupo E",E,67,Noruega,Lars Bohinen,,Oyvind Leonhardsen,,False
2851,1994,Italia,México,"1ra Ronda, Grupo E",E,46,Italia,Daniele Massaro,,Pierluigi Casiraghi,,True
2852,1994,Italia,México,"1ra Ronda, Grupo E",E,65,Italia,Roberto Donadoni,,Dino Baggio,,False
2853,1994,Italia,México,"1ra Ronda, Grupo E",E,83,xico,Juan Chavez,,Luis Garcia,,False
2854,1994,Rusia,Camerún,"1ra Ronda, Grupo B",B,64,Rusia,Dmitri Radchenko,,Igor Korneev,,False
2855,1994,Rusia,Camerún,"1ra Ronda, Grupo B",B,77,Rusia,Vladimir Beschastnykh,,Igor Lediakhov,,False
2856,1994,Rusia,Camerún,"1ra Ronda, Grupo B",B,46,n,Roger Milla,,Louis Mfede,,True
2857,1994,Rusia,Camerún,"1ra Ronda, Grupo B",B,48,n,Alphonse-Marie Tchami,,David Embe,,False
2858,1994,Brasil,Suecia,"1ra Ronda, Grupo B",B,46,Brasil,Mazinho,,Mauro Silva,,True
2859,1994,Brasil,Suecia,"1ra Ronda, Grupo B",B,83,Brasil,Paulo Sergio,,Rai,,False
2860,1994,Brasil,Suecia,"1ra Ronda, Grupo B",B,64,Suecia,Jesper Blomqvist,,Henrik Larsson,,False
2861,1994,Brasil,Suecia,"1ra Ronda, Grupo B",B,75,Suecia,Hakan Mild,,Stefan Schwarz,,False
2862,1994,Marruecos,Paises Bajos,"1ra Ronda, Grupo F",F,46,Marruecos,Mustafa El Hadji,,Abdelmajid Bouyboud,,True
2863,1994,Marruecos,Paises Bajos,"1ra Ronda, Grupo F",F,61,Marruecos,Rachid Daoudi,,Rachid Azzouzi,,False
2864,1994,Marruecos,Paises Bajos,"1ra Ronda, Grupo F",F,56,Paises Bajos,Gaston Taument,,Marc Overmars,,False
2865,1994,Marruecos,Paises Bajos,"1ra Ronda, Grupo F",F,67,Paises Bajos,Bryan Roy,,Peter Van Vossen,,False
2866,1994,Bélgica,Arabia Saudita,"1ra Ronda, Grupo F",F,23,lgica,Luc Nilis,,Marc De Grijse,,False
2867,1994,Bélgica,Arabia Saudita,"1ra Ronda, Grupo F",F,53,lgica,Josip Weber,,Marc Wilmots,,False
2868,1994,Bélgica,Arabia Saudita,"1ra Ronda, Grupo F",F,46,Arabia Saudita,Khaled Al Muwallid,,Majed Abdullah,,True
2869,1994,Bélgica,Arabia Saudita,"1ra Ronda, Grupo F",F,63,Arabia Saudita,Abdullah Al Dosari,,Said Al Owayran,,False
2870,1994,Grecia,Nigeria,"1ra Ronda, Grupo D",D,71,Grecia,Nikos Tsiantakis,,Tassos Mitropoulos,,False
2871,1994,Grecia,Nigeria,"1ra Ronda, Grupo D",D,78,Grecia,Vasilis Dimitriadis,,Nikos Machlas,,False
2872,1994,Grecia,Nigeria,"1ra Ronda, Grupo D",D,68,Nigeria,Jay Jay Okocha,,Rasheed Yekini,,False
2873,1994,Grecia,Nigeria,"1ra Ronda, Grupo D",D,83,Nigeria,Mutiu Adepoju,,Finidi George,,False
2874,1994,Argentina,Bulgaria,"1ra Ronda, Grupo D",D,26,Argentina,Ariel Ortega,,Claudio Caniggia,,False
2875,1994,Argentina,Bulgaria,"1ra Ronda, Grupo D",D,67,Argentina,Ramon Medina Bello,,Leonardo Rodriguez,,False
2876,1994,Argentina,Bulgaria,"1ra Ronda, Grupo D",D,74,Bulgaria,Ilian Kiryakov,,Emil Kostadinov,,False
2877,1994,Argentina,Bulgaria,"1ra Ronda, Grupo D",D,77,Bulgaria,Daniel Borimirov,,Iordan Letchkov,,False
2878,1994,Alemania,Bélgica,Octavos,,46,Alemania,Andreas Brehme,,Lothar Matthaeus,,True
2879,1994,Alemania,Bélgica,Octavos,,85,Alemania,Stefan Kuntz,,Juergen Klinsmann,,False
2880,1994,Alemania,Bélgica,Octavos,,65,lgica,Danny Boffin,,Rudi Smidts,,False
2881,1994,Alemania,Bélgica,Octavos,,76,lgica,Alex Czerniatynski,,Luc Nilis,,False
2882,1994,España,Suiza,Octavos,,61,a,Txiki Beguiristain,,Goikoetxea,,False
2883,1994,España,Suiza,Octavos,,76,a,Jorge Otero,,Fernando Hierro,,False
2884,1994,España,Suiza,Octavos,,58,Suiza,Juerg Studer,,Yvan Quentin,,False
2885,1994,España,Suiza,Octavos,,73,Suiza,Nestor Subiat,,Christophe Ohrel,,False
2886,1994,Arabia Saudita,Suecia,Octavos,,54,Arabia Saudita,Fahad Al Ghesheyan,,Mohamed Abdeljawad,,False
2887,1994,Arabia Saudita,Suecia,Octavos,,63,Arabia Saudita,Khaled Al Muwallid,,Fahad Al Bishi,,False
2888,1994,Arabia Saudita,Suecia,Octavos,,54,Suecia,Pontus Kamark,,Joachim Bjorklund,,False
2889,1994,Arabia Saudita,Suecia,Octavos,,70,Suecia,Hakan Mild,,Jonas Thern,,False
2890,1994,Rumania,Argentina,Octavos,,85,Rumania,Constantin Galca,,Gheorghe Hagi,,False
2891,1994,Rumania,Argentina,Octavos,,88,Rumania,Corneliu Papura,,Ilie Dumitrescu,,False
2892,1994,Rumania,Argentina,Octavos,,62,Argentina,Ramon Medina Bello,,Roberto Sensini,,False
2893,1994,Paises Bajos,Irlanda,Octavos,,70,Paises Bajos,Bryan Roy,,Peter Van Vossen,,False
2894,1994,Paises Bajos,Irlanda,Octavos,,79,Paises Bajos,Arthur Numan,,Rob Witschge,,False
2895,1994,Paises Bajos,Irlanda,Octavos,,63,Irlanda,Jason Mcateer,,Steve Staunton,,False
2896,1994,Paises Bajos,Irlanda,Octavos,,73,Irlanda,Tony Cascarino,,Tommy Coyne,,False
2897,1994,Brasil,Estados Unidos,Octavos,,68,Brasil,Cafu,,Zinho,,False
2898,1994,Brasil,Estados Unidos,Octavos,,46,Estados Unidos,Eric Wynalda,,Tab Ramos,,True
2899,1994,Brasil,Estados Unidos,Octavos,,66,Estados Unidos,Roy Wegerle,,Hugo Perez,,False
2900,1994,Nigeria,Italia,Octavos,,35,Nigeria,Mutiu Adepoju,,Daniel Amokachi,,False
2901,1994,Nigeria,Italia,Octavos,,57,Nigeria,Thompson Oliha,,Emmanuel Amunike,,False
2902,1994,Nigeria,Italia,Octavos,,46,Italia,Dino Baggio,,Nicola Berti,,True
2903,1994,Nigeria,Italia,Octavos,,63,Italia,Gianfranco Zola,,Giuseppe Signori,,False
2904,1994,México,Bulgaria,Octavos,,104,Bulgaria,Boncho Genchev,,Nasko Sirakov,,False
2905,1994,México,Bulgaria,Octavos,,119,Bulgaria,Petar Mikhtarski,,Emil Kostadinov,,False
2906,1994,Italia,España,Cuartos,,46,Italia,Giuseppe Signori,,Demetrio Albertini,,True
2907,1994,Italia,España,Cuartos,,66,Italia,Nicola Berti,,Antonio Conte,,False
2908,1994,Italia,España,Cuartos,,60,a,Julio Salinas,,Sergi,,False
2909,1994,Italia,España,Cuartos,,64,a,Fernando Hierro,,Jose Maria Bakero,,False
2910,1994,Paises Bajos,Brasil,Cuartos,,54,Paises Bajos,Bryan Roy,,Peter Van Vossen,,False
2911,1994,Paises Bajos,Brasil,Cuartos,,64,Paises Bajos,Ronald De Boer,,Frank Rijkaard,,False
2912,1994,Paises Bajos,Brasil,Cuartos,,80,Brasil,Rai,,Mazinho,,False
2913,1994,Paises Bajos,Brasil,Cuartos,,90,Brasil,Cafu,,Branco,,False
2914,1994,Bulgaria,Alemania,Cuartos,,84,Bulgaria,Ivaylo Yordanov,,Hristo Stoichkov,,False
2915,1994,Bulgaria,Alemania,Cuartos,,90,Bulgaria,Boncho Genchev,,Emil Kostadinov,,False
2916,1994,Bulgaria,Alemania,Cuartos,,58,Alemania,Thomas Strunz,,Martin Wagner,,False
2917,1994,Bulgaria,Alemania,Cuartos,,82,Alemania,Andreas Brehme,,Thomas Haessler,,False
2918,1994,Rumania,Suecia,Cuartos,,84,Rumania,Nica Panduru,,Dorinel Munteanu,,False
2919,1994,Rumania,Suecia,Cuartos,,84,Suecia,Pontus Kamark,,Joachim Bjorklund,,False
2920,1994,Rumania,Suecia,Cuartos,,107,Suecia,Henrik Larsson,,Martin Dahlin,,False
2921,1994,Bulgaria,Italia,Semis,,71,Bulgaria,Ivaylo Yordanov,,Emil Kostadinov,,False
2922,1994,Bulgaria,Italia,Semis,,78,Bulgaria,Boncho Genchev,,Hristo Stoichkov,,False
2923,1994,Bulgaria,Italia,Semis,,55,Italia,Antonio Conte,,Dino Baggio,,False
2924,1994,Bulgaria,Italia,Semis,,71,Italia,Giuseppe Signori,,Roberto Baggio,,False
2925,1994,Suecia,Brasil,Semis,,67,Suecia,Stefan Rehn,,Martin Dahlin,,False
2926,1994,Suecia,Brasil,Semis,,46,Brasil,Rai,,Mazinho,,True
2927,1994,Suecia,Bulgaria,3er Puesto,,79,Suecia,Anders Limpar,,Henrik Larsson,,False
2928,1994,Suecia,Bulgaria,3er Puesto,,42,Bulgaria,Emil Kremenliev,,Trifon Ivanov,,False
2929,1994,Suecia,Bulgaria,3er Puesto,,46,Bulgaria,Plamen Nikolov,,Borislav Mikhailov,,True
2930,1994,Suecia,Bulgaria,3er Puesto,,46,Bulgaria,Ivaylo Yordanov,,Nasko Sirakov,,True
2931,1994,Brasil,Italia,Final,,21,Brasil,Cafu,,Jorginho,,False
2932,1994,Brasil,Italia,Final,,106,Brasil,Viola,,Zinho,,False
2933,1994,Brasil,Italia,Final,,34,Italia,Luigi Apolloni,,Roberto Mussi,,False
2934,1994,Brasil,Italia,Final,,95,Italia,Alberigo Evani,,Dino Baggio,,False
2935,1990,Argentina,Camerún,"1ra Ronda, Grupo B",B,46,Argentina,Claudio Caniggia,,Oscar Ruggeri,,True
2936,1990,Argentina,Camerún,"1ra Ronda, Grupo B",B,69,Argentina,Gabriel Calderon,,Roberto Sensini,,False
2937,1990,Argentina,Camerún,"1ra Ronda, Grupo B",B,66,n,Thomas Libiih,,Louis Mfede,,False
2938,1990,Argentina,Camerún,"1ra Ronda, Grupo B",B,81,n,Roger Milla,,Cyrille Makanaky,,False
2939,1990,URSS,Rumania,"1ra Ronda, Grupo B",B,66,URSS,Ivan Yaremchuk,,Gennadi Litovchenko,,False
2940,1990,URSS,Rumania,"1ra Ronda, Grupo B",B,71,URSS,Aleksandr Borodyuk,,Igor Dobrovolskyi,,False
2941,1990,URSS,Rumania,"1ra Ronda, Grupo B",B,80,Rumania,Gavril Balint,,Florin Raducioiu,,False
2942,1990,URSS,Rumania,"1ra Ronda, Grupo B",B,87,Rumania,Ilie Dumitrescu,,Marius Lacatus,,False
2943,1990,Italia,Austria,"1ra Ronda, Grupo A",A,46,Italia,Luigi De Agostini,,Carlo Ancelotti,,True
2944,1990,Italia,Austria,"1ra Ronda, Grupo A",A,75,Italia,Salvatore Schillaci,,Andrea Carnevale,,False
2945,1990,Italia,Austria,"1ra Ronda, Grupo A",A,61,Austria,Manfred Zsak,,Peter Artner,,False
2946,1990,Italia,Austria,"1ra Ronda, Grupo A",A,77,Austria,Alfred Hortnagl,,Manfred Linzmaier,,False
2947,1990,Emiratos Arabes,Colombia,"1ra Ronda, Grupo D",D,57,Emiratos Arabes,Zuhair Bakheet,,Fahad Khamees,,False
2948,1990,Emiratos Arabes,Colombia,"1ra Ronda, Grupo D",D,74,Emiratos Arabes,Abdullah Sultan,,Eissa Meer,,False
2949,1990,Emiratos Arabes,Colombia,"1ra Ronda, Grupo D",D,75,Colombia,Carlos Estrada,,Arnoldo Iguaran,,False
2950,1990,Estados Unidos,Checoslovaquia,"1ra Ronda, Grupo A",A,64,Estados Unidos,Marcelo Balboa,,John Stollmeyer,,False
2951,1990,Estados Unidos,Checoslovaquia,"1ra Ronda, Grupo A",A,77,Estados Unidos,Christopher Sullivan,,Bruce Murray,,False
2952,1990,Estados Unidos,Checoslovaquia,"1ra Ronda, Grupo A",A,76,Checoslovaquia,Milan Luhovy,,Ivo Knoflicek,,False
2953,1990,Estados Unidos,Checoslovaquia,"1ra Ronda, Grupo A",A,83,Checoslovaquia,Vladimir Weiss,,Lubomir Moravcik,,False
2954,1990,Brasil,Suecia,"1ra Ronda, Grupo C",C,82,Brasil,Silas,,Valdo,,False
2955,1990,Brasil,Suecia,"1ra Ronda, Grupo C",C,46,Suecia,Stefan Petterson,,Mats Magnusson,,True
2956,1990,Brasil,Suecia,"1ra Ronda, Grupo C",C,70,Suecia,Glenn Stromberg,,Roger Ljung,,False
2957,1990,Alemania Occidental,Yugoslavia,"1ra Ronda, Grupo D",D,75,Alemania Occidental,Pierre Littbarski,,Uwe Bein,,False
2958,1990,Alemania Occidental,Yugoslavia,"1ra Ronda, Grupo D",D,75,Alemania Occidental,Andreas Moeller,,Thomas Haessler,,False
2959,1990,Alemania Occidental,Yugoslavia,"1ra Ronda, Grupo D",D,55,Yugoslavia,Dragoljub Brnovic,,Dejan Savicevic,,False
2960,1990,Alemania Occidental,Yugoslavia,"1ra Ronda, Grupo D",D,55,Yugoslavia,Robert Prosinecki,,Safet Susic,,False
2961,1990,Costa Rica,Escocia,"1ra Ronda, Grupo C",C,86,Costa Rica,Hernan Medford,,Claudio Jara,,False
2962,1990,Costa Rica,Escocia,"1ra Ronda, Grupo C",C,46,Escocia,Stewart Mckimmie,,Richard Gough,,True
2963,1990,Costa Rica,Escocia,"1ra Ronda, Grupo C",C,73,Escocia,Alistair Mccoist,,Jim Bett,,False
2964,1990,Inglaterra,Irlanda,"1ra Ronda, Grupo F",F,69,Inglaterra,Steve Mcmahon,,Peter Beardsley,,False
2965,1990,Inglaterra,Irlanda,"1ra Ronda, Grupo F",F,83,Inglaterra,Steve Bull,,Gary Lineker,,False
2966,1990,Inglaterra,Irlanda,"1ra Ronda, Grupo F",F,64,Irlanda,Alan Mcloughlin,,John Aldridge,,False
2967,1990,Bélgica,Corea del Sur,"1ra Ronda, Grupo E",E,46,lgica,Jan Ceulemans,,Marc Van Der Linden,,True
2968,1990,Bélgica,Corea del Sur,"1ra Ronda, Grupo E",E,46,Corea del Sur,Min Kook Cho,,Young Jin Lee,,True
2969,1990,Bélgica,Corea del Sur,"1ra Ronda, Grupo E",E,62,Corea del Sur,Tae Ho Lee,,Soo Jin Noh,,False
2970,1990,Paises Bajos,Egipto,"1ra Ronda, Grupo F",F,46,Paises Bajos,Wim Kieft,,Gerald Vanenburg,,True
2971,1990,Paises Bajos,Egipto,"1ra Ronda, Grupo F",F,70,Paises Bajos,Richard Witschge,,Erwin Koeman,,False
2972,1990,Paises Bajos,Egipto,"1ra Ronda, Grupo F",F,70,Egipto,Magdy Tolba,,Gamal Abdelhamid,,False
2973,1990,Paises Bajos,Egipto,"1ra Ronda, Grupo F",F,70,Egipto,Adel Abdelrahman,,Ahmed Ramzy,,False
2974,1990,Uruguay,España,"1ra Ronda, Grupo E",E,65,Uruguay,Carlos Correa,,Antonio Alzamendi,,False
2975,1990,Uruguay,España,"1ra Ronda, Grupo E",E,65,Uruguay,Carlos Aguilera,,Ruben Pereira,,False
2976,1990,Uruguay,España,"1ra Ronda, Grupo E",E,79,a,Rafa Paz,,Francisco Villaroya,,False
2977,1990,Uruguay,España,"1ra Ronda, Grupo E",E,79,a,Alberto Gorriz,,Manolo,,False
2978,1990,Argentina,URSS,"1ra Ronda, Grupo B",B,11,Argentina,Sergio Goycochea,,Nery Pumpido,,False
2979,1990,Argentina,URSS,"1ra Ronda, Grupo B",B,78,Argentina,Nestor Lorenzo,,Pedro Monzon,,False
2980,1990,Argentina,URSS,"1ra Ronda, Grupo B",B,75,URSS,Gennadi Litovchenko,,Oleg Protasov,,False
2981,1990,Argentina,URSS,"1ra Ronda, Grupo B",B,80,URSS,Vladimir Liutyi,,Aleksandr Zavarov,,False
2982,1990,Yugoslavia,Colombia,"1ra Ronda, Grupo D",D,46,Yugoslavia,Robert Jarni,,Srecko Katanec,,True
2983,1990,Yugoslavia,Colombia,"1ra Ronda, Grupo D",D,53,Yugoslavia,Darko Pancev,,Zlatko Vujovic,,False
2984,1990,Yugoslavia,Colombia,"1ra Ronda, Grupo D",D,68,Colombia,Ruben Hernandez,,Freddy Rincon,,False
2985,1990,Yugoslavia,Colombia,"1ra Ronda, Grupo D",D,78,Colombia,Carlos Estrada,,Bernardo Redin,,False
2986,1990,Italia,Estados Unidos,"1ra Ronda, Grupo A",A,51,Italia,Salvatore Schillaci,,Andrea Carnevale,,False
2987,1990,Italia,Estados Unidos,"1ra Ronda, Grupo A",A,80,Estados Unidos,John Stollmeyer,,Jimmy Banks,,False
2988,1990,Italia,Estados Unidos,"1ra Ronda, Grupo A",A,82,Estados Unidos,Christopher Sullivan,,Bruce Murray,,False
2989,1990,Camerún,Rumania,"1ra Ronda, Grupo B",B,59,n,Roger Milla,,Emmanuel Maboang,,False
2990,1990,Camerún,Rumania,"1ra Ronda, Grupo B",B,69,n,Jean Claude Pagal,,Emmanuel Kunde,,False
2991,1990,Camerún,Rumania,"1ra Ronda, Grupo B",B,56,Rumania,Ilie Dumitrescu,,Gheorghe Hagi,,False
2992,1990,Camerún,Rumania,"1ra Ronda, Grupo B",B,63,Rumania,Gavril Balint,,Florin Raducioiu,,False
2993,1990,Austria,Checoslovaquia,"1ra Ronda, Grupo A",A,46,Austria,Andeas Ogris,,Peter Schoettel,,True
2994,1990,Austria,Checoslovaquia,"1ra Ronda, Grupo A",A,46,Austria,Michael Streiter,,Kurt Russ,,True
2995,1990,Austria,Checoslovaquia,"1ra Ronda, Grupo A",A,31,Checoslovaquia,Julius Bielik,,Jozef Chovanec,,False
2996,1990,Austria,Checoslovaquia,"1ra Ronda, Grupo A",A,82,Checoslovaquia,Vladimir Weiss,,Ivo Knoflicek,,False
2997,1990,Alemania Occidental,Emiratos Arabes,"1ra Ronda, Grupo D",D,46,Alemania Occidental,Pierre Littbarski,,Thomas Berthold,,True
2998,1990,Alemania Occidental,Emiratos Arabes,"1ra Ronda, Grupo D",D,72,Alemania Occidental,Karlheinz Riedle,,Juergen Klinsmann,,False
2999,1990,Alemania Occidental,Emiratos Arabes,"1ra Ronda, Grupo D",D,82,Emiratos Arabes,Hassan Mohamed,,Khalid Ismail,,False
3000,1990,Alemania Occidental,Emiratos Arabes,"1ra Ronda, Grupo D",D,86,Emiratos Arabes,Abdulrahman Al Haddad,,Ibrahim Meer,,False
3001,1990,Brasil,Costa Rica,"1ra Ronda, Grupo C",C,83,Brasil,Bebeto,,Careca,,False
3002,1990,Brasil,Costa Rica,"1ra Ronda, Grupo C",C,86,Brasil,Silas,,Valdo,,False
3003,1990,Brasil,Costa Rica,"1ra Ronda, Grupo C",C,71,Costa Rica,Roy Myers,,Claudio Jara,,False
3004,1990,Brasil,Costa Rica,"1ra Ronda, Grupo C",C,78,Costa Rica,Alexandre Guimaraes,,Juan Cayasso,,False
3005,1990,Suecia,Escocia,"1ra Ronda, Grupo C",C,62,Suecia,Johnny Ekstrom,,Stefan Petterson,,False
3006,1990,Suecia,Escocia,"1ra Ronda, Grupo C",C,75,Suecia,Glenn Stromberg,,Peter Larsson,,False
3007,1990,Suecia,Escocia,"1ra Ronda, Grupo C",C,75,Escocia,Paul Mcstay,,Gordon Durie,,False
3008,1990,Suecia,Escocia,"1ra Ronda, Grupo C",C,84,Escocia,Alistair Mccoist,,Robert Fleck,,False
3009,1990,Inglaterra,Paises Bajos,"1ra Ronda, Grupo F",F,59,Inglaterra,Steve Bull,,Chris Waddle,,False
3010,1990,Inglaterra,Paises Bajos,"1ra Ronda, Grupo F",F,64,Inglaterra,David Platt,,Bryan Robson,,False
3011,1990,Inglaterra,Paises Bajos,"1ra Ronda, Grupo F",F,74,Paises Bajos,Wim Kieft,,Johnny Van 'T Schip,,False
3012,1990,Irlanda,Egipto,"1ra Ronda, Grupo F",F,64,Irlanda,Alan Mcloughlin,,John Aldridge,,False
3013,1990,Irlanda,Egipto,"1ra Ronda, Grupo F",F,84,Irlanda,Niall Quinn,,Tony Cascarino,,False
3014,1990,Irlanda,Egipto,"1ra Ronda, Grupo F",F,60,Egipto,Taher Abou Zeid,,Magdy Tolba,,False
3015,1990,Irlanda,Egipto,"1ra Ronda, Grupo F",F,76,Egipto,Gamal Abdelhamid,,Ahmed El Kass,,False
3016,1990,Bélgica,Uruguay,"1ra Ronda, Grupo E",E,46,lgica,Marc Emmers,,Leo Clijsters,,True
3017,1990,Bélgica,Uruguay,"1ra Ronda, Grupo E",E,73,lgica,Patrick Vervoort,,Bruno Versavel,,False
3018,1990,Bélgica,Uruguay,"1ra Ronda, Grupo E",E,46,Uruguay,Carlos Aguilera,,Antonio Alzamendi,,True
3019,1990,Bélgica,Uruguay,"1ra Ronda, Grupo E",E,56,Uruguay,Pablo Bengoechea,,Santiago Ostolaza,,False
3020,1990,Corea del Sur,España,"1ra Ronda, Grupo E",E,52,Corea del Sur,Soo Jin Noh,,Hae Won Chung,,False
3021,1990,Corea del Sur,España,"1ra Ronda, Grupo E",E,68,Corea del Sur,Jong Soo Chung,,Kyung Hoon Park,,False
3022,1990,Corea del Sur,España,"1ra Ronda, Grupo E",E,76,a,Fernando,,Emilio Butragueño,,False
3023,1990,Corea del Sur,España,"1ra Ronda, Grupo E",E,81,a,Jose Maria Bakero,,Roberto,,False
3024,1990,Argentina,Rumania,"1ra Ronda, Grupo B",B,53,Argentina,Ricardo Giusti,,Pedro Troglio,,False
3025,1990,Argentina,Rumania,"1ra Ronda, Grupo B",B,60,Argentina,Gustavo Dezotti,,Jorge Burruchaga,,False
3026,1990,Argentina,Rumania,"1ra Ronda, Grupo B",B,72,Rumania,Danut Lupu,,Gavril Balint,,False
3027,1990,Argentina,Rumania,"1ra Ronda, Grupo B",B,82,Rumania,Dorin Mateut,,Ioan Sabau,,False
3028,1990,Camerún,URSS,"1ra Ronda, Grupo B",B,34,n,Roger Milla,,Emmanuel Kunde,,False
3029,1990,Camerún,URSS,"1ra Ronda, Grupo B",B,56,n,Jean Claude Pagal,,Cyrille Makanaky,,False
3030,1990,Camerún,URSS,"1ra Ronda, Grupo B",B,46,URSS,Aleksandr Zavarov,,Igor Shalimov,,True
3031,1990,Camerún,URSS,"1ra Ronda, Grupo B",B,72,URSS,Ivan Yaremchuk,,Gennadi Litovchenko,,False
3032,1990,Alemania Occidental,Colombia,"1ra Ronda, Grupo D",D,46,Alemania Occidental,Pierre Littbarski,,Uwe Bein,,True
3033,1990,Alemania Occidental,Colombia,"1ra Ronda, Grupo D",D,87,Alemania Occidental,Olaf Thon,,Thomas Haessler,,False
3034,1990,Yugoslavia,Emiratos Arabes,"1ra Ronda, Grupo D",D,64,Yugoslavia,Zoran Vulic,,Zlatko Vujovic,,False
3035,1990,Yugoslavia,Emiratos Arabes,"1ra Ronda, Grupo D",D,78,Yugoslavia,Robert Prosinecki,,Refik Sabanadzovic,,False
3036,1990,Yugoslavia,Emiratos Arabes,"1ra Ronda, Grupo D",D,35,Emiratos Arabes,Abdullah Sultan,,Nasir Khamees,,False
3037,1990,Yugoslavia,Emiratos Arabes,"1ra Ronda, Grupo D",D,46,Emiratos Arabes,Fahad Khamees,,Ali Thani Jumaa,,True
3038,1990,Italia,Checoslovaquia,"1ra Ronda, Grupo A",A,51,Italia,Luigi De Agostini,,Roberto Donadoni,,False
3039,1990,Italia,Checoslovaquia,"1ra Ronda, Grupo A",A,65,Italia,Pietro Vierchowod,,Fernando De Napoli,,False
3040,1990,Italia,Checoslovaquia,"1ra Ronda, Grupo A",A,46,Checoslovaquia,Julius Bielik,,Vaclav Nemecek,,True
3041,1990,Italia,Checoslovaquia,"1ra Ronda, Grupo A",A,58,Checoslovaquia,Stanislav Griga,,Vladimir Weiss,,False
3042,1990,Austria,Estados Unidos,"1ra Ronda, Grupo A",A,46,Austria,Andreas Reisinger,,Toni Polster,,True
3043,1990,Austria,Estados Unidos,"1ra Ronda, Grupo A",A,84,Austria,Gerald Glatzmayer,,Gerhard Rodax,,False
3044,1990,Austria,Estados Unidos,"1ra Ronda, Grupo A",A,55,Estados Unidos,Eric Wynalda,,Jimmy Banks,,False
3045,1990,Austria,Estados Unidos,"1ra Ronda, Grupo A",A,70,Estados Unidos,Brian Bliss,,Paul Caligiuri,,False
3046,1990,Brasil,Escocia,"1ra Ronda, Grupo C",C,65,Brasil,Muller,,Romario,,False
3047,1990,Brasil,Escocia,"1ra Ronda, Grupo C",C,39,Escocia,Gary Gillespie,,Murdo Mcleod,,False
3048,1990,Brasil,Escocia,"1ra Ronda, Grupo C",C,79,Escocia,Robert Fleck,,Alistair Mccoist,,False
3049,1990,Suecia,Costa Rica,"1ra Ronda, Grupo C",C,34,Suecia,Mats Gren,,Tomas Brolin,,False
3050,1990,Suecia,Costa Rica,"1ra Ronda, Grupo C",C,81,Suecia,Leif Engqvist,,Glenn Stromberg,,False
3051,1990,Suecia,Costa Rica,"1ra Ronda, Grupo C",C,60,Costa Rica,Hernan Medford,,Roger Gomez,,False
3052,1990,Suecia,Costa Rica,"1ra Ronda, Grupo C",C,73,Costa Rica,Alexandre Guimaraes,,German Chavarria,,False
3053,1990,Bélgica,España,"1ra Ronda, Grupo E",E,31,lgica,Pascal Plovie,,Marc Emmers,,False
3054,1990,Bélgica,España,"1ra Ronda, Grupo E",E,78,lgica,Marc Van Der Linden,,Lorenzo Staelens,,False
3055,1990,Bélgica,España,"1ra Ronda, Grupo E",E,82,a,Rafael Alkorta,,Emilio Butragueño,,False
3056,1990,Bélgica,España,"1ra Ronda, Grupo E",E,88,a,Miguel Pardeza,,Julio Salinas,,False
3057,1990,Corea del Sur,Uruguay,"1ra Ronda, Grupo E",E,43,Corea del Sur,Sun Hong Hwang,,Byung Joo Byun,,False
3058,1990,Corea del Sur,Uruguay,"1ra Ronda, Grupo E",E,79,Corea del Sur,Hae Won Chung,,Bo Kwan Hwang,,False
3059,1990,Corea del Sur,Uruguay,"1ra Ronda, Grupo E",E,46,Uruguay,Carlos Aguilera,,Santiago Ostolaza,,True
3060,1990,Corea del Sur,Uruguay,"1ra Ronda, Grupo E",E,62,Uruguay,Daniel Fonseca,,Ruben Sosa,,False
3061,1990,Inglaterra,Egipto,"1ra Ronda, Grupo F",F,84,Inglaterra,Peter Beardsley,,Steve Bull,,False
3062,1990,Inglaterra,Egipto,"1ra Ronda, Grupo F",F,87,Inglaterra,David Platt,,Chris Waddle,,False
3063,1990,Inglaterra,Egipto,"1ra Ronda, Grupo F",F,77,Egipto,Adel Abdelrahman,,Ahmed El Kass,,False
3064,1990,Inglaterra,Egipto,"1ra Ronda, Grupo F",F,77,Egipto,Tarek Soliman,,Gamal Abdelhamid,,False
3065,1990,Irlanda,Paises Bajos,"1ra Ronda, Grupo F",F,62,Irlanda,Ronnie Whelan,,John Aldridge,,False
3066,1990,Irlanda,Paises Bajos,"1ra Ronda, Grupo F",F,62,Irlanda,Tony Cascarino,,Kevin Sheedy,,False
3067,1990,Irlanda,Paises Bajos,"1ra Ronda, Grupo F",F,58,Paises Bajos,Henk Fraeser,,Richard Witschge,,False
3068,1990,Irlanda,Paises Bajos,"1ra Ronda, Grupo F",F,78,Paises Bajos,John Van Loen,,Wim Kieft,,False
3069,1990,Camerún,Colombia,Octavos,,54,n,Roger Milla,,Louis Mfede,,False
3070,1990,Camerún,Colombia,Octavos,,69,n,Boneventure Djonkep,,Cyrille Makanaky,,False
3071,1990,Camerún,Colombia,Octavos,,63,Colombia,Arnoldo Iguaran,,Luis Fajardo,,False
3072,1990,Camerún,Colombia,Octavos,,79,Colombia,Bernardo Redin,,Gabriel Gomez,,False
3073,1990,Checoslovaquia,Costa Rica,Octavos,,45,Costa Rica,Hernan Medford,,Marvin Obando,,True
3074,1990,Checoslovaquia,Costa Rica,Octavos,,65,Costa Rica,Alexandre Guimaraes,,German Chavarria,,False
3075,1990,Brasil,Argentina,Octavos,,83,Brasil,Silas,,Ricardo Gomes,,False
3076,1990,Brasil,Argentina,Octavos,,83,Brasil,Renato Gaucho,,Mauro Galvao,,False
3077,1990,Brasil,Argentina,Octavos,,61,Argentina,Gabriel Calderon,,Pedro Troglio,,False
3078,1990,Alemania Occidental,Paises Bajos,Octavos,,77,Alemania Occidental,Karlheinz Riedle,,Juergen Klinsmann,,False
3079,1990,Alemania Occidental,Paises Bajos,Octavos,,66,Paises Bajos,Wim Kieft,,Berry Van Aerle,,False
3080,1990,Alemania Occidental,Paises Bajos,Octavos,,78,Paises Bajos,Hans Gillhaus,,Richard Witschge,,False
3081,1990,Irlanda,Rumania,Octavos,,22,Irlanda,Tony Cascarino,,John Aldridge,,False
3082,1990,Irlanda,Rumania,Octavos,,94,Irlanda,David O'Leary,,Steve Staunton,,False
3083,1990,Irlanda,Rumania,Octavos,,75,Rumania,Danut Lupu,,Florin Raducioiu,,False
3084,1990,Irlanda,Rumania,Octavos,,98,Rumania,Daniel Timofte,,Ioan Sabau,,False
3085,1990,Italia,Uruguay,Octavos,,52,Italia,Aldo Serena,,Nicola Berti,,False
3086,1990,Italia,Uruguay,Octavos,,79,Italia,Pietro Vierchowod,,Roberto Baggio,,False
3087,1990,Italia,Uruguay,Octavos,,55,Uruguay,Ruben Sosa,,Carlos Aguilera,,False
3088,1990,Italia,Uruguay,Octavos,,79,Uruguay,Antonio Alzamendi,,Santiago Ostolaza,,False
3089,1990,España,Yugoslavia,Octavos,,49,a,Manuel Jimenez,,Andrinua,,False
3090,1990,España,Yugoslavia,Octavos,,79,a,Rafa Paz,,Emilio Butragueño,,False
3091,1990,España,Yugoslavia,Octavos,,55,Yugoslavia,Dejan Savicevic,,Darko Pancev,,False
3092,1990,España,Yugoslavia,Octavos,,79,Yugoslavia,Zoran Vulic,,Srecko Katanec,,False
3093,1990,Inglaterra,Bélgica,Octavos,,71,Inglaterra,David Platt,,Steve Mcmahon,,False
3094,1990,Inglaterra,Bélgica,Octavos,,74,Inglaterra,Steve Bull,,John Barnes,,False
3095,1990,Inglaterra,Bélgica,Octavos,,64,lgica,Nico Claesen,,Marc De Grijse,,False
3096,1990,Inglaterra,Bélgica,Octavos,,107,lgica,Patrick Vervoort,,Bruno Versavel,,False
3097,1990,Argentina,Yugoslavia,Cuartos,,51,Argentina,Pedro Troglio,,Julio Olarticoechea,,False
3098,1990,Argentina,Yugoslavia,Cuartos,,87,Argentina,Gustavo Dezotti,,Gabriel Calderon,,False
3099,1990,Argentina,Yugoslavia,Cuartos,,61,Yugoslavia,Dejan Savicevic,,Safet Susic,,False
3100,1990,Italia,Irlanda,Cuartos,,62,Italia,Carlo Ancelotti,,Giuseppe Giannini,,False
3101,1990,Italia,Irlanda,Cuartos,,70,Italia,Aldo Serena,,Roberto Baggio,,False
3102,1990,Italia,Irlanda,Cuartos,,53,Irlanda,Tony Cascarino,,Niall Quinn,,False
3103,1990,Italia,Irlanda,Cuartos,,78,Irlanda,John Sheridan,,John Aldridge,,False
3104,1990,Alemania Occidental,Checoslovaquia,Cuartos,,82,Alemania Occidental,Andreas Moeller,,Uwe Bein,,False
3105,1990,Alemania Occidental,Checoslovaquia,Cuartos,,67,Checoslovaquia,Vaclav Nemecek,,Michal Bilek,,False
3106,1990,Alemania Occidental,Checoslovaquia,Cuartos,,80,Checoslovaquia,Stanislav Griga,,Lubos Kubik,,False
3107,1990,Camerún,Inglaterra,Cuartos,,46,n,Roger Milla,,Emmanuel Maboang,,False
3108,1990,Camerún,Inglaterra,Cuartos,,62,n,Eugene Ekeke,,Louis Mfede,,False
3109,1990,Camerún,Inglaterra,Cuartos,,46,Inglaterra,Peter Beardsley,,John Barnes,,True
3110,1990,Camerún,Inglaterra,Cuartos,,74,Inglaterra,Trevor Steven,,Terry Butcher,,False
3111,1990,Italia,Argentina,Semis,,70,Italia,Aldo Serena,,Gianluca Vialli,,False
3112,1990,Italia,Argentina,Semis,,73,Italia,Roberto Baggio,,Giuseppe Giannini,,False
3113,1990,Italia,Argentina,Semis,,46,Argentina,Pedro Troglio,,Gabriel Calderon,,True
3114,1990,Italia,Argentina,Semis,,99,Argentina,Sergio Batista,,Jose Basualdo,,False
3115,1990,Inglaterra,Alemania Occidental,Semis,,70,Inglaterra,Trevor Steven,,Terry Butcher,,False
3116,1990,Inglaterra,Alemania Occidental,Semis,,38,Alemania Occidental,Karlheinz Riedle,,Rudi Voeller,,False
3117,1990,Inglaterra,Alemania Occidental,Semis,,67,Alemania Occidental,Stefan Reuter,,Thomas Haessler,,False
3118,1990,Italia,Inglaterra,3er Puesto,,67,Italia,Nicola Berti,,Luigi De Agostini,,False
3119,1990,Italia,Inglaterra,3er Puesto,,90,Italia,Riccardo Ferri,,Giuseppe Giannini,,False
3120,1990,Italia,Inglaterra,3er Puesto,,72,Inglaterra,Neil Webb,,Mark Wright,,False
3121,1990,Italia,Inglaterra,3er Puesto,,72,Inglaterra,Chris Waddle,,Steve Mcmahon,,False
3122,1990,Argentina,Alemania Occidental,Final,,46,Argentina,Pedro Monzon,,Oscar Ruggeri,,True
3123,1990,Argentina,Alemania Occidental,Final,,53,Argentina,Gabriel Calderon,,Jorge Burruchaga,,False
3124,1990,Argentina,Alemania Occidental,Final,,73,Alemania Occidental,Stefan Reuter,,Thomas Berthold,,False
3125,1986,Bulgaria,Italia,"1ra Ronda, Grupo A",A,65,Bulgaria,Kostadin Kostadinov,,Bozhidar Iskrenov,,False
3126,1986,Bulgaria,Italia,"1ra Ronda, Grupo A",A,74,Bulgaria,Andrei Zhelyazkov,,Zhivko Gospodinov,,False
3127,1986,Bulgaria,Italia,"1ra Ronda, Grupo A",A,65,Italia,Gianluca Vialli,,Bruno Conti,,False
3128,1986,España,Brasil,"1ra Ronda, Grupo D",D,82,a,Juan Antonio Senor,,Francisco,,False
3129,1986,España,Brasil,"1ra Ronda, Grupo D",D,66,Brasil,Muller,,Casagrande,,False
3130,1986,España,Brasil,"1ra Ronda, Grupo D",D,79,Brasil,Falcao,,Junior,,False
3131,1986,Canadá,Francia,"1ra Ronda, Grupo C",C,70,Francia,Yannick Stopyra,,Dominique Rocheteau,,False
3132,1986,Argentina,Corea del Sur,"1ra Ronda, Grupo A",A,74,Argentina,Carlos Tapia,,Pedro Pasculli,,False
3133,1986,Argentina,Corea del Sur,"1ra Ronda, Grupo A",A,75,Argentina,Julio Olarticoechea,,Sergio Batista,,False
3134,1986,Argentina,Corea del Sur,"1ra Ronda, Grupo A",A,23,Corea del Sur,Kwang Rae Cho,,Pyung Seok Kim,,False
3135,1986,Argentina,Corea del Sur,"1ra Ronda, Grupo A",A,46,Corea del Sur,Byung Joo Byun,,Young Se Kim,,True
3136,1986,URSS,Hungría,"1ra Ronda, Grupo C",C,69,URSS,Sergei Rodionov,,Igor Belanov,,False
3137,1986,URSS,Hungría,"1ra Ronda, Grupo C",C,72,URSS,Vadim Yevtushenko,,Pavel Yakovenko,,False
3138,1986,URSS,Hungría,"1ra Ronda, Grupo C",C,13,a,Gyozo Burcsa,,Antal Roth,,False
3139,1986,URSS,Hungría,"1ra Ronda, Grupo C",C,62,a,Laszlo Dajka,,Zoltan Peter,,False
3140,1986,Marruecos,Polonia,"1ra Ronda, Grupo F",F,87,Marruecos,Abdel Aziz Soulaymani,,Mustapha El Hadaoui,,False
3141,1986,Marruecos,Polonia,"1ra Ronda, Grupo F",F,88,Marruecos,Abdelrazzak Khairi,,Mohamed Timoumi,,False
3142,1986,Marruecos,Polonia,"1ra Ronda, Grupo F",F,45,Polonia,Kazimierz Przybys,,Dariusz Kubicki,,True
3143,1986,Marruecos,Polonia,"1ra Ronda, Grupo F",F,56,Polonia,Jan Urban,,Dariusz Dziekanowski,,False
3144,1986,Bélgica,México,"1ra Ronda, Grupo B",B,60,lgica,Nico Claesen,,Philippe Desmet,,False
3145,1986,Bélgica,México,"1ra Ronda, Grupo B",B,66,lgica,Stephane Demol,,Erwin Vandenbergh,,False
3146,1986,Bélgica,México,"1ra Ronda, Grupo B",B,69,xico,Miguel Espana,,Tomas Boy,,False
3147,1986,Bélgica,México,"1ra Ronda, Grupo B",B,79,xico,Francisco Cruz,,Luis Flores,,False
3148,1986,Portugal,Inglaterra,"1ra Ronda, Grupo F",F,73,Portugal,Futre,,Gomes,,False
3149,1986,Portugal,Inglaterra,"1ra Ronda, Grupo F",F,82,Portugal,Jose Antonio,,Diamantino,,False
3150,1986,Portugal,Inglaterra,"1ra Ronda, Grupo F",F,80,Inglaterra,Steve Hodge,,Bryan Robson,,False
3151,1986,Portugal,Inglaterra,"1ra Ronda, Grupo F",F,80,Inglaterra,Peter Beardsley,,Chris Waddle,,False
3152,1986,Argelia,Irlanda del Norte,"1ra Ronda, Grupo D",D,33,Argelia,Rachid Harkouk,,Rabah Madjer,,False
3153,1986,Argelia,Irlanda del Norte,"1ra Ronda, Grupo D",D,71,Argelia,Lakhdar Belloumi,,Djamel Zidane,,False
3154,1986,Argelia,Irlanda del Norte,"1ra Ronda, Grupo D",D,67,Irlanda del Norte,Ian Stewart,,Steven Penney,,False
3155,1986,Argelia,Irlanda del Norte,"1ra Ronda, Grupo D",D,81,Irlanda del Norte,Colin Clarke,,Norman Whiteside,,False
3156,1986,Escocia,Dinamarca,"1ra Ronda, Grupo E",E,61,Escocia,Frank Mcavennie,,Paul Sturrock,,False
3157,1986,Escocia,Dinamarca,"1ra Ronda, Grupo E",E,74,Escocia,Eamonn Bannon,,Gordon Strachan,,False
3158,1986,Escocia,Dinamarca,"1ra Ronda, Grupo E",E,74,Dinamarca,John Sivebaek,,Frank Arnesen,,False
3159,1986,Escocia,Dinamarca,"1ra Ronda, Grupo E",E,80,Dinamarca,Jan Molby,,Jesper Olsen,,False
3160,1986,Uruguay,Alemania Occidental,"1ra Ronda, Grupo E",E,56,Uruguay,Mario Saralegui,,Jorge Barrios,,False
3161,1986,Uruguay,Alemania Occidental,"1ra Ronda, Grupo E",E,80,Uruguay,Venancio Ramos,,Antonio Alzamendi,,False
3162,1986,Uruguay,Alemania Occidental,"1ra Ronda, Grupo E",E,46,Alemania Occidental,Pierre Littbarski,,Andreas Brehme,,True
3163,1986,Uruguay,Alemania Occidental,"1ra Ronda, Grupo E",E,70,Alemania Occidental,Karl-Heinz Rummenigge,,Lothar Matthaeus,,False
3164,1986,Paraguay,Iraq,"1ra Ronda, Grupo B",B,88,Paraguay,Jorge Guasch,,Alfredo Mendoza,,False
3165,1986,Paraguay,Iraq,"1ra Ronda, Grupo B",B,67,Iraq,Abdul-Rahim,,Mohamed Haris,,False
3166,1986,Paraguay,Iraq,"1ra Ronda, Grupo B",B,81,Iraq,Qassim Bassim,,Bassel Gorgis,,False
3167,1986,Francia,URSS,"1ra Ronda, Grupo C",C,76,Francia,Bruno Bellone,,Jean-Pierre Papin,,False
3168,1986,Francia,URSS,"1ra Ronda, Grupo C",C,83,Francia,Philippe Vercruysse,,Alain Giresse,,False
3169,1986,Francia,URSS,"1ra Ronda, Grupo C",C,58,URSS,Oleg Blokhin,,Aleksandr Zavarov,,False
3170,1986,Francia,URSS,"1ra Ronda, Grupo C",C,68,URSS,Sergei Rodionov,,Pavel Yakovenko,,False
3171,1986,Corea del Sur,Bulgaria,"1ra Ronda, Grupo A",A,46,Corea del Sur,Jong Boo Kim,,Soo Jin Noh,,True
3172,1986,Corea del Sur,Bulgaria,"1ra Ronda, Grupo A",A,72,Corea del Sur,Min Kook Cho,,Kwang Rae Cho,,False
3173,1986,Corea del Sur,Bulgaria,"1ra Ronda, Grupo A",A,46,Bulgaria,Kostadin Kostadinov,,Bozhidar Iskrenov,,True
3174,1986,Corea del Sur,Bulgaria,"1ra Ronda, Grupo A",A,58,Bulgaria,Andrei Zhelyazkov,,Plamen Getov,,False
3175,1986,Italia,Argentina,"1ra Ronda, Grupo A",A,65,Italia,Gianluca Vialli,,Bruno Conti,,False
3176,1986,Italia,Argentina,"1ra Ronda, Grupo A",A,87,Italia,Giuseppe Baresi,,Fernando De Napoli,,False
3177,1986,Italia,Argentina,"1ra Ronda, Grupo A",A,59,Argentina,Julio Olarticoechea,,Sergio Batista,,False
3178,1986,Italia,Argentina,"1ra Ronda, Grupo A",A,74,Argentina,Hector Enrique,,Claudio Borghi,,False
3179,1986,Hungría,Canadá,"1ra Ronda, Grupo C",C,28,a,Antal Roth,,Gyozo Burcsa,,False
3180,1986,Hungría,Canadá,"1ra Ronda, Grupo C",C,62,a,Laszlo Dajka,,Antal Nagy,,False
3181,1986,Hungría,Canadá,"1ra Ronda, Grupo C",C,41,a,Mike Sweeney,,Bruce Wilson,,False
3182,1986,Hungría,Canadá,"1ra Ronda, Grupo C",C,53,a,Branko Segota,,Paul James,,False
3183,1986,Brasil,Argelia,"1ra Ronda, Grupo D",D,10,Brasil,Falcao,,Edson,,False
3184,1986,Brasil,Argelia,"1ra Ronda, Grupo D",D,59,Brasil,Muller,,Casagrande,,False
3185,1986,Brasil,Argelia,"1ra Ronda, Grupo D",D,68,Argelia,Tedj Bensaoula,,Salah Assad,,False
3186,1986,Brasil,Argelia,"1ra Ronda, Grupo D",D,80,Argelia,Djamel Zidane,,Lakhdar Belloumi,,False
3187,1986,Inglaterra,Marruecos,"1ra Ronda, Grupo F",F,41,Inglaterra,Steve Hodge,,Bryan Robson,,False
3188,1986,Inglaterra,Marruecos,"1ra Ronda, Grupo F",F,76,Inglaterra,Gary A. Stevens,,Mark Hateley,,False
3189,1986,Inglaterra,Marruecos,"1ra Ronda, Grupo F",F,73,Marruecos,Lahcen Oudani,,Abdelmajid Lamriss,,False
3190,1986,Inglaterra,Marruecos,"1ra Ronda, Grupo F",F,87,Marruecos,Abdel Aziz Soulaymani,,Mustafa Merry,,False
3191,1986,México,Paraguay,"1ra Ronda, Grupo B",B,58,xico,Miguel Espana,,Tomas Boy,,False
3192,1986,México,Paraguay,"1ra Ronda, Grupo B",B,77,xico,Francisco Cruz,,Luis Flores,,False
3193,1986,México,Paraguay,"1ra Ronda, Grupo B",B,62,Paraguay,Jorge Guasch,,Alfredo Mendoza,,False
3194,1986,México,Paraguay,"1ra Ronda, Grupo B",B,80,Paraguay,Ramon Hicks,,Juan Torales,,False
3195,1986,Polonia,Portugal,"1ra Ronda, Grupo F",F,57,Polonia,Jan Karas,,Ryszard Komornicki,,False
3196,1986,Polonia,Portugal,"1ra Ronda, Grupo F",F,74,Polonia,Andrzej Zgutczynski,,Wlodimierz Smolarek,,False
3197,1986,Polonia,Portugal,"1ra Ronda, Grupo F",F,46,Portugal,Futre,,Gomes,,True
3198,1986,Polonia,Portugal,"1ra Ronda, Grupo F",F,72,Portugal,Jaime Magalhaes,,Andre,,False
3199,1986,Irlanda del Norte,España,"1ra Ronda, Grupo D",D,54,Irlanda del Norte,Ian Stewart,,Steven Penney,,False
3200,1986,Irlanda del Norte,España,"1ra Ronda, Grupo D",D,70,Irlanda del Norte,Billy Hamilton,,Nigel Worthington,,False
3201,1986,Irlanda del Norte,España,"1ra Ronda, Grupo D",D,54,a,Ramon Maria Caldere,,Rafael Gordillo,,False
3202,1986,Irlanda del Norte,España,"1ra Ronda, Grupo D",D,78,a,Juan Antonio Senor,,Julio Salinas,,False
3203,1986,Iraq,Bélgica,"1ra Ronda, Grupo B",B,81,Iraq,Abdul-Rahim,,Saddam Karim,,False
3204,1986,Iraq,Bélgica,"1ra Ronda, Grupo B",B,67,lgica,Leo Clijsters,,Enzo Scifo,,False
3205,1986,Iraq,Bélgica,"1ra Ronda, Grupo B",B,69,lgica,Georges Grun,,Stephane Demol,,False
3206,1986,Alemania Occidental,Escocia,"1ra Ronda, Grupo E",E,63,Alemania Occidental,Ditmar Jakobs,,Hans-Peter Briegel,,False
3207,1986,Alemania Occidental,Escocia,"1ra Ronda, Grupo E",E,76,Alemania Occidental,Karl-Heinz Rummenigge,,Pierre Littbarski,,False
3208,1986,Alemania Occidental,Escocia,"1ra Ronda, Grupo E",E,60,Escocia,Frank Mcavennie,,Stephen Nicol,,False
3209,1986,Alemania Occidental,Escocia,"1ra Ronda, Grupo E",E,74,Escocia,David Cooper,,Eamonn Bannon,,False
3210,1986,Dinamarca,Uruguay,"1ra Ronda, Grupo E",E,57,Dinamarca,Jan Molby,,Jens Bertelsen,,False
3211,1986,Dinamarca,Uruguay,"1ra Ronda, Grupo E",E,81,Dinamarca,Jesper Olsen,,Michael Laudrup,,False
3212,1986,Dinamarca,Uruguay,"1ra Ronda, Grupo E",E,57,Uruguay,Venancio Ramos,,Antonio Alzamendi,,False
3213,1986,Dinamarca,Uruguay,"1ra Ronda, Grupo E",E,57,Uruguay,Jose Salazar,,Sergio Santin,,False
3214,1986,URSS,Canadá,"1ra Ronda, Grupo C",C,57,URSS,Igor Belanov,,Oleg Protasov,,False
3215,1986,URSS,Canadá,"1ra Ronda, Grupo C",C,62,URSS,Aleksandr Zavarov,,Oleg Blokhin,,False
3216,1986,URSS,Canadá,"1ra Ronda, Grupo C",C,64,URSS,Branko Segota,,Paul James,,False
3217,1986,URSS,Canadá,"1ra Ronda, Grupo C",C,69,URSS,George Pakos,,Gerry Gray,,False
3218,1986,Hungría,Francia,"1ra Ronda, Grupo C",C,46,a,Antal Nagy,,Peter Hannich,,True
3219,1986,Hungría,Francia,"1ra Ronda, Grupo C",C,65,a,Gyorgy Bognar,,Kalman Kovacs,,False
3220,1986,Hungría,Francia,"1ra Ronda, Grupo C",C,61,Francia,Dominique Rocheteau,,Jean-Pierre Papin,,False
3221,1986,Hungría,Francia,"1ra Ronda, Grupo C",C,71,Francia,Jean-Marc Ferreri,,Yannick Stopyra,,False
3222,1986,Corea del Sur,Italia,"1ra Ronda, Grupo A",A,46,Corea del Sur,Jong Soo Chung,,Joo Sung Kim,,True
3223,1986,Corea del Sur,Italia,"1ra Ronda, Grupo A",A,70,Corea del Sur,Jong Boo Kim,,Byung Joo Byun,,False
3224,1986,Corea del Sur,Italia,"1ra Ronda, Grupo A",A,67,Italia,Giuseppe Baresi,,Salvatore Bagni,,False
3225,1986,Corea del Sur,Italia,"1ra Ronda, Grupo A",A,88,Italia,Gianluca Vialli,,Giuseppe Galderisi,,False
3226,1986,Argentina,Bulgaria,"1ra Ronda, Grupo A",A,46,Argentina,Julio Olarticoechea,,Sergio Batista,,True
3227,1986,Argentina,Bulgaria,"1ra Ronda, Grupo A",A,46,Argentina,Hector Enrique,,Claudio Borghi,,True
3228,1986,Argentina,Bulgaria,"1ra Ronda, Grupo A",A,52,Bulgaria,Boycho Velichkov,,Stoicho Mladenov,,False
3229,1986,Argentina,Bulgaria,"1ra Ronda, Grupo A",A,71,Bulgaria,Radoslav Zdravkov,,Nasko Sirakov,,False
3230,1986,Paraguay,Bélgica,"1ra Ronda, Grupo B",B,68,Paraguay,Ramon Hicks,,Alfredo Mendoza,,False
3231,1986,Paraguay,Bélgica,"1ra Ronda, Grupo B",B,89,lgica,Franky Van Der Elst,,Georges Grun,,False
3232,1986,Inglaterra,Polonia,"1ra Ronda, Grupo F",F,75,Inglaterra,Chris Waddle,,Peter Beardsley,,False
3233,1986,Inglaterra,Polonia,"1ra Ronda, Grupo F",F,86,Inglaterra,Kerry Dixon,,Gary Lineker,,False
3234,1986,Inglaterra,Polonia,"1ra Ronda, Grupo F",F,22,Polonia,Jan Karas,,Ryszard Komornicki,,False
3235,1986,Inglaterra,Polonia,"1ra Ronda, Grupo F",F,46,Polonia,Andrzej Buncol,,Waldemar Matysik,,True
3236,1986,Portugal,Marruecos,"1ra Ronda, Grupo F",F,55,Portugal,Rui Aguas,,Alvaro,,False
3237,1986,Portugal,Marruecos,"1ra Ronda, Grupo F",F,69,Portugal,Diamantino,,Antonio Sousa,,False
3238,1986,Portugal,Marruecos,"1ra Ronda, Grupo F",F,71,Marruecos,Abdel Aziz Soulaymani,,Mustapha El Hadaoui,,False
3239,1986,Iraq,México,"1ra Ronda, Grupo B",B,60,Iraq,Abdul-Rahim,,Hashem Natik,,False
3240,1986,Iraq,México,"1ra Ronda, Grupo B",B,70,Iraq,Mahmoud Shaker,,Obid Annad,,False
3241,1986,Iraq,México,"1ra Ronda, Grupo B",B,62,xico,Alejandro Dominguez,,Rafael Amador,,False
3242,1986,Iraq,México,"1ra Ronda, Grupo B",B,79,xico,Francisco Cruz,,Carlos De Los Cobos,,False
3243,1986,Irlanda del Norte,Brasil,"1ra Ronda, Grupo D",D,21,Irlanda del Norte,Gerry Armstrong,,David Campbell,,False
3244,1986,Irlanda del Norte,Brasil,"1ra Ronda, Grupo D",D,67,Irlanda del Norte,Billy Hamilton,,Norman Whiteside,,False
3245,1986,Irlanda del Norte,Brasil,"1ra Ronda, Grupo D",D,27,Brasil,Casagrande,,Muller,,False
3246,1986,Irlanda del Norte,Brasil,"1ra Ronda, Grupo D",D,68,Brasil,Zico,,Socrates,,False
3247,1986,Argelia,España,"1ra Ronda, Grupo D",D,20,Argelia,Larbi El Hadi,,Nasser Drid,,False
3248,1986,Argelia,España,"1ra Ronda, Grupo D",D,58,Argelia,Djamel Menad,,Djamel Zidane,,False
3249,1986,Argelia,España,"1ra Ronda, Grupo D",D,46,a,Eloy,,Emilio Butragueño,,True
3250,1986,Argelia,España,"1ra Ronda, Grupo D",D,63,a,Juan Antonio Senor,,Michel,,False
3251,1986,Dinamarca,Alemania Occidental,"1ra Ronda, Grupo E",E,46,Dinamarca,John Eriksen,,Preben Elkjaer Larsen,,True
3252,1986,Dinamarca,Alemania Occidental,"1ra Ronda, Grupo E",E,71,Dinamarca,Allan Simonsen,,Jesper Olsen,,False
3253,1986,Dinamarca,Alemania Occidental,"1ra Ronda, Grupo E",E,46,Alemania Occidental,Pierre Littbarski,,Wolfgang Rolff,,True
3254,1986,Dinamarca,Alemania Occidental,"1ra Ronda, Grupo E",E,71,Alemania Occidental,Karl-Heinz Rummenigge,,Karl-Heinz Foerster,,False
3255,1986,Escocia,Uruguay,"1ra Ronda, Grupo E",E,70,Escocia,Charlie Nicholas,,Stephen Nicol,,False
3256,1986,Escocia,Uruguay,"1ra Ronda, Grupo E",E,70,Escocia,David Cooper,,Paul Sturrock,,False
3257,1986,Escocia,Uruguay,"1ra Ronda, Grupo E",E,70,Uruguay,Mario Saralegui,,Venancio Ramos,,False
3258,1986,Escocia,Uruguay,"1ra Ronda, Grupo E",E,84,Uruguay,Antonio Alzamendi,,Enzo Francescoli,,False
3259,1986,URSS,Bélgica,Octavos,,72,URSS,Sergei Rodionov,,Aleksandr Zavarov,,False
3260,1986,URSS,Bélgica,Octavos,,79,URSS,Vadim Yevtushenko,,Pavel Yakovenko,,False
3261,1986,URSS,Bélgica,Octavos,,99,lgica,Leo Clijsters,,Georges Grun,,False
3262,1986,URSS,Bélgica,Octavos,,112,lgica,Leo Van Der Elst,,Eric Gerets,,False
3263,1986,México,Bulgaria,Octavos,,79,xico,Carlos De Los Cobos,,Tomas Boy,,False
3264,1986,México,Bulgaria,Octavos,,59,Bulgaria,Nasko Sirakov,,Plamen Getov,,False
3265,1986,México,Bulgaria,Octavos,,70,Bulgaria,Bozhidar Iskrenov,,Atanas Pashev,,False
3266,1986,Brasil,Polonia,Octavos,,69,Brasil,Zico,,Socrates,,False
3267,1986,Brasil,Polonia,Octavos,,73,Brasil,Silas,,Muller,,False
3268,1986,Brasil,Polonia,Octavos,,59,Polonia,Jan Furtok,,Kazimierz Przybys,,False
3269,1986,Brasil,Polonia,Octavos,,83,Polonia,Wladyslaw Zmuda,,Jan Urban,,False
3270,1986,Argentina,Uruguay,Octavos,,85,Argentina,Julio Olarticoechea,,Sergio Batista,,False
3271,1986,Argentina,Uruguay,Octavos,,46,Uruguay,Jorge Da Silva,,Wilmar Cabrera,,True
3272,1986,Argentina,Uruguay,Octavos,,61,Uruguay,Ruben Paz,,Eduardo Acevedo,,False
3273,1986,Marruecos,Alemania Occidental,Octavos,,73,Alemania Occidental,Pierre Littbarski,,Rudi Voeller,,False
3274,1986,Italia,Francia,Octavos,,46,Italia,Antonio Di Gennaro,,Giuseppe Baresi,,True
3275,1986,Italia,Francia,Octavos,,58,Italia,Gianluca Vialli,,Giuseppe Galderisi,,False
3276,1986,Italia,Francia,Octavos,,73,Francia,Thierry Tusseau,,Luis Fernandez,,False
3277,1986,Italia,Francia,Octavos,,85,Francia,Jean-Marc Ferreri,,Michel Platini,,False
3278,1986,Dinamarca,España,Octavos,,60,Dinamarca,John Eriksen,,Henrik Andersen,,False
3279,1986,Dinamarca,España,Octavos,,71,Dinamarca,Jan Molby,,Jesper Olsen,,False
3280,1986,Dinamarca,España,Octavos,,46,a,Eloy,,Julio Salinas,,True
3281,1986,Dinamarca,España,Octavos,,83,a,Francisco,,Michel,,False
3282,1986,Inglaterra,Paraguay,Octavos,,58,Inglaterra,Gary A. Stevens,,Peter Reid,,False
3283,1986,Inglaterra,Paraguay,Octavos,,80,Inglaterra,Mark Hateley,,Peter Beardsley,,False
3284,1986,Inglaterra,Paraguay,Octavos,,64,Paraguay,Jorge Guasch,,Juan Torales,,False
3285,1986,México,Alemania Occidental,Cuartos,,32,xico,Carlos De Los Cobos,,Tomas Boy,,False
3286,1986,México,Alemania Occidental,Cuartos,,70,xico,Francisco Cruz,,Rafael Amador,,False
3287,1986,México,Alemania Occidental,Cuartos,,58,Alemania Occidental,Dieter Hoeness,,Karl-Heinz Rummenigge,,False
3288,1986,México,Alemania Occidental,Cuartos,,115,Alemania Occidental,Pierre Littbarski,,Norbert Eder,,False
3289,1986,Brasil,Francia,Cuartos,,71,Brasil,Zico,,Muller,,False
3290,1986,Brasil,Francia,Cuartos,,91,Brasil,Silas,,Junior,,False
3291,1986,Brasil,Francia,Cuartos,,84,Francia,Jean-Marc Ferreri,,Alain Giresse,,False
3292,1986,Brasil,Francia,Cuartos,,99,Francia,Bruno Bellone,,Dominique Rocheteau,,False
3293,1986,Bélgica,España,Cuartos,,82,lgica,Hugo Broos,,Daniel Veyt,,False
3294,1986,Bélgica,España,Cuartos,,105,lgica,Leo Van Der Elst,,Frank Vercauteren,,False
3295,1986,Bélgica,España,Cuartos,,46,a,Juan Antonio Senor,,Tomas,,True
3296,1986,Bélgica,España,Cuartos,,63,a,Eloy,,Julio Salinas,,False
3297,1986,Argentina,Inglaterra,Cuartos,,75,Argentina,Carlos Tapia,,Jorge Burruchaga,,False
3298,1986,Argentina,Inglaterra,Cuartos,,69,Inglaterra,Chris Waddle,,Peter Reid,,False
3299,1986,Argentina,Inglaterra,Cuartos,,74,Inglaterra,John Barnes,,Trevor Steven,,False
3300,1986,Argentina,Bélgica,Semis,,85,Argentina,Ricardo Bochini,,Jorge Burruchaga,,False
3301,1986,Argentina,Bélgica,Semis,,54,lgica,Philippe Desmet,,Michel Renquin,,False
3302,1986,Alemania Occidental,Francia,Semis,,57,Alemania Occidental,Rudi Voeller,,Karl-Heinz Rummenigge,,False
3303,1986,Alemania Occidental,Francia,Semis,,66,Francia,Daniel Xuereb,,Bruno Bellone,,False
3304,1986,Alemania Occidental,Francia,Semis,,72,Francia,Philippe Vercruysse,,Alain Giresse,,False
3305,1986,Bélgica,Francia,3er Puesto,,46,lgica,Franky Van Der Elst,,Michel Renquin,,True
3306,1986,Bélgica,Francia,3er Puesto,,64,lgica,Leo Van Der Elst,,Enzo Scifo,,False
3307,1986,Bélgica,Francia,3er Puesto,,55,Francia,Maxime Bossis,,Yvon Le Roux,,False
3308,1986,Bélgica,Francia,3er Puesto,,83,Francia,Thierry Tusseau,,Jean Tigana,,False
3309,1986,Argentina,Alemania Occidental,Final,,90,Argentina,Marcelo Trobbiani,,Jorge Burruchaga,,False
3310,1986,Argentina,Alemania Occidental,Final,,46,Alemania Occidental,Rudi Voeller,,Klaus Allofs,,True
3311,1986,Argentina,Alemania Occidental,Final,,62,Alemania Occidental,Dieter Hoeness,,Felix Magath,,False
3312,1982,Argentina,Bélgica,"1ra Ronda, Grupo C",C,63,Argentina,Jorge Valdano,,Ramon Diaz,,False
3313,1982,Brasil,URSS,"1ra Ronda, Grupo F",F,46,Brasil,Paulo Isidoro,,Dirceu,,True
3314,1982,Brasil,URSS,"1ra Ronda, Grupo F",F,74,URSS,Yuri Susloparov,,Yuri Gavrilov,,False
3315,1982,Brasil,URSS,"1ra Ronda, Grupo F",F,88,URSS,Sergei Andreyev,,Ramaz Shengelia,,False
3316,1982,Italia,Polonia,"1ra Ronda, Grupo A",A,72,Polonia,Marek Kusto,,Andrzej Iwan,,False
3317,1982,Perú,Camerún,"1ra Ronda, Grupo A",A,73,n,Paul Bahoken,,Jacques Nguea,,False
3318,1982,Perú,Camerún,"1ra Ronda, Grupo A",A,89,n,Jean-Pierre Tokoto,,Roger Milla,,False
3319,1982,Escocia,Nueva Zelanda,"1ra Ronda, Grupo F",F,53,Escocia,Steve Archibald,,Alan Brazil,,False
3320,1982,Escocia,Nueva Zelanda,"1ra Ronda, Grupo F",F,83,Escocia,David Narey,,Gordon Strachan,,False
3321,1982,Escocia,Nueva Zelanda,"1ra Ronda, Grupo F",F,66,Nueva Zelanda,Ricki Herbert,,Robert Almond,,False
3322,1982,Escocia,Nueva Zelanda,"1ra Ronda, Grupo F",F,77,Nueva Zelanda,Duncan Cole,,Sam Malcolmson,,False
3323,1982,Hungría,El Salvador,"1ra Ronda, Grupo C",C,56,a,Laszlo Kiss,,Andras Torocsik,,False
3324,1982,Hungría,El Salvador,"1ra Ronda, Grupo C",C,68,a,Lazar Szentes,,Sandor Muller,,False
3325,1982,Hungría,El Salvador,"1ra Ronda, Grupo C",C,26,El Salvador,Luis Ramirez,,Jose Rugamas,,False
3326,1982,Hungría,El Salvador,"1ra Ronda, Grupo C",C,79,El Salvador,Ramon Fagoaga,,Joaquin Ventura,,False
3327,1982,Alemania Occidental,Argelia,"1ra Ronda, Grupo B",B,83,Alemania Occidental,Klaus Fischer,,Felix Magath,,False
3328,1982,Alemania Occidental,Argelia,"1ra Ronda, Grupo B",B,64,Argelia,Tedj Bensaoula,,Djamel Zidane,,False
3329,1982,Alemania Occidental,Argelia,"1ra Ronda, Grupo B",B,88,Argelia,Salah Larbes,,Rabah Madjer,,False
3330,1982,España,Honduras,"1ra Ronda, Grupo E",E,46,a,Jose Sanchez,,Joaquin,,True
3331,1982,España,Honduras,"1ra Ronda, Grupo E",E,46,a,Enrique Saura,,Juanito,,True
3332,1982,España,Honduras,"1ra Ronda, Grupo E",E,69,Honduras,Carlos Cabellero,,Prudencio Norales,,False
3333,1982,Inglaterra,Francia,"1ra Ronda, Grupo D",D,90,Inglaterra,Philip Neal,,Kenny Sansom,,False
3334,1982,Inglaterra,Francia,"1ra Ronda, Grupo D",D,71,Francia,Didier Six,,Dominique Rocheteau,,False
3335,1982,Inglaterra,Francia,"1ra Ronda, Grupo D",D,74,Francia,Jean Tigana,,Jean-Francois Larios,,False
3336,1982,Checoslovaquia,Kuwait,"1ra Ronda, Grupo D",D,61,Checoslovaquia,Premysl Bicovsky,,Tomas Kriz,,False
3337,1982,Checoslovaquia,Kuwait,"1ra Ronda, Grupo D",D,68,Checoslovaquia,Vlastimil Petrzela,,Petr Janecka,,False
3338,1982,Checoslovaquia,Kuwait,"1ra Ronda, Grupo D",D,57,Kuwait,Fathi Matar,,Mohamed Karam,,False
3339,1982,Chile,Austria,"1ra Ronda, Grupo B",B,69,Chile,Miguel Gamboa,,Gustavo Moscoso,,False
3340,1982,Chile,Austria,"1ra Ronda, Grupo B",B,71,Chile,Manuel Rojas,,Miguel Neira,,False
3341,1982,Chile,Austria,"1ra Ronda, Grupo B",B,78,Austria,Ernst Baumeister,,Josef Degeorgi,,False
3342,1982,Chile,Austria,"1ra Ronda, Grupo B",B,79,Austria,Gernot Jurtin,,Heribert Weber,,False
3343,1982,Argentina,Hungría,"1ra Ronda, Grupo C",C,24,Argentina,Gabriel Calderon,,Jorge Valdano,,False
3344,1982,Argentina,Hungría,"1ra Ronda, Grupo C",C,51,Argentina,Juan Barbas,,Alberto Tarantini,,False
3345,1982,Argentina,Hungría,"1ra Ronda, Grupo C",C,46,a,Laszlo Fazekas,,Gyozo Martos,,False
3346,1982,Argentina,Hungría,"1ra Ronda, Grupo C",C,61,a,Lazar Szentes,,Laszlo Kiss,,False
3347,1982,Italia,Perú,"1ra Ronda, Grupo A",A,46,Italia,Franco Causio,,Paolo Rossi,,True
3348,1982,Italia,Perú,"1ra Ronda, Grupo A",A,65,Italia,German Leguia,,Julio Cesar Uribe,,False
3349,1982,Italia,Perú,"1ra Ronda, Grupo A",A,65,Italia,Guillermo La Rosa,,Geronimo Barbadillo,,False
3350,1982,Brasil,Escocia,"1ra Ronda, Grupo F",F,80,Brasil,Paulo Isidoro,,Serginho,,False
3351,1982,Brasil,Escocia,"1ra Ronda, Grupo F",F,65,Escocia,Kenny Dalglish,,Gordon Strachan,,False
3352,1982,Brasil,Escocia,"1ra Ronda, Grupo F",F,68,Escocia,Alex Mcleish,,Asa Hartford,,False
3353,1982,Polonia,Camerún,"1ra Ronda, Grupo A",A,25,Polonia,Andrzej Szarmach,,Andrzej Iwan,,False
3354,1982,Polonia,Camerún,"1ra Ronda, Grupo A",A,66,Polonia,Marek Kusto,,Andrzej Palasz,,False
3355,1982,Polonia,Camerún,"1ra Ronda, Grupo A",A,46,n,Jean-Pierre Tokoto,,Jacques Nguea,,True
3356,1982,Bélgica,El Salvador,"1ra Ronda, Grupo C",C,46,lgica,Francois Van Der Elst,,Guy Vandersmissen,,True
3357,1982,Bélgica,El Salvador,"1ra Ronda, Grupo C",C,80,lgica,Wilfried Van Moer,,Jan Ceulemans,,False
3358,1982,Bélgica,El Salvador,"1ra Ronda, Grupo C",C,46,El Salvador,Miguel Diaz,,Francisco Osorto,,True
3359,1982,URSS,Nueva Zelanda,"1ra Ronda, Grupo F",F,46,URSS,Khoren Oganesian,,Vitali Daraselia,,True
3360,1982,URSS,Nueva Zelanda,"1ra Ronda, Grupo F",F,79,URSS,Sergei Rodionov,,Yuri Gavrilov,,False
3361,1982,España,Yugoslavia,"1ra Ronda, Grupo E",E,63,a,Quini,,Jesus Satrustegui,,False
3362,1982,España,Yugoslavia,"1ra Ronda, Grupo E",E,63,a,Enrique Saura,,Jose Sanchez,,False
3363,1982,España,Yugoslavia,"1ra Ronda, Grupo E",E,74,Yugoslavia,Vahid Halilhodzic,,Nikola Jovanovic,,False
3364,1982,España,Yugoslavia,"1ra Ronda, Grupo E",E,83,Yugoslavia,Milos Sestic,,Zlatko Vujovic,,False
3365,1982,Inglaterra,Checoslovaquia,"1ra Ronda, Grupo D",D,46,Inglaterra,Glenn Hoddle,,Bryan Robson,,True
3366,1982,Inglaterra,Checoslovaquia,"1ra Ronda, Grupo D",D,75,Checoslovaquia,Karel Stromsik,,Stanislav Seman,,False
3367,1982,Inglaterra,Checoslovaquia,"1ra Ronda, Grupo D",D,77,Checoslovaquia,Marian Masny,,Petr Janecka,,False
3368,1982,Alemania Occidental,Chile,"1ra Ronda, Grupo B",B,61,Alemania Occidental,Lothar Matthaeus,,Paul Breitner,,False
3369,1982,Alemania Occidental,Chile,"1ra Ronda, Grupo B",B,79,Alemania Occidental,Uwe Reinders,,Pierre Littbarski,,False
3370,1982,Alemania Occidental,Chile,"1ra Ronda, Grupo B",B,46,Chile,Juan Letelier,,Mario Soto,,True
3371,1982,Alemania Occidental,Chile,"1ra Ronda, Grupo B",B,66,Chile,Miguel Neira,,Miguel Gamboa,,False
3372,1982,Honduras,Irlanda del Norte,"1ra Ronda, Grupo E",E,58,Honduras,Eduardo Laing,,Prudencio Norales,,False
3373,1982,Honduras,Irlanda del Norte,"1ra Ronda, Grupo E",E,66,Irlanda del Norte,Noel Brotherston,,Norman Whiteside,,False
3374,1982,Honduras,Irlanda del Norte,"1ra Ronda, Grupo E",E,78,Irlanda del Norte,Felix Healey,,Martin O'Neill,,False
3375,1982,Francia,Kuwait,"1ra Ronda, Grupo D",D,59,Francia,Christian Lopez,,Gerard Janvion,,False
3376,1982,Francia,Kuwait,"1ra Ronda, Grupo D",D,81,Francia,Rene Girard,,Michel Platini,,False
3377,1982,Francia,Kuwait,"1ra Ronda, Grupo D",D,46,Kuwait,Fathi Matar,,Mohamed Karam,,True
3378,1982,Francia,Kuwait,"1ra Ronda, Grupo D",D,78,Kuwait,Hamud Al Shemmari,,Walid Al Mubarak,,False
3379,1982,Argelia,Austria,"1ra Ronda, Grupo B",B,65,Argelia,Tedj Bensaoula,,Lakhdar Belloumi,,False
3380,1982,Argelia,Austria,"1ra Ronda, Grupo B",B,76,Argelia,Djamel Tlemcani,,Mustafa Dahleb,,False
3381,1982,Argelia,Austria,"1ra Ronda, Grupo B",B,46,Austria,Kurt Welzl,,Ernst Baumeister,,True
3382,1982,Argelia,Austria,"1ra Ronda, Grupo B",B,80,Austria,Heribert Weber,,Herbert Prohaska,,False
3383,1982,URSS,Escocia,"1ra Ronda, Grupo F",F,88,URSS,Sergei Andreyev,,Ramaz Shengelia,,False
3384,1982,URSS,Escocia,"1ra Ronda, Grupo F",F,71,Escocia,Danny Mcgrain,,Gordon Strachan,,False
3385,1982,URSS,Escocia,"1ra Ronda, Grupo F",F,71,Escocia,Alan Brazil,,Joe Jordan,,False
3386,1982,Bélgica,Hungría,"1ra Ronda, Grupo C",C,46,lgica,Wilfried Van Moer,,Guy Vandersmissen,,False
3387,1982,Bélgica,Hungría,"1ra Ronda, Grupo C",C,62,lgica,Gerard Plessers,,Eric Gerets,,False
3388,1982,Bélgica,Hungría,"1ra Ronda, Grupo C",C,67,a,Sandor Sallai,,Sandor Muller,,False
3389,1982,Bélgica,Hungría,"1ra Ronda, Grupo C",C,70,a,Ferenc Csongradi,,Laszlo Kiss,,False
3390,1982,Polonia,Perú,"1ra Ronda, Grupo A",A,26,Polonia,Marek Dziuba,,Jan Jalocha,,False
3391,1982,Polonia,Perú,"1ra Ronda, Grupo A",A,74,Polonia,Wlodzimierz Ciolek,,Wlodimierz Smolarek,,False
3392,1982,Polonia,Perú,"1ra Ronda, Grupo A",A,50,Polonia,Geronimo Barbadillo,,Juan Carlos Oblitas,,False
3393,1982,Polonia,Perú,"1ra Ronda, Grupo A",A,50,Polonia,Julio Cesar Uribe,,Teofilo Cubillas,,False
3394,1982,Argentina,El Salvador,"1ra Ronda, Grupo C",C,67,Argentina,Ramon Diaz,,Daniel Bertoni,,False
3395,1982,Argentina,El Salvador,"1ra Ronda, Grupo C",C,78,Argentina,Santiago Santamaria,,Gabriel Calderon,,False
3396,1982,Argentina,El Salvador,"1ra Ronda, Grupo C",C,33,El Salvador,Miguel Diaz,,Francisco Osorto,,False
3397,1982,Argentina,El Salvador,"1ra Ronda, Grupo C",C,78,El Salvador,Mauricio Alfaro,,Joaquin Ventura,,False
3398,1982,Brasil,Nueva Zelanda,"1ra Ronda, Grupo F",F,75,Brasil,Edinho,,Oscar,,False
3399,1982,Brasil,Nueva Zelanda,"1ra Ronda, Grupo F",F,75,Brasil,Paulo Isidoro,,Serginho,,False
3400,1982,Brasil,Nueva Zelanda,"1ra Ronda, Grupo F",F,78,Nueva Zelanda,Brian Turner,,Wynton Rufer,,False
3401,1982,Brasil,Nueva Zelanda,"1ra Ronda, Grupo F",F,78,Nueva Zelanda,Duncan Cole,,Kenny Cresswell,,False
3402,1982,Honduras,Yugoslavia,"1ra Ronda, Grupo E",E,65,Honduras,Eduardo Laing,,Juan Cruz,,False
3403,1982,Honduras,Yugoslavia,"1ra Ronda, Grupo E",E,46,Yugoslavia,Vahid Halilhodzic,,Nikola Jovanovic,,True
3404,1982,Honduras,Yugoslavia,"1ra Ronda, Grupo E",E,62,Yugoslavia,Milos Sestic,,Zlatko Vujovic,,False
3405,1982,Francia,Checoslovaquia,"1ra Ronda, Grupo D",D,70,Francia,Alain Couriol,,Bernard Lacombe,,False
3406,1982,Francia,Checoslovaquia,"1ra Ronda, Grupo D",D,89,Francia,Rene Girard,,Gerard Soler,,False
3407,1982,Francia,Checoslovaquia,"1ra Ronda, Grupo D",D,31,Checoslovaquia,Marian Masny,,Tomas Kriz,,False
3408,1982,Francia,Checoslovaquia,"1ra Ronda, Grupo D",D,70,Checoslovaquia,Antonin Panenka,,Petr Janecka,,False
3409,1982,Argelia,Chile,"1ra Ronda, Grupo B",B,31,Argelia,Hocine Yahi,,Abdelmajid Bourebbou,,False
3410,1982,Argelia,Chile,"1ra Ronda, Grupo B",B,75,Argelia,Mustafa Dahleb,,Faouzi Mansouri,,False
3411,1982,Argelia,Chile,"1ra Ronda, Grupo B",B,37,Chile,Mario Soto,,Eduardo Bonvallet,,False
3412,1982,Argelia,Chile,"1ra Ronda, Grupo B",B,58,Chile,Juan Letelier,,Carlos Caszely,,False
3413,1982,Irlanda del Norte,España,"1ra Ronda, Grupo E",E,50,Irlanda del Norte,Tommy Cassidy,,Sam Mcilroy,,False
3414,1982,Irlanda del Norte,España,"1ra Ronda, Grupo E",E,73,Irlanda del Norte,Sammy Nelson,,Norman Whiteside,,False
3415,1982,Irlanda del Norte,España,"1ra Ronda, Grupo E",E,46,a,Quini,,Jesus Satrustegui,,True
3416,1982,Irlanda del Norte,España,"1ra Ronda, Grupo E",E,78,a,Ricardo Gallego,,Lopez Ufarte,,False
3417,1982,Alemania Occidental,Austria,"1ra Ronda, Grupo B",B,66,Alemania Occidental,Lothar Matthaeus,,Karl-Heinz Rummenigge,,False
3418,1982,Alemania Occidental,Austria,"1ra Ronda, Grupo B",B,69,Alemania Occidental,Klaus Fischer,,Horst Hrubesch,,False
3419,1982,Inglaterra,Kuwait,"1ra Ronda, Grupo D",D,76,Kuwait,Hamud Al Shemmari,,Walid Al Mubarak,,False
3420,1982,Austria,Francia,"2da Ronda, Grupo 4",4,46,Austria,Ernst Baumeister,,Josef Degeorgi,,True
3421,1982,Austria,Francia,"2da Ronda, Grupo 4",4,46,Austria,Kurt Welzl,,Kurt Jara,,True
3422,1982,Austria,Francia,"2da Ronda, Grupo 4",4,15,Francia,Dominique Rocheteau,,Bernard Lacombe,,False
3423,1982,Austria,Francia,"2da Ronda, Grupo 4",4,85,Francia,Rene Girard,,Bernard Genghini,,False
3424,1982,Polonia,Bélgica,"2da Ronda, Grupo 1",1,82,Polonia,Wlodzimierz Ciolek,,Janusz Kupcewicz,,False
3425,1982,Polonia,Bélgica,"2da Ronda, Grupo 1",1,46,lgica,Francois Van Der Elst,,Wilfried Van Moer,,True
3426,1982,Polonia,Bélgica,"2da Ronda, Grupo 1",1,88,lgica,Marc Baecke,,Gerard Plessers,,False
3427,1982,Alemania Occidental,Inglaterra,"2da Ronda, Grupo 2",2,63,Alemania Occidental,Pierre Littbarski,,Uwe Reinders,,False
3428,1982,Alemania Occidental,Inglaterra,"2da Ronda, Grupo 2",2,74,Alemania Occidental,Klaus Fischer,,Hansi Mueller,,False
3429,1982,Alemania Occidental,Inglaterra,"2da Ronda, Grupo 2",2,77,Inglaterra,Tony Woodcock,,Trevor Francis,,False
3430,1982,Italia,Argentina,"2da Ronda, Grupo 3",3,75,Italia,Giampiero Marini,,Gabriele Oriali,,False
3431,1982,Italia,Argentina,"2da Ronda, Grupo 3",3,80,Italia,Alessandro Altobelli,,Paolo Rossi,,False
3432,1982,Italia,Argentina,"2da Ronda, Grupo 3",3,58,Argentina,Gabriel Calderon,,Ramon Diaz,,False
3433,1982,Italia,Argentina,"2da Ronda, Grupo 3",3,58,Argentina,Jose Valencia,,Mario Kempes,,False
3434,1982,Bélgica,URSS,"2da Ronda, Grupo 1",1,65,lgica,Marc Millecamps,,Maurits De Schrijver,,False
3435,1982,Bélgica,URSS,"2da Ronda, Grupo 1",1,67,lgica,Alex Czerniatynski,,Guy Vandersmissen,,False
3436,1982,Bélgica,URSS,"2da Ronda, Grupo 1",1,87,URSS,Vitali Daraselia,,Andrei Bal,,False
3437,1982,Bélgica,URSS,"2da Ronda, Grupo 1",1,89,URSS,Sergei Rodionov,,Ramaz Shengelia,,False
3438,1982,Austria,Irlanda del Norte,"2da Ronda, Grupo 4",4,46,Austria,Reinhold Hintermaier,,Max Hagmayr,,True
3439,1982,Austria,Irlanda del Norte,"2da Ronda, Grupo 4",4,46,Austria,Kurt Welzl,,Johann Pregesbauer,,True
3440,1982,Austria,Irlanda del Norte,"2da Ronda, Grupo 4",4,68,Irlanda del Norte,Noel Brotherston,,Norman Whiteside,,False
3441,1982,Argentina,Brasil,"2da Ronda, Grupo 3",3,46,Argentina,Ramon Diaz,,Mario Kempes,,True
3442,1982,Argentina,Brasil,"2da Ronda, Grupo 3",3,64,Argentina,Santiago Santamaria,,Daniel Bertoni,,False
3443,1982,Argentina,Brasil,"2da Ronda, Grupo 3",3,82,Brasil,Edevaldo,,Leandro,,False
3444,1982,Argentina,Brasil,"2da Ronda, Grupo 3",3,83,Brasil,Batista,,Zico,,False
3445,1982,Alemania Occidental,España,"2da Ronda, Grupo 2",2,46,Alemania Occidental,Uwe Reinders,,Karl-Heinz Rummenigge,,True
3446,1982,Alemania Occidental,España,"2da Ronda, Grupo 2",2,46,a,Lopez Ufarte,,Juanito,,True
3447,1982,Alemania Occidental,España,"2da Ronda, Grupo 2",2,65,a,Jose Sanchez,,Quini,,False
3448,1982,Francia,Irlanda del Norte,"2da Ronda, Grupo 4",4,63,Francia,Didier Six,,Gerard Soler,,False
3449,1982,Francia,Irlanda del Norte,"2da Ronda, Grupo 4",4,83,Francia,Alain Couriol,,Dominique Rocheteau,,False
3450,1982,Francia,Irlanda del Norte,"2da Ronda, Grupo 4",4,86,Irlanda del Norte,John O'Neill,,David Mccreery,,False
3451,1982,Polonia,URSS,"2da Ronda, Grupo 1",1,52,Polonia,Wlodzimierz Ciolek,,Janusz Kupcewicz,,False
3452,1982,Polonia,URSS,"2da Ronda, Grupo 1",1,57,URSS,Sergei Andreyev,,Ramaz Shengelia,,False
3453,1982,Polonia,URSS,"2da Ronda, Grupo 1",1,78,URSS,Vitali Daraselia,,Yuri Gavrilov,,False
3454,1982,Italia,Brasil,"2da Ronda, Grupo 3",3,34,Italia,Giuseppe Bergomi,,Fulvio Collovati,,False
3455,1982,Italia,Brasil,"2da Ronda, Grupo 3",3,75,Italia,Giampiero Marini,,Marco Tardelli,,False
3456,1982,Italia,Brasil,"2da Ronda, Grupo 3",3,69,Brasil,Paulo Isidoro,,Serginho,,False
3457,1982,España,Inglaterra,"2da Ronda, Grupo 2",2,67,a,Pedro Uralde,,Enrique Saura,,False
3458,1982,España,Inglaterra,"2da Ronda, Grupo 2",2,73,a,Antonio Maceda,,Miguel Tendillo,,False
3459,1982,España,Inglaterra,"2da Ronda, Grupo 2",2,63,Inglaterra,Trevor Brooking,,Graham Rix,,False
3460,1982,España,Inglaterra,"2da Ronda, Grupo 2",2,64,Inglaterra,Kevin Keegan,,Tony Woodcock,,False
3461,1982,Alemania Occidental,Francia,Semis,,73,Alemania Occidental,Horst Hrubesch,,Felix Magath,,False
3462,1982,Alemania Occidental,Francia,Semis,,97,Alemania Occidental,Karl-Heinz Rummenigge,,Hans-Peter Briegel,,False
3463,1982,Alemania Occidental,Francia,Semis,,50,Francia,Patrick Battiston,,Bernard Genghini,,False
3464,1982,Alemania Occidental,Francia,Semis,,60,Francia,Christian Lopez,,Patrick Battiston,,False
3465,1982,Polonia,Italia,Semis,,46,Polonia,Andrzej Palasz,,Wlodzimierz Ciolek,,True
3466,1982,Polonia,Italia,Semis,,77,Polonia,Marek Kusto,,Wlodimierz Smolarek,,False
3467,1982,Polonia,Italia,Semis,,28,Italia,Giampiero Marini,,Giancarlo Antognoni,,False
3468,1982,Polonia,Italia,Semis,,70,Italia,Alessandro Altobelli,,Francesco Graziani,,False
3469,1982,Polonia,Francia,3er Puesto,,46,Polonia,Roman Wojcicki,,Waldemar Matysik,,True
3470,1982,Polonia,Francia,3er Puesto,,66,Francia,Christian Lopez,,Gerard Janvion,,False
3471,1982,Polonia,Francia,3er Puesto,,83,Francia,Didier Six,,Jean Tigana,,False
3472,1982,Italia,Alemania Occidental,Final,,7,Italia,Alessandro Altobelli,,Francesco Graziani,,False
3473,1982,Italia,Alemania Occidental,Final,,89,Italia,Franco Causio,,Alessandro Altobelli,,False
3474,1982,Italia,Alemania Occidental,Final,,62,Alemania Occidental,Horst Hrubesch,,Wolfgang Dremmler,,False
3475,1982,Italia,Alemania Occidental,Final,,70,Alemania Occidental,Hansi Mueller,,Karl-Heinz Rummenigge,,False
3476,1978,Alemania Occidental,Polonia,"1ra Ronda, Grupo 2",2,79,Polonia,Zbigniew Boniek,,Wlodek Lubanski,,False
3477,1978,Alemania Occidental,Polonia,"1ra Ronda, Grupo 2",2,84,Polonia,Henryk Kasperczak,,Bohdan Masztaler,,False
3478,1978,Túnez,México,"1ra Ronda, Grupo 2",2,81,nez,Salah Karoui,,Raouf Ben Aziza,,False
3479,1978,Túnez,México,"1ra Ronda, Grupo 2",2,88,nez,Khemais Labidi,,Temime Lakhzami,,False
3480,1978,Túnez,México,"1ra Ronda, Grupo 2",2,67,xico,Gerardo Lugo,,Guillermo Mendizabal,,False
3481,1978,Italia,Francia,"1ra Ronda, Grupo 1",1,46,Italia,Renato Zaccarelli,,Giancarlo Antognoni,,True
3482,1978,Italia,Francia,"1ra Ronda, Grupo 1",1,74,Francia,Marc Berdoll,,Bernard Lacombe,,False
3483,1978,Italia,Francia,"1ra Ronda, Grupo 1",1,76,Francia,Olivier Rouyer,,Didier Six,,False
3484,1978,Argentina,Hungría,"1ra Ronda, Grupo 1",1,67,Argentina,Daniel Bertoni,,Rene Houseman,,False
3485,1978,Argentina,Hungría,"1ra Ronda, Grupo 1",1,75,Argentina,Norberto Alonso,,Jose Valencia,,False
3486,1978,Argentina,Hungría,"1ra Ronda, Grupo 1",1,46,a,Gyozo Martos,,Peter Torok,,True
3487,1978,Paises Bajos,Irán,"1ra Ronda, Grupo 4",4,70,Paises Bajos,Dick Nanninga,,Rene Van De Kerkhof,,False
3488,1978,Paises Bajos,Irán,"1ra Ronda, Grupo 4",4,50,n,Hassan Rowshan,,Hussein Faraki,,False
3489,1978,Austria,España,"1ra Ronda, Grupo 3",3,67,Austria,Heribert Weber,,Josef Hickersberger,,False
3490,1978,Austria,España,"1ra Ronda, Grupo 3",3,80,Austria,Hans Pirkner,,Walter Schachner,,False
3491,1978,Austria,España,"1ra Ronda, Grupo 3",3,46,a,Eugenio Leal,,Julio Cardenosa,,True
3492,1978,Austria,España,"1ra Ronda, Grupo 3",3,60,a,Quini,,Carles Rexach,,False
3493,1978,Perú,Escocia,"1ra Ronda, Grupo 4",4,75,Escocia,Archie Gemmill,,Bruce Rioch,,False
3494,1978,Perú,Escocia,"1ra Ronda, Grupo 4",4,75,Escocia,Lou Macari,,Don Masson,,False
3495,1978,Suecia,Brasil,"1ra Ronda, Grupo 3",3,81,Suecia,Ralf Edstrom,,Lennart Larsson,,False
3496,1978,Suecia,Brasil,"1ra Ronda, Grupo 3",3,66,Brasil,Nelinho,,Gil,,False
3497,1978,Suecia,Brasil,"1ra Ronda, Grupo 3",3,86,Brasil,Dirceu,,Toninho Cerezo,,False
3498,1978,Alemania Occidental,México,"1ra Ronda, Grupo 2",2,39,xico,Pedro Soto,,Jose Reyes,,False
3499,1978,Alemania Occidental,México,"1ra Ronda, Grupo 2",2,46,xico,Gerardo Lugo,,Enrique Lopez Zarza,,True
3500,1978,Argentina,Francia,"1ra Ronda, Grupo 1",1,64,Argentina,Norberto Alonso,,Jose Valencia,,False
3501,1978,Argentina,Francia,"1ra Ronda, Grupo 1",1,71,Argentina,Oscar Ortiz,,Norberto Alonso,,False
3502,1978,Argentina,Francia,"1ra Ronda, Grupo 1",1,55,Francia,Dominique Baratelli,,Jean-Paul Bertrand-Demanes,,False
3503,1978,Polonia,Túnez,"1ra Ronda, Grupo 2",2,60,Polonia,Andrzej Iwan,,Andrzej Szarmach,,False
3504,1978,Polonia,Túnez,"1ra Ronda, Grupo 2",2,76,Polonia,Zbigniew Boniek,,Wlodek Lubanski,,False
3505,1978,Italia,Hungría,"1ra Ronda, Grupo 1",1,79,Italia,Antonello Cuccureddu,,Antonio Cabrini,,False
3506,1978,Italia,Hungría,"1ra Ronda, Grupo 1",1,83,Italia,Francesco Graziani,,Roberto Bettega,,False
3507,1978,Italia,Hungría,"1ra Ronda, Grupo 1",1,46,a,Andras Toth,,Laszlo Nagy,,True
3508,1978,Italia,Hungría,"1ra Ronda, Grupo 1",1,46,a,Istvan Halasz,,Laszlo Fazekas,,True
3509,1978,Paises Bajos,Perú,"1ra Ronda, Grupo 4",4,46,Paises Bajos,Johnny Rep,,Rene Van De Kerkhof,,True
3510,1978,Paises Bajos,Perú,"1ra Ronda, Grupo 4",4,68,Paises Bajos,Dick Nanninga,,Johan Neeskens,,False
3511,1978,Paises Bajos,Perú,"1ra Ronda, Grupo 4",4,62,Paises Bajos,Hugo Sotil,,Guillermo La Rosa,,False
3512,1978,Brasil,España,"1ra Ronda, Grupo 3",3,70,Brasil,Gil,,Nelinho,,False
3513,1978,Brasil,España,"1ra Ronda, Grupo 3",3,83,Brasil,Jorge Mendonca,,Zico,,False
3514,1978,Brasil,España,"1ra Ronda, Grupo 3",3,51,a,Antonio Biosca,,Migueli,,False
3515,1978,Brasil,España,"1ra Ronda, Grupo 3",3,80,a,Antonio Guzman,,Francisco Uria,,False
3516,1978,Escocia,Irán,"1ra Ronda, Grupo 4",4,56,Escocia,Tom Forsyth,,Martin Buchan,,False
3517,1978,Escocia,Irán,"1ra Ronda, Grupo 4",4,74,Escocia,Joe Harper,,Kenny Dalglish,,False
3518,1978,Escocia,Irán,"1ra Ronda, Grupo 4",4,84,n,Hassan Rowshan,,Hussein Faraki,,False
3519,1978,Escocia,Irán,"1ra Ronda, Grupo 4",4,89,n,Hassan Naibagha,,Iraj Danayfar,,False
3520,1978,Austria,Suecia,"1ra Ronda, Grupo 3",3,71,Austria,Heribert Weber,,Eduard Krieger,,False
3521,1978,Austria,Suecia,"1ra Ronda, Grupo 3",3,36,Suecia,Conny Torstensson,,Staffan Tapper,,False
3522,1978,Austria,Suecia,"1ra Ronda, Grupo 3",3,60,Suecia,Ralf Edstrom,,Anders Linderoth,,False
3523,1978,Italia,Argentina,"1ra Ronda, Grupo 1",1,6,Italia,Antonello Cuccureddu,,Mauro Bellugi,,False
3524,1978,Italia,Argentina,"1ra Ronda, Grupo 1",1,73,Italia,Renato Zaccarelli,,Giancarlo Antognoni,,False
3525,1978,Italia,Argentina,"1ra Ronda, Grupo 1",1,72,Argentina,Rene Houseman,,Oscar Ortiz,,False
3526,1978,Alemania Occidental,Túnez,"1ra Ronda, Grupo 2",2,82,nez,Raouf Ben Aziza,,Mohamed Akid,,False
3527,1978,Francia,Hungría,"1ra Ronda, Grupo 1",1,46,Francia,Michel Platini,,Claude Papi,,True
3528,1978,Francia,Hungría,"1ra Ronda, Grupo 1",1,75,Francia,Didier Six,,Dominique Rocheteau,,False
3529,1978,Francia,Hungría,"1ra Ronda, Grupo 1",1,73,a,Karoly Csapo,,Laszlo Nagy,,False
3530,1978,Polonia,México,"1ra Ronda, Grupo 2",2,76,Polonia,Wlodek Lubanski,,Andrzej Iwan,,False
3531,1978,Polonia,México,"1ra Ronda, Grupo 2",2,84,Polonia,Henryk Maculewicz,,Wojciech Rudy,,False
3532,1978,Polonia,México,"1ra Ronda, Grupo 2",2,46,xico,Guillermo Mendizabal,,Javier Cardenas,,True
3533,1978,Perú,Irán,"1ra Ronda, Grupo 4",4,51,n,Ghafoor Jahani,,Hussein Faraki,,False
3534,1978,Perú,Irán,"1ra Ronda, Grupo 4",4,66,n,Behtash Fariba,,Hassan Rowshan,,False
3535,1978,España,Suecia,"1ra Ronda, Grupo 3",3,46,a,Pirri,,Antonio Olmo,,True
3536,1978,España,Suecia,"1ra Ronda, Grupo 3",3,59,Suecia,Benny Wendt,,Ralf Edstrom,,False
3537,1978,España,Suecia,"1ra Ronda, Grupo 3",3,66,Suecia,Anders Linderoth,,Thomas Sjoberg,,False
3538,1978,Escocia,Paises Bajos,"1ra Ronda, Grupo 4",4,10,Paises Bajos,Johan Boskamp,,Johan Neeskens,,False
3539,1978,Escocia,Paises Bajos,"1ra Ronda, Grupo 4",4,44,Paises Bajos,Pieter Wildschut,,Wim Rijsbergen,,False
3540,1978,Brasil,Austria,"1ra Ronda, Grupo 3",3,71,Brasil,Chicao,,Toninho Cerezo,,False
3541,1978,Brasil,Austria,"1ra Ronda, Grupo 3",3,84,Brasil,Zico,,Jorge Mendonca,,False
3542,1978,Brasil,Austria,"1ra Ronda, Grupo 3",3,61,Austria,Heribert Weber,,Josef Hickersberger,,False
3543,1978,Brasil,Austria,"1ra Ronda, Grupo 3",3,84,Austria,Gunter Happich,,Eduard Krieger,,False
3544,1978,Paises Bajos,Austria,"2da Ronda, Grupo A",A,60,Paises Bajos,Dirk Schoenaker,,Rene Van De Kerkhof,,False
3545,1978,Paises Bajos,Austria,"2da Ronda, Grupo A",A,66,Paises Bajos,Adri Van Kraay,,Ernie Brandts,,False
3546,1978,Alemania Occidental,Italia,"2da Ronda, Grupo A",A,53,Alemania Occidental,Harald Konopka,,Herbert Zimmermann,,False
3547,1978,Alemania Occidental,Italia,"2da Ronda, Grupo A",A,68,Alemania Occidental,Erich Beer,,Heinz Flohe,,False
3548,1978,Alemania Occidental,Italia,"2da Ronda, Grupo A",A,46,Italia,Renato Zaccarelli,,Giancarlo Antognoni,,True
3549,1978,Brasil,Perú,"2da Ronda, Grupo B",B,70,Brasil,Zico,,Gil,,False
3550,1978,Brasil,Perú,"2da Ronda, Grupo B",B,76,Brasil,Chicao,,Toninho,,False
3551,1978,Brasil,Perú,"2da Ronda, Grupo B",B,11,Brasil,Jose Navarro,,Ruben Diaz,,False
3552,1978,Brasil,Perú,"2da Ronda, Grupo B",B,46,Brasil,Percy Rojas,,Juan Carlos Oblitas,,True
3553,1978,Argentina,Polonia,"2da Ronda, Grupo B",B,46,Argentina,Ricardo Villa,,Jose Valencia,,True
3554,1978,Argentina,Polonia,"2da Ronda, Grupo B",B,83,Argentina,Oscar Ortiz,,Rene Houseman,,False
3555,1978,Argentina,Polonia,"2da Ronda, Grupo B",B,64,Polonia,Wlodzimierz Mazur,,Bohdan Masztaler,,False
3556,1978,Argentina,Brasil,"2da Ronda, Grupo B",B,46,Argentina,Ricardo Villa,,Osvaldo Ardiles,,True
3557,1978,Argentina,Brasil,"2da Ronda, Grupo B",B,60,Argentina,Norberto Alonso,,Oscar Ortiz,,False
3558,1978,Argentina,Brasil,"2da Ronda, Grupo B",B,34,Brasil,Edinho,,Rodrigues Neto,,False
3559,1978,Argentina,Brasil,"2da Ronda, Grupo B",B,67,Brasil,Zico,,Jorge Mendonca,,False
3560,1978,Polonia,Perú,"2da Ronda, Grupo B",B,46,Polonia,Henryk Kasperczak,,Bohdan Masztaler,,True
3561,1978,Polonia,Perú,"2da Ronda, Grupo B",B,86,Polonia,Wlodek Lubanski,,Zbigniew Boniek,,False
3562,1978,Polonia,Perú,"2da Ronda, Grupo B",B,46,Polonia,Percy Rojas,,Juan Munante,,True
3563,1978,Polonia,Perú,"2da Ronda, Grupo B",B,74,Polonia,Hugo Sotil,,Guillermo La Rosa,,False
3564,1978,Alemania Occidental,Paises Bajos,"2da Ronda, Grupo A",A,79,Paises Bajos,Dick Nanninga,,Pieter Wildschut,,False
3565,1978,Italia,Austria,"2da Ronda, Grupo A",A,46,Italia,Antonello Cuccureddu,,Mauro Bellugi,,True
3566,1978,Italia,Austria,"2da Ronda, Grupo A",A,72,Italia,Francesco Graziani,,Roberto Bettega,,False
3567,1978,Italia,Austria,"2da Ronda, Grupo A",A,63,Austria,Hans Pirkner,,Walter Schachner,,False
3568,1978,Argentina,Perú,"2da Ronda, Grupo B",B,64,Argentina,Rene Houseman,,Daniel Bertoni,,False
3569,1978,Argentina,Perú,"2da Ronda, Grupo B",B,85,Argentina,Miguel Oviedo,,Americo Gallego,,False
3570,1978,Argentina,Perú,"2da Ronda, Grupo B",B,51,Argentina,Raul Gorriti,,Jose Velasquez,,False
3571,1978,Paises Bajos,Italia,"2da Ronda, Grupo A",A,21,Paises Bajos,Jan Jongbloed,,Piet Schrijvers,,False
3572,1978,Paises Bajos,Italia,"2da Ronda, Grupo A",A,65,Paises Bajos,Adri Van Kraay,,Johnny Rep,,False
3573,1978,Paises Bajos,Italia,"2da Ronda, Grupo A",A,46,Italia,Claudio Sala,,Franco Causio,,True
3574,1978,Paises Bajos,Italia,"2da Ronda, Grupo A",A,77,Italia,Francesco Graziani,,Romeo Benetti,,False
3575,1978,Brasil,Polonia,"2da Ronda, Grupo B",B,7,Brasil,Jorge Mendonca,,Zico,,False
3576,1978,Brasil,Polonia,"2da Ronda, Grupo B",B,77,Brasil,Rivelino,,Toninho Cerezo,,False
3577,1978,Brasil,Polonia,"2da Ronda, Grupo B",B,64,Polonia,Wlodek Lubanski,,Henryk Kasperczak,,False
3578,1978,Austria,Alemania Occidental,"2da Ronda, Grupo A",A,71,Austria,Franz Oberacher,,Walter Schachner,,False
3579,1978,Austria,Alemania Occidental,"2da Ronda, Grupo A",A,46,Alemania Occidental,Hansi Mueller,,Erich Beer,,True
3580,1978,Austria,Alemania Occidental,"2da Ronda, Grupo A",A,60,Alemania Occidental,Klaus Fischer,,Dieter Mueller,,False
3581,1978,Brasil,Italia,3er Puesto,,46,Brasil,Reinaldo,,Gil,,True
3582,1978,Brasil,Italia,3er Puesto,,64,Brasil,Rivelino,,Toninho Cerezo,,False
3583,1978,Brasil,Italia,3er Puesto,,78,Italia,Claudio Sala,,Giancarlo Antognoni,,False
3584,1978,Argentina,Paises Bajos,Final,,65,Argentina,Omar Larrosa,,Osvaldo Ardiles,,False
3585,1978,Argentina,Paises Bajos,Final,,74,Argentina,Rene Houseman,,Oscar Ortiz,,False
3586,1978,Argentina,Paises Bajos,Final,,59,Paises Bajos,Dick Nanninga,,Johnny Rep,,False
3587,1978,Argentina,Paises Bajos,Final,,72,Paises Bajos,Wim Suurbier,,Wim Jansen,,False
3588,1974,Alemania Occidental,Chile,"1ra Ronda, Grupo 1",1,75,Alemania Occidental,Bernd Hoelzenbein,,Wolfgang Overath,,False
3589,1974,Alemania Occidental,Chile,"1ra Ronda, Grupo 1",1,76,Chile,Leonardo Veliz,,Francisco Valdes,,False
3590,1974,Alemania Occidental,Chile,"1ra Ronda, Grupo 1",1,83,Chile,Alfonso Lara,,Juan Rodriguez,,False
3591,1974,Alemania Oriental,Australia,"1ra Ronda, Grupo 1",1,55,Alemania Oriental,Martin Hoffmann,,Wolfram Loewe,,False
3592,1974,Zaire,Escocia,"1ra Ronda, Grupo 2",2,64,Zaire,Kembo Uba Kembo,,Mayanga Maku,,False
3593,1974,Zaire,Escocia,"1ra Ronda, Grupo 2",2,78,Zaire,Kibonge Mafu,,Kidumu Mantantu,,False
3594,1974,Zaire,Escocia,"1ra Ronda, Grupo 2",2,75,Escocia,Tommy Hutchinson,,Kenny Dalglish,,False
3595,1974,Suecia,Bulgaria,"1ra Ronda, Grupo 3",3,73,Suecia,Benno Magnusson,,Ove Kindvall,,False
3596,1974,Suecia,Bulgaria,"1ra Ronda, Grupo 3",3,73,Bulgaria,Mladen Vasilev,,Pavel Panov,,False
3597,1974,Suecia,Bulgaria,"1ra Ronda, Grupo 3",3,75,Bulgaria,Atanas Mikhailov,,Voin Voinov,,False
3598,1974,Polonia,Argentina,"1ra Ronda, Grupo 4",4,70,Polonia,Jan Domarski,,Andrzej Szarmach,,False
3599,1974,Polonia,Argentina,"1ra Ronda, Grupo 4",4,85,Polonia,Leslaw Cmikiewicz,,Robert Gadocha,,False
3600,1974,Polonia,Argentina,"1ra Ronda, Grupo 4",4,46,Argentina,Rene Houseman,,Miguel Brindisi,,True
3601,1974,Polonia,Argentina,"1ra Ronda, Grupo 4",4,67,Argentina,Roberto Telch,,Angel Bargas,,False
3602,1974,Italia,Haití,"1ra Ronda, Grupo 4",4,70,Italia,Pietro Anastasi,,Giorgio Chinaglia,,False
3603,1974,Italia,Haití,"1ra Ronda, Grupo 4",4,46,Italia,Claude Barthelemy,,Guy Saint-Vil,,True
3604,1974,Uruguay,Paises Bajos,"1ra Ronda, Grupo 3",3,64,Uruguay,Denis Milar,,Luis Cubilla,,False
3605,1974,Escocia,Brasil,"1ra Ronda, Grupo 2",2,65,Brasil,Carpegiani,,Leivinha,,False
3606,1974,Australia,Alemania Occidental,"1ra Ronda, Grupo 1",1,46,Australia,Attila Abonyi,,Ernie Campbell,,True
3607,1974,Australia,Alemania Occidental,"1ra Ronda, Grupo 1",1,61,Australia,Peter Ollerton,,Branko Buljevic,,False
3608,1974,Australia,Alemania Occidental,"1ra Ronda, Grupo 1",1,46,Alemania Occidental,Bernd Hoelzenbein,,Jupp Heynckes,,True
3609,1974,Australia,Alemania Occidental,"1ra Ronda, Grupo 1",1,67,Alemania Occidental,Herbert Wimmer,,Bernd Cullmann,,False
3610,1974,Yugoslavia,Zaire,"1ra Ronda, Grupo 2",2,21,Zaire,Tubilandu Ndimbi,,Kazadi Muamba,,False
3611,1974,Yugoslavia,Zaire,"1ra Ronda, Grupo 2",2,46,Zaire,Mayanga Maku,,Kakoko Etepe,,True
3612,1974,Chile,Alemania Oriental,"1ra Ronda, Grupo 1",1,46,Chile,Guillermo Yavar,,Francisco Valdes,,True
3613,1974,Chile,Alemania Oriental,"1ra Ronda, Grupo 1",1,67,Chile,Rogelio Farias,,Jorge Socias,,False
3614,1974,Chile,Alemania Oriental,"1ra Ronda, Grupo 1",1,29,Alemania Oriental,Peter Ducke,,Wolfgang Seguin,,False
3615,1974,Chile,Alemania Oriental,"1ra Ronda, Grupo 1",1,72,Alemania Oriental,Hans-Juergen Kreische,,Eberhard Vogel,,False
3616,1974,Paises Bajos,Suecia,"1ra Ronda, Grupo 3",3,73,Paises Bajos,Theo De Jong,,Wim Van Hanegem,,False
3617,1974,Paises Bajos,Suecia,"1ra Ronda, Grupo 3",3,61,Suecia,Orjan Persson,,Staffan Tapper,,False
3618,1974,Paises Bajos,Suecia,"1ra Ronda, Grupo 3",3,75,Suecia,Roland Grip,,Jan Olsson,,False
3619,1974,Argentina,Italia,"1ra Ronda, Grupo 4",4,60,Argentina,Ruben Glaria,,Enrique Wolff,,False
3620,1974,Argentina,Italia,"1ra Ronda, Grupo 4",4,78,Argentina,Enrique Chazarreta,,Hector Yazalde,,False
3621,1974,Argentina,Italia,"1ra Ronda, Grupo 4",4,66,Italia,Franco Causio,,Gianni Rivera,,False
3622,1974,Argentina,Italia,"1ra Ronda, Grupo 4",4,66,Italia,Giuseppe Wilson,,Francesco Morini,,False
3623,1974,Haití,Polonia,"1ra Ronda, Grupo 4",4,65,Polonia,Leslaw Cmikiewicz,,Zygmunt Maszczyk,,False
3624,1974,Haití,Polonia,"1ra Ronda, Grupo 4",4,71,Polonia,Zbigniew Gut,,Adam Musial,,False
3625,1974,Bulgaria,Uruguay,"1ra Ronda, Grupo 3",3,59,Bulgaria,Atanas Mikhailov,,Asparukh Nikodimov,,False
3626,1974,Bulgaria,Uruguay,"1ra Ronda, Grupo 3",3,62,Uruguay,Alberto Cardaccio,,Walter Mantegazza,,False
3627,1974,Bulgaria,Uruguay,"1ra Ronda, Grupo 3",3,73,Uruguay,Juan Masnik,,Luis Garisto,,False
3628,1974,Zaire,Brasil,"1ra Ronda, Grupo 2",2,61,Zaire,Kilasu Massamba,,Tshinabu Wa Munda,,False
3629,1974,Zaire,Brasil,"1ra Ronda, Grupo 2",2,62,Zaire,Kembo Uba Kembo,,Kidumu Mantantu,,False
3630,1974,Zaire,Brasil,"1ra Ronda, Grupo 2",2,10,Brasil,Valdomiro,,Leivinha,,False
3631,1974,Zaire,Brasil,"1ra Ronda, Grupo 2",2,59,Brasil,Mirandinha,,Wilson Piazza,,False
3632,1974,Alemania Oriental,Alemania Occidental,"1ra Ronda, Grupo 1",1,65,Alemania Oriental,Erich Hamann,,Harald Irmscher,,False
3633,1974,Alemania Oriental,Alemania Occidental,"1ra Ronda, Grupo 1",1,68,Alemania Occidental,Horst-Dieter Hoettges,,Hans-Georg Schwarzenbeck,,False
3634,1974,Alemania Oriental,Alemania Occidental,"1ra Ronda, Grupo 1",1,69,Alemania Occidental,Guenter Netzer,,Wolfgang Overath,,False
3635,1974,Australia,Chile,"1ra Ronda, Grupo 1",1,65,Australia,Peter Ollerton,,Adrian Alston,,False
3636,1974,Australia,Chile,"1ra Ronda, Grupo 1",1,82,Australia,Harry Williams,,Colin Curran,,False
3637,1974,Australia,Chile,"1ra Ronda, Grupo 1",1,57,Chile,Rogelio Farias,,Francisco Valdes,,False
3638,1974,Australia,Chile,"1ra Ronda, Grupo 1",1,72,Chile,Guillermo Yavar,,Leonardo Veliz,,False
3639,1974,Escocia,Yugoslavia,"1ra Ronda, Grupo 2",2,65,Escocia,Tommy Hutchinson,,Kenny Dalglish,,False
3640,1974,Escocia,Yugoslavia,"1ra Ronda, Grupo 2",2,70,Yugoslavia,Stanislav Karasi,,Dusan Bajevic,,False
3641,1974,Polonia,Italia,"1ra Ronda, Grupo 4",4,78,Polonia,Leslaw Cmikiewicz,,Andrzej Szarmach,,False
3642,1974,Polonia,Italia,"1ra Ronda, Grupo 4",4,33,Italia,Giuseppe Wilson,,Tarcisio Burgnich,,False
3643,1974,Polonia,Italia,"1ra Ronda, Grupo 4",4,46,Italia,Roberto Boninsegna,,Giorgio Chinaglia,,True
3644,1974,Argentina,Haití,"1ra Ronda, Grupo 4",4,52,Argentina,Augustin Balbuena,,Mario Kempes,,False
3645,1974,Argentina,Haití,"1ra Ronda, Grupo 4",4,57,Argentina,Miguel Brindisi,,Rene Houseman,,False
3646,1974,Argentina,Haití,"1ra Ronda, Grupo 4",4,25,Argentina,Joseph-Marion Leandre,,Wilner Nazaire,,False
3647,1974,Argentina,Haití,"1ra Ronda, Grupo 4",4,52,Argentina,Fritz Leandre,,Guy Saint-Vil,,False
3648,1974,Bulgaria,Paises Bajos,"1ra Ronda, Grupo 3",3,46,Bulgaria,Atanas Mikhailov,,Ivan Stoyanov,,True
3649,1974,Bulgaria,Paises Bajos,"1ra Ronda, Grupo 3",3,55,Bulgaria,Krasimir Borisov,,Pavel Panov,,False
3650,1974,Bulgaria,Paises Bajos,"1ra Ronda, Grupo 3",3,46,Paises Bajos,Rinus Israel,,Wim Van Hanegem,,True
3651,1974,Bulgaria,Paises Bajos,"1ra Ronda, Grupo 3",3,79,Paises Bajos,Theo De Jong,,Johan Neeskens,,False
3652,1974,Suecia,Uruguay,"1ra Ronda, Grupo 3",3,60,Suecia,Thomas Ahlstrom,,Benno Magnusson,,False
3653,1974,Suecia,Uruguay,"1ra Ronda, Grupo 3",3,76,Suecia,Conny Torstensson,,Ove Kindvall,,False
3654,1974,Suecia,Uruguay,"1ra Ronda, Grupo 3",3,43,Uruguay,Luis Cubilla,,Ruben Corbo,,False
3655,1974,Suecia,Uruguay,"1ra Ronda, Grupo 3",3,46,Uruguay,Juan Masnik,,Luis Garisto,,True
3656,1974,Suecia,Polonia,"2da Ronda, Grupo B",B,60,Suecia,Jorgen Augustsson,,Bjorn Andersson,,False
3657,1974,Suecia,Polonia,"2da Ronda, Grupo B",B,80,Suecia,Thomas Ahlstrom,,Staffan Tapper,,False
3658,1974,Suecia,Polonia,"2da Ronda, Grupo B",B,60,Polonia,Kazimierz Kmiecik,,Andrzej Szarmach,,False
3659,1974,Yugoslavia,Alemania Occidental,"2da Ronda, Grupo B",B,84,Yugoslavia,Jurica Jerkovic,,Branko Oblak,,False
3660,1974,Yugoslavia,Alemania Occidental,"2da Ronda, Grupo B",B,84,Yugoslavia,Ilija Petkovic,,Dragan Dzajic,,False
3661,1974,Yugoslavia,Alemania Occidental,"2da Ronda, Grupo B",B,73,Alemania Occidental,Uli Hoeness,,Herbert Wimmer,,False
3662,1974,Yugoslavia,Alemania Occidental,"2da Ronda, Grupo B",B,78,Alemania Occidental,Heinz Flohe,,Bernd Hoelzenbein,,False
3663,1974,Paises Bajos,Argentina,"2da Ronda, Grupo A",A,84,Paises Bajos,Rinus Israel,,Wim Suurbier,,False
3664,1974,Paises Bajos,Argentina,"2da Ronda, Grupo A",A,46,Argentina,Mario Kempes,,Rene Houseman,,True
3665,1974,Paises Bajos,Argentina,"2da Ronda, Grupo A",A,46,Argentina,Ruben Glaria,,Enrique Wolff,,True
3666,1974,Brasil,Alemania Oriental,"2da Ronda, Grupo A",A,46,Alemania Oriental,Harald Irmscher,,Erich Hamann,,True
3667,1974,Brasil,Alemania Oriental,"2da Ronda, Grupo A",A,64,Alemania Oriental,Wolfram Loewe,,Reinhard Lauck,,False
3668,1974,Alemania Oriental,Paises Bajos,"2da Ronda, Grupo A",A,54,Alemania Oriental,Peter Ducke,,Wolfram Loewe,,False
3669,1974,Alemania Oriental,Paises Bajos,"2da Ronda, Grupo A",A,64,Alemania Oriental,Hans-Juergen Kreische,,Reinhard Lauck,,False
3670,1974,Argentina,Brasil,"2da Ronda, Grupo A",A,46,Argentina,Jorge Carrascosa,,Mario Kempes,,True
3671,1974,Argentina,Brasil,"2da Ronda, Grupo A",A,46,Argentina,Rene Houseman,,Francisco Sa,,True
3672,1974,Polonia,Yugoslavia,"2da Ronda, Grupo B",B,57,Polonia,Leslaw Cmikiewicz,,Andrzej Szarmach,,False
3673,1974,Polonia,Yugoslavia,"2da Ronda, Grupo B",B,80,Polonia,Jan Domarski,,Kazimierz Deyna,,False
3674,1974,Polonia,Yugoslavia,"2da Ronda, Grupo B",B,16,Yugoslavia,Jurica Jerkovic,,Branko Oblak,,False
3675,1974,Polonia,Yugoslavia,"2da Ronda, Grupo B",B,81,Yugoslavia,Vladimir Petrovic,,Ilija Petkovic,,False
3676,1974,Alemania Occidental,Suecia,"2da Ronda, Grupo B",B,64,Alemania Occidental,Juergen Grabowski,,Dieter Herzog,,False
3677,1974,Alemania Occidental,Suecia,"2da Ronda, Grupo B",B,83,Alemania Occidental,Heinz Flohe,,Bernd Hoelzenbein,,False
3678,1974,Alemania Occidental,Suecia,"2da Ronda, Grupo B",B,32,Suecia,Inge Ejderstedt,,Bo Larsson,,False
3679,1974,Suecia,Yugoslavia,"2da Ronda, Grupo B",B,70,Yugoslavia,Stanislav Karasi,,Vladimir Petrovic,,False
3680,1974,Suecia,Yugoslavia,"2da Ronda, Grupo B",B,78,Yugoslavia,Luka Peruzovic,,Miroslav Pavlovic,,False
3681,1974,Argentina,Alemania Oriental,"2da Ronda, Grupo A",A,65,Alemania Oriental,Eberhard Vogel,,Wolfram Loewe,,False
3682,1974,Argentina,Alemania Oriental,"2da Ronda, Grupo A",A,80,Alemania Oriental,Peter Ducke,,Joachim Streich,,False
3683,1974,Polonia,Alemania Occidental,"2da Ronda, Grupo B",B,80,Polonia,Leslaw Cmikiewicz,,Zygmunt Maszczyk,,False
3684,1974,Polonia,Alemania Occidental,"2da Ronda, Grupo B",B,80,Polonia,Kazimierz Kmiecik,,Henryk Kasperczak,,False
3685,1974,Paises Bajos,Brasil,"2da Ronda, Grupo A",A,67,Paises Bajos,Theo De Jong,,Rob Rensenbrink,,False
3686,1974,Paises Bajos,Brasil,"2da Ronda, Grupo A",A,85,Paises Bajos,Rinus Israel,,Johan Neeskens,,False
3687,1974,Paises Bajos,Brasil,"2da Ronda, Grupo A",A,61,Brasil,Mirandinha,,Paulo Cesar,,False
3688,1974,Brasil,Polonia,3er Puesto,,66,Brasil,Mirandinha,,Ademir Da Guia,,False
3689,1974,Brasil,Polonia,3er Puesto,,73,Polonia,Leslaw Cmikiewicz,,Henryk Kasperczak,,False
3690,1974,Brasil,Polonia,3er Puesto,,75,Polonia,Zdzislaw Kapka,,Andrzej Szarmach,,False
3691,1974,Paises Bajos,Alemania Occidental,Final,,46,Paises Bajos,Rene Van De Kerkhof,,Rob Rensenbrink,,True
3692,1974,Paises Bajos,Alemania Occidental,Final,,68,Paises Bajos,Theo De Jong,,Wim Rijsbergen,,False
3693,1970,México,URSS,"1ra Ronda, Grupo 1",1,67,xico,Antonio Munguia,,Mario Velarde,,False
3694,1970,México,URSS,"1ra Ronda, Grupo 1",1,46,URSS,Anatoli Puzach,,Viktor Serebryanikov,,True
3695,1970,México,URSS,"1ra Ronda, Grupo 1",1,66,URSS,Vitali Khmelnitski,,Givili Nodiya,,False
3696,1970,Inglaterra,Rumania,"1ra Ronda, Grupo 3",3,51,Inglaterra,Tommy Wright,,Keith Newton,,False
3697,1970,Inglaterra,Rumania,"1ra Ronda, Grupo 3",3,75,Inglaterra,Peter Osgood,,Francis Lee,,False
3698,1970,Inglaterra,Rumania,"1ra Ronda, Grupo 3",3,73,Rumania,Alexandru Neagu,,Gheorghe Tataru,,False
3699,1970,Uruguay,Israel,"1ra Ronda, Grupo 2",2,12,Uruguay,Julio Cortes,,Pedro Rocha,,False
3700,1970,Uruguay,Israel,"1ra Ronda, Grupo 2",2,46,Israel,Shraga Bar,,Rahamim Talbi,,True
3701,1970,Uruguay,Israel,"1ra Ronda, Grupo 2",2,57,Israel,Johanan Vallach,,Dani Shmulevich-Rom,,False
3702,1970,Perú,Bulgaria,"1ra Ronda, Grupo 4",4,59,Bulgaria,Dimitar Marashliev,,Georgi Popov,,False
3703,1970,Perú,Bulgaria,"1ra Ronda, Grupo 4",4,73,Bulgaria,Georgi Asparukhov,,Hristo Bonev,,False
3704,1970,Italia,Suecia,"1ra Ronda, Grupo 2",2,37,Italia,Roberto Rosato,,Comunardo Niccolai,,False
3705,1970,Italia,Suecia,"1ra Ronda, Grupo 2",2,56,Suecia,Inge Ejderstedt,,Leif Eriksson,,False
3706,1970,Italia,Suecia,"1ra Ronda, Grupo 2",2,80,Suecia,Goran Nicklasson,,Bo Larsson,,False
3707,1970,Alemania Occidental,Marruecos,"1ra Ronda, Grupo 4",4,46,Alemania Occidental,Juergen Grabowski,,Helmut Haller,,True
3708,1970,Alemania Occidental,Marruecos,"1ra Ronda, Grupo 4",4,77,Alemania Occidental,Hennes Loehr,,Horst-Dieter Hoettges,,False
3709,1970,Alemania Occidental,Marruecos,"1ra Ronda, Grupo 4",4,56,Marruecos,Abdelkader El Khyati,,Mahjoub Ghazouani,,False
3710,1970,Alemania Occidental,Marruecos,"1ra Ronda, Grupo 4",4,72,Marruecos,Ahmed Faras,,Driss Bamous,,False
3711,1970,Bélgica,El Salvador,"1ra Ronda, Grupo 1",1,79,lgica,Odilon Polleunis,,Leon Semmeling,,False
3712,1970,Bélgica,El Salvador,"1ra Ronda, Grupo 1",1,67,El Salvador,Santiago Mendez Cortes,,Mauricio Manzano,,False
3713,1970,Bélgica,El Salvador,"1ra Ronda, Grupo 1",1,80,El Salvador,Genaro Sermeno,,Mauricio Rodriguez,,False
3714,1970,Brasil,Checoslovaquia,"1ra Ronda, Grupo 3",3,62,Brasil,Paulo Cesar,,Gerson,,False
3715,1970,Brasil,Checoslovaquia,"1ra Ronda, Grupo 3",3,46,Checoslovaquia,Andrej Kvasnak,,Ivan Hrdlicka,,False
3716,1970,Brasil,Checoslovaquia,"1ra Ronda, Grupo 3",3,75,Checoslovaquia,Bohumil Vesely,,Frantisek Vesely,,False
3717,1970,Perú,Marruecos,"1ra Ronda, Grupo 4",4,66,Marruecos,Jilali Fadili,,Boujamaa Benkhrif,,False
3718,1970,Perú,Marruecos,"1ra Ronda, Grupo 4",4,81,Marruecos,Ahmed Alaoui,,Ghandi Said,,False
3719,1970,Rumania,Checoslovaquia,"1ra Ronda, Grupo 3",3,69,Rumania,Gheorghe Tataru,,Mircea Lucescu,,False
3720,1970,Rumania,Checoslovaquia,"1ra Ronda, Grupo 3",3,81,Rumania,Vasile Gherghely,,Ion Dumitru,,False
3721,1970,Rumania,Checoslovaquia,"1ra Ronda, Grupo 3",3,46,Checoslovaquia,Jozef Adamec,,Jozef Jurkanin,,True
3722,1970,Rumania,Checoslovaquia,"1ra Ronda, Grupo 3",3,69,Checoslovaquia,Frantisek Vesely,,Karol Jokl,,False
3723,1970,URSS,Bélgica,"1ra Ronda, Grupo 1",1,34,URSS,Evgeni Lovchev,,Vladimir Kaplichni,,False
3724,1970,URSS,Bélgica,"1ra Ronda, Grupo 1",1,73,URSS,Nicolai Kiselyov,,Revaz Dzodzvashvili,,False
3725,1970,Uruguay,Italia,"1ra Ronda, Grupo 2",2,70,Uruguay,Oscar Zubia,,Ruben Bareno,,False
3726,1970,Uruguay,Italia,"1ra Ronda, Grupo 2",2,46,Italia,Giuseppe Furino,,Angelo Domenghini,,True
3727,1970,Suecia,Israel,"1ra Ronda, Grupo 2",2,76,Suecia,Sten Palsson,,Orjan Persson,,False
3728,1970,Suecia,Israel,"1ra Ronda, Grupo 2",2,51,Israel,Aharon Shuruk,,Johanan Vallach,,False
3729,1970,México,El Salvador,"1ra Ronda, Grupo 1",1,46,xico,Horacio Lopez Salgado,,Enrique Borja,,True
3730,1970,México,El Salvador,"1ra Ronda, Grupo 1",1,76,xico,Juan Ignacio Basaguren,,Horacio Lopez Salgado,,False
3731,1970,México,El Salvador,"1ra Ronda, Grupo 1",1,58,El Salvador,Sergio Mendez,,Ernesto Aparicio,,False
3732,1970,México,El Salvador,"1ra Ronda, Grupo 1",1,68,El Salvador,Mario Monge,,Santiago Mendez Cortes,,False
3733,1970,Alemania Occidental,Bulgaria,"1ra Ronda, Grupo 4",4,58,Alemania Occidental,Juergen Grabowski,,Hennes Loehr,,False
3734,1970,Alemania Occidental,Bulgaria,"1ra Ronda, Grupo 4",4,72,Alemania Occidental,Wolfgang Weber,,Franz Beckenbauer,,False
3735,1970,Alemania Occidental,Bulgaria,"1ra Ronda, Grupo 4",4,46,Bulgaria,Vasil Mitkov,,Dinko Dermendzhiev,,True
3736,1970,Alemania Occidental,Bulgaria,"1ra Ronda, Grupo 4",4,58,Bulgaria,Aleksandar Shalamanov,,Boris Gaganelov,,False
3737,1970,Brasil,Inglaterra,"1ra Ronda, Grupo 3",3,68,Brasil,Roberto,,Tostao,,False
3738,1970,Brasil,Inglaterra,"1ra Ronda, Grupo 3",3,63,Inglaterra,Colin Bell,,Francis Lee,,False
3739,1970,Brasil,Inglaterra,"1ra Ronda, Grupo 3",3,63,Inglaterra,Jeff Astle,,Bobby Charlton,,False
3740,1970,URSS,El Salvador,"1ra Ronda, Grupo 1",1,46,URSS,Gennadi Yevryuzhikhin,,Anatoli Puzach,,True
3741,1970,URSS,El Salvador,"1ra Ronda, Grupo 1",1,81,URSS,Kakhi Asatiani,,Nicolai Kiselyov,,False
3742,1970,URSS,El Salvador,"1ra Ronda, Grupo 1",1,82,El Salvador,Ernesto Aparicio,,Salvador Flamenco Cabezas,,False
3743,1970,URSS,El Salvador,"1ra Ronda, Grupo 1",1,86,El Salvador,Genaro Sermeno,,Mauricio Rodriguez,,False
3744,1970,Suecia,Uruguay,"1ra Ronda, Grupo 2",2,58,Suecia,Tom Turesson,,Ove Kindvall,,False
3745,1970,Suecia,Uruguay,"1ra Ronda, Grupo 2",2,84,Suecia,Ove Grahn,,Goran Nicklasson,,False
3746,1970,Suecia,Uruguay,"1ra Ronda, Grupo 2",2,61,Uruguay,Dagoberto Fontes,,Victor Esparrago,,False
3747,1970,Alemania Occidental,Perú,"1ra Ronda, Grupo 4",4,46,Alemania Occidental,Bernd Patzke,,Horst-Dieter Hoettges,,True
3748,1970,Alemania Occidental,Perú,"1ra Ronda, Grupo 4",4,75,Alemania Occidental,Juergen Grabowski,,Stan Libuda,,False
3749,1970,Alemania Occidental,Perú,"1ra Ronda, Grupo 4",4,56,Alemania Occidental,Osvaldo Ramirez,,Pedro Leon,,False
3750,1970,Alemania Occidental,Perú,"1ra Ronda, Grupo 4",4,72,Alemania Occidental,Luis Cruzado,,Roberto Challe,,False
3751,1970,Brasil,Rumania,"1ra Ronda, Grupo 3",3,60,Brasil,Marco Antonio,,Everaldo,,False
3752,1970,Brasil,Rumania,"1ra Ronda, Grupo 3",3,74,Brasil,Edu,,Clodoaldo,,False
3753,1970,Brasil,Rumania,"1ra Ronda, Grupo 3",3,27,Rumania,Necula Raducanu,,Stere Adamache,,False
3754,1970,Brasil,Rumania,"1ra Ronda, Grupo 3",3,72,Rumania,Gheorghe Tataru,,Florea Dumitrache,,False
3755,1970,Bulgaria,Marruecos,"1ra Ronda, Grupo 4",4,42,Bulgaria,Ivan Dimitrov,,Dimitar Penev,,False
3756,1970,Bulgaria,Marruecos,"1ra Ronda, Grupo 4",4,50,Bulgaria,Hristo Bonev,,Dimitar Yakimov,,False
3757,1970,Bulgaria,Marruecos,"1ra Ronda, Grupo 4",4,46,Marruecos,Mustafa Choukri,,Driss Bamous,,True
3758,1970,Bulgaria,Marruecos,"1ra Ronda, Grupo 4",4,74,Marruecos,Ahmed Faras,,Ahmed Alaoui,,False
3759,1970,Inglaterra,Checoslovaquia,"1ra Ronda, Grupo 3",3,65,Inglaterra,Alan Ball,,Bobby Charlton,,False
3760,1970,Inglaterra,Checoslovaquia,"1ra Ronda, Grupo 3",3,65,Inglaterra,Peter Osgood,,Jeff Astle,,False
3761,1970,Inglaterra,Checoslovaquia,"1ra Ronda, Grupo 3",3,72,Checoslovaquia,Karol Jokl,,Jozef Capkovic,,False
3762,1970,México,Bélgica,"1ra Ronda, Grupo 1",1,46,xico,Juan Ignacio Basaguren,,Javier Valdivia,,True
3763,1970,México,Bélgica,"1ra Ronda, Grupo 1",1,65,lgica,Johannes Devrindt,,Odilon Polleunis,,False
3764,1970,Italia,Israel,"1ra Ronda, Grupo 2",2,46,Italia,Gianni Rivera,,Angelo Domenghini,,True
3765,1970,Italia,Israel,"1ra Ronda, Grupo 2",2,46,Israel,Dani Shmulevich-Rom,,Jehoshua Faigenbaum,,True
3766,1970,Alemania Occidental,Inglaterra,Cuartos,,46,Alemania Occidental,Willi Schulz,,Horst-Dieter Hoettges,,True
3767,1970,Alemania Occidental,Inglaterra,Cuartos,,55,Alemania Occidental,Juergen Grabowski,,Stan Libuda,,False
3768,1970,Alemania Occidental,Inglaterra,Cuartos,,70,Inglaterra,Colin Bell,,Bobby Charlton,,False
3769,1970,Alemania Occidental,Inglaterra,Cuartos,,81,Inglaterra,Norman Hunter,,Martin Peters,,False
3770,1970,Italia,México,Cuartos,,46,Italia,Gianni Rivera,,Sandro Mazzola,,True
3771,1970,Italia,México,Cuartos,,84,Italia,Sergio Gori,,Angelo Domenghini,,False
3772,1970,Italia,México,Cuartos,,60,xico,Isidoro Diaz,,Antonio Munguia,,False
3773,1970,Italia,México,Cuartos,,68,xico,Enrique Borja,,Jose Gonzalez,,False
3774,1970,Uruguay,URSS,Cuartos,,96,Uruguay,Alberto Gomez,,Julio Morales,,False
3775,1970,Uruguay,URSS,Cuartos,,103,Uruguay,Victor Esparrago,,Dagoberto Fontes,,False
3776,1970,Uruguay,URSS,Cuartos,,71,URSS,Nicolai Kiselyov,,Kakhi Asatiani,,False
3777,1970,Uruguay,URSS,Cuartos,,86,URSS,Gennadi Logofet,,Murtaz Khurtsilava,,False
3778,1970,Brasil,Perú,Cuartos,,67,Brasil,Paulo Cesar,,Gerson,,False
3779,1970,Brasil,Perú,Cuartos,,80,Brasil,Roberto,,Jairzinho,,False
3780,1970,Brasil,Perú,Cuartos,,54,Brasil,Hugo Sotil,,Julio Baylon,,False
3781,1970,Brasil,Perú,Cuartos,,61,Brasil,Eladio Reyes,,Pedro Leon,,False
3782,1970,Uruguay,Brasil,Semis,,77,Uruguay,Victor Esparrago,,Ildo Maneiro,,False
3783,1970,Italia,Alemania Occidental,Semis,,46,Italia,Gianni Rivera,,Sandro Mazzola,,True
3784,1970,Italia,Alemania Occidental,Semis,,91,Italia,Fabrizio Poletti,,Roberto Rosato,,True
3785,1970,Italia,Alemania Occidental,Semis,,53,Alemania Occidental,Stan Libuda,,Hennes Loehr,,False
3786,1970,Italia,Alemania Occidental,Semis,,66,Alemania Occidental,Sigi Held,,Bernd Patzke,,False
3787,1970,Uruguay,Alemania Occidental,3er Puesto,,46,Uruguay,Victor Esparrago,,Dagoberto Fontes,,True
3788,1970,Uruguay,Alemania Occidental,3er Puesto,,67,Uruguay,Rodolfo Sandoval,,Ildo Maneiro,,False
3789,1970,Uruguay,Alemania Occidental,3er Puesto,,46,Alemania Occidental,Max Lorenz,,Karl-Heinz Schnellinger,,True
3790,1970,Uruguay,Alemania Occidental,3er Puesto,,73,Alemania Occidental,Hennes Loehr,,Stan Libuda,,False
3791,1970,Brasil,Italia,Final,,74,Italia,Antonio Juliano,,Mario Bertini,,False
3792,1970,Brasil,Italia,Final,,84,Italia,Gianni Rivera,,Roberto Boninsegna,,False
