id,mundial,pais1,pais2,tipo_ronda,grupo,minuto,jugador,referencia,equipo,es_penal,fue_en_tiempo_extra
1,2022,Catar,Ecuador,"1ra Ronda, Grupo A",A,16,Enner Valencia (de penal),,Ecuador,True,False
2,2022,Catar,Ecuador,"1ra Ronda, Grupo A",A,31,Enner Valencia,,Ecuador,False,False
3,2022,Inglaterra,Irán,"1ra Ronda, Grupo B",B,35,Jude Bellingham,,Inglaterra,False,False
4,2022,Inglaterra,Irán,"1ra Ronda, Grupo B",B,43,Bukayo Saka,,Inglaterra,False,False
5,2022,Inglaterra,Irán,"1ra Ronda, Grupo B",B,45,Raheem Sterling,,Inglaterra,False,False
6,2022,Inglaterra,Irán,"1ra Ronda, Grupo B",B,62,Bukayo Saka,,Inglaterra,False,False
7,2022,Inglaterra,Irán,"1ra Ronda, Grupo B",B,65,Mehdi Taremi,,Irán,False,False
8,2022,Inglaterra,Irán,"1ra Ronda, Grupo B",B,71,Marcus Rashford,,Inglaterra,False,False
9,2022,Inglaterra,Irán,"1ra Ronda, Grupo B",B,90,Jack Grealish,,Inglaterra,False,False
10,2022,Inglaterra,Irán,"1ra Ronda, Grupo B",B,90,Mehdi Taremi (de penal),,Irán,True,False
11,2022,Senegal,Paises Bajos,"1ra Ronda, Grupo A",A,84,Cody Gakpo,,Paises Bajos,False,False
12,2022,Senegal,Paises Bajos,"1ra Ronda, Grupo A",A,90,Davy Klaassen,,Paises Bajos,False,False
13,2022,Estados Unidos,Gales,"1ra Ronda, Grupo B",B,36,Tim Weah,,Estados Unidos,False,False
14,2022,Estados Unidos,Gales,"1ra Ronda, Grupo B",B,82,Gareth Bale (de penal),,Gales,True,False
15,2022,Argentina,Arabia Saudita,"1ra Ronda, Grupo C",C,10,Lionel Messi (de penal),,Argentina,True,False
16,2022,Argentina,Arabia Saudita,"1ra Ronda, Grupo C",C,48,Saleh Al-Shehri,,Arabia Saudita,False,False
17,2022,Argentina,Arabia Saudita,"1ra Ronda, Grupo C",C,53,Salem Al-Dawsari,,Arabia Saudita,False,False
18,2022,Francia,Australia,"1ra Ronda, Grupo D",D,9,Craig Goodwin,,Australia,False,False
19,2022,Francia,Australia,"1ra Ronda, Grupo D",D,27,Adrien Rabiot,,Francia,False,False
20,2022,Francia,Australia,"1ra Ronda, Grupo D",D,32,Olivier Giroud,,Francia,False,False
21,2022,Francia,Australia,"1ra Ronda, Grupo D",D,68,Kylian Mbappé,,Francia,False,False
22,2022,Francia,Australia,"1ra Ronda, Grupo D",D,71,Olivier Giroud,,Francia,False,False
23,2022,Alemania,Japón,"1ra Ronda, Grupo E",E,33,Ilkay Gündogan (de penal),,Alemania,True,False
24,2022,Alemania,Japón,"1ra Ronda, Grupo E",E,75,Ritsu Doan,,Japón,False,False
25,2022,Alemania,Japón,"1ra Ronda, Grupo E",E,83,Takuma Asano,,Japón,False,False
26,2022,España,Costa Rica,"1ra Ronda, Grupo E",E,11,Dani Olmo,,España,False,False
27,2022,España,Costa Rica,"1ra Ronda, Grupo E",E,21,Marco Asensio,,España,False,False
28,2022,España,Costa Rica,"1ra Ronda, Grupo E",E,31,Ferran Torres,,España,True,False
29,2022,España,Costa Rica,"1ra Ronda, Grupo E",E,54,Ferran Torres,,España,False,False
30,2022,España,Costa Rica,"1ra Ronda, Grupo E",E,74,Gavi,,España,False,False
31,2022,España,Costa Rica,"1ra Ronda, Grupo E",E,90,Carlos Soler,,España,False,False
32,2022,España,Costa Rica,"1ra Ronda, Grupo E",E,90,Álvaro Morata,,España,False,False
33,2022,Bélgica,Canadá,"1ra Ronda, Grupo F",F,44,Michy Batshuayi,,Bélgica,False,False
34,2022,Suiza,Camerún,"1ra Ronda, Grupo G",G,48,Breel Embolo,,Suiza,False,False
35,2022,Portugal,Ghana,"1ra Ronda, Grupo H",H,65,Cristiano Ronaldo (de penal),,Portugal,True,False
36,2022,Portugal,Ghana,"1ra Ronda, Grupo H",H,73,Andre Ayew,,Ghana,False,False
37,2022,Portugal,Ghana,"1ra Ronda, Grupo H",H,78,João Félix,,Portugal,False,False
38,2022,Portugal,Ghana,"1ra Ronda, Grupo H",H,80,Rafael Leão,,Portugal,False,False
39,2022,Portugal,Ghana,"1ra Ronda, Grupo H",H,89,Osman Bukari,,Ghana,False,False
40,2022,Brasil,Serbia,"1ra Ronda, Grupo G",G,62,Richarlison,,Brasil,False,False
41,2022,Brasil,Serbia,"1ra Ronda, Grupo G",G,73,Richarlison,,Brasil,False,False
42,2022,Gales,Irán,"1ra Ronda, Grupo B",B,90,Rouzbeh Cheshmi,,Irán,False,False
43,2022,Gales,Irán,"1ra Ronda, Grupo B",B,90,Ramin Rezaeian,,Irán,False,False
44,2022,Catar,Senegal,"1ra Ronda, Grupo A",A,41,Boulaye Dia,,Senegal,False,False
45,2022,Catar,Senegal,"1ra Ronda, Grupo A",A,48,Famara Diéhiou,,Senegal,False,False
46,2022,Catar,Senegal,"1ra Ronda, Grupo A",A,78,Mohammed Muntari,,Catar,False,False
47,2022,Catar,Senegal,"1ra Ronda, Grupo A",A,84,Bamba Dieng,,Senegal,False,False
48,2022,Paises Bajos,Ecuador,"1ra Ronda, Grupo A",A,6,Cody Gakpo,,Paises Bajos,False,False
49,2022,Paises Bajos,Ecuador,"1ra Ronda, Grupo A",A,49,Enner Valencia,,Ecuador,False,False
50,2022,Túnez,Australia,"1ra Ronda, Grupo D",D,23,Mitchell Duke,,Australia,False,False
51,2022,Polonia,Arabia Saudita,"1ra Ronda, Grupo C",C,39,Piotr Zieliński,,Polonia,False,False
52,2022,Polonia,Arabia Saudita,"1ra Ronda, Grupo C",C,82,Robert Lewandowski,,Polonia,False,False
53,2022,Francia,Dinamarca,"1ra Ronda, Grupo D",D,61,Kylian Mbappé,,Francia,False,False
54,2022,Francia,Dinamarca,"1ra Ronda, Grupo D",D,68,Andreas Christensen,,Dinamarca,False,False
55,2022,Francia,Dinamarca,"1ra Ronda, Grupo D",D,86,Kylian Mbappé,,Francia,False,False
56,2022,Argentina,México,"1ra Ronda, Grupo C",C,64,Lionel Messi,,Argentina,False,False
57,2022,Argentina,México,"1ra Ronda, Grupo C",C,87,Enzo Fernandez,,Argentina,False,False
58,2022,Japón,Costa Rica,"1ra Ronda, Grupo E",E,81,Keysher Fuller,,Costa Rica,False,False
59,2022,Bélgica,Marruecos,"1ra Ronda, Grupo F",F,73,Romain Saïss,,Marruecos,False,False
60,2022,Bélgica,Marruecos,"1ra Ronda, Grupo F",F,90,Zakaria Aboukhlal,,Marruecos,False,False
61,2022,Croacia,Canadá,"1ra Ronda, Grupo F",F,2,Alphonso Davies,,Canadá,False,False
62,2022,Croacia,Canadá,"1ra Ronda, Grupo F",F,36,Andrej Kramarić,,Croacia,False,False
63,2022,Croacia,Canadá,"1ra Ronda, Grupo F",F,44,Marko Livaja,,Croacia,False,False
64,2022,Croacia,Canadá,"1ra Ronda, Grupo F",F,70,Andrej Kramarić,,Croacia,False,False
65,2022,Croacia,Canadá,"1ra Ronda, Grupo F",F,90,Lovro Majer,,Croacia,False,False
66,2022,España,Alemania,"1ra Ronda, Grupo E",E,62,Álvaro Morata,,España,False,False
67,2022,España,Alemania,"1ra Ronda, Grupo E",E,83,Niclas Füllkrug,,Alemania,False,False
68,2022,Camerún,Serbia,"1ra Ronda, Grupo G",G,29,Jean-Charles Castelletto,,Camerún,False,False
69,2022,Camerún,Serbia,"1ra Ronda, Grupo G",G,45,Strahinja Pavlovic,,Serbia,False,False
70,2022,Camerún,Serbia,"1ra Ronda, Grupo G",G,45,Sergej Milinković-Savić,,Serbia,False,False
71,2022,Camerún,Serbia,"1ra Ronda, Grupo G",G,53,Aleksandar Mitrović,,Serbia,False,False
72,2022,Camerún,Serbia,"1ra Ronda, Grupo G",G,63,Vincent Aboubakar,,Camerún,False,False
73,2022,Camerún,Serbia,"1ra Ronda, Grupo G",G,66,Eric Maxim Choupo Moting,,Camerún,False,False
74,2022,Corea del Sur,Ghana,"1ra Ronda, Grupo H",H,24,Mohammed Salisu,,Ghana,False,False
75,2022,Corea del Sur,Ghana,"1ra Ronda, Grupo H",H,34,Mohammed Kudus,,Ghana,False,False
76,2022,Corea del Sur,Ghana,"1ra Ronda, Grupo H",H,58,Gue-sung Cho,,Corea del Sur,False,False
77,2022,Corea del Sur,Ghana,"1ra Ronda, Grupo H",H,61,Gue-sung Cho,,Corea del Sur,False,False
78,2022,Corea del Sur,Ghana,"1ra Ronda, Grupo H",H,68,Mohammed Kudus,,Ghana,False,False
79,2022,Brasil,Suiza,"1ra Ronda, Grupo G",G,83,Casemiro,,Brasil,False,False
80,2022,Portugal,Uruguay,"1ra Ronda, Grupo H",H,54,Bruno Fernandes,,Portugal,False,False
81,2022,Portugal,Uruguay,"1ra Ronda, Grupo H",H,90,Bruno Fernandes,,Portugal,False,False
82,2022,Paises Bajos,Catar,"1ra Ronda, Grupo A",A,26,Cody Gakpo,,Paises Bajos,False,False
83,2022,Paises Bajos,Catar,"1ra Ronda, Grupo A",A,49,Frenkie de Jong,,Paises Bajos,False,False
84,2022,Ecuador,Senegal,"1ra Ronda, Grupo A",A,44,Ismaïla Sarr,,Senegal,False,False
85,2022,Ecuador,Senegal,"1ra Ronda, Grupo A",A,67,Moisés Caicedo,,Ecuador,False,False
86,2022,Ecuador,Senegal,"1ra Ronda, Grupo A",A,70,Kalidou Koulibaly,,Senegal,False,False
87,2022,Gales,Inglaterra,"1ra Ronda, Grupo B",B,50,Marcus Rashford,,Inglaterra,False,False
88,2022,Gales,Inglaterra,"1ra Ronda, Grupo B",B,51,Phil Foden,,Inglaterra,False,False
89,2022,Gales,Inglaterra,"1ra Ronda, Grupo B",B,68,Marcus Rashford,,Inglaterra,False,False
90,2022,Irán,Estados Unidos,"1ra Ronda, Grupo B",B,38,Christian Pulisic,,Estados Unidos,False,False
91,2022,Australia,Dinamarca,"1ra Ronda, Grupo D",D,60,Mathew Leckie,,Australia,False,False
92,2022,Túnez,Francia,"1ra Ronda, Grupo D",D,58,Wahbi Khazri,,Túnez,False,False
93,2022,Arabia Saudita,México,"1ra Ronda, Grupo C",C,47,Henry Martin,,México,False,False
94,2022,Arabia Saudita,México,"1ra Ronda, Grupo C",C,52,Luis Chávez,,México,False,False
95,2022,Arabia Saudita,México,"1ra Ronda, Grupo C",C,90,Salem Al-Dawsari,,Arabia Saudita,False,False
96,2022,Polonia,Argentina,"1ra Ronda, Grupo C",C,46,Alexis Mac Allister,,Argentina,False,False
97,2022,Polonia,Argentina,"1ra Ronda, Grupo C",C,67,Julian Alvarez,,Argentina,False,False
98,2022,Canadá,Marruecos,"1ra Ronda, Grupo F",F,4,Hakim Ziyech,,Marruecos,False,False
99,2022,Canadá,Marruecos,"1ra Ronda, Grupo F",F,23,Youssef En-Nesyri,,Marruecos,False,False
100,2022,Canadá,Marruecos,"1ra Ronda, Grupo F",F,40,Nayef Aguerd (en contra),,Canadá,False,False
101,2022,Japón,España,"1ra Ronda, Grupo E",E,11,Álvaro Morata,,España,False,False
102,2022,Japón,España,"1ra Ronda, Grupo E",E,48,Ritsu Doan,,Japón,False,False
103,2022,Japón,España,"1ra Ronda, Grupo E",E,51,Ao Tanaka,,Japón,False,False
104,2022,Costa Rica,Alemania,"1ra Ronda, Grupo E",E,10,Serge Gnabry,,Alemania,False,False
105,2022,Costa Rica,Alemania,"1ra Ronda, Grupo E",E,58,Yeltsin Tejeda,,Costa Rica,False,False
106,2022,Costa Rica,Alemania,"1ra Ronda, Grupo E",E,70,Juan Pablo Vargas,,Costa Rica,False,False
107,2022,Costa Rica,Alemania,"1ra Ronda, Grupo E",E,73,Kai Havertz,,Alemania,False,False
108,2022,Costa Rica,Alemania,"1ra Ronda, Grupo E",E,85,Kai Havertz,,Alemania,False,False
109,2022,Costa Rica,Alemania,"1ra Ronda, Grupo E",E,89,Niclas Füllkrug,,Alemania,False,False
110,2022,Ghana,Uruguay,"1ra Ronda, Grupo H",H,26,Giorgian De Arrascaeta,,Uruguay,False,False
111,2022,Ghana,Uruguay,"1ra Ronda, Grupo H",H,32,Giorgian De Arrascaeta,,Uruguay,False,False
112,2022,Corea del Sur,Portugal,"1ra Ronda, Grupo H",H,5,Ricardo Horta,,Portugal,False,False
113,2022,Corea del Sur,Portugal,"1ra Ronda, Grupo H",H,27,Young-Gwon Kim,,Corea del Sur,False,False
114,2022,Corea del Sur,Portugal,"1ra Ronda, Grupo H",H,90,Hee-chan Hwang,,Corea del Sur,False,False
115,2022,Serbia,Suiza,"1ra Ronda, Grupo G",G,20,Xherdan Shaqiri,,Suiza,False,False
116,2022,Serbia,Suiza,"1ra Ronda, Grupo G",G,26,Aleksandar Mitrović,,Serbia,False,False
117,2022,Serbia,Suiza,"1ra Ronda, Grupo G",G,35,Dusan Vlahovic,,Serbia,False,False
118,2022,Serbia,Suiza,"1ra Ronda, Grupo G",G,44,Breel Embolo,,Suiza,False,False
119,2022,Serbia,Suiza,"1ra Ronda, Grupo G",G,48,Remo Freuler,,Suiza,False,False
120,2022,Camerún,Brasil,"1ra Ronda, Grupo G",G,90,Vincent Aboubakar,,Camerún,False,False
121,2022,Paises Bajos,Estados Unidos,Octavos,,10,Memphis Depay,,Paises Bajos,False,False
122,2022,Paises Bajos,Estados Unidos,Octavos,,45,Daley Blind,,Paises Bajos,False,False
123,2022,Paises Bajos,Estados Unidos,Octavos,,76,Haji Wright,,Estados Unidos,False,False
124,2022,Paises Bajos,Estados Unidos,Octavos,,81,Denzel Dumfries,,Paises Bajos,False,False
125,2022,Argentina,Australia,Octavos,,35,Lionel Messi,,Argentina,False,False
126,2022,Argentina,Australia,Octavos,,57,Julian Alvarez,,Argentina,False,False
127,2022,Argentina,Australia,Octavos,,77,Enzo Fernandez (en contra),,Australia,False,False
128,2022,Inglaterra,Senegal,Octavos,,38,Jordan Henderson,,Inglaterra,False,False
129,2022,Inglaterra,Senegal,Octavos,,45,Harry Kane,,Inglaterra,False,False
130,2022,Inglaterra,Senegal,Octavos,,57,Bukayo Saka,,Inglaterra,False,False
131,2022,Francia,Polonia,Octavos,,44,Olivier Giroud,,Francia,False,False
132,2022,Francia,Polonia,Octavos,,74,Kylian Mbappé,,Francia,False,False
133,2022,Francia,Polonia,Octavos,,90,Kylian Mbappé,,Francia,False,False
134,2022,Francia,Polonia,Octavos,,90,Robert Lewandowski (de penal),,Polonia,True,False
135,2022,Japón,Croacia,Octavos,,43,Daizen Maeda,,Japón,False,False
136,2022,Japón,Croacia,Octavos,,55,Ivan Perisic,,Croacia,False,False
137,2022,Brasil,Corea del Sur,Octavos,,7,Vinicius Junior,,Brasil,False,False
138,2022,Brasil,Corea del Sur,Octavos,,13,Neymar Jr.,,Brasil,False,False
139,2022,Brasil,Corea del Sur,Octavos,,29,Richarlison,,Brasil,False,False
140,2022,Brasil,Corea del Sur,Octavos,,36,Lucas Paqueta,,Brasil,False,False
141,2022,Brasil,Corea del Sur,Octavos,,76,Seung-ho Paik,,Corea del Sur,False,False
142,2022,Portugal,Suiza,Octavos,,17,Gonçalo Ramos,,Portugal,False,False
143,2022,Portugal,Suiza,Octavos,,33,Pepe,,Portugal,False,False
144,2022,Portugal,Suiza,Octavos,,51,Gonçalo Ramos,,Portugal,False,False
145,2022,Portugal,Suiza,Octavos,,55,Raphaël Guerreiro,,Portugal,False,False
146,2022,Portugal,Suiza,Octavos,,58,Manuel Akanji,,Suiza,False,False
147,2022,Portugal,Suiza,Octavos,,67,Gonçalo Ramos,,Portugal,False,False
148,2022,Portugal,Suiza,Octavos,,90,Rafael Leão,,Portugal,False,False
149,2022,Paises Bajos,Argentina,Cuartos,,35,Nahuel Molina,,Argentina,False,False
150,2022,Paises Bajos,Argentina,Cuartos,,73,Lionel Messi (de penal),,Argentina,True,False
151,2022,Paises Bajos,Argentina,Cuartos,,83,Wout Weghorst,,Paises Bajos,False,False
152,2022,Paises Bajos,Argentina,Cuartos,,90,Wout Weghorst,,Paises Bajos,False,False
153,2022,Croacia,Brasil,Cuartos,,105,Neymar Jr.,,Brasil,False,False
154,2022,Croacia,Brasil,Cuartos,,117,Bruno Petkovic,,Croacia,False,False
155,2022,Inglaterra,Francia,Cuartos,,17,Aurélien Tchouaméni,,Francia,False,False
156,2022,Inglaterra,Francia,Cuartos,,54,Harry Kane (de penal),,Inglaterra,True,False
157,2022,Inglaterra,Francia,Cuartos,,78,Olivier Giroud,,Francia,False,False
158,2022,Marruecos,Portugal,Cuartos,,42,Youssef En-Nesyri,,Marruecos,False,False
159,2022,Argentina,Croacia,Semis,,34,Lionel Messi (de penal),,Argentina,True,False
160,2022,Argentina,Croacia,Semis,,39,Julian Alvarez,,Argentina,False,False
161,2022,Argentina,Croacia,Semis,,69,Julian Alvarez,,Argentina,False,False
162,2022,Francia,Marruecos,Semis,,5,Théo Hernandez,,Francia,False,False
163,2022,Francia,Marruecos,Semis,,79,Randal Kolo Muani,,Francia,False,False
164,2022,Croacia,Marruecos,3er Puesto,,7,Josko Gvardiol,,Croacia,False,False
165,2022,Croacia,Marruecos,3er Puesto,,9,Achraf Dari,,Marruecos,False,False
166,2022,Croacia,Marruecos,3er Puesto,,42,Mislav Orsic,,Croacia,False,False
167,2022,Argentina,Francia,Final,,23,Lionel Messi (de penal),,Argentina,True,False
168,2022,Argentina,Francia,Final,,36,Angel Di Maria,,Argentina,False,False
169,2022,Argentina,Francia,Final,,80,Kylian Mbappé (de penal),,Francia,True,False
170,2022,Argentina,Francia,Final,,81,Kylian Mbappé,,Francia,False,False
171,2022,Argentina,Francia,Final,,108,Lionel Messi,,Argentina,False,False
172,2022,Argentina,Francia,Final,,118,Kylian Mbappé (de penal),,Francia,True,False
173,2018,Rusia,Arabia Saudita,"1ra Ronda, Grupo A",A,12,Yury Gazinsky,,Rusia,False,False
174,2018,Rusia,Arabia Saudita,"1ra Ronda, Grupo A",A,43,Denis Cheryshev,,Rusia,False,False
175,2018,Rusia,Arabia Saudita,"1ra Ronda, Grupo A",A,71,Artem Dzyuba,,Rusia,False,False
176,2018,Rusia,Arabia Saudita,"1ra Ronda, Grupo A",A,90,Denis Cheryshev,,Rusia,False,False
177,2018,Rusia,Arabia Saudita,"1ra Ronda, Grupo A",A,90,Aleksandr Golovin,,Rusia,False,False
178,2018,Egipto,Uruguay,"1ra Ronda, Grupo A",A,89,José María Giménez,,Uruguay,False,False
179,2018,Portugal,España,"1ra Ronda, Grupo B",B,4,Cristiano Ronaldo (de penal),,Portugal,True,False
180,2018,Portugal,España,"1ra Ronda, Grupo B",B,24,Diego Costa,,España,False,False
181,2018,Portugal,España,"1ra Ronda, Grupo B",B,44,Cristiano Ronaldo,,Portugal,False,False
182,2018,Portugal,España,"1ra Ronda, Grupo B",B,55,Diego Costa,,España,False,False
183,2018,Portugal,España,"1ra Ronda, Grupo B",B,58,Nacho,,España,False,False
184,2018,Portugal,España,"1ra Ronda, Grupo B",B,88,Cristiano Ronaldo,,Portugal,False,False
185,2018,Marruecos,Irán,"1ra Ronda, Grupo B",B,90,Aziz Bouhaddouz (en contra),,Irán,False,False
186,2018,Francia,Australia,"1ra Ronda, Grupo C",C,58,Antoine Griezmann (de penal),,Francia,True,False
187,2018,Francia,Australia,"1ra Ronda, Grupo C",C,62,Mile Jedinak (de penal),,Australia,True,False
188,2018,Francia,Australia,"1ra Ronda, Grupo C",C,81,Aziz Behich (en contra),,Francia,False,False
189,2018,Perú,Dinamarca,"1ra Ronda, Grupo C",C,59,Yussuf Yurary Poulsen,,Dinamarca,False,False
190,2018,Argentina,Islandia,"1ra Ronda, Grupo D",D,19,Sergio Agüero,,Argentina,False,False
191,2018,Argentina,Islandia,"1ra Ronda, Grupo D",D,23,Alfred Finnbogason,,Islandia,False,False
192,2018,Croacia,Nigeria,"1ra Ronda, Grupo D",D,32,Oghenekaro Etebo (en contra),,Croacia,False,False
193,2018,Croacia,Nigeria,"1ra Ronda, Grupo D",D,71,Luka Modric (de penal),,Croacia,True,False
194,2018,Brasil,Suiza,"1ra Ronda, Grupo E",E,20,Philippe Coutinho,,Brasil,False,False
195,2018,Brasil,Suiza,"1ra Ronda, Grupo E",E,50,Steven Zuber,,Suiza,False,False
196,2018,Costa Rica,Serbia,"1ra Ronda, Grupo E",E,56,Aleksandar Kolarov,,Serbia,False,False
197,2018,Alemania,México,"1ra Ronda, Grupo F",F,35,Hirving Lozano,,México,False,False
198,2018,Suecia,Corea del Sur,"1ra Ronda, Grupo F",F,65,Andreas Granqvist (de penal),,Suecia,True,False
199,2018,Bélgica,Panamá,"1ra Ronda, Grupo G",G,47,Dries Mertens,,Bélgica,False,False
200,2018,Bélgica,Panamá,"1ra Ronda, Grupo G",G,69,Romelu Lukaku,,Bélgica,False,False
201,2018,Bélgica,Panamá,"1ra Ronda, Grupo G",G,75,Romelu Lukaku,,Bélgica,False,False
202,2018,Túnez,Inglaterra,"1ra Ronda, Grupo G",G,11,Harry Kane,,Inglaterra,False,False
203,2018,Túnez,Inglaterra,"1ra Ronda, Grupo G",G,35,Ferjani Sassi (de penal),,Túnez,True,False
204,2018,Túnez,Inglaterra,"1ra Ronda, Grupo G",G,90,Harry Kane,,Inglaterra,False,False
205,2018,Polonia,Senegal,"1ra Ronda, Grupo H",H,37,Thiago Cionek (en contra),,Senegal,False,False
206,2018,Polonia,Senegal,"1ra Ronda, Grupo H",H,60,M'Baye Niang,,Senegal,False,False
207,2018,Polonia,Senegal,"1ra Ronda, Grupo H",H,86,Grzegorz Krychowiak,,Polonia,False,False
208,2018,Colombia,Japón,"1ra Ronda, Grupo H",H,6,Shinji Kagawa (de penal),,Japón,True,False
209,2018,Colombia,Japón,"1ra Ronda, Grupo H",H,39,Juan Quintero,,Colombia,False,False
210,2018,Colombia,Japón,"1ra Ronda, Grupo H",H,73,Yuya Osako,,Japón,False,False
211,2018,Rusia,Egipto,"1ra Ronda, Grupo A",A,47,Ahmed Fathy (en contra),,Rusia,False,False
212,2018,Rusia,Egipto,"1ra Ronda, Grupo A",A,59,Denis Cheryshev,,Rusia,False,False
213,2018,Rusia,Egipto,"1ra Ronda, Grupo A",A,62,Artem Dzyuba,,Rusia,False,False
214,2018,Rusia,Egipto,"1ra Ronda, Grupo A",A,73,Mohamed Salah (de penal),,Egipto,True,False
215,2018,Uruguay,Arabia Saudita,"1ra Ronda, Grupo A",A,23,Luis Suarez,,Uruguay,False,False
216,2018,Portugal,Marruecos,"1ra Ronda, Grupo B",B,4,Cristiano Ronaldo,,Portugal,False,False
217,2018,Irán,España,"1ra Ronda, Grupo B",B,54,Diego Costa,,España,False,False
218,2018,Francia,Perú,"1ra Ronda, Grupo C",C,34,Kylian Mbappé,,Francia,False,False
219,2018,Dinamarca,Australia,"1ra Ronda, Grupo C",C,7,Christian Eriksen,,Dinamarca,False,False
220,2018,Dinamarca,Australia,"1ra Ronda, Grupo C",C,38,Mile Jedinak (de penal),,Australia,True,False
221,2018,Argentina,Croacia,"1ra Ronda, Grupo D",D,53,Ante Rebic,,Croacia,False,False
222,2018,Argentina,Croacia,"1ra Ronda, Grupo D",D,80,Luka Modric,,Croacia,False,False
223,2018,Argentina,Croacia,"1ra Ronda, Grupo D",D,90,Ivan Rakitic,,Croacia,False,False
224,2018,Nigeria,Islandia,"1ra Ronda, Grupo D",D,49,Ahmed Musa,,Nigeria,False,False
225,2018,Nigeria,Islandia,"1ra Ronda, Grupo D",D,75,Ahmed Musa,,Nigeria,False,False
226,2018,Brasil,Costa Rica,"1ra Ronda, Grupo E",E,90,Philippe Coutinho,,Brasil,False,False
227,2018,Brasil,Costa Rica,"1ra Ronda, Grupo E",E,90,Neymar Jr.,,Brasil,False,False
228,2018,Serbia,Suiza,"1ra Ronda, Grupo E",E,5,Aleksandar Mitrović,,Serbia,False,False
229,2018,Serbia,Suiza,"1ra Ronda, Grupo E",E,52,Granit Xhaka,,Suiza,False,False
230,2018,Serbia,Suiza,"1ra Ronda, Grupo E",E,90,Xherdan Shaqiri,,Suiza,False,False
231,2018,Alemania,Suecia,"1ra Ronda, Grupo F",F,32,Ola Toivonen,,Suecia,False,False
232,2018,Alemania,Suecia,"1ra Ronda, Grupo F",F,48,Marco Reus,,Alemania,False,False
233,2018,Alemania,Suecia,"1ra Ronda, Grupo F",F,90,Toni Kroos,,Alemania,False,False
234,2018,Corea del Sur,México,"1ra Ronda, Grupo F",F,26,Carlos Vela (de penal),,México,True,False
235,2018,Corea del Sur,México,"1ra Ronda, Grupo F",F,66,Javier Hernandez,,México,False,False
236,2018,Corea del Sur,México,"1ra Ronda, Grupo F",F,90,Heung-Min Son,,Corea del Sur,False,False
237,2018,Bélgica,Túnez,"1ra Ronda, Grupo G",G,6,Eden Hazard (de penal),,Bélgica,True,False
238,2018,Bélgica,Túnez,"1ra Ronda, Grupo G",G,16,Romelu Lukaku,,Bélgica,False,False
239,2018,Bélgica,Túnez,"1ra Ronda, Grupo G",G,18,Dylan Bronn,,Túnez,False,False
240,2018,Bélgica,Túnez,"1ra Ronda, Grupo G",G,45,Romelu Lukaku,,Bélgica,False,False
241,2018,Bélgica,Túnez,"1ra Ronda, Grupo G",G,51,Eden Hazard,,Bélgica,False,False
242,2018,Bélgica,Túnez,"1ra Ronda, Grupo G",G,90,Michy Batshuayi,,Bélgica,False,False
243,2018,Bélgica,Túnez,"1ra Ronda, Grupo G",G,90,Wahbi Khazri,,Túnez,False,False
244,2018,Inglaterra,Panamá,"1ra Ronda, Grupo G",G,8,John Stones,,Inglaterra,False,False
245,2018,Inglaterra,Panamá,"1ra Ronda, Grupo G",G,22,Harry Kane (de penal),,Inglaterra,True,False
246,2018,Inglaterra,Panamá,"1ra Ronda, Grupo G",G,36,Jesse Lingard,,Inglaterra,False,False
247,2018,Inglaterra,Panamá,"1ra Ronda, Grupo G",G,40,John Stones,,Inglaterra,False,False
248,2018,Inglaterra,Panamá,"1ra Ronda, Grupo G",G,45,Harry Kane (de penal),,Inglaterra,True,False
249,2018,Inglaterra,Panamá,"1ra Ronda, Grupo G",G,62,Harry Kane,,Inglaterra,False,False
250,2018,Inglaterra,Panamá,"1ra Ronda, Grupo G",G,78,Felipe Baloy,,Panamá,False,False
251,2018,Polonia,Colombia,"1ra Ronda, Grupo H",H,40,Yerry Mina,,Colombia,False,False
252,2018,Polonia,Colombia,"1ra Ronda, Grupo H",H,70,Radamel Falcao,,Colombia,False,False
253,2018,Polonia,Colombia,"1ra Ronda, Grupo H",H,75,Juan Guillermo Cuadrado,,Colombia,False,False
254,2018,Japón,Senegal,"1ra Ronda, Grupo H",H,11,Sadio Mané,,Senegal,False,False
255,2018,Japón,Senegal,"1ra Ronda, Grupo H",H,34,Takashi Inui,,Japón,False,False
256,2018,Japón,Senegal,"1ra Ronda, Grupo H",H,71,Moussa Wagué,,Senegal,False,False
257,2018,Japón,Senegal,"1ra Ronda, Grupo H",H,78,Keisuke Honda,,Japón,False,False
258,2018,Uruguay,Rusia,"1ra Ronda, Grupo A",A,10,Luis Suarez,,Uruguay,False,False
259,2018,Uruguay,Rusia,"1ra Ronda, Grupo A",A,23,Denis Cheryshev (en contra),,Uruguay,False,False
260,2018,Uruguay,Rusia,"1ra Ronda, Grupo A",A,90,Edinson Cavani,,Uruguay,False,False
261,2018,Arabia Saudita,Egipto,"1ra Ronda, Grupo A",A,22,Mohamed Salah,,Egipto,False,False
262,2018,Arabia Saudita,Egipto,"1ra Ronda, Grupo A",A,45,Salman Al-Faraj (de penal),,Arabia Saudita,True,False
263,2018,Arabia Saudita,Egipto,"1ra Ronda, Grupo A",A,90,Salem Al-Dawsari,,Arabia Saudita,False,False
264,2018,Irán,Portugal,"1ra Ronda, Grupo B",B,45,Ricardo Quaresma,,Portugal,False,False
265,2018,Irán,Portugal,"1ra Ronda, Grupo B",B,90,Karim Ansarifard (de penal),,Irán,True,False
266,2018,España,Marruecos,"1ra Ronda, Grupo B",B,14,Khalid Boutaïb,,Marruecos,False,False
267,2018,España,Marruecos,"1ra Ronda, Grupo B",B,19,Isco,,España,False,False
268,2018,España,Marruecos,"1ra Ronda, Grupo B",B,81,Youssef En-Nesyri,,Marruecos,False,False
269,2018,España,Marruecos,"1ra Ronda, Grupo B",B,90,Iago Aspas,,España,False,False
270,2018,Australia,Perú,"1ra Ronda, Grupo C",C,18,André Carrillo,,Perú,False,False
271,2018,Australia,Perú,"1ra Ronda, Grupo C",C,50,Paolo Guerrero,,Perú,False,False
272,2018,Nigeria,Argentina,"1ra Ronda, Grupo D",D,14,Lionel Messi,,Argentina,False,False
273,2018,Nigeria,Argentina,"1ra Ronda, Grupo D",D,51,Victor Moses (de penal),,Nigeria,True,False
274,2018,Nigeria,Argentina,"1ra Ronda, Grupo D",D,86,Marcos Rojo,,Argentina,False,False
275,2018,Islandia,Croacia,"1ra Ronda, Grupo D",D,53,Milan Badelj,,Croacia,False,False
276,2018,Islandia,Croacia,"1ra Ronda, Grupo D",D,76,Gylfi Sigurdsson (de penal),,Islandia,True,False
277,2018,Islandia,Croacia,"1ra Ronda, Grupo D",D,90,Ivan Perisic,,Croacia,False,False
278,2018,Serbia,Brasil,"1ra Ronda, Grupo E",E,36,Paulinho,,Brasil,False,False
279,2018,Serbia,Brasil,"1ra Ronda, Grupo E",E,68,Thiago Silva,,Brasil,False,False
280,2018,Suiza,Costa Rica,"1ra Ronda, Grupo E",E,31,Blerim Dzemaili,,Suiza,False,False
281,2018,Suiza,Costa Rica,"1ra Ronda, Grupo E",E,56,Kendall Waston,,Costa Rica,False,False
282,2018,Suiza,Costa Rica,"1ra Ronda, Grupo E",E,88,Josip Drmic,,Suiza,False,False
283,2018,Suiza,Costa Rica,"1ra Ronda, Grupo E",E,90,Yann Sommer (en contra),,Costa Rica,False,False
284,2018,Corea del Sur,Alemania,"1ra Ronda, Grupo F",F,90,Young-Gwon Kim,,Corea del Sur,False,False
285,2018,Corea del Sur,Alemania,"1ra Ronda, Grupo F",F,90,Heung-Min Son,,Corea del Sur,False,False
286,2018,México,Suecia,"1ra Ronda, Grupo F",F,50,Ludwig Augustinsson,,Suecia,False,False
287,2018,México,Suecia,"1ra Ronda, Grupo F",F,62,Andreas Granqvist (de penal),,Suecia,True,False
288,2018,México,Suecia,"1ra Ronda, Grupo F",F,74,Edson Álvarez (en contra),,Suecia,False,False
289,2018,Inglaterra,Bélgica,"1ra Ronda, Grupo G",G,51,Adnan Januzaj,,Bélgica,False,False
290,2018,Panamá,Túnez,"1ra Ronda, Grupo G",G,33,Yassine Meriah (en contra),,Panamá,False,False
291,2018,Panamá,Túnez,"1ra Ronda, Grupo G",G,51,Fakhreddine Ben Youssef,,Túnez,False,False
292,2018,Panamá,Túnez,"1ra Ronda, Grupo G",G,66,Wahbi Khazri,,Túnez,False,False
293,2018,Japón,Polonia,"1ra Ronda, Grupo H",H,59,Jan Bednarek,,Polonia,False,False
294,2018,Senegal,Colombia,"1ra Ronda, Grupo H",H,74,Yerry Mina,,Colombia,False,False
295,2018,Uruguay,Portugal,Octavos,,7,Edinson Cavani,,Uruguay,False,False
296,2018,Uruguay,Portugal,Octavos,,55,Pepe,,Portugal,False,False
297,2018,Uruguay,Portugal,Octavos,,62,Edinson Cavani,,Uruguay,False,False
298,2018,Francia,Argentina,Octavos,,13,Antoine Griezmann (de penal),,Francia,True,False
299,2018,Francia,Argentina,Octavos,,41,Angel Di Maria,,Argentina,False,False
300,2018,Francia,Argentina,Octavos,,48,Gabriel Mercado,,Argentina,False,False
301,2018,Francia,Argentina,Octavos,,57,Benjamin Pavard,,Francia,False,False
302,2018,Francia,Argentina,Octavos,,64,Kylian Mbappé,,Francia,False,False
303,2018,Francia,Argentina,Octavos,,68,Kylian Mbappé,,Francia,False,False
304,2018,Francia,Argentina,Octavos,,90,Sergio Agüero,,Argentina,False,False
305,2018,España,Rusia,Octavos,,12,Sergei Ignashevich (en contra),,España,False,False
306,2018,España,Rusia,Octavos,,41,Artem Dzyuba (de penal),,Rusia,True,False
307,2018,Croacia,Dinamarca,Octavos,,1,Mathias Jørgensen,,Dinamarca,False,False
308,2018,Croacia,Dinamarca,Octavos,,4,Mario Mandzukic,,Croacia,False,False
309,2018,Brasil,México,Octavos,,51,Neymar Jr.,,Brasil,False,False
310,2018,Brasil,México,Octavos,,88,Roberto Firmino,,Brasil,False,False
311,2018,Bélgica,Japón,Octavos,,48,Genki Haraguchi,,Japón,False,False
312,2018,Bélgica,Japón,Octavos,,52,Takashi Inui,,Japón,False,False
313,2018,Bélgica,Japón,Octavos,,69,Jan Vertonghen,,Bélgica,False,False
314,2018,Bélgica,Japón,Octavos,,74,Marouane Fellaini,,Bélgica,False,False
315,2018,Bélgica,Japón,Octavos,,90,Nacer Chadli,,Bélgica,False,False
316,2018,Suecia,Suiza,Octavos,,66,Emil Forsberg,,Suecia,False,False
317,2018,Colombia,Inglaterra,Octavos,,57,Harry Kane (de penal),,Inglaterra,True,False
318,2018,Colombia,Inglaterra,Octavos,,90,Yerry Mina,,Colombia,False,False
319,2018,Uruguay,Francia,Cuartos,,40,Raphael Varane,,Francia,False,False
320,2018,Uruguay,Francia,Cuartos,,61,Antoine Griezmann,,Francia,False,False
321,2018,Brasil,Bélgica,Cuartos,,13,Fernandinho (en contra),,Bélgica,False,False
322,2018,Brasil,Bélgica,Cuartos,,31,Kevin De Bruyne,,Bélgica,False,False
323,2018,Brasil,Bélgica,Cuartos,,76,Renato Augusto,,Brasil,False,False
324,2018,Rusia,Croacia,Cuartos,,31,Denis Cheryshev,,Rusia,False,False
325,2018,Rusia,Croacia,Cuartos,,39,Andrej Kramarić,,Croacia,False,False
326,2018,Rusia,Croacia,Cuartos,,101,Domagoj Vida,,Croacia,False,False
327,2018,Rusia,Croacia,Cuartos,,115,Mário Fernandes,,Rusia,False,False
328,2018,Suecia,Inglaterra,Cuartos,,30,Harry Maguire,,Inglaterra,False,False
329,2018,Suecia,Inglaterra,Cuartos,,59,Dele Alli,,Inglaterra,False,False
330,2018,Francia,Bélgica,Semis,,51,Samuel Umtiti,,Francia,False,False
331,2018,Croacia,Inglaterra,Semis,,5,Kieran Trippier,,Inglaterra,False,False
332,2018,Croacia,Inglaterra,Semis,,68,Ivan Perisic,,Croacia,False,False
333,2018,Croacia,Inglaterra,Semis,,109,Mario Mandzukic,,Croacia,False,False
334,2018,Bélgica,Inglaterra,3er Puesto,,4,Thomas Meunier,,Bélgica,False,False
335,2018,Bélgica,Inglaterra,3er Puesto,,82,Eden Hazard,,Bélgica,False,False
336,2018,Francia,Croacia,Final,,18,Mario Mandzukic (en contra),,Francia,False,False
337,2018,Francia,Croacia,Final,,28,Ivan Perisic,,Croacia,False,False
338,2018,Francia,Croacia,Final,,38,Antoine Griezmann (de penal),,Francia,True,False
339,2018,Francia,Croacia,Final,,59,Paul Pogba,,Francia,False,False
340,2018,Francia,Croacia,Final,,65,Kylian Mbappé,,Francia,False,False
341,2018,Francia,Croacia,Final,,69,Mario Mandzukic,,Croacia,False,False
342,2014,Brasil,Croacia,"1ra Ronda, Grupo A",A,11,Marcelo (en contra),,Croacia,False,False
343,2014,Brasil,Croacia,"1ra Ronda, Grupo A",A,29,Neymar Jr.,,Brasil,False,False
344,2014,Brasil,Croacia,"1ra Ronda, Grupo A",A,71,Neymar Jr. (de penal),,Brasil,True,False
345,2014,Brasil,Croacia,"1ra Ronda, Grupo A",A,90,Oscar,,Brasil,False,False
346,2014,México,Camerún,"1ra Ronda, Grupo A",A,61,Oribe Peralta,,México,False,False
347,2014,España,Paises Bajos,"1ra Ronda, Grupo B",B,27,Xabi Alonso (de penal),,España,True,False
348,2014,España,Paises Bajos,"1ra Ronda, Grupo B",B,44,Robin Van Persie,,Paises Bajos,False,False
349,2014,España,Paises Bajos,"1ra Ronda, Grupo B",B,53,Arjen Robben,,Paises Bajos,False,False
350,2014,España,Paises Bajos,"1ra Ronda, Grupo B",B,65,Stefan de Vrij,,Paises Bajos,False,False
351,2014,España,Paises Bajos,"1ra Ronda, Grupo B",B,72,Robin Van Persie,,Paises Bajos,False,False
352,2014,España,Paises Bajos,"1ra Ronda, Grupo B",B,80,Arjen Robben,,Paises Bajos,False,False
353,2014,Chile,Australia,"1ra Ronda, Grupo B",B,12,Alexis Sanchez,,Chile,False,False
354,2014,Chile,Australia,"1ra Ronda, Grupo B",B,14,Jorge Valdivia,,Chile,False,False
355,2014,Chile,Australia,"1ra Ronda, Grupo B",B,35,Tim Cahill,,Australia,False,False
356,2014,Chile,Australia,"1ra Ronda, Grupo B",B,90,Jean Beausejour,,Chile,False,False
357,2014,Colombia,Grecia,"1ra Ronda, Grupo C",C,5,Pablo Armero,,Colombia,False,False
358,2014,Colombia,Grecia,"1ra Ronda, Grupo C",C,58,Teófilo Gutiérrez,,Colombia,False,False
359,2014,Colombia,Grecia,"1ra Ronda, Grupo C",C,90,James Rodríguez,,Colombia,False,False
360,2014,Costa de Marfil,Japón,"1ra Ronda, Grupo C",C,16,Keisuke Honda,,Japón,False,False
361,2014,Costa de Marfil,Japón,"1ra Ronda, Grupo C",C,64,Wilfried Bony,,Costa de Marfil,False,False
362,2014,Costa de Marfil,Japón,"1ra Ronda, Grupo C",C,66,Gervinho,,Costa de Marfil,False,False
363,2014,Uruguay,Costa Rica,"1ra Ronda, Grupo D",D,24,Edinson Cavani (de penal),,Uruguay,True,False
364,2014,Uruguay,Costa Rica,"1ra Ronda, Grupo D",D,54,Joel Campbell,,Costa Rica,False,False
365,2014,Uruguay,Costa Rica,"1ra Ronda, Grupo D",D,57,Óscar Duarte,,Costa Rica,False,False
366,2014,Uruguay,Costa Rica,"1ra Ronda, Grupo D",D,84,Marco Ureña,,Costa Rica,False,False
367,2014,Inglaterra,Italia,"1ra Ronda, Grupo D",D,35,Claudio Marchisio,,Italia,False,False
368,2014,Inglaterra,Italia,"1ra Ronda, Grupo D",D,37,Daniel Sturridge,,Inglaterra,False,False
369,2014,Inglaterra,Italia,"1ra Ronda, Grupo D",D,50,Mario Balotelli,,Italia,False,False
370,2014,Suiza,Ecuador,"1ra Ronda, Grupo E",E,22,Enner Valencia,,Ecuador,False,False
371,2014,Suiza,Ecuador,"1ra Ronda, Grupo E",E,48,Admir Mehmedi,,Suiza,False,False
372,2014,Suiza,Ecuador,"1ra Ronda, Grupo E",E,90,Haris Seferovic,,Suiza,False,False
373,2014,Francia,Honduras,"1ra Ronda, Grupo E",E,45,Karim Benzema (de penal),,Francia,True,False
374,2014,Francia,Honduras,"1ra Ronda, Grupo E",E,48,Noel Valladares (en contra),,Francia,False,False
375,2014,Francia,Honduras,"1ra Ronda, Grupo E",E,72,Karim Benzema,,Francia,False,False
376,2014,Argentina,Bosnia-Herzegovina,"1ra Ronda, Grupo F",F,3,Sead Kolasinac (en contra),,Argentina,False,False
377,2014,Argentina,Bosnia-Herzegovina,"1ra Ronda, Grupo F",F,65,Lionel Messi,,Argentina,False,False
378,2014,Argentina,Bosnia-Herzegovina,"1ra Ronda, Grupo F",F,84,Vedad Ibisevic,,Bosnia-Herzegovina,False,False
379,2014,Alemania,Portugal,"1ra Ronda, Grupo G",G,12,Thomas Müller (de penal),,Alemania,True,False
380,2014,Alemania,Portugal,"1ra Ronda, Grupo G",G,32,Mats Hummels,,Alemania,False,False
381,2014,Alemania,Portugal,"1ra Ronda, Grupo G",G,45,Thomas Müller,,Alemania,False,False
382,2014,Alemania,Portugal,"1ra Ronda, Grupo G",G,78,Thomas Müller,,Alemania,False,False
383,2014,Ghana,Estados Unidos,"1ra Ronda, Grupo G",G,1,Clint Dempsey,,Estados Unidos,False,False
384,2014,Ghana,Estados Unidos,"1ra Ronda, Grupo G",G,82,Andre Ayew,,Ghana,False,False
385,2014,Ghana,Estados Unidos,"1ra Ronda, Grupo G",G,86,John Anthony Brooks,,Estados Unidos,False,False
386,2014,Bélgica,Argelia,"1ra Ronda, Grupo H",H,25,Sofiane Feghouli (de penal),,Argelia,True,False
387,2014,Bélgica,Argelia,"1ra Ronda, Grupo H",H,70,Marouane Fellaini,,Bélgica,False,False
388,2014,Bélgica,Argelia,"1ra Ronda, Grupo H",H,80,Dries Mertens,,Bélgica,False,False
389,2014,Rusia,Corea del Sur,"1ra Ronda, Grupo H",H,68,Keun-Ho Lee,,Corea del Sur,False,False
390,2014,Rusia,Corea del Sur,"1ra Ronda, Grupo H",H,74,Alexander Kerzhakov,,Rusia,False,False
391,2014,Camerún,Croacia,"1ra Ronda, Grupo A",A,11,Ivica Olic,,Croacia,False,False
392,2014,Camerún,Croacia,"1ra Ronda, Grupo A",A,48,Ivan Perisic,,Croacia,False,False
393,2014,Camerún,Croacia,"1ra Ronda, Grupo A",A,61,Mario Mandzukic,,Croacia,False,False
394,2014,Camerún,Croacia,"1ra Ronda, Grupo A",A,73,Mario Mandzukic,,Croacia,False,False
395,2014,España,Chile,"1ra Ronda, Grupo B",B,20,Eduardo Vargas,,Chile,False,False
396,2014,España,Chile,"1ra Ronda, Grupo B",B,43,Charles Aránguiz,,Chile,False,False
397,2014,Australia,Paises Bajos,"1ra Ronda, Grupo B",B,20,Arjen Robben,,Paises Bajos,False,False
398,2014,Australia,Paises Bajos,"1ra Ronda, Grupo B",B,21,Tim Cahill,,Australia,False,False
399,2014,Australia,Paises Bajos,"1ra Ronda, Grupo B",B,54,Mile Jedinak (de penal),,Australia,True,False
400,2014,Australia,Paises Bajos,"1ra Ronda, Grupo B",B,58,Robin Van Persie,,Paises Bajos,False,False
401,2014,Australia,Paises Bajos,"1ra Ronda, Grupo B",B,68,Memphis Depay,,Paises Bajos,False,False
402,2014,Colombia,Costa de Marfil,"1ra Ronda, Grupo C",C,64,James Rodríguez,,Colombia,False,False
403,2014,Colombia,Costa de Marfil,"1ra Ronda, Grupo C",C,70,Juan Quintero,,Colombia,False,False
404,2014,Colombia,Costa de Marfil,"1ra Ronda, Grupo C",C,73,Gervinho,,Costa de Marfil,False,False
405,2014,Uruguay,Inglaterra,"1ra Ronda, Grupo D",D,39,Luis Suarez,,Uruguay,False,False
406,2014,Uruguay,Inglaterra,"1ra Ronda, Grupo D",D,75,Wayne Rooney,,Inglaterra,False,False
407,2014,Uruguay,Inglaterra,"1ra Ronda, Grupo D",D,85,Luis Suarez,,Uruguay,False,False
408,2014,Italia,Costa Rica,"1ra Ronda, Grupo D",D,44,Bryan Ruiz,,Costa Rica,False,False
409,2014,Suiza,Francia,"1ra Ronda, Grupo E",E,17,Olivier Giroud,,Francia,False,False
410,2014,Suiza,Francia,"1ra Ronda, Grupo E",E,18,Blaise Matuidi,,Francia,False,False
411,2014,Suiza,Francia,"1ra Ronda, Grupo E",E,40,Mathieu Valbuena,,Francia,False,False
412,2014,Suiza,Francia,"1ra Ronda, Grupo E",E,67,Karim Benzema,,Francia,False,False
413,2014,Suiza,Francia,"1ra Ronda, Grupo E",E,73,Moussa Sissoko,,Francia,False,False
414,2014,Suiza,Francia,"1ra Ronda, Grupo E",E,81,Blerim Dzemaili,,Suiza,False,False
415,2014,Suiza,Francia,"1ra Ronda, Grupo E",E,87,Granit Xhaka,,Suiza,False,False
416,2014,Honduras,Ecuador,"1ra Ronda, Grupo E",E,31,Carlo Costly,,Honduras,False,False
417,2014,Honduras,Ecuador,"1ra Ronda, Grupo E",E,34,Enner Valencia,,Ecuador,False,False
418,2014,Honduras,Ecuador,"1ra Ronda, Grupo E",E,65,Enner Valencia,,Ecuador,False,False
419,2014,Argentina,Irán,"1ra Ronda, Grupo F",F,90,Lionel Messi,,Argentina,False,False
420,2014,Nigeria,Bosnia-Herzegovina,"1ra Ronda, Grupo F",F,29,Peter Odemwingie,,Nigeria,False,False
421,2014,Alemania,Ghana,"1ra Ronda, Grupo G",G,51,Mario Götze,,Alemania,False,False
422,2014,Alemania,Ghana,"1ra Ronda, Grupo G",G,54,Andre Ayew,,Ghana,False,False
423,2014,Alemania,Ghana,"1ra Ronda, Grupo G",G,63,Asamoah Gyan,,Ghana,False,False
424,2014,Alemania,Ghana,"1ra Ronda, Grupo G",G,71,Miroslav Klose,,Alemania,False,False
425,2014,Estados Unidos,Portugal,"1ra Ronda, Grupo G",G,5,Nani,,Portugal,False,False
426,2014,Estados Unidos,Portugal,"1ra Ronda, Grupo G",G,64,Jermaine Jones,,Estados Unidos,False,False
427,2014,Estados Unidos,Portugal,"1ra Ronda, Grupo G",G,81,Clint Dempsey,,Estados Unidos,False,False
428,2014,Estados Unidos,Portugal,"1ra Ronda, Grupo G",G,90,Silvestre Varela,,Portugal,False,False
429,2014,Bélgica,Rusia,"1ra Ronda, Grupo H",H,88,Divock Origi,,Bélgica,False,False
430,2014,Corea del Sur,Argelia,"1ra Ronda, Grupo H",H,26,Islam Slimani,,Argelia,False,False
431,2014,Corea del Sur,Argelia,"1ra Ronda, Grupo H",H,28,Rafik Halliche,,Argelia,False,False
432,2014,Corea del Sur,Argelia,"1ra Ronda, Grupo H",H,38,Abdelmoumene Djabou,,Argelia,False,False
433,2014,Corea del Sur,Argelia,"1ra Ronda, Grupo H",H,50,Heung-Min Son,,Corea del Sur,False,False
434,2014,Corea del Sur,Argelia,"1ra Ronda, Grupo H",H,62,Yacine Brahimi,,Argelia,False,False
435,2014,Corea del Sur,Argelia,"1ra Ronda, Grupo H",H,72,Ja-Cheol Koo,,Corea del Sur,False,False
436,2014,Camerún,Brasil,"1ra Ronda, Grupo A",A,17,Neymar Jr.,,Brasil,False,False
437,2014,Camerún,Brasil,"1ra Ronda, Grupo A",A,26,Joel Matip,,Camerún,False,False
438,2014,Camerún,Brasil,"1ra Ronda, Grupo A",A,34,Neymar Jr.,,Brasil,False,False
439,2014,Camerún,Brasil,"1ra Ronda, Grupo A",A,49,Fred,,Brasil,False,False
440,2014,Camerún,Brasil,"1ra Ronda, Grupo A",A,84,Fernandinho,,Brasil,False,False
441,2014,Croacia,México,"1ra Ronda, Grupo A",A,72,Rafael Marquez,,México,False,False
442,2014,Croacia,México,"1ra Ronda, Grupo A",A,75,Andres Guardado,,México,False,False
443,2014,Croacia,México,"1ra Ronda, Grupo A",A,82,Javier Hernandez,,México,False,False
444,2014,Croacia,México,"1ra Ronda, Grupo A",A,87,Ivan Perisic,,Croacia,False,False
445,2014,Australia,España,"1ra Ronda, Grupo B",B,36,David Villa,,España,False,False
446,2014,Australia,España,"1ra Ronda, Grupo B",B,69,Fernando Torres,,España,False,False
447,2014,Australia,España,"1ra Ronda, Grupo B",B,82,Juan Mata,,España,False,False
448,2014,Paises Bajos,Chile,"1ra Ronda, Grupo B",B,77,Leroy Fer,,Paises Bajos,False,False
449,2014,Paises Bajos,Chile,"1ra Ronda, Grupo B",B,90,Memphis Depay,,Paises Bajos,False,False
450,2014,Japón,Colombia,"1ra Ronda, Grupo C",C,17,Juan Guillermo Cuadrado (de penal),,Colombia,True,False
451,2014,Japón,Colombia,"1ra Ronda, Grupo C",C,45,Shinji Okazaki,,Japón,False,False
452,2014,Japón,Colombia,"1ra Ronda, Grupo C",C,55,Jackson Martinez,,Colombia,False,False
453,2014,Japón,Colombia,"1ra Ronda, Grupo C",C,82,Jackson Martinez,,Colombia,False,False
454,2014,Japón,Colombia,"1ra Ronda, Grupo C",C,90,James Rodríguez,,Colombia,False,False
455,2014,Grecia,Costa de Marfil,"1ra Ronda, Grupo C",C,42,Andreas Samaris,,Grecia,False,False
456,2014,Grecia,Costa de Marfil,"1ra Ronda, Grupo C",C,74,Wilfried Bony,,Costa de Marfil,False,False
457,2014,Grecia,Costa de Marfil,"1ra Ronda, Grupo C",C,90,Georgios Samaras (de penal),,Grecia,True,False
458,2014,Italia,Uruguay,"1ra Ronda, Grupo D",D,81,Diego Godin,,Uruguay,False,False
459,2014,Honduras,Suiza,"1ra Ronda, Grupo E",E,6,Xherdan Shaqiri,,Suiza,False,False
460,2014,Honduras,Suiza,"1ra Ronda, Grupo E",E,31,Xherdan Shaqiri,,Suiza,False,False
461,2014,Honduras,Suiza,"1ra Ronda, Grupo E",E,71,Xherdan Shaqiri,,Suiza,False,False
462,2014,Nigeria,Argentina,"1ra Ronda, Grupo F",F,3,Lionel Messi,,Argentina,False,False
463,2014,Nigeria,Argentina,"1ra Ronda, Grupo F",F,4,Ahmed Musa,,Nigeria,False,False
464,2014,Nigeria,Argentina,"1ra Ronda, Grupo F",F,45,Lionel Messi,,Argentina,False,False
465,2014,Nigeria,Argentina,"1ra Ronda, Grupo F",F,47,Ahmed Musa,,Nigeria,False,False
466,2014,Nigeria,Argentina,"1ra Ronda, Grupo F",F,50,Marcos Rojo,,Argentina,False,False
467,2014,Bosnia-Herzegovina,Irán,"1ra Ronda, Grupo F",F,23,Edin Dzeko,,Bosnia-Herzegovina,False,False
468,2014,Bosnia-Herzegovina,Irán,"1ra Ronda, Grupo F",F,59,Miralem Pjanic,,Bosnia-Herzegovina,False,False
469,2014,Bosnia-Herzegovina,Irán,"1ra Ronda, Grupo F",F,82,Reza Ghoochannejhad,,Irán,False,False
470,2014,Bosnia-Herzegovina,Irán,"1ra Ronda, Grupo F",F,83,Avdija Vrsajevic,,Bosnia-Herzegovina,False,False
471,2014,Estados Unidos,Alemania,"1ra Ronda, Grupo G",G,55,Thomas Müller,,Alemania,False,False
472,2014,Portugal,Ghana,"1ra Ronda, Grupo G",G,31,John Boye (en contra),,Portugal,False,False
473,2014,Portugal,Ghana,"1ra Ronda, Grupo G",G,57,Asamoah Gyan,,Ghana,False,False
474,2014,Portugal,Ghana,"1ra Ronda, Grupo G",G,80,Cristiano Ronaldo,,Portugal,False,False
475,2014,Corea del Sur,Bélgica,"1ra Ronda, Grupo H",H,78,Jan Vertonghen,,Bélgica,False,False
476,2014,Argelia,Rusia,"1ra Ronda, Grupo H",H,6,Alexander Kokorin,,Rusia,False,False
477,2014,Argelia,Rusia,"1ra Ronda, Grupo H",H,60,Islam Slimani,,Argelia,False,False
478,2014,Brasil,Chile,Octavos,,18,David Luiz,,Brasil,False,False
479,2014,Brasil,Chile,Octavos,,32,Alexis Sanchez,,Chile,False,False
480,2014,Colombia,Uruguay,Octavos,,28,James Rodríguez,,Colombia,False,False
481,2014,Colombia,Uruguay,Octavos,,50,James Rodríguez,,Colombia,False,False
482,2014,Paises Bajos,México,Octavos,,48,Giovani dos Santos,,México,False,False
483,2014,Paises Bajos,México,Octavos,,88,Wesley Sneijder,,Paises Bajos,False,False
484,2014,Paises Bajos,México,Octavos,,90,Klaas Jan Huntelaar (de penal),,Paises Bajos,True,False
485,2014,Costa Rica,Grecia,Octavos,,52,Bryan Ruiz,,Costa Rica,False,False
486,2014,Costa Rica,Grecia,Octavos,,90,Sokratis Papastathopoulos,,Grecia,False,False
487,2014,Francia,Nigeria,Octavos,,79,Paul Pogba,,Francia,False,False
488,2014,Francia,Nigeria,Octavos,,90,Joseph Yobo (en contra),,Francia,False,False
489,2014,Alemania,Argelia,Octavos,,92,André Schürrle,,Alemania,False,False
490,2014,Alemania,Argelia,Octavos,,120,Mesut Ozil,,Alemania,False,False
491,2014,Alemania,Argelia,Octavos,,120,Abdelmoumene Djabou,,Argelia,False,False
492,2014,Argentina,Suiza,Octavos,,118,Angel Di Maria,,Argentina,False,False
493,2014,Bélgica,Estados Unidos,Octavos,,93,Kevin De Bruyne,,Bélgica,False,False
494,2014,Bélgica,Estados Unidos,Octavos,,105,Romelu Lukaku,,Bélgica,False,False
495,2014,Bélgica,Estados Unidos,Octavos,,107,Julian Green,,Estados Unidos,False,False
496,2014,Brasil,Colombia,Cuartos,,7,Thiago Silva,,Brasil,False,False
497,2014,Brasil,Colombia,Cuartos,,69,David Luiz,,Brasil,False,False
498,2014,Brasil,Colombia,Cuartos,,80,James Rodríguez (de penal),,Colombia,True,False
499,2014,Francia,Alemania,Cuartos,,13,Mats Hummels,,Alemania,False,False
500,2014,Argentina,Bélgica,Cuartos,,8,Gonzalo Higuain,,Argentina,False,False
501,2014,Brasil,Alemania,Semis,,11,Thomas Müller,,Alemania,False,False
502,2014,Brasil,Alemania,Semis,,23,Miroslav Klose,,Alemania,False,False
503,2014,Brasil,Alemania,Semis,,24,Toni Kroos,,Alemania,False,False
504,2014,Brasil,Alemania,Semis,,26,Toni Kroos,,Alemania,False,False
505,2014,Brasil,Alemania,Semis,,29,Sami Khedira,,Alemania,False,False
506,2014,Brasil,Alemania,Semis,,69,André Schürrle,,Alemania,False,False
507,2014,Brasil,Alemania,Semis,,79,André Schürrle,,Alemania,False,False
508,2014,Brasil,Alemania,Semis,,90,Oscar,,Brasil,False,False
509,2014,Brasil,Paises Bajos,3er Puesto,,3,Robin Van Persie (de penal),,Paises Bajos,True,False
510,2014,Brasil,Paises Bajos,3er Puesto,,17,Daley Blind,,Paises Bajos,False,False
511,2014,Brasil,Paises Bajos,3er Puesto,,90,Georginio Wijnaldum,,Paises Bajos,False,False
512,2014,Alemania,Argentina,Final,,113,Mario Götze,,Alemania,False,False
513,2010,Sudáfrica,México,"1ra Ronda, Grupo A",A,55,Siphiwe Tshabalala,,Sudáfrica,False,False
514,2010,Sudáfrica,México,"1ra Ronda, Grupo A",A,79,Rafael Marquez,,México,False,False
515,2010,Argentina,Nigeria,"1ra Ronda, Grupo B",B,6,Gabriel Heinze,,Argentina,False,False
516,2010,Corea del Sur,Grecia,"1ra Ronda, Grupo B",B,7,Jung Soo Lee,,Corea del Sur,False,False
517,2010,Corea del Sur,Grecia,"1ra Ronda, Grupo B",B,52,Ji Sung Park,,Corea del Sur,False,False
518,2010,Inglaterra,Estados Unidos,"1ra Ronda, Grupo C",C,4,Steven Gerrard,,Inglaterra,False,False
519,2010,Inglaterra,Estados Unidos,"1ra Ronda, Grupo C",C,40,Clint Dempsey,,Estados Unidos,False,False
520,2010,Argelia,Eslovenia,"1ra Ronda, Grupo C",C,79,Robert Koren,,Eslovenia,False,False
521,2010,Alemania,Australia,"1ra Ronda, Grupo D",D,8,Lukas Podolski,,Alemania,False,False
522,2010,Alemania,Australia,"1ra Ronda, Grupo D",D,26,Miroslav Klose,,Alemania,False,False
523,2010,Alemania,Australia,"1ra Ronda, Grupo D",D,68,Thomas Müller,,Alemania,False,False
524,2010,Alemania,Australia,"1ra Ronda, Grupo D",D,70,Cacau,,Alemania,False,False
525,2010,Serbia,Ghana,"1ra Ronda, Grupo D",D,85,Asamoah Gyan (de penal),,Ghana,True,False
526,2010,Paises Bajos,Dinamarca,"1ra Ronda, Grupo E",E,46,Daniel Agger (en contra),,Paises Bajos,False,False
527,2010,Paises Bajos,Dinamarca,"1ra Ronda, Grupo E",E,85,Dirk Kuyt,,Paises Bajos,False,False
528,2010,Japón,Camerún,"1ra Ronda, Grupo E",E,39,Keisuke Honda,,Japón,False,False
529,2010,Italia,Paraguay,"1ra Ronda, Grupo F",F,39,Antolin Alcaraz,,Paraguay,False,False
530,2010,Italia,Paraguay,"1ra Ronda, Grupo F",F,63,Daniele De Rossi,,Italia,False,False
531,2010,Nueva Zelanda,Eslovaquia,"1ra Ronda, Grupo F",F,50,Robert Vittek,,Eslovaquia,False,False
532,2010,Nueva Zelanda,Eslovaquia,"1ra Ronda, Grupo F",F,90,Winston Reid,,Nueva Zelanda,False,False
533,2010,Brasil,Corea del Norte,"1ra Ronda, Grupo G",G,55,Maicon,,Brasil,False,False
534,2010,Brasil,Corea del Norte,"1ra Ronda, Grupo G",G,72,Elano,,Brasil,False,False
535,2010,Brasil,Corea del Norte,"1ra Ronda, Grupo G",G,89,Yun Nam Ji,,Corea del Norte,False,False
536,2010,Honduras,Chile,"1ra Ronda, Grupo H",H,34,Jean Beausejour,,Chile,False,False
537,2010,España,Suiza,"1ra Ronda, Grupo H",H,52,Gelson Fernandes,,Suiza,False,False
538,2010,Sudáfrica,Uruguay,"1ra Ronda, Grupo A",A,24,Diego Forlan,,Uruguay,False,False
539,2010,Sudáfrica,Uruguay,"1ra Ronda, Grupo A",A,80,Diego Forlan (de penal),,Uruguay,True,False
540,2010,Sudáfrica,Uruguay,"1ra Ronda, Grupo A",A,90,Alvaro Pereira,,Uruguay,False,False
541,2010,Francia,México,"1ra Ronda, Grupo A",A,64,Javier Hernandez,,México,False,False
542,2010,Francia,México,"1ra Ronda, Grupo A",A,79,Cuauhtemoc Blanco (de penal),,México,True,False
543,2010,Grecia,Nigeria,"1ra Ronda, Grupo B",B,16,Kalu Uche,,Nigeria,False,False
544,2010,Grecia,Nigeria,"1ra Ronda, Grupo B",B,44,Dimitrios Salpingidis,,Grecia,False,False
545,2010,Grecia,Nigeria,"1ra Ronda, Grupo B",B,71,Vasileios Torosidis,,Grecia,False,False
546,2010,Argentina,Corea del Sur,"1ra Ronda, Grupo B",B,17,Chu Young Park (en contra),,Argentina,False,False
547,2010,Argentina,Corea del Sur,"1ra Ronda, Grupo B",B,33,Gonzalo Higuain,,Argentina,False,False
548,2010,Argentina,Corea del Sur,"1ra Ronda, Grupo B",B,45,Chung-yong Lee,,Corea del Sur,False,False
549,2010,Argentina,Corea del Sur,"1ra Ronda, Grupo B",B,76,Gonzalo Higuain,,Argentina,False,False
550,2010,Argentina,Corea del Sur,"1ra Ronda, Grupo B",B,80,Gonzalo Higuain,,Argentina,False,False
551,2010,Alemania,Serbia,"1ra Ronda, Grupo D",D,38,Milan Jovanovic,,Serbia,False,False
552,2010,Eslovenia,Estados Unidos,"1ra Ronda, Grupo C",C,13,Valter Birsa,,Eslovenia,False,False
553,2010,Eslovenia,Estados Unidos,"1ra Ronda, Grupo C",C,42,Zlatan Ljubijankic,,Eslovenia,False,False
554,2010,Eslovenia,Estados Unidos,"1ra Ronda, Grupo C",C,48,Landon Donovan,,Estados Unidos,False,False
555,2010,Eslovenia,Estados Unidos,"1ra Ronda, Grupo C",C,82,Michael Bradley,,Estados Unidos,False,False
556,2010,Ghana,Australia,"1ra Ronda, Grupo D",D,11,Brett Holman,,Australia,False,False
557,2010,Ghana,Australia,"1ra Ronda, Grupo D",D,25,Asamoah Gyan (de penal),,Ghana,True,False
558,2010,Paises Bajos,Japón,"1ra Ronda, Grupo E",E,53,Wesley Sneijder,,Paises Bajos,False,False
559,2010,Camerún,Dinamarca,"1ra Ronda, Grupo E",E,10,Samuel Eto'o,,Camerún,False,False
560,2010,Camerún,Dinamarca,"1ra Ronda, Grupo E",E,33,Nicklas Bendtner,,Dinamarca,False,False
561,2010,Camerún,Dinamarca,"1ra Ronda, Grupo E",E,61,Dennis Rommedahl,,Dinamarca,False,False
562,2010,Eslovaquia,Paraguay,"1ra Ronda, Grupo F",F,27,Enrique Vera,,Paraguay,False,False
563,2010,Eslovaquia,Paraguay,"1ra Ronda, Grupo F",F,86,Cristian Riveros,,Paraguay,False,False
564,2010,Italia,Nueva Zelanda,"1ra Ronda, Grupo F",F,7,Shane Smeltz,,Nueva Zelanda,False,False
565,2010,Italia,Nueva Zelanda,"1ra Ronda, Grupo F",F,29,Vincenzo Iaquinta (de penal),,Italia,True,False
566,2010,Brasil,Costa de Marfil,"1ra Ronda, Grupo G",G,25,Luis Fabiano,,Brasil,False,False
567,2010,Brasil,Costa de Marfil,"1ra Ronda, Grupo G",G,50,Luis Fabiano,,Brasil,False,False
568,2010,Brasil,Costa de Marfil,"1ra Ronda, Grupo G",G,62,Elano,,Brasil,False,False
569,2010,Brasil,Costa de Marfil,"1ra Ronda, Grupo G",G,79,Didier Drogba,,Costa de Marfil,False,False
570,2010,Portugal,Corea del Norte,"1ra Ronda, Grupo G",G,29,Raul Meireles,,Portugal,False,False
571,2010,Portugal,Corea del Norte,"1ra Ronda, Grupo G",G,53,Simao,,Portugal,False,False
572,2010,Portugal,Corea del Norte,"1ra Ronda, Grupo G",G,56,Hugo Almeida,,Portugal,False,False
573,2010,Portugal,Corea del Norte,"1ra Ronda, Grupo G",G,60,Tiago,,Portugal,False,False
574,2010,Portugal,Corea del Norte,"1ra Ronda, Grupo G",G,81,Liedson,,Portugal,False,False
575,2010,Portugal,Corea del Norte,"1ra Ronda, Grupo G",G,87,Cristiano Ronaldo,,Portugal,False,False
576,2010,Portugal,Corea del Norte,"1ra Ronda, Grupo G",G,89,Tiago,,Portugal,False,False
577,2010,Chile,Suiza,"1ra Ronda, Grupo H",H,75,Mark Gonzalez,,Chile,False,False
578,2010,España,Honduras,"1ra Ronda, Grupo H",H,17,David Villa,,España,False,False
579,2010,España,Honduras,"1ra Ronda, Grupo H",H,51,David Villa,,España,False,False
580,2010,México,Uruguay,"1ra Ronda, Grupo A",A,43,Luis Suarez,,Uruguay,False,False
581,2010,Francia,Sudáfrica,"1ra Ronda, Grupo A",A,20,Bongani Khumalo,,Sudáfrica,False,False
582,2010,Francia,Sudáfrica,"1ra Ronda, Grupo A",A,37,Katlego Mphela,,Sudáfrica,False,False
583,2010,Francia,Sudáfrica,"1ra Ronda, Grupo A",A,70,Florent Malouda,,Francia,False,False
584,2010,Nigeria,Corea del Sur,"1ra Ronda, Grupo B",B,12,Kalu Uche,,Nigeria,False,False
585,2010,Nigeria,Corea del Sur,"1ra Ronda, Grupo B",B,38,Jung Soo Lee,,Corea del Sur,False,False
586,2010,Nigeria,Corea del Sur,"1ra Ronda, Grupo B",B,49,Chu Young Park,,Corea del Sur,False,False
587,2010,Nigeria,Corea del Sur,"1ra Ronda, Grupo B",B,69,Yakubu Aiyegbeni (de penal),,Nigeria,True,False
588,2010,Grecia,Argentina,"1ra Ronda, Grupo B",B,77,Martin Demichelis,,Argentina,False,False
589,2010,Grecia,Argentina,"1ra Ronda, Grupo B",B,89,Martin Palermo,,Argentina,False,False
590,2010,Eslovenia,Inglaterra,"1ra Ronda, Grupo C",C,23,Jermain Defoe,,Inglaterra,False,False
591,2010,Estados Unidos,Argelia,"1ra Ronda, Grupo C",C,90,Landon Donovan,,Estados Unidos,False,False
592,2010,Ghana,Alemania,"1ra Ronda, Grupo D",D,60,Mesut Ozil,,Alemania,False,False
593,2010,Australia,Serbia,"1ra Ronda, Grupo D",D,69,Tim Cahill,,Australia,False,False
594,2010,Australia,Serbia,"1ra Ronda, Grupo D",D,73,Brett Holman,,Australia,False,False
595,2010,Australia,Serbia,"1ra Ronda, Grupo D",D,84,Marko Pantelic,,Serbia,False,False
596,2010,Eslovaquia,Italia,"1ra Ronda, Grupo F",F,25,Robert Vittek,,Eslovaquia,False,False
597,2010,Eslovaquia,Italia,"1ra Ronda, Grupo F",F,73,Robert Vittek,,Eslovaquia,False,False
598,2010,Eslovaquia,Italia,"1ra Ronda, Grupo F",F,81,Antonio Di Natale,,Italia,False,False
599,2010,Eslovaquia,Italia,"1ra Ronda, Grupo F",F,89,Kamil Kopunek,,Eslovaquia,False,False
600,2010,Eslovaquia,Italia,"1ra Ronda, Grupo F",F,90,Fabio Quagliarella,,Italia,False,False
601,2010,Dinamarca,Japón,"1ra Ronda, Grupo E",E,17,Keisuke Honda,,Japón,False,False
602,2010,Dinamarca,Japón,"1ra Ronda, Grupo E",E,30,Yasuhito Endo,,Japón,False,False
603,2010,Dinamarca,Japón,"1ra Ronda, Grupo E",E,81,Jon Dahl Tomasson,,Dinamarca,False,False
604,2010,Dinamarca,Japón,"1ra Ronda, Grupo E",E,87,Shinji Okazaki,,Japón,False,False
605,2010,Camerún,Paises Bajos,"1ra Ronda, Grupo E",E,36,Robin Van Persie,,Paises Bajos,False,False
606,2010,Camerún,Paises Bajos,"1ra Ronda, Grupo E",E,65,Samuel Eto'o (de penal),,Camerún,True,False
607,2010,Camerún,Paises Bajos,"1ra Ronda, Grupo E",E,83,Klaas Jan Huntelaar,,Paises Bajos,False,False
608,2010,Corea del Norte,Costa de Marfil,"1ra Ronda, Grupo G",G,14,Yaya Toure,,Costa de Marfil,False,False
609,2010,Corea del Norte,Costa de Marfil,"1ra Ronda, Grupo G",G,20,Romaric,,Costa de Marfil,False,False
610,2010,Corea del Norte,Costa de Marfil,"1ra Ronda, Grupo G",G,82,Salomon Kalou,,Costa de Marfil,False,False
611,2010,Chile,España,"1ra Ronda, Grupo H",H,24,David Villa,,España,False,False
612,2010,Chile,España,"1ra Ronda, Grupo H",H,37,Andrés Iniesta,,España,False,False
613,2010,Chile,España,"1ra Ronda, Grupo H",H,47,Rodrigo Millar,,Chile,False,False
614,2010,Uruguay,Corea del Sur,Octavos,,8,Luis Suarez,,Uruguay,False,False
615,2010,Uruguay,Corea del Sur,Octavos,,68,Chung-yong Lee,,Corea del Sur,False,False
616,2010,Uruguay,Corea del Sur,Octavos,,80,Luis Suarez,,Uruguay,False,False
617,2010,Estados Unidos,Ghana,Octavos,,5,Kevin Prince Boateng,,Ghana,False,False
618,2010,Estados Unidos,Ghana,Octavos,,62,Landon Donovan,,Estados Unidos,False,False
619,2010,Estados Unidos,Ghana,Octavos,,93,Asamoah Gyan,,Ghana,False,False
620,2010,Alemania,Inglaterra,Octavos,,20,Miroslav Klose,,Alemania,False,False
621,2010,Alemania,Inglaterra,Octavos,,32,Lukas Podolski,,Alemania,False,False
622,2010,Alemania,Inglaterra,Octavos,,37,Matt Upson,,Inglaterra,False,False
623,2010,Alemania,Inglaterra,Octavos,,67,Thomas Müller,,Alemania,False,False
624,2010,Alemania,Inglaterra,Octavos,,70,Thomas Müller,,Alemania,False,False
625,2010,Argentina,México,Octavos,,26,Carlos Tevez,,Argentina,False,False
626,2010,Argentina,México,Octavos,,33,Gonzalo Higuain,,Argentina,False,False
627,2010,Argentina,México,Octavos,,52,Carlos Tevez,,Argentina,False,False
628,2010,Argentina,México,Octavos,,71,Javier Hernandez,,México,False,False
629,2010,Paises Bajos,Eslovaquia,Octavos,,18,Arjen Robben,,Paises Bajos,False,False
630,2010,Paises Bajos,Eslovaquia,Octavos,,84,Wesley Sneijder,,Paises Bajos,False,False
631,2010,Paises Bajos,Eslovaquia,Octavos,,90,Robert Vittek (de penal),,Eslovaquia,True,False
632,2010,Brasil,Chile,Octavos,,35,Juan,,Brasil,False,False
633,2010,Brasil,Chile,Octavos,,38,Luis Fabiano,,Brasil,False,False
634,2010,Brasil,Chile,Octavos,,59,Robinho,,Brasil,False,False
635,2010,España,Portugal,Octavos,,63,David Villa,,España,False,False
636,2010,Paises Bajos,Brasil,Cuartos,,10,Robinho,,Brasil,False,False
637,2010,Paises Bajos,Brasil,Cuartos,,53,Wesley Sneijder,,Paises Bajos,False,False
638,2010,Paises Bajos,Brasil,Cuartos,,68,Wesley Sneijder,,Paises Bajos,False,False
639,2010,Uruguay,Ghana,Cuartos,,45,Sulley Muntari,,Ghana,False,False
640,2010,Uruguay,Ghana,Cuartos,,55,Diego Forlan,,Uruguay,False,False
641,2010,Argentina,Alemania,Cuartos,,3,Thomas Müller,,Alemania,False,False
642,2010,Argentina,Alemania,Cuartos,,68,Miroslav Klose,,Alemania,False,False
643,2010,Argentina,Alemania,Cuartos,,74,Arne Friedrich,,Alemania,False,False
644,2010,Argentina,Alemania,Cuartos,,89,Miroslav Klose,,Alemania,False,False
645,2010,Paraguay,España,Cuartos,,83,David Villa,,España,False,False
646,2010,Uruguay,Paises Bajos,Semis,,18,Giovanni Van Bronckhorst,,Paises Bajos,False,False
647,2010,Uruguay,Paises Bajos,Semis,,41,Diego Forlan,,Uruguay,False,False
648,2010,Uruguay,Paises Bajos,Semis,,70,Wesley Sneijder,,Paises Bajos,False,False
649,2010,Uruguay,Paises Bajos,Semis,,73,Arjen Robben,,Paises Bajos,False,False
650,2010,Uruguay,Paises Bajos,Semis,,90,Maximiliano Pereira,,Uruguay,False,False
651,2010,Alemania,España,Semis,,73,Carles Puyol,,España,False,False
652,2010,Uruguay,Alemania,3er Puesto,,19,Thomas Müller,,Alemania,False,False
653,2010,Uruguay,Alemania,3er Puesto,,28,Edinson Cavani,,Uruguay,False,False
654,2010,Uruguay,Alemania,3er Puesto,,51,Diego Forlan,,Uruguay,False,False
655,2010,Uruguay,Alemania,3er Puesto,,56,Marcell Jansen,,Alemania,False,False
656,2010,Uruguay,Alemania,3er Puesto,,82,Sami Khedira,,Alemania,False,False
657,2010,Paises Bajos,España,Final,,116,Andrés Iniesta,,España,False,False
658,2006,Alemania,Costa Rica,"1ra Ronda, Grupo A",A,6,Philipp Lahm,,Alemania,False,False
659,2006,Alemania,Costa Rica,"1ra Ronda, Grupo A",A,12,Paulo Wanchope,,Costa Rica,False,False
660,2006,Alemania,Costa Rica,"1ra Ronda, Grupo A",A,17,Miroslav Klose,,Alemania,False,False
661,2006,Alemania,Costa Rica,"1ra Ronda, Grupo A",A,61,Miroslav Klose,,Alemania,False,False
662,2006,Alemania,Costa Rica,"1ra Ronda, Grupo A",A,73,Paulo Wanchope,,Costa Rica,False,False
663,2006,Alemania,Costa Rica,"1ra Ronda, Grupo A",A,87,Torsten Frings,,Alemania,False,False
664,2006,Polonia,Ecuador,"1ra Ronda, Grupo A",A,24,Carlos Tenorio,,Ecuador,False,False
665,2006,Polonia,Ecuador,"1ra Ronda, Grupo A",A,80,Agustin Delgado,,Ecuador,False,False
666,2006,Inglaterra,Paraguay,"1ra Ronda, Grupo B",B,3,Carlos Gamarra (en contra),,Inglaterra,False,False
667,2006,Argentina,Costa de Marfil,"1ra Ronda, Grupo C",C,24,Hernan Crespo,,Argentina,False,False
668,2006,Argentina,Costa de Marfil,"1ra Ronda, Grupo C",C,38,Javier Saviola,,Argentina,False,False
669,2006,Argentina,Costa de Marfil,"1ra Ronda, Grupo C",C,82,Didier Drogba,,Costa de Marfil,False,False
670,2006,Serbia y Montenegro,Paises Bajos,"1ra Ronda, Grupo C",C,18,Arjen Robben,,Paises Bajos,False,False
671,2006,México,Irán,"1ra Ronda, Grupo D",D,28,Omar Bravo,,México,False,False
672,2006,México,Irán,"1ra Ronda, Grupo D",D,36,Yahya Golmohammadi,,Irán,False,False
673,2006,México,Irán,"1ra Ronda, Grupo D",D,76,Omar Bravo,,México,False,False
674,2006,México,Irán,"1ra Ronda, Grupo D",D,79,Zinha,,México,False,False
675,2006,Angola,Portugal,"1ra Ronda, Grupo D",D,4,Pauleta,,Portugal,False,False
676,2006,Italia,Ghana,"1ra Ronda, Grupo E",E,40,Andrea Pirlo,,Italia,False,False
677,2006,Italia,Ghana,"1ra Ronda, Grupo E",E,83,Vincenzo Iaquinta,,Italia,False,False
678,2006,Estados Unidos,República Checa,"1ra Ronda, Grupo E",E,5,Jan Koller,,República Checa,False,False
679,2006,Estados Unidos,República Checa,"1ra Ronda, Grupo E",E,36,Tomas Rosicky,,República Checa,False,False
680,2006,Estados Unidos,República Checa,"1ra Ronda, Grupo E",E,76,Tomas Rosicky,,República Checa,False,False
681,2006,Australia,Japón,"1ra Ronda, Grupo F",F,26,Shunsuke Nakamura,,Japón,False,False
682,2006,Australia,Japón,"1ra Ronda, Grupo F",F,84,Tim Cahill,,Australia,False,False
683,2006,Australia,Japón,"1ra Ronda, Grupo F",F,89,Tim Cahill,,Australia,False,False
684,2006,Australia,Japón,"1ra Ronda, Grupo F",F,90,John Aloisi,,Australia,False,False
685,2006,Brasil,Croacia,"1ra Ronda, Grupo F",F,44,Kaká,,Brasil,False,False
686,2006,Corea del Sur,Togo,"1ra Ronda, Grupo G",G,31,Mohamed Kader,,Togo,False,False
687,2006,Corea del Sur,Togo,"1ra Ronda, Grupo G",G,54,Chun Soo Lee,,Corea del Sur,False,False
688,2006,Corea del Sur,Togo,"1ra Ronda, Grupo G",G,72,Jung Hwan Ahn,,Corea del Sur,False,False
689,2006,España,Ucrania,"1ra Ronda, Grupo H",H,13,Xabi Alonso,,España,False,False
690,2006,España,Ucrania,"1ra Ronda, Grupo H",H,17,David Villa,,España,False,False
691,2006,España,Ucrania,"1ra Ronda, Grupo H",H,48,David Villa (de penal),,España,True,False
692,2006,España,Ucrania,"1ra Ronda, Grupo H",H,81,Fernando Torres,,España,False,False
693,2006,Túnez,Arabia Saudita,"1ra Ronda, Grupo H",H,23,Zied Jaziri,,Túnez,False,False
694,2006,Túnez,Arabia Saudita,"1ra Ronda, Grupo H",H,57,Yasser Al Kahtani,,Arabia Saudita,False,False
695,2006,Túnez,Arabia Saudita,"1ra Ronda, Grupo H",H,84,Sami Al Jaber,,Arabia Saudita,False,False
696,2006,Túnez,Arabia Saudita,"1ra Ronda, Grupo H",H,90,Radhi Jaidi,,Túnez,False,False
697,2006,Alemania,Polonia,"1ra Ronda, Grupo A",A,90,Oliver Neuville,,Alemania,False,False
698,2006,Ecuador,Costa Rica,"1ra Ronda, Grupo A",A,8,Carlos Tenorio,,Ecuador,False,False
699,2006,Ecuador,Costa Rica,"1ra Ronda, Grupo A",A,54,Agustin Delgado,,Ecuador,False,False
700,2006,Ecuador,Costa Rica,"1ra Ronda, Grupo A",A,90,Ivan Kaviedes,,Ecuador,False,False
701,2006,Inglaterra,Trinidad y Tobago,"1ra Ronda, Grupo B",B,83,Peter Crouch,,Inglaterra,False,False
702,2006,Inglaterra,Trinidad y Tobago,"1ra Ronda, Grupo B",B,90,Steven Gerrard,,Inglaterra,False,False
703,2006,Suecia,Paraguay,"1ra Ronda, Grupo B",B,89,Fredrik Ljungberg,,Suecia,False,False
704,2006,Argentina,Serbia y Montenegro,"1ra Ronda, Grupo C",C,6,Maxi Rodriguez,,Argentina,False,False
705,2006,Argentina,Serbia y Montenegro,"1ra Ronda, Grupo C",C,31,Esteban Cambiasso,,Argentina,False,False
706,2006,Argentina,Serbia y Montenegro,"1ra Ronda, Grupo C",C,41,Maxi Rodriguez,,Argentina,False,False
707,2006,Argentina,Serbia y Montenegro,"1ra Ronda, Grupo C",C,78,Hernan Crespo,,Argentina,False,False
708,2006,Argentina,Serbia y Montenegro,"1ra Ronda, Grupo C",C,84,Carlos Tevez,,Argentina,False,False
709,2006,Argentina,Serbia y Montenegro,"1ra Ronda, Grupo C",C,88,Lionel Messi,,Argentina,False,False
710,2006,Paises Bajos,Costa de Marfil,"1ra Ronda, Grupo C",C,23,Robin Van Persie,,Paises Bajos,False,False
711,2006,Paises Bajos,Costa de Marfil,"1ra Ronda, Grupo C",C,27,Ruud Van Nistelrooij,,Paises Bajos,False,False
712,2006,Paises Bajos,Costa de Marfil,"1ra Ronda, Grupo C",C,38,Bakary Kone,,Costa de Marfil,False,False
713,2006,Portugal,Irán,"1ra Ronda, Grupo D",D,63,Deco,,Portugal,False,False
714,2006,Portugal,Irán,"1ra Ronda, Grupo D",D,80,Cristiano Ronaldo (de penal),,Portugal,True,False
715,2006,Italia,Estados Unidos,"1ra Ronda, Grupo E",E,22,Alberto Gilardino,,Italia,False,False
716,2006,Italia,Estados Unidos,"1ra Ronda, Grupo E",E,27,Cristian Zaccardo (en contra),,Estados Unidos,False,False
717,2006,República Checa,Ghana,"1ra Ronda, Grupo E",E,2,Asamoah Gyan,,Ghana,False,False
718,2006,República Checa,Ghana,"1ra Ronda, Grupo E",E,82,Sulley Muntari,,Ghana,False,False
719,2006,Brasil,Australia,"1ra Ronda, Grupo F",F,49,Adriano,,Brasil,False,False
720,2006,Brasil,Australia,"1ra Ronda, Grupo F",F,90,Fred,,Brasil,False,False
721,2006,Francia,Corea del Sur,"1ra Ronda, Grupo G",G,9,Thierry Henry,,Francia,False,False
722,2006,Francia,Corea del Sur,"1ra Ronda, Grupo G",G,81,Ji Sung Park,,Corea del Sur,False,False
723,2006,Togo,Suiza,"1ra Ronda, Grupo G",G,16,Alexander Frei,,Suiza,False,False
724,2006,Togo,Suiza,"1ra Ronda, Grupo G",G,88,Tranquillo Barnetta,,Suiza,False,False
725,2006,España,Túnez,"1ra Ronda, Grupo H",H,8,Jaouhar Mnari,,Túnez,False,False
726,2006,España,Túnez,"1ra Ronda, Grupo H",H,71,Raul,,España,False,False
727,2006,España,Túnez,"1ra Ronda, Grupo H",H,76,Fernando Torres,,España,False,False
728,2006,España,Túnez,"1ra Ronda, Grupo H",H,90,Fernando Torres (de penal),,España,True,False
729,2006,Arabia Saudita,Ucrania,"1ra Ronda, Grupo H",H,4,Andriy Rusol,,Ucrania,False,False
730,2006,Arabia Saudita,Ucrania,"1ra Ronda, Grupo H",H,36,Serhiy Rebrov,,Ucrania,False,False
731,2006,Arabia Saudita,Ucrania,"1ra Ronda, Grupo H",H,46,Andriy Shevchenko,,Ucrania,False,False
732,2006,Arabia Saudita,Ucrania,"1ra Ronda, Grupo H",H,84,Maksym Kalinichenko,,Ucrania,False,False
733,2006,Ecuador,Alemania,"1ra Ronda, Grupo A",A,4,Miroslav Klose,,Alemania,False,False
734,2006,Ecuador,Alemania,"1ra Ronda, Grupo A",A,44,Miroslav Klose,,Alemania,False,False
735,2006,Ecuador,Alemania,"1ra Ronda, Grupo A",A,57,Lukas Podolski,,Alemania,False,False
736,2006,Costa Rica,Polonia,"1ra Ronda, Grupo A",A,25,Ronald Gomez,,Costa Rica,False,False
737,2006,Costa Rica,Polonia,"1ra Ronda, Grupo A",A,33,Bartosz Bosacki,,Polonia,False,False
738,2006,Costa Rica,Polonia,"1ra Ronda, Grupo A",A,66,Bartosz Bosacki,,Polonia,False,False
739,2006,Suecia,Inglaterra,"1ra Ronda, Grupo B",B,34,Joe Cole,,Inglaterra,False,False
740,2006,Suecia,Inglaterra,"1ra Ronda, Grupo B",B,51,Marcus Allback,,Suecia,False,False
741,2006,Suecia,Inglaterra,"1ra Ronda, Grupo B",B,85,Steven Gerrard,,Inglaterra,False,False
742,2006,Suecia,Inglaterra,"1ra Ronda, Grupo B",B,90,Henrik Larsson,,Suecia,False,False
743,2006,Paraguay,Trinidad y Tobago,"1ra Ronda, Grupo B",B,25,Brent Sancho (en contra),,Paraguay,False,False
744,2006,Paraguay,Trinidad y Tobago,"1ra Ronda, Grupo B",B,86,Nelson Cuevas,,Paraguay,False,False
745,2006,Costa de Marfil,Serbia y Montenegro,"1ra Ronda, Grupo C",C,10,Nikola Zigic,,Serbia y Montenegro,False,False
746,2006,Costa de Marfil,Serbia y Montenegro,"1ra Ronda, Grupo C",C,20,Sasa Ilic,,Serbia y Montenegro,False,False
747,2006,Costa de Marfil,Serbia y Montenegro,"1ra Ronda, Grupo C",C,37,Aruna Dindane (de penal),,Costa de Marfil,True,False
748,2006,Costa de Marfil,Serbia y Montenegro,"1ra Ronda, Grupo C",C,67,Aruna Dindane,,Costa de Marfil,False,False
749,2006,Costa de Marfil,Serbia y Montenegro,"1ra Ronda, Grupo C",C,86,Bonaventure Kalou (de penal),,Costa de Marfil,True,False
750,2006,Portugal,México,"1ra Ronda, Grupo D",D,6,Maniche,,Portugal,False,False
751,2006,Portugal,México,"1ra Ronda, Grupo D",D,24,Simao (de penal),,Portugal,True,False
752,2006,Portugal,México,"1ra Ronda, Grupo D",D,29,Jose Fonseca,,México,False,False
753,2006,Irán,Angola,"1ra Ronda, Grupo D",D,60,Flavio,,Angola,False,False
754,2006,Irán,Angola,"1ra Ronda, Grupo D",D,75,Sohrab Bakhtiarizadeh,,Irán,False,False
755,2006,República Checa,Italia,"1ra Ronda, Grupo E",E,26,Marco Materazzi,,Italia,False,False
756,2006,República Checa,Italia,"1ra Ronda, Grupo E",E,87,Filippo Inzaghi,,Italia,False,False
757,2006,Ghana,Estados Unidos,"1ra Ronda, Grupo E",E,22,Haminu Draman,,Ghana,False,False
758,2006,Ghana,Estados Unidos,"1ra Ronda, Grupo E",E,43,Clint Dempsey,,Estados Unidos,False,False
759,2006,Ghana,Estados Unidos,"1ra Ronda, Grupo E",E,45,Stephen Appiah (de penal),,Ghana,True,False
760,2006,Japón,Brasil,"1ra Ronda, Grupo F",F,34,Keiji Tamada,,Japón,False,False
761,2006,Japón,Brasil,"1ra Ronda, Grupo F",F,45,Ronaldo,,Brasil,False,False
762,2006,Japón,Brasil,"1ra Ronda, Grupo F",F,53,Juninho Pernambucano,,Brasil,False,False
763,2006,Japón,Brasil,"1ra Ronda, Grupo F",F,59,Gilberto Melo,,Brasil,False,False
764,2006,Japón,Brasil,"1ra Ronda, Grupo F",F,81,Ronaldo,,Brasil,False,False
765,2006,Croacia,Australia,"1ra Ronda, Grupo F",F,2,Darijo Srna,,Croacia,False,False
766,2006,Croacia,Australia,"1ra Ronda, Grupo F",F,38,Craig Moore (de penal),,Australia,True,False
767,2006,Croacia,Australia,"1ra Ronda, Grupo F",F,56,Niko Kovac,,Croacia,False,False
768,2006,Croacia,Australia,"1ra Ronda, Grupo F",F,79,Harry Kewell,,Australia,False,False
769,2006,Togo,Francia,"1ra Ronda, Grupo G",G,55,Patrick Vieira,,Francia,False,False
770,2006,Togo,Francia,"1ra Ronda, Grupo G",G,61,Thierry Henry,,Francia,False,False
771,2006,Suiza,Corea del Sur,"1ra Ronda, Grupo G",G,23,Philippe Senderos,,Suiza,False,False
772,2006,Suiza,Corea del Sur,"1ra Ronda, Grupo G",G,77,Alexander Frei,,Suiza,False,False
773,2006,Arabia Saudita,España,"1ra Ronda, Grupo H",H,36,Juanito,,España,False,False
774,2006,Ucrania,Túnez,"1ra Ronda, Grupo H",H,70,Andriy Shevchenko (de penal),,Ucrania,True,False
775,2006,Alemania,Suecia,Octavos,,4,Lukas Podolski,,Alemania,False,False
776,2006,Alemania,Suecia,Octavos,,12,Lukas Podolski,,Alemania,False,False
777,2006,Argentina,México,Octavos,,6,Rafael Marquez,,México,False,False
778,2006,Argentina,México,Octavos,,10,Hernan Crespo,,Argentina,False,False
779,2006,Argentina,México,Octavos,,98,Maxi Rodriguez,,Argentina,False,False
780,2006,Inglaterra,Ecuador,Octavos,,60,David Beckham,,Inglaterra,False,False
781,2006,Portugal,Paises Bajos,Octavos,,23,Maniche,,Portugal,False,False
782,2006,Italia,Australia,Octavos,,90,Francesco Totti (de penal),,Italia,True,False
783,2006,Brasil,Ghana,Octavos,,5,Ronaldo,,Brasil,False,False
784,2006,Brasil,Ghana,Octavos,,45,Adriano,,Brasil,False,False
785,2006,Brasil,Ghana,Octavos,,84,Ze Roberto,,Brasil,False,False
786,2006,España,Francia,Octavos,,28,David Villa (de penal),,España,True,False
787,2006,España,Francia,Octavos,,41,Franck Ribery,,Francia,False,False
788,2006,España,Francia,Octavos,,83,Patrick Vieira,,Francia,False,False
789,2006,España,Francia,Octavos,,90,Zinedine Zidane,,Francia,False,False
790,2006,Alemania,Argentina,Cuartos,,49,Roberto Ayala,,Argentina,False,False
791,2006,Alemania,Argentina,Cuartos,,80,Miroslav Klose,,Alemania,False,False
792,2006,Italia,Ucrania,Cuartos,,6,Gianluca Zambrotta,,Italia,False,False
793,2006,Italia,Ucrania,Cuartos,,59,Luca Toni,,Italia,False,False
794,2006,Italia,Ucrania,Cuartos,,69,Luca Toni,,Italia,False,False
795,2006,Brasil,Francia,Cuartos,,57,Thierry Henry,,Francia,False,False
796,2006,Alemania,Italia,Semis,,119,Fabio Grosso,,Italia,False,False
797,2006,Alemania,Italia,Semis,,121,Alessandro Del Piero,,Italia,False,False
798,2006,Portugal,Francia,Semis,,33,Zinedine Zidane (de penal),,Francia,True,False
799,2006,Alemania,Portugal,3er Puesto,,56,Bastian Schweinsteiger,,Alemania,False,False
800,2006,Alemania,Portugal,3er Puesto,,60,Petit (en contra),,Alemania,False,False
801,2006,Alemania,Portugal,3er Puesto,,78,Bastian Schweinsteiger,,Alemania,False,False
802,2006,Alemania,Portugal,3er Puesto,,88,Nuno Gomes,,Portugal,False,False
803,2006,Italia,Francia,Final,,7,Zinedine Zidane (de penal),,Francia,True,False
804,2006,Italia,Francia,Final,,19,Marco Materazzi,,Italia,False,False
805,2002,Francia,Senegal,"1ra Ronda, Grupo A",A,30,Bouba Diop,,Senegal,False,False
806,2002,Irlanda,Camerún,"1ra Ronda, Grupo E",E,39,Patrick Mboma,,Camerún,False,False
807,2002,Irlanda,Camerún,"1ra Ronda, Grupo E",E,52,Matt Holland,,Irlanda,False,False
808,2002,Uruguay,Dinamarca,"1ra Ronda, Grupo A",A,45,Jon Dahl Tomasson,,Dinamarca,False,False
809,2002,Uruguay,Dinamarca,"1ra Ronda, Grupo A",A,47,Dario Rodriguez,,Uruguay,False,False
810,2002,Uruguay,Dinamarca,"1ra Ronda, Grupo A",A,83,Jon Dahl Tomasson,,Dinamarca,False,False
811,2002,Alemania,Arabia Saudita,"1ra Ronda, Grupo E",E,20,Miroslav Klose,,Alemania,False,False
812,2002,Alemania,Arabia Saudita,"1ra Ronda, Grupo E",E,25,Miroslav Klose,,Alemania,False,False
813,2002,Alemania,Arabia Saudita,"1ra Ronda, Grupo E",E,40,Michael Ballack,,Alemania,False,False
814,2002,Alemania,Arabia Saudita,"1ra Ronda, Grupo E",E,45,Carsten Jancker,,Alemania,False,False
815,2002,Alemania,Arabia Saudita,"1ra Ronda, Grupo E",E,70,Miroslav Klose,,Alemania,False,False
816,2002,Alemania,Arabia Saudita,"1ra Ronda, Grupo E",E,73,Thomas Linke,,Alemania,False,False
817,2002,Alemania,Arabia Saudita,"1ra Ronda, Grupo E",E,84,Oliver Bierhoff,,Alemania,False,False
818,2002,Alemania,Arabia Saudita,"1ra Ronda, Grupo E",E,90,Bernd Schneider,,Alemania,False,False
819,2002,Inglaterra,Suecia,"1ra Ronda, Grupo F",F,24,Sol Campbell,,Inglaterra,False,False
820,2002,Inglaterra,Suecia,"1ra Ronda, Grupo F",F,59,Niclas Alexandersson,,Suecia,False,False
821,2002,Paraguay,Sudáfrica,"1ra Ronda, Grupo B",B,39,Roque Santa Cruz,,Paraguay,False,False
822,2002,Paraguay,Sudáfrica,"1ra Ronda, Grupo B",B,55,Francisco Arce,,Paraguay,False,False
823,2002,Paraguay,Sudáfrica,"1ra Ronda, Grupo B",B,63,Teboho Mokoena,,Sudáfrica,False,False
824,2002,Paraguay,Sudáfrica,"1ra Ronda, Grupo B",B,90,Quinton Fortune (de penal),,Sudáfrica,True,False
825,2002,Argentina,Nigeria,"1ra Ronda, Grupo F",F,63,Gabriel Batistuta,,Argentina,False,False
826,2002,España,Eslovenia,"1ra Ronda, Grupo B",B,44,Raul,,España,False,False
827,2002,España,Eslovenia,"1ra Ronda, Grupo B",B,74,Juan Carlos Valeron,,España,False,False
828,2002,España,Eslovenia,"1ra Ronda, Grupo B",B,82,Sebastijan Cimirotic,,Eslovenia,False,False
829,2002,España,Eslovenia,"1ra Ronda, Grupo B",B,87,Fernando Hierro (de penal),,España,True,False
830,2002,Croacia,México,"1ra Ronda, Grupo G",G,60,Cuauhtemoc Blanco (de penal),,México,True,False
831,2002,Brasil,Turquía,"1ra Ronda, Grupo C",C,45,Hasan Sas,,Turquía,False,False
832,2002,Brasil,Turquía,"1ra Ronda, Grupo C",C,50,Ronaldo,,Brasil,False,False
833,2002,Brasil,Turquía,"1ra Ronda, Grupo C",C,87,Rivaldo (de penal),,Brasil,True,False
834,2002,Italia,Ecuador,"1ra Ronda, Grupo G",G,7,Christian Vieri,,Italia,False,False
835,2002,Italia,Ecuador,"1ra Ronda, Grupo G",G,27,Christian Vieri,,Italia,False,False
836,2002,China,Costa Rica,"1ra Ronda, Grupo C",C,61,Ronald Gomez,,Costa Rica,False,False
837,2002,China,Costa Rica,"1ra Ronda, Grupo C",C,65,Mauricio Wright,,Costa Rica,False,False
838,2002,Japón,Bélgica,"1ra Ronda, Grupo H",H,57,Marc Wilmots,,Bélgica,False,False
839,2002,Japón,Bélgica,"1ra Ronda, Grupo H",H,59,Takayuki Suzuki,,Japón,False,False
840,2002,Japón,Bélgica,"1ra Ronda, Grupo H",H,67,Junichi Inamoto,,Japón,False,False
841,2002,Japón,Bélgica,"1ra Ronda, Grupo H",H,75,Peter Van Der Heyden,,Bélgica,False,False
842,2002,Corea del Sur,Polonia,"1ra Ronda, Grupo D",D,26,Sun Hong Hwang,,Corea del Sur,False,False
843,2002,Corea del Sur,Polonia,"1ra Ronda, Grupo D",D,53,Sang Chul Yoo,,Corea del Sur,False,False
844,2002,Rusia,Túnez,"1ra Ronda, Grupo H",H,59,Egor Titov,,Rusia,False,False
845,2002,Rusia,Túnez,"1ra Ronda, Grupo H",H,64,Valeri Karpin (de penal),,Rusia,True,False
846,2002,Estados Unidos,Portugal,"1ra Ronda, Grupo D",D,4,John O'Brien,,Estados Unidos,False,False
847,2002,Estados Unidos,Portugal,"1ra Ronda, Grupo D",D,29,Jorge Costa (en contra),,Estados Unidos,False,False
848,2002,Estados Unidos,Portugal,"1ra Ronda, Grupo D",D,36,Brian Mcbride,,Estados Unidos,False,False
849,2002,Estados Unidos,Portugal,"1ra Ronda, Grupo D",D,39,Beto,,Portugal,False,False
850,2002,Estados Unidos,Portugal,"1ra Ronda, Grupo D",D,71,Jeff Agoos (en contra),,Portugal,False,False
851,2002,Alemania,Irlanda,"1ra Ronda, Grupo E",E,19,Miroslav Klose,,Alemania,False,False
852,2002,Alemania,Irlanda,"1ra Ronda, Grupo E",E,90,Robbie Keane,,Irlanda,False,False
853,2002,Camerún,Arabia Saudita,"1ra Ronda, Grupo E",E,66,Samuel Eto'o,,Camerún,False,False
854,2002,Dinamarca,Senegal,"1ra Ronda, Grupo A",A,16,Jon Dahl Tomasson (de penal),,Dinamarca,True,False
855,2002,Dinamarca,Senegal,"1ra Ronda, Grupo A",A,52,Salif Diao,,Senegal,False,False
856,2002,Suecia,Nigeria,"1ra Ronda, Grupo F",F,27,Julius Aghahowa,,Nigeria,False,False
857,2002,Suecia,Nigeria,"1ra Ronda, Grupo F",F,35,Henrik Larsson,,Suecia,False,False
858,2002,Suecia,Nigeria,"1ra Ronda, Grupo F",F,63,Henrik Larsson (de penal),,Suecia,True,False
859,2002,España,Paraguay,"1ra Ronda, Grupo B",B,10,Carles Puyol (en contra),,Paraguay,False,False
860,2002,España,Paraguay,"1ra Ronda, Grupo B",B,53,Fernando Morientes,,España,False,False
861,2002,España,Paraguay,"1ra Ronda, Grupo B",B,69,Fernando Morientes,,España,False,False
862,2002,España,Paraguay,"1ra Ronda, Grupo B",B,83,Fernando Hierro (de penal),,España,True,False
863,2002,Argentina,Inglaterra,"1ra Ronda, Grupo F",F,44,David Beckham (de penal),,Inglaterra,True,False
864,2002,Sudáfrica,Eslovenia,"1ra Ronda, Grupo B",B,4,Siyabonga Nomvethe,,Sudáfrica,False,False
865,2002,Italia,Croacia,"1ra Ronda, Grupo G",G,55,Christian Vieri,,Italia,False,False
866,2002,Italia,Croacia,"1ra Ronda, Grupo G",G,73,Ivica Olic,,Croacia,False,False
867,2002,Italia,Croacia,"1ra Ronda, Grupo G",G,76,Milan Rapaic,,Croacia,False,False
868,2002,Brasil,China,"1ra Ronda, Grupo C",C,15,Roberto Carlos,,Brasil,False,False
869,2002,Brasil,China,"1ra Ronda, Grupo C",C,32,Rivaldo,,Brasil,False,False
870,2002,Brasil,China,"1ra Ronda, Grupo C",C,45,Ronaldinho (de penal),,Brasil,True,False
871,2002,Brasil,China,"1ra Ronda, Grupo C",C,55,Ronaldo,,Brasil,False,False
872,2002,México,Ecuador,"1ra Ronda, Grupo G",G,5,Agustin Delgado,,Ecuador,False,False
873,2002,México,Ecuador,"1ra Ronda, Grupo G",G,28,Jared Borgetti,,México,False,False
874,2002,México,Ecuador,"1ra Ronda, Grupo G",G,57,Gerardo Torrado,,México,False,False
875,2002,Costa Rica,Turquía,"1ra Ronda, Grupo C",C,56,Emre Belozoglu,,Turquía,False,False
876,2002,Costa Rica,Turquía,"1ra Ronda, Grupo C",C,86,Winston Parks,,Costa Rica,False,False
877,2002,Japón,Rusia,"1ra Ronda, Grupo H",H,51,Junichi Inamoto,,Japón,False,False
878,2002,Corea del Sur,Estados Unidos,"1ra Ronda, Grupo D",D,24,Clint Mathis,,Estados Unidos,False,False
879,2002,Corea del Sur,Estados Unidos,"1ra Ronda, Grupo D",D,78,Jung Hwan Ahn,,Corea del Sur,False,False
880,2002,Túnez,Bélgica,"1ra Ronda, Grupo H",H,13,Marc Wilmots,,Bélgica,False,False
881,2002,Túnez,Bélgica,"1ra Ronda, Grupo H",H,17,Raouf Bouzaiene,,Túnez,False,False
882,2002,Portugal,Polonia,"1ra Ronda, Grupo D",D,14,Pauleta,,Portugal,False,False
883,2002,Portugal,Polonia,"1ra Ronda, Grupo D",D,65,Pauleta,,Portugal,False,False
884,2002,Portugal,Polonia,"1ra Ronda, Grupo D",D,77,Pauleta,,Portugal,False,False
885,2002,Portugal,Polonia,"1ra Ronda, Grupo D",D,88,Rui Costa,,Portugal,False,False
886,2002,Dinamarca,Francia,"1ra Ronda, Grupo A",A,22,Dennis Rommedahl,,Dinamarca,False,False
887,2002,Dinamarca,Francia,"1ra Ronda, Grupo A",A,67,Jon Dahl Tomasson,,Dinamarca,False,False
888,2002,Senegal,Uruguay,"1ra Ronda, Grupo A",A,20,Khalilou Fadiga (de penal),,Senegal,True,False
889,2002,Senegal,Uruguay,"1ra Ronda, Grupo A",A,26,Bouba Diop,,Senegal,False,False
890,2002,Senegal,Uruguay,"1ra Ronda, Grupo A",A,38,Bouba Diop,,Senegal,False,False
891,2002,Senegal,Uruguay,"1ra Ronda, Grupo A",A,46,Richard Morales,,Uruguay,False,False
892,2002,Senegal,Uruguay,"1ra Ronda, Grupo A",A,69,Diego Forlan,,Uruguay,False,False
893,2002,Senegal,Uruguay,"1ra Ronda, Grupo A",A,88,Alvaro Recoba (de penal),,Uruguay,True,False
894,2002,Camerún,Alemania,"1ra Ronda, Grupo E",E,50,Marco Bode,,Alemania,False,False
895,2002,Camerún,Alemania,"1ra Ronda, Grupo E",E,79,Miroslav Klose,,Alemania,False,False
896,2002,Arabia Saudita,Irlanda,"1ra Ronda, Grupo E",E,7,Robbie Keane,,Irlanda,False,False
897,2002,Arabia Saudita,Irlanda,"1ra Ronda, Grupo E",E,61,Gary Breen,,Irlanda,False,False
898,2002,Arabia Saudita,Irlanda,"1ra Ronda, Grupo E",E,87,Damien Duff,,Irlanda,False,False
899,2002,Suecia,Argentina,"1ra Ronda, Grupo F",F,59,Anders Svensson,,Suecia,False,False
900,2002,Suecia,Argentina,"1ra Ronda, Grupo F",F,88,Hernan Crespo,,Argentina,False,False
901,2002,Sudáfrica,España,"1ra Ronda, Grupo B",B,4,Raul,,España,False,False
902,2002,Sudáfrica,España,"1ra Ronda, Grupo B",B,31,Benni Mccarthy,,Sudáfrica,False,False
903,2002,Sudáfrica,España,"1ra Ronda, Grupo B",B,45,Gaizka Mendieta,,España,False,False
904,2002,Sudáfrica,España,"1ra Ronda, Grupo B",B,53,Lucas Radebe,,Sudáfrica,False,False
905,2002,Sudáfrica,España,"1ra Ronda, Grupo B",B,56,Raul,,España,False,False
906,2002,Eslovenia,Paraguay,"1ra Ronda, Grupo B",B,45,Milenko Acimovic,,Eslovenia,False,False
907,2002,Eslovenia,Paraguay,"1ra Ronda, Grupo B",B,65,Nelson Cuevas,,Paraguay,False,False
908,2002,Eslovenia,Paraguay,"1ra Ronda, Grupo B",B,73,Jorge Campos,,Paraguay,False,False
909,2002,Eslovenia,Paraguay,"1ra Ronda, Grupo B",B,84,Nelson Cuevas,,Paraguay,False,False
910,2002,Costa Rica,Brasil,"1ra Ronda, Grupo C",C,10,Ronaldo,,Brasil,False,False
911,2002,Costa Rica,Brasil,"1ra Ronda, Grupo C",C,13,Ronaldo,,Brasil,False,False
912,2002,Costa Rica,Brasil,"1ra Ronda, Grupo C",C,38,Edmilson,,Brasil,False,False
913,2002,Costa Rica,Brasil,"1ra Ronda, Grupo C",C,39,Paulo Wanchope,,Costa Rica,False,False
914,2002,Costa Rica,Brasil,"1ra Ronda, Grupo C",C,56,Ronald Gomez,,Costa Rica,False,False
915,2002,Costa Rica,Brasil,"1ra Ronda, Grupo C",C,62,Rivaldo,,Brasil,False,False
916,2002,Costa Rica,Brasil,"1ra Ronda, Grupo C",C,64,Junior,,Brasil,False,False
917,2002,Turquía,China,"1ra Ronda, Grupo C",C,6,Hasan Sas,,Turquía,False,False
918,2002,Turquía,China,"1ra Ronda, Grupo C",C,9,Bulent Korkmaz,,Turquía,False,False
919,2002,Turquía,China,"1ra Ronda, Grupo C",C,85,Umit Davala,,Turquía,False,False
920,2002,México,Italia,"1ra Ronda, Grupo G",G,34,Jared Borgetti,,México,False,False
921,2002,México,Italia,"1ra Ronda, Grupo G",G,85,Alessandro Del Piero,,Italia,False,False
922,2002,Ecuador,Croacia,"1ra Ronda, Grupo G",G,48,Edison Mendez,,Ecuador,False,False
923,2002,Túnez,Japón,"1ra Ronda, Grupo H",H,48,Hiroaki Morishima,,Japón,False,False
924,2002,Túnez,Japón,"1ra Ronda, Grupo H",H,75,Hidetoshi Nakata,,Japón,False,False
925,2002,Bélgica,Rusia,"1ra Ronda, Grupo H",H,7,Johan Walem,,Bélgica,False,False
926,2002,Bélgica,Rusia,"1ra Ronda, Grupo H",H,52,Vladimir Beschastnykh,,Rusia,False,False
927,2002,Bélgica,Rusia,"1ra Ronda, Grupo H",H,78,Wesley Sonck,,Bélgica,False,False
928,2002,Bélgica,Rusia,"1ra Ronda, Grupo H",H,82,Marc Wilmots,,Bélgica,False,False
929,2002,Bélgica,Rusia,"1ra Ronda, Grupo H",H,88,Dmitri Sychev,,Rusia,False,False
930,2002,Portugal,Corea del Sur,"1ra Ronda, Grupo D",D,70,Ji Sung Park,,Corea del Sur,False,False
931,2002,Polonia,Estados Unidos,"1ra Ronda, Grupo D",D,3,Emmanuel Olisadebe,,Polonia,False,False
932,2002,Polonia,Estados Unidos,"1ra Ronda, Grupo D",D,5,Pawel Kryszalowicz,,Polonia,False,False
933,2002,Polonia,Estados Unidos,"1ra Ronda, Grupo D",D,66,Marcin Zewlakow,,Polonia,False,False
934,2002,Polonia,Estados Unidos,"1ra Ronda, Grupo D",D,83,Landon Donovan,,Estados Unidos,False,False
935,2002,Alemania,Paraguay,Octavos,,88,Oliver Neuville,,Alemania,False,False
936,2002,Dinamarca,Inglaterra,Octavos,,5,Rio Ferdinand,,Inglaterra,False,False
937,2002,Dinamarca,Inglaterra,Octavos,,22,Michael Owen,,Inglaterra,False,False
938,2002,Dinamarca,Inglaterra,Octavos,,44,Emile Heskey,,Inglaterra,False,False
939,2002,Suecia,Senegal,Octavos,,11,Henrik Larsson,,Suecia,False,False
940,2002,Suecia,Senegal,Octavos,,37,Henri Camara,,Senegal,False,False
941,2002,Suecia,Senegal,Octavos,,14,Henri Camara,,Senegal,False,False
942,2002,España,Irlanda,Octavos,,8,Fernando Morientes,,España,False,False
943,2002,España,Irlanda,Octavos,,90,Robbie Keane (de penal),,Irlanda,True,False
944,2002,México,Estados Unidos,Octavos,,8,Brian Mcbride,,Estados Unidos,False,False
945,2002,México,Estados Unidos,Octavos,,65,Landon Donovan,,Estados Unidos,False,False
946,2002,Brasil,Bélgica,Octavos,,67,Rivaldo,,Brasil,False,False
947,2002,Brasil,Bélgica,Octavos,,87,Ronaldo,,Brasil,False,False
948,2002,Japón,Turquía,Octavos,,12,Umit Davala,,Turquía,False,False
949,2002,Corea del Sur,Italia,Octavos,,18,Christian Vieri,,Italia,False,False
950,2002,Corea del Sur,Italia,Octavos,,88,Ki Hyeon Seol,,Corea del Sur,False,False
951,2002,Corea del Sur,Italia,Octavos,,117,Jung Hwan Ahn,,Corea del Sur,False,False
952,2002,Inglaterra,Brasil,Cuartos,,23,Michael Owen,,Inglaterra,False,False
953,2002,Inglaterra,Brasil,Cuartos,,45,Rivaldo,,Brasil,False,False
954,2002,Inglaterra,Brasil,Cuartos,,50,Ronaldinho,,Brasil,False,False
955,2002,Alemania,Estados Unidos,Cuartos,,39,Michael Ballack,,Alemania,False,False
956,2002,Senegal,Turquía,Cuartos,,4,Ilhan Mansiz,,Turquía,False,False
957,2002,Alemania,Corea del Sur,Semis,,75,Michael Ballack,,Alemania,False,False
958,2002,Brasil,Turquía,Semis,,49,Ronaldo,,Brasil,False,False
959,2002,Corea del Sur,Turquía,3er Puesto,,1,Hakan Sukur,,Turquía,False,False
960,2002,Corea del Sur,Turquía,3er Puesto,,9,Eul Yong Lee,,Corea del Sur,False,False
961,2002,Corea del Sur,Turquía,3er Puesto,,13,Ilhan Mansiz,,Turquía,False,False
962,2002,Corea del Sur,Turquía,3er Puesto,,32,Ilhan Mansiz,,Turquía,False,False
963,2002,Corea del Sur,Turquía,3er Puesto,,90,Chong Gug Song,,Corea del Sur,False,False
964,2002,Alemania,Brasil,Final,,67,Ronaldo,,Brasil,False,False
965,2002,Alemania,Brasil,Final,,79,Ronaldo,,Brasil,False,False
966,1998,Brasil,Escocia,"1ra Ronda, Grupo A",A,5,Cesar Sampaio,,Brasil,False,False
967,1998,Brasil,Escocia,"1ra Ronda, Grupo A",A,38,John Collins (de penal),,Escocia,True,False
968,1998,Brasil,Escocia,"1ra Ronda, Grupo A",A,74,Tom Boyd (en contra),,Brasil,False,False
969,1998,Marruecos,Noruega,"1ra Ronda, Grupo A",A,37,Mustafa El Hadji,,Marruecos,False,False
970,1998,Marruecos,Noruega,"1ra Ronda, Grupo A",A,45,Youssef Chippo (en contra),,Noruega,False,False
971,1998,Marruecos,Noruega,"1ra Ronda, Grupo A",A,60,Abdeljalil Hadda,,Marruecos,False,False
972,1998,Marruecos,Noruega,"1ra Ronda, Grupo A",A,61,Dan Eggen,,Noruega,False,False
973,1998,Camerún,Austria,"1ra Ronda, Grupo B",B,77,Pierre Njanka,,Camerún,False,False
974,1998,Camerún,Austria,"1ra Ronda, Grupo B",B,90,Toni Polster,,Austria,False,False
975,1998,Italia,Chile,"1ra Ronda, Grupo B",B,11,Christian Vieri,,Italia,False,False
976,1998,Italia,Chile,"1ra Ronda, Grupo B",B,45,Marcelo Salas,,Chile,False,False
977,1998,Italia,Chile,"1ra Ronda, Grupo B",B,48,Marcelo Salas,,Chile,False,False
978,1998,Italia,Chile,"1ra Ronda, Grupo B",B,84,Roberto Baggio (de penal),,Italia,True,False
979,1998,Arabia Saudita,Dinamarca,"1ra Ronda, Grupo C",C,69,Marc Rieper,,Dinamarca,False,False
980,1998,Francia,Sudáfrica,"1ra Ronda, Grupo C",C,36,Christophe Dugarry,,Francia,False,False
981,1998,Francia,Sudáfrica,"1ra Ronda, Grupo C",C,77,Pierre Issa (en contra),,Francia,False,False
982,1998,Francia,Sudáfrica,"1ra Ronda, Grupo C",C,90,Thierry Henry,,Francia,False,False
983,1998,Corea del Sur,México,"1ra Ronda, Grupo E",E,27,Seok Ju Ha,,Corea del Sur,False,False
984,1998,Corea del Sur,México,"1ra Ronda, Grupo E",E,50,Ricardo Pelaez Linares,,México,False,False
985,1998,Corea del Sur,México,"1ra Ronda, Grupo E",E,75,Luis Hernandez,,México,False,False
986,1998,Corea del Sur,México,"1ra Ronda, Grupo E",E,84,Luis Hernandez,,México,False,False
987,1998,España,Nigeria,"1ra Ronda, Grupo D",D,21,Fernando Hierro,,España,False,False
988,1998,España,Nigeria,"1ra Ronda, Grupo D",D,24,Mutiu Adepoju,,Nigeria,False,False
989,1998,España,Nigeria,"1ra Ronda, Grupo D",D,47,Raul,,España,False,False
990,1998,España,Nigeria,"1ra Ronda, Grupo D",D,73,Andoni Zubizarreta (en contra),,Nigeria,False,False
991,1998,España,Nigeria,"1ra Ronda, Grupo D",D,78,Sunday Oliseh,,Nigeria,False,False
992,1998,Jamaica,Croacia,"1ra Ronda, Grupo H",H,27,Mario Stanic,,Croacia,False,False
993,1998,Jamaica,Croacia,"1ra Ronda, Grupo H",H,45,Robert Earle,,Jamaica,False,False
994,1998,Jamaica,Croacia,"1ra Ronda, Grupo H",H,53,Robert Prosinecki,,Croacia,False,False
995,1998,Jamaica,Croacia,"1ra Ronda, Grupo H",H,69,Davor Suker,,Croacia,False,False
996,1998,RF de Yugoslavia,Irán,"1ra Ronda, Grupo F",F,73,Sinisa Mihajlovic,,RF de Yugoslavia,False,False
997,1998,Argentina,Japón,"1ra Ronda, Grupo H",H,28,Gabriel Batistuta,,Argentina,False,False
998,1998,Alemania,Estados Unidos,"1ra Ronda, Grupo F",F,10,Andreas Moeller,,Alemania,False,False
999,1998,Alemania,Estados Unidos,"1ra Ronda, Grupo F",F,67,Juergen Klinsmann,,Alemania,False,False
1000,1998,Rumania,Colombia,"1ra Ronda, Grupo G",G,45,Adrian Ilie,,Rumania,False,False
1001,1998,Inglaterra,Túnez,"1ra Ronda, Grupo G",G,42,Alan Shearer,,Inglaterra,False,False
1002,1998,Inglaterra,Túnez,"1ra Ronda, Grupo G",G,89,Paul Scholes,,Inglaterra,False,False
1003,1998,Escocia,Noruega,"1ra Ronda, Grupo A",A,46,Havard Flo,,Noruega,False,False
1004,1998,Escocia,Noruega,"1ra Ronda, Grupo A",A,66,Craig Burley,,Escocia,False,False
1005,1998,Brasil,Marruecos,"1ra Ronda, Grupo A",A,9,Ronaldo,,Brasil,False,False
1006,1998,Brasil,Marruecos,"1ra Ronda, Grupo A",A,45,Rivaldo,,Brasil,False,False
1007,1998,Brasil,Marruecos,"1ra Ronda, Grupo A",A,50,Bebeto,,Brasil,False,False
1008,1998,Chile,Austria,"1ra Ronda, Grupo B",B,70,Marcelo Salas,,Chile,False,False
1009,1998,Chile,Austria,"1ra Ronda, Grupo B",B,90,Ivica Vastic,,Austria,False,False
1010,1998,Italia,Camerún,"1ra Ronda, Grupo B",B,7,Luigi Di Biagio,,Italia,False,False
1011,1998,Italia,Camerún,"1ra Ronda, Grupo B",B,75,Christian Vieri,,Italia,False,False
1012,1998,Italia,Camerún,"1ra Ronda, Grupo B",B,89,Christian Vieri,,Italia,False,False
1013,1998,Francia,Arabia Saudita,"1ra Ronda, Grupo C",C,37,Thierry Henry,,Francia,False,False
1014,1998,Francia,Arabia Saudita,"1ra Ronda, Grupo C",C,68,David Trezeguet,,Francia,False,False
1015,1998,Francia,Arabia Saudita,"1ra Ronda, Grupo C",C,78,Thierry Henry,,Francia,False,False
1016,1998,Francia,Arabia Saudita,"1ra Ronda, Grupo C",C,85,Bixente Lizarazu,,Francia,False,False
1017,1998,Sudáfrica,Dinamarca,"1ra Ronda, Grupo C",C,12,Allan Nielsen,,Dinamarca,False,False
1018,1998,Sudáfrica,Dinamarca,"1ra Ronda, Grupo C",C,51,Benni Mccarthy,,Sudáfrica,False,False
1019,1998,Nigeria,Bulgaria,"1ra Ronda, Grupo D",D,28,Victor Ikpeba,,Nigeria,False,False
1020,1998,Paises Bajos,Corea del Sur,"1ra Ronda, Grupo E",E,37,Phillip Cocu,,Paises Bajos,False,False
1021,1998,Paises Bajos,Corea del Sur,"1ra Ronda, Grupo E",E,41,Marc Overmars,,Paises Bajos,False,False
1022,1998,Paises Bajos,Corea del Sur,"1ra Ronda, Grupo E",E,71,Dennis Bergkamp,,Paises Bajos,False,False
1023,1998,Paises Bajos,Corea del Sur,"1ra Ronda, Grupo E",E,78,Pierre Van Hooijdonk,,Paises Bajos,False,False
1024,1998,Paises Bajos,Corea del Sur,"1ra Ronda, Grupo E",E,83,Ronald De Boer,,Paises Bajos,False,False
1025,1998,Bélgica,México,"1ra Ronda, Grupo E",E,42,Marc Wilmots,,Bélgica,False,False
1026,1998,Bélgica,México,"1ra Ronda, Grupo E",E,47,Marc Wilmots,,Bélgica,False,False
1027,1998,Bélgica,México,"1ra Ronda, Grupo E",E,55,Alberto Garcia Aspe (de penal),,México,True,False
1028,1998,Bélgica,México,"1ra Ronda, Grupo E",E,62,Cuauhtemoc Blanco,,México,False,False
1029,1998,Japón,Croacia,"1ra Ronda, Grupo H",H,77,Davor Suker,,Croacia,False,False
1030,1998,Argentina,Jamaica,"1ra Ronda, Grupo H",H,31,Ariel Ortega,,Argentina,False,False
1031,1998,Argentina,Jamaica,"1ra Ronda, Grupo H",H,55,Ariel Ortega,,Argentina,False,False
1032,1998,Argentina,Jamaica,"1ra Ronda, Grupo H",H,73,Gabriel Batistuta,,Argentina,False,False
1033,1998,Argentina,Jamaica,"1ra Ronda, Grupo H",H,78,Gabriel Batistuta,,Argentina,False,False
1034,1998,Argentina,Jamaica,"1ra Ronda, Grupo H",H,83,Gabriel Batistuta (de penal),,Argentina,True,False
1035,1998,Alemania,RF de Yugoslavia,"1ra Ronda, Grupo F",F,13,Predrag Mijatovic,,RF de Yugoslavia,False,False
1036,1998,Alemania,RF de Yugoslavia,"1ra Ronda, Grupo F",F,52,Dragan Stojkovic,,RF de Yugoslavia,False,False
1037,1998,Alemania,RF de Yugoslavia,"1ra Ronda, Grupo F",F,72,Sinisa Mihajlovic (en contra),,Alemania,False,False
1038,1998,Alemania,RF de Yugoslavia,"1ra Ronda, Grupo F",F,78,Oliver Bierhoff,,Alemania,False,False
1039,1998,Estados Unidos,Irán,"1ra Ronda, Grupo F",F,41,Hamid Estili,,Irán,False,False
1040,1998,Estados Unidos,Irán,"1ra Ronda, Grupo F",F,83,Mehdi Mahdavikia,,Irán,False,False
1041,1998,Estados Unidos,Irán,"1ra Ronda, Grupo F",F,87,Brian Mcbride,,Estados Unidos,False,False
1042,1998,Colombia,Túnez,"1ra Ronda, Grupo G",G,82,Leider Preciado,,Colombia,False,False
1043,1998,Rumania,Inglaterra,"1ra Ronda, Grupo G",G,46,Viorel Moldovan,,Rumania,False,False
1044,1998,Rumania,Inglaterra,"1ra Ronda, Grupo G",G,81,Michael Owen,,Inglaterra,False,False
1045,1998,Rumania,Inglaterra,"1ra Ronda, Grupo G",G,90,Dan Petrescu,,Rumania,False,False
1046,1998,Italia,Austria,"1ra Ronda, Grupo B",B,48,Christian Vieri,,Italia,False,False
1047,1998,Italia,Austria,"1ra Ronda, Grupo B",B,90,Roberto Baggio,,Italia,False,False
1048,1998,Italia,Austria,"1ra Ronda, Grupo B",B,90,Andreas Herzog (de penal),,Austria,True,False
1049,1998,Escocia,Marruecos,"1ra Ronda, Grupo A",A,23,Salaheddine Bassir,,Marruecos,False,False
1050,1998,Escocia,Marruecos,"1ra Ronda, Grupo A",A,46,Abdeljalil Hadda,,Marruecos,False,False
1051,1998,Escocia,Marruecos,"1ra Ronda, Grupo A",A,85,Salaheddine Bassir,,Marruecos,False,False
1052,1998,Brasil,Noruega,"1ra Ronda, Grupo A",A,78,Bebeto,,Brasil,False,False
1053,1998,Brasil,Noruega,"1ra Ronda, Grupo A",A,83,Tore Andre Flo,,Noruega,False,False
1054,1998,Brasil,Noruega,"1ra Ronda, Grupo A",A,89,Kjetil Rekdal (de penal),,Noruega,True,False
1055,1998,Chile,Camerún,"1ra Ronda, Grupo B",B,20,Jose Sierra,,Chile,False,False
1056,1998,Chile,Camerún,"1ra Ronda, Grupo B",B,56,Patrick Mboma,,Camerún,False,False
1057,1998,España,Bulgaria,"1ra Ronda, Grupo D",D,6,Fernando Hierro (de penal),,España,True,False
1058,1998,España,Bulgaria,"1ra Ronda, Grupo D",D,18,Luis Enrique,,España,False,False
1059,1998,España,Bulgaria,"1ra Ronda, Grupo D",D,55,Fernando Morientes,,España,False,False
1060,1998,España,Bulgaria,"1ra Ronda, Grupo D",D,58,Emil Kostadinov,,Bulgaria,False,False
1061,1998,España,Bulgaria,"1ra Ronda, Grupo D",D,81,Fernando Morientes,,España,False,False
1062,1998,España,Bulgaria,"1ra Ronda, Grupo D",D,88,Georgi Bachev (en contra),,España,False,False
1063,1998,España,Bulgaria,"1ra Ronda, Grupo D",D,90,Kiko,,España,False,False
1064,1998,Francia,Dinamarca,"1ra Ronda, Grupo C",C,12,Youri Djorkaeff (de penal),,Francia,True,False
1065,1998,Francia,Dinamarca,"1ra Ronda, Grupo C",C,42,Michael Laudrup (de penal),,Dinamarca,True,False
1066,1998,Francia,Dinamarca,"1ra Ronda, Grupo C",C,56,Emmanuel Petit,,Francia,False,False
1067,1998,Nigeria,Paraguay,"1ra Ronda, Grupo D",D,1,Celso Ayala,,Paraguay,False,False
1068,1998,Nigeria,Paraguay,"1ra Ronda, Grupo D",D,11,Wilson Oruma,,Nigeria,False,False
1069,1998,Nigeria,Paraguay,"1ra Ronda, Grupo D",D,58,Miguel Benitez,,Paraguay,False,False
1070,1998,Nigeria,Paraguay,"1ra Ronda, Grupo D",D,86,Jose Cardozo,,Paraguay,False,False
1071,1998,Sudáfrica,Arabia Saudita,"1ra Ronda, Grupo C",C,18,Shaun Bartlett,,Sudáfrica,False,False
1072,1998,Sudáfrica,Arabia Saudita,"1ra Ronda, Grupo C",C,45,Sami Al Jaber (de penal),,Arabia Saudita,True,False
1073,1998,Sudáfrica,Arabia Saudita,"1ra Ronda, Grupo C",C,74,Youssef Al Tunayan (de penal),,Arabia Saudita,True,False
1074,1998,Sudáfrica,Arabia Saudita,"1ra Ronda, Grupo C",C,90,Shaun Bartlett (de penal),,Sudáfrica,True,False
1075,1998,Bélgica,Corea del Sur,"1ra Ronda, Grupo E",E,7,Luc Nilis,,Bélgica,False,False
1076,1998,Bélgica,Corea del Sur,"1ra Ronda, Grupo E",E,72,Sang Chul Yoo,,Corea del Sur,False,False
1077,1998,Paises Bajos,México,"1ra Ronda, Grupo E",E,4,Phillip Cocu,,Paises Bajos,False,False
1078,1998,Paises Bajos,México,"1ra Ronda, Grupo E",E,18,Ronald De Boer,,Paises Bajos,False,False
1079,1998,Paises Bajos,México,"1ra Ronda, Grupo E",E,75,Ricardo Pelaez Linares,,México,False,False
1080,1998,Paises Bajos,México,"1ra Ronda, Grupo E",E,90,Luis Hernandez,,México,False,False
1081,1998,Alemania,Irán,"1ra Ronda, Grupo F",F,50,Oliver Bierhoff,,Alemania,False,False
1082,1998,Alemania,Irán,"1ra Ronda, Grupo F",F,57,Juergen Klinsmann,,Alemania,False,False
1083,1998,Estados Unidos,RF de Yugoslavia,"1ra Ronda, Grupo F",F,3,Slobodan Komljenovic,,RF de Yugoslavia,False,False
1084,1998,Rumania,Túnez,"1ra Ronda, Grupo G",G,12,Skander Souayah (de penal),,Túnez,True,False
1085,1998,Rumania,Túnez,"1ra Ronda, Grupo G",G,71,Viorel Moldovan,,Rumania,False,False
1086,1998,Colombia,Inglaterra,"1ra Ronda, Grupo G",G,20,Darren Anderton,,Inglaterra,False,False
1087,1998,Colombia,Inglaterra,"1ra Ronda, Grupo G",G,29,David Beckham,,Inglaterra,False,False
1088,1998,Japón,Jamaica,"1ra Ronda, Grupo H",H,39,Theodore Whitmore,,Jamaica,False,False
1089,1998,Japón,Jamaica,"1ra Ronda, Grupo H",H,54,Theodore Whitmore,,Jamaica,False,False
1090,1998,Japón,Jamaica,"1ra Ronda, Grupo H",H,74,Masashi Nakayama,,Japón,False,False
1091,1998,Argentina,Croacia,"1ra Ronda, Grupo H",H,36,Mauricio Pineda,,Argentina,False,False
1092,1998,Brasil,Chile,Octavos,,11,Cesar Sampaio,,Brasil,False,False
1093,1998,Brasil,Chile,Octavos,,27,Cesar Sampaio,,Brasil,False,False
1094,1998,Brasil,Chile,Octavos,,45,Ronaldo (de penal),,Brasil,True,False
1095,1998,Brasil,Chile,Octavos,,68,Marcelo Salas,,Chile,False,False
1096,1998,Brasil,Chile,Octavos,,70,Ronaldo,,Brasil,False,False
1097,1998,Italia,Noruega,Octavos,,18,Christian Vieri,,Italia,False,False
1098,1998,Nigeria,Dinamarca,Octavos,,3,Peter Moller,,Dinamarca,False,False
1099,1998,Nigeria,Dinamarca,Octavos,,12,Brian Laudrup,,Dinamarca,False,False
1100,1998,Nigeria,Dinamarca,Octavos,,60,Ebbe Sand,,Dinamarca,False,False
1101,1998,Nigeria,Dinamarca,Octavos,,76,Thomas Helveg,,Dinamarca,False,False
1102,1998,Nigeria,Dinamarca,Octavos,,78,Tijani Babangida,,Nigeria,False,False
1103,1998,Francia,Paraguay,Octavos,,113,Laurent Blanc,,Francia,False,False
1104,1998,Alemania,México,Octavos,,47,Luis Hernandez,,México,False,False
1105,1998,Alemania,México,Octavos,,75,Juergen Klinsmann,,Alemania,False,False
1106,1998,Alemania,México,Octavos,,86,Oliver Bierhoff,,Alemania,False,False
1107,1998,Paises Bajos,RF de Yugoslavia,Octavos,,38,Dennis Bergkamp,,Paises Bajos,False,False
1108,1998,Paises Bajos,RF de Yugoslavia,Octavos,,48,Slobodan Komljenovic,,RF de Yugoslavia,False,False
1109,1998,Paises Bajos,RF de Yugoslavia,Octavos,,90,Edgar Davids,,Paises Bajos,False,False
1110,1998,Argentina,Inglaterra,Octavos,,6,Gabriel Batistuta (de penal),,Argentina,True,False
1111,1998,Argentina,Inglaterra,Octavos,,10,Alan Shearer (de penal),,Inglaterra,True,False
1112,1998,Argentina,Inglaterra,Octavos,,16,Michael Owen,,Inglaterra,False,False
1113,1998,Argentina,Inglaterra,Octavos,,45,Javier Zanetti,,Argentina,False,False
1114,1998,Rumania,Croacia,Octavos,,45,Davor Suker (de penal),,Croacia,True,False
1115,1998,Brasil,Dinamarca,Cuartos,,2,Martin Jorgensen,,Dinamarca,False,False
1116,1998,Brasil,Dinamarca,Cuartos,,11,Bebeto,,Brasil,False,False
1117,1998,Brasil,Dinamarca,Cuartos,,27,Rivaldo,,Brasil,False,False
1118,1998,Brasil,Dinamarca,Cuartos,,50,Brian Laudrup,,Dinamarca,False,False
1119,1998,Brasil,Dinamarca,Cuartos,,60,Rivaldo,,Brasil,False,False
1120,1998,Alemania,Croacia,Cuartos,,45,Robert Jarni,,Croacia,False,False
1121,1998,Alemania,Croacia,Cuartos,,80,Goran Vlaovic,,Croacia,False,False
1122,1998,Alemania,Croacia,Cuartos,,85,Davor Suker,,Croacia,False,False
1123,1998,Paises Bajos,Argentina,Cuartos,,12,Patrick Kluivert,,Paises Bajos,False,False
1124,1998,Paises Bajos,Argentina,Cuartos,,17,Claudio Lopez,,Argentina,False,False
1125,1998,Paises Bajos,Argentina,Cuartos,,89,Dennis Bergkamp,,Paises Bajos,False,False
1126,1998,Brasil,Paises Bajos,Semis,,46,Ronaldo,,Brasil,False,False
1127,1998,Brasil,Paises Bajos,Semis,,87,Patrick Kluivert,,Paises Bajos,False,False
1128,1998,Francia,Croacia,Semis,,46,Davor Suker,,Croacia,False,False
1129,1998,Francia,Croacia,Semis,,47,Lilian Thuram,,Francia,False,False
1130,1998,Francia,Croacia,Semis,,69,Lilian Thuram,,Francia,False,False
1131,1998,Paises Bajos,Croacia,3er Puesto,,13,Robert Prosinecki,,Croacia,False,False
1132,1998,Paises Bajos,Croacia,3er Puesto,,21,Boudewijn Zenden,,Paises Bajos,False,False
1133,1998,Paises Bajos,Croacia,3er Puesto,,35,Davor Suker,,Croacia,False,False
1134,1998,Brasil,Francia,Final,,27,Zinedine Zidane,,Francia,False,False
1135,1998,Brasil,Francia,Final,,45,Zinedine Zidane,,Francia,False,False
1136,1998,Brasil,Francia,Final,,90,Emmanuel Petit,,Francia,False,False
1137,1994,Alemania,Bolivia,"1ra Ronda, Grupo C",C,61,Juergen Klinsmann,,Alemania,False,False
1138,1994,España,Corea del Sur,"1ra Ronda, Grupo C",C,51,Julio Salinas,,España,False,False
1139,1994,España,Corea del Sur,"1ra Ronda, Grupo C",C,55,Goikoetxea,,España,False,False
1140,1994,España,Corea del Sur,"1ra Ronda, Grupo C",C,85,Myung Bo Hong,,Corea del Sur,False,False
1141,1994,España,Corea del Sur,"1ra Ronda, Grupo C",C,90,Jung Won Seo,,Corea del Sur,False,False
1142,1994,Estados Unidos,Suiza,"1ra Ronda, Grupo A",A,39,Georges Bregy,,Suiza,False,False
1143,1994,Estados Unidos,Suiza,"1ra Ronda, Grupo A",A,44,Eric Wynalda,,Estados Unidos,False,False
1144,1994,Italia,Irlanda,"1ra Ronda, Grupo E",E,11,Ray Houghton,,Irlanda,False,False
1145,1994,Colombia,Rumania,"1ra Ronda, Grupo A",A,15,Florin Raducioiu,,Rumania,False,False
1146,1994,Colombia,Rumania,"1ra Ronda, Grupo A",A,34,Gheorghe Hagi,,Rumania,False,False
1147,1994,Colombia,Rumania,"1ra Ronda, Grupo A",A,43,Adolfo Valencia,,Colombia,False,False
1148,1994,Colombia,Rumania,"1ra Ronda, Grupo A",A,89,Florin Raducioiu,,Rumania,False,False
1149,1994,Bélgica,Marruecos,"1ra Ronda, Grupo F",F,11,Marc De Grijse,,Bélgica,False,False
1150,1994,Noruega,México,"1ra Ronda, Grupo E",E,84,Kjetil Rekdal,,Noruega,False,False
1151,1994,Camerún,Suecia,"1ra Ronda, Grupo B",B,8,Roger Ljung,,Suecia,False,False
1152,1994,Camerún,Suecia,"1ra Ronda, Grupo B",B,31,David Embe,,Camerún,False,False
1153,1994,Camerún,Suecia,"1ra Ronda, Grupo B",B,47,Francois Omam-Biyik,,Camerún,False,False
1154,1994,Camerún,Suecia,"1ra Ronda, Grupo B",B,75,Martin Dahlin,,Suecia,False,False
1155,1994,Brasil,Rusia,"1ra Ronda, Grupo B",B,26,Romario,,Brasil,False,False
1156,1994,Brasil,Rusia,"1ra Ronda, Grupo B",B,52,Rai (de penal),,Brasil,True,False
1157,1994,Paises Bajos,Arabia Saudita,"1ra Ronda, Grupo F",F,18,Fuad Amin,,Arabia Saudita,False,False
1158,1994,Paises Bajos,Arabia Saudita,"1ra Ronda, Grupo F",F,50,Wim Jonk,,Paises Bajos,False,False
1159,1994,Paises Bajos,Arabia Saudita,"1ra Ronda, Grupo F",F,86,Gaston Taument,,Paises Bajos,False,False
1160,1994,Argentina,Grecia,"1ra Ronda, Grupo D",D,2,Gabriel Batistuta,,Argentina,False,False
1161,1994,Argentina,Grecia,"1ra Ronda, Grupo D",D,44,Gabriel Batistuta,,Argentina,False,False
1162,1994,Argentina,Grecia,"1ra Ronda, Grupo D",D,60,Diego Maradona,,Argentina,False,False
1163,1994,Argentina,Grecia,"1ra Ronda, Grupo D",D,90,Gabriel Batistuta (de penal),,Argentina,True,False
1164,1994,Alemania,España,"1ra Ronda, Grupo C",C,14,Goikoetxea,,España,False,False
1165,1994,Alemania,España,"1ra Ronda, Grupo C",C,48,Juergen Klinsmann,,Alemania,False,False
1166,1994,Nigeria,Bulgaria,"1ra Ronda, Grupo D",D,21,Rasheed Yekini,,Nigeria,False,False
1167,1994,Nigeria,Bulgaria,"1ra Ronda, Grupo D",D,43,Daniel Amokachi,,Nigeria,False,False
1168,1994,Nigeria,Bulgaria,"1ra Ronda, Grupo D",D,55,Emmanuel Amunike,,Nigeria,False,False
1169,1994,Rumania,Suiza,"1ra Ronda, Grupo A",A,16,Alain Sutter,,Suiza,False,False
1170,1994,Rumania,Suiza,"1ra Ronda, Grupo A",A,35,Gheorghe Hagi,,Rumania,False,False
1171,1994,Rumania,Suiza,"1ra Ronda, Grupo A",A,52,Stephane Chapuisat,,Suiza,False,False
1172,1994,Rumania,Suiza,"1ra Ronda, Grupo A",A,65,Adrian Knup,,Suiza,False,False
1173,1994,Rumania,Suiza,"1ra Ronda, Grupo A",A,72,Adrian Knup,,Suiza,False,False
1174,1994,Estados Unidos,Colombia,"1ra Ronda, Grupo A",A,35,Andres Escobar (en contra),,Estados Unidos,False,False
1175,1994,Estados Unidos,Colombia,"1ra Ronda, Grupo A",A,52,Earnie Stewart,,Estados Unidos,False,False
1176,1994,Estados Unidos,Colombia,"1ra Ronda, Grupo A",A,90,Adolfo Valencia,,Colombia,False,False
1177,1994,Italia,Noruega,"1ra Ronda, Grupo E",E,69,Dino Baggio,,Italia,False,False
1178,1994,México,Irlanda,"1ra Ronda, Grupo E",E,42,Luis Garcia,,México,False,False
1179,1994,México,Irlanda,"1ra Ronda, Grupo E",E,65,Luis Garcia,,México,False,False
1180,1994,México,Irlanda,"1ra Ronda, Grupo E",E,84,John Aldridge,,Irlanda,False,False
1181,1994,Brasil,Camerún,"1ra Ronda, Grupo B",B,39,Romario,,Brasil,False,False
1182,1994,Brasil,Camerún,"1ra Ronda, Grupo B",B,66,Marcio Santos,,Brasil,False,False
1183,1994,Brasil,Camerún,"1ra Ronda, Grupo B",B,73,Bebeto,,Brasil,False,False
1184,1994,Suecia,Rusia,"1ra Ronda, Grupo B",B,4,Oleg Salenko (de penal),,Rusia,True,False
1185,1994,Suecia,Rusia,"1ra Ronda, Grupo B",B,37,Tomas Brolin (de penal),,Suecia,True,False
1186,1994,Suecia,Rusia,"1ra Ronda, Grupo B",B,59,Martin Dahlin,,Suecia,False,False
1187,1994,Suecia,Rusia,"1ra Ronda, Grupo B",B,81,Martin Dahlin,,Suecia,False,False
1188,1994,Bélgica,Paises Bajos,"1ra Ronda, Grupo F",F,65,Philippe Albert,,Bélgica,False,False
1189,1994,Arabia Saudita,Marruecos,"1ra Ronda, Grupo F",F,7,Sami Al Jaber (de penal),,Arabia Saudita,True,False
1190,1994,Arabia Saudita,Marruecos,"1ra Ronda, Grupo F",F,26,Mohammed Chaouch,,Marruecos,False,False
1191,1994,Arabia Saudita,Marruecos,"1ra Ronda, Grupo F",F,45,Fuad Amin,,Arabia Saudita,False,False
1192,1994,Argentina,Nigeria,"1ra Ronda, Grupo D",D,8,Samson Siasia,,Nigeria,False,False
1193,1994,Argentina,Nigeria,"1ra Ronda, Grupo D",D,21,Claudio Caniggia,,Argentina,False,False
1194,1994,Argentina,Nigeria,"1ra Ronda, Grupo D",D,28,Claudio Caniggia,,Argentina,False,False
1195,1994,Bulgaria,Grecia,"1ra Ronda, Grupo D",D,5,Hristo Stoichkov (de penal),,Bulgaria,True,False
1196,1994,Bulgaria,Grecia,"1ra Ronda, Grupo D",D,55,Hristo Stoichkov (de penal),,Bulgaria,True,False
1197,1994,Bulgaria,Grecia,"1ra Ronda, Grupo D",D,65,Iordan Letchkov,,Bulgaria,False,False
1198,1994,Bulgaria,Grecia,"1ra Ronda, Grupo D",D,90,Daniel Borimirov,,Bulgaria,False,False
1199,1994,Estados Unidos,Rumania,"1ra Ronda, Grupo A",A,18,Dan Petrescu,,Rumania,False,False
1200,1994,Suiza,Colombia,"1ra Ronda, Grupo A",A,44,Herman Gaviria,,Colombia,False,False
1201,1994,Suiza,Colombia,"1ra Ronda, Grupo A",A,90,John Lozano,,Colombia,False,False
1202,1994,Bolivia,España,"1ra Ronda, Grupo C",C,19,Pep Guardiola (de penal),,España,True,False
1203,1994,Bolivia,España,"1ra Ronda, Grupo C",C,66,Jose Luis Caminero,,España,False,False
1204,1994,Bolivia,España,"1ra Ronda, Grupo C",C,67,Erwin Sanchez,,Bolivia,False,False
1205,1994,Bolivia,España,"1ra Ronda, Grupo C",C,70,Jose Luis Caminero,,España,False,False
1206,1994,Alemania,Corea del Sur,"1ra Ronda, Grupo C",C,12,Juergen Klinsmann,,Alemania,False,False
1207,1994,Alemania,Corea del Sur,"1ra Ronda, Grupo C",C,20,Karlheinz Riedle,,Alemania,False,False
1208,1994,Alemania,Corea del Sur,"1ra Ronda, Grupo C",C,37,Juergen Klinsmann,,Alemania,False,False
1209,1994,Alemania,Corea del Sur,"1ra Ronda, Grupo C",C,52,Sun Hong Hwang,,Corea del Sur,False,False
1210,1994,Alemania,Corea del Sur,"1ra Ronda, Grupo C",C,63,Myung Bo Hong,,Corea del Sur,False,False
1211,1994,Italia,México,"1ra Ronda, Grupo E",E,48,Daniele Massaro,,Italia,False,False
1212,1994,Italia,México,"1ra Ronda, Grupo E",E,57,Marcelino Bernal,,México,False,False
1213,1994,Rusia,Camerún,"1ra Ronda, Grupo B",B,15,Oleg Salenko,,Rusia,False,False
1214,1994,Rusia,Camerún,"1ra Ronda, Grupo B",B,41,Oleg Salenko,,Rusia,False,False
1215,1994,Rusia,Camerún,"1ra Ronda, Grupo B",B,44,Oleg Salenko (de penal),,Rusia,True,False
1216,1994,Rusia,Camerún,"1ra Ronda, Grupo B",B,46,Roger Milla,,Camerún,False,False
1217,1994,Rusia,Camerún,"1ra Ronda, Grupo B",B,72,Oleg Salenko,,Rusia,False,False
1218,1994,Rusia,Camerún,"1ra Ronda, Grupo B",B,75,Oleg Salenko,,Rusia,False,False
1219,1994,Rusia,Camerún,"1ra Ronda, Grupo B",B,81,Dmitri Radchenko,,Rusia,False,False
1220,1994,Brasil,Suecia,"1ra Ronda, Grupo B",B,23,Kennet Andersson,,Suecia,False,False
1221,1994,Brasil,Suecia,"1ra Ronda, Grupo B",B,46,Romario,,Brasil,False,False
1222,1994,Marruecos,Paises Bajos,"1ra Ronda, Grupo F",F,43,Dennis Bergkamp,,Paises Bajos,False,False
1223,1994,Marruecos,Paises Bajos,"1ra Ronda, Grupo F",F,47,Hassan Nader,,Marruecos,False,False
1224,1994,Marruecos,Paises Bajos,"1ra Ronda, Grupo F",F,77,Bryan Roy,,Paises Bajos,False,False
1225,1994,Bélgica,Arabia Saudita,"1ra Ronda, Grupo F",F,5,Said Al Owayran,,Arabia Saudita,False,False
1226,1994,Grecia,Nigeria,"1ra Ronda, Grupo D",D,45,Finidi George,,Nigeria,False,False
1227,1994,Grecia,Nigeria,"1ra Ronda, Grupo D",D,90,Daniel Amokachi,,Nigeria,False,False
1228,1994,Argentina,Bulgaria,"1ra Ronda, Grupo D",D,61,Hristo Stoichkov,,Bulgaria,False,False
1229,1994,Argentina,Bulgaria,"1ra Ronda, Grupo D",D,90,Nasko Sirakov,,Bulgaria,False,False
1230,1994,Alemania,Bélgica,Octavos,,6,Rudi Voeller,,Alemania,False,False
1231,1994,Alemania,Bélgica,Octavos,,8,Georges Grun,,Bélgica,False,False
1232,1994,Alemania,Bélgica,Octavos,,11,Juergen Klinsmann,,Alemania,False,False
1233,1994,Alemania,Bélgica,Octavos,,40,Rudi Voeller,,Alemania,False,False
1234,1994,Alemania,Bélgica,Octavos,,90,Philippe Albert,,Bélgica,False,False
1235,1994,España,Suiza,Octavos,,15,Fernando Hierro,,España,False,False
1236,1994,España,Suiza,Octavos,,74,Luis Enrique,,España,False,False
1237,1994,España,Suiza,Octavos,,86,Txiki Beguiristain (de penal),,España,True,False
1238,1994,Arabia Saudita,Suecia,Octavos,,6,Martin Dahlin,,Suecia,False,False
1239,1994,Arabia Saudita,Suecia,Octavos,,51,Kennet Andersson,,Suecia,False,False
1240,1994,Arabia Saudita,Suecia,Octavos,,85,Fahad Al Ghesheyan,,Arabia Saudita,False,False
1241,1994,Arabia Saudita,Suecia,Octavos,,88,Kennet Andersson,,Suecia,False,False
1242,1994,Rumania,Argentina,Octavos,,11,Ilie Dumitrescu,,Rumania,False,False
1243,1994,Rumania,Argentina,Octavos,,16,Gabriel Batistuta (de penal),,Argentina,True,False
1244,1994,Rumania,Argentina,Octavos,,18,Ilie Dumitrescu,,Rumania,False,False
1245,1994,Rumania,Argentina,Octavos,,58,Gheorghe Hagi,,Rumania,False,False
1246,1994,Rumania,Argentina,Octavos,,75,Abel Balbo,,Argentina,False,False
1247,1994,Paises Bajos,Irlanda,Octavos,,11,Dennis Bergkamp,,Paises Bajos,False,False
1248,1994,Paises Bajos,Irlanda,Octavos,,41,Wim Jonk,,Paises Bajos,False,False
1249,1994,Brasil,Estados Unidos,Octavos,,72,Bebeto,,Brasil,False,False
1250,1994,Nigeria,Italia,Octavos,,25,Emmanuel Amunike,,Nigeria,False,False
1251,1994,Nigeria,Italia,Octavos,,89,Roberto Baggio,,Italia,False,False
1252,1994,Nigeria,Italia,Octavos,,100,Roberto Baggio (de penal),,Italia,True,False
1253,1994,México,Bulgaria,Octavos,,6,Hristo Stoichkov,,Bulgaria,False,False
1254,1994,México,Bulgaria,Octavos,,18,Alberto Garcia Aspe (de penal),,México,True,False
1255,1994,Italia,España,Cuartos,,25,Dino Baggio,,Italia,False,False
1256,1994,Italia,España,Cuartos,,58,Jose Luis Caminero,,España,False,False
1257,1994,Italia,España,Cuartos,,87,Roberto Baggio,,Italia,False,False
1258,1994,Paises Bajos,Brasil,Cuartos,,53,Romario,,Brasil,False,False
1259,1994,Paises Bajos,Brasil,Cuartos,,63,Bebeto,,Brasil,False,False
1260,1994,Paises Bajos,Brasil,Cuartos,,64,Dennis Bergkamp,,Paises Bajos,False,False
1261,1994,Paises Bajos,Brasil,Cuartos,,76,Aron Winter,,Paises Bajos,False,False
1262,1994,Paises Bajos,Brasil,Cuartos,,81,Branco,,Brasil,False,False
1263,1994,Bulgaria,Alemania,Cuartos,,47,Lothar Matthaeus (de penal),,Alemania,True,False
1264,1994,Bulgaria,Alemania,Cuartos,,75,Hristo Stoichkov,,Bulgaria,False,False
1265,1994,Bulgaria,Alemania,Cuartos,,78,Iordan Letchkov,,Bulgaria,False,False
1266,1994,Rumania,Suecia,Cuartos,,78,Tomas Brolin,,Suecia,False,False
1267,1994,Rumania,Suecia,Cuartos,,88,Florin Raducioiu,,Rumania,False,False
1268,1994,Rumania,Suecia,Cuartos,,101,Florin Raducioiu,,Rumania,False,False
1269,1994,Rumania,Suecia,Cuartos,,115,Kennet Andersson,,Suecia,False,False
1270,1994,Bulgaria,Italia,Semis,,20,Roberto Baggio,,Italia,False,False
1271,1994,Bulgaria,Italia,Semis,,25,Roberto Baggio,,Italia,False,False
1272,1994,Bulgaria,Italia,Semis,,44,Hristo Stoichkov (de penal),,Bulgaria,True,False
1273,1994,Suecia,Brasil,Semis,,80,Romario,,Brasil,False,False
1274,1994,Suecia,Bulgaria,3er Puesto,,8,Tomas Brolin,,Suecia,False,False
1275,1994,Suecia,Bulgaria,3er Puesto,,30,Hakan Mild,,Suecia,False,False
1276,1994,Suecia,Bulgaria,3er Puesto,,37,Henrik Larsson,,Suecia,False,False
1277,1994,Suecia,Bulgaria,3er Puesto,,40,Kennet Andersson,,Suecia,False,False
1278,1990,Argentina,Camerún,"1ra Ronda, Grupo B",B,67,Francois Omam-Biyik,,Camerún,False,False
1279,1990,URSS,Rumania,"1ra Ronda, Grupo B",B,41,Marius Lacatus,,Rumania,False,False
1280,1990,URSS,Rumania,"1ra Ronda, Grupo B",B,55,Marius Lacatus (de penal),,Rumania,True,False
1281,1990,Italia,Austria,"1ra Ronda, Grupo A",A,78,Salvatore Schillaci,,Italia,False,False
1282,1990,Emiratos Arabes,Colombia,"1ra Ronda, Grupo D",D,50,Bernardo Redin,,Colombia,False,False
1283,1990,Emiratos Arabes,Colombia,"1ra Ronda, Grupo D",D,85,Carlos Valderrama,,Colombia,False,False
1284,1990,Estados Unidos,Checoslovaquia,"1ra Ronda, Grupo A",A,26,Tomas Skuhravy,,Checoslovaquia,False,False
1285,1990,Estados Unidos,Checoslovaquia,"1ra Ronda, Grupo A",A,40,Michal Bilek (de penal),,Checoslovaquia,True,False
1286,1990,Estados Unidos,Checoslovaquia,"1ra Ronda, Grupo A",A,50,Ivan Hasek,,Checoslovaquia,False,False
1287,1990,Estados Unidos,Checoslovaquia,"1ra Ronda, Grupo A",A,60,Paul Caligiuri,,Estados Unidos,False,False
1288,1990,Estados Unidos,Checoslovaquia,"1ra Ronda, Grupo A",A,78,Tomas Skuhravy,,Checoslovaquia,False,False
1289,1990,Estados Unidos,Checoslovaquia,"1ra Ronda, Grupo A",A,90,Milan Luhovy,,Checoslovaquia,False,False
1290,1990,Brasil,Suecia,"1ra Ronda, Grupo C",C,40,Careca,,Brasil,False,False
1291,1990,Brasil,Suecia,"1ra Ronda, Grupo C",C,63,Careca,,Brasil,False,False
1292,1990,Brasil,Suecia,"1ra Ronda, Grupo C",C,79,Tomas Brolin,,Suecia,False,False
1293,1990,Alemania Occidental,Yugoslavia,"1ra Ronda, Grupo D",D,28,Lothar Matthaeus,,Alemania Occidental,False,False
1294,1990,Alemania Occidental,Yugoslavia,"1ra Ronda, Grupo D",D,39,Juergen Klinsmann,,Alemania Occidental,False,False
1295,1990,Alemania Occidental,Yugoslavia,"1ra Ronda, Grupo D",D,55,Davor Jozic,,Yugoslavia,False,False
1296,1990,Alemania Occidental,Yugoslavia,"1ra Ronda, Grupo D",D,64,Lothar Matthaeus,,Alemania Occidental,False,False
1297,1990,Alemania Occidental,Yugoslavia,"1ra Ronda, Grupo D",D,70,Rudi Voeller,,Alemania Occidental,False,False
1298,1990,Costa Rica,Escocia,"1ra Ronda, Grupo C",C,49,Juan Cayasso,,Costa Rica,False,False
1299,1990,Inglaterra,Irlanda,"1ra Ronda, Grupo F",F,9,Gary Lineker,,Inglaterra,False,False
1300,1990,Inglaterra,Irlanda,"1ra Ronda, Grupo F",F,73,Kevin Sheedy,,Irlanda,False,False
1301,1990,Bélgica,Corea del Sur,"1ra Ronda, Grupo E",E,53,Marc De Grijse,,Bélgica,False,False
1302,1990,Bélgica,Corea del Sur,"1ra Ronda, Grupo E",E,64,Michel De Wolf,,Bélgica,False,False
1303,1990,Paises Bajos,Egipto,"1ra Ronda, Grupo F",F,58,Wim Kieft,,Paises Bajos,False,False
1304,1990,Paises Bajos,Egipto,"1ra Ronda, Grupo F",F,83,Magdy Abedelghani (de penal),,Egipto,True,False
1305,1990,Argentina,URSS,"1ra Ronda, Grupo B",B,27,Pedro Troglio,,Argentina,False,False
1306,1990,Argentina,URSS,"1ra Ronda, Grupo B",B,79,Jorge Burruchaga,,Argentina,False,False
1307,1990,Yugoslavia,Colombia,"1ra Ronda, Grupo D",D,75,Davor Jozic,,Yugoslavia,False,False
1308,1990,Italia,Estados Unidos,"1ra Ronda, Grupo A",A,11,Giuseppe Giannini,,Italia,False,False
1309,1990,Camerún,Rumania,"1ra Ronda, Grupo B",B,76,Roger Milla,,Camerún,False,False
1310,1990,Camerún,Rumania,"1ra Ronda, Grupo B",B,86,Roger Milla,,Camerún,False,False
1311,1990,Camerún,Rumania,"1ra Ronda, Grupo B",B,88,Gavril Balint,,Rumania,False,False
1312,1990,Austria,Checoslovaquia,"1ra Ronda, Grupo A",A,31,Michal Bilek (de penal),,Checoslovaquia,True,False
1313,1990,Alemania Occidental,Emiratos Arabes,"1ra Ronda, Grupo D",D,35,Rudi Voeller,,Alemania Occidental,False,False
1314,1990,Alemania Occidental,Emiratos Arabes,"1ra Ronda, Grupo D",D,37,Juergen Klinsmann,,Alemania Occidental,False,False
1315,1990,Alemania Occidental,Emiratos Arabes,"1ra Ronda, Grupo D",D,46,Khalid Ismail,,Emiratos Arabes,False,False
1316,1990,Alemania Occidental,Emiratos Arabes,"1ra Ronda, Grupo D",D,47,Lothar Matthaeus,,Alemania Occidental,False,False
1317,1990,Alemania Occidental,Emiratos Arabes,"1ra Ronda, Grupo D",D,58,Uwe Bein,,Alemania Occidental,False,False
1318,1990,Alemania Occidental,Emiratos Arabes,"1ra Ronda, Grupo D",D,75,Rudi Voeller,,Alemania Occidental,False,False
1319,1990,Brasil,Costa Rica,"1ra Ronda, Grupo C",C,33,Muller,,Brasil,False,False
1320,1990,Suecia,Escocia,"1ra Ronda, Grupo C",C,11,Stuart Mccall,,Escocia,False,False
1321,1990,Suecia,Escocia,"1ra Ronda, Grupo C",C,81,Mo Johnston (de penal),,Escocia,True,False
1322,1990,Suecia,Escocia,"1ra Ronda, Grupo C",C,86,Glenn Stromberg,,Suecia,False,False
1323,1990,Bélgica,Uruguay,"1ra Ronda, Grupo E",E,15,Leo Clijsters,,Bélgica,False,False
1324,1990,Bélgica,Uruguay,"1ra Ronda, Grupo E",E,24,Enzo Scifo,,Bélgica,False,False
1325,1990,Bélgica,Uruguay,"1ra Ronda, Grupo E",E,47,Jan Ceulemans,,Bélgica,False,False
1326,1990,Bélgica,Uruguay,"1ra Ronda, Grupo E",E,73,Pablo Bengoechea,,Uruguay,False,False
1327,1990,Corea del Sur,España,"1ra Ronda, Grupo E",E,23,Michel,,España,False,False
1328,1990,Corea del Sur,España,"1ra Ronda, Grupo E",E,43,Bo Kwan Hwang,,Corea del Sur,False,False
1329,1990,Corea del Sur,España,"1ra Ronda, Grupo E",E,61,Michel,,España,False,False
1330,1990,Corea del Sur,España,"1ra Ronda, Grupo E",E,81,Michel,,España,False,False
1331,1990,Argentina,Rumania,"1ra Ronda, Grupo B",B,62,Pedro Monzon,,Argentina,False,False
1332,1990,Argentina,Rumania,"1ra Ronda, Grupo B",B,68,Gavril Balint,,Rumania,False,False
1333,1990,Camerún,URSS,"1ra Ronda, Grupo B",B,20,Oleg Protasov,,URSS,False,False
1334,1990,Camerún,URSS,"1ra Ronda, Grupo B",B,29,Andrei Zygmantovich,,URSS,False,False
1335,1990,Camerún,URSS,"1ra Ronda, Grupo B",B,52,Aleksandr Zavarov,,URSS,False,False
1336,1990,Camerún,URSS,"1ra Ronda, Grupo B",B,63,Igor Dobrovolskyi,,URSS,False,False
1337,1990,Alemania Occidental,Colombia,"1ra Ronda, Grupo D",D,88,Pierre Littbarski,,Alemania Occidental,False,False
1338,1990,Alemania Occidental,Colombia,"1ra Ronda, Grupo D",D,90,Freddy Rincon,,Colombia,False,False
1339,1990,Yugoslavia,Emiratos Arabes,"1ra Ronda, Grupo D",D,5,Safet Susic,,Yugoslavia,False,False
1340,1990,Yugoslavia,Emiratos Arabes,"1ra Ronda, Grupo D",D,9,Darko Pancev,,Yugoslavia,False,False
1341,1990,Yugoslavia,Emiratos Arabes,"1ra Ronda, Grupo D",D,22,Ali Thani Jumaa,,Emiratos Arabes,False,False
1342,1990,Yugoslavia,Emiratos Arabes,"1ra Ronda, Grupo D",D,46,Darko Pancev,,Yugoslavia,False,False
1343,1990,Yugoslavia,Emiratos Arabes,"1ra Ronda, Grupo D",D,90,Robert Prosinecki,,Yugoslavia,False,False
1344,1990,Italia,Checoslovaquia,"1ra Ronda, Grupo A",A,9,Salvatore Schillaci,,Italia,False,False
1345,1990,Italia,Checoslovaquia,"1ra Ronda, Grupo A",A,78,Roberto Baggio,,Italia,False,False
1346,1990,Austria,Estados Unidos,"1ra Ronda, Grupo A",A,49,Andeas Ogris,,Austria,False,False
1347,1990,Austria,Estados Unidos,"1ra Ronda, Grupo A",A,63,Gerhard Rodax,,Austria,False,False
1348,1990,Austria,Estados Unidos,"1ra Ronda, Grupo A",A,83,Bruce Murray,,Estados Unidos,False,False
1349,1990,Brasil,Escocia,"1ra Ronda, Grupo C",C,81,Muller,,Brasil,False,False
1350,1990,Suecia,Costa Rica,"1ra Ronda, Grupo C",C,32,Johnny Ekstrom,,Suecia,False,False
1351,1990,Suecia,Costa Rica,"1ra Ronda, Grupo C",C,75,Roger Flores,,Costa Rica,False,False
1352,1990,Suecia,Costa Rica,"1ra Ronda, Grupo C",C,87,Hernan Medford,,Costa Rica,False,False
1353,1990,Bélgica,España,"1ra Ronda, Grupo E",E,26,Michel (de penal),,España,True,False
1354,1990,Bélgica,España,"1ra Ronda, Grupo E",E,29,Patrick Vervoort,,Bélgica,False,False
1355,1990,Bélgica,España,"1ra Ronda, Grupo E",E,38,Alberto Gorriz,,España,False,False
1356,1990,Corea del Sur,Uruguay,"1ra Ronda, Grupo E",E,90,Daniel Fonseca,,Uruguay,False,False
1357,1990,Inglaterra,Egipto,"1ra Ronda, Grupo F",F,58,Mark Wright,,Inglaterra,False,False
1358,1990,Irlanda,Paises Bajos,"1ra Ronda, Grupo F",F,11,Ruud Gullit,,Paises Bajos,False,False
1359,1990,Irlanda,Paises Bajos,"1ra Ronda, Grupo F",F,71,Niall Quinn,,Irlanda,False,False
1360,1990,Camerún,Colombia,Octavos,,106,Roger Milla,,Camerún,False,False
1361,1990,Camerún,Colombia,Octavos,,109,Roger Milla,,Camerún,False,False
1362,1990,Camerún,Colombia,Octavos,,115,Bernardo Redin,,Colombia,False,False
1363,1990,Checoslovaquia,Costa Rica,Octavos,,12,Tomas Skuhravy,,Checoslovaquia,False,False
1364,1990,Checoslovaquia,Costa Rica,Octavos,,54,Ronald Gonzalez,,Costa Rica,False,False
1365,1990,Checoslovaquia,Costa Rica,Octavos,,63,Tomas Skuhravy,,Checoslovaquia,False,False
1366,1990,Checoslovaquia,Costa Rica,Octavos,,75,Lubos Kubik,,Checoslovaquia,False,False
1367,1990,Checoslovaquia,Costa Rica,Octavos,,82,Tomas Skuhravy,,Checoslovaquia,False,False
1368,1990,Brasil,Argentina,Octavos,,80,Claudio Caniggia,,Argentina,False,False
1369,1990,Alemania Occidental,Paises Bajos,Octavos,,51,Juergen Klinsmann,,Alemania Occidental,False,False
1370,1990,Alemania Occidental,Paises Bajos,Octavos,,82,Andreas Brehme,,Alemania Occidental,False,False
1371,1990,Alemania Occidental,Paises Bajos,Octavos,,89,Ronald Koeman (de penal),,Paises Bajos,True,False
1372,1990,Italia,Uruguay,Octavos,,65,Salvatore Schillaci,,Italia,False,False
1373,1990,Italia,Uruguay,Octavos,,85,Aldo Serena,,Italia,False,False
1374,1990,España,Yugoslavia,Octavos,,78,Dragan Stojkovic,,Yugoslavia,False,False
1375,1990,España,Yugoslavia,Octavos,,83,Julio Salinas,,España,False,False
1376,1990,España,Yugoslavia,Octavos,,92,Dragan Stojkovic,,Yugoslavia,False,False
1377,1990,Inglaterra,Bélgica,Octavos,,119,David Platt,,Inglaterra,False,False
1378,1990,Italia,Irlanda,Cuartos,,38,Salvatore Schillaci,,Italia,False,False
1379,1990,Alemania Occidental,Checoslovaquia,Cuartos,,25,Lothar Matthaeus (de penal),,Alemania Occidental,True,False
1380,1990,Camerún,Inglaterra,Cuartos,,25,David Platt,,Inglaterra,False,False
1381,1990,Camerún,Inglaterra,Cuartos,,61,Emmanuel Kunde (de penal),,Camerún,True,False
1382,1990,Camerún,Inglaterra,Cuartos,,65,Eugene Ekeke,,Camerún,False,False
1383,1990,Camerún,Inglaterra,Cuartos,,83,Gary Lineker (de penal),,Inglaterra,True,False
1384,1990,Camerún,Inglaterra,Cuartos,,105,Gary Lineker (de penal),,Inglaterra,True,False
1385,1990,Italia,Argentina,Semis,,17,Salvatore Schillaci,,Italia,False,False
1386,1990,Italia,Argentina,Semis,,67,Claudio Caniggia,,Argentina,False,False
1387,1990,Inglaterra,Alemania Occidental,Semis,,60,Andreas Brehme,,Alemania Occidental,False,False
1388,1990,Inglaterra,Alemania Occidental,Semis,,80,Gary Lineker,,Inglaterra,False,False
1389,1990,Italia,Inglaterra,3er Puesto,,71,Roberto Baggio,,Italia,False,False
1390,1990,Italia,Inglaterra,3er Puesto,,81,David Platt,,Inglaterra,False,False
1391,1990,Italia,Inglaterra,3er Puesto,,86,Salvatore Schillaci (de penal),,Italia,True,False
1392,1990,Argentina,Alemania Occidental,Final,,85,Andreas Brehme (de penal),,Alemania Occidental,True,False
1393,1986,Bulgaria,Italia,"1ra Ronda, Grupo A",A,43,Alessandro Altobelli,,Italia,False,False
1394,1986,Bulgaria,Italia,"1ra Ronda, Grupo A",A,85,Nasko Sirakov,,Bulgaria,False,False
1395,1986,España,Brasil,"1ra Ronda, Grupo D",D,62,Socrates,,Brasil,False,False
1396,1986,Canadá,Francia,"1ra Ronda, Grupo C",C,79,Jean-Pierre Papin,,Francia,False,False
1397,1986,Argentina,Corea del Sur,"1ra Ronda, Grupo A",A,6,Jorge Valdano,,Argentina,False,False
1398,1986,Argentina,Corea del Sur,"1ra Ronda, Grupo A",A,18,Oscar Ruggeri,,Argentina,False,False
1399,1986,Argentina,Corea del Sur,"1ra Ronda, Grupo A",A,46,Jorge Valdano,,Argentina,False,False
1400,1986,Argentina,Corea del Sur,"1ra Ronda, Grupo A",A,73,Chang Sun Park,,Corea del Sur,False,False
1401,1986,URSS,Hungría,"1ra Ronda, Grupo C",C,2,Pavel Yakovenko,,URSS,False,False
1402,1986,URSS,Hungría,"1ra Ronda, Grupo C",C,4,Sergei Aleinikov,,URSS,False,False
1403,1986,URSS,Hungría,"1ra Ronda, Grupo C",C,24,Igor Belanov (de penal),,URSS,True,False
1404,1986,URSS,Hungría,"1ra Ronda, Grupo C",C,66,Ivan Yaremchuk,,URSS,False,False
1405,1986,URSS,Hungría,"1ra Ronda, Grupo C",C,73,Laszlo Dajka (en contra),,URSS,False,False
1406,1986,URSS,Hungría,"1ra Ronda, Grupo C",C,80,Sergei Rodionov,,URSS,False,False
1407,1986,Bélgica,México,"1ra Ronda, Grupo B",B,23,Fernando Quirarte,,México,False,False
1408,1986,Bélgica,México,"1ra Ronda, Grupo B",B,39,Hugo Sánchez,,México,False,False
1409,1986,Bélgica,México,"1ra Ronda, Grupo B",B,45,Erwin Vandenbergh,,Bélgica,False,False
1410,1986,Portugal,Inglaterra,"1ra Ronda, Grupo F",F,75,Carlos Manuel,,Portugal,False,False
1411,1986,Argelia,Irlanda del Norte,"1ra Ronda, Grupo D",D,6,Norman Whiteside,,Irlanda del Norte,False,False
1412,1986,Argelia,Irlanda del Norte,"1ra Ronda, Grupo D",D,59,Djamel Zidane,,Argelia,False,False
1413,1986,Escocia,Dinamarca,"1ra Ronda, Grupo E",E,57,Preben Elkjaer Larsen,,Dinamarca,False,False
1414,1986,Uruguay,Alemania Occidental,"1ra Ronda, Grupo E",E,4,Antonio Alzamendi,,Uruguay,False,False
1415,1986,Uruguay,Alemania Occidental,"1ra Ronda, Grupo E",E,84,Klaus Allofs,,Alemania Occidental,False,False
1416,1986,Paraguay,Iraq,"1ra Ronda, Grupo B",B,35,Julio Cesar Romero,,Paraguay,False,False
1417,1986,Francia,URSS,"1ra Ronda, Grupo C",C,53,Vasili Rats,,URSS,False,False
1418,1986,Francia,URSS,"1ra Ronda, Grupo C",C,62,Luis Fernandez,,Francia,False,False
1419,1986,Corea del Sur,Bulgaria,"1ra Ronda, Grupo A",A,11,Plamen Getov,,Bulgaria,False,False
1420,1986,Corea del Sur,Bulgaria,"1ra Ronda, Grupo A",A,70,Jong Boo Kim,,Corea del Sur,False,False
1421,1986,Italia,Argentina,"1ra Ronda, Grupo A",A,6,Alessandro Altobelli (de penal),,Italia,True,False
1422,1986,Italia,Argentina,"1ra Ronda, Grupo A",A,34,Diego Maradona,,Argentina,False,False
1423,1986,Hungría,Canadá,"1ra Ronda, Grupo C",C,2,Marton Esterhazy,,Hungría,False,False
1424,1986,Hungría,Canadá,"1ra Ronda, Grupo C",C,75,Lajos Detari,,Hungría,False,False
1425,1986,Brasil,Argelia,"1ra Ronda, Grupo D",D,66,Careca,,Brasil,False,False
1426,1986,México,Paraguay,"1ra Ronda, Grupo B",B,3,Luis Flores,,México,False,False
1427,1986,México,Paraguay,"1ra Ronda, Grupo B",B,85,Julio Cesar Romero,,Paraguay,False,False
1428,1986,Polonia,Portugal,"1ra Ronda, Grupo F",F,68,Wlodimierz Smolarek,,Polonia,False,False
1429,1986,Irlanda del Norte,España,"1ra Ronda, Grupo D",D,2,Emilio Butragueño,,España,False,False
1430,1986,Irlanda del Norte,España,"1ra Ronda, Grupo D",D,18,Julio Salinas,,España,False,False
1431,1986,Irlanda del Norte,España,"1ra Ronda, Grupo D",D,47,Colin Clarke,,Irlanda del Norte,False,False
1432,1986,Iraq,Bélgica,"1ra Ronda, Grupo B",B,16,Enzo Scifo,,Bélgica,False,False
1433,1986,Iraq,Bélgica,"1ra Ronda, Grupo B",B,21,Nico Claesen (de penal),,Bélgica,True,False
1434,1986,Iraq,Bélgica,"1ra Ronda, Grupo B",B,59,Ahmed Radhi,,Iraq,False,False
1435,1986,Alemania Occidental,Escocia,"1ra Ronda, Grupo E",E,18,Gordon Strachan,,Escocia,False,False
1436,1986,Alemania Occidental,Escocia,"1ra Ronda, Grupo E",E,22,Rudi Voeller,,Alemania Occidental,False,False
1437,1986,Alemania Occidental,Escocia,"1ra Ronda, Grupo E",E,50,Klaus Allofs,,Alemania Occidental,False,False
1438,1986,Dinamarca,Uruguay,"1ra Ronda, Grupo E",E,11,Preben Elkjaer Larsen,,Dinamarca,False,False
1439,1986,Dinamarca,Uruguay,"1ra Ronda, Grupo E",E,41,Soren Lerby,,Dinamarca,False,False
1440,1986,Dinamarca,Uruguay,"1ra Ronda, Grupo E",E,45,Enzo Francescoli (de penal),,Uruguay,True,False
1441,1986,Dinamarca,Uruguay,"1ra Ronda, Grupo E",E,52,Michael Laudrup,,Dinamarca,False,False
1442,1986,Dinamarca,Uruguay,"1ra Ronda, Grupo E",E,67,Preben Elkjaer Larsen,,Dinamarca,False,False
1443,1986,Dinamarca,Uruguay,"1ra Ronda, Grupo E",E,80,Preben Elkjaer Larsen,,Dinamarca,False,False
1444,1986,Dinamarca,Uruguay,"1ra Ronda, Grupo E",E,88,Jesper Olsen,,Dinamarca,False,False
1445,1986,URSS,Canadá,"1ra Ronda, Grupo C",C,58,Oleg Blokhin,,URSS,False,False
1446,1986,URSS,Canadá,"1ra Ronda, Grupo C",C,74,Aleksandr Zavarov,,URSS,False,False
1447,1986,Hungría,Francia,"1ra Ronda, Grupo C",C,29,Yannick Stopyra,,Francia,False,False
1448,1986,Hungría,Francia,"1ra Ronda, Grupo C",C,62,Jean Tigana,,Francia,False,False
1449,1986,Hungría,Francia,"1ra Ronda, Grupo C",C,84,Dominique Rocheteau,,Francia,False,False
1450,1986,Corea del Sur,Italia,"1ra Ronda, Grupo A",A,17,Alessandro Altobelli,,Italia,False,False
1451,1986,Corea del Sur,Italia,"1ra Ronda, Grupo A",A,62,Soon Ho Choi,,Corea del Sur,False,False
1452,1986,Corea del Sur,Italia,"1ra Ronda, Grupo A",A,73,Alessandro Altobelli,,Italia,False,False
1453,1986,Corea del Sur,Italia,"1ra Ronda, Grupo A",A,82,Kwang Rae Cho (en contra),,Italia,False,False
1454,1986,Corea del Sur,Italia,"1ra Ronda, Grupo A",A,83,Jung Moo Huh,,Corea del Sur,False,False
1455,1986,Argentina,Bulgaria,"1ra Ronda, Grupo A",A,3,Jorge Valdano,,Argentina,False,False
1456,1986,Argentina,Bulgaria,"1ra Ronda, Grupo A",A,76,Jorge Burruchaga,,Argentina,False,False
1457,1986,Paraguay,Bélgica,"1ra Ronda, Grupo B",B,30,Frank Vercauteren,,Bélgica,False,False
1458,1986,Paraguay,Bélgica,"1ra Ronda, Grupo B",B,50,Roberto Cabañas,,Paraguay,False,False
1459,1986,Paraguay,Bélgica,"1ra Ronda, Grupo B",B,59,Daniel Veyt,,Bélgica,False,False
1460,1986,Paraguay,Bélgica,"1ra Ronda, Grupo B",B,76,Roberto Cabañas,,Paraguay,False,False
1461,1986,Inglaterra,Polonia,"1ra Ronda, Grupo F",F,9,Gary Lineker,,Inglaterra,False,False
1462,1986,Inglaterra,Polonia,"1ra Ronda, Grupo F",F,14,Gary Lineker,,Inglaterra,False,False
1463,1986,Inglaterra,Polonia,"1ra Ronda, Grupo F",F,34,Gary Lineker,,Inglaterra,False,False
1464,1986,Portugal,Marruecos,"1ra Ronda, Grupo F",F,19,Abdelrazzak Khairi,,Marruecos,False,False
1465,1986,Portugal,Marruecos,"1ra Ronda, Grupo F",F,27,Abdelrazzak Khairi,,Marruecos,False,False
1466,1986,Portugal,Marruecos,"1ra Ronda, Grupo F",F,62,Abdelkarim Krimau,,Marruecos,False,False
1467,1986,Portugal,Marruecos,"1ra Ronda, Grupo F",F,79,Diamantino,,Portugal,False,False
1468,1986,Iraq,México,"1ra Ronda, Grupo B",B,54,Fernando Quirarte,,México,False,False
1469,1986,Irlanda del Norte,Brasil,"1ra Ronda, Grupo D",D,15,Careca,,Brasil,False,False
1470,1986,Irlanda del Norte,Brasil,"1ra Ronda, Grupo D",D,42,Josimar,,Brasil,False,False
1471,1986,Irlanda del Norte,Brasil,"1ra Ronda, Grupo D",D,87,Careca,,Brasil,False,False
1472,1986,Argelia,España,"1ra Ronda, Grupo D",D,15,Ramon Maria Caldere,,España,False,False
1473,1986,Argelia,España,"1ra Ronda, Grupo D",D,68,Ramon Maria Caldere,,España,False,False
1474,1986,Argelia,España,"1ra Ronda, Grupo D",D,70,Eloy,,España,False,False
1475,1986,Dinamarca,Alemania Occidental,"1ra Ronda, Grupo E",E,43,Jesper Olsen (de penal),,Dinamarca,True,False
1476,1986,Dinamarca,Alemania Occidental,"1ra Ronda, Grupo E",E,62,John Eriksen,,Dinamarca,False,False
1477,1986,URSS,Bélgica,Octavos,,27,Igor Belanov,,URSS,False,False
1478,1986,URSS,Bélgica,Octavos,,56,Enzo Scifo,,Bélgica,False,False
1479,1986,URSS,Bélgica,Octavos,,70,Igor Belanov,,URSS,False,False
1480,1986,URSS,Bélgica,Octavos,,77,Jan Ceulemans,,Bélgica,False,False
1481,1986,URSS,Bélgica,Octavos,,102,Stephane Demol,,Bélgica,False,False
1482,1986,URSS,Bélgica,Octavos,,110,Nico Claesen,,Bélgica,False,False
1483,1986,URSS,Bélgica,Octavos,,111,Igor Belanov (de penal),,URSS,True,False
1484,1986,México,Bulgaria,Octavos,,34,Manuel Negrete,,México,False,False
1485,1986,México,Bulgaria,Octavos,,61,Raul Servin,,México,False,False
1486,1986,Brasil,Polonia,Octavos,,30,Socrates (de penal),,Brasil,True,False
1487,1986,Brasil,Polonia,Octavos,,55,Josimar,,Brasil,False,False
1488,1986,Brasil,Polonia,Octavos,,79,Edinho,,Brasil,False,False
1489,1986,Brasil,Polonia,Octavos,,83,Careca (de penal),,Brasil,True,False
1490,1986,Argentina,Uruguay,Octavos,,42,Pedro Pasculli,,Argentina,False,False
1491,1986,Marruecos,Alemania Occidental,Octavos,,87,Lothar Matthaeus,,Alemania Occidental,False,False
1492,1986,Italia,Francia,Octavos,,15,Michel Platini,,Francia,False,False
1493,1986,Italia,Francia,Octavos,,57,Yannick Stopyra,,Francia,False,False
1494,1986,Dinamarca,España,Octavos,,33,Jesper Olsen (de penal),,Dinamarca,True,False
1495,1986,Dinamarca,España,Octavos,,43,Emilio Butragueño,,España,False,False
1496,1986,Dinamarca,España,Octavos,,56,Emilio Butragueño,,España,False,False
1497,1986,Dinamarca,España,Octavos,,68,Goikoetxea (de penal),,España,True,False
1498,1986,Dinamarca,España,Octavos,,80,Emilio Butragueño,,España,False,False
1499,1986,Dinamarca,España,Octavos,,89,Emilio Butragueño (de penal),,España,True,False
1500,1986,Inglaterra,Paraguay,Octavos,,31,Gary Lineker,,Inglaterra,False,False
1501,1986,Inglaterra,Paraguay,Octavos,,56,Peter Beardsley,,Inglaterra,False,False
1502,1986,Inglaterra,Paraguay,Octavos,,73,Gary Lineker,,Inglaterra,False,False
1503,1986,Brasil,Francia,Cuartos,,17,Careca,,Brasil,False,False
1504,1986,Brasil,Francia,Cuartos,,40,Michel Platini,,Francia,False,False
1505,1986,Bélgica,España,Cuartos,,35,Jan Ceulemans,,Bélgica,False,False
1506,1986,Bélgica,España,Cuartos,,85,Juan Antonio Senor,,España,False,False
1507,1986,Argentina,Inglaterra,Cuartos,,51,Diego Maradona,,Argentina,False,False
1508,1986,Argentina,Inglaterra,Cuartos,,54,Diego Maradona,,Argentina,False,False
1509,1986,Argentina,Inglaterra,Cuartos,,80,Gary Lineker,,Inglaterra,False,False
1510,1986,Argentina,Bélgica,Semis,,51,Diego Maradona,,Argentina,False,False
1511,1986,Argentina,Bélgica,Semis,,63,Diego Maradona,,Argentina,False,False
1512,1986,Alemania Occidental,Francia,Semis,,9,Andreas Brehme,,Alemania Occidental,False,False
1513,1986,Alemania Occidental,Francia,Semis,,89,Rudi Voeller,,Alemania Occidental,False,False
1514,1986,Bélgica,Francia,3er Puesto,,11,Jan Ceulemans,,Bélgica,False,False
1515,1986,Bélgica,Francia,3er Puesto,,27,Jean-Marc Ferreri,,Francia,False,False
1516,1986,Bélgica,Francia,3er Puesto,,43,Jean-Pierre Papin,,Francia,False,False
1517,1986,Bélgica,Francia,3er Puesto,,73,Nico Claesen,,Bélgica,False,False
1518,1986,Bélgica,Francia,3er Puesto,,104,Bernard Genghini,,Francia,False,False
1519,1986,Bélgica,Francia,3er Puesto,,111,Manuel Amoros (de penal),,Francia,True,False
1520,1986,Argentina,Alemania Occidental,Final,,23,Jose Brown,,Argentina,False,False
1521,1986,Argentina,Alemania Occidental,Final,,55,Jorge Valdano,,Argentina,False,False
1522,1986,Argentina,Alemania Occidental,Final,,74,Karl-Heinz Rummenigge,,Alemania Occidental,False,False
1523,1986,Argentina,Alemania Occidental,Final,,80,Rudi Voeller,,Alemania Occidental,False,False
1524,1986,Argentina,Alemania Occidental,Final,,83,Jorge Burruchaga,,Argentina,False,False
1525,1982,Argentina,Bélgica,"1ra Ronda, Grupo C",C,62,Erwin Vandenbergh,,Bélgica,False,False
1526,1982,Brasil,URSS,"1ra Ronda, Grupo F",F,34,Andrei Bal,,URSS,False,False
1527,1982,Brasil,URSS,"1ra Ronda, Grupo F",F,75,Socrates,,Brasil,False,False
1528,1982,Brasil,URSS,"1ra Ronda, Grupo F",F,88,Eder,,Brasil,False,False
1529,1982,Escocia,Nueva Zelanda,"1ra Ronda, Grupo F",F,18,Kenny Dalglish,,Escocia,False,False
1530,1982,Escocia,Nueva Zelanda,"1ra Ronda, Grupo F",F,29,John Wark,,Escocia,False,False
1531,1982,Escocia,Nueva Zelanda,"1ra Ronda, Grupo F",F,32,John Wark,,Escocia,False,False
1532,1982,Escocia,Nueva Zelanda,"1ra Ronda, Grupo F",F,54,Steve Sumner,,Nueva Zelanda,False,False
1533,1982,Escocia,Nueva Zelanda,"1ra Ronda, Grupo F",F,64,Steve Wooddin,,Nueva Zelanda,False,False
1534,1982,Escocia,Nueva Zelanda,"1ra Ronda, Grupo F",F,73,John Robertson,,Escocia,False,False
1535,1982,Escocia,Nueva Zelanda,"1ra Ronda, Grupo F",F,79,Steve Archibald,,Escocia,False,False
1536,1982,Hungría,El Salvador,"1ra Ronda, Grupo C",C,4,Tibor Nyilasi,,Hungría,False,False
1537,1982,Hungría,El Salvador,"1ra Ronda, Grupo C",C,11,Gabor Poloskei,,Hungría,False,False
1538,1982,Hungría,El Salvador,"1ra Ronda, Grupo C",C,23,Laszlo Fazekas,,Hungría,False,False
1539,1982,Hungría,El Salvador,"1ra Ronda, Grupo C",C,50,Jozsef Toth,,Hungría,False,False
1540,1982,Hungría,El Salvador,"1ra Ronda, Grupo C",C,54,Laszlo Fazekas,,Hungría,False,False
1541,1982,Hungría,El Salvador,"1ra Ronda, Grupo C",C,64,Luis Ramirez,,El Salvador,False,False
1542,1982,Hungría,El Salvador,"1ra Ronda, Grupo C",C,69,Laszlo Kiss,,Hungría,False,False
1543,1982,Hungría,El Salvador,"1ra Ronda, Grupo C",C,70,Lazar Szentes,,Hungría,False,False
1544,1982,Hungría,El Salvador,"1ra Ronda, Grupo C",C,72,Laszlo Kiss,,Hungría,False,False
1545,1982,Hungría,El Salvador,"1ra Ronda, Grupo C",C,76,Laszlo Kiss,,Hungría,False,False
1546,1982,Hungría,El Salvador,"1ra Ronda, Grupo C",C,83,Tibor Nyilasi,,Hungría,False,False
1547,1982,Alemania Occidental,Argelia,"1ra Ronda, Grupo B",B,54,Rabah Madjer,,Argelia,False,False
1548,1982,Alemania Occidental,Argelia,"1ra Ronda, Grupo B",B,67,Karl-Heinz Rummenigge,,Alemania Occidental,False,False
1549,1982,Alemania Occidental,Argelia,"1ra Ronda, Grupo B",B,68,Lakhdar Belloumi,,Argelia,False,False
1550,1982,España,Honduras,"1ra Ronda, Grupo E",E,7,Hector Zelaya,,Honduras,False,False
1551,1982,España,Honduras,"1ra Ronda, Grupo E",E,65,Lopez Ufarte (de penal),,España,True,False
1552,1982,Inglaterra,Francia,"1ra Ronda, Grupo D",D,1,Bryan Robson,,Inglaterra,False,False
1553,1982,Inglaterra,Francia,"1ra Ronda, Grupo D",D,24,Gerard Soler,,Francia,False,False
1554,1982,Inglaterra,Francia,"1ra Ronda, Grupo D",D,67,Bryan Robson,,Inglaterra,False,False
1555,1982,Inglaterra,Francia,"1ra Ronda, Grupo D",D,83,Paul Mariner,,Inglaterra,False,False
1556,1982,Checoslovaquia,Kuwait,"1ra Ronda, Grupo D",D,21,Antonin Panenka (de penal),,Checoslovaquia,True,False
1557,1982,Checoslovaquia,Kuwait,"1ra Ronda, Grupo D",D,57,Faisal Al Dakhil,,Kuwait,False,False
1558,1982,Chile,Austria,"1ra Ronda, Grupo B",B,22,Walter Schachner,,Austria,False,False
1559,1982,Argentina,Hungría,"1ra Ronda, Grupo C",C,26,Daniel Bertoni,,Argentina,False,False
1560,1982,Argentina,Hungría,"1ra Ronda, Grupo C",C,28,Diego Maradona,,Argentina,False,False
1561,1982,Argentina,Hungría,"1ra Ronda, Grupo C",C,57,Diego Maradona,,Argentina,False,False
1562,1982,Argentina,Hungría,"1ra Ronda, Grupo C",C,60,Osvaldo Ardiles,,Argentina,False,False
1563,1982,Argentina,Hungría,"1ra Ronda, Grupo C",C,76,Gabor Poloskei,,Hungría,False,False
1564,1982,Italia,Perú,"1ra Ronda, Grupo A",A,18,Bruno Conti,,Italia,False,False
1565,1982,Italia,Perú,"1ra Ronda, Grupo A",A,83,Ruben Diaz,,Perú,False,False
1566,1982,Brasil,Escocia,"1ra Ronda, Grupo F",F,18,David Narey,,Escocia,False,False
1567,1982,Brasil,Escocia,"1ra Ronda, Grupo F",F,33,Zico,,Brasil,False,False
1568,1982,Brasil,Escocia,"1ra Ronda, Grupo F",F,48,Oscar,,Brasil,False,False
1569,1982,Brasil,Escocia,"1ra Ronda, Grupo F",F,63,Eder,,Brasil,False,False
1570,1982,Brasil,Escocia,"1ra Ronda, Grupo F",F,87,Falcao,,Brasil,False,False
1571,1982,Bélgica,El Salvador,"1ra Ronda, Grupo C",C,19,Ludo Coeck,,Bélgica,False,False
1572,1982,URSS,Nueva Zelanda,"1ra Ronda, Grupo F",F,24,Yuri Gavrilov,,URSS,False,False
1573,1982,URSS,Nueva Zelanda,"1ra Ronda, Grupo F",F,48,Oleg Blokhin,,URSS,False,False
1574,1982,URSS,Nueva Zelanda,"1ra Ronda, Grupo F",F,68,Sergei Baltacha,,URSS,False,False
1575,1982,España,Yugoslavia,"1ra Ronda, Grupo E",E,10,Ivan Gudelj,,Yugoslavia,False,False
1576,1982,España,Yugoslavia,"1ra Ronda, Grupo E",E,14,Juanito (de penal),,España,True,False
1577,1982,España,Yugoslavia,"1ra Ronda, Grupo E",E,66,Enrique Saura,,España,False,False
1578,1982,Inglaterra,Checoslovaquia,"1ra Ronda, Grupo D",D,62,Trevor Francis,,Inglaterra,False,False
1579,1982,Inglaterra,Checoslovaquia,"1ra Ronda, Grupo D",D,66,Jozef Barmos (en contra),,Inglaterra,False,False
1580,1982,Alemania Occidental,Chile,"1ra Ronda, Grupo B",B,9,Karl-Heinz Rummenigge,,Alemania Occidental,False,False
1581,1982,Alemania Occidental,Chile,"1ra Ronda, Grupo B",B,57,Karl-Heinz Rummenigge,,Alemania Occidental,False,False
1582,1982,Alemania Occidental,Chile,"1ra Ronda, Grupo B",B,66,Karl-Heinz Rummenigge,,Alemania Occidental,False,False
1583,1982,Alemania Occidental,Chile,"1ra Ronda, Grupo B",B,83,Uwe Reinders,,Alemania Occidental,False,False
1584,1982,Alemania Occidental,Chile,"1ra Ronda, Grupo B",B,90,Gustavo Moscoso,,Chile,False,False
1585,1982,Honduras,Irlanda del Norte,"1ra Ronda, Grupo E",E,9,Gerry Armstrong,,Irlanda del Norte,False,False
1586,1982,Honduras,Irlanda del Norte,"1ra Ronda, Grupo E",E,60,Eduardo Laing,,Honduras,False,False
1587,1982,Francia,Kuwait,"1ra Ronda, Grupo D",D,31,Bernard Genghini,,Francia,False,False
1588,1982,Francia,Kuwait,"1ra Ronda, Grupo D",D,43,Michel Platini,,Francia,False,False
1589,1982,Francia,Kuwait,"1ra Ronda, Grupo D",D,48,Didier Six,,Francia,False,False
1590,1982,Francia,Kuwait,"1ra Ronda, Grupo D",D,75,Abdulaziz Al Balushi,,Kuwait,False,False
1591,1982,Francia,Kuwait,"1ra Ronda, Grupo D",D,89,Maxime Bossis,,Francia,False,False
1592,1982,Argelia,Austria,"1ra Ronda, Grupo B",B,55,Walter Schachner,,Austria,False,False
1593,1982,Argelia,Austria,"1ra Ronda, Grupo B",B,67,Hans Krankl,,Austria,False,False
1594,1982,URSS,Escocia,"1ra Ronda, Grupo F",F,15,Joe Jordan,,Escocia,False,False
1595,1982,URSS,Escocia,"1ra Ronda, Grupo F",F,59,Aleksandr Chivadze,,URSS,False,False
1596,1982,URSS,Escocia,"1ra Ronda, Grupo F",F,84,Ramaz Shengelia,,URSS,False,False
1597,1982,URSS,Escocia,"1ra Ronda, Grupo F",F,86,Graeme Souness,,Escocia,False,False
1598,1982,Bélgica,Hungría,"1ra Ronda, Grupo C",C,27,Jozsef Varga,,Hungría,False,False
1599,1982,Bélgica,Hungría,"1ra Ronda, Grupo C",C,76,Alex Czerniatynski,,Bélgica,False,False
1600,1982,Polonia,Perú,"1ra Ronda, Grupo A",A,55,Wlodimierz Smolarek,,Polonia,False,False
1601,1982,Polonia,Perú,"1ra Ronda, Grupo A",A,58,Grzegorz Lato,,Polonia,False,False
1602,1982,Polonia,Perú,"1ra Ronda, Grupo A",A,61,Zbigniew Boniek,,Polonia,False,False
1603,1982,Polonia,Perú,"1ra Ronda, Grupo A",A,68,Andrzej Buncol,,Polonia,False,False
1604,1982,Polonia,Perú,"1ra Ronda, Grupo A",A,76,Wlodzimierz Ciolek,,Polonia,False,False
1605,1982,Polonia,Perú,"1ra Ronda, Grupo A",A,83,Guillermo La Rosa,,Perú,False,False
1606,1982,Italia,Camerún,"1ra Ronda, Grupo A",A,60,Francesco Graziani,,Italia,False,False
1607,1982,Italia,Camerún,"1ra Ronda, Grupo A",A,61,Gregoire Mbida,,Camerún,False,False
1608,1982,Argentina,El Salvador,"1ra Ronda, Grupo C",C,22,Daniel Passarella (de penal),,Argentina,True,False
1609,1982,Argentina,El Salvador,"1ra Ronda, Grupo C",C,54,Daniel Bertoni,,Argentina,False,False
1610,1982,Brasil,Nueva Zelanda,"1ra Ronda, Grupo F",F,28,Zico,,Brasil,False,False
1611,1982,Brasil,Nueva Zelanda,"1ra Ronda, Grupo F",F,31,Zico,,Brasil,False,False
1612,1982,Brasil,Nueva Zelanda,"1ra Ronda, Grupo F",F,64,Falcao,,Brasil,False,False
1613,1982,Brasil,Nueva Zelanda,"1ra Ronda, Grupo F",F,70,Serginho,,Brasil,False,False
1614,1982,Honduras,Yugoslavia,"1ra Ronda, Grupo E",E,88,Vladimir Petrovic (de penal),,Yugoslavia,True,False
1615,1982,Francia,Checoslovaquia,"1ra Ronda, Grupo D",D,66,Didier Six,,Francia,False,False
1616,1982,Francia,Checoslovaquia,"1ra Ronda, Grupo D",D,84,Antonin Panenka (de penal),,Checoslovaquia,True,False
1617,1982,Argelia,Chile,"1ra Ronda, Grupo B",B,7,Salah Assad,,Argelia,False,False
1618,1982,Argelia,Chile,"1ra Ronda, Grupo B",B,31,Salah Assad,,Argelia,False,False
1619,1982,Argelia,Chile,"1ra Ronda, Grupo B",B,35,Tedj Bensaoula,,Argelia,False,False
1620,1982,Argelia,Chile,"1ra Ronda, Grupo B",B,59,Miguel Neira (de penal),,Chile,True,False
1621,1982,Argelia,Chile,"1ra Ronda, Grupo B",B,73,Juan Letelier,,Chile,False,False
1622,1982,Irlanda del Norte,España,"1ra Ronda, Grupo E",E,47,Gerry Armstrong,,Irlanda del Norte,False,False
1623,1982,Alemania Occidental,Austria,"1ra Ronda, Grupo B",B,10,Horst Hrubesch,,Alemania Occidental,False,False
1624,1982,Inglaterra,Kuwait,"1ra Ronda, Grupo D",D,27,Trevor Francis,,Inglaterra,False,False
1625,1982,Austria,Francia,"2da Ronda, Grupo 4",4,39,Bernard Genghini,,Francia,False,False
1626,1982,Polonia,Bélgica,"2da Ronda, Grupo 1",1,4,Zbigniew Boniek,,Polonia,False,False
1627,1982,Polonia,Bélgica,"2da Ronda, Grupo 1",1,26,Zbigniew Boniek,,Polonia,False,False
1628,1982,Polonia,Bélgica,"2da Ronda, Grupo 1",1,53,Zbigniew Boniek,,Polonia,False,False
1629,1982,Italia,Argentina,"2da Ronda, Grupo 3",3,57,Marco Tardelli,,Italia,False,False
1630,1982,Italia,Argentina,"2da Ronda, Grupo 3",3,67,Antonio Cabrini,,Italia,False,False
1631,1982,Italia,Argentina,"2da Ronda, Grupo 3",3,83,Daniel Passarella,,Argentina,False,False
1632,1982,Bélgica,URSS,"2da Ronda, Grupo 1",1,48,Khoren Oganesian,,URSS,False,False
1633,1982,Austria,Irlanda del Norte,"2da Ronda, Grupo 4",4,27,Billy Hamilton,,Irlanda del Norte,False,False
1634,1982,Austria,Irlanda del Norte,"2da Ronda, Grupo 4",4,50,Bruno Pezzey,,Austria,False,False
1635,1982,Austria,Irlanda del Norte,"2da Ronda, Grupo 4",4,68,Reinhold Hintermaier,,Austria,False,False
1636,1982,Austria,Irlanda del Norte,"2da Ronda, Grupo 4",4,75,Billy Hamilton,,Irlanda del Norte,False,False
1637,1982,Argentina,Brasil,"2da Ronda, Grupo 3",3,11,Zico,,Brasil,False,False
1638,1982,Argentina,Brasil,"2da Ronda, Grupo 3",3,66,Serginho,,Brasil,False,False
1639,1982,Argentina,Brasil,"2da Ronda, Grupo 3",3,75,Junior,,Brasil,False,False
1640,1982,Argentina,Brasil,"2da Ronda, Grupo 3",3,89,Ramon Diaz,,Argentina,False,False
1641,1982,Alemania Occidental,España,"2da Ronda, Grupo 2",2,50,Pierre Littbarski,,Alemania Occidental,False,False
1642,1982,Alemania Occidental,España,"2da Ronda, Grupo 2",2,75,Klaus Fischer,,Alemania Occidental,False,False
1643,1982,Alemania Occidental,España,"2da Ronda, Grupo 2",2,82,Jesus Zamora,,España,False,False
1644,1982,Francia,Irlanda del Norte,"2da Ronda, Grupo 4",4,33,Alain Giresse,,Francia,False,False
1645,1982,Francia,Irlanda del Norte,"2da Ronda, Grupo 4",4,46,Dominique Rocheteau,,Francia,False,False
1646,1982,Francia,Irlanda del Norte,"2da Ronda, Grupo 4",4,68,Dominique Rocheteau,,Francia,False,False
1647,1982,Francia,Irlanda del Norte,"2da Ronda, Grupo 4",4,75,Gerry Armstrong,,Irlanda del Norte,False,False
1648,1982,Francia,Irlanda del Norte,"2da Ronda, Grupo 4",4,80,Alain Giresse,,Francia,False,False
1649,1982,Italia,Brasil,"2da Ronda, Grupo 3",3,5,Paolo Rossi,,Italia,False,False
1650,1982,Italia,Brasil,"2da Ronda, Grupo 3",3,12,Socrates,,Brasil,False,False
1651,1982,Italia,Brasil,"2da Ronda, Grupo 3",3,25,Paolo Rossi,,Italia,False,False
1652,1982,Italia,Brasil,"2da Ronda, Grupo 3",3,68,Falcao,,Brasil,False,False
1653,1982,Italia,Brasil,"2da Ronda, Grupo 3",3,74,Paolo Rossi,,Italia,False,False
1654,1982,Alemania Occidental,Francia,Semis,,17,Pierre Littbarski,,Alemania Occidental,False,False
1655,1982,Alemania Occidental,Francia,Semis,,26,Michel Platini (de penal),,Francia,True,False
1656,1982,Alemania Occidental,Francia,Semis,,92,Marius Tresor,,Francia,False,False
1657,1982,Alemania Occidental,Francia,Semis,,98,Alain Giresse,,Francia,False,False
1658,1982,Alemania Occidental,Francia,Semis,,102,Karl-Heinz Rummenigge,,Alemania Occidental,False,False
1659,1982,Alemania Occidental,Francia,Semis,,108,Klaus Fischer,,Alemania Occidental,False,False
1660,1982,Polonia,Italia,Semis,,22,Paolo Rossi,,Italia,False,False
1661,1982,Polonia,Italia,Semis,,73,Paolo Rossi,,Italia,False,False
1662,1982,Polonia,Francia,3er Puesto,,13,Rene Girard,,Francia,False,False
1663,1982,Polonia,Francia,3er Puesto,,40,Andrzej Szarmach,,Polonia,False,False
1664,1982,Polonia,Francia,3er Puesto,,44,Stefan Majewski,,Polonia,False,False
1665,1982,Polonia,Francia,3er Puesto,,46,Janusz Kupcewicz,,Polonia,False,False
1666,1982,Polonia,Francia,3er Puesto,,72,Alain Couriol,,Francia,False,False
1667,1982,Italia,Alemania Occidental,Final,,57,Paolo Rossi,,Italia,False,False
1668,1982,Italia,Alemania Occidental,Final,,69,Marco Tardelli,,Italia,False,False
1669,1982,Italia,Alemania Occidental,Final,,81,Alessandro Altobelli,,Italia,False,False
1670,1982,Italia,Alemania Occidental,Final,,83,Paul Breitner,,Alemania Occidental,False,False
1671,1978,Túnez,México,"1ra Ronda, Grupo 2",2,45,Arturo Vasquez (de penal),,México,True,False
1672,1978,Túnez,México,"1ra Ronda, Grupo 2",2,55,Ali Kaabi,,Túnez,False,False
1673,1978,Túnez,México,"1ra Ronda, Grupo 2",2,79,Nejib Ghommidh,,Túnez,False,False
1674,1978,Túnez,México,"1ra Ronda, Grupo 2",2,87,Mokhtar Douieb,,Túnez,False,False
1675,1978,Italia,Francia,"1ra Ronda, Grupo 1",1,1,Bernard Lacombe,,Francia,False,False
1676,1978,Italia,Francia,"1ra Ronda, Grupo 1",1,29,Paolo Rossi,,Italia,False,False
1677,1978,Italia,Francia,"1ra Ronda, Grupo 1",1,54,Renato Zaccarelli,,Italia,False,False
1678,1978,Argentina,Hungría,"1ra Ronda, Grupo 1",1,10,Karoly Csapo,,Hungría,False,False
1679,1978,Argentina,Hungría,"1ra Ronda, Grupo 1",1,15,Leopoldo Luque,,Argentina,False,False
1680,1978,Argentina,Hungría,"1ra Ronda, Grupo 1",1,83,Daniel Bertoni,,Argentina,False,False
1681,1978,Paises Bajos,Irán,"1ra Ronda, Grupo 4",4,40,Rob Rensenbrink (de penal),,Paises Bajos,True,False
1682,1978,Paises Bajos,Irán,"1ra Ronda, Grupo 4",4,62,Rob Rensenbrink,,Paises Bajos,False,False
1683,1978,Paises Bajos,Irán,"1ra Ronda, Grupo 4",4,79,Rob Rensenbrink (de penal),,Paises Bajos,True,False
1684,1978,Austria,España,"1ra Ronda, Grupo 3",3,9,Walter Schachner,,Austria,False,False
1685,1978,Austria,España,"1ra Ronda, Grupo 3",3,21,Dani,,España,False,False
1686,1978,Austria,España,"1ra Ronda, Grupo 3",3,76,Hans Krankl,,Austria,False,False
1687,1978,Perú,Escocia,"1ra Ronda, Grupo 4",4,14,Joe Jordan,,Escocia,False,False
1688,1978,Perú,Escocia,"1ra Ronda, Grupo 4",4,43,Cesar Cueto,,Perú,False,False
1689,1978,Perú,Escocia,"1ra Ronda, Grupo 4",4,71,Teofilo Cubillas,,Perú,False,False
1690,1978,Perú,Escocia,"1ra Ronda, Grupo 4",4,77,Teofilo Cubillas,,Perú,False,False
1691,1978,Suecia,Brasil,"1ra Ronda, Grupo 3",3,37,Thomas Sjoberg,,Suecia,False,False
1692,1978,Suecia,Brasil,"1ra Ronda, Grupo 3",3,45,Reinaldo,,Brasil,False,False
1693,1978,Alemania Occidental,México,"1ra Ronda, Grupo 2",2,15,Dieter Mueller,,Alemania Occidental,False,False
1694,1978,Alemania Occidental,México,"1ra Ronda, Grupo 2",2,30,Hansi Mueller,,Alemania Occidental,False,False
1695,1978,Alemania Occidental,México,"1ra Ronda, Grupo 2",2,38,Karl-Heinz Rummenigge,,Alemania Occidental,False,False
1696,1978,Alemania Occidental,México,"1ra Ronda, Grupo 2",2,44,Heinz Flohe,,Alemania Occidental,False,False
1697,1978,Alemania Occidental,México,"1ra Ronda, Grupo 2",2,73,Karl-Heinz Rummenigge,,Alemania Occidental,False,False
1698,1978,Alemania Occidental,México,"1ra Ronda, Grupo 2",2,89,Heinz Flohe,,Alemania Occidental,False,False
1699,1978,Argentina,Francia,"1ra Ronda, Grupo 1",1,45,Daniel Passarella (de penal),,Argentina,True,False
1700,1978,Argentina,Francia,"1ra Ronda, Grupo 1",1,60,Michel Platini,,Francia,False,False
1701,1978,Argentina,Francia,"1ra Ronda, Grupo 1",1,73,Leopoldo Luque,,Argentina,False,False
1702,1978,Polonia,Túnez,"1ra Ronda, Grupo 2",2,43,Grzegorz Lato,,Polonia,False,False
1703,1978,Italia,Hungría,"1ra Ronda, Grupo 1",1,34,Paolo Rossi,,Italia,False,False
1704,1978,Italia,Hungría,"1ra Ronda, Grupo 1",1,36,Roberto Bettega,,Italia,False,False
1705,1978,Italia,Hungría,"1ra Ronda, Grupo 1",1,60,Romeo Benetti,,Italia,False,False
1706,1978,Italia,Hungría,"1ra Ronda, Grupo 1",1,81,Andras Toth (de penal),,Hungría,True,False
1707,1978,Escocia,Irán,"1ra Ronda, Grupo 4",4,43,Andranik Eskandarian (en contra),,Escocia,False,False
1708,1978,Escocia,Irán,"1ra Ronda, Grupo 4",4,60,Iraj Danayfar,,Irán,False,False
1709,1978,Austria,Suecia,"1ra Ronda, Grupo 3",3,42,Hans Krankl (de penal),,Austria,True,False
1710,1978,Italia,Argentina,"1ra Ronda, Grupo 1",1,67,Roberto Bettega,,Italia,False,False
1711,1978,Francia,Hungría,"1ra Ronda, Grupo 1",1,22,Christian Lopez,,Francia,False,False
1712,1978,Francia,Hungría,"1ra Ronda, Grupo 1",1,37,Marc Berdoll,,Francia,False,False
1713,1978,Francia,Hungría,"1ra Ronda, Grupo 1",1,41,Sandor Zombori,,Hungría,False,False
1714,1978,Francia,Hungría,"1ra Ronda, Grupo 1",1,42,Dominique Rocheteau,,Francia,False,False
1715,1978,Polonia,México,"1ra Ronda, Grupo 2",2,43,Zbigniew Boniek,,Polonia,False,False
1716,1978,Polonia,México,"1ra Ronda, Grupo 2",2,52,Victor Rangel,,México,False,False
1717,1978,Polonia,México,"1ra Ronda, Grupo 2",2,56,Kazimierz Deyna,,Polonia,False,False
1718,1978,Polonia,México,"1ra Ronda, Grupo 2",2,84,Zbigniew Boniek,,Polonia,False,False
1719,1978,Perú,Irán,"1ra Ronda, Grupo 4",4,2,Jose Velasquez,,Perú,False,False
1720,1978,Perú,Irán,"1ra Ronda, Grupo 4",4,36,Teofilo Cubillas (de penal),,Perú,True,False
1721,1978,Perú,Irán,"1ra Ronda, Grupo 4",4,39,Teofilo Cubillas (de penal),,Perú,True,False
1722,1978,Perú,Irán,"1ra Ronda, Grupo 4",4,41,Hassan Rowshan,,Irán,False,False
1723,1978,Perú,Irán,"1ra Ronda, Grupo 4",4,79,Teofilo Cubillas,,Perú,False,False
1724,1978,España,Suecia,"1ra Ronda, Grupo 3",3,75,Juan Manuel Asensi,,España,False,False
1725,1978,Escocia,Paises Bajos,"1ra Ronda, Grupo 4",4,34,Rob Rensenbrink (de penal),,Paises Bajos,True,False
1726,1978,Escocia,Paises Bajos,"1ra Ronda, Grupo 4",4,44,Kenny Dalglish,,Escocia,False,False
1727,1978,Escocia,Paises Bajos,"1ra Ronda, Grupo 4",4,47,Archie Gemmill (de penal),,Escocia,True,False
1728,1978,Escocia,Paises Bajos,"1ra Ronda, Grupo 4",4,68,Archie Gemmill,,Escocia,False,False
1729,1978,Escocia,Paises Bajos,"1ra Ronda, Grupo 4",4,71,Johnny Rep,,Paises Bajos,False,False
1730,1978,Brasil,Austria,"1ra Ronda, Grupo 3",3,40,Roberto Dinamite,,Brasil,False,False
1731,1978,Paises Bajos,Austria,"2da Ronda, Grupo A",A,6,Ernie Brandts,,Paises Bajos,False,False
1732,1978,Paises Bajos,Austria,"2da Ronda, Grupo A",A,35,Rob Rensenbrink (de penal),,Paises Bajos,True,False
1733,1978,Paises Bajos,Austria,"2da Ronda, Grupo A",A,36,Johnny Rep,,Paises Bajos,False,False
1734,1978,Paises Bajos,Austria,"2da Ronda, Grupo A",A,53,Johnny Rep,,Paises Bajos,False,False
1735,1978,Paises Bajos,Austria,"2da Ronda, Grupo A",A,79,Erich Obermayer,,Austria,False,False
1736,1978,Paises Bajos,Austria,"2da Ronda, Grupo A",A,82,Willy Van De Kerkhof,,Paises Bajos,False,False
1737,1978,Brasil,Perú,"2da Ronda, Grupo B",B,15,Dirceu,,Brasil,False,False
1738,1978,Brasil,Perú,"2da Ronda, Grupo B",B,28,Dirceu,,Brasil,False,False
1739,1978,Brasil,Perú,"2da Ronda, Grupo B",B,73,Zico (de penal),,Brasil,True,False
1740,1978,Argentina,Polonia,"2da Ronda, Grupo B",B,16,Mario Kempes,,Argentina,False,False
1741,1978,Argentina,Polonia,"2da Ronda, Grupo B",B,71,Mario Kempes,,Argentina,False,False
1742,1978,Polonia,Perú,"2da Ronda, Grupo B",B,65,Andrzej Szarmach,,Polonia,False,False
1743,1978,Alemania Occidental,Paises Bajos,"2da Ronda, Grupo A",A,3,Ruediger Abramczik,,Alemania Occidental,False,False
1744,1978,Alemania Occidental,Paises Bajos,"2da Ronda, Grupo A",A,27,Arie Haan,,Paises Bajos,False,False
1745,1978,Alemania Occidental,Paises Bajos,"2da Ronda, Grupo A",A,70,Dieter Mueller,,Alemania Occidental,False,False
1746,1978,Alemania Occidental,Paises Bajos,"2da Ronda, Grupo A",A,84,Rene Van De Kerkhof,,Paises Bajos,False,False
1747,1978,Italia,Austria,"2da Ronda, Grupo A",A,14,Paolo Rossi,,Italia,False,False
1748,1978,Argentina,Perú,"2da Ronda, Grupo B",B,21,Mario Kempes,,Argentina,False,False
1749,1978,Argentina,Perú,"2da Ronda, Grupo B",B,43,Alberto Tarantini,,Argentina,False,False
1750,1978,Argentina,Perú,"2da Ronda, Grupo B",B,48,Mario Kempes,,Argentina,False,False
1751,1978,Argentina,Perú,"2da Ronda, Grupo B",B,50,Leopoldo Luque,,Argentina,False,False
1752,1978,Argentina,Perú,"2da Ronda, Grupo B",B,67,Rene Houseman,,Argentina,False,False
1753,1978,Argentina,Perú,"2da Ronda, Grupo B",B,72,Leopoldo Luque,,Argentina,False,False
1754,1978,Paises Bajos,Italia,"2da Ronda, Grupo A",A,18,Ernie Brandts (en contra),,Italia,False,False
1755,1978,Paises Bajos,Italia,"2da Ronda, Grupo A",A,50,Ernie Brandts,,Paises Bajos,False,False
1756,1978,Paises Bajos,Italia,"2da Ronda, Grupo A",A,75,Arie Haan,,Paises Bajos,False,False
1757,1978,Brasil,Polonia,"2da Ronda, Grupo B",B,12,Nelinho,,Brasil,False,False
1758,1978,Brasil,Polonia,"2da Ronda, Grupo B",B,45,Grzegorz Lato,,Polonia,False,False
1759,1978,Brasil,Polonia,"2da Ronda, Grupo B",B,57,Roberto Dinamite,,Brasil,False,False
1760,1978,Brasil,Polonia,"2da Ronda, Grupo B",B,63,Roberto Dinamite,,Brasil,False,False
1761,1978,Austria,Alemania Occidental,"2da Ronda, Grupo A",A,19,Karl-Heinz Rummenigge,,Alemania Occidental,False,False
1762,1978,Austria,Alemania Occidental,"2da Ronda, Grupo A",A,59,Berti Vogts (en contra),,Austria,False,False
1763,1978,Austria,Alemania Occidental,"2da Ronda, Grupo A",A,66,Hans Krankl,,Austria,False,False
1764,1978,Austria,Alemania Occidental,"2da Ronda, Grupo A",A,68,Bernd Hoelzenbein,,Alemania Occidental,False,False
1765,1978,Austria,Alemania Occidental,"2da Ronda, Grupo A",A,87,Hans Krankl,,Austria,False,False
1766,1978,Brasil,Italia,3er Puesto,,38,Franco Causio,,Italia,False,False
1767,1978,Brasil,Italia,3er Puesto,,64,Nelinho,,Brasil,False,False
1768,1978,Brasil,Italia,3er Puesto,,72,Dirceu,,Brasil,False,False
1769,1978,Argentina,Paises Bajos,Final,,38,Mario Kempes,,Argentina,False,False
1770,1978,Argentina,Paises Bajos,Final,,82,Dick Nanninga,,Paises Bajos,False,False
1771,1978,Argentina,Paises Bajos,Final,,105,Mario Kempes,,Argentina,False,False
1772,1978,Argentina,Paises Bajos,Final,,116,Daniel Bertoni,,Argentina,False,False
1773,1974,Alemania Occidental,Chile,"1ra Ronda, Grupo 1",1,18,Paul Breitner,,Alemania Occidental,False,False
1774,1974,Alemania Oriental,Australia,"1ra Ronda, Grupo 1",1,58,Colin Curran (en contra),,Alemania Oriental,False,False
1775,1974,Alemania Oriental,Australia,"1ra Ronda, Grupo 1",1,72,Joachim Streich,,Alemania Oriental,False,False
1776,1974,Zaire,Escocia,"1ra Ronda, Grupo 2",2,26,Peter Lorimer,,Escocia,False,False
1777,1974,Zaire,Escocia,"1ra Ronda, Grupo 2",2,34,Joe Jordan,,Escocia,False,False
1778,1974,Polonia,Argentina,"1ra Ronda, Grupo 4",4,7,Grzegorz Lato,,Polonia,False,False
1779,1974,Polonia,Argentina,"1ra Ronda, Grupo 4",4,8,Andrzej Szarmach,,Polonia,False,False
1780,1974,Polonia,Argentina,"1ra Ronda, Grupo 4",4,60,Ramon Heredia,,Argentina,False,False
1781,1974,Polonia,Argentina,"1ra Ronda, Grupo 4",4,62,Grzegorz Lato,,Polonia,False,False
1782,1974,Polonia,Argentina,"1ra Ronda, Grupo 4",4,66,Carlos Babington,,Argentina,False,False
1783,1974,Italia,Haití,"1ra Ronda, Grupo 4",4,46,Emmanuel Sanon,,Haití,False,False
1784,1974,Italia,Haití,"1ra Ronda, Grupo 4",4,52,Gianni Rivera,,Italia,False,False
1785,1974,Italia,Haití,"1ra Ronda, Grupo 4",4,66,Romeo Benetti,,Italia,False,False
1786,1974,Italia,Haití,"1ra Ronda, Grupo 4",4,79,Pietro Anastasi,,Italia,False,False
1787,1974,Uruguay,Paises Bajos,"1ra Ronda, Grupo 3",3,7,Johnny Rep,,Paises Bajos,False,False
1788,1974,Uruguay,Paises Bajos,"1ra Ronda, Grupo 3",3,86,Johnny Rep,,Paises Bajos,False,False
1789,1974,Australia,Alemania Occidental,"1ra Ronda, Grupo 1",1,12,Wolfgang Overath,,Alemania Occidental,False,False
1790,1974,Australia,Alemania Occidental,"1ra Ronda, Grupo 1",1,34,Bernd Cullmann,,Alemania Occidental,False,False
1791,1974,Australia,Alemania Occidental,"1ra Ronda, Grupo 1",1,53,Gerd Mueller,,Alemania Occidental,False,False
1792,1974,Yugoslavia,Zaire,"1ra Ronda, Grupo 2",2,8,Dusan Bajevic,,Yugoslavia,False,False
1793,1974,Yugoslavia,Zaire,"1ra Ronda, Grupo 2",2,14,Dragan Dzajic,,Yugoslavia,False,False
1794,1974,Yugoslavia,Zaire,"1ra Ronda, Grupo 2",2,18,Ivica Surjak,,Yugoslavia,False,False
1795,1974,Yugoslavia,Zaire,"1ra Ronda, Grupo 2",2,22,Josip Katalinski,,Yugoslavia,False,False
1796,1974,Yugoslavia,Zaire,"1ra Ronda, Grupo 2",2,30,Dusan Bajevic,,Yugoslavia,False,False
1797,1974,Yugoslavia,Zaire,"1ra Ronda, Grupo 2",2,35,Vladislav Bogicevic,,Yugoslavia,False,False
1798,1974,Yugoslavia,Zaire,"1ra Ronda, Grupo 2",2,61,Branko Oblak,,Yugoslavia,False,False
1799,1974,Yugoslavia,Zaire,"1ra Ronda, Grupo 2",2,65,Ilija Petkovic,,Yugoslavia,False,False
1800,1974,Yugoslavia,Zaire,"1ra Ronda, Grupo 2",2,81,Dusan Bajevic,,Yugoslavia,False,False
1801,1974,Chile,Alemania Oriental,"1ra Ronda, Grupo 1",1,55,Martin Hoffmann,,Alemania Oriental,False,False
1802,1974,Chile,Alemania Oriental,"1ra Ronda, Grupo 1",1,69,Sergio Ahumada,,Chile,False,False
1803,1974,Argentina,Italia,"1ra Ronda, Grupo 4",4,19,Rene Houseman,,Argentina,False,False
1804,1974,Argentina,Italia,"1ra Ronda, Grupo 4",4,35,Roberto Perfumo (en contra),,Italia,False,False
1805,1974,Haití,Polonia,"1ra Ronda, Grupo 4",4,17,Grzegorz Lato,,Polonia,False,False
1806,1974,Haití,Polonia,"1ra Ronda, Grupo 4",4,18,Kazimierz Deyna,,Polonia,False,False
1807,1974,Haití,Polonia,"1ra Ronda, Grupo 4",4,30,Andrzej Szarmach,,Polonia,False,False
1808,1974,Haití,Polonia,"1ra Ronda, Grupo 4",4,31,Jerzy Gorgon,,Polonia,False,False
1809,1974,Haití,Polonia,"1ra Ronda, Grupo 4",4,34,Andrzej Szarmach,,Polonia,False,False
1810,1974,Haití,Polonia,"1ra Ronda, Grupo 4",4,50,Andrzej Szarmach,,Polonia,False,False
1811,1974,Haití,Polonia,"1ra Ronda, Grupo 4",4,87,Grzegorz Lato,,Polonia,False,False
1812,1974,Bulgaria,Uruguay,"1ra Ronda, Grupo 3",3,75,Hristo Bonev,,Bulgaria,False,False
1813,1974,Bulgaria,Uruguay,"1ra Ronda, Grupo 3",3,87,Ricardo Pavoni,,Uruguay,False,False
1814,1974,Zaire,Brasil,"1ra Ronda, Grupo 2",2,12,Jairzinho,,Brasil,False,False
1815,1974,Zaire,Brasil,"1ra Ronda, Grupo 2",2,66,Rivelino,,Brasil,False,False
1816,1974,Zaire,Brasil,"1ra Ronda, Grupo 2",2,79,Valdomiro,,Brasil,False,False
1817,1974,Alemania Oriental,Alemania Occidental,"1ra Ronda, Grupo 1",1,77,Juergen Sparwasser,,Alemania Oriental,False,False
1818,1974,Escocia,Yugoslavia,"1ra Ronda, Grupo 2",2,81,Stanislav Karasi,,Yugoslavia,False,False
1819,1974,Escocia,Yugoslavia,"1ra Ronda, Grupo 2",2,88,Joe Jordan,,Escocia,False,False
1820,1974,Polonia,Italia,"1ra Ronda, Grupo 4",4,38,Andrzej Szarmach,,Polonia,False,False
1821,1974,Polonia,Italia,"1ra Ronda, Grupo 4",4,44,Kazimierz Deyna,,Polonia,False,False
1822,1974,Polonia,Italia,"1ra Ronda, Grupo 4",4,85,Fabio Capello,,Italia,False,False
1823,1974,Argentina,Haití,"1ra Ronda, Grupo 4",4,15,Hector Yazalde,,Argentina,False,False
1824,1974,Argentina,Haití,"1ra Ronda, Grupo 4",4,18,Rene Houseman,,Argentina,False,False
1825,1974,Argentina,Haití,"1ra Ronda, Grupo 4",4,55,Ruben Ayala,,Argentina,False,False
1826,1974,Argentina,Haití,"1ra Ronda, Grupo 4",4,63,Emmanuel Sanon,,Haití,False,False
1827,1974,Argentina,Haití,"1ra Ronda, Grupo 4",4,68,Hector Yazalde,,Argentina,False,False
1828,1974,Bulgaria,Paises Bajos,"1ra Ronda, Grupo 3",3,5,Johan Neeskens (de penal),,Paises Bajos,True,False
1829,1974,Bulgaria,Paises Bajos,"1ra Ronda, Grupo 3",3,45,Johan Neeskens (de penal),,Paises Bajos,True,False
1830,1974,Bulgaria,Paises Bajos,"1ra Ronda, Grupo 3",3,71,Johnny Rep,,Paises Bajos,False,False
1831,1974,Bulgaria,Paises Bajos,"1ra Ronda, Grupo 3",3,78,Ruud Krol (en contra),,Bulgaria,False,False
1832,1974,Bulgaria,Paises Bajos,"1ra Ronda, Grupo 3",3,88,Theo De Jong,,Paises Bajos,False,False
1833,1974,Suecia,Uruguay,"1ra Ronda, Grupo 3",3,46,Ralf Edstrom,,Suecia,False,False
1834,1974,Suecia,Uruguay,"1ra Ronda, Grupo 3",3,74,Roland Sandberg,,Suecia,False,False
1835,1974,Suecia,Uruguay,"1ra Ronda, Grupo 3",3,77,Ralf Edstrom,,Suecia,False,False
1836,1974,Suecia,Polonia,"2da Ronda, Grupo B",B,43,Grzegorz Lato,,Polonia,False,False
1837,1974,Yugoslavia,Alemania Occidental,"2da Ronda, Grupo B",B,39,Paul Breitner,,Alemania Occidental,False,False
1838,1974,Yugoslavia,Alemania Occidental,"2da Ronda, Grupo B",B,82,Gerd Mueller,,Alemania Occidental,False,False
1839,1974,Paises Bajos,Argentina,"2da Ronda, Grupo A",A,10,Johan Cruyff,,Paises Bajos,False,False
1840,1974,Paises Bajos,Argentina,"2da Ronda, Grupo A",A,25,Ruud Krol,,Paises Bajos,False,False
1841,1974,Paises Bajos,Argentina,"2da Ronda, Grupo A",A,73,Johnny Rep,,Paises Bajos,False,False
1842,1974,Paises Bajos,Argentina,"2da Ronda, Grupo A",A,90,Johan Cruyff,,Paises Bajos,False,False
1843,1974,Brasil,Alemania Oriental,"2da Ronda, Grupo A",A,60,Rivelino,,Brasil,False,False
1844,1974,Alemania Oriental,Paises Bajos,"2da Ronda, Grupo A",A,7,Johan Neeskens,,Paises Bajos,False,False
1845,1974,Alemania Oriental,Paises Bajos,"2da Ronda, Grupo A",A,59,Rob Rensenbrink,,Paises Bajos,False,False
1846,1974,Argentina,Brasil,"2da Ronda, Grupo A",A,32,Rivelino,,Brasil,False,False
1847,1974,Argentina,Brasil,"2da Ronda, Grupo A",A,35,Miguel Brindisi,,Argentina,False,False
1848,1974,Argentina,Brasil,"2da Ronda, Grupo A",A,49,Jairzinho,,Brasil,False,False
1849,1974,Polonia,Yugoslavia,"2da Ronda, Grupo B",B,24,Kazimierz Deyna (de penal),,Polonia,True,False
1850,1974,Polonia,Yugoslavia,"2da Ronda, Grupo B",B,43,Stanislav Karasi,,Yugoslavia,False,False
1851,1974,Polonia,Yugoslavia,"2da Ronda, Grupo B",B,62,Grzegorz Lato,,Polonia,False,False
1852,1974,Alemania Occidental,Suecia,"2da Ronda, Grupo B",B,24,Ralf Edstrom,,Suecia,False,False
1853,1974,Alemania Occidental,Suecia,"2da Ronda, Grupo B",B,51,Wolfgang Overath,,Alemania Occidental,False,False
1854,1974,Alemania Occidental,Suecia,"2da Ronda, Grupo B",B,52,Rainer Bonhof,,Alemania Occidental,False,False
1855,1974,Alemania Occidental,Suecia,"2da Ronda, Grupo B",B,53,Roland Sandberg,,Suecia,False,False
1856,1974,Alemania Occidental,Suecia,"2da Ronda, Grupo B",B,76,Juergen Grabowski,,Alemania Occidental,False,False
1857,1974,Alemania Occidental,Suecia,"2da Ronda, Grupo B",B,89,Uli Hoeness (de penal),,Alemania Occidental,True,False
1858,1974,Suecia,Yugoslavia,"2da Ronda, Grupo B",B,27,Ivica Surjak,,Yugoslavia,False,False
1859,1974,Suecia,Yugoslavia,"2da Ronda, Grupo B",B,29,Ralf Edstrom,,Suecia,False,False
1860,1974,Suecia,Yugoslavia,"2da Ronda, Grupo B",B,85,Conny Torstensson,,Suecia,False,False
1861,1974,Argentina,Alemania Oriental,"2da Ronda, Grupo A",A,14,Joachim Streich,,Alemania Oriental,False,False
1862,1974,Argentina,Alemania Oriental,"2da Ronda, Grupo A",A,20,Rene Houseman,,Argentina,False,False
1863,1974,Polonia,Alemania Occidental,"2da Ronda, Grupo B",B,76,Gerd Mueller,,Alemania Occidental,False,False
1864,1974,Paises Bajos,Brasil,"2da Ronda, Grupo A",A,50,Johan Neeskens,,Paises Bajos,False,False
1865,1974,Paises Bajos,Brasil,"2da Ronda, Grupo A",A,65,Johan Cruyff,,Paises Bajos,False,False
1866,1974,Brasil,Polonia,3er Puesto,,76,Grzegorz Lato,,Polonia,False,False
1867,1974,Paises Bajos,Alemania Occidental,Final,,2,Johan Neeskens (de penal),,Paises Bajos,True,False
1868,1974,Paises Bajos,Alemania Occidental,Final,,25,Paul Breitner (de penal),,Alemania Occidental,True,False
1869,1974,Paises Bajos,Alemania Occidental,Final,,43,Gerd Mueller,,Alemania Occidental,False,False
1870,1970,Inglaterra,Rumania,"1ra Ronda, Grupo 3",3,65,Geoff Hurst,,Inglaterra,False,False
1871,1970,Uruguay,Israel,"1ra Ronda, Grupo 2",2,23,Ildo Maneiro,,Uruguay,False,False
1872,1970,Uruguay,Israel,"1ra Ronda, Grupo 2",2,50,Juan Mujica,,Uruguay,False,False
1873,1970,Perú,Bulgaria,"1ra Ronda, Grupo 4",4,13,Dinko Dermendzhiev,,Bulgaria,False,False
1874,1970,Perú,Bulgaria,"1ra Ronda, Grupo 4",4,49,Hristo Bonev,,Bulgaria,False,False
1875,1970,Perú,Bulgaria,"1ra Ronda, Grupo 4",4,50,Alberto Gallardo,,Perú,False,False
1876,1970,Perú,Bulgaria,"1ra Ronda, Grupo 4",4,55,Hector Chumpitaz,,Perú,False,False
1877,1970,Perú,Bulgaria,"1ra Ronda, Grupo 4",4,73,Teofilo Cubillas,,Perú,False,False
1878,1970,Italia,Suecia,"1ra Ronda, Grupo 2",2,10,Angelo Domenghini,,Italia,False,False
1879,1970,Alemania Occidental,Marruecos,"1ra Ronda, Grupo 4",4,21,Houmane Jarir,,Marruecos,False,False
1880,1970,Alemania Occidental,Marruecos,"1ra Ronda, Grupo 4",4,56,Uwe Seeler,,Alemania Occidental,False,False
1881,1970,Alemania Occidental,Marruecos,"1ra Ronda, Grupo 4",4,80,Gerd Mueller,,Alemania Occidental,False,False
1882,1970,Bélgica,El Salvador,"1ra Ronda, Grupo 1",1,12,Wilfried Van Moer,,Bélgica,False,False
1883,1970,Bélgica,El Salvador,"1ra Ronda, Grupo 1",1,54,Wilfried Van Moer,,Bélgica,False,False
1884,1970,Bélgica,El Salvador,"1ra Ronda, Grupo 1",1,79,Raoul Lambert (de penal),,Bélgica,True,False
1885,1970,Brasil,Checoslovaquia,"1ra Ronda, Grupo 3",3,11,Ladislav Petras,,Checoslovaquia,False,False
1886,1970,Brasil,Checoslovaquia,"1ra Ronda, Grupo 3",3,24,Rivelino,,Brasil,False,False
1887,1970,Brasil,Checoslovaquia,"1ra Ronda, Grupo 3",3,59,Pelé,,Brasil,False,False
1888,1970,Brasil,Checoslovaquia,"1ra Ronda, Grupo 3",3,61,Jairzinho,,Brasil,False,False
1889,1970,Brasil,Checoslovaquia,"1ra Ronda, Grupo 3",3,83,Jairzinho,,Brasil,False,False
1890,1970,Perú,Marruecos,"1ra Ronda, Grupo 4",4,65,Teofilo Cubillas,,Perú,False,False
1891,1970,Perú,Marruecos,"1ra Ronda, Grupo 4",4,67,Roberto Challe,,Perú,False,False
1892,1970,Perú,Marruecos,"1ra Ronda, Grupo 4",4,75,Teofilo Cubillas,,Perú,False,False
1893,1970,Rumania,Checoslovaquia,"1ra Ronda, Grupo 3",3,5,Ladislav Petras,,Checoslovaquia,False,False
1894,1970,Rumania,Checoslovaquia,"1ra Ronda, Grupo 3",3,52,Alexandru Neagu,,Rumania,False,False
1895,1970,Rumania,Checoslovaquia,"1ra Ronda, Grupo 3",3,75,Florea Dumitrache (de penal),,Rumania,True,False
1896,1970,URSS,Bélgica,"1ra Ronda, Grupo 1",1,14,Anatoly Bishovets,,URSS,False,False
1897,1970,URSS,Bélgica,"1ra Ronda, Grupo 1",1,57,Kakhi Asatiani,,URSS,False,False
1898,1970,URSS,Bélgica,"1ra Ronda, Grupo 1",1,63,Anatoly Bishovets,,URSS,False,False
1899,1970,URSS,Bélgica,"1ra Ronda, Grupo 1",1,76,Vitali Khmelnitski,,URSS,False,False
1900,1970,URSS,Bélgica,"1ra Ronda, Grupo 1",1,86,Raoul Lambert,,Bélgica,False,False
1901,1970,Suecia,Israel,"1ra Ronda, Grupo 2",2,53,Tom Turesson,,Suecia,False,False
1902,1970,Suecia,Israel,"1ra Ronda, Grupo 2",2,56,Mordechai Spiegler,,Israel,False,False
1903,1970,México,El Salvador,"1ra Ronda, Grupo 1",1,45,Javier Valdivia,,México,False,False
1904,1970,México,El Salvador,"1ra Ronda, Grupo 1",1,46,Javier Valdivia,,México,False,False
1905,1970,México,El Salvador,"1ra Ronda, Grupo 1",1,58,Javier Fragoso,,México,False,False
1906,1970,México,El Salvador,"1ra Ronda, Grupo 1",1,83,Juan Ignacio Basaguren,,México,False,False
1907,1970,Alemania Occidental,Bulgaria,"1ra Ronda, Grupo 4",4,12,Asparukh Nikodimov,,Bulgaria,False,False
1908,1970,Alemania Occidental,Bulgaria,"1ra Ronda, Grupo 4",4,20,Stan Libuda,,Alemania Occidental,False,False
1909,1970,Alemania Occidental,Bulgaria,"1ra Ronda, Grupo 4",4,27,Gerd Mueller,,Alemania Occidental,False,False
1910,1970,Alemania Occidental,Bulgaria,"1ra Ronda, Grupo 4",4,52,Gerd Mueller (de penal),,Alemania Occidental,True,False
1911,1970,Alemania Occidental,Bulgaria,"1ra Ronda, Grupo 4",4,70,Uwe Seeler,,Alemania Occidental,False,False
1912,1970,Alemania Occidental,Bulgaria,"1ra Ronda, Grupo 4",4,88,Gerd Mueller,,Alemania Occidental,False,False
1913,1970,Alemania Occidental,Bulgaria,"1ra Ronda, Grupo 4",4,89,Todor Kolev,,Bulgaria,False,False
1914,1970,Brasil,Inglaterra,"1ra Ronda, Grupo 3",3,59,Jairzinho,,Brasil,False,False
1915,1970,URSS,El Salvador,"1ra Ronda, Grupo 1",1,51,Anatoly Bishovets,,URSS,False,False
1916,1970,URSS,El Salvador,"1ra Ronda, Grupo 1",1,74,Anatoly Bishovets,,URSS,False,False
1917,1970,Suecia,Uruguay,"1ra Ronda, Grupo 2",2,90,Ove Grahn,,Suecia,False,False
1918,1970,Alemania Occidental,Perú,"1ra Ronda, Grupo 4",4,19,Gerd Mueller,,Alemania Occidental,False,False
1919,1970,Alemania Occidental,Perú,"1ra Ronda, Grupo 4",4,26,Gerd Mueller,,Alemania Occidental,False,False
1920,1970,Alemania Occidental,Perú,"1ra Ronda, Grupo 4",4,39,Gerd Mueller,,Alemania Occidental,False,False
1921,1970,Alemania Occidental,Perú,"1ra Ronda, Grupo 4",4,44,Teofilo Cubillas,,Perú,False,False
1922,1970,Brasil,Rumania,"1ra Ronda, Grupo 3",3,19,Pelé,,Brasil,False,False
1923,1970,Brasil,Rumania,"1ra Ronda, Grupo 3",3,22,Jairzinho,,Brasil,False,False
1924,1970,Brasil,Rumania,"1ra Ronda, Grupo 3",3,34,Florea Dumitrache,,Rumania,False,False
1925,1970,Brasil,Rumania,"1ra Ronda, Grupo 3",3,67,Pelé,,Brasil,False,False
1926,1970,Brasil,Rumania,"1ra Ronda, Grupo 3",3,84,Emerich Dembrovschi,,Rumania,False,False
1927,1970,Bulgaria,Marruecos,"1ra Ronda, Grupo 4",4,40,Dobromir Zhechev,,Bulgaria,False,False
1928,1970,Bulgaria,Marruecos,"1ra Ronda, Grupo 4",4,61,Mahjoub Ghazouani,,Marruecos,False,False
1929,1970,Inglaterra,Checoslovaquia,"1ra Ronda, Grupo 3",3,50,Allan Clarke (de penal),,Inglaterra,True,False
1930,1970,México,Bélgica,"1ra Ronda, Grupo 1",1,14,Gustavo Pena (de penal),,México,True,False
1931,1970,Alemania Occidental,Inglaterra,Cuartos,,31,Alan Mullery,,Inglaterra,False,False
1932,1970,Alemania Occidental,Inglaterra,Cuartos,,49,Martin Peters,,Inglaterra,False,False
1933,1970,Alemania Occidental,Inglaterra,Cuartos,,68,Franz Beckenbauer,,Alemania Occidental,False,False
1934,1970,Alemania Occidental,Inglaterra,Cuartos,,76,Uwe Seeler,,Alemania Occidental,False,False
1935,1970,Alemania Occidental,Inglaterra,Cuartos,,108,Gerd Mueller,,Alemania Occidental,False,False
1936,1970,Italia,México,Cuartos,,13,Jose Gonzalez,,México,False,False
1937,1970,Italia,México,Cuartos,,25,Gustavo Pena (en contra),,Italia,False,False
1938,1970,Italia,México,Cuartos,,63,Gigi Riva,,Italia,False,False
1939,1970,Italia,México,Cuartos,,70,Gianni Rivera,,Italia,False,False
1940,1970,Italia,México,Cuartos,,76,Gigi Riva,,Italia,False,False
1941,1970,Uruguay,URSS,Cuartos,,116,Victor Esparrago,,Uruguay,False,False
1942,1970,Brasil,Perú,Cuartos,,11,Rivelino,,Brasil,False,False
1943,1970,Brasil,Perú,Cuartos,,15,Tostao,,Brasil,False,False
1944,1970,Brasil,Perú,Cuartos,,28,Alberto Gallardo,,Perú,False,False
1945,1970,Brasil,Perú,Cuartos,,52,Tostao,,Brasil,False,False
1946,1970,Brasil,Perú,Cuartos,,70,Teofilo Cubillas,,Perú,False,False
1947,1970,Brasil,Perú,Cuartos,,75,Jairzinho,,Brasil,False,False
1948,1970,Uruguay,Brasil,Semis,,19,Luis Cubilla,,Uruguay,False,False
1949,1970,Uruguay,Brasil,Semis,,44,Clodoaldo,,Brasil,False,False
1950,1970,Uruguay,Brasil,Semis,,76,Jairzinho,,Brasil,False,False
1951,1970,Uruguay,Brasil,Semis,,89,Rivelino,,Brasil,False,False
1952,1970,Italia,Alemania Occidental,Semis,,8,Roberto Boninsegna,,Italia,False,False
1953,1970,Italia,Alemania Occidental,Semis,,90,Karl-Heinz Schnellinger,,Alemania Occidental,False,False
1954,1970,Italia,Alemania Occidental,Semis,,94,Gerd Mueller,,Alemania Occidental,False,False
1955,1970,Italia,Alemania Occidental,Semis,,98,Tarcisio Burgnich,,Italia,False,False
1956,1970,Italia,Alemania Occidental,Semis,,104,Gigi Riva,,Italia,False,False
1957,1970,Italia,Alemania Occidental,Semis,,110,Gerd Mueller,,Alemania Occidental,False,False
1958,1970,Italia,Alemania Occidental,Semis,,111,Gianni Rivera,,Italia,False,False
1959,1970,Uruguay,Alemania Occidental,3er Puesto,,26,Wolfgang Overath,,Alemania Occidental,False,False
1960,1970,Brasil,Italia,Final,,18,Pelé,,Brasil,False,False
1961,1970,Brasil,Italia,Final,,37,Roberto Boninsegna,,Italia,False,False
1962,1970,Brasil,Italia,Final,,66,Gerson,,Brasil,False,False
1963,1970,Brasil,Italia,Final,,71,Jairzinho,,Brasil,False,False
1964,1970,Brasil,Italia,Final,,86,Carlos Alberto,,Brasil,False,False
1965,1966,Alemania Occidental,Suiza,"1ra Ronda, Grupo 2",2,15,Sigi Held,,Alemania Occidental,False,False
1966,1966,Alemania Occidental,Suiza,"1ra Ronda, Grupo 2",2,20,Helmut Haller,,Alemania Occidental,False,False
1967,1966,Alemania Occidental,Suiza,"1ra Ronda, Grupo 2",2,39,Franz Beckenbauer,,Alemania Occidental,False,False
1968,1966,Alemania Occidental,Suiza,"1ra Ronda, Grupo 2",2,52,Franz Beckenbauer,,Alemania Occidental,False,False
1969,1966,Alemania Occidental,Suiza,"1ra Ronda, Grupo 2",2,77,Helmut Haller (de penal),,Alemania Occidental,True,False
1970,1966,URSS,Corea del Norte,"1ra Ronda, Grupo 4",4,31,Eduard Malofeyev,,URSS,False,False
1971,1966,URSS,Corea del Norte,"1ra Ronda, Grupo 4",4,33,Anatoli Banishevski,,URSS,False,False
1972,1966,URSS,Corea del Norte,"1ra Ronda, Grupo 4",4,88,Eduard Malofeyev,,URSS,False,False
1973,1966,Brasil,Bulgaria,"1ra Ronda, Grupo 3",3,15,Pelé,,Brasil,False,False
1974,1966,Brasil,Bulgaria,"1ra Ronda, Grupo 3",3,63,Garrincha,,Brasil,False,False
1975,1966,Francia,México,"1ra Ronda, Grupo 1",1,48,Enrique Borja,,México,False,False
1976,1966,Francia,México,"1ra Ronda, Grupo 1",1,62,Gerard Hausser,,Francia,False,False
1977,1966,Italia,Chile,"1ra Ronda, Grupo 4",4,8,Sandro Mazzola,,Italia,False,False
1978,1966,Italia,Chile,"1ra Ronda, Grupo 4",4,88,Paolo Barison,,Italia,False,False
1979,1966,Portugal,Hungría,"1ra Ronda, Grupo 3",3,2,Jose Augusto,,Portugal,False,False
1980,1966,Portugal,Hungría,"1ra Ronda, Grupo 3",3,60,Ferenc Bene,,Hungría,False,False
1981,1966,Portugal,Hungría,"1ra Ronda, Grupo 3",3,67,Jose Augusto,,Portugal,False,False
1982,1966,Portugal,Hungría,"1ra Ronda, Grupo 3",3,90,Jose Torres,,Portugal,False,False
1983,1966,Argentina,España,"1ra Ronda, Grupo 2",2,65,Luis Artime,,Argentina,False,False
1984,1966,Argentina,España,"1ra Ronda, Grupo 2",2,71,Pirri,,España,False,False
1985,1966,Argentina,España,"1ra Ronda, Grupo 2",2,79,Luis Artime,,Argentina,False,False
1986,1966,Uruguay,Francia,"1ra Ronda, Grupo 1",1,15,Hector De Bourgoing (de penal),,Francia,True,False
1987,1966,Uruguay,Francia,"1ra Ronda, Grupo 1",1,26,Pedro Rocha,,Uruguay,False,False
1988,1966,Uruguay,Francia,"1ra Ronda, Grupo 1",1,31,Julio Cortes,,Uruguay,False,False
1989,1966,Hungría,Brasil,"1ra Ronda, Grupo 3",3,2,Ferenc Bene,,Hungría,False,False
1990,1966,Hungría,Brasil,"1ra Ronda, Grupo 3",3,14,Tostao,,Brasil,False,False
1991,1966,Hungría,Brasil,"1ra Ronda, Grupo 3",3,64,Janos Farkas,,Hungría,False,False
1992,1966,Hungría,Brasil,"1ra Ronda, Grupo 3",3,73,Kalman Meszoly (de penal),,Hungría,True,False
1993,1966,España,Suiza,"1ra Ronda, Grupo 2",2,28,Rene Quentin,,Suiza,False,False
1994,1966,España,Suiza,"1ra Ronda, Grupo 2",2,57,Manuel Sanchis,,España,False,False
1995,1966,España,Suiza,"1ra Ronda, Grupo 2",2,75,Amancio,,España,False,False
1996,1966,Corea del Norte,Chile,"1ra Ronda, Grupo 4",4,26,Ruben Marcos (de penal),,Chile,True,False
1997,1966,Corea del Norte,Chile,"1ra Ronda, Grupo 4",4,88,Seung Zin Pak,,Corea del Norte,False,False
1998,1966,Portugal,Bulgaria,"1ra Ronda, Grupo 3",3,17,Ivan Vutsov (en contra),,Portugal,False,False
1999,1966,Portugal,Bulgaria,"1ra Ronda, Grupo 3",3,38,Eusebio,,Portugal,False,False
2000,1966,Portugal,Bulgaria,"1ra Ronda, Grupo 3",3,81,Jose Torres,,Portugal,False,False
2001,1966,URSS,Italia,"1ra Ronda, Grupo 4",4,57,Igor Chislenko,,URSS,False,False
2002,1966,Inglaterra,México,"1ra Ronda, Grupo 1",1,37,Bobby Charlton,,Inglaterra,False,False
2003,1966,Inglaterra,México,"1ra Ronda, Grupo 1",1,75,Roger Hunt,,Inglaterra,False,False
2004,1966,Portugal,Brasil,"1ra Ronda, Grupo 3",3,15,Simoes,,Portugal,False,False
2005,1966,Portugal,Brasil,"1ra Ronda, Grupo 3",3,27,Eusebio,,Portugal,False,False
2006,1966,Portugal,Brasil,"1ra Ronda, Grupo 3",3,73,Rildo,,Brasil,False,False
2007,1966,Portugal,Brasil,"1ra Ronda, Grupo 3",3,85,Eusebio,,Portugal,False,False
2008,1966,Argentina,Suiza,"1ra Ronda, Grupo 2",2,53,Luis Artime,,Argentina,False,False
2009,1966,Argentina,Suiza,"1ra Ronda, Grupo 2",2,81,Ermindo Onega,,Argentina,False,False
2010,1966,Corea del Norte,Italia,"1ra Ronda, Grupo 4",4,42,Doo Ik Pak,,Corea del Norte,False,False
2011,1966,Inglaterra,Francia,"1ra Ronda, Grupo 1",1,38,Roger Hunt,,Inglaterra,False,False
2012,1966,Inglaterra,Francia,"1ra Ronda, Grupo 1",1,75,Roger Hunt,,Inglaterra,False,False
2013,1966,Alemania Occidental,España,"1ra Ronda, Grupo 2",2,22,Jose Maria Fuste,,España,False,False
2014,1966,Alemania Occidental,España,"1ra Ronda, Grupo 2",2,38,Lothar Emmerich,,Alemania Occidental,False,False
2015,1966,Alemania Occidental,España,"1ra Ronda, Grupo 2",2,84,Uwe Seeler,,Alemania Occidental,False,False
2016,1966,URSS,Chile,"1ra Ronda, Grupo 4",4,28,Valeriy Porkuyan,,URSS,False,False
2017,1966,URSS,Chile,"1ra Ronda, Grupo 4",4,32,Ruben Marcos,,Chile,False,False
2018,1966,URSS,Chile,"1ra Ronda, Grupo 4",4,85,Valeriy Porkuyan,,URSS,False,False
2019,1966,Hungría,Bulgaria,"1ra Ronda, Grupo 3",3,15,Georgi Asparukhov,,Bulgaria,False,False
2020,1966,Hungría,Bulgaria,"1ra Ronda, Grupo 3",3,43,Ivan Davidov (en contra),,Hungría,False,False
2021,1966,Hungría,Bulgaria,"1ra Ronda, Grupo 3",3,45,Kalman Meszoly,,Hungría,False,False
2022,1966,Hungría,Bulgaria,"1ra Ronda, Grupo 3",3,54,Ferenc Bene,,Hungría,False,False
2023,1966,Portugal,Corea del Norte,Cuartos,,1,Seung Zin Pak,,Corea del Norte,False,False
2024,1966,Portugal,Corea del Norte,Cuartos,,22,Dong Woon Li,,Corea del Norte,False,False
2025,1966,Portugal,Corea del Norte,Cuartos,,25,Seung Kook Yang,,Corea del Norte,False,False
2026,1966,Portugal,Corea del Norte,Cuartos,,27,Eusebio,,Portugal,False,False
2027,1966,Portugal,Corea del Norte,Cuartos,,43,Eusebio (de penal),,Portugal,True,False
2028,1966,Portugal,Corea del Norte,Cuartos,,56,Eusebio,,Portugal,False,False
2029,1966,Portugal,Corea del Norte,Cuartos,,59,Eusebio (de penal),,Portugal,True,False
2030,1966,Portugal,Corea del Norte,Cuartos,,80,Jose Augusto,,Portugal,False,False
2031,1966,Inglaterra,Argentina,Cuartos,,78,Geoff Hurst,,Inglaterra,False,False
2032,1966,Alemania Occidental,Uruguay,Cuartos,,11,Helmut Haller,,Alemania Occidental,False,False
2033,1966,Alemania Occidental,Uruguay,Cuartos,,70,Franz Beckenbauer,,Alemania Occidental,False,False
2034,1966,Alemania Occidental,Uruguay,Cuartos,,75,Uwe Seeler,,Alemania Occidental,False,False
2035,1966,Alemania Occidental,Uruguay,Cuartos,,83,Helmut Haller,,Alemania Occidental,False,False
2036,1966,URSS,Hungría,Cuartos,,5,Igor Chislenko,,URSS,False,False
2037,1966,URSS,Hungría,Cuartos,,46,Valeriy Porkuyan,,URSS,False,False
2038,1966,URSS,Hungría,Cuartos,,57,Ferenc Bene,,Hungría,False,False
2039,1966,Alemania Occidental,URSS,Semis,,43,Helmut Haller,,Alemania Occidental,False,False
2040,1966,Alemania Occidental,URSS,Semis,,67,Franz Beckenbauer,,Alemania Occidental,False,False
2041,1966,Alemania Occidental,URSS,Semis,,88,Valeriy Porkuyan,,URSS,False,False
2042,1966,Inglaterra,Portugal,Semis,,30,Bobby Charlton,,Inglaterra,False,False
2043,1966,Inglaterra,Portugal,Semis,,80,Bobby Charlton,,Inglaterra,False,False
2044,1966,Inglaterra,Portugal,Semis,,82,Eusebio (de penal),,Portugal,True,False
2045,1966,Portugal,URSS,3er Puesto,,12,Eusebio (de penal),,Portugal,True,False
2046,1966,Portugal,URSS,3er Puesto,,43,Eduard Malofeyev,,URSS,False,False
2047,1966,Portugal,URSS,3er Puesto,,89,Jose Torres,,Portugal,False,False
2048,1966,Inglaterra,Alemania Occidental,Final,,12,Helmut Haller,,Alemania Occidental,False,False
2049,1966,Inglaterra,Alemania Occidental,Final,,18,Geoff Hurst,,Inglaterra,False,False
2050,1966,Inglaterra,Alemania Occidental,Final,,78,Martin Peters,,Inglaterra,False,False
2051,1966,Inglaterra,Alemania Occidental,Final,,89,Wolfgang Weber,,Alemania Occidental,False,False
2052,1966,Inglaterra,Alemania Occidental,Final,,101,Geoff Hurst,,Inglaterra,False,False
2053,1966,Inglaterra,Alemania Occidental,Final,,120,Geoff Hurst,,Inglaterra,False,False
2054,1962,Uruguay,Colombia,"1ra Ronda, Grupo 1",1,19,Francisco Zuluaga (de penal),,Colombia,True,False
2055,1962,Uruguay,Colombia,"1ra Ronda, Grupo 1",1,56,Luis Cubilla,,Uruguay,False,False
2056,1962,Uruguay,Colombia,"1ra Ronda, Grupo 1",1,75,Jose Sasia,,Uruguay,False,False
2057,1962,Brasil,México,"1ra Ronda, Grupo 3",3,56,Zagallo,,Brasil,False,False
2058,1962,Brasil,México,"1ra Ronda, Grupo 3",3,73,Pelé,,Brasil,False,False
2059,1962,Chile,Suiza,"1ra Ronda, Grupo 2",2,6,Rolf Wuethrich,,Suiza,False,False
2060,1962,Chile,Suiza,"1ra Ronda, Grupo 2",2,44,Leonel Sanchez,,Chile,False,False
2061,1962,Chile,Suiza,"1ra Ronda, Grupo 2",2,51,Jaime Ramirez,,Chile,False,False
2062,1962,Chile,Suiza,"1ra Ronda, Grupo 2",2,55,Leonel Sanchez,,Chile,False,False
2063,1962,Argentina,Bulgaria,"1ra Ronda, Grupo 4",4,4,Hector Facundo,,Argentina,False,False
2064,1962,Checoslovaquia,España,"1ra Ronda, Grupo 3",3,80,Josef Stibranyi,,Checoslovaquia,False,False
2065,1962,URSS,Yugoslavia,"1ra Ronda, Grupo 1",1,51,Valentin Ivanov,,URSS,False,False
2066,1962,URSS,Yugoslavia,"1ra Ronda, Grupo 1",1,83,Viktor Ponedelnik,,URSS,False,False
2067,1962,Hungría,Inglaterra,"1ra Ronda, Grupo 4",4,17,Lajos Tichy,,Hungría,False,False
2068,1962,Hungría,Inglaterra,"1ra Ronda, Grupo 4",4,60,Ron Flowers (de penal),,Inglaterra,True,False
2069,1962,Hungría,Inglaterra,"1ra Ronda, Grupo 4",4,71,Florian Albert,,Hungría,False,False
2070,1962,Chile,Italia,"1ra Ronda, Grupo 2",2,73,Jaime Ramirez,,Chile,False,False
2071,1962,Chile,Italia,"1ra Ronda, Grupo 2",2,87,Jorge Toro,,Chile,False,False
2072,1962,Yugoslavia,Uruguay,"1ra Ronda, Grupo 1",1,19,Angel Cabrera,,Uruguay,False,False
2073,1962,Yugoslavia,Uruguay,"1ra Ronda, Grupo 1",1,25,Josip Skoblar (de penal),,Yugoslavia,True,False
2074,1962,Yugoslavia,Uruguay,"1ra Ronda, Grupo 1",1,29,Milan Galic,,Yugoslavia,False,False
2075,1962,Yugoslavia,Uruguay,"1ra Ronda, Grupo 1",1,49,Drazen Jerkovic,,Yugoslavia,False,False
2076,1962,Inglaterra,Argentina,"1ra Ronda, Grupo 4",4,17,Ron Flowers (de penal),,Inglaterra,True,False
2077,1962,Inglaterra,Argentina,"1ra Ronda, Grupo 4",4,42,Bobby Charlton,,Inglaterra,False,False
2078,1962,Inglaterra,Argentina,"1ra Ronda, Grupo 4",4,67,Jimmy Greaves,,Inglaterra,False,False
2079,1962,Inglaterra,Argentina,"1ra Ronda, Grupo 4",4,81,Jose Sanfilippo,,Argentina,False,False
2080,1962,Hungría,Bulgaria,"1ra Ronda, Grupo 4",4,1,Florian Albert,,Hungría,False,False
2081,1962,Hungría,Bulgaria,"1ra Ronda, Grupo 4",4,6,Florian Albert,,Hungría,False,False
2082,1962,Hungría,Bulgaria,"1ra Ronda, Grupo 4",4,8,Lajos Tichy,,Hungría,False,False
2083,1962,Hungría,Bulgaria,"1ra Ronda, Grupo 4",4,12,Erno Solymosi,,Hungría,False,False
2084,1962,Hungría,Bulgaria,"1ra Ronda, Grupo 4",4,53,Florian Albert,,Hungría,False,False
2085,1962,Hungría,Bulgaria,"1ra Ronda, Grupo 4",4,64,Georgi Sokolov,,Bulgaria,False,False
2086,1962,Hungría,Bulgaria,"1ra Ronda, Grupo 4",4,70,Lajos Tichy,,Hungría,False,False
2087,1962,URSS,Colombia,"1ra Ronda, Grupo 1",1,8,Valentin Ivanov,,URSS,False,False
2088,1962,URSS,Colombia,"1ra Ronda, Grupo 1",1,10,Igor Chislenko,,URSS,False,False
2089,1962,URSS,Colombia,"1ra Ronda, Grupo 1",1,11,Valentin Ivanov,,URSS,False,False
2090,1962,URSS,Colombia,"1ra Ronda, Grupo 1",1,21,German Aceros,,Colombia,False,False
2091,1962,URSS,Colombia,"1ra Ronda, Grupo 1",1,56,Viktor Ponedelnik,,URSS,False,False
2092,1962,URSS,Colombia,"1ra Ronda, Grupo 1",1,68,Marcos Coll,,Colombia,False,False
2093,1962,URSS,Colombia,"1ra Ronda, Grupo 1",1,72,Antonio Rada,,Colombia,False,False
2094,1962,URSS,Colombia,"1ra Ronda, Grupo 1",1,76,Marino Klinger,,Colombia,False,False
2095,1962,España,México,"1ra Ronda, Grupo 3",3,90,Joaquin Peiro,,España,False,False
2096,1962,Alemania Occidental,Suiza,"1ra Ronda, Grupo 2",2,45,Albert Bruells,,Alemania Occidental,False,False
2097,1962,Alemania Occidental,Suiza,"1ra Ronda, Grupo 2",2,59,Uwe Seeler,,Alemania Occidental,False,False
2098,1962,Alemania Occidental,Suiza,"1ra Ronda, Grupo 2",2,73,Heinz Schneiter,,Suiza,False,False
2099,1962,Alemania Occidental,Chile,"1ra Ronda, Grupo 2",2,21,Horst Szymaniak (de penal),,Alemania Occidental,True,False
2100,1962,Alemania Occidental,Chile,"1ra Ronda, Grupo 2",2,82,Uwe Seeler,,Alemania Occidental,False,False
2101,1962,URSS,Uruguay,"1ra Ronda, Grupo 1",1,38,Aleksei Mamykin,,URSS,False,False
2102,1962,URSS,Uruguay,"1ra Ronda, Grupo 1",1,54,Jose Sasia,,Uruguay,False,False
2103,1962,URSS,Uruguay,"1ra Ronda, Grupo 1",1,89,Valentin Ivanov,,URSS,False,False
2104,1962,Brasil,España,"1ra Ronda, Grupo 3",3,35,Adelardo,,España,False,False
2105,1962,Brasil,España,"1ra Ronda, Grupo 3",3,72,Amarildo,,Brasil,False,False
2106,1962,Brasil,España,"1ra Ronda, Grupo 3",3,86,Amarildo,,Brasil,False,False
2107,1962,Yugoslavia,Colombia,"1ra Ronda, Grupo 1",1,20,Milan Galic,,Yugoslavia,False,False
2108,1962,Yugoslavia,Colombia,"1ra Ronda, Grupo 1",1,25,Drazen Jerkovic,,Yugoslavia,False,False
2109,1962,Yugoslavia,Colombia,"1ra Ronda, Grupo 1",1,61,Milan Galic,,Yugoslavia,False,False
2110,1962,Yugoslavia,Colombia,"1ra Ronda, Grupo 1",1,82,Vojislav Melic,,Yugoslavia,False,False
2111,1962,Yugoslavia,Colombia,"1ra Ronda, Grupo 1",1,87,Drazen Jerkovic,,Yugoslavia,False,False
2112,1962,México,Checoslovaquia,"1ra Ronda, Grupo 3",3,1,Vaclav Masek,,Checoslovaquia,False,False
2113,1962,México,Checoslovaquia,"1ra Ronda, Grupo 3",3,12,Isidoro Diaz,,México,False,False
2114,1962,México,Checoslovaquia,"1ra Ronda, Grupo 3",3,29,Alfredo Del Aguila,,México,False,False
2115,1962,México,Checoslovaquia,"1ra Ronda, Grupo 3",3,90,Hector Hernandez (de penal),,México,True,False
2116,1962,Italia,Suiza,"1ra Ronda, Grupo 2",2,2,Bruno Mora,,Italia,False,False
2117,1962,Italia,Suiza,"1ra Ronda, Grupo 2",2,65,Giacomo Bulgarelli,,Italia,False,False
2118,1962,Italia,Suiza,"1ra Ronda, Grupo 2",2,67,Giacomo Bulgarelli,,Italia,False,False
2119,1962,Brasil,Inglaterra,Cuartos,,31,Garrincha,,Brasil,False,False
2120,1962,Brasil,Inglaterra,Cuartos,,38,Gerry Hitchens,,Inglaterra,False,False
2121,1962,Brasil,Inglaterra,Cuartos,,53,Vava,,Brasil,False,False
2122,1962,Brasil,Inglaterra,Cuartos,,59,Garrincha,,Brasil,False,False
2123,1962,Checoslovaquia,Hungría,Cuartos,,13,Adolf Scherer,,Checoslovaquia,False,False
2124,1962,Yugoslavia,Alemania Occidental,Cuartos,,85,Petar Radakovic,,Yugoslavia,False,False
2125,1962,Chile,URSS,Cuartos,,11,Leonel Sanchez,,Chile,False,False
2126,1962,Chile,URSS,Cuartos,,26,Igor Chislenko,,URSS,False,False
2127,1962,Chile,URSS,Cuartos,,29,Eladio Rojas,,Chile,False,False
2128,1962,Yugoslavia,Checoslovaquia,Semis,,48,Josef Kadraba,,Checoslovaquia,False,False
2129,1962,Yugoslavia,Checoslovaquia,Semis,,69,Drazen Jerkovic,,Yugoslavia,False,False
2130,1962,Yugoslavia,Checoslovaquia,Semis,,80,Adolf Scherer,,Checoslovaquia,False,False
2131,1962,Yugoslavia,Checoslovaquia,Semis,,84,Adolf Scherer (de penal),,Checoslovaquia,True,False
2132,1962,Chile,Brasil,Semis,,9,Garrincha,,Brasil,False,False
2133,1962,Chile,Brasil,Semis,,32,Garrincha,,Brasil,False,False
2134,1962,Chile,Brasil,Semis,,42,Jorge Toro,,Chile,False,False
2135,1962,Chile,Brasil,Semis,,47,Vava,,Brasil,False,False
2136,1962,Chile,Brasil,Semis,,61,Leonel Sanchez (de penal),,Chile,True,False
2137,1962,Chile,Brasil,Semis,,78,Vava,,Brasil,False,False
2138,1962,Chile,Yugoslavia,3er Puesto,,90,Eladio Rojas,,Chile,False,False
2139,1962,Brasil,Checoslovaquia,Final,,15,Josef Masopust,,Checoslovaquia,False,False
2140,1962,Brasil,Checoslovaquia,Final,,17,Amarildo,,Brasil,False,False
2141,1962,Brasil,Checoslovaquia,Final,,69,Zito,,Brasil,False,False
2142,1962,Brasil,Checoslovaquia,Final,,78,Vava,,Brasil,False,False
2143,1958,Hungría,Gales,"1ra Ronda, Grupo 3",3,5,Jozsef Bozsik,,Hungría,False,False
2144,1958,Hungría,Gales,"1ra Ronda, Grupo 3",3,27,John Charles,,Gales,False,False
2145,1958,Irlanda del Norte,Checoslovaquia,"1ra Ronda, Grupo 1",1,20,Wilbur Cush,,Irlanda del Norte,False,False
2146,1958,Brasil,Austria,"1ra Ronda, Grupo 4",4,38,Jose Altafini,,Brasil,False,False
2147,1958,Brasil,Austria,"1ra Ronda, Grupo 4",4,49,Nilton Santos,,Brasil,False,False
2148,1958,Brasil,Austria,"1ra Ronda, Grupo 4",4,89,Jose Altafini,,Brasil,False,False
2149,1958,Francia,Paraguay,"1ra Ronda, Grupo 2",2,20,Florencio Amarilla,,Paraguay,False,False
2150,1958,Francia,Paraguay,"1ra Ronda, Grupo 2",2,24,Just Fontaine,,Francia,False,False
2151,1958,Francia,Paraguay,"1ra Ronda, Grupo 2",2,30,Just Fontaine,,Francia,False,False
2152,1958,Francia,Paraguay,"1ra Ronda, Grupo 2",2,44,Florencio Amarilla (de penal),,Paraguay,True,False
2153,1958,Francia,Paraguay,"1ra Ronda, Grupo 2",2,50,Jorge Romero,,Paraguay,False,False
2154,1958,Francia,Paraguay,"1ra Ronda, Grupo 2",2,52,Roger Piantoni,,Francia,False,False
2155,1958,Francia,Paraguay,"1ra Ronda, Grupo 2",2,61,Maryan Wisnieski,,Francia,False,False
2156,1958,Francia,Paraguay,"1ra Ronda, Grupo 2",2,67,Just Fontaine,,Francia,False,False
2157,1958,Francia,Paraguay,"1ra Ronda, Grupo 2",2,70,Raymond Kopa,,Francia,False,False
2158,1958,Francia,Paraguay,"1ra Ronda, Grupo 2",2,83,Jean Vincent,,Francia,False,False
2159,1958,Argentina,Alemania Occidental,"1ra Ronda, Grupo 1",1,2,Omar Oreste Corbatta,,Argentina,False,False
2160,1958,Argentina,Alemania Occidental,"1ra Ronda, Grupo 1",1,32,Helmut Rahn,,Alemania Occidental,False,False
2161,1958,Argentina,Alemania Occidental,"1ra Ronda, Grupo 1",1,40,Uwe Seeler,,Alemania Occidental,False,False
2162,1958,Argentina,Alemania Occidental,"1ra Ronda, Grupo 1",1,79,Helmut Rahn,,Alemania Occidental,False,False
2163,1958,URSS,Inglaterra,"1ra Ronda, Grupo 4",4,13,Nikita Simonyan,,URSS,False,False
2164,1958,URSS,Inglaterra,"1ra Ronda, Grupo 4",4,55,Aleksandr Ivanov,,URSS,False,False
2165,1958,URSS,Inglaterra,"1ra Ronda, Grupo 4",4,66,Derek Kevan,,Inglaterra,False,False
2166,1958,URSS,Inglaterra,"1ra Ronda, Grupo 4",4,85,Tom Finney (de penal),,Inglaterra,True,False
2167,1958,Yugoslavia,Escocia,"1ra Ronda, Grupo 2",2,6,Aleksandar Petakovic,,Yugoslavia,False,False
2168,1958,Yugoslavia,Escocia,"1ra Ronda, Grupo 2",2,49,Jimmy Murray,,Escocia,False,False
2169,1958,Suecia,México,"1ra Ronda, Grupo 3",3,17,Agne Simonsson,,Suecia,False,False
2170,1958,Suecia,México,"1ra Ronda, Grupo 3",3,57,Nils Liedholm (de penal),,Suecia,True,False
2171,1958,Suecia,México,"1ra Ronda, Grupo 3",3,64,Agne Simonsson,,Suecia,False,False
2172,1958,Yugoslavia,Francia,"1ra Ronda, Grupo 2",2,4,Just Fontaine,,Francia,False,False
2173,1958,Yugoslavia,Francia,"1ra Ronda, Grupo 2",2,16,Aleksandar Petakovic,,Yugoslavia,False,False
2174,1958,Yugoslavia,Francia,"1ra Ronda, Grupo 2",2,63,Toza Veselinovic,,Yugoslavia,False,False
2175,1958,Yugoslavia,Francia,"1ra Ronda, Grupo 2",2,85,Just Fontaine,,Francia,False,False
2176,1958,Yugoslavia,Francia,"1ra Ronda, Grupo 2",2,88,Toza Veselinovic,,Yugoslavia,False,False
2177,1958,Paraguay,Escocia,"1ra Ronda, Grupo 2",2,4,Juan Aguero,,Paraguay,False,False
2178,1958,Paraguay,Escocia,"1ra Ronda, Grupo 2",2,24,Jackie Mudie,,Escocia,False,False
2179,1958,Paraguay,Escocia,"1ra Ronda, Grupo 2",2,45,Cayetano Re,,Paraguay,False,False
2180,1958,Paraguay,Escocia,"1ra Ronda, Grupo 2",2,73,Jose Parodi,,Paraguay,False,False
2181,1958,Paraguay,Escocia,"1ra Ronda, Grupo 2",2,76,Bobby Collins,,Escocia,False,False
2182,1958,México,Gales,"1ra Ronda, Grupo 3",3,32,Ivor Allchurch,,Gales,False,False
2183,1958,México,Gales,"1ra Ronda, Grupo 3",3,89,Jaime Belmonte,,México,False,False
2184,1958,Alemania Occidental,Checoslovaquia,"1ra Ronda, Grupo 1",1,24,Milan Dvorak (de penal),,Checoslovaquia,True,False
2185,1958,Alemania Occidental,Checoslovaquia,"1ra Ronda, Grupo 1",1,43,Zdenek Zikan,,Checoslovaquia,False,False
2186,1958,Alemania Occidental,Checoslovaquia,"1ra Ronda, Grupo 1",1,59,Hans Schaefer,,Alemania Occidental,False,False
2187,1958,Alemania Occidental,Checoslovaquia,"1ra Ronda, Grupo 1",1,70,Helmut Rahn,,Alemania Occidental,False,False
2188,1958,URSS,Austria,"1ra Ronda, Grupo 4",4,15,Anatoli Ilyin,,URSS,False,False
2189,1958,URSS,Austria,"1ra Ronda, Grupo 4",4,63,Valentin Ivanov,,URSS,False,False
2190,1958,Argentina,Irlanda del Norte,"1ra Ronda, Grupo 1",1,3,Peter Mcparland,,Irlanda del Norte,False,False
2191,1958,Argentina,Irlanda del Norte,"1ra Ronda, Grupo 1",1,38,Omar Oreste Corbatta (de penal),,Argentina,True,False
2192,1958,Argentina,Irlanda del Norte,"1ra Ronda, Grupo 1",1,55,Norberto Menendez,,Argentina,False,False
2193,1958,Argentina,Irlanda del Norte,"1ra Ronda, Grupo 1",1,59,Ludovico Avio,,Argentina,False,False
2194,1958,Suecia,Hungría,"1ra Ronda, Grupo 3",3,34,Kurt Hamrin,,Suecia,False,False
2195,1958,Suecia,Hungría,"1ra Ronda, Grupo 3",3,55,Kurt Hamrin,,Suecia,False,False
2196,1958,Suecia,Hungría,"1ra Ronda, Grupo 3",3,77,Lajos Tichy,,Hungría,False,False
2197,1958,Francia,Escocia,"1ra Ronda, Grupo 2",2,22,Raymond Kopa,,Francia,False,False
2198,1958,Francia,Escocia,"1ra Ronda, Grupo 2",2,44,Just Fontaine,,Francia,False,False
2199,1958,Francia,Escocia,"1ra Ronda, Grupo 2",2,66,Sammy Baird,,Escocia,False,False
2200,1958,Alemania Occidental,Irlanda del Norte,"1ra Ronda, Grupo 1",1,19,Peter Mcparland,,Irlanda del Norte,False,False
2201,1958,Alemania Occidental,Irlanda del Norte,"1ra Ronda, Grupo 1",1,20,Helmut Rahn,,Alemania Occidental,False,False
2202,1958,Alemania Occidental,Irlanda del Norte,"1ra Ronda, Grupo 1",1,60,Peter Mcparland,,Irlanda del Norte,False,False
2203,1958,Alemania Occidental,Irlanda del Norte,"1ra Ronda, Grupo 1",1,79,Uwe Seeler,,Alemania Occidental,False,False
2204,1958,Paraguay,Yugoslavia,"1ra Ronda, Grupo 2",2,12,Radivoje Ognjanovic,,Yugoslavia,False,False
2205,1958,Paraguay,Yugoslavia,"1ra Ronda, Grupo 2",2,20,Jose Parodi,,Paraguay,False,False
2206,1958,Paraguay,Yugoslavia,"1ra Ronda, Grupo 2",2,29,Toza Veselinovic,,Yugoslavia,False,False
2207,1958,Paraguay,Yugoslavia,"1ra Ronda, Grupo 2",2,49,Juan Aguero,,Paraguay,False,False
2208,1958,Paraguay,Yugoslavia,"1ra Ronda, Grupo 2",2,73,Zdravko Rajkov,,Yugoslavia,False,False
2209,1958,Paraguay,Yugoslavia,"1ra Ronda, Grupo 2",2,80,Jorge Romero,,Paraguay,False,False
2210,1958,Brasil,URSS,"1ra Ronda, Grupo 4",4,3,Vava,,Brasil,False,False
2211,1958,Brasil,URSS,"1ra Ronda, Grupo 4",4,77,Vava,,Brasil,False,False
2212,1958,Inglaterra,Austria,"1ra Ronda, Grupo 4",4,16,Karl Koller,,Austria,False,False
2213,1958,Inglaterra,Austria,"1ra Ronda, Grupo 4",4,56,John Haynes,,Inglaterra,False,False
2214,1958,Inglaterra,Austria,"1ra Ronda, Grupo 4",4,70,Alfred Koerner,,Austria,False,False
2215,1958,Inglaterra,Austria,"1ra Ronda, Grupo 4",4,73,Derek Kevan,,Inglaterra,False,False
2216,1958,Hungría,México,"1ra Ronda, Grupo 3",3,19,Lajos Tichy,,Hungría,False,False
2217,1958,Hungría,México,"1ra Ronda, Grupo 3",3,46,Lajos Tichy,,Hungría,False,False
2218,1958,Hungría,México,"1ra Ronda, Grupo 3",3,54,Karoly Sandor,,Hungría,False,False
2219,1958,Hungría,México,"1ra Ronda, Grupo 3",3,69,Jozsef Bencsis,,Hungría,False,False
2220,1958,Checoslovaquia,Argentina,"1ra Ronda, Grupo 1",1,8,Milan Dvorak,,Checoslovaquia,False,False
2221,1958,Checoslovaquia,Argentina,"1ra Ronda, Grupo 1",1,17,Zdenek Zikan,,Checoslovaquia,False,False
2222,1958,Checoslovaquia,Argentina,"1ra Ronda, Grupo 1",1,40,Vaclav Hovorka,,Checoslovaquia,False,False
2223,1958,Checoslovaquia,Argentina,"1ra Ronda, Grupo 1",1,65,Omar Oreste Corbatta (de penal),,Argentina,True,False
2224,1958,Checoslovaquia,Argentina,"1ra Ronda, Grupo 1",1,69,Jiri Feureisl,,Checoslovaquia,False,False
2225,1958,Checoslovaquia,Argentina,"1ra Ronda, Grupo 1",1,82,Zdenek Zikan,,Checoslovaquia,False,False
2226,1958,Checoslovaquia,Argentina,"1ra Ronda, Grupo 1",1,89,Vaclav Hovorka,,Checoslovaquia,False,False
2227,1958,Irlanda del Norte,Checoslovaquia,"1ra Ronda, Grupo 1",1,19,Zdenek Zikan,,Checoslovaquia,False,False
2228,1958,Irlanda del Norte,Checoslovaquia,"1ra Ronda, Grupo 1",1,44,Peter Mcparland,,Irlanda del Norte,False,False
2229,1958,Irlanda del Norte,Checoslovaquia,"1ra Ronda, Grupo 1",1,99,Peter Mcparland,,Irlanda del Norte,False,False
2230,1958,Gales,Hungría,"1ra Ronda, Grupo 3",3,33,Lajos Tichy,,Hungría,False,False
2231,1958,Gales,Hungría,"1ra Ronda, Grupo 3",3,35,Ivor Allchurch,,Gales,False,False
2232,1958,Gales,Hungría,"1ra Ronda, Grupo 3",3,76,Terry Medwin,,Gales,False,False
2233,1958,URSS,Inglaterra,"1ra Ronda, Grupo 4",4,68,Anatoli Ilyin,,URSS,False,False
2234,1958,Francia,Irlanda del Norte,Cuartos,,22,Maryan Wisnieski,,Francia,False,False
2235,1958,Francia,Irlanda del Norte,Cuartos,,55,Just Fontaine,,Francia,False,False
2236,1958,Francia,Irlanda del Norte,Cuartos,,63,Just Fontaine,,Francia,False,False
2237,1958,Francia,Irlanda del Norte,Cuartos,,68,Roger Piantoni,,Francia,False,False
2238,1958,Alemania Occidental,Yugoslavia,Cuartos,,12,Helmut Rahn,,Alemania Occidental,False,False
2239,1958,Brasil,Gales,Cuartos,,66,Pelé,,Brasil,False,False
2240,1958,Suecia,URSS,Cuartos,,49,Kurt Hamrin,,Suecia,False,False
2241,1958,Suecia,URSS,Cuartos,,88,Agne Simonsson,,Suecia,False,False
2242,1958,Alemania Occidental,Suecia,Semis,,24,Hans Schaefer,,Alemania Occidental,False,False
2243,1958,Alemania Occidental,Suecia,Semis,,32,Lennart Skoglund,,Suecia,False,False
2244,1958,Alemania Occidental,Suecia,Semis,,81,Gunnar Gren,,Suecia,False,False
2245,1958,Alemania Occidental,Suecia,Semis,,88,Kurt Hamrin,,Suecia,False,False
2246,1958,Francia,Brasil,Semis,,2,Vava,,Brasil,False,False
2247,1958,Francia,Brasil,Semis,,9,Just Fontaine,,Francia,False,False
2248,1958,Francia,Brasil,Semis,,39,Didi,,Brasil,False,False
2249,1958,Francia,Brasil,Semis,,52,Pelé,,Brasil,False,False
2250,1958,Francia,Brasil,Semis,,64,Pelé,,Brasil,False,False
2251,1958,Francia,Brasil,Semis,,75,Pelé,,Brasil,False,False
2252,1958,Francia,Brasil,Semis,,83,Roger Piantoni,,Francia,False,False
2253,1958,Alemania Occidental,Francia,3er Puesto,,16,Just Fontaine,,Francia,False,False
2254,1958,Alemania Occidental,Francia,3er Puesto,,18,Hans Ciesclarczyk,,Alemania Occidental,False,False
2255,1958,Alemania Occidental,Francia,3er Puesto,,27,Raymond Kopa (de penal),,Francia,True,False
2256,1958,Alemania Occidental,Francia,3er Puesto,,36,Just Fontaine,,Francia,False,False
2257,1958,Alemania Occidental,Francia,3er Puesto,,50,Yvon Douis,,Francia,False,False
2258,1958,Alemania Occidental,Francia,3er Puesto,,52,Helmut Rahn,,Alemania Occidental,False,False
2259,1958,Alemania Occidental,Francia,3er Puesto,,78,Just Fontaine,,Francia,False,False
2260,1958,Alemania Occidental,Francia,3er Puesto,,84,Hans Schaefer,,Alemania Occidental,False,False
2261,1958,Alemania Occidental,Francia,3er Puesto,,89,Just Fontaine,,Francia,False,False
2262,1958,Suecia,Brasil,Final,,4,Nils Liedholm,,Suecia,False,False
2263,1958,Suecia,Brasil,Final,,9,Vava,,Brasil,False,False
2264,1958,Suecia,Brasil,Final,,32,Vava,,Brasil,False,False
2265,1958,Suecia,Brasil,Final,,55,Pelé,,Brasil,False,False
2266,1958,Suecia,Brasil,Final,,68,Zagallo,,Brasil,False,False
2267,1958,Suecia,Brasil,Final,,80,Agne Simonsson,,Suecia,False,False
2268,1958,Suecia,Brasil,Final,,90,Pelé,,Brasil,False,False
2269,1954,Yugoslavia,Francia,"1ra Ronda, Grupo 1",1,15,Milos Milutinovic,,Yugoslavia,False,False
2270,1954,Austria,Escocia,"1ra Ronda, Grupo 3",3,33,Erich Probst,,Austria,False,False
2271,1954,Uruguay,Checoslovaquia,"1ra Ronda, Grupo 3",3,71,Oscar Miguez,,Uruguay,False,False
2272,1954,Uruguay,Checoslovaquia,"1ra Ronda, Grupo 3",3,84,Juan Schiaffino,,Uruguay,False,False
2273,1954,Brasil,México,"1ra Ronda, Grupo 1",1,23,Baltazar,,Brasil,False,False
2274,1954,Brasil,México,"1ra Ronda, Grupo 1",1,30,Didi,,Brasil,False,False
2275,1954,Brasil,México,"1ra Ronda, Grupo 1",1,34,Pinga,,Brasil,False,False
2276,1954,Brasil,México,"1ra Ronda, Grupo 1",1,43,Pinga,,Brasil,False,False
2277,1954,Brasil,México,"1ra Ronda, Grupo 1",1,69,Julinho,,Brasil,False,False
2278,1954,Hungría,Corea del Sur,"1ra Ronda, Grupo 2",2,12,Ferenc Puskas,,Hungría,False,False
2279,1954,Hungría,Corea del Sur,"1ra Ronda, Grupo 2",2,18,Mihaly Lantos,,Hungría,False,False
2280,1954,Hungría,Corea del Sur,"1ra Ronda, Grupo 2",2,24,Sandor Kocsis,,Hungría,False,False
2281,1954,Hungría,Corea del Sur,"1ra Ronda, Grupo 2",2,36,Sandor Kocsis,,Hungría,False,False
2282,1954,Hungría,Corea del Sur,"1ra Ronda, Grupo 2",2,50,Sandor Kocsis,,Hungría,False,False
2283,1954,Hungría,Corea del Sur,"1ra Ronda, Grupo 2",2,59,Zoltan Czibor,,Hungría,False,False
2284,1954,Hungría,Corea del Sur,"1ra Ronda, Grupo 2",2,75,Peter Palotas,,Hungría,False,False
2285,1954,Hungría,Corea del Sur,"1ra Ronda, Grupo 2",2,83,Peter Palotas,,Hungría,False,False
2286,1954,Hungría,Corea del Sur,"1ra Ronda, Grupo 2",2,89,Ferenc Puskas,,Hungría,False,False
2287,1954,Inglaterra,Bélgica,"1ra Ronda, Grupo 4",4,5,Leopold Anoul,,Bélgica,False,False
2288,1954,Inglaterra,Bélgica,"1ra Ronda, Grupo 4",4,26,Ivor Broadis,,Inglaterra,False,False
2289,1954,Inglaterra,Bélgica,"1ra Ronda, Grupo 4",4,36,Nat Lofthouse,,Inglaterra,False,False
2290,1954,Inglaterra,Bélgica,"1ra Ronda, Grupo 4",4,63,Ivor Broadis,,Inglaterra,False,False
2291,1954,Inglaterra,Bélgica,"1ra Ronda, Grupo 4",4,67,Rik Coppens,,Bélgica,False,False
2292,1954,Inglaterra,Bélgica,"1ra Ronda, Grupo 4",4,71,Leopold Anoul,,Bélgica,False,False
2293,1954,Inglaterra,Bélgica,"1ra Ronda, Grupo 4",4,91,Nat Lofthouse,,Inglaterra,False,False
2294,1954,Inglaterra,Bélgica,"1ra Ronda, Grupo 4",4,94,Jimmy Dickinson (en contra),,Bélgica,False,False
2295,1954,Alemania Occidental,Turquía,"1ra Ronda, Grupo 2",2,2,Mamat Suat,,Turquía,False,False
2296,1954,Alemania Occidental,Turquía,"1ra Ronda, Grupo 2",2,14,Hans Schaefer,,Alemania Occidental,False,False
2297,1954,Alemania Occidental,Turquía,"1ra Ronda, Grupo 2",2,52,Berni Klodt,,Alemania Occidental,False,False
2298,1954,Alemania Occidental,Turquía,"1ra Ronda, Grupo 2",2,60,Ottmar Walter,,Alemania Occidental,False,False
2299,1954,Alemania Occidental,Turquía,"1ra Ronda, Grupo 2",2,84,Max Morlock,,Alemania Occidental,False,False
2300,1954,Suiza,Italia,"1ra Ronda, Grupo 4",4,18,Robert Ballaman,,Suiza,False,False
2301,1954,Suiza,Italia,"1ra Ronda, Grupo 4",4,44,Giampiero Boniperti,,Italia,False,False
2302,1954,Suiza,Italia,"1ra Ronda, Grupo 4",4,78,Sepp Huegi,,Suiza,False,False
2303,1954,Francia,México,"1ra Ronda, Grupo 1",1,19,Jean Vincent,,Francia,False,False
2304,1954,Francia,México,"1ra Ronda, Grupo 1",1,46,Raul Cardenas (en contra),,Francia,False,False
2305,1954,Francia,México,"1ra Ronda, Grupo 1",1,54,Jose Lamadrid,,México,False,False
2306,1954,Francia,México,"1ra Ronda, Grupo 1",1,85,Tomas Balcazar,,México,False,False
2307,1954,Francia,México,"1ra Ronda, Grupo 1",1,88,Raymond Kopa (de penal),,Francia,True,False
2308,1954,Brasil,Yugoslavia,"1ra Ronda, Grupo 1",1,48,Branko Zebec,,Yugoslavia,False,False
2309,1954,Brasil,Yugoslavia,"1ra Ronda, Grupo 1",1,69,Didi,,Brasil,False,False
2310,1954,Austria,Checoslovaquia,"1ra Ronda, Grupo 3",3,3,Ernst Stojaspal,,Austria,False,False
2311,1954,Austria,Checoslovaquia,"1ra Ronda, Grupo 3",3,4,Erich Probst,,Austria,False,False
2312,1954,Austria,Checoslovaquia,"1ra Ronda, Grupo 3",3,21,Erich Probst,,Austria,False,False
2313,1954,Austria,Checoslovaquia,"1ra Ronda, Grupo 3",3,24,Erich Probst,,Austria,False,False
2314,1954,Austria,Checoslovaquia,"1ra Ronda, Grupo 3",3,65,Ernst Stojaspal,,Austria,False,False
2315,1954,Uruguay,Escocia,"1ra Ronda, Grupo 3",3,17,Carlos Borges,,Uruguay,False,False
2316,1954,Uruguay,Escocia,"1ra Ronda, Grupo 3",3,30,Oscar Miguez,,Uruguay,False,False
2317,1954,Uruguay,Escocia,"1ra Ronda, Grupo 3",3,47,Carlos Borges,,Uruguay,False,False
2318,1954,Uruguay,Escocia,"1ra Ronda, Grupo 3",3,54,Julio Abbadie,,Uruguay,False,False
2319,1954,Uruguay,Escocia,"1ra Ronda, Grupo 3",3,57,Carlos Borges,,Uruguay,False,False
2320,1954,Uruguay,Escocia,"1ra Ronda, Grupo 3",3,83,Oscar Miguez,,Uruguay,False,False
2321,1954,Uruguay,Escocia,"1ra Ronda, Grupo 3",3,85,Julio Abbadie,,Uruguay,False,False
2322,1954,Hungría,Alemania Occidental,"1ra Ronda, Grupo 2",2,3,Sandor Kocsis,,Hungría,False,False
2323,1954,Hungría,Alemania Occidental,"1ra Ronda, Grupo 2",2,17,Ferenc Puskas,,Hungría,False,False
2324,1954,Hungría,Alemania Occidental,"1ra Ronda, Grupo 2",2,21,Sandor Kocsis,,Hungría,False,False
2325,1954,Hungría,Alemania Occidental,"1ra Ronda, Grupo 2",2,25,Alfred Pfaff,,Alemania Occidental,False,False
2326,1954,Hungría,Alemania Occidental,"1ra Ronda, Grupo 2",2,52,Nandor Hidegkuti,,Hungría,False,False
2327,1954,Hungría,Alemania Occidental,"1ra Ronda, Grupo 2",2,54,Nandor Hidegkuti,,Hungría,False,False
2328,1954,Hungría,Alemania Occidental,"1ra Ronda, Grupo 2",2,69,Sandor Kocsis,,Hungría,False,False
2329,1954,Hungría,Alemania Occidental,"1ra Ronda, Grupo 2",2,75,Jozsef Toth,,Hungría,False,False
2330,1954,Hungría,Alemania Occidental,"1ra Ronda, Grupo 2",2,77,Helmut Rahn,,Alemania Occidental,False,False
2331,1954,Hungría,Alemania Occidental,"1ra Ronda, Grupo 2",2,78,Sandor Kocsis,,Hungría,False,False
2332,1954,Hungría,Alemania Occidental,"1ra Ronda, Grupo 2",2,84,Richard Herrmann,,Alemania Occidental,False,False
2333,1954,Turquía,Corea del Sur,"1ra Ronda, Grupo 2",2,10,Mamat Suat,,Turquía,False,False
2334,1954,Turquía,Corea del Sur,"1ra Ronda, Grupo 2",2,18,Lefter Kucukandonyadis,,Turquía,False,False
2335,1954,Turquía,Corea del Sur,"1ra Ronda, Grupo 2",2,30,Mamat Suat,,Turquía,False,False
2336,1954,Turquía,Corea del Sur,"1ra Ronda, Grupo 2",2,37,Sargun Burhan,,Turquía,False,False
2337,1954,Turquía,Corea del Sur,"1ra Ronda, Grupo 2",2,64,Sargun Burhan,,Turquía,False,False
2338,1954,Turquía,Corea del Sur,"1ra Ronda, Grupo 2",2,70,Sargun Burhan,,Turquía,False,False
2339,1954,Turquía,Corea del Sur,"1ra Ronda, Grupo 2",2,76,Erol Keskin,,Turquía,False,False
2340,1954,Inglaterra,Suiza,"1ra Ronda, Grupo 4",4,43,Jimmy Mullen,,Inglaterra,False,False
2341,1954,Inglaterra,Suiza,"1ra Ronda, Grupo 4",4,69,Dennis Wilshaw,,Inglaterra,False,False
2342,1954,Italia,Bélgica,"1ra Ronda, Grupo 4",4,41,Egisto Pandolfini (de penal),,Italia,True,False
2343,1954,Italia,Bélgica,"1ra Ronda, Grupo 4",4,48,Carlo Galli,,Italia,False,False
2344,1954,Italia,Bélgica,"1ra Ronda, Grupo 4",4,58,Amleto Frignani,,Italia,False,False
2345,1954,Italia,Bélgica,"1ra Ronda, Grupo 4",4,78,Benito Lorenzi,,Italia,False,False
2346,1954,Italia,Bélgica,"1ra Ronda, Grupo 4",4,81,Leopold Anoul,,Bélgica,False,False
2347,1954,Suiza,Italia,"1ra Ronda, Grupo 4",4,14,Sepp Huegi,,Suiza,False,False
2348,1954,Suiza,Italia,"1ra Ronda, Grupo 4",4,48,Robert Ballaman,,Suiza,False,False
2349,1954,Suiza,Italia,"1ra Ronda, Grupo 4",4,67,Fulvio Nesti,,Italia,False,False
2350,1954,Suiza,Italia,"1ra Ronda, Grupo 4",4,85,Sepp Huegi,,Suiza,False,False
2351,1954,Suiza,Italia,"1ra Ronda, Grupo 4",4,90,Jackie Fatton,,Suiza,False,False
2352,1954,Alemania Occidental,Turquía,"1ra Ronda, Grupo 2",2,7,Ottmar Walter,,Alemania Occidental,False,False
2353,1954,Alemania Occidental,Turquía,"1ra Ronda, Grupo 2",2,12,Hans Schaefer,,Alemania Occidental,False,False
2354,1954,Alemania Occidental,Turquía,"1ra Ronda, Grupo 2",2,21,Mustafa Erton,,Turquía,False,False
2355,1954,Alemania Occidental,Turquía,"1ra Ronda, Grupo 2",2,30,Max Morlock,,Alemania Occidental,False,False
2356,1954,Alemania Occidental,Turquía,"1ra Ronda, Grupo 2",2,60,Max Morlock,,Alemania Occidental,False,False
2357,1954,Alemania Occidental,Turquía,"1ra Ronda, Grupo 2",2,62,Fritz Walter,,Alemania Occidental,False,False
2358,1954,Alemania Occidental,Turquía,"1ra Ronda, Grupo 2",2,77,Max Morlock,,Alemania Occidental,False,False
2359,1954,Alemania Occidental,Turquía,"1ra Ronda, Grupo 2",2,79,Hans Schaefer,,Alemania Occidental,False,False
2360,1954,Alemania Occidental,Turquía,"1ra Ronda, Grupo 2",2,82,Lefter Kucukandonyadis,,Turquía,False,False
2361,1954,Uruguay,Inglaterra,Cuartos,,5,Carlos Borges,,Uruguay,False,False
2362,1954,Uruguay,Inglaterra,Cuartos,,16,Nat Lofthouse,,Inglaterra,False,False
2363,1954,Uruguay,Inglaterra,Cuartos,,39,Obdulio Varela,,Uruguay,False,False
2364,1954,Uruguay,Inglaterra,Cuartos,,46,Juan Schiaffino,,Uruguay,False,False
2365,1954,Uruguay,Inglaterra,Cuartos,,67,Tom Finney,,Inglaterra,False,False
2366,1954,Uruguay,Inglaterra,Cuartos,,78,Javier Ambrois,,Uruguay,False,False
2367,1954,Austria,Suiza,Cuartos,,16,Robert Ballaman,,Suiza,False,False
2368,1954,Austria,Suiza,Cuartos,,17,Sepp Huegi,,Suiza,False,False
2369,1954,Austria,Suiza,Cuartos,,19,Sepp Huegi,,Suiza,False,False
2370,1954,Austria,Suiza,Cuartos,,25,Theodor Wagner,,Austria,False,False
2371,1954,Austria,Suiza,Cuartos,,26,Robert Koerner,,Austria,False,False
2372,1954,Austria,Suiza,Cuartos,,27,Theodor Wagner,,Austria,False,False
2373,1954,Austria,Suiza,Cuartos,,32,Ernst Ocwirk,,Austria,False,False
2374,1954,Austria,Suiza,Cuartos,,34,Robert Koerner,,Austria,False,False
2375,1954,Austria,Suiza,Cuartos,,39,Robert Ballaman,,Suiza,False,False
2376,1954,Austria,Suiza,Cuartos,,53,Theodor Wagner,,Austria,False,False
2377,1954,Austria,Suiza,Cuartos,,58,Sepp Huegi,,Suiza,False,False
2378,1954,Austria,Suiza,Cuartos,,76,Erich Probst,,Austria,False,False
2379,1954,Hungría,Brasil,Cuartos,,4,Nandor Hidegkuti,,Hungría,False,False
2380,1954,Hungría,Brasil,Cuartos,,7,Sandor Kocsis,,Hungría,False,False
2381,1954,Hungría,Brasil,Cuartos,,18,Djalma Santos (de penal),,Brasil,True,False
2382,1954,Hungría,Brasil,Cuartos,,60,Mihaly Lantos (de penal),,Hungría,True,False
2383,1954,Hungría,Brasil,Cuartos,,65,Julinho,,Brasil,False,False
2384,1954,Hungría,Brasil,Cuartos,,88,Sandor Kocsis,,Hungría,False,False
2385,1954,Alemania Occidental,Yugoslavia,Cuartos,,9,Ivan Horvat (en contra),,Alemania Occidental,False,False
2386,1954,Alemania Occidental,Yugoslavia,Cuartos,,85,Helmut Rahn,,Alemania Occidental,False,False
2387,1954,Hungría,Uruguay,Semis,,13,Zoltan Czibor,,Hungría,False,False
2388,1954,Hungría,Uruguay,Semis,,46,Nandor Hidegkuti,,Hungría,False,False
2389,1954,Hungría,Uruguay,Semis,,75,Juan Hohberg,,Uruguay,False,False
2390,1954,Hungría,Uruguay,Semis,,86,Juan Hohberg,,Uruguay,False,False
2391,1954,Hungría,Uruguay,Semis,,111,Sandor Kocsis,,Hungría,False,False
2392,1954,Hungría,Uruguay,Semis,,116,Sandor Kocsis,,Hungría,False,False
2393,1954,Alemania Occidental,Austria,Semis,,31,Hans Schaefer,,Alemania Occidental,False,False
2394,1954,Alemania Occidental,Austria,Semis,,47,Max Morlock,,Alemania Occidental,False,False
2395,1954,Alemania Occidental,Austria,Semis,,51,Erich Probst,,Austria,False,False
2396,1954,Alemania Occidental,Austria,Semis,,54,Fritz Walter (de penal),,Alemania Occidental,True,False
2397,1954,Alemania Occidental,Austria,Semis,,61,Ottmar Walter,,Alemania Occidental,False,False
2398,1954,Alemania Occidental,Austria,Semis,,64,Fritz Walter (de penal),,Alemania Occidental,True,False
2399,1954,Alemania Occidental,Austria,Semis,,89,Ottmar Walter,,Alemania Occidental,False,False
2400,1954,Uruguay,Austria,3er Puesto,,16,Ernst Stojaspal (de penal),,Austria,True,False
2401,1954,Uruguay,Austria,3er Puesto,,22,Juan Hohberg,,Uruguay,False,False
2402,1954,Uruguay,Austria,3er Puesto,,59,Luis Cruz (en contra),,Austria,False,False
2403,1954,Uruguay,Austria,3er Puesto,,89,Ernst Ocwirk,,Austria,False,False
2404,1954,Hungría,Alemania Occidental,Final,,6,Ferenc Puskas,,Hungría,False,False
2405,1954,Hungría,Alemania Occidental,Final,,8,Zoltan Czibor,,Hungría,False,False
2406,1954,Hungría,Alemania Occidental,Final,,10,Max Morlock,,Alemania Occidental,False,False
2407,1954,Hungría,Alemania Occidental,Final,,18,Helmut Rahn,,Alemania Occidental,False,False
2408,1954,Hungría,Alemania Occidental,Final,,84,Helmut Rahn,,Alemania Occidental,False,False
2409,1950,Brasil,México,"1ra Ronda, Grupo 1",1,30,Ademir,,Brasil,False,False
2410,1950,Brasil,México,"1ra Ronda, Grupo 1",1,65,Jair,,Brasil,False,False
2411,1950,Brasil,México,"1ra Ronda, Grupo 1",1,71,Baltazar,,Brasil,False,False
2412,1950,Brasil,México,"1ra Ronda, Grupo 1",1,79,Ademir,,Brasil,False,False
2413,1950,Suecia,Italia,"1ra Ronda, Grupo 3",3,7,Riccardo Carapellese,,Italia,False,False
2414,1950,Suecia,Italia,"1ra Ronda, Grupo 3",3,25,Hans Jeppsson,,Suecia,False,False
2415,1950,Suecia,Italia,"1ra Ronda, Grupo 3",3,34,Sune Andersson,,Suecia,False,False
2416,1950,Suecia,Italia,"1ra Ronda, Grupo 3",3,69,Hans Jeppsson,,Suecia,False,False
2417,1950,Suecia,Italia,"1ra Ronda, Grupo 3",3,79,Ermes Muccinelli,,Italia,False,False
2418,1950,Yugoslavia,Suiza,"1ra Ronda, Grupo 1",1,59,Rajko Mitic,,Yugoslavia,False,False
2419,1950,Yugoslavia,Suiza,"1ra Ronda, Grupo 1",1,70,Kosta Tomasevic,,Yugoslavia,False,False
2420,1950,Yugoslavia,Suiza,"1ra Ronda, Grupo 1",1,84,Tihomir Ognjanov,,Yugoslavia,False,False
2421,1950,Inglaterra,Chile,"1ra Ronda, Grupo 2",2,39,Stan Mortensen,,Inglaterra,False,False
2422,1950,Inglaterra,Chile,"1ra Ronda, Grupo 2",2,51,Wilf Mannion,,Inglaterra,False,False
2423,1950,España,Estados Unidos,"1ra Ronda, Grupo 2",2,17,Gino Pariani,,Estados Unidos,False,False
2424,1950,España,Estados Unidos,"1ra Ronda, Grupo 2",2,81,Silvestre Igoa,,España,False,False
2425,1950,España,Estados Unidos,"1ra Ronda, Grupo 2",2,83,Estanislao Basora,,España,False,False
2426,1950,España,Estados Unidos,"1ra Ronda, Grupo 2",2,89,Zarra,,España,False,False
2427,1950,Yugoslavia,México,"1ra Ronda, Grupo 1",1,20,Stjepan Bobek,,Yugoslavia,False,False
2428,1950,Yugoslavia,México,"1ra Ronda, Grupo 1",1,23,Zeljko Cajkovski,,Yugoslavia,False,False
2429,1950,Yugoslavia,México,"1ra Ronda, Grupo 1",1,51,Zeljko Cajkovski,,Yugoslavia,False,False
2430,1950,Yugoslavia,México,"1ra Ronda, Grupo 1",1,81,Kosta Tomasevic,,Yugoslavia,False,False
2431,1950,Yugoslavia,México,"1ra Ronda, Grupo 1",1,89,Hector Ortiz (de penal),,México,True,False
2432,1950,Brasil,Suiza,"1ra Ronda, Grupo 1",1,3,Alfredo Ii,,Brasil,False,False
2433,1950,Brasil,Suiza,"1ra Ronda, Grupo 1",1,17,Jackie Fatton,,Suiza,False,False
2434,1950,Brasil,Suiza,"1ra Ronda, Grupo 1",1,32,Baltazar,,Brasil,False,False
2435,1950,Brasil,Suiza,"1ra Ronda, Grupo 1",1,88,Jackie Fatton,,Suiza,False,False
2436,1950,Suecia,Paraguay,"1ra Ronda, Grupo 3",3,17,Stig Sundqvist,,Suecia,False,False
2437,1950,Suecia,Paraguay,"1ra Ronda, Grupo 3",3,26,Karl-Erik Palmer,,Suecia,False,False
2438,1950,Suecia,Paraguay,"1ra Ronda, Grupo 3",3,35,Cesar Lopez Fretes,,Paraguay,False,False
2439,1950,Suecia,Paraguay,"1ra Ronda, Grupo 3",3,74,Atilio Lopez,,Paraguay,False,False
2440,1950,Estados Unidos,Inglaterra,"1ra Ronda, Grupo 2",2,38,Joe Gaetjens,,Estados Unidos,False,False
2441,1950,España,Chile,"1ra Ronda, Grupo 2",2,17,Estanislao Basora,,España,False,False
2442,1950,España,Chile,"1ra Ronda, Grupo 2",2,30,Zarra,,España,False,False
2443,1950,Brasil,Yugoslavia,"1ra Ronda, Grupo 1",1,4,Ademir,,Brasil,False,False
2444,1950,Brasil,Yugoslavia,"1ra Ronda, Grupo 1",1,69,Zizinho,,Brasil,False,False
2445,1950,Uruguay,Bolivia,"1ra Ronda, Grupo 4",4,14,Oscar Miguez,,Uruguay,False,False
2446,1950,Uruguay,Bolivia,"1ra Ronda, Grupo 4",4,18,Ernesto Vidal,,Uruguay,False,False
2447,1950,Uruguay,Bolivia,"1ra Ronda, Grupo 4",4,23,Juan Schiaffino,,Uruguay,False,False
2448,1950,Uruguay,Bolivia,"1ra Ronda, Grupo 4",4,40,Oscar Miguez,,Uruguay,False,False
2449,1950,Uruguay,Bolivia,"1ra Ronda, Grupo 4",4,51,Oscar Miguez,,Uruguay,False,False
2450,1950,Uruguay,Bolivia,"1ra Ronda, Grupo 4",4,54,Juan Schiaffino,,Uruguay,False,False
2451,1950,Uruguay,Bolivia,"1ra Ronda, Grupo 4",4,83,Julio Perez,,Uruguay,False,False
2452,1950,Uruguay,Bolivia,"1ra Ronda, Grupo 4",4,87,Alcides Ghiggia,,Uruguay,False,False
2453,1950,Suiza,México,"1ra Ronda, Grupo 1",1,10,Rene Bader,,Suiza,False,False
2454,1950,Suiza,México,"1ra Ronda, Grupo 1",1,44,Kiki Antenen,,Suiza,False,False
2455,1950,Suiza,México,"1ra Ronda, Grupo 1",1,89,Horacio Casarin,,México,False,False
2456,1950,España,Inglaterra,"1ra Ronda, Grupo 2",2,48,Zarra,,España,False,False
2457,1950,Chile,Estados Unidos,"1ra Ronda, Grupo 2",2,16,Jorge Robledo,,Chile,False,False
2458,1950,Chile,Estados Unidos,"1ra Ronda, Grupo 2",2,32,Atilio Cremaschi,,Chile,False,False
2459,1950,Chile,Estados Unidos,"1ra Ronda, Grupo 2",2,47,Frank Wallace,,Estados Unidos,False,False
2460,1950,Chile,Estados Unidos,"1ra Ronda, Grupo 2",2,48,Joe Maca (de penal),,Estados Unidos,True,False
2461,1950,Chile,Estados Unidos,"1ra Ronda, Grupo 2",2,54,Andres Prieto,,Chile,False,False
2462,1950,Chile,Estados Unidos,"1ra Ronda, Grupo 2",2,60,Atilio Cremaschi,,Chile,False,False
2463,1950,Chile,Estados Unidos,"1ra Ronda, Grupo 2",2,82,Fernando Riera,,Chile,False,False
2464,1950,Italia,Paraguay,"1ra Ronda, Grupo 3",3,12,Riccardo Carapellese,,Italia,False,False
2465,1950,Italia,Paraguay,"1ra Ronda, Grupo 3",3,63,Egisto Pandolfini,,Italia,False,False
2466,1950,Brasil,Suecia,Ronda Final,,17,Ademir,,Brasil,False,False
2467,1950,Brasil,Suecia,Ronda Final,,36,Ademir,,Brasil,False,False
2468,1950,Brasil,Suecia,Ronda Final,,39,Chico,,Brasil,False,False
2469,1950,Brasil,Suecia,Ronda Final,,52,Ademir,,Brasil,False,False
2470,1950,Brasil,Suecia,Ronda Final,,58,Ademir,,Brasil,False,False
2471,1950,Brasil,Suecia,Ronda Final,,67,Sune Andersson (de penal),,Suecia,True,False
2472,1950,Brasil,Suecia,Ronda Final,,85,Maneca,,Brasil,False,False
2473,1950,Brasil,Suecia,Ronda Final,,88,Chico,,Brasil,False,False
2474,1950,Uruguay,España,Ronda Final,,29,Alcides Ghiggia,,Uruguay,False,False
2475,1950,Uruguay,España,Ronda Final,,37,Estanislao Basora,,España,False,False
2476,1950,Uruguay,España,Ronda Final,,39,Estanislao Basora,,España,False,False
2477,1950,Uruguay,España,Ronda Final,,73,Obdulio Varela,,Uruguay,False,False
2478,1950,Uruguay,Suecia,Ronda Final,,5,Karl-Erik Palmer,,Suecia,False,False
2479,1950,Uruguay,Suecia,Ronda Final,,39,Alcides Ghiggia,,Uruguay,False,False
2480,1950,Uruguay,Suecia,Ronda Final,,40,Stig Sundqvist,,Suecia,False,False
2481,1950,Uruguay,Suecia,Ronda Final,,77,Oscar Miguez,,Uruguay,False,False
2482,1950,Uruguay,Suecia,Ronda Final,,85,Oscar Miguez,,Uruguay,False,False
2483,1950,Brasil,España,Ronda Final,,15,Ademir,,Brasil,False,False
2484,1950,Brasil,España,Ronda Final,,21,Jair,,Brasil,False,False
2485,1950,Brasil,España,Ronda Final,,31,Chico,,Brasil,False,False
2486,1950,Brasil,España,Ronda Final,,55,Chico,,Brasil,False,False
2487,1950,Brasil,España,Ronda Final,,57,Ademir,,Brasil,False,False
2488,1950,Brasil,España,Ronda Final,,67,Zizinho,,Brasil,False,False
2489,1950,Brasil,España,Ronda Final,,71,Silvestre Igoa,,España,False,False
2490,1950,Suecia,España,Ronda Final,,15,Stig Sundqvist,,Suecia,False,False
2491,1950,Suecia,España,Ronda Final,,33,Bror Mellberg,,Suecia,False,False
2492,1950,Suecia,España,Ronda Final,,80,Karl-Erik Palmer,,Suecia,False,False
2493,1950,Suecia,España,Ronda Final,,82,Zarra,,España,False,False
2494,1950,Uruguay,Brasil,Ronda Final,,47,Friaca,,Brasil,False,False
2495,1950,Uruguay,Brasil,Ronda Final,,66,Juan Schiaffino,,Uruguay,False,False
2496,1950,Uruguay,Brasil,Ronda Final,,79,Alcides Ghiggia,,Uruguay,False,False
2497,1938,Suiza,Alemania,Octavos,,29,Josef Gauchel,,Alemania,False,False
2498,1938,Suiza,Alemania,Octavos,,43,Andre Abegglen,,Suiza,False,False
2499,1938,Francia,Bélgica,Octavos,,1,Emile Veinante,,Francia,False,False
2500,1938,Francia,Bélgica,Octavos,,16,Jean Nicolas,,Francia,False,False
2501,1938,Francia,Bélgica,Octavos,,38,Henri Isemborghs,,Bélgica,False,False
2502,1938,Francia,Bélgica,Octavos,,69,Jean Nicolas,,Francia,False,False
2503,1938,Italia,Noruega,Octavos,,2,Pietro Ferraris,,Italia,False,False
2504,1938,Italia,Noruega,Octavos,,83,Arne Brustad,,Noruega,False,False
2505,1938,Italia,Noruega,Octavos,,94,Silvio Piola,,Italia,False,False
2506,1938,Brasil,Polonia,Octavos,,18,Leonidas,,Brasil,False,False
2507,1938,Brasil,Polonia,Octavos,,23,Fryedryk Szerfke (de penal),,Polonia,True,False
2508,1938,Brasil,Polonia,Octavos,,25,Romeu,,Brasil,False,False
2509,1938,Brasil,Polonia,Octavos,,44,Peracio,,Brasil,False,False
2510,1938,Brasil,Polonia,Octavos,,53,Ernest Wilimowski,,Polonia,False,False
2511,1938,Brasil,Polonia,Octavos,,59,Ernest Wilimowski,,Polonia,False,False
2512,1938,Brasil,Polonia,Octavos,,71,Peracio,,Brasil,False,False
2513,1938,Brasil,Polonia,Octavos,,89,Ernest Wilimowski,,Polonia,False,False
2514,1938,Brasil,Polonia,Octavos,,93,Leonidas,,Brasil,False,False
2515,1938,Brasil,Polonia,Octavos,,104,Leonidas,,Brasil,False,False
2516,1938,Brasil,Polonia,Octavos,,118,Ernest Wilimowski,,Polonia,False,False
2517,1938,Hungría,Indias Orientales Holand.,Octavos,,13,Vilmos Kohut,,Hungría,False,False
2518,1938,Hungría,Indias Orientales Holand.,Octavos,,15,Geza Toldi,,Hungría,False,False
2519,1938,Hungría,Indias Orientales Holand.,Octavos,,28,Gyorgy Sarosi,,Hungría,False,False
2520,1938,Hungría,Indias Orientales Holand.,Octavos,,35,Gyula Zsengeller,,Hungría,False,False
2521,1938,Hungría,Indias Orientales Holand.,Octavos,,76,Gyula Zsengeller,,Hungría,False,False
2522,1938,Hungría,Indias Orientales Holand.,Octavos,,89,Gyorgy Sarosi,,Hungría,False,False
2523,1938,Checoslovaquia,Paises Bajos,Octavos,,93,Josef Kostalek,,Checoslovaquia,False,False
2524,1938,Checoslovaquia,Paises Bajos,Octavos,,111,Oldrich Nejedly,,Checoslovaquia,False,False
2525,1938,Checoslovaquia,Paises Bajos,Octavos,,118,Josef Zeman,,Checoslovaquia,False,False
2526,1938,Cuba,Rumania,Octavos,,35,Silviu Bindea,,Rumania,False,False
2527,1938,Cuba,Rumania,Octavos,,44,Hector Socorro,,Cuba,False,False
2528,1938,Cuba,Rumania,Octavos,,69,Jose Magrina,,Cuba,False,False
2529,1938,Cuba,Rumania,Octavos,,88,Iuliu Baratky,,Rumania,False,False
2530,1938,Cuba,Rumania,Octavos,,103,Hector Socorro,,Cuba,False,False
2531,1938,Cuba,Rumania,Octavos,,105,Stefan Dobay,,Rumania,False,False
2532,1938,Suiza,Alemania,Octavos,,8,Wilhelm Hahnemann,,Alemania,False,False
2533,1938,Suiza,Alemania,Octavos,,22,Ernst Loertscher (en contra),,Alemania,False,False
2534,1938,Suiza,Alemania,Octavos,,42,Eugen Walachek,,Suiza,False,False
2535,1938,Suiza,Alemania,Octavos,,64,Fredy Bickel,,Suiza,False,False
2536,1938,Suiza,Alemania,Octavos,,75,Andre Abegglen,,Suiza,False,False
2537,1938,Suiza,Alemania,Octavos,,78,Andre Abegglen,,Suiza,False,False
2538,1938,Cuba,Rumania,Octavos,,28,Stefan Dobay,,Rumania,False,False
2539,1938,Cuba,Rumania,Octavos,,51,Hector Socorro,,Cuba,False,False
2540,1938,Cuba,Rumania,Octavos,,53,Tomas Fernandez,,Cuba,False,False
2541,1938,Cuba,Suecia,Cuartos,,9,Tore Keller,,Suecia,False,False
2542,1938,Cuba,Suecia,Cuartos,,32,Gustav Wetterstrom,,Suecia,False,False
2543,1938,Cuba,Suecia,Cuartos,,37,Gustav Wetterstrom,,Suecia,False,False
2544,1938,Cuba,Suecia,Cuartos,,44,Gustav Wetterstrom,,Suecia,False,False
2545,1938,Cuba,Suecia,Cuartos,,80,Tore Keller,,Suecia,False,False
2546,1938,Cuba,Suecia,Cuartos,,81,Tore Keller,,Suecia,False,False
2547,1938,Cuba,Suecia,Cuartos,,84,Arne Nyberg,,Suecia,False,False
2548,1938,Cuba,Suecia,Cuartos,,90,Harry Andersson,,Suecia,False,False
2549,1938,Italia,Francia,Cuartos,,9,Gino Colaussi,,Italia,False,False
2550,1938,Italia,Francia,Cuartos,,10,Oscar Heisserer,,Francia,False,False
2551,1938,Italia,Francia,Cuartos,,51,Silvio Piola,,Italia,False,False
2552,1938,Italia,Francia,Cuartos,,72,Silvio Piola,,Italia,False,False
2553,1938,Hungría,Suiza,Cuartos,,40,Gyorgy Sarosi,,Hungría,False,False
2554,1938,Hungría,Suiza,Cuartos,,89,Gyula Zsengeller,,Hungría,False,False
2555,1938,Brasil,Checoslovaquia,Cuartos,,30,Leonidas,,Brasil,False,False
2556,1938,Brasil,Checoslovaquia,Cuartos,,65,Oldrich Nejedly (de penal),,Checoslovaquia,True,False
2557,1938,Brasil,Checoslovaquia,Cuartos,,25,Vlastimil Kopecky,,Checoslovaquia,False,False
2558,1938,Brasil,Checoslovaquia,Cuartos,,57,Leonidas,,Brasil,False,False
2559,1938,Brasil,Checoslovaquia,Cuartos,,63,Roberto,,Brasil,False,False
2560,1938,Hungría,Suecia,Semis,,1,Arne Nyberg,,Suecia,False,False
2561,1938,Hungría,Suecia,Semis,,19,Sven Jacobsson (en contra),,Hungría,False,False
2562,1938,Hungría,Suecia,Semis,,37,Ferenc Sas,,Hungría,False,False
2563,1938,Hungría,Suecia,Semis,,39,Gyula Zsengeller,,Hungría,False,False
2564,1938,Hungría,Suecia,Semis,,65,Gyorgy Sarosi,,Hungría,False,False
2565,1938,Hungría,Suecia,Semis,,85,Gyula Zsengeller,,Hungría,False,False
2566,1938,Brasil,Italia,Semis,,51,Gino Colaussi,,Italia,False,False
2567,1938,Brasil,Italia,Semis,,60,Giuseppe Meazza (de penal),,Italia,True,False
2568,1938,Brasil,Italia,Semis,,87,Romeu,,Brasil,False,False
2569,1938,Brasil,Suecia,3er Puesto,,28,Sven Jonasson,,Suecia,False,False
2570,1938,Brasil,Suecia,3er Puesto,,38,Arne Nyberg,,Suecia,False,False
2571,1938,Brasil,Suecia,3er Puesto,,44,Romeu,,Brasil,False,False
2572,1938,Brasil,Suecia,3er Puesto,,63,Leonidas,,Brasil,False,False
2573,1938,Brasil,Suecia,3er Puesto,,74,Leonidas,,Brasil,False,False
2574,1938,Brasil,Suecia,3er Puesto,,80,Peracio,,Brasil,False,False
2575,1938,Italia,Hungría,Final,,6,Gino Colaussi,,Italia,False,False
2576,1938,Italia,Hungría,Final,,8,Pal Titkos,,Hungría,False,False
2577,1938,Italia,Hungría,Final,,16,Silvio Piola,,Italia,False,False
2578,1938,Italia,Hungría,Final,,35,Gino Colaussi,,Italia,False,False
2579,1938,Italia,Hungría,Final,,70,Gyorgy Sarosi,,Hungría,False,False
2580,1938,Italia,Hungría,Final,,82,Silvio Piola,,Italia,False,False
2581,1934,Alemania,Bélgica,Octavos,,25,Stanislaus Kobierski,,Alemania,False,False
2582,1934,Alemania,Bélgica,Octavos,,29,Bernard Voorhoof,,Bélgica,False,False
2583,1934,Alemania,Bélgica,Octavos,,43,Bernard Voorhoof,,Bélgica,False,False
2584,1934,Alemania,Bélgica,Octavos,,49,Otto Siffling,,Alemania,False,False
2585,1934,Alemania,Bélgica,Octavos,,66,Edmund Conen,,Alemania,False,False
2586,1934,Alemania,Bélgica,Octavos,,70,Edmund Conen,,Alemania,False,False
2587,1934,Alemania,Bélgica,Octavos,,87,Edmund Conen,,Alemania,False,False
2588,1934,Suecia,Argentina,Octavos,,4,Ernesto Belis,,Argentina,False,False
2589,1934,Suecia,Argentina,Octavos,,9,Sven Jonasson,,Suecia,False,False
2590,1934,Suecia,Argentina,Octavos,,48,Alberto Galateo,,Argentina,False,False
2591,1934,Suecia,Argentina,Octavos,,67,Sven Jonasson,,Suecia,False,False
2592,1934,Suecia,Argentina,Octavos,,79,Knut Kroon,,Suecia,False,False
2593,1934,Italia,Estados Unidos,Octavos,,18,Angelo Schiavio,,Italia,False,False
2594,1934,Italia,Estados Unidos,Octavos,,20,Raimundo Orsi,,Italia,False,False
2595,1934,Italia,Estados Unidos,Octavos,,29,Angelo Schiavio,,Italia,False,False
2596,1934,Italia,Estados Unidos,Octavos,,57,Aldo Donelli,,Estados Unidos,False,False
2597,1934,Italia,Estados Unidos,Octavos,,63,Giovanni Ferrari,,Italia,False,False
2598,1934,Italia,Estados Unidos,Octavos,,64,Angelo Schiavio,,Italia,False,False
2599,1934,Italia,Estados Unidos,Octavos,,69,Raimundo Orsi,,Italia,False,False
2600,1934,Italia,Estados Unidos,Octavos,,90,Giuseppe Meazza,,Italia,False,False
2601,1934,Hungría,Egipto,Octavos,,11,Pal Teleki,,Hungría,False,False
2602,1934,Hungría,Egipto,Octavos,,27,Geza Toldi,,Hungría,False,False
2603,1934,Hungría,Egipto,Octavos,,31,Abdulrahman Fawzi,,Egipto,False,False
2604,1934,Hungría,Egipto,Octavos,,39,Abdulrahman Fawzi,,Egipto,False,False
2605,1934,Hungría,Egipto,Octavos,,53,Jeno Vincze,,Hungría,False,False
2606,1934,Hungría,Egipto,Octavos,,61,Geza Toldi,,Hungría,False,False
2607,1934,España,Brasil,Octavos,,18,Iraragorri (de penal),,España,True,False
2608,1934,España,Brasil,Octavos,,25,Iraragorri,,España,False,False
2609,1934,España,Brasil,Octavos,,29,Isidro Langara,,España,False,False
2610,1934,España,Brasil,Octavos,,55,Leonidas,,Brasil,False,False
2611,1934,Checoslovaquia,Rumania,Octavos,,11,Stefan Dobay,,Rumania,False,False
2612,1934,Checoslovaquia,Rumania,Octavos,,50,Antonin Puc,,Checoslovaquia,False,False
2613,1934,Checoslovaquia,Rumania,Octavos,,67,Oldrich Nejedly,,Checoslovaquia,False,False
2614,1934,Suiza,Paises Bajos,Octavos,,7,Leopold Kielholz,,Suiza,False,False
2615,1934,Suiza,Paises Bajos,Octavos,,19,Kick Smit,,Paises Bajos,False,False
2616,1934,Suiza,Paises Bajos,Octavos,,43,Leopold Kielholz,,Suiza,False,False
2617,1934,Suiza,Paises Bajos,Octavos,,69,Andre Abegglen,,Suiza,False,False
2618,1934,Suiza,Paises Bajos,Octavos,,84,Leen Vente,,Paises Bajos,False,False
2619,1934,Austria,Francia,Octavos,,18,Jean Nicolas,,Francia,False,False
2620,1934,Austria,Francia,Octavos,,44,Matthias Sindelar,,Austria,False,False
2621,1934,Austria,Francia,Octavos,,93,Toni Schall,,Austria,False,False
2622,1934,Austria,Francia,Octavos,,109,Josef Bican,,Austria,False,False
2623,1934,Austria,Francia,Octavos,,116,Georges Verriest (de penal),,Francia,True,False
2624,1934,Checoslovaquia,Suiza,Cuartos,,18,Leopold Kielholz,,Suiza,False,False
2625,1934,Checoslovaquia,Suiza,Cuartos,,24,Frantisek Svoboda,,Checoslovaquia,False,False
2626,1934,Checoslovaquia,Suiza,Cuartos,,49,Frantisek Svoboda,,Checoslovaquia,False,False
2627,1934,Checoslovaquia,Suiza,Cuartos,,78,Willy Jaeggi,,Suiza,False,False
2628,1934,Checoslovaquia,Suiza,Cuartos,,82,Oldrich Nejedly,,Checoslovaquia,False,False
2629,1934,Austria,Hungría,Cuartos,,8,Johann Horvath,,Austria,False,False
2630,1934,Austria,Hungría,Cuartos,,51,Karl Zischek,,Austria,False,False
2631,1934,Austria,Hungría,Cuartos,,60,Gyorgy Sarosi (de penal),,Hungría,True,False
2632,1934,Alemania,Suecia,Cuartos,,60,Karl Hohmann,,Alemania,False,False
2633,1934,Alemania,Suecia,Cuartos,,63,Karl Hohmann,,Alemania,False,False
2634,1934,Alemania,Suecia,Cuartos,,82,Gosta Dunker,,Suecia,False,False
2635,1934,Italia,España,Cuartos,,30,Luis Regueiro,,España,False,False
2636,1934,Italia,España,Cuartos,,44,Giovanni Ferrari,,Italia,False,False
2637,1934,Italia,España,Cuartos,,11,Giuseppe Meazza,,Italia,False,False
2638,1934,Checoslovaquia,Alemania,Semis,,21,Oldrich Nejedly,,Checoslovaquia,False,False
2639,1934,Checoslovaquia,Alemania,Semis,,62,Rudolf Noack,,Alemania,False,False
2640,1934,Checoslovaquia,Alemania,Semis,,69,Oldrich Nejedly,,Checoslovaquia,False,False
2641,1934,Checoslovaquia,Alemania,Semis,,80,Oldrich Nejedly,,Checoslovaquia,False,False
2642,1934,Italia,Austria,Semis,,19,Enrique Guaita,,Italia,False,False
2643,1934,Austria,Alemania,3er Puesto,,1,Ernest Lehner,,Alemania,False,False
2644,1934,Austria,Alemania,3er Puesto,,27,Edmund Conen,,Alemania,False,False
2645,1934,Austria,Alemania,3er Puesto,,28,Johann Horvath,,Austria,False,False
2646,1934,Austria,Alemania,3er Puesto,,42,Ernest Lehner,,Alemania,False,False
2647,1934,Austria,Alemania,3er Puesto,,54,Karl Sesta,,Austria,False,False
2648,1934,Italia,Checoslovaquia,Final,,76,Antonin Puc,,Checoslovaquia,False,False
2649,1934,Italia,Checoslovaquia,Final,,81,Raimundo Orsi,,Italia,False,False
2650,1934,Italia,Checoslovaquia,Final,,95,Angelo Schiavio,,Italia,False,False
2651,1930,Francia,México,"1ra Ronda, Grupo 1",1,19,Lucien Laurent,,Francia,False,False
2652,1930,Francia,México,"1ra Ronda, Grupo 1",1,40,Marcel Langiller,,Francia,False,False
2653,1930,Francia,México,"1ra Ronda, Grupo 1",1,43,Andre Maschinot,,Francia,False,False
2654,1930,Francia,México,"1ra Ronda, Grupo 1",1,70,Juan Carreno,,México,False,False
2655,1930,Francia,México,"1ra Ronda, Grupo 1",1,87,Andre Maschinot,,Francia,False,False
2656,1930,Estados Unidos,Bélgica,"1ra Ronda, Grupo 4",4,23,Bart Mcghee,,Estados Unidos,False,False
2657,1930,Estados Unidos,Bélgica,"1ra Ronda, Grupo 4",4,45,Tom Florie,,Estados Unidos,False,False
2658,1930,Estados Unidos,Bélgica,"1ra Ronda, Grupo 4",4,69,Bert Patenaude,,Estados Unidos,False,False
2659,1930,Rumania,Perú,"1ra Ronda, Grupo 3",3,1,Adalbert Desu,,Rumania,False,False
2660,1930,Rumania,Perú,"1ra Ronda, Grupo 3",3,75,Luis Souza,,Perú,False,False
2661,1930,Rumania,Perú,"1ra Ronda, Grupo 3",3,79,Constantin Stanciu,,Rumania,False,False
2662,1930,Rumania,Perú,"1ra Ronda, Grupo 3",3,89,Nicolae Kovacs,,Rumania,False,False
2663,1930,Yugoslavia,Brasil,"1ra Ronda, Grupo 2",2,21,Aleksandar Tirnanic,,Yugoslavia,False,False
2664,1930,Yugoslavia,Brasil,"1ra Ronda, Grupo 2",2,30,Ivica Bek,,Yugoslavia,False,False
2665,1930,Yugoslavia,Brasil,"1ra Ronda, Grupo 2",2,62,Preguinho,,Brasil,False,False
2666,1930,Argentina,Francia,"1ra Ronda, Grupo 1",1,81,Luis Monti,,Argentina,False,False
2667,1930,Chile,México,"1ra Ronda, Grupo 1",1,3,Carlos Vidal,,Chile,False,False
2668,1930,Chile,México,"1ra Ronda, Grupo 1",1,51,Manuel Rosas (en contra),,Chile,False,False
2669,1930,Chile,México,"1ra Ronda, Grupo 1",1,65,Carlos Vidal,,Chile,False,False
2670,1930,Yugoslavia,Bolivia,"1ra Ronda, Grupo 2",2,60,Ivica Bek,,Yugoslavia,False,False
2671,1930,Yugoslavia,Bolivia,"1ra Ronda, Grupo 2",2,65,Blagoje Marjanovic,,Yugoslavia,False,False
2672,1930,Yugoslavia,Bolivia,"1ra Ronda, Grupo 2",2,67,Ivica Bek,,Yugoslavia,False,False
2673,1930,Yugoslavia,Bolivia,"1ra Ronda, Grupo 2",2,85,Djordje Vujadinovic,,Yugoslavia,False,False
2674,1930,Estados Unidos,Paraguay,"1ra Ronda, Grupo 4",4,10,Bert Patenaude,,Estados Unidos,False,False
2675,1930,Estados Unidos,Paraguay,"1ra Ronda, Grupo 4",4,15,Bert Patenaude,,Estados Unidos,False,False
2676,1930,Estados Unidos,Paraguay,"1ra Ronda, Grupo 4",4,50,Bert Patenaude,,Estados Unidos,False,False
2677,1930,Uruguay,Perú,"1ra Ronda, Grupo 3",3,60,Hector Castro,,Uruguay,False,False
2678,1930,Argentina,México,"1ra Ronda, Grupo 1",1,8,Guillermo Stabile,,Argentina,False,False
2679,1930,Argentina,México,"1ra Ronda, Grupo 1",1,12,Adolfo Zumelzu,,Argentina,False,False
2680,1930,Argentina,México,"1ra Ronda, Grupo 1",1,17,Guillermo Stabile,,Argentina,False,False
2681,1930,Argentina,México,"1ra Ronda, Grupo 1",1,42,Manuel Rosas (de penal),,México,True,False
2682,1930,Argentina,México,"1ra Ronda, Grupo 1",1,53,Francisco Varallo,,Argentina,False,False
2683,1930,Argentina,México,"1ra Ronda, Grupo 1",1,55,Adolfo Zumelzu,,Argentina,False,False
2684,1930,Argentina,México,"1ra Ronda, Grupo 1",1,65,Manuel Rosas,,México,False,False
2685,1930,Argentina,México,"1ra Ronda, Grupo 1",1,75,Roberto Gayon,,México,False,False
2686,1930,Argentina,México,"1ra Ronda, Grupo 1",1,80,Guillermo Stabile,,Argentina,False,False
2687,1930,Chile,Francia,"1ra Ronda, Grupo 1",1,65,Guillermo Subiabre,,Chile,False,False
2688,1930,Paraguay,Bélgica,"1ra Ronda, Grupo 4",4,40,Luis Vargas Pena,,Paraguay,False,False
2689,1930,Brasil,Bolivia,"1ra Ronda, Grupo 2",2,37,Moderato,,Brasil,False,False
2690,1930,Brasil,Bolivia,"1ra Ronda, Grupo 2",2,67,Preguinho,,Brasil,False,False
2691,1930,Brasil,Bolivia,"1ra Ronda, Grupo 2",2,73,Moderato,,Brasil,False,False
2692,1930,Brasil,Bolivia,"1ra Ronda, Grupo 2",2,83,Preguinho,,Brasil,False,False
2693,1930,Uruguay,Rumania,"1ra Ronda, Grupo 3",3,7,Pablo Dorado,,Uruguay,False,False
2694,1930,Uruguay,Rumania,"1ra Ronda, Grupo 3",3,24,Hector Scarone,,Uruguay,False,False
2695,1930,Uruguay,Rumania,"1ra Ronda, Grupo 3",3,30,Juan Anselmo,,Uruguay,False,False
2696,1930,Uruguay,Rumania,"1ra Ronda, Grupo 3",3,35,Pedro Cea,,Uruguay,False,False
2697,1930,Argentina,Chile,"1ra Ronda, Grupo 1",1,12,Guillermo Stabile,,Argentina,False,False
2698,1930,Argentina,Chile,"1ra Ronda, Grupo 1",1,13,Guillermo Stabile,,Argentina,False,False
2699,1930,Argentina,Chile,"1ra Ronda, Grupo 1",1,15,Guillermo Subiabre,,Chile,False,False
2700,1930,Argentina,Chile,"1ra Ronda, Grupo 1",1,51,Mario Evaristo,,Argentina,False,False
2701,1930,Argentina,Estados Unidos,Semis,,20,Luis Monti,,Argentina,False,False
2702,1930,Argentina,Estados Unidos,Semis,,56,Alejandro Scopelli,,Argentina,False,False
2703,1930,Argentina,Estados Unidos,Semis,,69,Guillermo Stabile,,Argentina,False,False
2704,1930,Argentina,Estados Unidos,Semis,,80,Carlos Peucelle,,Argentina,False,False
2705,1930,Argentina,Estados Unidos,Semis,,85,Carlos Peucelle,,Argentina,False,False
2706,1930,Argentina,Estados Unidos,Semis,,87,Guillermo Stabile,,Argentina,False,False
2707,1930,Argentina,Estados Unidos,Semis,,89,Jim Brown,,Estados Unidos,False,False
2708,1930,Uruguay,Yugoslavia,Semis,,4,Branislav Sekulic,,Yugoslavia,False,False
2709,1930,Uruguay,Yugoslavia,Semis,,18,Pedro Cea,,Uruguay,False,False
2710,1930,Uruguay,Yugoslavia,Semis,,20,Juan Anselmo,,Uruguay,False,False
2711,1930,Uruguay,Yugoslavia,Semis,,31,Juan Anselmo,,Uruguay,False,False
2712,1930,Uruguay,Yugoslavia,Semis,,61,Victoriano Iriarte,,Uruguay,False,False
2713,1930,Uruguay,Yugoslavia,Semis,,67,Pedro Cea,,Uruguay,False,False
2714,1930,Uruguay,Yugoslavia,Semis,,72,Pedro Cea,,Uruguay,False,False
2715,1930,Argentina,Uruguay,Final,,12,Pablo Dorado,,Uruguay,False,False
2716,1930,Argentina,Uruguay,Final,,20,Carlos Peucelle,,Argentina,False,False
2717,1930,Argentina,Uruguay,Final,,37,Guillermo Stabile,,Argentina,False,False
2718,1930,Argentina,Uruguay,Final,,57,Pedro Cea,,Uruguay,False,False
2719,1930,Argentina,Uruguay,Final,,68,Victoriano Iriarte,,Uruguay,False,False
2720,1930,Argentina,Uruguay,Final,,89,Hector Castro,,Uruguay,False,False
