id,mundial,pais1,pais2,tipo_ronda,grupo,minuto,jugador,referencia,equipo,tipo
1,2022,Catar,Ecuador,"1ra Ronda, Grupo A",A,15,Saad Al Sheeb,,Catar,amarilla
2,2022,Catar,Ecuador,"1ra Ronda, Grupo A",A,22,Almoez Ali,,Catar,amarilla
3,2022,Catar,Ecuador,"1ra Ronda, Grupo A",A,29,Moisés Caicedo,,Ecuador,amarilla
4,2022,Catar,Ecuador,"1ra Ronda, Grupo A",A,36,Karim Boudiaf,,Catar,amarilla
5,2022,Catar,Ecuador,"1ra Ronda, Grupo A",A,56,Jhegson Méndez,,Ecuador,amarilla
6,2022,Catar,Ecuador,"1ra Ronda, Grupo A",A,78,Akram Afif,,Catar,amarilla
7,2022,Inglaterra,Irán,"1ra Ronda, Grupo B",B,25,Alireza Jahanbakhsh,,n,amarilla
8,2022,Inglaterra,Irán,"1ra Ronda, Grupo B",B,48,Morteza Pouraliganji,,n,amarilla
9,2022,Senegal,Paises Bajos,"1ra Ronda, Grupo A",A,56,Matthijs De Ligt,,Paises Bajos,amarilla
10,2022,Senegal,Paises Bajos,"1ra Ronda, Grupo A",A,90,Nampalys Mendy,,Senegal,amarilla
11,2022,Senegal,Paises Bajos,"1ra Ronda, Grupo A",A,90,Idrissa Gana Gueye,,Senegal,amarilla
12,2022,Estados Unidos,Gales,"1ra Ronda, Grupo B",B,11,Sergiño Dest,,Estados Unidos,amarilla
13,2022,Estados Unidos,Gales,"1ra Ronda, Grupo B",B,13,Weston McKennie,,Estados Unidos,amarilla
14,2022,Estados Unidos,Gales,"1ra Ronda, Grupo B",B,40,Gareth Bale,,Gales,amarilla
15,2022,Estados Unidos,Gales,"1ra Ronda, Grupo B",B,45,Chris Mepham,,Gales,amarilla
16,2022,Estados Unidos,Gales,"1ra Ronda, Grupo B",B,51,Tim Ream,,Estados Unidos,amarilla
17,2022,Estados Unidos,Gales,"1ra Ronda, Grupo B",B,90,Kellyn Acosta,,Estados Unidos,amarilla
18,2022,Argentina,Arabia Saudita,"1ra Ronda, Grupo C",C,67,Abdulelah Al-Malki,,Arabia Saudita,amarilla
19,2022,Argentina,Arabia Saudita,"1ra Ronda, Grupo C",C,75,Ali Al-Bulaihi,,Arabia Saudita,amarilla
20,2022,Argentina,Arabia Saudita,"1ra Ronda, Grupo C",C,79,Salem Al-Dawsari,,Arabia Saudita,amarilla
21,2022,Argentina,Arabia Saudita,"1ra Ronda, Grupo C",C,82,Saud Abdulhamid,,Arabia Saudita,amarilla
22,2022,Argentina,Arabia Saudita,"1ra Ronda, Grupo C",C,88,Nawaf Al-Abed,,Arabia Saudita,amarilla
23,2022,Argentina,Arabia Saudita,"1ra Ronda, Grupo C",C,90,Mohammed Al-Owais,,Arabia Saudita,amarilla
24,2022,Dinamarca,Túnez,"1ra Ronda, Grupo D",D,24,Rasmus Kristensen,,Dinamarca,amarilla
25,2022,Dinamarca,Túnez,"1ra Ronda, Grupo D",D,78,Mathias Jensen,,Dinamarca,amarilla
26,2022,Dinamarca,Túnez,"1ra Ronda, Grupo D",D,86,Taha Yassine Khenissi,,nez,amarilla
27,2022,México,Polonia,"1ra Ronda, Grupo C",C,29,Jorge Sánchez,,xico,amarilla
28,2022,México,Polonia,"1ra Ronda, Grupo C",C,56,Hector Moreno,,xico,amarilla
29,2022,México,Polonia,"1ra Ronda, Grupo C",C,76,Przemyslaw Frankowski,,Polonia,amarilla
30,2022,Francia,Australia,"1ra Ronda, Grupo D",D,55,Mitchell Duke,,Australia,amarilla
31,2022,Francia,Australia,"1ra Ronda, Grupo D",D,80,Jackson Irvine,,Australia,amarilla
32,2022,Francia,Australia,"1ra Ronda, Grupo D",D,90,Aaron Mooy,,Australia,amarilla
33,2022,Marruecos,Croacia,"1ra Ronda, Grupo F",F,78,Sofyan Amrabat,,Marruecos,amarilla
34,2022,Alemania,Japón,"1ra Ronda, Grupo E",E,,,,Minuto 67,roja
35,2022,Alemania,Japón,"1ra Ronda, Grupo E",E,,,,Minuto 67,roja
36,2022,Alemania,Japón,"1ra Ronda, Grupo E",E,,,,Minuto 79,roja
37,2022,Alemania,Japón,"1ra Ronda, Grupo E",E,,,,Minuto 79,roja
38,2022,Alemania,Japón,"1ra Ronda, Grupo E",E,,,,Minuto 90,roja
39,2022,Alemania,Japón,"1ra Ronda, Grupo E",E,,,,Minuto 46 (en el entretiempo),roja
40,2022,Alemania,Japón,"1ra Ronda, Grupo E",E,,,,Minuto 57,roja
41,2022,Alemania,Japón,"1ra Ronda, Grupo E",E,,,,Minuto 57,roja
42,2022,Alemania,Japón,"1ra Ronda, Grupo E",E,,,,Minuto 71,roja
43,2022,Alemania,Japón,"1ra Ronda, Grupo E",E,,,,Minuto 75,roja
44,2022,España,Costa Rica,"1ra Ronda, Grupo E",E,68,Francisco Calvo,,Costa Rica,amarilla
45,2022,España,Costa Rica,"1ra Ronda, Grupo E",E,90,Joel Campbell,,Costa Rica,amarilla
46,2022,Bélgica,Canadá,"1ra Ronda, Grupo F",F,9,Yannick Carrasco,,lgica,amarilla
47,2022,Bélgica,Canadá,"1ra Ronda, Grupo F",F,54,Thomas Meunier,,lgica,amarilla
48,2022,Bélgica,Canadá,"1ra Ronda, Grupo F",F,56,Amadou Onana,,lgica,amarilla
49,2022,Bélgica,Canadá,"1ra Ronda, Grupo F",F,81,Alphonso Davies,,Canadá,amarilla
50,2022,Bélgica,Canadá,"1ra Ronda, Grupo F",F,83,Alistair Johnston,,Canadá,amarilla
51,2022,Suiza,Camerún,"1ra Ronda, Grupo G",G,36,Collins Faï,,n,amarilla
52,2022,Suiza,Camerún,"1ra Ronda, Grupo G",G,64,Nico Elvedi,,Suiza,amarilla
53,2022,Suiza,Camerún,"1ra Ronda, Grupo G",G,83,Manuel Akanji,,Suiza,amarilla
54,2022,Uruguay,Corea del Sur,"1ra Ronda, Grupo H",H,57,Martin Caceres,,Uruguay,amarilla
55,2022,Uruguay,Corea del Sur,"1ra Ronda, Grupo H",H,88,Gue-sung Cho,,Corea del Sur,amarilla
56,2022,Portugal,Ghana,"1ra Ronda, Grupo H",H,45,Mohammed Kudus,,Ghana,amarilla
57,2022,Portugal,Ghana,"1ra Ronda, Grupo H",H,49,Andre Ayew,,Ghana,amarilla
58,2022,Portugal,Ghana,"1ra Ronda, Grupo H",H,57,Alidu Seidu,,Ghana,amarilla
59,2022,Portugal,Ghana,"1ra Ronda, Grupo H",H,90,Danilo Pereira,,Portugal,amarilla
60,2022,Portugal,Ghana,"1ra Ronda, Grupo H",H,90,Inaki Williams,,Ghana,amarilla
61,2022,Portugal,Ghana,"1ra Ronda, Grupo H",H,90,Bruno Fernandes,,Portugal,amarilla
62,2022,Brasil,Serbia,"1ra Ronda, Grupo G",G,7,Strahinja Pavlovic,,Serbia,amarilla
63,2022,Brasil,Serbia,"1ra Ronda, Grupo G",G,49,Nemanja Gudelj,,Serbia,amarilla
64,2022,Brasil,Serbia,"1ra Ronda, Grupo G",G,64,Sasa Lukic,,Serbia,amarilla
65,2022,Gales,Irán,"1ra Ronda, Grupo B",B,45,Joe Rodon,,Gales,amarilla
66,2022,Gales,Irán,"1ra Ronda, Grupo B",B,86,Wayne Heennesey,,Gales,roja
67,2022,Gales,Irán,"1ra Ronda, Grupo B",B,90,Alireza Jahanbakhsh,,n,amarilla
68,2022,Gales,Irán,"1ra Ronda, Grupo B",B,90,Ramin Rezaeian,,n,amarilla
69,2022,Catar,Senegal,"1ra Ronda, Grupo A",A,20,Ismaeel Mohammad,,Catar,amarilla
70,2022,Catar,Senegal,"1ra Ronda, Grupo A",A,30,Boulaye Dia,,Senegal,amarilla
71,2022,Catar,Senegal,"1ra Ronda, Grupo A",A,45,Homam Ahmed,,Catar,amarilla
72,2022,Catar,Senegal,"1ra Ronda, Grupo A",A,52,Ismail Jakobs,,Senegal,amarilla
73,2022,Catar,Senegal,"1ra Ronda, Grupo A",A,87,Pathé Ciss,,Senegal,amarilla
74,2022,Catar,Senegal,"1ra Ronda, Grupo A",A,90,Assim Madibo,,Catar,amarilla
75,2022,Paises Bajos,Ecuador,"1ra Ronda, Grupo A",A,57,Jhegson Méndez,,Ecuador,amarilla
76,2022,Inglaterra,Estados Unidos,"1ra Ronda, Grupo B",B,,,,Minuto 68,roja
77,2022,Inglaterra,Estados Unidos,"1ra Ronda, Grupo B",B,,,,Minuto 68,roja
78,2022,Inglaterra,Estados Unidos,"1ra Ronda, Grupo B",B,,,,Minuto 77,roja
79,2022,Inglaterra,Estados Unidos,"1ra Ronda, Grupo B",B,,,,Minuto 77,roja
80,2022,Inglaterra,Estados Unidos,"1ra Ronda, Grupo B",B,,,,Minuto 77,roja
81,2022,Inglaterra,Estados Unidos,"1ra Ronda, Grupo B",B,,,,Minuto 83,roja
82,2022,Inglaterra,Estados Unidos,"1ra Ronda, Grupo B",B,,,,Minuto 83,roja
83,2022,Túnez,Australia,"1ra Ronda, Grupo D",D,26,Aissa Laidouni,,nez,amarilla
84,2022,Túnez,Australia,"1ra Ronda, Grupo D",D,64,Ali Abdi,,nez,amarilla
85,2022,Túnez,Australia,"1ra Ronda, Grupo D",D,90,Ferjani Sassi,,nez,amarilla
86,2022,Polonia,Arabia Saudita,"1ra Ronda, Grupo C",C,15,Jakub Kiwior,,Polonia,amarilla
87,2022,Polonia,Arabia Saudita,"1ra Ronda, Grupo C",C,16,Matty Cash,,Polonia,amarilla
88,2022,Polonia,Arabia Saudita,"1ra Ronda, Grupo C",C,19,Arkadiusz Milik,,Polonia,amarilla
89,2022,Polonia,Arabia Saudita,"1ra Ronda, Grupo C",C,20,Abdulelah Al-Malki,,Arabia Saudita,amarilla
90,2022,Polonia,Arabia Saudita,"1ra Ronda, Grupo C",C,45,Abdulelah Al-Amri,,Arabia Saudita,amarilla
91,2022,Francia,Dinamarca,"1ra Ronda, Grupo D",D,20,Andreas Christensen,,Dinamarca,amarilla
92,2022,Francia,Dinamarca,"1ra Ronda, Grupo D",D,23,Andreas Cornelius,,Dinamarca,amarilla
93,2022,Francia,Dinamarca,"1ra Ronda, Grupo D",D,43,Jules Koundé,,Francia,amarilla
94,2022,Argentina,México,"1ra Ronda, Grupo C",C,22,Néstor Araujo,,xico,amarilla
95,2022,Argentina,México,"1ra Ronda, Grupo C",C,43,Gonzalo Montiel,,Argentina,amarilla
96,2022,Argentina,México,"1ra Ronda, Grupo C",C,50,Érick Gutiérrez,,xico,amarilla
97,2022,Argentina,México,"1ra Ronda, Grupo C",C,66,Héctor Herrera,,xico,amarilla
98,2022,Argentina,México,"1ra Ronda, Grupo C",C,89,Roberto Alvarado,,xico,amarilla
99,2022,Japón,Costa Rica,"1ra Ronda, Grupo E",E,41,Anthony Contreras,,Costa Rica,amarilla
100,2022,Japón,Costa Rica,"1ra Ronda, Grupo E",E,44,Miki Yamane,,n,amarilla
101,2022,Japón,Costa Rica,"1ra Ronda, Grupo E",E,61,Celso Borges,,Costa Rica,amarilla
102,2022,Japón,Costa Rica,"1ra Ronda, Grupo E",E,70,Francisco Calvo,,Costa Rica,amarilla
103,2022,Japón,Costa Rica,"1ra Ronda, Grupo E",E,84,Ko Itakura,,n,amarilla
104,2022,Japón,Costa Rica,"1ra Ronda, Grupo E",E,90,Wataru Endo,,n,amarilla
105,2022,Bélgica,Marruecos,"1ra Ronda, Grupo F",F,29,Amadou Onana,,lgica,amarilla
106,2022,Bélgica,Marruecos,"1ra Ronda, Grupo F",F,90,Abdelhamid Sabiri,,Marruecos,amarilla
107,2022,Croacia,Canadá,"1ra Ronda, Grupo F",F,52,Tajon Buchanan,,Canadá,amarilla
108,2022,Croacia,Canadá,"1ra Ronda, Grupo F",F,56,Dejan Lovren,,Croacia,amarilla
109,2022,Croacia,Canadá,"1ra Ronda, Grupo F",F,85,Kamal Miller,,Canadá,amarilla
110,2022,Croacia,Canadá,"1ra Ronda, Grupo F",F,85,Luka Modric,,Croacia,amarilla
111,2022,España,Alemania,"1ra Ronda, Grupo E",E,37,Thilo Kehrer,,Alemania,amarilla
112,2022,España,Alemania,"1ra Ronda, Grupo E",E,44,Sergio Busquets,,a,amarilla
113,2022,España,Alemania,"1ra Ronda, Grupo E",E,58,Leon Goretzka,,Alemania,amarilla
114,2022,España,Alemania,"1ra Ronda, Grupo E",E,60,Joshua Kimmich,,Alemania,amarilla
115,2022,Camerún,Serbia,"1ra Ronda, Grupo G",G,24,Nicolas Nkoulou,,n,amarilla
116,2022,Camerún,Serbia,"1ra Ronda, Grupo G",G,30,Christian Bassogog,,n,amarilla
117,2022,Camerún,Serbia,"1ra Ronda, Grupo G",G,45,Luka Jović,,Serbia,amarilla
118,2022,Camerún,Serbia,"1ra Ronda, Grupo G",G,90,Nikola Milenković,,Serbia,amarilla
119,2022,Corea del Sur,Ghana,"1ra Ronda, Grupo H",H,21,Daniel Amartey,,Ghana,amarilla
120,2022,Corea del Sur,Ghana,"1ra Ronda, Grupo H",H,27,Woo-young Jung,,Corea del Sur,amarilla
121,2022,Corea del Sur,Ghana,"1ra Ronda, Grupo H",H,73,Tariq Lamptey,,Ghana,amarilla
122,2022,Corea del Sur,Ghana,"1ra Ronda, Grupo H",H,77,Young-Gwon Kim,,Corea del Sur,amarilla
123,2022,Brasil,Suiza,"1ra Ronda, Grupo G",G,50,Fabian Rieder,,Suiza,amarilla
124,2022,Brasil,Suiza,"1ra Ronda, Grupo G",G,52,Fred,,Brasil,amarilla
125,2022,Portugal,Uruguay,"1ra Ronda, Grupo H",H,6,Rodrigo Bentancur,,Uruguay,amarilla
126,2022,Portugal,Uruguay,"1ra Ronda, Grupo H",H,38,Rúben Neves,,Portugal,amarilla
127,2022,Portugal,Uruguay,"1ra Ronda, Grupo H",H,44,Mathías Olivera,,Uruguay,amarilla
128,2022,Portugal,Uruguay,"1ra Ronda, Grupo H",H,77,João Félix,,Portugal,amarilla
129,2022,Portugal,Uruguay,"1ra Ronda, Grupo H",H,89,Rúben Dias,,Portugal,amarilla
130,2022,Paises Bajos,Catar,"1ra Ronda, Grupo A",A,52,Nathan Aké,,Paises Bajos,amarilla
131,2022,Ecuador,Senegal,"1ra Ronda, Grupo A",A,66,Idrissa Gana Gueye,,Senegal,amarilla
132,2022,Gales,Inglaterra,"1ra Ronda, Grupo B",B,29,Dan James,,Gales,amarilla
133,2022,Gales,Inglaterra,"1ra Ronda, Grupo B",B,61,Aaron Ramsey,,Gales,amarilla
134,2022,Irán,Estados Unidos,"1ra Ronda, Grupo B",B,43,Tyler Adams,,Estados Unidos,amarilla
135,2022,Irán,Estados Unidos,"1ra Ronda, Grupo B",B,77,Majid Hosseini,,n,amarilla
136,2022,Irán,Estados Unidos,"1ra Ronda, Grupo B",B,83,Hossein Kanaani,,n,amarilla
137,2022,Irán,Estados Unidos,"1ra Ronda, Grupo B",B,90,Abolfazl Jalali,,n,amarilla
138,2022,Australia,Dinamarca,"1ra Ronda, Grupo D",D,4,Aziz Behich,,Australia,amarilla
139,2022,Australia,Dinamarca,"1ra Ronda, Grupo D",D,57,Milos Degenek,,Australia,amarilla
140,2022,Australia,Dinamarca,"1ra Ronda, Grupo D",D,75,Robert Skov,,Dinamarca,amarilla
141,2022,Túnez,Francia,"1ra Ronda, Grupo D",D,28,Wajdi Kechrida,,nez,amarilla
142,2022,Arabia Saudita,México,"1ra Ronda, Grupo C",C,16,Edson Álvarez,,xico,amarilla
143,2022,Arabia Saudita,México,"1ra Ronda, Grupo C",C,28,Saleh Al-Shehri,,Arabia Saudita,amarilla
144,2022,Arabia Saudita,México,"1ra Ronda, Grupo C",C,34,Ali Al-Hassan,,Arabia Saudita,amarilla
145,2022,Arabia Saudita,México,"1ra Ronda, Grupo C",C,52,Hassan Tambakti,,Arabia Saudita,amarilla
146,2022,Arabia Saudita,México,"1ra Ronda, Grupo C",C,81,Abdullah Madu,,Arabia Saudita,amarilla
147,2022,Arabia Saudita,México,"1ra Ronda, Grupo C",C,90,Abdulelah Al-Amri,,Arabia Saudita,amarilla
148,2022,Arabia Saudita,México,"1ra Ronda, Grupo C",C,90,Hattan Bahebri,,Arabia Saudita,amarilla
149,2022,Polonia,Argentina,"1ra Ronda, Grupo C",C,49,Marcos Acuña,,Argentina,amarilla
150,2022,Polonia,Argentina,"1ra Ronda, Grupo C",C,78,Grzegorz Krychowiak,,Polonia,amarilla
151,2022,Croacia,Bélgica,"1ra Ronda, Grupo F",F,67,Leander Dendoncker,,lgica,amarilla
152,2022,Canadá,Marruecos,"1ra Ronda, Grupo F",F,7,Junior Hoilett,,Canadá,amarilla
153,2022,Canadá,Marruecos,"1ra Ronda, Grupo F",F,26,Jonathan Osorio,,Canadá,amarilla
154,2022,Canadá,Marruecos,"1ra Ronda, Grupo F",F,45,Sam Adekugbe,,Canadá,amarilla
155,2022,Canadá,Marruecos,"1ra Ronda, Grupo F",F,84,Steven Vitoria,,Canadá,amarilla
156,2022,Japón,España,"1ra Ronda, Grupo E",E,39,Ko Itakura,,n,amarilla
157,2022,Japón,España,"1ra Ronda, Grupo E",E,44,Shogo Taniguchi,,n,amarilla
158,2022,Japón,España,"1ra Ronda, Grupo E",E,45,Maya Yoshida,,n,amarilla
159,2022,Costa Rica,Alemania,"1ra Ronda, Grupo E",E,77,Óscar Duarte,,Costa Rica,amarilla
160,2022,Ghana,Uruguay,"1ra Ronda, Grupo H",H,20,Darwin Núñez,,Uruguay,amarilla
161,2022,Ghana,Uruguay,"1ra Ronda, Grupo H",H,60,Luis Suarez,,Uruguay,amarilla
162,2022,Ghana,Uruguay,"1ra Ronda, Grupo H",H,86,Kamaldeen Sulemana,,Ghana,amarilla
163,2022,Ghana,Uruguay,"1ra Ronda, Grupo H",H,87,Sebastián Coates,,Uruguay,amarilla
164,2022,Ghana,Uruguay,"1ra Ronda, Grupo H",H,90,Alidu Seidu,,Ghana,amarilla
165,2022,Ghana,Uruguay,"1ra Ronda, Grupo H",H,90,Edinson Cavani,,Uruguay,amarilla
166,2022,Ghana,Uruguay,"1ra Ronda, Grupo H",H,90,José María Giménez,,Uruguay,amarilla
167,2022,Corea del Sur,Portugal,"1ra Ronda, Grupo H",H,36,Kang-in Lee,,Corea del Sur,amarilla
168,2022,Corea del Sur,Portugal,"1ra Ronda, Grupo H",H,90,Hee-chan Hwang,,Corea del Sur,amarilla
169,2022,Serbia,Suiza,"1ra Ronda, Grupo G",G,15,Silvan Widmer,,Suiza,amarilla
170,2022,Serbia,Suiza,"1ra Ronda, Grupo G",G,34,Rubén Vargas,,Suiza,amarilla
171,2022,Serbia,Suiza,"1ra Ronda, Grupo G",G,47,Sergej Milinković-Savić,,Serbia,amarilla
172,2022,Serbia,Suiza,"1ra Ronda, Grupo G",G,56,Strahinja Pavlovic,,Serbia,amarilla
173,2022,Serbia,Suiza,"1ra Ronda, Grupo G",G,66,Predrag Rajković,,Serbia,amarilla
174,2022,Serbia,Suiza,"1ra Ronda, Grupo G",G,81,Nemanja Gudelj,,Serbia,amarilla
175,2022,Serbia,Suiza,"1ra Ronda, Grupo G",G,82,Aleksandar Mitrović,,Serbia,amarilla
176,2022,Serbia,Suiza,"1ra Ronda, Grupo G",G,90,Granit Xhaka,,Suiza,amarilla
177,2022,Serbia,Suiza,"1ra Ronda, Grupo G",G,90,Nikola Milenković,,Serbia,amarilla
178,2022,Serbia,Suiza,"1ra Ronda, Grupo G",G,90,Fabian Schär,,Suiza,amarilla
179,2022,Serbia,Suiza,"1ra Ronda, Grupo G",G,90,Sasa Lukic,,Serbia,amarilla
180,2022,Camerún,Brasil,"1ra Ronda, Grupo G",G,6,Nouhou Tolo,,n,amarilla
181,2022,Camerún,Brasil,"1ra Ronda, Grupo G",G,7,Eder Militao,,Brasil,amarilla
182,2022,Camerún,Brasil,"1ra Ronda, Grupo G",G,28,Pierre Kunde,,n,amarilla
183,2022,Camerún,Brasil,"1ra Ronda, Grupo G",G,32,Collins Faï,,n,amarilla
184,2022,Camerún,Brasil,"1ra Ronda, Grupo G",G,81,Vincent Aboubakar,,n,amarilla
185,2022,Camerún,Brasil,"1ra Ronda, Grupo G",G,85,Bruno Guimaraes,,Brasil,amarilla
186,2022,Camerún,Brasil,"1ra Ronda, Grupo G",G,90,Vincent Aboubakar,,n,amarilla
187,2022,Paises Bajos,Estados Unidos,Octavos,,60,Teun Koopmeiners,,Paises Bajos,amarilla
188,2022,Paises Bajos,Estados Unidos,Octavos,,87,Frenkie de Jong,,Paises Bajos,amarilla
189,2022,Argentina,Australia,Octavos,,15,Jackson Irvine,,Australia,amarilla
190,2022,Argentina,Australia,Octavos,,38,Milos Degenek,,Australia,amarilla
191,2022,Inglaterra,Senegal,Octavos,,76,Kalidou Koulibaly,,Senegal,amarilla
192,2022,Francia,Polonia,Octavos,,32,Aurélien Tchouaméni,,Francia,amarilla
193,2022,Francia,Polonia,Octavos,,47,Bartosz Bereszyński,,Polonia,amarilla
194,2022,Francia,Polonia,Octavos,,88,Matty Cash,,Polonia,amarilla
195,2022,Japón,Croacia,Octavos,,90,Mateo Kovacic,,Croacia,amarilla
196,2022,Japón,Croacia,Octavos,,116,Borna Barisic,,Croacia,amarilla
197,2022,Brasil,Corea del Sur,Octavos,,44,Woo-young Jung,,Corea del Sur,amarilla
198,2022,Marruecos,España,Octavos,,77,Aymeric Laporte,,a,amarilla
199,2022,Marruecos,España,Octavos,,90,Romain Saïss,,Marruecos,amarilla
200,2022,Portugal,Suiza,Octavos,,43,Fabian Schär,,Suiza,amarilla
201,2022,Portugal,Suiza,Octavos,,59,Eray Cömert,,Suiza,amarilla
202,2022,Paises Bajos,Argentina,Cuartos,,43,Marcos Acuña,,Argentina,amarilla
203,2022,Paises Bajos,Argentina,Cuartos,,43,Jurrïen Timber,,Paises Bajos,amarilla
204,2022,Paises Bajos,Argentina,Cuartos,,45,Cristian Romero,,Argentina,amarilla
205,2022,Paises Bajos,Argentina,Cuartos,,45,Wout Weghorst,,Paises Bajos,amarilla
206,2022,Paises Bajos,Argentina,Cuartos,,76,Lisandro Martinez,,Argentina,amarilla
207,2022,Paises Bajos,Argentina,Cuartos,,76,Memphis Depay,,Paises Bajos,amarilla
208,2022,Paises Bajos,Argentina,Cuartos,,88,Steven Berghuis,,Paises Bajos,amarilla
209,2022,Paises Bajos,Argentina,Cuartos,,89,Leandro Paredes,,Argentina,amarilla
210,2022,Paises Bajos,Argentina,Cuartos,,90,Lionel Messi,,Argentina,amarilla
211,2022,Paises Bajos,Argentina,Cuartos,,90,Nicolas Otamendi,,Argentina,amarilla
212,2022,Paises Bajos,Argentina,Cuartos,,91,Steven Bergwijn,,Paises Bajos,amarilla
213,2022,Paises Bajos,Argentina,Cuartos,,109,Gonzalo Montiel,,Argentina,amarilla
214,2022,Paises Bajos,Argentina,Cuartos,,112,German Pezzella,,Argentina,amarilla
215,2022,Paises Bajos,Argentina,Cuartos,,128,Denzel Dumfries,,Paises Bajos,amarilla
216,2022,Paises Bajos,Argentina,Cuartos,,129,Noa Lang,,Paises Bajos,amarilla
217,2022,Paises Bajos,Argentina,Cuartos,,129,Denzel Dumfries,,Paises Bajos,amarilla
218,2022,Croacia,Brasil,Cuartos,,25,Danilo,,Brasil,amarilla
219,2022,Croacia,Brasil,Cuartos,,31,Marcelo Brozovic,,Croacia,amarilla
220,2022,Croacia,Brasil,Cuartos,,68,Casemiro,,Brasil,amarilla
221,2022,Croacia,Brasil,Cuartos,,77,Marquinhos,,Brasil,amarilla
222,2022,Croacia,Brasil,Cuartos,,117,Bruno Petkovic,,Croacia,amarilla
223,2022,Inglaterra,Francia,Cuartos,,43,Antoine Griezmann,,Francia,amarilla
224,2022,Inglaterra,Francia,Cuartos,,46,Ousmane Dembélé,,Francia,amarilla
225,2022,Inglaterra,Francia,Cuartos,,82,Théo Hernandez,,Francia,amarilla
226,2022,Inglaterra,Francia,Cuartos,,90,Harry Maguire,,Inglaterra,amarilla
227,2022,Marruecos,Portugal,Cuartos,,70,Achraf Dari,,Marruecos,amarilla
228,2022,Marruecos,Portugal,Cuartos,,87,Vitinha,,Portugal,amarilla
229,2022,Marruecos,Portugal,Cuartos,,90,Walid Cheddira,,Marruecos,amarilla
230,2022,Marruecos,Portugal,Cuartos,,90,Walid Cheddira,,Marruecos,amarilla
231,2022,Argentina,Croacia,Semis,,32,Mateo Kovacic,,Croacia,amarilla
232,2022,Argentina,Croacia,Semis,,32,Dominik Livaković,,Croacia,amarilla
233,2022,Argentina,Croacia,Semis,,68,Cristian Romero,,Argentina,amarilla
234,2022,Argentina,Croacia,Semis,,71,Nicolas Otamendi,,Argentina,amarilla
235,2022,Francia,Marruecos,Semis,,27,Sofiane Boufal,,Marruecos,amarilla
236,2022,Croacia,Marruecos,3er Puesto,,69,Azzedine Ounahi,,Marruecos,amarilla
237,2022,Croacia,Marruecos,3er Puesto,,84,Selim Amallah,,Marruecos,amarilla
238,2022,Argentina,Francia,Final,,45,Enzo Fernandez,,Argentina,amarilla
239,2022,Argentina,Francia,Final,,55,Adrien Rabiot,,Francia,amarilla
240,2022,Argentina,Francia,Final,,87,Marcus Thuram,,Francia,amarilla
241,2022,Argentina,Francia,Final,,90,Olivier Giroud,,Francia,amarilla
242,2022,Argentina,Francia,Final,,90,Marcos Acuña,,Argentina,amarilla
243,2022,Argentina,Francia,Final,,114,Leandro Paredes,,Argentina,amarilla
244,2022,Argentina,Francia,Final,,116,Gonzalo Montiel,,Argentina,amarilla
245,2022,Argentina,Francia,Final,,125,Emiliano Martinez,,Argentina,amarilla
246,2018,Rusia,Arabia Saudita,"1ra Ronda, Grupo A",A,88,Aleksandr Golovin,,Rusia,amarilla
247,2018,Rusia,Arabia Saudita,"1ra Ronda, Grupo A",A,90,Taisir Al-Jassim,,Arabia Saudita,amarilla
248,2018,Egipto,Uruguay,"1ra Ronda, Grupo A",A,90,Sam Morsy,,Egipto,amarilla
249,2018,Egipto,Uruguay,"1ra Ronda, Grupo A",A,90,Ahmed Hegazi,,Egipto,amarilla
250,2018,Portugal,España,"1ra Ronda, Grupo B",B,17,Sergio Busquets,,a,amarilla
251,2018,Portugal,España,"1ra Ronda, Grupo B",B,28,Bruno Fernandes,,Portugal,amarilla
252,2018,Marruecos,Irán,"1ra Ronda, Grupo B",B,10,Masoud Shojaei,,n,amarilla
253,2018,Marruecos,Irán,"1ra Ronda, Grupo B",B,34,Karim El Ahmadi,,Marruecos,amarilla
254,2018,Marruecos,Irán,"1ra Ronda, Grupo B",B,47,Alireza Jahanbakhsh,,n,amarilla
255,2018,Marruecos,Irán,"1ra Ronda, Grupo B",B,90,Karim Ansarifard,,n,amarilla
256,2018,Francia,Australia,"1ra Ronda, Grupo C",C,13,Mathew Leckie,,Australia,amarilla
257,2018,Francia,Australia,"1ra Ronda, Grupo C",C,57,Josh Risdon,,Australia,amarilla
258,2018,Francia,Australia,"1ra Ronda, Grupo C",C,76,Corentin Tolisso,,Francia,amarilla
259,2018,Francia,Australia,"1ra Ronda, Grupo C",C,87,Aziz Behich,,Australia,amarilla
260,2018,Perú,Dinamarca,"1ra Ronda, Grupo C",C,38,Renato Tapia,,Perú,amarilla
261,2018,Perú,Dinamarca,"1ra Ronda, Grupo C",C,86,Thomas Delaney,,Dinamarca,amarilla
262,2018,Perú,Dinamarca,"1ra Ronda, Grupo C",C,90,Yussuf Yurary Poulsen,,Dinamarca,amarilla
263,2018,Argentina,Islandia,"1ra Ronda, Grupo D",D,,,,Minuto 54,roja
264,2018,Argentina,Islandia,"1ra Ronda, Grupo D",D,,,,Minuto 75,roja
265,2018,Argentina,Islandia,"1ra Ronda, Grupo D",D,,,,Minuto 84,roja
266,2018,Argentina,Islandia,"1ra Ronda, Grupo D",D,,,,Minuto 63,roja
267,2018,Argentina,Islandia,"1ra Ronda, Grupo D",D,,,,Minuto 76,roja
268,2018,Argentina,Islandia,"1ra Ronda, Grupo D",D,,,,Minuto 89,roja
269,2018,Croacia,Nigeria,"1ra Ronda, Grupo D",D,30,Ivan Rakitic,,Croacia,amarilla
270,2018,Croacia,Nigeria,"1ra Ronda, Grupo D",D,70,William Troost-Ekong,,Nigeria,amarilla
271,2018,Croacia,Nigeria,"1ra Ronda, Grupo D",D,89,Marcelo Brozovic,,Croacia,amarilla
272,2018,Brasil,Suiza,"1ra Ronda, Grupo E",E,31,Stephan Lichtsteiner,,Suiza,amarilla
273,2018,Brasil,Suiza,"1ra Ronda, Grupo E",E,47,Casemiro,,Brasil,amarilla
274,2018,Brasil,Suiza,"1ra Ronda, Grupo E",E,65,Fabian Schär,,Suiza,amarilla
275,2018,Brasil,Suiza,"1ra Ronda, Grupo E",E,68,Valon Behrami,,Suiza,amarilla
276,2018,Costa Rica,Serbia,"1ra Ronda, Grupo E",E,22,Francisco Calvo,,Costa Rica,amarilla
277,2018,Costa Rica,Serbia,"1ra Ronda, Grupo E",E,56,David Guzmán,,Costa Rica,amarilla
278,2018,Costa Rica,Serbia,"1ra Ronda, Grupo E",E,59,Branislav Ivanovic,,Serbia,amarilla
279,2018,Costa Rica,Serbia,"1ra Ronda, Grupo E",E,90,Aleksandar Prijović,,Serbia,amarilla
280,2018,Alemania,México,"1ra Ronda, Grupo F",F,40,Hector Moreno,,xico,amarilla
281,2018,Alemania,México,"1ra Ronda, Grupo F",F,83,Thomas Müller,,Alemania,amarilla
282,2018,Alemania,México,"1ra Ronda, Grupo F",F,84,Mats Hummels,,Alemania,amarilla
283,2018,Alemania,México,"1ra Ronda, Grupo F",F,90,Héctor Herrera,,xico,amarilla
284,2018,Suecia,Corea del Sur,"1ra Ronda, Grupo F",F,13,Shin-Wook Kim,,Corea del Sur,amarilla
285,2018,Suecia,Corea del Sur,"1ra Ronda, Grupo F",F,55,Hee-chan Hwang,,Corea del Sur,amarilla
286,2018,Suecia,Corea del Sur,"1ra Ronda, Grupo F",F,61,Viktor Claesson,,Suecia,amarilla
287,2018,Bélgica,Panamá,"1ra Ronda, Grupo G",G,14,Thomas Meunier,,lgica,amarilla
288,2018,Bélgica,Panamá,"1ra Ronda, Grupo G",G,18,Erick Davis,,Panamá,amarilla
289,2018,Bélgica,Panamá,"1ra Ronda, Grupo G",G,45,Édgar Joel Bárcenas,,Panamá,amarilla
290,2018,Bélgica,Panamá,"1ra Ronda, Grupo G",G,49,Armando Cooper,,Panamá,amarilla
291,2018,Bélgica,Panamá,"1ra Ronda, Grupo G",G,51,Michael Amir Murillo,,Panamá,amarilla
292,2018,Bélgica,Panamá,"1ra Ronda, Grupo G",G,57,Aníbal Godoy,,Panamá,amarilla
293,2018,Bélgica,Panamá,"1ra Ronda, Grupo G",G,59,Jan Vertonghen,,lgica,amarilla
294,2018,Bélgica,Panamá,"1ra Ronda, Grupo G",G,88,Kevin De Bruyne,,lgica,amarilla
295,2018,Túnez,Inglaterra,"1ra Ronda, Grupo G",G,33,Kyle Walker,,Inglaterra,amarilla
296,2018,Polonia,Senegal,"1ra Ronda, Grupo H",H,12,Grzegorz Krychowiak,,Polonia,amarilla
297,2018,Polonia,Senegal,"1ra Ronda, Grupo H",H,49,Salif Sané,,Senegal,amarilla
298,2018,Polonia,Senegal,"1ra Ronda, Grupo H",H,72,Idrissa Gana Gueye,,Senegal,amarilla
299,2018,Colombia,Japón,"1ra Ronda, Grupo H",H,3,Carlos Sánchez,,Colombia,roja
300,2018,Colombia,Japón,"1ra Ronda, Grupo H",H,64,Wílmar Barrios,,Colombia,amarilla
301,2018,Colombia,Japón,"1ra Ronda, Grupo H",H,86,James Rodríguez,,Colombia,amarilla
302,2018,Colombia,Japón,"1ra Ronda, Grupo H",H,90,Eiji Kawashima,,n,amarilla
303,2018,Rusia,Egipto,"1ra Ronda, Grupo A",A,57,Trézéguet,,Egipto,amarilla
304,2018,Rusia,Egipto,"1ra Ronda, Grupo A",A,84,Fyodor Smolov,,Rusia,amarilla
305,2018,Uruguay,Arabia Saudita,"1ra Ronda, Grupo A",A,,,,Minuto 59,roja
306,2018,Uruguay,Arabia Saudita,"1ra Ronda, Grupo A",A,,,,Minuto 59,roja
307,2018,Uruguay,Arabia Saudita,"1ra Ronda, Grupo A",A,,,,Minuto 82,roja
308,2018,Uruguay,Arabia Saudita,"1ra Ronda, Grupo A",A,,,,Minuto 44,roja
309,2018,Uruguay,Arabia Saudita,"1ra Ronda, Grupo A",A,,,,Minuto 75,roja
310,2018,Uruguay,Arabia Saudita,"1ra Ronda, Grupo A",A,,,,Minuto 78,roja
311,2018,Portugal,Marruecos,"1ra Ronda, Grupo B",B,40,Medhi Benatia,,Marruecos,amarilla
312,2018,Portugal,Marruecos,"1ra Ronda, Grupo B",B,90,Adrien Silva,,Portugal,amarilla
313,2018,Irán,España,"1ra Ronda, Grupo B",B,79,Vahid Amiri,,n,amarilla
314,2018,Irán,España,"1ra Ronda, Grupo B",B,90,Omid Ebrahimi,,n,amarilla
315,2018,Francia,Perú,"1ra Ronda, Grupo C",C,16,Blaise Matuidi,,Francia,amarilla
316,2018,Francia,Perú,"1ra Ronda, Grupo C",C,23,Paolo Guerrero,,Perú,amarilla
317,2018,Francia,Perú,"1ra Ronda, Grupo C",C,81,Pedro Aquino,,Perú,amarilla
318,2018,Francia,Perú,"1ra Ronda, Grupo C",C,86,Paul Pogba,,Francia,amarilla
319,2018,Dinamarca,Australia,"1ra Ronda, Grupo C",C,37,Yussuf Yurary Poulsen,,Dinamarca,amarilla
320,2018,Dinamarca,Australia,"1ra Ronda, Grupo C",C,84,Pione Sisto,,Dinamarca,amarilla
321,2018,Argentina,Croacia,"1ra Ronda, Grupo D",D,39,Ante Rebic,,Croacia,amarilla
322,2018,Argentina,Croacia,"1ra Ronda, Grupo D",D,51,Gabriel Mercado,,Argentina,amarilla
323,2018,Argentina,Croacia,"1ra Ronda, Grupo D",D,58,Mario Mandzukic,,Croacia,amarilla
324,2018,Argentina,Croacia,"1ra Ronda, Grupo D",D,67,Sime Vrsaljko,,Croacia,amarilla
325,2018,Argentina,Croacia,"1ra Ronda, Grupo D",D,85,Nicolas Otamendi,,Argentina,amarilla
326,2018,Argentina,Croacia,"1ra Ronda, Grupo D",D,87,Marcos Acuña,,Argentina,amarilla
327,2018,Argentina,Croacia,"1ra Ronda, Grupo D",D,90,Vedran Corluka,,Croacia,amarilla
328,2018,Nigeria,Islandia,"1ra Ronda, Grupo D",D,44,Brian Idowu,,Nigeria,amarilla
329,2018,Brasil,Costa Rica,"1ra Ronda, Grupo E",E,81,Neymar Jr.,,Brasil,amarilla
330,2018,Brasil,Costa Rica,"1ra Ronda, Grupo E",E,81,Philippe Coutinho,,Brasil,amarilla
331,2018,Brasil,Costa Rica,"1ra Ronda, Grupo E",E,84,Johnny Acosta,,Costa Rica,amarilla
332,2018,Serbia,Suiza,"1ra Ronda, Grupo E",E,34,Sergej Milinković-Savić,,Serbia,amarilla
333,2018,Serbia,Suiza,"1ra Ronda, Grupo E",E,39,Luka Milivojević,,Serbia,amarilla
334,2018,Serbia,Suiza,"1ra Ronda, Grupo E",E,45,Nemanja Matić,,Serbia,amarilla
335,2018,Serbia,Suiza,"1ra Ronda, Grupo E",E,87,Aleksandar Mitrović,,Serbia,amarilla
336,2018,Serbia,Suiza,"1ra Ronda, Grupo E",E,90,Xherdan Shaqiri,,Suiza,amarilla
337,2018,Alemania,Suecia,"1ra Ronda, Grupo F",F,52,Albin Ekdal,,Suecia,amarilla
338,2018,Alemania,Suecia,"1ra Ronda, Grupo F",F,71,Jérôme Boateng,,Alemania,amarilla
339,2018,Alemania,Suecia,"1ra Ronda, Grupo F",F,82,Jérôme Boateng,,Alemania,amarilla
340,2018,Alemania,Suecia,"1ra Ronda, Grupo F",F,90,Sebastian Larsson,,Suecia,amarilla
341,2018,Corea del Sur,México,"1ra Ronda, Grupo F",F,58,Young-Gwon Kim,,Corea del Sur,amarilla
342,2018,Corea del Sur,México,"1ra Ronda, Grupo F",F,63,Yong Lee,,Corea del Sur,amarilla
343,2018,Corea del Sur,México,"1ra Ronda, Grupo F",F,72,Seung-woo Lee,,Corea del Sur,amarilla
344,2018,Corea del Sur,México,"1ra Ronda, Grupo F",F,80,Woo-young Jung,,Corea del Sur,amarilla
345,2018,Bélgica,Túnez,"1ra Ronda, Grupo G",G,14,Ferjani Sassi,,nez,amarilla
346,2018,Inglaterra,Panamá,"1ra Ronda, Grupo G",G,10,Armando Cooper,,Panamá,amarilla
347,2018,Inglaterra,Panamá,"1ra Ronda, Grupo G",G,24,Ruben Loftus-Cheek,,Inglaterra,amarilla
348,2018,Inglaterra,Panamá,"1ra Ronda, Grupo G",G,44,Fidel Escobar,,Panamá,amarilla
349,2018,Inglaterra,Panamá,"1ra Ronda, Grupo G",G,72,Michael Amir Murillo,,Panamá,amarilla
350,2018,Polonia,Colombia,"1ra Ronda, Grupo H",H,61,Jan Bednarek,,Polonia,amarilla
351,2018,Polonia,Colombia,"1ra Ronda, Grupo H",H,85,Jacek Góralski,,Polonia,amarilla
352,2018,Japón,Senegal,"1ra Ronda, Grupo H",H,59,M'Baye Niang,,Senegal,amarilla
353,2018,Japón,Senegal,"1ra Ronda, Grupo H",H,68,Takashi Inui,,n,amarilla
354,2018,Japón,Senegal,"1ra Ronda, Grupo H",H,90,Youssouf Sabaly,,Senegal,amarilla
355,2018,Japón,Senegal,"1ra Ronda, Grupo H",H,90,Cheikh N'Doye,,Senegal,amarilla
356,2018,Japón,Senegal,"1ra Ronda, Grupo H",H,90,Makoto Hasebe,,n,amarilla
357,2018,Uruguay,Rusia,"1ra Ronda, Grupo A",A,9,Yury Gazinsky,,Rusia,amarilla
358,2018,Uruguay,Rusia,"1ra Ronda, Grupo A",A,27,Igor Smolnikov,,Rusia,amarilla
359,2018,Uruguay,Rusia,"1ra Ronda, Grupo A",A,36,Igor Smolnikov,,Rusia,amarilla
360,2018,Uruguay,Rusia,"1ra Ronda, Grupo A",A,59,Rodrigo Bentancur,,Uruguay,amarilla
361,2018,Arabia Saudita,Egipto,"1ra Ronda, Grupo A",A,45,Ali Gabr,,Egipto,amarilla
362,2018,Arabia Saudita,Egipto,"1ra Ronda, Grupo A",A,86,Ahmed Fathy,,Egipto,amarilla
363,2018,Irán,Portugal,"1ra Ronda, Grupo B",B,33,Raphaël Guerreiro,,Portugal,amarilla
364,2018,Irán,Portugal,"1ra Ronda, Grupo B",B,52,Ehsan Hajsafi,,n,amarilla
365,2018,Irán,Portugal,"1ra Ronda, Grupo B",B,54,Sardar Azmoun,,n,amarilla
366,2018,Irán,Portugal,"1ra Ronda, Grupo B",B,64,Ricardo Quaresma,,Portugal,amarilla
367,2018,Irán,Portugal,"1ra Ronda, Grupo B",B,83,Cristiano Ronaldo,,Portugal,amarilla
368,2018,Irán,Portugal,"1ra Ronda, Grupo B",B,90,Cédric Soares,,Portugal,amarilla
369,2018,España,Marruecos,"1ra Ronda, Grupo B",B,21,Karim El Ahmadi,,Marruecos,amarilla
370,2018,España,Marruecos,"1ra Ronda, Grupo B",B,29,Nordin Amrabat,,Marruecos,amarilla
371,2018,España,Marruecos,"1ra Ronda, Grupo B",B,31,Mbark Boussoufa,,Marruecos,amarilla
372,2018,España,Marruecos,"1ra Ronda, Grupo B",B,31,Manuel da Costa,,Marruecos,amarilla
373,2018,España,Marruecos,"1ra Ronda, Grupo B",B,88,Munir El Kajoui,,Marruecos,amarilla
374,2018,España,Marruecos,"1ra Ronda, Grupo B",B,90,Achraf Hakimi,,Marruecos,amarilla
375,2018,Dinamarca,Francia,"1ra Ronda, Grupo C",C,45,Mathias Jørgensen,,Dinamarca,amarilla
376,2018,Australia,Perú,"1ra Ronda, Grupo C",C,10,Mile Jedinak,,Australia,amarilla
377,2018,Australia,Perú,"1ra Ronda, Grupo C",C,45,Yoshimar Yotún,,Perú,amarilla
378,2018,Australia,Perú,"1ra Ronda, Grupo C",C,60,Daniel Arzani,,Australia,amarilla
379,2018,Australia,Perú,"1ra Ronda, Grupo C",C,66,Tom Rogic,,Australia,amarilla
380,2018,Australia,Perú,"1ra Ronda, Grupo C",C,79,Paolo Hurtado,,Perú,amarilla
381,2018,Australia,Perú,"1ra Ronda, Grupo C",C,88,Mark Milligan,,Australia,amarilla
382,2018,Nigeria,Argentina,"1ra Ronda, Grupo D",D,32,Leon Balogun,,Nigeria,amarilla
383,2018,Nigeria,Argentina,"1ra Ronda, Grupo D",D,49,Javier Mascherano,,Argentina,amarilla
384,2018,Nigeria,Argentina,"1ra Ronda, Grupo D",D,64,Ever Banega,,Argentina,amarilla
385,2018,Nigeria,Argentina,"1ra Ronda, Grupo D",D,90,John Obi Mikel,,Nigeria,amarilla
386,2018,Nigeria,Argentina,"1ra Ronda, Grupo D",D,90,Lionel Messi,,Argentina,amarilla
387,2018,Islandia,Croacia,"1ra Ronda, Grupo D",D,14,Marko Pjaca,,Croacia,amarilla
388,2018,Islandia,Croacia,"1ra Ronda, Grupo D",D,59,Emil Hallfredsson,,Islandia,amarilla
389,2018,Islandia,Croacia,"1ra Ronda, Grupo D",D,64,Alfred Finnbogason,,Islandia,amarilla
390,2018,Islandia,Croacia,"1ra Ronda, Grupo D",D,83,Tin Jedvaj,,Croacia,amarilla
391,2018,Islandia,Croacia,"1ra Ronda, Grupo D",D,84,Birkir Már Saevarsson,,Islandia,amarilla
392,2018,Serbia,Brasil,"1ra Ronda, Grupo E",E,33,Adem Ljajić,,Serbia,amarilla
393,2018,Serbia,Brasil,"1ra Ronda, Grupo E",E,48,Nemanja Matić,,Serbia,amarilla
394,2018,Serbia,Brasil,"1ra Ronda, Grupo E",E,70,Aleksandar Mitrović,,Serbia,amarilla
395,2018,Suiza,Costa Rica,"1ra Ronda, Grupo E",E,11,Cristian Gamboa,,Costa Rica,amarilla
396,2018,Suiza,Costa Rica,"1ra Ronda, Grupo E",E,29,Joel Campbell,,Costa Rica,amarilla
397,2018,Suiza,Costa Rica,"1ra Ronda, Grupo E",E,37,Stephan Lichtsteiner,,Suiza,amarilla
398,2018,Suiza,Costa Rica,"1ra Ronda, Grupo E",E,75,Denis Zakaria,,Suiza,amarilla
399,2018,Suiza,Costa Rica,"1ra Ronda, Grupo E",E,83,Fabian Schär,,Suiza,amarilla
400,2018,Suiza,Costa Rica,"1ra Ronda, Grupo E",E,89,Kendall Waston,,Costa Rica,amarilla
401,2018,Corea del Sur,Alemania,"1ra Ronda, Grupo F",F,9,Woo-young Jung,,Corea del Sur,amarilla
402,2018,Corea del Sur,Alemania,"1ra Ronda, Grupo F",F,23,Jae-sung Lee,,Corea del Sur,amarilla
403,2018,Corea del Sur,Alemania,"1ra Ronda, Grupo F",F,48,Seon-min Moon,,Corea del Sur,amarilla
404,2018,Corea del Sur,Alemania,"1ra Ronda, Grupo F",F,65,Heung-Min Son,,Corea del Sur,amarilla
405,2018,México,Suecia,"1ra Ronda, Grupo F",F,1,Jesús Gallardo,,xico,amarilla
406,2018,México,Suecia,"1ra Ronda, Grupo F",F,26,Sebastian Larsson,,Suecia,amarilla
407,2018,México,Suecia,"1ra Ronda, Grupo F",F,61,Hector Moreno,,xico,amarilla
408,2018,México,Suecia,"1ra Ronda, Grupo F",F,86,Miguel Layún,,xico,amarilla
409,2018,México,Suecia,"1ra Ronda, Grupo F",F,88,Mikael Lustig,,Suecia,amarilla
410,2018,Inglaterra,Bélgica,"1ra Ronda, Grupo G",G,19,Youri Tielemans,,lgica,amarilla
411,2018,Inglaterra,Bélgica,"1ra Ronda, Grupo G",G,33,Leander Dendoncker,,lgica,amarilla
412,2018,Panamá,Túnez,"1ra Ronda, Grupo G",G,44,Ferjani Sassi,,nez,amarilla
413,2018,Panamá,Túnez,"1ra Ronda, Grupo G",G,71,Anice Badri,,nez,amarilla
414,2018,Panamá,Túnez,"1ra Ronda, Grupo G",G,78,Ricardo Ávila,,Panamá,amarilla
415,2018,Panamá,Túnez,"1ra Ronda, Grupo G",G,80,Gabriel Enrique Gómez,,Panamá,amarilla
416,2018,Panamá,Túnez,"1ra Ronda, Grupo G",G,90,Ghailene Chaalali,,nez,amarilla
417,2018,Panamá,Túnez,"1ra Ronda, Grupo G",G,90,Luis Tejada,,Panamá,amarilla
418,2018,Japón,Polonia,"1ra Ronda, Grupo H",H,66,Tomoaki Makino,,n,amarilla
419,2018,Senegal,Colombia,"1ra Ronda, Grupo H",H,45,Johan Mojica,,Colombia,amarilla
420,2018,Senegal,Colombia,"1ra Ronda, Grupo H",H,51,M'Baye Niang,,Senegal,amarilla
421,2018,Uruguay,Portugal,Octavos,,90,Cristiano Ronaldo,,Portugal,amarilla
422,2018,Francia,Argentina,Octavos,,11,Marcos Rojo,,Argentina,amarilla
423,2018,Francia,Argentina,Octavos,,19,Nicolas Tagliafico,,Argentina,amarilla
424,2018,Francia,Argentina,Octavos,,43,Javier Mascherano,,Argentina,amarilla
425,2018,Francia,Argentina,Octavos,,50,Ever Banega,,Argentina,amarilla
426,2018,Francia,Argentina,Octavos,,72,Blaise Matuidi,,Francia,amarilla
427,2018,Francia,Argentina,Octavos,,73,Benjamin Pavard,,Francia,amarilla
428,2018,Francia,Argentina,Octavos,,90,Olivier Giroud,,Francia,amarilla
429,2018,Francia,Argentina,Octavos,,90,Nicolas Otamendi,,Argentina,amarilla
430,2018,España,Rusia,Octavos,,40,Gerard Piqué,,a,amarilla
431,2018,España,Rusia,Octavos,,54,Ilya Kutepov,,Rusia,amarilla
432,2018,España,Rusia,Octavos,,71,Roman Zobnin,,Rusia,amarilla
433,2018,Croacia,Dinamarca,Octavos,,115,Mathias Jørgensen,,Dinamarca,amarilla
434,2018,Brasil,México,Octavos,,38,Edson Álvarez,,xico,amarilla
435,2018,Brasil,México,Octavos,,43,Filipe Luís,,Brasil,amarilla
436,2018,Brasil,México,Octavos,,55,Héctor Herrera,,xico,amarilla
437,2018,Brasil,México,Octavos,,59,Casemiro,,Brasil,amarilla
438,2018,Brasil,México,Octavos,,77,Carlos Salcedo,,xico,amarilla
439,2018,Brasil,México,Octavos,,90,Andres Guardado,,xico,amarilla
440,2018,Bélgica,Japón,Octavos,,40,Gaku Shibasaki,,n,amarilla
441,2018,Suecia,Suiza,Octavos,,31,Mikael Lustig,,Suecia,amarilla
442,2018,Suecia,Suiza,Octavos,,61,Valon Behrami,,Suiza,amarilla
443,2018,Suecia,Suiza,Octavos,,68,Granit Xhaka,,Suiza,amarilla
444,2018,Suecia,Suiza,Octavos,,90,Michael Lang,,Suiza,roja
445,2018,Colombia,Inglaterra,Octavos,,41,Wílmar Barrios,,Colombia,amarilla
446,2018,Colombia,Inglaterra,Octavos,,52,Santiago Arias,,Colombia,amarilla
447,2018,Colombia,Inglaterra,Octavos,,54,Carlos Sánchez,,Colombia,amarilla
448,2018,Colombia,Inglaterra,Octavos,,56,Jordan Henderson,,Inglaterra,amarilla
449,2018,Colombia,Inglaterra,Octavos,,63,Radamel Falcao,,Colombia,amarilla
450,2018,Colombia,Inglaterra,Octavos,,64,Carlos Bacca,,Colombia,amarilla
451,2018,Colombia,Inglaterra,Octavos,,69,Jesse Lingard,,Inglaterra,amarilla
452,2018,Colombia,Inglaterra,Octavos,,118,Juan Guillermo Cuadrado,,Colombia,amarilla
453,2018,Uruguay,Francia,Cuartos,,33,Lucas Hernandez,,Francia,amarilla
454,2018,Uruguay,Francia,Cuartos,,38,Rodrigo Bentancur,,Uruguay,amarilla
455,2018,Uruguay,Francia,Cuartos,,69,Kylian Mbappé,,Francia,amarilla
456,2018,Uruguay,Francia,Cuartos,,69,Cristian Rodríguez,,Uruguay,amarilla
457,2018,Brasil,Bélgica,Cuartos,,47,Toby Alderweireld,,lgica,amarilla
458,2018,Brasil,Bélgica,Cuartos,,71,Thomas Meunier,,lgica,amarilla
459,2018,Brasil,Bélgica,Cuartos,,85,Fernandinho,,Brasil,amarilla
460,2018,Brasil,Bélgica,Cuartos,,90,Fagner,,Brasil,amarilla
461,2018,Rusia,Croacia,Cuartos,,35,Dejan Lovren,,Croacia,amarilla
462,2018,Rusia,Croacia,Cuartos,,38,Ivan Strinić,,Croacia,amarilla
463,2018,Rusia,Croacia,Cuartos,,101,Domagoj Vida,,Croacia,amarilla
464,2018,Rusia,Croacia,Cuartos,,109,Yury Gazinsky,,Rusia,amarilla
465,2018,Rusia,Croacia,Cuartos,,114,Josip Pivarić,,Croacia,amarilla
466,2018,Suecia,Inglaterra,Cuartos,,87,Harry Maguire,,Inglaterra,amarilla
467,2018,Suecia,Inglaterra,Cuartos,,87,John Guidetti,,Suecia,amarilla
468,2018,Suecia,Inglaterra,Cuartos,,90,Sebastian Larsson,,Suecia,amarilla
469,2018,Francia,Bélgica,Semis,,63,Eden Hazard,,lgica,amarilla
470,2018,Francia,Bélgica,Semis,,71,Toby Alderweireld,,lgica,amarilla
471,2018,Francia,Bélgica,Semis,,87,N'Golo Kanté,,Francia,amarilla
472,2018,Francia,Bélgica,Semis,,90,Kylian Mbappé,,Francia,amarilla
473,2018,Francia,Bélgica,Semis,,90,Jan Vertonghen,,lgica,amarilla
474,2018,Croacia,Inglaterra,Semis,,48,Mario Mandzukic,,Croacia,amarilla
475,2018,Croacia,Inglaterra,Semis,,54,Kyle Walker,,Inglaterra,amarilla
476,2018,Croacia,Inglaterra,Semis,,96,Ante Rebic,,Croacia,amarilla
477,2018,Bélgica,Inglaterra,3er Puesto,,52,John Stones,,Inglaterra,amarilla
478,2018,Bélgica,Inglaterra,3er Puesto,,77,Harry Maguire,,Inglaterra,amarilla
479,2018,Bélgica,Inglaterra,3er Puesto,,90,Axel Witsel,,lgica,amarilla
480,2018,Francia,Croacia,Final,,27,N'Golo Kanté,,Francia,amarilla
481,2018,Francia,Croacia,Final,,41,Lucas Hernandez,,Francia,amarilla
482,2018,Francia,Croacia,Final,,90,Sime Vrsaljko,,Croacia,amarilla
483,2014,Brasil,Croacia,"1ra Ronda, Grupo A",A,27,Neymar Jr.,,Brasil,amarilla
484,2014,Brasil,Croacia,"1ra Ronda, Grupo A",A,66,Vedran Corluka,,Croacia,amarilla
485,2014,Brasil,Croacia,"1ra Ronda, Grupo A",A,69,Dejan Lovren,,Croacia,amarilla
486,2014,Brasil,Croacia,"1ra Ronda, Grupo A",A,88,Luiz Gustavo,,Brasil,amarilla
487,2014,México,Camerún,"1ra Ronda, Grupo A",A,57,Hector Moreno,,xico,amarilla
488,2014,México,Camerún,"1ra Ronda, Grupo A",A,77,Dany Nounkeu,,n,amarilla
489,2014,España,Paises Bajos,"1ra Ronda, Grupo B",B,25,Jonathan de Guzmán,,Paises Bajos,amarilla
490,2014,España,Paises Bajos,"1ra Ronda, Grupo B",B,41,Stefan de Vrij,,Paises Bajos,amarilla
491,2014,España,Paises Bajos,"1ra Ronda, Grupo B",B,65,Iker Casillas,,a,amarilla
492,2014,España,Paises Bajos,"1ra Ronda, Grupo B",B,66,Robin Van Persie,,Paises Bajos,amarilla
493,2014,Chile,Australia,"1ra Ronda, Grupo B",B,44,Tim Cahill,,Australia,amarilla
494,2014,Chile,Australia,"1ra Ronda, Grupo B",B,58,Mile Jedinak,,Australia,amarilla
495,2014,Chile,Australia,"1ra Ronda, Grupo B",B,67,Mark Milligan,,Australia,amarilla
496,2014,Chile,Australia,"1ra Ronda, Grupo B",B,86,Charles Aránguiz,,Chile,amarilla
497,2014,Colombia,Grecia,"1ra Ronda, Grupo C",C,26,Carlos Sánchez,,Colombia,amarilla
498,2014,Colombia,Grecia,"1ra Ronda, Grupo C",C,52,Sokratis Papastathopoulos,,Grecia,amarilla
499,2014,Colombia,Grecia,"1ra Ronda, Grupo C",C,55,Dimitrios Salpingidis,,Grecia,amarilla
500,2014,Costa de Marfil,Japón,"1ra Ronda, Grupo C",C,23,Maya Yoshida,,n,amarilla
501,2014,Costa de Marfil,Japón,"1ra Ronda, Grupo C",C,54,Souleymane Bamba,,Costa de Marfil,amarilla
502,2014,Costa de Marfil,Japón,"1ra Ronda, Grupo C",C,58,Didier Zokora,,Costa de Marfil,amarilla
503,2014,Costa de Marfil,Japón,"1ra Ronda, Grupo C",C,64,Masato Morishige,,n,amarilla
504,2014,Uruguay,Costa Rica,"1ra Ronda, Grupo D",D,50,Diego Lugano,,Uruguay,amarilla
505,2014,Uruguay,Costa Rica,"1ra Ronda, Grupo D",D,56,Walter Gargano,,Uruguay,amarilla
506,2014,Uruguay,Costa Rica,"1ra Ronda, Grupo D",D,81,Martin Caceres,,Uruguay,amarilla
507,2014,Uruguay,Costa Rica,"1ra Ronda, Grupo D",D,90,Maximiliano Pereira,,Uruguay,roja
508,2014,Inglaterra,Italia,"1ra Ronda, Grupo D",D,90,Raheem Sterling,,Inglaterra,amarilla
509,2014,Suiza,Ecuador,"1ra Ronda, Grupo E",E,53,Juan Carlos Paredes,,Ecuador,amarilla
510,2014,Suiza,Ecuador,"1ra Ronda, Grupo E",E,84,Johan Djourou,,Suiza,amarilla
511,2014,Francia,Honduras,"1ra Ronda, Grupo E",E,7,Patrice Evra,,Francia,amarilla
512,2014,Francia,Honduras,"1ra Ronda, Grupo E",E,28,Wilson Palacios,,Honduras,amarilla
513,2014,Francia,Honduras,"1ra Ronda, Grupo E",E,28,Paul Pogba,,Francia,amarilla
514,2014,Francia,Honduras,"1ra Ronda, Grupo E",E,43,Wilson Palacios,,Honduras,amarilla
515,2014,Francia,Honduras,"1ra Ronda, Grupo E",E,45,Yohan Cabaye,,Francia,amarilla
516,2014,Francia,Honduras,"1ra Ronda, Grupo E",E,53,Oscar Boniek Garcia,,Honduras,amarilla
517,2014,Francia,Honduras,"1ra Ronda, Grupo E",E,83,Luis Garrido,,Honduras,amarilla
518,2014,Argentina,Bosnia-Herzegovina,"1ra Ronda, Grupo F",F,25,Marcos Rojo,,Argentina,amarilla
519,2014,Argentina,Bosnia-Herzegovina,"1ra Ronda, Grupo F",F,63,Emir Spahic,,Herzegovina,amarilla
520,2014,Irán,Nigeria,"1ra Ronda, Grupo F",F,75,Andranik Teymourian,,n,amarilla
521,2014,Alemania,Portugal,"1ra Ronda, Grupo G",G,11,João Pereira,,Portugal,amarilla
522,2014,Alemania,Portugal,"1ra Ronda, Grupo G",G,37,Pepe,,Portugal,roja
523,2014,Ghana,Estados Unidos,"1ra Ronda, Grupo G",G,30,Mohammed Rabiu,,Ghana,amarilla
524,2014,Ghana,Estados Unidos,"1ra Ronda, Grupo G",G,90,Sulley Muntari,,Ghana,amarilla
525,2014,Bélgica,Argelia,"1ra Ronda, Grupo H",H,24,Jan Vertonghen,,lgica,amarilla
526,2014,Bélgica,Argelia,"1ra Ronda, Grupo H",H,34,Nabil Bentaleb,,Argelia,amarilla
527,2014,Rusia,Corea del Sur,"1ra Ronda, Grupo H",H,13,Heung-Min Son,,Corea del Sur,amarilla
528,2014,Rusia,Corea del Sur,"1ra Ronda, Grupo H",H,30,Sung-yueng Ki,,Corea del Sur,amarilla
529,2014,Rusia,Corea del Sur,"1ra Ronda, Grupo H",H,49,Oleg Shatov,,Rusia,amarilla
530,2014,Rusia,Corea del Sur,"1ra Ronda, Grupo H",H,90,Ja-Cheol Koo,,Corea del Sur,amarilla
531,2014,Brasil,México,"1ra Ronda, Grupo A",A,45,Ramires,,Brasil,amarilla
532,2014,Brasil,México,"1ra Ronda, Grupo A",A,59,Paul Aguilar,,xico,amarilla
533,2014,Brasil,México,"1ra Ronda, Grupo A",A,62,José Juan Vázquez,,xico,amarilla
534,2014,Brasil,México,"1ra Ronda, Grupo A",A,79,Thiago Silva,,Brasil,amarilla
535,2014,Camerún,Croacia,"1ra Ronda, Grupo A",A,40,Alexandre Song,,n,roja
536,2014,Camerún,Croacia,"1ra Ronda, Grupo A",A,89,Eduardo,,Croacia,amarilla
537,2014,España,Chile,"1ra Ronda, Grupo B",B,26,Arturo Vidal,,Chile,amarilla
538,2014,España,Chile,"1ra Ronda, Grupo B",B,41,Xabi Alonso,,a,amarilla
539,2014,España,Chile,"1ra Ronda, Grupo B",B,61,Eugenio Mena,,Chile,amarilla
540,2014,Australia,Paises Bajos,"1ra Ronda, Grupo B",B,43,Tim Cahill,,Australia,amarilla
541,2014,Australia,Paises Bajos,"1ra Ronda, Grupo B",B,47,Robin Van Persie,,Paises Bajos,amarilla
542,2014,Colombia,Costa de Marfil,"1ra Ronda, Grupo C",C,55,Didier Zokora,,Costa de Marfil,amarilla
543,2014,Colombia,Costa de Marfil,"1ra Ronda, Grupo C",C,90,Ismael Tiote,,Costa de Marfil,amarilla
544,2014,Japón,Grecia,"1ra Ronda, Grupo C",C,12,Makoto Hasebe,,n,amarilla
545,2014,Japón,Grecia,"1ra Ronda, Grupo C",C,27,Konstantinos Katsouranis,,Grecia,amarilla
546,2014,Japón,Grecia,"1ra Ronda, Grupo C",C,38,Konstantinos Katsouranis,,Grecia,amarilla
547,2014,Japón,Grecia,"1ra Ronda, Grupo C",C,55,Georgios Samaras,,Grecia,amarilla
548,2014,Japón,Grecia,"1ra Ronda, Grupo C",C,89,Vasileios Torosidis,,Grecia,amarilla
549,2014,Uruguay,Inglaterra,"1ra Ronda, Grupo D",D,9,Diego Godin,,Uruguay,amarilla
550,2014,Uruguay,Inglaterra,"1ra Ronda, Grupo D",D,68,Steven Gerrard,,Inglaterra,amarilla
551,2014,Italia,Costa Rica,"1ra Ronda, Grupo D",D,69,Mario Balotelli,,Italia,amarilla
552,2014,Italia,Costa Rica,"1ra Ronda, Grupo D",D,71,José Cubero,,Costa Rica,amarilla
553,2014,Suiza,Francia,"1ra Ronda, Grupo E",E,88,Yohan Cabaye,,Francia,amarilla
554,2014,Honduras,Ecuador,"1ra Ronda, Grupo E",E,7,Victor Bernardez,,Honduras,amarilla
555,2014,Honduras,Ecuador,"1ra Ronda, Grupo E",E,45,Jerry Bengtson,,Honduras,amarilla
556,2014,Honduras,Ecuador,"1ra Ronda, Grupo E",E,57,Antonio Valencia,,Ecuador,amarilla
557,2014,Honduras,Ecuador,"1ra Ronda, Grupo E",E,73,Enner Valencia,,Ecuador,amarilla
558,2014,Honduras,Ecuador,"1ra Ronda, Grupo E",E,80,Jefferson Montero,,Ecuador,amarilla
559,2014,Argentina,Irán,"1ra Ronda, Grupo F",F,53,Javad Nekounam,,n,amarilla
560,2014,Argentina,Irán,"1ra Ronda, Grupo F",F,73,Masoud Shojaei,,n,amarilla
561,2014,Nigeria,Bosnia-Herzegovina,"1ra Ronda, Grupo F",F,6,Haris Medunjanin,,Herzegovina,amarilla
562,2014,Nigeria,Bosnia-Herzegovina,"1ra Ronda, Grupo F",F,81,John Obi Mikel,,Nigeria,amarilla
563,2014,Alemania,Ghana,"1ra Ronda, Grupo G",G,90,Sulley Muntari,,Ghana,amarilla
564,2014,Estados Unidos,Portugal,"1ra Ronda, Grupo G",G,75,Jermaine Jones,,Estados Unidos,amarilla
565,2014,Bélgica,Rusia,"1ra Ronda, Grupo H",H,38,Denis Glushakov,,Rusia,amarilla
566,2014,Bélgica,Rusia,"1ra Ronda, Grupo H",H,54,Axel Witsel,,lgica,amarilla
567,2014,Bélgica,Rusia,"1ra Ronda, Grupo H",H,73,Toby Alderweireld,,lgica,amarilla
568,2014,Corea del Sur,Argelia,"1ra Ronda, Grupo H",H,54,Yong Lee,,Corea del Sur,amarilla
569,2014,Corea del Sur,Argelia,"1ra Ronda, Grupo H",H,67,Madjid Bougherra,,Argelia,amarilla
570,2014,Corea del Sur,Argelia,"1ra Ronda, Grupo H",H,69,Kook-Young Han,,Corea del Sur,amarilla
571,2014,Camerún,Brasil,"1ra Ronda, Grupo A",A,11,Eyong Enoh,,n,amarilla
572,2014,Camerún,Brasil,"1ra Ronda, Grupo A",A,75,Edgar Salli,,n,amarilla
573,2014,Camerún,Brasil,"1ra Ronda, Grupo A",A,80,Stephane Mbia,,n,amarilla
574,2014,Croacia,México,"1ra Ronda, Grupo A",A,9,Ivan Rakitic,,Croacia,amarilla
575,2014,Croacia,México,"1ra Ronda, Grupo A",A,39,Rafael Marquez,,xico,amarilla
576,2014,Croacia,México,"1ra Ronda, Grupo A",A,66,José Juan Vázquez,,xico,amarilla
577,2014,Croacia,México,"1ra Ronda, Grupo A",A,69,Ante Rebic,,Croacia,roja
578,2014,Australia,España,"1ra Ronda, Grupo B",B,62,Sergio Ramos,,a,amarilla
579,2014,Australia,España,"1ra Ronda, Grupo B",B,88,Matthew Spiranovic,,Australia,amarilla
580,2014,Australia,España,"1ra Ronda, Grupo B",B,90,Mile Jedinak,,Australia,amarilla
581,2014,Paises Bajos,Chile,"1ra Ronda, Grupo B",B,25,Francisco Silva,,Chile,amarilla
582,2014,Paises Bajos,Chile,"1ra Ronda, Grupo B",B,64,Daley Blind,,Paises Bajos,amarilla
583,2014,Japón,Colombia,"1ra Ronda, Grupo C",C,16,Yasuyuki Konno,,n,amarilla
584,2014,Japón,Colombia,"1ra Ronda, Grupo C",C,63,Fredy Guarín,,Colombia,amarilla
585,2014,Grecia,Costa de Marfil,"1ra Ronda, Grupo C",C,37,Didier Drogba,,Costa de Marfil,amarilla
586,2014,Grecia,Costa de Marfil,"1ra Ronda, Grupo C",C,62,Salomon Kalou,,Costa de Marfil,amarilla
587,2014,Grecia,Costa de Marfil,"1ra Ronda, Grupo C",C,70,Serey Die,,Costa de Marfil,amarilla
588,2014,Italia,Uruguay,"1ra Ronda, Grupo D",D,22,Mario Balotelli,,Italia,amarilla
589,2014,Italia,Uruguay,"1ra Ronda, Grupo D",D,46,Egidio Arevalo,,Uruguay,amarilla
590,2014,Italia,Uruguay,"1ra Ronda, Grupo D",D,59,Claudio Marchisio,,Italia,roja
591,2014,Italia,Uruguay,"1ra Ronda, Grupo D",D,77,Mattia De Sciglio,,Italia,amarilla
592,2014,Italia,Uruguay,"1ra Ronda, Grupo D",D,90,Fernando Muslera,,Uruguay,amarilla
593,2014,Costa Rica,Inglaterra,"1ra Ronda, Grupo D",D,53,Ross Barkley,,Inglaterra,amarilla
594,2014,Costa Rica,Inglaterra,"1ra Ronda, Grupo D",D,57,Adam Lallana,,Inglaterra,amarilla
595,2014,Costa Rica,Inglaterra,"1ra Ronda, Grupo D",D,60,Giancarlo Gonzalez,,Costa Rica,amarilla
596,2014,Honduras,Suiza,"1ra Ronda, Grupo E",E,66,Jerry Palacios,,Honduras,amarilla
597,2014,Ecuador,Francia,"1ra Ronda, Grupo E",E,50,Antonio Valencia,,Ecuador,roja
598,2014,Ecuador,Francia,"1ra Ronda, Grupo E",E,83,Frickson Erazo,,Ecuador,amarilla
599,2014,Nigeria,Argentina,"1ra Ronda, Grupo F",F,49,Kenneth Omeruo,,Nigeria,amarilla
600,2014,Nigeria,Argentina,"1ra Ronda, Grupo F",F,51,Juwon Oshaniwa,,Nigeria,amarilla
601,2014,Bosnia-Herzegovina,Irán,"1ra Ronda, Grupo F",F,77,Muhamed Besic,,Herzegovina,amarilla
602,2014,Bosnia-Herzegovina,Irán,"1ra Ronda, Grupo F",F,88,Karim Ansarifard,,n,amarilla
603,2014,Estados Unidos,Alemania,"1ra Ronda, Grupo G",G,11,Benedikt Höwedes,,Alemania,amarilla
604,2014,Estados Unidos,Alemania,"1ra Ronda, Grupo G",G,37,Omar González,,Estados Unidos,amarilla
605,2014,Estados Unidos,Alemania,"1ra Ronda, Grupo G",G,62,Kyle Beckerman,,Estados Unidos,amarilla
606,2014,Portugal,Ghana,"1ra Ronda, Grupo G",G,39,Harrison Afful,,Ghana,amarilla
607,2014,Portugal,Ghana,"1ra Ronda, Grupo G",G,55,Majeed Waris,,Ghana,amarilla
608,2014,Portugal,Ghana,"1ra Ronda, Grupo G",G,78,Jordan Ayew,,Ghana,amarilla
609,2014,Portugal,Ghana,"1ra Ronda, Grupo G",G,90,João Moutinho,,Portugal,amarilla
610,2014,Corea del Sur,Bélgica,"1ra Ronda, Grupo H",H,35,Jeong-Ho Hong,,Corea del Sur,amarilla
611,2014,Corea del Sur,Bélgica,"1ra Ronda, Grupo H",H,45,Steven Defour,,lgica,roja
612,2014,Corea del Sur,Bélgica,"1ra Ronda, Grupo H",H,50,Mousa Dembélé,,lgica,amarilla
613,2014,Argelia,Rusia,"1ra Ronda, Grupo H",H,39,Djamel Mesbah,,Argelia,amarilla
614,2014,Argelia,Rusia,"1ra Ronda, Grupo H",H,57,Dmitri Kombarov,,Rusia,amarilla
615,2014,Argelia,Rusia,"1ra Ronda, Grupo H",H,59,Aleksei Kozlov,,Rusia,amarilla
616,2014,Argelia,Rusia,"1ra Ronda, Grupo H",H,87,Nabil Ghilas,,Argelia,amarilla
617,2014,Argelia,Rusia,"1ra Ronda, Grupo H",H,90,Liassine Cadamuro,,Argelia,amarilla
618,2014,Brasil,Chile,Octavos,,17,Eugenio Mena,,Chile,amarilla
619,2014,Brasil,Chile,Octavos,,40,Francisco Silva,,Chile,amarilla
620,2014,Brasil,Chile,Octavos,,55,Hulk,,Brasil,amarilla
621,2014,Brasil,Chile,Octavos,,60,Luiz Gustavo,,Brasil,amarilla
622,2014,Brasil,Chile,Octavos,,93,Jo,,Brasil,amarilla
623,2014,Brasil,Chile,Octavos,,102,Mauricio Pinilla,,Chile,amarilla
624,2014,Brasil,Chile,Octavos,,105,Dani Alves,,Brasil,amarilla
625,2014,Colombia,Uruguay,Octavos,,55,José María Giménez,,Uruguay,amarilla
626,2014,Colombia,Uruguay,Octavos,,77,Diego Lugano,,Uruguay,amarilla
627,2014,Colombia,Uruguay,Octavos,,78,Pablo Armero,,Colombia,amarilla
628,2014,Paises Bajos,México,Octavos,,69,Paul Aguilar,,xico,amarilla
629,2014,Paises Bajos,México,Octavos,,90,Rafael Marquez,,xico,amarilla
630,2014,Paises Bajos,México,Octavos,,90,Andres Guardado,,xico,amarilla
631,2014,Costa Rica,Grecia,Octavos,,36,Andreas Samaris,,Grecia,amarilla
632,2014,Costa Rica,Grecia,Octavos,,42,Óscar Duarte,,Costa Rica,amarilla
633,2014,Costa Rica,Grecia,Octavos,,48,Yeltsin Tejeda,,Costa Rica,amarilla
634,2014,Costa Rica,Grecia,Octavos,,57,Esteban Granados,,Costa Rica,amarilla
635,2014,Costa Rica,Grecia,Octavos,,66,Óscar Duarte,,Costa Rica,amarilla
636,2014,Costa Rica,Grecia,Octavos,,70,Bryan Ruiz,,Costa Rica,amarilla
637,2014,Costa Rica,Grecia,Octavos,,72,Kostas Manolas,,Grecia,amarilla
638,2014,Costa Rica,Grecia,Octavos,,90,Keylor Navas,,Costa Rica,amarilla
639,2014,Francia,Nigeria,Octavos,,54,Blaise Matuidi,,Francia,amarilla
640,2014,Alemania,Argelia,Octavos,,42,Rafik Halliche,,Argelia,amarilla
641,2014,Alemania,Argelia,Octavos,,107,Philipp Lahm,,Alemania,amarilla
642,2014,Argentina,Suiza,Octavos,,36,Granit Xhaka,,Suiza,amarilla
643,2014,Argentina,Suiza,Octavos,,73,Gelson Fernandes,,Suiza,amarilla
644,2014,Argentina,Suiza,Octavos,,90,Marcos Rojo,,Argentina,amarilla
645,2014,Argentina,Suiza,Octavos,,120,Angel Di Maria,,Argentina,amarilla
646,2014,Argentina,Suiza,Octavos,,120,Ezequiel Garay,,Argentina,amarilla
647,2014,Bélgica,Estados Unidos,Octavos,,18,Geoff Cameron,,Estados Unidos,amarilla
648,2014,Bélgica,Estados Unidos,Octavos,,42,Vincent Kompany,,lgica,amarilla
649,2014,Brasil,Colombia,Cuartos,,64,Thiago Silva,,Brasil,amarilla
650,2014,Brasil,Colombia,Cuartos,,67,James Rodríguez,,Colombia,amarilla
651,2014,Brasil,Colombia,Cuartos,,69,Mario Yepes,,Colombia,amarilla
652,2014,Brasil,Colombia,Cuartos,,78,Julio Cesar,,Brasil,amarilla
653,2014,Francia,Alemania,Cuartos,,54,Sami Khedira,,Alemania,amarilla
654,2014,Francia,Alemania,Cuartos,,80,Bastian Schweinsteiger,,Alemania,amarilla
655,2014,Paises Bajos,Costa Rica,Cuartos,,37,Júnior Díaz,,Costa Rica,amarilla
656,2014,Paises Bajos,Costa Rica,Cuartos,,52,Michael Umaña,,Costa Rica,amarilla
657,2014,Paises Bajos,Costa Rica,Cuartos,,64,Bruno Martins Indi,,Paises Bajos,amarilla
658,2014,Paises Bajos,Costa Rica,Cuartos,,81,Giancarlo Gonzalez,,Costa Rica,amarilla
659,2014,Paises Bajos,Costa Rica,Cuartos,,107,Johnny Acosta,,Costa Rica,amarilla
660,2014,Paises Bajos,Costa Rica,Cuartos,,111,Klaas Jan Huntelaar,,Paises Bajos,amarilla
661,2014,Argentina,Bélgica,Cuartos,,53,Eden Hazard,,lgica,amarilla
662,2014,Argentina,Bélgica,Cuartos,,68,Toby Alderweireld,,lgica,amarilla
663,2014,Argentina,Bélgica,Cuartos,,75,Lucas Biglia,,Argentina,amarilla
664,2014,Brasil,Alemania,Semis,,68,Dante,,Brasil,amarilla
665,2014,Paises Bajos,Argentina,Semis,,45,Bruno Martins Indi,,Paises Bajos,amarilla
666,2014,Paises Bajos,Argentina,Semis,,49,Martin Demichelis,,Argentina,amarilla
667,2014,Paises Bajos,Argentina,Semis,,105,Klaas Jan Huntelaar,,Paises Bajos,amarilla
668,2014,Brasil,Paises Bajos,3er Puesto,,2,Thiago Silva,,Brasil,amarilla
669,2014,Brasil,Paises Bajos,3er Puesto,,9,Arjen Robben,,Paises Bajos,amarilla
670,2014,Brasil,Paises Bajos,3er Puesto,,36,Jonathan de Guzmán,,Paises Bajos,amarilla
671,2014,Brasil,Paises Bajos,3er Puesto,,54,Fernandinho,,Brasil,amarilla
672,2014,Brasil,Paises Bajos,3er Puesto,,68,Oscar,,Brasil,amarilla
673,2014,Alemania,Argentina,Final,,29,Bastian Schweinsteiger,,Alemania,amarilla
674,2014,Alemania,Argentina,Final,,34,Benedikt Höwedes,,Alemania,amarilla
675,2014,Alemania,Argentina,Final,,64,Javier Mascherano,,Argentina,amarilla
676,2014,Alemania,Argentina,Final,,65,Sergio Agüero,,Argentina,amarilla
677,2010,Sudáfrica,México,"1ra Ronda, Grupo A",A,18,Efrain Juarez,,xico,amarilla
678,2010,Sudáfrica,México,"1ra Ronda, Grupo A",A,27,Kagisho Dikgacoi,,frica,amarilla
679,2010,Sudáfrica,México,"1ra Ronda, Grupo A",A,57,Gerardo Torrado,,xico,amarilla
680,2010,Sudáfrica,México,"1ra Ronda, Grupo A",A,70,Tsepo Masilela,,frica,amarilla
681,2010,Uruguay,Francia,"1ra Ronda, Grupo A",A,12,Patrice Evra,,Francia,amarilla
682,2010,Uruguay,Francia,"1ra Ronda, Grupo A",A,19,Franck Ribery,,Francia,amarilla
683,2010,Uruguay,Francia,"1ra Ronda, Grupo A",A,59,Mauricio Victorino,,Uruguay,amarilla
684,2010,Uruguay,Francia,"1ra Ronda, Grupo A",A,65,Nicolas Lodeiro,,Uruguay,amarilla
685,2010,Uruguay,Francia,"1ra Ronda, Grupo A",A,68,Jeremy Toulalan,,Francia,amarilla
686,2010,Uruguay,Francia,"1ra Ronda, Grupo A",A,81,Nicolas Lodeiro,,Uruguay,amarilla
687,2010,Uruguay,Francia,"1ra Ronda, Grupo A",A,90,Diego Lugano,,Uruguay,amarilla
688,2010,Argentina,Nigeria,"1ra Ronda, Grupo B",B,41,Jonas Gutierrez,,Argentina,amarilla
689,2010,Argentina,Nigeria,"1ra Ronda, Grupo B",B,77,Lukman Haruna,,Nigeria,amarilla
690,2010,Corea del Sur,Grecia,"1ra Ronda, Grupo B",B,56,Vasileios Torosidis,,Grecia,amarilla
691,2010,Inglaterra,Estados Unidos,"1ra Ronda, Grupo C",C,26,James Milner,,Inglaterra,amarilla
692,2010,Inglaterra,Estados Unidos,"1ra Ronda, Grupo C",C,39,Steve Cherundolo,,Estados Unidos,amarilla
693,2010,Inglaterra,Estados Unidos,"1ra Ronda, Grupo C",C,47,Jay Demerit,,Estados Unidos,amarilla
694,2010,Inglaterra,Estados Unidos,"1ra Ronda, Grupo C",C,60,Jamie Carragher,,Inglaterra,amarilla
695,2010,Inglaterra,Estados Unidos,"1ra Ronda, Grupo C",C,61,Steven Gerrard,,Inglaterra,amarilla
696,2010,Inglaterra,Estados Unidos,"1ra Ronda, Grupo C",C,74,Robbie Findley,,Estados Unidos,amarilla
697,2010,Argelia,Eslovenia,"1ra Ronda, Grupo C",C,35,Aleksandar Radosavljevic,,Eslovenia,amarilla
698,2010,Argelia,Eslovenia,"1ra Ronda, Grupo C",C,59,Abdelkader Ghezzal,,Argelia,amarilla
699,2010,Argelia,Eslovenia,"1ra Ronda, Grupo C",C,73,Abdelkader Ghezzal,,Argelia,amarilla
700,2010,Argelia,Eslovenia,"1ra Ronda, Grupo C",C,90,Andrej Komac,,Eslovenia,amarilla
701,2010,Argelia,Eslovenia,"1ra Ronda, Grupo C",C,90,Hassan Yebda,,Argelia,amarilla
702,2010,Alemania,Australia,"1ra Ronda, Grupo D",D,12,Mesut Ozil,,Alemania,amarilla
703,2010,Alemania,Australia,"1ra Ronda, Grupo D",D,24,Craig Moore,,Australia,amarilla
704,2010,Alemania,Australia,"1ra Ronda, Grupo D",D,46,Lucas Neill,,Australia,amarilla
705,2010,Alemania,Australia,"1ra Ronda, Grupo D",D,56,Tim Cahill,,Australia,roja
706,2010,Alemania,Australia,"1ra Ronda, Grupo D",D,58,Carl Valeri,,Australia,amarilla
707,2010,Alemania,Australia,"1ra Ronda, Grupo D",D,90,Cacau,,Alemania,amarilla
708,2010,Serbia,Ghana,"1ra Ronda, Grupo D",D,19,Nikola Zigic,,Serbia,amarilla
709,2010,Serbia,Ghana,"1ra Ronda, Grupo D",D,26,Isaac Vorsah,,Ghana,amarilla
710,2010,Serbia,Ghana,"1ra Ronda, Grupo D",D,54,Aleksandar Lukovic,,Serbia,amarilla
711,2010,Serbia,Ghana,"1ra Ronda, Grupo D",D,74,Aleksandar Lukovic,,Serbia,amarilla
712,2010,Serbia,Ghana,"1ra Ronda, Grupo D",D,83,Zdravko Kuzmanovic,,Serbia,amarilla
713,2010,Serbia,Ghana,"1ra Ronda, Grupo D",D,89,Prince Tagoe,,Ghana,amarilla
714,2010,Paises Bajos,Dinamarca,"1ra Ronda, Grupo E",E,44,Nigel De Jong,,Paises Bajos,amarilla
715,2010,Paises Bajos,Dinamarca,"1ra Ronda, Grupo E",E,49,Robin Van Persie,,Paises Bajos,amarilla
716,2010,Paises Bajos,Dinamarca,"1ra Ronda, Grupo E",E,63,Simon Kjaer,,Dinamarca,amarilla
717,2010,Japón,Camerún,"1ra Ronda, Grupo E",E,72,Nicolas Nkoulou,,n,amarilla
718,2010,Japón,Camerún,"1ra Ronda, Grupo E",E,90,Yuki Abe,,n,amarilla
719,2010,Italia,Paraguay,"1ra Ronda, Grupo F",F,62,Victor Caceres,,Paraguay,amarilla
720,2010,Italia,Paraguay,"1ra Ronda, Grupo F",F,70,Mauro Camoranesi,,Italia,amarilla
721,2010,Nueva Zelanda,Eslovaquia,"1ra Ronda, Grupo F",F,42,Tony Lochhead,,Nueva Zelanda,amarilla
722,2010,Nueva Zelanda,Eslovaquia,"1ra Ronda, Grupo F",F,55,Zdenko Strba,,Eslovaquia,amarilla
723,2010,Nueva Zelanda,Eslovaquia,"1ra Ronda, Grupo F",F,90,Winston Reid,,Nueva Zelanda,amarilla
724,2010,Costa de Marfil,Portugal,"1ra Ronda, Grupo G",G,7,Didier Zokora,,Costa de Marfil,amarilla
725,2010,Costa de Marfil,Portugal,"1ra Ronda, Grupo G",G,21,Cristiano Ronaldo,,Portugal,amarilla
726,2010,Costa de Marfil,Portugal,"1ra Ronda, Grupo G",G,21,Guy Demel,,Costa de Marfil,amarilla
727,2010,Brasil,Corea del Norte,"1ra Ronda, Grupo G",G,88,Ramires,,Brasil,amarilla
728,2010,Honduras,Chile,"1ra Ronda, Grupo H",H,4,Carlos Carmona,,Chile,amarilla
729,2010,Honduras,Chile,"1ra Ronda, Grupo H",H,19,Matias Fernandez,,Chile,amarilla
730,2010,Honduras,Chile,"1ra Ronda, Grupo H",H,33,Wilson Palacios,,Honduras,amarilla
731,2010,España,Suiza,"1ra Ronda, Grupo H",H,30,Stephane Grichting,,Suiza,amarilla
732,2010,España,Suiza,"1ra Ronda, Grupo H",H,73,Reto Ziegler,,Suiza,amarilla
733,2010,España,Suiza,"1ra Ronda, Grupo H",H,90,Diego Benaglio,,Suiza,amarilla
734,2010,España,Suiza,"1ra Ronda, Grupo H",H,90,Hakan Yakin,,Suiza,amarilla
735,2010,Sudáfrica,Uruguay,"1ra Ronda, Grupo A",A,6,Steven Pienaar,,frica,amarilla
736,2010,Sudáfrica,Uruguay,"1ra Ronda, Grupo A",A,42,Kagisho Dikgacoi,,frica,amarilla
737,2010,Sudáfrica,Uruguay,"1ra Ronda, Grupo A",A,76,Itumeleng Khune,,frica,roja
738,2010,Francia,México,"1ra Ronda, Grupo A",A,4,Guillermo Franco,,xico,amarilla
739,2010,Francia,México,"1ra Ronda, Grupo A",A,45,Jeremy Toulalan,,Francia,amarilla
740,2010,Francia,México,"1ra Ronda, Grupo A",A,48,Efrain Juarez,,xico,amarilla
741,2010,Francia,México,"1ra Ronda, Grupo A",A,49,Hector Moreno,,xico,amarilla
742,2010,Francia,México,"1ra Ronda, Grupo A",A,78,Eric Abidal,,Francia,amarilla
743,2010,Francia,México,"1ra Ronda, Grupo A",A,82,Francisco Rodriguez,,xico,amarilla
744,2010,Grecia,Nigeria,"1ra Ronda, Grupo B",B,15,Sokratis Papastathopoulos,,Grecia,amarilla
745,2010,Grecia,Nigeria,"1ra Ronda, Grupo B",B,33,Sani Kaita,,Nigeria,roja
746,2010,Grecia,Nigeria,"1ra Ronda, Grupo B",B,59,Alexandros Tziolis,,Grecia,amarilla
747,2010,Grecia,Nigeria,"1ra Ronda, Grupo B",B,88,Georgios Samaras,,Grecia,amarilla
748,2010,Grecia,Nigeria,"1ra Ronda, Grupo B",B,89,Chinedu Ogbuke Obasi,,Nigeria,amarilla
749,2010,Argentina,Corea del Sur,"1ra Ronda, Grupo B",B,10,Ki Hun Yeom,,Corea del Sur,amarilla
750,2010,Argentina,Corea del Sur,"1ra Ronda, Grupo B",B,34,Chung-yong Lee,,Corea del Sur,amarilla
751,2010,Argentina,Corea del Sur,"1ra Ronda, Grupo B",B,54,Jonas Gutierrez,,Argentina,amarilla
752,2010,Argentina,Corea del Sur,"1ra Ronda, Grupo B",B,55,Javier Mascherano,,Argentina,amarilla
753,2010,Argentina,Corea del Sur,"1ra Ronda, Grupo B",B,74,Gabriel Heinze,,Argentina,amarilla
754,2010,Alemania,Serbia,"1ra Ronda, Grupo D",D,12,Miroslav Klose,,Alemania,amarilla
755,2010,Alemania,Serbia,"1ra Ronda, Grupo D",D,18,Branislav Ivanovic,,Serbia,amarilla
756,2010,Alemania,Serbia,"1ra Ronda, Grupo D",D,19,Aleksandar Kolarov,,Serbia,amarilla
757,2010,Alemania,Serbia,"1ra Ronda, Grupo D",D,22,Sami Khedira,,Alemania,amarilla
758,2010,Alemania,Serbia,"1ra Ronda, Grupo D",D,32,Philipp Lahm,,Alemania,amarilla
759,2010,Alemania,Serbia,"1ra Ronda, Grupo D",D,37,Miroslav Klose,,Alemania,amarilla
760,2010,Alemania,Serbia,"1ra Ronda, Grupo D",D,57,Neven Subotic,,Serbia,amarilla
761,2010,Alemania,Serbia,"1ra Ronda, Grupo D",D,59,Nemanja Vidic,,Serbia,amarilla
762,2010,Alemania,Serbia,"1ra Ronda, Grupo D",D,73,Bastian Schweinsteiger,,Alemania,amarilla
763,2010,Eslovenia,Estados Unidos,"1ra Ronda, Grupo C",C,35,Bostjan Cesar,,Eslovenia,amarilla
764,2010,Eslovenia,Estados Unidos,"1ra Ronda, Grupo C",C,40,Robbie Findley,,Estados Unidos,amarilla
765,2010,Eslovenia,Estados Unidos,"1ra Ronda, Grupo C",C,69,Marko Suler,,Eslovenia,amarilla
766,2010,Eslovenia,Estados Unidos,"1ra Ronda, Grupo C",C,72,Andraz Kirm,,Eslovenia,amarilla
767,2010,Eslovenia,Estados Unidos,"1ra Ronda, Grupo C",C,75,Bojan Jokic,,Eslovenia,amarilla
768,2010,Inglaterra,Argelia,"1ra Ronda, Grupo C",C,58,Jamie Carragher,,Inglaterra,amarilla
769,2010,Inglaterra,Argelia,"1ra Ronda, Grupo C",C,85,Medhi Lacen,,Argelia,amarilla
770,2010,Ghana,Australia,"1ra Ronda, Grupo D",D,24,Harry Kewell,,Australia,roja
771,2010,Ghana,Australia,"1ra Ronda, Grupo D",D,40,Lee Addy,,Ghana,amarilla
772,2010,Ghana,Australia,"1ra Ronda, Grupo D",D,79,Jonathan Mensah,,Ghana,amarilla
773,2010,Ghana,Australia,"1ra Ronda, Grupo D",D,84,Anthony Annan,,Ghana,amarilla
774,2010,Ghana,Australia,"1ra Ronda, Grupo D",D,85,Craig Moore,,Australia,amarilla
775,2010,Paises Bajos,Japón,"1ra Ronda, Grupo E",E,36,Gregory Van Der Wiel,,Paises Bajos,amarilla
776,2010,Camerún,Dinamarca,"1ra Ronda, Grupo E",E,49,Sebastien Bassong,,n,amarilla
777,2010,Camerún,Dinamarca,"1ra Ronda, Grupo E",E,75,Stephane Mbia,,n,amarilla
778,2010,Camerún,Dinamarca,"1ra Ronda, Grupo E",E,86,Thomas Sorensen,,Dinamarca,amarilla
779,2010,Camerún,Dinamarca,"1ra Ronda, Grupo E",E,87,Simon Kjaer,,Dinamarca,amarilla
780,2010,Eslovaquia,Paraguay,"1ra Ronda, Grupo F",F,42,Jan Durica,,Eslovaquia,amarilla
781,2010,Eslovaquia,Paraguay,"1ra Ronda, Grupo F",F,45,Enrique Vera,,Paraguay,amarilla
782,2010,Eslovaquia,Paraguay,"1ra Ronda, Grupo F",F,47,Stanislav Sestak,,Eslovaquia,amarilla
783,2010,Eslovaquia,Paraguay,"1ra Ronda, Grupo F",F,84,Vladimir Weiss,,Eslovaquia,amarilla
784,2010,Italia,Nueva Zelanda,"1ra Ronda, Grupo F",F,14,Rory Fallon,,Nueva Zelanda,amarilla
785,2010,Italia,Nueva Zelanda,"1ra Ronda, Grupo F",F,28,Tommy Smith,,Nueva Zelanda,amarilla
786,2010,Italia,Nueva Zelanda,"1ra Ronda, Grupo F",F,87,Ryan Nelsen,,Nueva Zelanda,amarilla
787,2010,Brasil,Costa de Marfil,"1ra Ronda, Grupo G",G,88,Kaká,,Brasil,roja
788,2010,Portugal,Corea del Norte,"1ra Ronda, Grupo G",G,32,Chol Jin Pak,,Corea del Norte,amarilla
789,2010,Portugal,Corea del Norte,"1ra Ronda, Grupo G",G,38,Pedro Mendes,,Portugal,amarilla
790,2010,Portugal,Corea del Norte,"1ra Ronda, Grupo G",G,47,Yong Jo Hong,,Corea del Norte,amarilla
791,2010,Portugal,Corea del Norte,"1ra Ronda, Grupo G",G,70,Hugo Almeida,,Portugal,amarilla
792,2010,Chile,Suiza,"1ra Ronda, Grupo H",H,2,Humberto Suazo,,Chile,amarilla
793,2010,Chile,Suiza,"1ra Ronda, Grupo H",H,18,Blaise Nkufo,,Suiza,amarilla
794,2010,Chile,Suiza,"1ra Ronda, Grupo H",H,22,Carlos Carmona,,Chile,amarilla
795,2010,Chile,Suiza,"1ra Ronda, Grupo H",H,25,Waldo Ponce,,Chile,amarilla
796,2010,Chile,Suiza,"1ra Ronda, Grupo H",H,31,Valon Behrami,,Suiza,roja
797,2010,Chile,Suiza,"1ra Ronda, Grupo H",H,48,Tranquillo Barnetta,,Suiza,amarilla
798,2010,Chile,Suiza,"1ra Ronda, Grupo H",H,60,Matias Fernandez,,Chile,amarilla
799,2010,Chile,Suiza,"1ra Ronda, Grupo H",H,60,Gokhan Inler,,Suiza,amarilla
800,2010,Chile,Suiza,"1ra Ronda, Grupo H",H,61,Gary Medel,,Chile,amarilla
801,2010,Chile,Suiza,"1ra Ronda, Grupo H",H,90,Jorge Valdivia,,Chile,amarilla
802,2010,España,Honduras,"1ra Ronda, Grupo H",H,8,Danilo Turcios,,Honduras,amarilla
803,2010,España,Honduras,"1ra Ronda, Grupo H",H,38,Emilio Izaguirre,,Honduras,amarilla
804,2010,México,Uruguay,"1ra Ronda, Grupo A",A,68,Jorge Fucile,,Uruguay,amarilla
805,2010,México,Uruguay,"1ra Ronda, Grupo A",A,77,Javier Hernandez,,xico,amarilla
806,2010,México,Uruguay,"1ra Ronda, Grupo A",A,86,Israel Castro,,xico,amarilla
807,2010,Francia,Sudáfrica,"1ra Ronda, Grupo A",A,25,Yoann Gourcuff,,Francia,roja
808,2010,Francia,Sudáfrica,"1ra Ronda, Grupo A",A,71,Abou Diaby,,Francia,amarilla
809,2010,Nigeria,Corea del Sur,"1ra Ronda, Grupo B",B,31,Vincent Enyeama,,Nigeria,amarilla
810,2010,Nigeria,Corea del Sur,"1ra Ronda, Grupo B",B,37,Chinedu Ogbuke Obasi,,Nigeria,amarilla
811,2010,Nigeria,Corea del Sur,"1ra Ronda, Grupo B",B,42,Yussuf Ayila,,Nigeria,amarilla
812,2010,Nigeria,Corea del Sur,"1ra Ronda, Grupo B",B,68,Nam Il Kim,,Corea del Sur,amarilla
813,2010,Grecia,Argentina,"1ra Ronda, Grupo B",B,30,Konstantinos Katsouranis,,Grecia,amarilla
814,2010,Grecia,Argentina,"1ra Ronda, Grupo B",B,76,Mario Bolatti,,Argentina,amarilla
815,2010,Eslovenia,Inglaterra,"1ra Ronda, Grupo C",C,40,Bojan Jokic,,Eslovenia,amarilla
816,2010,Eslovenia,Inglaterra,"1ra Ronda, Grupo C",C,48,Glen Johnson,,Inglaterra,amarilla
817,2010,Eslovenia,Inglaterra,"1ra Ronda, Grupo C",C,79,Valter Birsa,,Eslovenia,amarilla
818,2010,Eslovenia,Inglaterra,"1ra Ronda, Grupo C",C,81,Zlatko Dedic,,Eslovenia,amarilla
819,2010,Estados Unidos,Argelia,"1ra Ronda, Grupo C",C,12,Hassan Yebda,,Argelia,amarilla
820,2010,Estados Unidos,Argelia,"1ra Ronda, Grupo C",C,62,Jozy Altidore,,Estados Unidos,amarilla
821,2010,Estados Unidos,Argelia,"1ra Ronda, Grupo C",C,76,Anther Yahia,,Argelia,amarilla
822,2010,Estados Unidos,Argelia,"1ra Ronda, Grupo C",C,83,Medhi Lacen,,Argelia,amarilla
823,2010,Estados Unidos,Argelia,"1ra Ronda, Grupo C",C,90,DaMarcus Beasley,,Estados Unidos,amarilla
824,2010,Estados Unidos,Argelia,"1ra Ronda, Grupo C",C,90,Anther Yahia,,Argelia,amarilla
825,2010,Ghana,Alemania,"1ra Ronda, Grupo D",D,40,Andre Ayew,,Ghana,amarilla
826,2010,Ghana,Alemania,"1ra Ronda, Grupo D",D,43,Thomas Müller,,Alemania,amarilla
827,2010,Australia,Serbia,"1ra Ronda, Grupo D",D,18,Aleksandar Lukovic,,Serbia,amarilla
828,2010,Australia,Serbia,"1ra Ronda, Grupo D",D,49,Michael Beauchamp,,Australia,amarilla
829,2010,Australia,Serbia,"1ra Ronda, Grupo D",D,50,Luke Wilkshire,,Australia,amarilla
830,2010,Australia,Serbia,"1ra Ronda, Grupo D",D,59,Milos Ninkovic,,Serbia,amarilla
831,2010,Australia,Serbia,"1ra Ronda, Grupo D",D,67,Brett Emerton,,Australia,amarilla
832,2010,Eslovaquia,Italia,"1ra Ronda, Grupo F",F,16,Zdenko Strba,,Eslovaquia,amarilla
833,2010,Eslovaquia,Italia,"1ra Ronda, Grupo F",F,31,Fabio Cannavaro,,Italia,amarilla
834,2010,Eslovaquia,Italia,"1ra Ronda, Grupo F",F,40,Robert Vittek,,Eslovaquia,amarilla
835,2010,Eslovaquia,Italia,"1ra Ronda, Grupo F",F,50,Peter Pekarik,,Eslovaquia,amarilla
836,2010,Eslovaquia,Italia,"1ra Ronda, Grupo F",F,67,Giorgio Chiellini,,Italia,amarilla
837,2010,Eslovaquia,Italia,"1ra Ronda, Grupo F",F,76,Simone Pepe,,Italia,amarilla
838,2010,Eslovaquia,Italia,"1ra Ronda, Grupo F",F,82,Jan Mucha,,Eslovaquia,amarilla
839,2010,Eslovaquia,Italia,"1ra Ronda, Grupo F",F,83,Fabio Quagliarella,,Italia,amarilla
840,2010,Paraguay,Nueva Zelanda,"1ra Ronda, Grupo F",F,10,Victor Caceres,,Paraguay,amarilla
841,2010,Paraguay,Nueva Zelanda,"1ra Ronda, Grupo F",F,41,Roque Santa Cruz,,Paraguay,amarilla
842,2010,Paraguay,Nueva Zelanda,"1ra Ronda, Grupo F",F,56,Ryan Nelsen,,Nueva Zelanda,amarilla
843,2010,Dinamarca,Japón,"1ra Ronda, Grupo E",E,12,Yasuhito Endo,,n,amarilla
844,2010,Dinamarca,Japón,"1ra Ronda, Grupo E",E,26,Yuto Nagatomo,,n,amarilla
845,2010,Dinamarca,Japón,"1ra Ronda, Grupo E",E,29,Per Kroldrup,,Dinamarca,amarilla
846,2010,Dinamarca,Japón,"1ra Ronda, Grupo E",E,48,Christian Poulsen,,Dinamarca,amarilla
847,2010,Dinamarca,Japón,"1ra Ronda, Grupo E",E,66,Nicklas Bendtner,,Dinamarca,amarilla
848,2010,Camerún,Paises Bajos,"1ra Ronda, Grupo E",E,17,Dirk Kuyt,,Paises Bajos,amarilla
849,2010,Camerún,Paises Bajos,"1ra Ronda, Grupo E",E,25,Nicolas Nkoulou,,n,amarilla
850,2010,Camerún,Paises Bajos,"1ra Ronda, Grupo E",E,65,Rafael Van Der Vaart,,Paises Bajos,amarilla
851,2010,Camerún,Paises Bajos,"1ra Ronda, Grupo E",E,70,Giovanni Van Bronckhorst,,Paises Bajos,amarilla
852,2010,Camerún,Paises Bajos,"1ra Ronda, Grupo E",E,81,Stephane Mbia,,n,amarilla
853,2010,Portugal,Brasil,"1ra Ronda, Grupo G",G,15,Luis Fabiano,,Brasil,amarilla
854,2010,Portugal,Brasil,"1ra Ronda, Grupo G",G,25,Juan,,Brasil,amarilla
855,2010,Portugal,Brasil,"1ra Ronda, Grupo G",G,25,Duda,,Portugal,amarilla
856,2010,Portugal,Brasil,"1ra Ronda, Grupo G",G,31,Tiago,,Portugal,amarilla
857,2010,Portugal,Brasil,"1ra Ronda, Grupo G",G,40,Pepe,,Portugal,amarilla
858,2010,Portugal,Brasil,"1ra Ronda, Grupo G",G,43,Felipe Melo,,Brasil,amarilla
859,2010,Portugal,Brasil,"1ra Ronda, Grupo G",G,45,Fabio Coentrao,,Portugal,amarilla
860,2010,Corea del Norte,Costa de Marfil,"1ra Ronda, Grupo G",G,,,,Minuto 67,roja
861,2010,Corea del Norte,Costa de Marfil,"1ra Ronda, Grupo G",G,,,,Minuto 64,roja
862,2010,Corea del Norte,Costa de Marfil,"1ra Ronda, Grupo G",G,,,,Minuto 64,roja
863,2010,Corea del Norte,Costa de Marfil,"1ra Ronda, Grupo G",G,,,,Minuto 79,roja
864,2010,Chile,España,"1ra Ronda, Grupo H",H,15,Gary Medel,,Chile,amarilla
865,2010,Chile,España,"1ra Ronda, Grupo H",H,19,Waldo Ponce,,Chile,amarilla
866,2010,Chile,España,"1ra Ronda, Grupo H",H,21,Marco Estrada,,Chile,amarilla
867,2010,Chile,España,"1ra Ronda, Grupo H",H,37,Marco Estrada,,Chile,amarilla
868,2010,Suiza,Honduras,"1ra Ronda, Grupo H",H,4,Hendry Thomas,,Honduras,amarilla
869,2010,Suiza,Honduras,"1ra Ronda, Grupo H",H,34,Gelson Fernandes,,Suiza,amarilla
870,2010,Suiza,Honduras,"1ra Ronda, Grupo H",H,58,David Suazo,,Honduras,amarilla
871,2010,Suiza,Honduras,"1ra Ronda, Grupo H",H,64,Osman Chavez,,Honduras,amarilla
872,2010,Suiza,Honduras,"1ra Ronda, Grupo H",H,89,Wilson Palacios,,Honduras,amarilla
873,2010,Uruguay,Corea del Sur,Octavos,,38,Jung Woo Kim,,Corea del Sur,amarilla
874,2010,Uruguay,Corea del Sur,Octavos,,69,Du Ri Cha,,Corea del Sur,amarilla
875,2010,Uruguay,Corea del Sur,Octavos,,83,Yong Hyung Cho,,Corea del Sur,amarilla
876,2010,Estados Unidos,Ghana,Octavos,,7,Ricardo Clark,,Estados Unidos,amarilla
877,2010,Estados Unidos,Ghana,Octavos,,18,Steve Cherundolo,,Estados Unidos,amarilla
878,2010,Estados Unidos,Ghana,Octavos,,61,John Mensah,,Ghana,amarilla
879,2010,Estados Unidos,Ghana,Octavos,,68,Carlos Bocanegra,,Estados Unidos,amarilla
880,2010,Estados Unidos,Ghana,Octavos,,90,Andre Ayew,,Ghana,amarilla
881,2010,Alemania,Inglaterra,Octavos,,47,Arne Friedrich,,Alemania,amarilla
882,2010,Alemania,Inglaterra,Octavos,,81,Glen Johnson,,Inglaterra,amarilla
883,2010,Argentina,México,Octavos,,28,Rafael Marquez,,xico,amarilla
884,2010,Paises Bajos,Eslovaquia,Octavos,,31,Arjen Robben,,Paises Bajos,amarilla
885,2010,Paises Bajos,Eslovaquia,Octavos,,40,Juraj Kucka,,Eslovaquia,amarilla
886,2010,Paises Bajos,Eslovaquia,Octavos,,72,Kamil Kopunek,,Eslovaquia,amarilla
887,2010,Paises Bajos,Eslovaquia,Octavos,,84,Martin Skrtel,,Eslovaquia,amarilla
888,2010,Paises Bajos,Eslovaquia,Octavos,,90,Maarten Stekelenburg,,Paises Bajos,amarilla
889,2010,Brasil,Chile,Octavos,,30,Kaká,,Brasil,amarilla
890,2010,Brasil,Chile,Octavos,,47,Arturo Vidal,,Chile,amarilla
891,2010,Brasil,Chile,Octavos,,68,Ismael Fuentes,,Chile,amarilla
892,2010,Brasil,Chile,Octavos,,72,Ramires,,Brasil,amarilla
893,2010,Brasil,Chile,Octavos,,80,Rodrigo Millar,,Chile,amarilla
894,2010,Paraguay,Japón,Octavos,,58,Daisuke Matsui,,n,amarilla
895,2010,Paraguay,Japón,Octavos,,72,Yuto Nagatomo,,n,amarilla
896,2010,Paraguay,Japón,Octavos,,90,Keisuke Honda,,n,amarilla
897,2010,Paraguay,Japón,Octavos,,113,Yasuhito Endo,,n,amarilla
898,2010,Paraguay,Japón,Octavos,,118,Cristian Riveros,,Paraguay,amarilla
899,2010,España,Portugal,Octavos,,74,Xabi Alonso,,a,amarilla
900,2010,España,Portugal,Octavos,,80,Tiago,,Portugal,amarilla
901,2010,España,Portugal,Octavos,,89,Ricardo Costa,,Portugal,roja
902,2010,Paises Bajos,Brasil,Cuartos,,14,John Heitinga,,Paises Bajos,amarilla
903,2010,Paises Bajos,Brasil,Cuartos,,37,Michel Bastos,,Brasil,amarilla
904,2010,Paises Bajos,Brasil,Cuartos,,47,Gregory Van Der Wiel,,Paises Bajos,amarilla
905,2010,Paises Bajos,Brasil,Cuartos,,64,Nigel De Jong,,Paises Bajos,amarilla
906,2010,Paises Bajos,Brasil,Cuartos,,76,Andre Ooijer,,Paises Bajos,amarilla
907,2010,Uruguay,Ghana,Cuartos,,20,Jorge Fucile,,Uruguay,amarilla
908,2010,Uruguay,Ghana,Cuartos,,48,Egidio Arevalo,,Uruguay,amarilla
909,2010,Uruguay,Ghana,Cuartos,,54,John Pantsil,,Ghana,amarilla
910,2010,Uruguay,Ghana,Cuartos,,59,Diego Perez,,Uruguay,amarilla
911,2010,Uruguay,Ghana,Cuartos,,77,Hans Sarpei,,Ghana,amarilla
912,2010,Uruguay,Ghana,Cuartos,,93,John Mensah,,Ghana,amarilla
913,2010,Uruguay,Ghana,Cuartos,,120,Luis Suarez,,Uruguay,roja
914,2010,Argentina,Alemania,Cuartos,,11,Nicolas Otamendi,,Argentina,amarilla
915,2010,Argentina,Alemania,Cuartos,,35,Thomas Müller,,Alemania,amarilla
916,2010,Argentina,Alemania,Cuartos,,80,Javier Mascherano,,Argentina,amarilla
917,2010,Paraguay,España,Cuartos,,57,Gerard Piqué,,a,amarilla
918,2010,Paraguay,España,Cuartos,,59,Antolin Alcaraz,,Paraguay,amarilla
919,2010,Paraguay,España,Cuartos,,59,Victor Caceres,,Paraguay,amarilla
920,2010,Paraguay,España,Cuartos,,63,Sergio Busquets,,a,amarilla
921,2010,Paraguay,España,Cuartos,,71,Claudio Morel,,Paraguay,amarilla
922,2010,Paraguay,España,Cuartos,,88,Jonathan Santana,,Paraguay,amarilla
923,2010,Uruguay,Paises Bajos,Semis,,21,Maximiliano Pereira,,Uruguay,amarilla
924,2010,Uruguay,Paises Bajos,Semis,,29,Wesley Sneijder,,Paises Bajos,amarilla
925,2010,Uruguay,Paises Bajos,Semis,,29,Martin Caceres,,Uruguay,amarilla
926,2010,Uruguay,Paises Bajos,Semis,,78,Khalid Boulahrouz,,Paises Bajos,amarilla
927,2010,Uruguay,Paises Bajos,Semis,,90,Mark Van Bommel,,Paises Bajos,amarilla
928,2010,Alemania,España,Semis,,,,,Minuto 52,roja
929,2010,Alemania,España,Semis,,,,,Minuto 62,roja
930,2010,Alemania,España,Semis,,,,,Minuto 81,roja
931,2010,Alemania,España,Semis,,,,,Minuto 81,roja
932,2010,Alemania,España,Semis,,,,,Minuto 86,roja
933,2010,Alemania,España,Semis,,,,,Minuto 93,roja
934,2010,Uruguay,Alemania,3er Puesto,,5,Dennis Aogo,,Alemania,amarilla
935,2010,Uruguay,Alemania,3er Puesto,,7,Cacau,,Alemania,amarilla
936,2010,Uruguay,Alemania,3er Puesto,,61,Diego Perez,,Uruguay,amarilla
937,2010,Uruguay,Alemania,3er Puesto,,90,Arne Friedrich,,Alemania,amarilla
938,2010,Paises Bajos,España,Final,,15,Robin Van Persie,,Paises Bajos,amarilla
939,2010,Paises Bajos,España,Final,,16,Carles Puyol,,a,amarilla
940,2010,Paises Bajos,España,Final,,22,Mark Van Bommel,,Paises Bajos,amarilla
941,2010,Paises Bajos,España,Final,,23,Sergio Ramos,,a,amarilla
942,2010,Paises Bajos,España,Final,,28,Nigel De Jong,,Paises Bajos,amarilla
943,2010,Paises Bajos,España,Final,,54,Giovanni Van Bronckhorst,,Paises Bajos,amarilla
944,2010,Paises Bajos,España,Final,,57,John Heitinga,,Paises Bajos,amarilla
945,2010,Paises Bajos,España,Final,,67,Joan Capdevila,,a,amarilla
946,2010,Paises Bajos,España,Final,,84,Arjen Robben,,Paises Bajos,amarilla
947,2010,Paises Bajos,España,Final,,109,John Heitinga,,Paises Bajos,amarilla
948,2010,Paises Bajos,España,Final,,111,Gregory Van Der Wiel,,Paises Bajos,amarilla
949,2010,Paises Bajos,España,Final,,117,Joris Mathijsen,,Paises Bajos,amarilla
950,2010,Paises Bajos,España,Final,,118,Andrés Iniesta,,a,amarilla
951,2010,Paises Bajos,España,Final,,120,Xavi,,a,amarilla
952,2006,Alemania,Costa Rica,"1ra Ronda, Grupo A",A,30,Danny Fonseca,,Costa Rica,amarilla
953,2006,Polonia,Ecuador,"1ra Ronda, Grupo A",A,31,Ivan Hurtado,,Ecuador,amarilla
954,2006,Polonia,Ecuador,"1ra Ronda, Grupo A",A,37,Ebi Smolarek,,Polonia,amarilla
955,2006,Polonia,Ecuador,"1ra Ronda, Grupo A",A,70,Edison Mendez,,Ecuador,amarilla
956,2006,Inglaterra,Paraguay,"1ra Ronda, Grupo B",B,19,Steven Gerrard,,Inglaterra,amarilla
957,2006,Inglaterra,Paraguay,"1ra Ronda, Grupo B",B,22,Nelson Valdez,,Paraguay,amarilla
958,2006,Inglaterra,Paraguay,"1ra Ronda, Grupo B",B,63,Peter Crouch,,Inglaterra,amarilla
959,2006,Trinidad y Tobago,Suecia,"1ra Ronda, Grupo B",B,15,Avery John,,Trinidad y Tobago,amarilla
960,2006,Trinidad y Tobago,Suecia,"1ra Ronda, Grupo B",B,46,Avery John,,Trinidad y Tobago,amarilla
961,2006,Trinidad y Tobago,Suecia,"1ra Ronda, Grupo B",B,74,Dwight Yorke,,Trinidad y Tobago,amarilla
962,2006,Trinidad y Tobago,Suecia,"1ra Ronda, Grupo B",B,90,Henrik Larsson,,Suecia,amarilla
963,2006,Argentina,Costa de Marfil,"1ra Ronda, Grupo C",C,41,Javier Saviola,,Argentina,amarilla
964,2006,Argentina,Costa de Marfil,"1ra Ronda, Grupo C",C,48,Gabriel Heinze,,Argentina,amarilla
965,2006,Argentina,Costa de Marfil,"1ra Ronda, Grupo C",C,62,Emmanuel Eboue,,Costa de Marfil,amarilla
966,2006,Argentina,Costa de Marfil,"1ra Ronda, Grupo C",C,81,Luis Gonzalez,,Argentina,amarilla
967,2006,Argentina,Costa de Marfil,"1ra Ronda, Grupo C",C,90,Didier Drogba,,Costa de Marfil,amarilla
968,2006,Serbia y Montenegro,Paises Bajos,"1ra Ronda, Grupo C",C,34,Dejan Stankovic,,Serbia y Montenegro,amarilla
969,2006,Serbia y Montenegro,Paises Bajos,"1ra Ronda, Grupo C",C,56,Giovanni Van Bronckhorst,,Paises Bajos,amarilla
970,2006,Serbia y Montenegro,Paises Bajos,"1ra Ronda, Grupo C",C,64,Ognjen Koroman,,Serbia y Montenegro,amarilla
971,2006,Serbia y Montenegro,Paises Bajos,"1ra Ronda, Grupo C",C,81,Ivica Dragutinovic,,Serbia y Montenegro,amarilla
972,2006,Serbia y Montenegro,Paises Bajos,"1ra Ronda, Grupo C",C,85,John Heitinga,,Paises Bajos,amarilla
973,2006,Serbia y Montenegro,Paises Bajos,"1ra Ronda, Grupo C",C,90,Goran Gavrancic,,Serbia y Montenegro,amarilla
974,2006,México,Irán,"1ra Ronda, Grupo D",D,18,Gerardo Torrado,,xico,amarilla
975,2006,México,Irán,"1ra Ronda, Grupo D",D,55,Javad Nekounam,,n,amarilla
976,2006,México,Irán,"1ra Ronda, Grupo D",D,90,Carlos Salcido,,xico,amarilla
977,2006,Angola,Portugal,"1ra Ronda, Grupo D",D,26,Cristiano Ronaldo,,Portugal,amarilla
978,2006,Angola,Portugal,"1ra Ronda, Grupo D",D,28,Jamba,,Angola,amarilla
979,2006,Angola,Portugal,"1ra Ronda, Grupo D",D,45,Loco,,Angola,amarilla
980,2006,Angola,Portugal,"1ra Ronda, Grupo D",D,52,Andre,,Angola,amarilla
981,2006,Angola,Portugal,"1ra Ronda, Grupo D",D,79,Nuno Valente,,Portugal,amarilla
982,2006,Italia,Ghana,"1ra Ronda, Grupo E",E,10,Daniele De Rossi,,Italia,amarilla
983,2006,Italia,Ghana,"1ra Ronda, Grupo E",E,41,Sulley Muntari,,Ghana,amarilla
984,2006,Italia,Ghana,"1ra Ronda, Grupo E",E,62,Mauro Camoranesi,,Italia,amarilla
985,2006,Italia,Ghana,"1ra Ronda, Grupo E",E,65,Asamoah Gyan,,Ghana,amarilla
986,2006,Italia,Ghana,"1ra Ronda, Grupo E",E,88,Vincenzo Iaquinta,,Italia,amarilla
987,2006,Estados Unidos,República Checa,"1ra Ronda, Grupo E",E,5,Oguchi Onyewu,,Estados Unidos,amarilla
988,2006,Estados Unidos,República Checa,"1ra Ronda, Grupo E",E,16,David Rozehnal,,blica Checa,amarilla
989,2006,Estados Unidos,República Checa,"1ra Ronda, Grupo E",E,59,Vratislav Lokvenc,,blica Checa,amarilla
990,2006,Estados Unidos,República Checa,"1ra Ronda, Grupo E",E,60,Claudio Reyna,,Estados Unidos,amarilla
991,2006,Estados Unidos,República Checa,"1ra Ronda, Grupo E",E,81,Tomas Rosicky,,blica Checa,amarilla
992,2006,Estados Unidos,República Checa,"1ra Ronda, Grupo E",E,88,Zdenek Grygera,,blica Checa,amarilla
993,2006,Australia,Japón,"1ra Ronda, Grupo F",F,31,Tsuneyasu Miyamoto,,n,amarilla
994,2006,Australia,Japón,"1ra Ronda, Grupo F",F,33,Vince Grella,,Australia,amarilla
995,2006,Australia,Japón,"1ra Ronda, Grupo F",F,40,Naohiro Takahara,,n,amarilla
996,2006,Australia,Japón,"1ra Ronda, Grupo F",F,58,Craig Moore,,Australia,amarilla
997,2006,Australia,Japón,"1ra Ronda, Grupo F",F,68,Teruyuki Moniwa,,n,amarilla
998,2006,Australia,Japón,"1ra Ronda, Grupo F",F,69,Tim Cahill,,Australia,amarilla
999,2006,Australia,Japón,"1ra Ronda, Grupo F",F,78,John Aloisi,,Australia,amarilla
1000,2006,Brasil,Croacia,"1ra Ronda, Grupo F",F,32,Niko Kovac,,Croacia,amarilla
1001,2006,Brasil,Croacia,"1ra Ronda, Grupo F",F,42,Emerson,,Brasil,amarilla
1002,2006,Brasil,Croacia,"1ra Ronda, Grupo F",F,67,Robert Kovac,,Croacia,amarilla
1003,2006,Brasil,Croacia,"1ra Ronda, Grupo F",F,90,Igor Tudor,,Croacia,amarilla
1004,2006,Francia,Suiza,"1ra Ronda, Grupo G",G,42,Ludovic Magnin,,Suiza,amarilla
1005,2006,Francia,Suiza,"1ra Ronda, Grupo G",G,45,Marco Streller,,Suiza,amarilla
1006,2006,Francia,Suiza,"1ra Ronda, Grupo G",G,56,Philipp Degen,,Suiza,amarilla
1007,2006,Francia,Suiza,"1ra Ronda, Grupo G",G,64,Eric Abidal,,Francia,amarilla
1008,2006,Francia,Suiza,"1ra Ronda, Grupo G",G,72,Ricardo Cabanas,,Suiza,amarilla
1009,2006,Francia,Suiza,"1ra Ronda, Grupo G",G,72,Zinedine Zidane,,Francia,amarilla
1010,2006,Francia,Suiza,"1ra Ronda, Grupo G",G,90,Alexander Frei,,Suiza,amarilla
1011,2006,Francia,Suiza,"1ra Ronda, Grupo G",G,90,Willy Sagnol,,Francia,amarilla
1012,2006,Corea del Sur,Togo,"1ra Ronda, Grupo G",G,23,Jean-Paul Abalo,,Togo,amarilla
1013,2006,Corea del Sur,Togo,"1ra Ronda, Grupo G",G,24,Alaixys Romao,,Togo,amarilla
1014,2006,Corea del Sur,Togo,"1ra Ronda, Grupo G",G,41,Young Chul Kim,,Corea del Sur,amarilla
1015,2006,Corea del Sur,Togo,"1ra Ronda, Grupo G",G,51,Chun Soo Lee,,Corea del Sur,amarilla
1016,2006,Corea del Sur,Togo,"1ra Ronda, Grupo G",G,53,Jean-Paul Abalo,,Togo,amarilla
1017,2006,Corea del Sur,Togo,"1ra Ronda, Grupo G",G,90,Massamasso Tchangai,,Togo,amarilla
1018,2006,España,Ucrania,"1ra Ronda, Grupo H",H,17,Andriy Rusol,,Ucrania,amarilla
1019,2006,España,Ucrania,"1ra Ronda, Grupo H",H,47,Vladyslav Vashchuk,,Ucrania,roja
1020,2006,España,Ucrania,"1ra Ronda, Grupo H",H,53,Vladimir Yezerskyi,,Ucrania,amarilla
1021,2006,Túnez,Arabia Saudita,"1ra Ronda, Grupo H",H,35,Karim Haggui,,nez,amarilla
1022,2006,Túnez,Arabia Saudita,"1ra Ronda, Grupo H",H,36,Riadh Bouazizi,,nez,amarilla
1023,2006,Túnez,Arabia Saudita,"1ra Ronda, Grupo H",H,65,Adel Chedli,,nez,amarilla
1024,2006,Túnez,Arabia Saudita,"1ra Ronda, Grupo H",H,79,Yassine Chikhaoui,,nez,amarilla
1025,2006,Alemania,Polonia,"1ra Ronda, Grupo A",A,3,Jacek Krzynowek,,Polonia,amarilla
1026,2006,Alemania,Polonia,"1ra Ronda, Grupo A",A,28,Radoslaw Sobolewski,,Polonia,amarilla
1027,2006,Alemania,Polonia,"1ra Ronda, Grupo A",A,58,Michael Ballack,,Alemania,amarilla
1028,2006,Alemania,Polonia,"1ra Ronda, Grupo A",A,68,David Odonkor,,Alemania,amarilla
1029,2006,Alemania,Polonia,"1ra Ronda, Grupo A",A,70,Christoph Metzelder,,Alemania,amarilla
1030,2006,Alemania,Polonia,"1ra Ronda, Grupo A",A,75,Radoslaw Sobolewski,,Polonia,amarilla
1031,2006,Alemania,Polonia,"1ra Ronda, Grupo A",A,89,Artur Boruc,,Polonia,amarilla
1032,2006,Ecuador,Costa Rica,"1ra Ronda, Grupo A",A,10,Luis Marin,,Costa Rica,amarilla
1033,2006,Ecuador,Costa Rica,"1ra Ronda, Grupo A",A,28,Mauricio Solis,,Costa Rica,amarilla
1034,2006,Ecuador,Costa Rica,"1ra Ronda, Grupo A",A,44,Segundo Castillo,,Ecuador,amarilla
1035,2006,Ecuador,Costa Rica,"1ra Ronda, Grupo A",A,54,Ulises De La Cruz,,Ecuador,amarilla
1036,2006,Ecuador,Costa Rica,"1ra Ronda, Grupo A",A,60,Cristian Mora,,Ecuador,amarilla
1037,2006,Inglaterra,Trinidad y Tobago,"1ra Ronda, Grupo B",B,18,Densill Theobald,,Trinidad y Tobago,amarilla
1038,2006,Inglaterra,Trinidad y Tobago,"1ra Ronda, Grupo B",B,19,Aurtis Whitley,,Trinidad y Tobago,amarilla
1039,2006,Inglaterra,Trinidad y Tobago,"1ra Ronda, Grupo B",B,45,Kenwyne Jones,,Trinidad y Tobago,amarilla
1040,2006,Inglaterra,Trinidad y Tobago,"1ra Ronda, Grupo B",B,47,Shaka Hislop,,Trinidad y Tobago,amarilla
1041,2006,Inglaterra,Trinidad y Tobago,"1ra Ronda, Grupo B",B,56,Cyd Gray,,Trinidad y Tobago,amarilla
1042,2006,Inglaterra,Trinidad y Tobago,"1ra Ronda, Grupo B",B,64,Frank Lampard,,Inglaterra,amarilla
1043,2006,Suecia,Paraguay,"1ra Ronda, Grupo B",B,3,Denis Caniza,,Paraguay,amarilla
1044,2006,Suecia,Paraguay,"1ra Ronda, Grupo B",B,14,Tobias Linderoth,,Suecia,amarilla
1045,2006,Suecia,Paraguay,"1ra Ronda, Grupo B",B,48,Teddy Lucic,,Suecia,amarilla
1046,2006,Suecia,Paraguay,"1ra Ronda, Grupo B",B,51,Roberto Acuña,,Paraguay,amarilla
1047,2006,Suecia,Paraguay,"1ra Ronda, Grupo B",B,54,Jorge Núñez,,Paraguay,amarilla
1048,2006,Suecia,Paraguay,"1ra Ronda, Grupo B",B,60,Marcus Allback,,Suecia,amarilla
1049,2006,Suecia,Paraguay,"1ra Ronda, Grupo B",B,74,Carlos Paredes,,Paraguay,amarilla
1050,2006,Suecia,Paraguay,"1ra Ronda, Grupo B",B,85,Edgar Barreto,,Paraguay,amarilla
1051,2006,Argentina,Serbia y Montenegro,"1ra Ronda, Grupo C",C,7,Ognjen Koroman,,Serbia y Montenegro,amarilla
1052,2006,Argentina,Serbia y Montenegro,"1ra Ronda, Grupo C",C,27,Albert Nadj,,Serbia y Montenegro,amarilla
1053,2006,Argentina,Serbia y Montenegro,"1ra Ronda, Grupo C",C,36,Hernan Crespo,,Argentina,amarilla
1054,2006,Argentina,Serbia y Montenegro,"1ra Ronda, Grupo C",C,42,Mladen Krstajic,,Serbia y Montenegro,amarilla
1055,2006,Argentina,Serbia y Montenegro,"1ra Ronda, Grupo C",C,65,Mateja Kezman,,Serbia y Montenegro,roja
1056,2006,Paises Bajos,Costa de Marfil,"1ra Ronda, Grupo C",C,25,Didier Zokora,,Costa de Marfil,amarilla
1057,2006,Paises Bajos,Costa de Marfil,"1ra Ronda, Grupo C",C,34,Arjen Robben,,Paises Bajos,amarilla
1058,2006,Paises Bajos,Costa de Marfil,"1ra Ronda, Grupo C",C,35,Joris Mathijsen,,Paises Bajos,amarilla
1059,2006,Paises Bajos,Costa de Marfil,"1ra Ronda, Grupo C",C,41,Didier Drogba,,Costa de Marfil,amarilla
1060,2006,Paises Bajos,Costa de Marfil,"1ra Ronda, Grupo C",C,58,Mark Van Bommel,,Paises Bajos,amarilla
1061,2006,Paises Bajos,Costa de Marfil,"1ra Ronda, Grupo C",C,66,Arthur Boka,,Costa de Marfil,amarilla
1062,2006,Paises Bajos,Costa de Marfil,"1ra Ronda, Grupo C",C,90,Khalid Boulahrouz,,Paises Bajos,amarilla
1063,2006,México,Angola,"1ra Ronda, Grupo D",D,13,Delgado,,Angola,amarilla
1064,2006,México,Angola,"1ra Ronda, Grupo D",D,44,Andre,,Angola,amarilla
1065,2006,México,Angola,"1ra Ronda, Grupo D",D,50,Ze Kalanga,,Angola,amarilla
1066,2006,México,Angola,"1ra Ronda, Grupo D",D,59,Gonzalo Pineda,,xico,amarilla
1067,2006,México,Angola,"1ra Ronda, Grupo D",D,79,Andre,,Angola,amarilla
1068,2006,México,Angola,"1ra Ronda, Grupo D",D,86,Joao Ricardo,,Angola,amarilla
1069,2006,Portugal,Irán,"1ra Ronda, Grupo D",D,20,Javad Nekounam,,n,amarilla
1070,2006,Portugal,Irán,"1ra Ronda, Grupo D",D,32,Mehrzad Madanchi,,n,amarilla
1071,2006,Portugal,Irán,"1ra Ronda, Grupo D",D,45,Pauleta,,Portugal,amarilla
1072,2006,Portugal,Irán,"1ra Ronda, Grupo D",D,48,Deco,,Portugal,amarilla
1073,2006,Portugal,Irán,"1ra Ronda, Grupo D",D,61,Costinha,,Portugal,amarilla
1074,2006,Portugal,Irán,"1ra Ronda, Grupo D",D,73,Hossein Kaabi,,n,amarilla
1075,2006,Portugal,Irán,"1ra Ronda, Grupo D",D,88,Yahya Golmohammadi,,n,amarilla
1076,2006,Italia,Estados Unidos,"1ra Ronda, Grupo E",E,5,Francesco Totti,,Italia,amarilla
1077,2006,Italia,Estados Unidos,"1ra Ronda, Grupo E",E,21,Eddie Pope,,Estados Unidos,amarilla
1078,2006,Italia,Estados Unidos,"1ra Ronda, Grupo E",E,28,Daniele De Rossi,,Italia,roja
1079,2006,Italia,Estados Unidos,"1ra Ronda, Grupo E",E,45,Pablo Mastroeni,,Estados Unidos,roja
1080,2006,Italia,Estados Unidos,"1ra Ronda, Grupo E",E,47,Eddie Pope,,Estados Unidos,amarilla
1081,2006,Italia,Estados Unidos,"1ra Ronda, Grupo E",E,70,Gianluca Zambrotta,,Italia,amarilla
1082,2006,República Checa,Ghana,"1ra Ronda, Grupo E",E,18,Otto Addo,,Ghana,amarilla
1083,2006,República Checa,Ghana,"1ra Ronda, Grupo E",E,37,Michael Essien,,Ghana,amarilla
1084,2006,República Checa,Ghana,"1ra Ronda, Grupo E",E,49,Vratislav Lokvenc,,blica Checa,amarilla
1085,2006,República Checa,Ghana,"1ra Ronda, Grupo E",E,65,Tomas Ujfalusi,,blica Checa,roja
1086,2006,República Checa,Ghana,"1ra Ronda, Grupo E",E,66,Asamoah Gyan,,Ghana,amarilla
1087,2006,República Checa,Ghana,"1ra Ronda, Grupo E",E,75,Derek Boateng,,Ghana,amarilla
1088,2006,República Checa,Ghana,"1ra Ronda, Grupo E",E,84,Sulley Muntari,,Ghana,amarilla
1089,2006,República Checa,Ghana,"1ra Ronda, Grupo E",E,90,Habib Mohamed,,Ghana,amarilla
1090,2006,Brasil,Australia,"1ra Ronda, Grupo F",F,13,Brett Emerton,,Australia,amarilla
1091,2006,Brasil,Australia,"1ra Ronda, Grupo F",F,29,Cafu,,Brasil,amarilla
1092,2006,Brasil,Australia,"1ra Ronda, Grupo F",F,31,Ronaldo,,Brasil,amarilla
1093,2006,Brasil,Australia,"1ra Ronda, Grupo F",F,39,Jason Culina,,Australia,amarilla
1094,2006,Brasil,Australia,"1ra Ronda, Grupo F",F,83,Robinho,,Brasil,amarilla
1095,2006,Japón,Croacia,"1ra Ronda, Grupo F",F,21,Tsuneyasu Miyamoto,,n,amarilla
1096,2006,Japón,Croacia,"1ra Ronda, Grupo F",F,32,Robert Kovac,,Croacia,amarilla
1097,2006,Japón,Croacia,"1ra Ronda, Grupo F",F,42,Yoshikatsu Kawaguchi,,n,amarilla
1098,2006,Japón,Croacia,"1ra Ronda, Grupo F",F,69,Darijo Srna,,Croacia,amarilla
1099,2006,Japón,Croacia,"1ra Ronda, Grupo F",F,72,Alessandro Santos,,n,amarilla
1100,2006,Francia,Corea del Sur,"1ra Ronda, Grupo G",G,11,Ho Lee,,Corea del Sur,amarilla
1101,2006,Francia,Corea del Sur,"1ra Ronda, Grupo G",G,29,Dong Jin Kim,,Corea del Sur,amarilla
1102,2006,Francia,Corea del Sur,"1ra Ronda, Grupo G",G,79,Eric Abidal,,Francia,amarilla
1103,2006,Francia,Corea del Sur,"1ra Ronda, Grupo G",G,85,Zinedine Zidane,,Francia,amarilla
1104,2006,Togo,Suiza,"1ra Ronda, Grupo G",G,45,Moustapha Salifou,,Togo,amarilla
1105,2006,Togo,Suiza,"1ra Ronda, Grupo G",G,47,Emmanuel Adebayor,,Togo,amarilla
1106,2006,Togo,Suiza,"1ra Ronda, Grupo G",G,53,Alaixys Romao,,Togo,amarilla
1107,2006,Togo,Suiza,"1ra Ronda, Grupo G",G,90,Johann Vogel,,Suiza,amarilla
1108,2006,España,Túnez,"1ra Ronda, Grupo H",H,30,Carles Puyol,,a,amarilla
1109,2006,España,Túnez,"1ra Ronda, Grupo H",H,32,Anis Ayari,,nez,amarilla
1110,2006,España,Túnez,"1ra Ronda, Grupo H",H,40,Hatem Trabelsi,,nez,amarilla
1111,2006,España,Túnez,"1ra Ronda, Grupo H",H,70,Radhi Jaidi,,nez,amarilla
1112,2006,España,Túnez,"1ra Ronda, Grupo H",H,81,Haykel Guemamdia,,nez,amarilla
1113,2006,España,Túnez,"1ra Ronda, Grupo H",H,85,Zied Jaziri,,nez,amarilla
1114,2006,España,Túnez,"1ra Ronda, Grupo H",H,89,Cesc Fabregas,,a,amarilla
1115,2006,España,Túnez,"1ra Ronda, Grupo H",H,90,Jaouhar Mnari,,nez,amarilla
1116,2006,Arabia Saudita,Ucrania,"1ra Ronda, Grupo H",H,22,Andriy Nesmachnyi,,Ucrania,amarilla
1117,2006,Arabia Saudita,Ucrania,"1ra Ronda, Grupo H",H,41,Ahmed Al Dosari,,Arabia Saudita,amarilla
1118,2006,Arabia Saudita,Ucrania,"1ra Ronda, Grupo H",H,57,Omar Al Ghamdi,,Arabia Saudita,amarilla
1119,2006,Arabia Saudita,Ucrania,"1ra Ronda, Grupo H",H,73,Saud Kariri,,Arabia Saudita,amarilla
1120,2006,Arabia Saudita,Ucrania,"1ra Ronda, Grupo H",H,77,Maksym Kalinichenko,,Ucrania,amarilla
1121,2006,Arabia Saudita,Ucrania,"1ra Ronda, Grupo H",H,89,Vyacheslav Sviderskyi,,Ucrania,amarilla
1122,2006,Ecuador,Alemania,"1ra Ronda, Grupo A",A,52,Antonio Valencia,,Ecuador,amarilla
1123,2006,Ecuador,Alemania,"1ra Ronda, Grupo A",A,75,Tim Borowski,,Alemania,amarilla
1124,2006,Costa Rica,Polonia,"1ra Ronda, Grupo A",A,17,Michael Umaña,,Costa Rica,amarilla
1125,2006,Costa Rica,Polonia,"1ra Ronda, Grupo A",A,18,Arkadiusz Radomski,,Polonia,amarilla
1126,2006,Costa Rica,Polonia,"1ra Ronda, Grupo A",A,24,Jacek Bak,,Polonia,amarilla
1127,2006,Costa Rica,Polonia,"1ra Ronda, Grupo A",A,29,Michal Zewlakow,,Polonia,amarilla
1128,2006,Costa Rica,Polonia,"1ra Ronda, Grupo A",A,45,Luis Marin,,Costa Rica,amarilla
1129,2006,Costa Rica,Polonia,"1ra Ronda, Grupo A",A,45,Ronald Gomez,,Costa Rica,amarilla
1130,2006,Costa Rica,Polonia,"1ra Ronda, Grupo A",A,56,Gabriel Badilla,,Costa Rica,amarilla
1131,2006,Costa Rica,Polonia,"1ra Ronda, Grupo A",A,60,Marcin Baszczynski,,Polonia,amarilla
1132,2006,Costa Rica,Polonia,"1ra Ronda, Grupo A",A,76,Leonardo Gonzalez,,Costa Rica,amarilla
1133,2006,Costa Rica,Polonia,"1ra Ronda, Grupo A",A,90,Artur Boruc,,Polonia,amarilla
1134,2006,Suecia,Inglaterra,"1ra Ronda, Grupo B",B,76,Owen Hargreaves,,Inglaterra,amarilla
1135,2006,Suecia,Inglaterra,"1ra Ronda, Grupo B",B,83,Niclas Alexandersson,,Suecia,amarilla
1136,2006,Suecia,Inglaterra,"1ra Ronda, Grupo B",B,87,Fredrik Ljungberg,,Suecia,amarilla
1137,2006,Paraguay,Trinidad y Tobago,"1ra Ronda, Grupo B",B,30,Carlos Paredes,,Paraguay,amarilla
1138,2006,Paraguay,Trinidad y Tobago,"1ra Ronda, Grupo B",B,45,Brent Sancho,,Trinidad y Tobago,amarilla
1139,2006,Paraguay,Trinidad y Tobago,"1ra Ronda, Grupo B",B,48,Aurtis Whitley,,Trinidad y Tobago,amarilla
1140,2006,Paraguay,Trinidad y Tobago,"1ra Ronda, Grupo B",B,54,Julio Dos Santos,,Paraguay,amarilla
1141,2006,Paises Bajos,Argentina,"1ra Ronda, Grupo C",C,28,Dirk Kuyt,,Paises Bajos,amarilla
1142,2006,Paises Bajos,Argentina,"1ra Ronda, Grupo C",C,42,Andre Ooijer,,Paises Bajos,amarilla
1143,2006,Paises Bajos,Argentina,"1ra Ronda, Grupo C",C,48,Tim De Cler,,Paises Bajos,amarilla
1144,2006,Paises Bajos,Argentina,"1ra Ronda, Grupo C",C,57,Esteban Cambiasso,,Argentina,amarilla
1145,2006,Paises Bajos,Argentina,"1ra Ronda, Grupo C",C,90,Javier Mascherano,,Argentina,amarilla
1146,2006,Costa de Marfil,Serbia y Montenegro,"1ra Ronda, Grupo C",C,17,Albert Nadj,,Serbia y Montenegro,amarilla
1147,2006,Costa de Marfil,Serbia y Montenegro,"1ra Ronda, Grupo C",C,33,Kader Keita,,Costa de Marfil,amarilla
1148,2006,Costa de Marfil,Serbia y Montenegro,"1ra Ronda, Grupo C",C,35,Milan Dudic,,Serbia y Montenegro,amarilla
1149,2006,Costa de Marfil,Serbia y Montenegro,"1ra Ronda, Grupo C",C,37,Igor Duljaj,,Serbia y Montenegro,amarilla
1150,2006,Costa de Marfil,Serbia y Montenegro,"1ra Ronda, Grupo C",C,41,Cyrille Domoraud,,Costa de Marfil,amarilla
1151,2006,Costa de Marfil,Serbia y Montenegro,"1ra Ronda, Grupo C",C,43,Aruna Dindane,,Costa de Marfil,amarilla
1152,2006,Costa de Marfil,Serbia y Montenegro,"1ra Ronda, Grupo C",C,45,Albert Nadj,,Serbia y Montenegro,amarilla
1153,2006,Costa de Marfil,Serbia y Montenegro,"1ra Ronda, Grupo C",C,57,Goran Gavrancic,,Serbia y Montenegro,amarilla
1154,2006,Costa de Marfil,Serbia y Montenegro,"1ra Ronda, Grupo C",C,90,Cyrille Domoraud,,Costa de Marfil,amarilla
1155,2006,Portugal,México,"1ra Ronda, Grupo D",D,22,Francisco Rodriguez,,xico,amarilla
1156,2006,Portugal,México,"1ra Ronda, Grupo D",D,26,Miguel,,Portugal,amarilla
1157,2006,Portugal,México,"1ra Ronda, Grupo D",D,27,Luis Perez,,xico,amarilla
1158,2006,Portugal,México,"1ra Ronda, Grupo D",D,61,Luis Perez,,xico,amarilla
1159,2006,Portugal,México,"1ra Ronda, Grupo D",D,65,Rafael Marquez,,xico,amarilla
1160,2006,Portugal,México,"1ra Ronda, Grupo D",D,69,Maniche,,Portugal,amarilla
1161,2006,Portugal,México,"1ra Ronda, Grupo D",D,87,Zinha,,xico,amarilla
1162,2006,Portugal,México,"1ra Ronda, Grupo D",D,88,Boa Morte,,Portugal,amarilla
1163,2006,Portugal,México,"1ra Ronda, Grupo D",D,90,Nuno Gomes,,Portugal,amarilla
1164,2006,Irán,Angola,"1ra Ronda, Grupo D",D,22,Loco,,Angola,amarilla
1165,2006,Irán,Angola,"1ra Ronda, Grupo D",D,37,Mehrzad Madanchi,,n,amarilla
1166,2006,Irán,Angola,"1ra Ronda, Grupo D",D,45,Mendonca,,Angola,amarilla
1167,2006,Irán,Angola,"1ra Ronda, Grupo D",D,55,Andranik Teymourian,,n,amarilla
1168,2006,Irán,Angola,"1ra Ronda, Grupo D",D,67,Ze Kalanga,,Angola,amarilla
1169,2006,Irán,Angola,"1ra Ronda, Grupo D",D,90,Ferydoon Zandi,,n,amarilla
1170,2006,República Checa,Italia,"1ra Ronda, Grupo E",E,31,Gennaro Gattuso,,Italia,amarilla
1171,2006,República Checa,Italia,"1ra Ronda, Grupo E",E,35,Jan Polak,,blica Checa,amarilla
1172,2006,República Checa,Italia,"1ra Ronda, Grupo E",E,45,Jan Polak,,blica Checa,amarilla
1173,2006,Ghana,Estados Unidos,"1ra Ronda, Grupo E",E,5,Michael Essien,,Ghana,amarilla
1174,2006,Ghana,Estados Unidos,"1ra Ronda, Grupo E",E,7,Eddie Lewis,,Estados Unidos,amarilla
1175,2006,Ghana,Estados Unidos,"1ra Ronda, Grupo E",E,32,Illiasu Shilla,,Ghana,amarilla
1176,2006,Ghana,Estados Unidos,"1ra Ronda, Grupo E",E,81,John Mensah,,Ghana,amarilla
1177,2006,Ghana,Estados Unidos,"1ra Ronda, Grupo E",E,90,Stephen Appiah,,Ghana,amarilla
1178,2006,Japón,Brasil,"1ra Ronda, Grupo F",F,40,Akira Kaji,,n,amarilla
1179,2006,Japón,Brasil,"1ra Ronda, Grupo F",F,44,Gilberto Melo,,Brasil,amarilla
1180,2006,Croacia,Australia,"1ra Ronda, Grupo F",F,32,Dario Simic,,Croacia,amarilla
1181,2006,Croacia,Australia,"1ra Ronda, Grupo F",F,38,Igor Tudor,,Croacia,amarilla
1182,2006,Croacia,Australia,"1ra Ronda, Grupo F",F,61,Josip Simunic,,Croacia,amarilla
1183,2006,Croacia,Australia,"1ra Ronda, Grupo F",F,70,Stipe Pletikosa,,Croacia,amarilla
1184,2006,Croacia,Australia,"1ra Ronda, Grupo F",F,81,Brett Emerton,,Australia,amarilla
1185,2006,Croacia,Australia,"1ra Ronda, Grupo F",F,85,Dario Simic,,Croacia,amarilla
1186,2006,Croacia,Australia,"1ra Ronda, Grupo F",F,87,Brett Emerton,,Australia,amarilla
1187,2006,Croacia,Australia,"1ra Ronda, Grupo F",F,90,Josip Simunic,,Croacia,amarilla
1188,2006,Togo,Francia,"1ra Ronda, Grupo G",G,30,Claude Makelele,,Francia,amarilla
1189,2006,Togo,Francia,"1ra Ronda, Grupo G",G,38,Yao Aziawonou,,Togo,amarilla
1190,2006,Togo,Francia,"1ra Ronda, Grupo G",G,44,Cherif Toure Mamam,,Togo,amarilla
1191,2006,Togo,Francia,"1ra Ronda, Grupo G",G,88,Moustapha Salifou,,Togo,amarilla
1192,2006,Suiza,Corea del Sur,"1ra Ronda, Grupo G",G,23,Chu Young Park,,Corea del Sur,amarilla
1193,2006,Suiza,Corea del Sur,"1ra Ronda, Grupo G",G,37,Jin Kyu Kim,,Corea del Sur,amarilla
1194,2006,Suiza,Corea del Sur,"1ra Ronda, Grupo G",G,43,Philippe Senderos,,Suiza,amarilla
1195,2006,Suiza,Corea del Sur,"1ra Ronda, Grupo G",G,55,Hakan Yakin,,Suiza,amarilla
1196,2006,Suiza,Corea del Sur,"1ra Ronda, Grupo G",G,69,Raphael Wicky,,Suiza,amarilla
1197,2006,Suiza,Corea del Sur,"1ra Ronda, Grupo G",G,78,Jung Hwan Ahn,,Corea del Sur,amarilla
1198,2006,Suiza,Corea del Sur,"1ra Ronda, Grupo G",G,78,Jin Cheul Choi,,Corea del Sur,amarilla
1199,2006,Suiza,Corea del Sur,"1ra Ronda, Grupo G",G,80,Chun Soo Lee,,Corea del Sur,amarilla
1200,2006,Suiza,Corea del Sur,"1ra Ronda, Grupo G",G,82,Christoph Spycher,,Suiza,amarilla
1201,2006,Suiza,Corea del Sur,"1ra Ronda, Grupo G",G,90,Johan Djourou,,Suiza,amarilla
1202,2006,Arabia Saudita,España,"1ra Ronda, Grupo H",H,27,Sami Al Jaber,,Arabia Saudita,amarilla
1203,2006,Arabia Saudita,España,"1ra Ronda, Grupo H",H,30,David Albelda,,a,amarilla
1204,2006,Arabia Saudita,España,"1ra Ronda, Grupo H",H,35,Jose Antonio Reyes,,a,amarilla
1205,2006,Arabia Saudita,España,"1ra Ronda, Grupo H",H,75,Carlos Marchena,,a,amarilla
1206,2006,Arabia Saudita,España,"1ra Ronda, Grupo H",H,77,Nawaf Al Temiyat,,Arabia Saudita,amarilla
1207,2006,Ucrania,Túnez,"1ra Ronda, Grupo H",H,9,Zied Jaziri,,nez,amarilla
1208,2006,Ucrania,Túnez,"1ra Ronda, Grupo H",H,18,Vyacheslav Sviderskyi,,Ucrania,amarilla
1209,2006,Ucrania,Túnez,"1ra Ronda, Grupo H",H,43,Riadh Bouazizi,,nez,amarilla
1210,2006,Ucrania,Túnez,"1ra Ronda, Grupo H",H,45,Zied Jaziri,,nez,amarilla
1211,2006,Ucrania,Túnez,"1ra Ronda, Grupo H",H,47,Oleg Shelayev,,Ucrania,amarilla
1212,2006,Ucrania,Túnez,"1ra Ronda, Grupo H",H,61,Anatoliy Tymoschuk,,Ucrania,amarilla
1213,2006,Ucrania,Túnez,"1ra Ronda, Grupo H",H,65,Andriy Rusol,,Ucrania,amarilla
1214,2006,Ucrania,Túnez,"1ra Ronda, Grupo H",H,90,Radhi Jaidi,,nez,amarilla
1215,2006,Alemania,Suecia,Octavos,,27,Torsten Frings,,Alemania,amarilla
1216,2006,Alemania,Suecia,Octavos,,28,Teddy Lucic,,Suecia,amarilla
1217,2006,Alemania,Suecia,Octavos,,35,Teddy Lucic,,Suecia,amarilla
1218,2006,Alemania,Suecia,Octavos,,48,Mattias Jonson,,Suecia,amarilla
1219,2006,Alemania,Suecia,Octavos,,78,Marcus Allback,,Suecia,amarilla
1220,2006,Argentina,México,Octavos,,45,Gabriel Heinze,,Argentina,amarilla
1221,2006,Argentina,México,Octavos,,70,Rafael Marquez,,xico,amarilla
1222,2006,Argentina,México,Octavos,,82,Jose Castro,,xico,amarilla
1223,2006,Argentina,México,Octavos,,112,Juan Sorin,,Argentina,amarilla
1224,2006,Argentina,México,Octavos,,118,Gerardo Torrado,,xico,amarilla
1225,2006,Argentina,México,Octavos,,119,Jose Fonseca,,xico,amarilla
1226,2006,Inglaterra,Ecuador,Octavos,,18,John Terry,,Inglaterra,amarilla
1227,2006,Inglaterra,Ecuador,Octavos,,24,Antonio Valencia,,Ecuador,amarilla
1228,2006,Inglaterra,Ecuador,Octavos,,37,Carlos Tenorio,,Ecuador,amarilla
1229,2006,Inglaterra,Ecuador,Octavos,,67,Ulises De La Cruz,,Ecuador,amarilla
1230,2006,Inglaterra,Ecuador,Octavos,,78,Paul Robinson,,Inglaterra,amarilla
1231,2006,Inglaterra,Ecuador,Octavos,,82,Jamie Carragher,,Inglaterra,amarilla
1232,2006,Portugal,Paises Bajos,Octavos,,2,Mark Van Bommel,,Paises Bajos,amarilla
1233,2006,Portugal,Paises Bajos,Octavos,,7,Khalid Boulahrouz,,Paises Bajos,amarilla
1234,2006,Portugal,Paises Bajos,Octavos,,20,Maniche,,Portugal,amarilla
1235,2006,Portugal,Paises Bajos,Octavos,,31,Costinha,,Portugal,amarilla
1236,2006,Portugal,Paises Bajos,Octavos,,45,Costinha,,Portugal,amarilla
1237,2006,Portugal,Paises Bajos,Octavos,,50,Petit,,Portugal,amarilla
1238,2006,Portugal,Paises Bajos,Octavos,,59,Giovanni Van Bronckhorst,,Paises Bajos,amarilla
1239,2006,Portugal,Paises Bajos,Octavos,,60,Luis Figo,,Portugal,amarilla
1240,2006,Portugal,Paises Bajos,Octavos,,63,Khalid Boulahrouz,,Paises Bajos,amarilla
1241,2006,Portugal,Paises Bajos,Octavos,,73,Wesley Sneijder,,Paises Bajos,amarilla
1242,2006,Portugal,Paises Bajos,Octavos,,73,Deco,,Portugal,amarilla
1243,2006,Portugal,Paises Bajos,Octavos,,74,Rafael Van Der Vaart,,Paises Bajos,amarilla
1244,2006,Portugal,Paises Bajos,Octavos,,76,Ricardo,,Portugal,amarilla
1245,2006,Portugal,Paises Bajos,Octavos,,76,Nuno Valente,,Portugal,amarilla
1246,2006,Portugal,Paises Bajos,Octavos,,78,Deco,,Portugal,amarilla
1247,2006,Portugal,Paises Bajos,Octavos,,90,Giovanni Van Bronckhorst,,Paises Bajos,amarilla
1248,2006,Italia,Australia,Octavos,,23,Vince Grella,,Australia,amarilla
1249,2006,Italia,Australia,Octavos,,29,Fabio Grosso,,Italia,amarilla
1250,2006,Italia,Australia,Octavos,,49,Tim Cahill,,Australia,amarilla
1251,2006,Italia,Australia,Octavos,,50,Marco Materazzi,,Italia,roja
1252,2006,Italia,Australia,Octavos,,61,Luke Wilkshire,,Australia,amarilla
1253,2006,Italia,Australia,Octavos,,89,Gennaro Gattuso,,Italia,amarilla
1254,2006,Italia,Australia,Octavos,,90,Gianluca Zambrotta,,Italia,amarilla
1255,2006,Suiza,Ucrania,Octavos,,59,Tranquillo Barnetta,,Suiza,amarilla
1256,2006,Brasil,Ghana,Octavos,,7,Stephen Appiah,,Ghana,amarilla
1257,2006,Brasil,Ghana,Octavos,,11,Sulley Muntari,,Ghana,amarilla
1258,2006,Brasil,Ghana,Octavos,,13,Adriano,,Brasil,amarilla
1259,2006,Brasil,Ghana,Octavos,,29,John Pantsil,,Ghana,amarilla
1260,2006,Brasil,Ghana,Octavos,,38,Eric Addo,,Ghana,amarilla
1261,2006,Brasil,Ghana,Octavos,,44,Juan,,Brasil,amarilla
1262,2006,Brasil,Ghana,Octavos,,48,Asamoah Gyan,,Ghana,amarilla
1263,2006,Brasil,Ghana,Octavos,,81,Asamoah Gyan,,Ghana,amarilla
1264,2006,España,Francia,Octavos,,68,Patrick Vieira,,Francia,amarilla
1265,2006,España,Francia,Octavos,,82,Carles Puyol,,a,amarilla
1266,2006,España,Francia,Octavos,,87,Franck Ribery,,Francia,amarilla
1267,2006,España,Francia,Octavos,,90,Zinedine Zidane,,Francia,amarilla
1268,2006,Alemania,Argentina,Cuartos,,3,Lukas Podolski,,Alemania,amarilla
1269,2006,Alemania,Argentina,Cuartos,,46,Juan Sorin,,Argentina,amarilla
1270,2006,Alemania,Argentina,Cuartos,,60,Javier Mascherano,,Argentina,amarilla
1271,2006,Alemania,Argentina,Cuartos,,88,Maxi Rodriguez,,Argentina,amarilla
1272,2006,Alemania,Argentina,Cuartos,,90,David Odonkor,,Alemania,amarilla
1273,2006,Alemania,Argentina,Cuartos,,95,Julio Cruz,,Argentina,amarilla
1274,2006,Alemania,Argentina,Cuartos,,114,Arne Friedrich,,Alemania,amarilla
1275,2006,Alemania,Argentina,Cuartos,,120,Leandro Cufre,,Argentina,roja
1276,2006,Italia,Ucrania,Cuartos,,,,,Minuto 68,roja
1277,2006,Italia,Ucrania,Cuartos,,,,,Minuto 68,roja
1278,2006,Italia,Ucrania,Cuartos,,,,,Minuto 77,roja
1279,2006,Italia,Ucrania,Cuartos,,,,,Minuto 20,roja
1280,2006,Italia,Ucrania,Cuartos,,,,,Minuto 47,roja
1281,2006,Italia,Ucrania,Cuartos,,,,,Minuto 72,roja
1282,2006,Inglaterra,Portugal,Cuartos,,30,John Terry,,Inglaterra,amarilla
1283,2006,Inglaterra,Portugal,Cuartos,,44,Petit,,Portugal,amarilla
1284,2006,Inglaterra,Portugal,Cuartos,,62,Wayne Rooney,,Inglaterra,roja
1285,2006,Inglaterra,Portugal,Cuartos,,107,Owen Hargreaves,,Inglaterra,amarilla
1286,2006,Inglaterra,Portugal,Cuartos,,111,Ricardo Carvalho,,Portugal,amarilla
1287,2006,Brasil,Francia,Cuartos,,25,Cafu,,Brasil,amarilla
1288,2006,Brasil,Francia,Cuartos,,45,Juan,,Brasil,amarilla
1289,2006,Brasil,Francia,Cuartos,,45,Ronaldo,,Brasil,amarilla
1290,2006,Brasil,Francia,Cuartos,,74,Willy Sagnol,,Francia,amarilla
1291,2006,Brasil,Francia,Cuartos,,75,Lucio,,Brasil,amarilla
1292,2006,Brasil,Francia,Cuartos,,87,Louis Saha,,Francia,amarilla
1293,2006,Brasil,Francia,Cuartos,,88,Lilian Thuram,,Francia,amarilla
1294,2006,Alemania,Italia,Semis,,40,Tim Borowski,,Alemania,amarilla
1295,2006,Alemania,Italia,Semis,,56,Christoph Metzelder,,Alemania,amarilla
1296,2006,Alemania,Italia,Semis,,90,Mauro Camoranesi,,Italia,amarilla
1297,2006,Portugal,Francia,Semis,,83,Ricardo Carvalho,,Portugal,amarilla
1298,2006,Portugal,Francia,Semis,,87,Louis Saha,,Francia,amarilla
1299,2006,Alemania,Portugal,3er Puesto,,7,Torsten Frings,,Alemania,amarilla
1300,2006,Alemania,Portugal,3er Puesto,,24,Ricardo Costa,,Portugal,amarilla
1301,2006,Alemania,Portugal,3er Puesto,,33,Costinha,,Portugal,amarilla
1302,2006,Alemania,Portugal,3er Puesto,,60,Paulo Ferreira,,Portugal,amarilla
1303,2006,Alemania,Portugal,3er Puesto,,78,Bastian Schweinsteiger,,Alemania,amarilla
1304,2006,Italia,Francia,Final,,5,Gianluca Zambrotta,,Italia,amarilla
1305,2006,Italia,Francia,Final,,12,Willy Sagnol,,Francia,amarilla
1306,2006,Italia,Francia,Final,,76,Claude Makelele,,Francia,amarilla
1307,2006,Italia,Francia,Final,,110,Zinedine Zidane,,Francia,roja
1308,2006,Italia,Francia,Final,,111,Florent Malouda,,Francia,amarilla
1309,2002,Francia,Senegal,"1ra Ronda, Grupo A",A,45,Emmanuel Petit,,Francia,amarilla
1310,2002,Francia,Senegal,"1ra Ronda, Grupo A",A,51,Aliou Cisse,,Senegal,amarilla
1311,2002,Irlanda,Camerún,"1ra Ronda, Grupo E",E,30,Jason Mcateer,,Irlanda,amarilla
1312,2002,Irlanda,Camerún,"1ra Ronda, Grupo E",E,51,Steve Finnan,,Irlanda,amarilla
1313,2002,Irlanda,Camerún,"1ra Ronda, Grupo E",E,82,Steven Reid,,Irlanda,amarilla
1314,2002,Irlanda,Camerún,"1ra Ronda, Grupo E",E,89,Raymond Kalla,,n,amarilla
1315,2002,Uruguay,Dinamarca,"1ra Ronda, Grupo A",A,25,Gustavo Mendez,,Uruguay,amarilla
1316,2002,Uruguay,Dinamarca,"1ra Ronda, Grupo A",A,34,Jan Heintze,,Dinamarca,amarilla
1317,2002,Uruguay,Dinamarca,"1ra Ronda, Grupo A",A,51,Martin Laursen,,Dinamarca,amarilla
1318,2002,Alemania,Arabia Saudita,"1ra Ronda, Grupo E",E,43,Christian Ziege,,Alemania,amarilla
1319,2002,Alemania,Arabia Saudita,"1ra Ronda, Grupo E",E,83,Didi Hamann,,Alemania,amarilla
1320,2002,Alemania,Arabia Saudita,"1ra Ronda, Grupo E",E,90,Mohammed Noor,,Arabia Saudita,amarilla
1321,2002,Inglaterra,Suecia,"1ra Ronda, Grupo F",F,12,Sol Campbell,,Inglaterra,amarilla
1322,2002,Inglaterra,Suecia,"1ra Ronda, Grupo F",F,45,Marcus Allback,,Suecia,amarilla
1323,2002,Inglaterra,Suecia,"1ra Ronda, Grupo F",F,73,Andreas Jakobsson,,Suecia,amarilla
1324,2002,Paraguay,Sudáfrica,"1ra Ronda, Grupo B",B,3,Aaron Mokoena,,frica,amarilla
1325,2002,Paraguay,Sudáfrica,"1ra Ronda, Grupo B",B,9,Pierre Issa,,frica,amarilla
1326,2002,Paraguay,Sudáfrica,"1ra Ronda, Grupo B",B,35,Julio Cesar Caceres,,Paraguay,amarilla
1327,2002,Paraguay,Sudáfrica,"1ra Ronda, Grupo B",B,38,Benni Mccarthy,,frica,amarilla
1328,2002,Paraguay,Sudáfrica,"1ra Ronda, Grupo B",B,45,Sibusiso Zuma,,frica,amarilla
1329,2002,Paraguay,Sudáfrica,"1ra Ronda, Grupo B",B,65,Denis Caniza,,Paraguay,amarilla
1330,2002,Paraguay,Sudáfrica,"1ra Ronda, Grupo B",B,90,Ricardo Tavarelli,,Paraguay,amarilla
1331,2002,Paraguay,Sudáfrica,"1ra Ronda, Grupo B",B,90,Juan Carlos Franco,,Paraguay,amarilla
1332,2002,Argentina,Nigeria,"1ra Ronda, Grupo F",F,51,Walter Samuel,,Argentina,amarilla
1333,2002,Argentina,Nigeria,"1ra Ronda, Grupo F",F,73,Efetobore Sodje,,Nigeria,amarilla
1334,2002,Argentina,Nigeria,"1ra Ronda, Grupo F",F,90,Diego Simeone,,Argentina,amarilla
1335,2002,España,Eslovenia,"1ra Ronda, Grupo B",B,36,Juan Carlos Valeron,,a,amarilla
1336,2002,España,Eslovenia,"1ra Ronda, Grupo B",B,45,Amir Karic,,Eslovenia,amarilla
1337,2002,España,Eslovenia,"1ra Ronda, Grupo B",B,65,Sebastijan Cimirotic,,Eslovenia,amarilla
1338,2002,Croacia,México,"1ra Ronda, Grupo G",G,59,Boris Zivkovic,,Croacia,amarilla
1339,2002,Brasil,Turquía,"1ra Ronda, Grupo C",C,21,Fatih Akyel,,a,amarilla
1340,2002,Brasil,Turquía,"1ra Ronda, Grupo C",C,24,Hakan Unsal,,a,amarilla
1341,2002,Brasil,Turquía,"1ra Ronda, Grupo C",C,44,Alpay Ozalan,,a,amarilla
1342,2002,Brasil,Turquía,"1ra Ronda, Grupo C",C,73,Denilson,,Brasil,amarilla
1343,2002,Brasil,Turquía,"1ra Ronda, Grupo C",C,86,Alpay Ozalan,,a,roja
1344,2002,Brasil,Turquía,"1ra Ronda, Grupo C",C,90,Hakan Unsal,,a,amarilla
1345,2002,Italia,Ecuador,"1ra Ronda, Grupo G",G,14,Augusto Poroso,,Ecuador,amarilla
1346,2002,Italia,Ecuador,"1ra Ronda, Grupo G",G,49,Ulises De La Cruz,,Ecuador,amarilla
1347,2002,Italia,Ecuador,"1ra Ronda, Grupo G",G,54,Clever Chala,,Ecuador,amarilla
1348,2002,Italia,Ecuador,"1ra Ronda, Grupo G",G,81,Fabio Cannavaro,,Italia,amarilla
1349,2002,China,Costa Rica,"1ra Ronda, Grupo C",C,15,Luis Marin,,Costa Rica,amarilla
1350,2002,China,Costa Rica,"1ra Ronda, Grupo C",C,17,Mauricio Solis,,Costa Rica,amarilla
1351,2002,China,Costa Rica,"1ra Ronda, Grupo C",C,60,Tie Li,,China,amarilla
1352,2002,China,Costa Rica,"1ra Ronda, Grupo C",C,72,Yunlong Xu,,China,amarilla
1353,2002,China,Costa Rica,"1ra Ronda, Grupo C",C,77,Xiaopeng Li,,China,amarilla
1354,2002,China,Costa Rica,"1ra Ronda, Grupo C",C,79,Ronald Gomez,,Costa Rica,amarilla
1355,2002,China,Costa Rica,"1ra Ronda, Grupo C",C,85,Walter Centeno,,Costa Rica,amarilla
1356,2002,Japón,Bélgica,"1ra Ronda, Grupo H",H,21,Peter Van Der Heyden,,lgica,amarilla
1357,2002,Japón,Bélgica,"1ra Ronda, Grupo H",H,31,Kazuyuki Toda,,n,amarilla
1358,2002,Japón,Bélgica,"1ra Ronda, Grupo H",H,54,Junichi Inamoto,,n,amarilla
1359,2002,Japón,Bélgica,"1ra Ronda, Grupo H",H,62,Gert Verheyen,,lgica,amarilla
1360,2002,Japón,Bélgica,"1ra Ronda, Grupo H",H,82,Eric Van Meir,,lgica,amarilla
1361,2002,Corea del Sur,Polonia,"1ra Ronda, Grupo D",D,31,Jacek Krzynowek,,Polonia,amarilla
1362,2002,Corea del Sur,Polonia,"1ra Ronda, Grupo D",D,70,Ji Sung Park,,Corea del Sur,amarilla
1363,2002,Corea del Sur,Polonia,"1ra Ronda, Grupo D",D,79,Tomasz Hajto,,Polonia,amarilla
1364,2002,Corea del Sur,Polonia,"1ra Ronda, Grupo D",D,84,Piotr Swierczewski,,Polonia,amarilla
1365,2002,Corea del Sur,Polonia,"1ra Ronda, Grupo D",D,90,Du Ri Cha,,Corea del Sur,amarilla
1366,2002,Rusia,Túnez,"1ra Ronda, Grupo H",H,27,Igor Semshov,,Rusia,amarilla
1367,2002,Rusia,Túnez,"1ra Ronda, Grupo H",H,50,Hassan Gabsi,,nez,amarilla
1368,2002,Rusia,Túnez,"1ra Ronda, Grupo H",H,75,Zied Jaziri,,nez,amarilla
1369,2002,Rusia,Túnez,"1ra Ronda, Grupo H",H,88,Dmitry Alenichev,,Rusia,amarilla
1370,2002,Estados Unidos,Portugal,"1ra Ronda, Grupo D",D,34,Beto,,Portugal,amarilla
1371,2002,Estados Unidos,Portugal,"1ra Ronda, Grupo D",D,52,Petit,,Portugal,amarilla
1372,2002,Estados Unidos,Portugal,"1ra Ronda, Grupo D",D,90,DaMarcus Beasley,,Estados Unidos,amarilla
1373,2002,Alemania,Irlanda,"1ra Ronda, Grupo E",E,,,,"Minuto
75",roja
1374,2002,Alemania,Irlanda,"1ra Ronda, Grupo E",E,,,,"Minuto
85",roja
1375,2002,Alemania,Irlanda,"1ra Ronda, Grupo E",E,,,,"Minuto
89",roja
1376,2002,Alemania,Irlanda,"1ra Ronda, Grupo E",E,,,,"Minuto
73",roja
1377,2002,Alemania,Irlanda,"1ra Ronda, Grupo E",E,,,,"Minuto
73",roja
1378,2002,Alemania,Irlanda,"1ra Ronda, Grupo E",E,,,,"Minuto
87",roja
1379,2002,Francia,Uruguay,"1ra Ronda, Grupo A",A,11,Pablo Garcia,,Uruguay,amarilla
1380,2002,Francia,Uruguay,"1ra Ronda, Grupo A",A,25,Thierry Henry,,Francia,roja
1381,2002,Francia,Uruguay,"1ra Ronda, Grupo A",A,45,Sebastian Abreu,,Uruguay,amarilla
1382,2002,Francia,Uruguay,"1ra Ronda, Grupo A",A,45,Emmanuel Petit,,Francia,amarilla
1383,2002,Francia,Uruguay,"1ra Ronda, Grupo A",A,45,Marcelo Romero,,Uruguay,amarilla
1384,2002,Francia,Uruguay,"1ra Ronda, Grupo A",A,47,Dario Silva,,Uruguay,amarilla
1385,2002,Camerún,Arabia Saudita,"1ra Ronda, Grupo E",E,10,Pierre Wome,,n,amarilla
1386,2002,Camerún,Arabia Saudita,"1ra Ronda, Grupo E",E,59,Al Hasan Al Yami,,Arabia Saudita,amarilla
1387,2002,Dinamarca,Senegal,"1ra Ronda, Grupo A",A,7,Ebbe Sand,,Dinamarca,amarilla
1388,2002,Dinamarca,Senegal,"1ra Ronda, Grupo A",A,10,Khalilou Fadiga,,Senegal,amarilla
1389,2002,Dinamarca,Senegal,"1ra Ronda, Grupo A",A,20,Jon Dahl Tomasson,,Dinamarca,amarilla
1390,2002,Dinamarca,Senegal,"1ra Ronda, Grupo A",A,62,Salif Diao,,Senegal,amarilla
1391,2002,Dinamarca,Senegal,"1ra Ronda, Grupo A",A,80,Salif Diao,,Senegal,roja
1392,2002,Dinamarca,Senegal,"1ra Ronda, Grupo A",A,82,Thomas Helveg,,Dinamarca,amarilla
1393,2002,Dinamarca,Senegal,"1ra Ronda, Grupo A",A,84,Christian Poulsen,,Dinamarca,amarilla
1394,2002,Suecia,Nigeria,"1ra Ronda, Grupo F",F,31,Johan Mjallby,,Suecia,amarilla
1395,2002,Suecia,Nigeria,"1ra Ronda, Grupo F",F,69,Niclas Alexandersson,,Suecia,amarilla
1396,2002,Suecia,Nigeria,"1ra Ronda, Grupo F",F,80,Taribo West,,Nigeria,amarilla
1397,2002,España,Paraguay,"1ra Ronda, Grupo B",B,9,Ruben Baraja,,a,amarilla
1398,2002,España,Paraguay,"1ra Ronda, Grupo B",B,44,Francisco Arce,,Paraguay,amarilla
1399,2002,España,Paraguay,"1ra Ronda, Grupo B",B,60,Diego Gavilan,,Paraguay,amarilla
1400,2002,España,Paraguay,"1ra Ronda, Grupo B",B,80,Roque Santa Cruz,,Paraguay,amarilla
1401,2002,Argentina,Inglaterra,"1ra Ronda, Grupo F",F,13,Gabriel Batistuta,,Argentina,amarilla
1402,2002,Argentina,Inglaterra,"1ra Ronda, Grupo F",F,29,Ashley Cole,,Inglaterra,amarilla
1403,2002,Argentina,Inglaterra,"1ra Ronda, Grupo F",F,50,Emile Heskey,,Inglaterra,amarilla
1404,2002,Sudáfrica,Eslovenia,"1ra Ronda, Grupo B",B,12,Lucas Radebe,,frica,amarilla
1405,2002,Sudáfrica,Eslovenia,"1ra Ronda, Grupo B",B,35,Muamer Vugdalic,,Eslovenia,amarilla
1406,2002,Sudáfrica,Eslovenia,"1ra Ronda, Grupo B",B,52,Zeljko Milinovic,,Eslovenia,amarilla
1407,2002,Sudáfrica,Eslovenia,"1ra Ronda, Grupo B",B,59,Teboho Mokoena,,frica,amarilla
1408,2002,Sudáfrica,Eslovenia,"1ra Ronda, Grupo B",B,62,Ales Ceh,,Eslovenia,amarilla
1409,2002,Sudáfrica,Eslovenia,"1ra Ronda, Grupo B",B,75,Miran Pavlin,,Eslovenia,amarilla
1410,2002,Italia,Croacia,"1ra Ronda, Grupo G",G,39,Robert Kovac,,Croacia,amarilla
1411,2002,Italia,Croacia,"1ra Ronda, Grupo G",G,51,Christian Vieri,,Italia,amarilla
1412,2002,Brasil,China,"1ra Ronda, Grupo C",C,25,Ronaldinho,,Brasil,amarilla
1413,2002,Brasil,China,"1ra Ronda, Grupo C",C,69,Roque Junior,,Brasil,amarilla
1414,2002,México,Ecuador,"1ra Ronda, Grupo G",G,15,Ivan Kaviedes,,Ecuador,amarilla
1415,2002,México,Ecuador,"1ra Ronda, Grupo G",G,27,Jose Cevallos,,Ecuador,amarilla
1416,2002,México,Ecuador,"1ra Ronda, Grupo G",G,49,Raul Guerron,,Ecuador,amarilla
1417,2002,México,Ecuador,"1ra Ronda, Grupo G",G,61,Carlos Tenorio,,Ecuador,amarilla
1418,2002,México,Ecuador,"1ra Ronda, Grupo G",G,65,Gerardo Torrado,,xico,amarilla
1419,2002,México,Ecuador,"1ra Ronda, Grupo G",G,87,Agustin Delgado,,Ecuador,amarilla
1420,2002,Costa Rica,Turquía,"1ra Ronda, Grupo C",C,20,Emre Asik,,a,amarilla
1421,2002,Costa Rica,Turquía,"1ra Ronda, Grupo C",C,24,Gilberto Martinez,,Costa Rica,amarilla
1422,2002,Costa Rica,Turquía,"1ra Ronda, Grupo C",C,43,Carlos Castro,,Costa Rica,amarilla
1423,2002,Costa Rica,Turquía,"1ra Ronda, Grupo C",C,45,Tugay Kerimoglu,,a,amarilla
1424,2002,Costa Rica,Turquía,"1ra Ronda, Grupo C",C,89,Emre Belozoglu,,a,amarilla
1425,2002,Japón,Rusia,"1ra Ronda, Grupo H",H,13,Ruslan Pimenov,,Rusia,amarilla
1426,2002,Japón,Rusia,"1ra Ronda, Grupo H",H,15,Tsuneyasu Miyamoto,,n,amarilla
1427,2002,Japón,Rusia,"1ra Ronda, Grupo H",H,38,Andrei Solomatin,,Rusia,amarilla
1428,2002,Japón,Rusia,"1ra Ronda, Grupo H",H,42,Koji Nakata,,n,amarilla
1429,2002,Japón,Rusia,"1ra Ronda, Grupo H",H,60,Dmitry Khokhlov,,Rusia,amarilla
1430,2002,Japón,Rusia,"1ra Ronda, Grupo H",H,90,Masashi Nakayama,,n,amarilla
1431,2002,Corea del Sur,Estados Unidos,"1ra Ronda, Grupo D",D,30,Frankie Hejduk,,Estados Unidos,amarilla
1432,2002,Corea del Sur,Estados Unidos,"1ra Ronda, Grupo D",D,39,Jeff Agoos,,Estados Unidos,amarilla
1433,2002,Corea del Sur,Estados Unidos,"1ra Ronda, Grupo D",D,80,Myung Bo Hong,,Corea del Sur,amarilla
1434,2002,Túnez,Bélgica,"1ra Ronda, Grupo H",H,22,Hassan Gabsi,,nez,amarilla
1435,2002,Túnez,Bélgica,"1ra Ronda, Grupo H",H,40,Daniel van Buyten,,lgica,amarilla
1436,2002,Túnez,Bélgica,"1ra Ronda, Grupo H",H,43,Kais Ghodhbane,,nez,amarilla
1437,2002,Túnez,Bélgica,"1ra Ronda, Grupo H",H,68,Hatem Trabelsi,,nez,amarilla
1438,2002,Túnez,Bélgica,"1ra Ronda, Grupo H",H,69,Mourad Melki,,nez,amarilla
1439,2002,Portugal,Polonia,"1ra Ronda, Grupo D",D,21,Piotr Swierczewski,,Polonia,amarilla
1440,2002,Portugal,Polonia,"1ra Ronda, Grupo D",D,25,Frechaut,,Portugal,amarilla
1441,2002,Portugal,Polonia,"1ra Ronda, Grupo D",D,27,Jorge Costa,,Portugal,amarilla
1442,2002,Portugal,Polonia,"1ra Ronda, Grupo D",D,31,Rui Costa,,Portugal,amarilla
1443,2002,Portugal,Polonia,"1ra Ronda, Grupo D",D,39,Arkadiusz Bak,,Polonia,amarilla
1444,2002,Dinamarca,Francia,"1ra Ronda, Grupo A",A,8,Christophe Dugarry,,Francia,amarilla
1445,2002,Dinamarca,Francia,"1ra Ronda, Grupo A",A,27,Christian Poulsen,,Dinamarca,amarilla
1446,2002,Dinamarca,Francia,"1ra Ronda, Grupo A",A,71,Niclas Jensen,,Dinamarca,amarilla
1447,2002,Senegal,Uruguay,"1ra Ronda, Grupo A",A,2,Henri Camara,,Senegal,amarilla
1448,2002,Senegal,Uruguay,"1ra Ronda, Grupo A",A,4,Omar Daf,,Senegal,amarilla
1449,2002,Senegal,Uruguay,"1ra Ronda, Grupo A",A,8,Marcelo Romero,,Uruguay,amarilla
1450,2002,Senegal,Uruguay,"1ra Ronda, Grupo A",A,19,Fabian Carini,,Uruguay,amarilla
1451,2002,Senegal,Uruguay,"1ra Ronda, Grupo A",A,35,Pablo Garcia,,Uruguay,amarilla
1452,2002,Senegal,Uruguay,"1ra Ronda, Grupo A",A,39,Ferdinand Coly,,Senegal,amarilla
1453,2002,Senegal,Uruguay,"1ra Ronda, Grupo A",A,40,Dario Rodriguez,,Uruguay,amarilla
1454,2002,Senegal,Uruguay,"1ra Ronda, Grupo A",A,69,Bouba Diop,,Senegal,amarilla
1455,2002,Senegal,Uruguay,"1ra Ronda, Grupo A",A,82,El Hadji Diouf,,Senegal,amarilla
1456,2002,Senegal,Uruguay,"1ra Ronda, Grupo A",A,82,Paolo Montero,,Uruguay,amarilla
1457,2002,Senegal,Uruguay,"1ra Ronda, Grupo A",A,87,Khalilou Fadiga,,Senegal,amarilla
1458,2002,Senegal,Uruguay,"1ra Ronda, Grupo A",A,87,Habib Beye,,Senegal,amarilla
1459,2002,Camerún,Alemania,"1ra Ronda, Grupo E",E,8,Marc-Vivien Foe,,n,amarilla
1460,2002,Camerún,Alemania,"1ra Ronda, Grupo E",E,9,Carsten Jancker,,Alemania,amarilla
1461,2002,Camerún,Alemania,"1ra Ronda, Grupo E",E,29,Didi Hamann,,Alemania,amarilla
1462,2002,Camerún,Alemania,"1ra Ronda, Grupo E",E,31,Michael Ballack,,Alemania,amarilla
1463,2002,Camerún,Alemania,"1ra Ronda, Grupo E",E,37,Carsten Ramelow,,Alemania,amarilla
1464,2002,Camerún,Alemania,"1ra Ronda, Grupo E",E,40,Carsten Ramelow,,Alemania,amarilla
1465,2002,Camerún,Alemania,"1ra Ronda, Grupo E",E,42,Oliver Kahn,,Alemania,amarilla
1466,2002,Camerún,Alemania,"1ra Ronda, Grupo E",E,42,Rigobert Song,,n,amarilla
1467,2002,Camerún,Alemania,"1ra Ronda, Grupo E",E,44,Bill Tchato,,n,amarilla
1468,2002,Camerún,Alemania,"1ra Ronda, Grupo E",E,56,Geremi,,n,amarilla
1469,2002,Camerún,Alemania,"1ra Ronda, Grupo E",E,58,Salomon Olembe,,n,amarilla
1470,2002,Camerún,Alemania,"1ra Ronda, Grupo E",E,60,Patrick Suffo,,n,amarilla
1471,2002,Camerún,Alemania,"1ra Ronda, Grupo E",E,72,Christian Ziege,,Alemania,amarilla
1472,2002,Camerún,Alemania,"1ra Ronda, Grupo E",E,74,Torsten Frings,,Alemania,amarilla
1473,2002,Camerún,Alemania,"1ra Ronda, Grupo E",E,77,Patrick Suffo,,n,amarilla
1474,2002,Camerún,Alemania,"1ra Ronda, Grupo E",E,81,Lauren,,n,amarilla
1475,2002,Arabia Saudita,Irlanda,"1ra Ronda, Grupo E",E,61,Nawaf Al Temiyat,,Arabia Saudita,amarilla
1476,2002,Arabia Saudita,Irlanda,"1ra Ronda, Grupo E",E,70,Steve Staunton,,Irlanda,amarilla
1477,2002,Suecia,Argentina,"1ra Ronda, Grupo F",F,45,Claudio Caniggia,,Argentina,roja
1478,2002,Suecia,Argentina,"1ra Ronda, Grupo F",F,55,Jose Chamot,,Argentina,amarilla
1479,2002,Suecia,Argentina,"1ra Ronda, Grupo F",F,58,Matias Almeyda,,Argentina,amarilla
1480,2002,Suecia,Argentina,"1ra Ronda, Grupo F",F,65,Magnus Svensson,,Suecia,amarilla
1481,2002,Suecia,Argentina,"1ra Ronda, Grupo F",F,75,Cristian Gonzalez,,Argentina,amarilla
1482,2002,Suecia,Argentina,"1ra Ronda, Grupo F",F,78,Henrik Larsson,,Suecia,amarilla
1483,2002,Nigeria,Inglaterra,"1ra Ronda, Grupo F",F,,,,Minuto 86,roja
1484,2002,Nigeria,Inglaterra,"1ra Ronda, Grupo F",F,,,,Minuto 69,roja
1485,2002,Nigeria,Inglaterra,"1ra Ronda, Grupo F",F,,,,Minuto 77,roja
1486,2002,Nigeria,Inglaterra,"1ra Ronda, Grupo F",F,,,,Minuto 85,roja
1487,2002,Sudáfrica,España,"1ra Ronda, Grupo B",B,16,Cyril Nzama,,frica,amarilla
1488,2002,Sudáfrica,España,"1ra Ronda, Grupo B",B,67,Bradley Carnell,,frica,amarilla
1489,2002,Sudáfrica,España,"1ra Ronda, Grupo B",B,69,Siyabonga Nomvethe,,frica,amarilla
1490,2002,Sudáfrica,España,"1ra Ronda, Grupo B",B,81,Aaron Mokoena,,frica,amarilla
1491,2002,Eslovenia,Paraguay,"1ra Ronda, Grupo B",B,4,Carlos Paredes,,Paraguay,amarilla
1492,2002,Eslovenia,Paraguay,"1ra Ronda, Grupo B",B,15,Miran Pavlin,,Eslovenia,amarilla
1493,2002,Eslovenia,Paraguay,"1ra Ronda, Grupo B",B,22,Carlos Paredes,,Paraguay,amarilla
1494,2002,Eslovenia,Paraguay,"1ra Ronda, Grupo B",B,68,Amir Karic,,Eslovenia,amarilla
1495,2002,Eslovenia,Paraguay,"1ra Ronda, Grupo B",B,69,Mladen Rudonja,,Eslovenia,amarilla
1496,2002,Eslovenia,Paraguay,"1ra Ronda, Grupo B",B,79,Zeljko Milinovic,,Eslovenia,amarilla
1497,2002,Eslovenia,Paraguay,"1ra Ronda, Grupo B",B,81,Nastja Ceh,,Eslovenia,roja
1498,2002,Costa Rica,Brasil,"1ra Ronda, Grupo C",C,90,Cafu,,Brasil,amarilla
1499,2002,Turquía,China,"1ra Ronda, Grupo C",C,19,Emre Asik,,a,amarilla
1500,2002,Turquía,China,"1ra Ronda, Grupo C",C,30,Emre Belozoglu,,a,amarilla
1501,2002,Turquía,China,"1ra Ronda, Grupo C",C,45,Pu Yang,,China,amarilla
1502,2002,Turquía,China,"1ra Ronda, Grupo C",C,58,Jiayi Shao,,China,roja
1503,2002,Turquía,China,"1ra Ronda, Grupo C",C,62,Weifeng Li,,China,amarilla
1504,2002,Turquía,China,"1ra Ronda, Grupo C",C,81,Hasan Sas,,a,amarilla
1505,2002,México,Italia,"1ra Ronda, Grupo G",G,2,Jesus Arellano,,xico,amarilla
1506,2002,México,Italia,"1ra Ronda, Grupo G",G,5,Fabio Cannavaro,,Italia,amarilla
1507,2002,México,Italia,"1ra Ronda, Grupo G",G,10,Christian Panucci,,Italia,amarilla
1508,2002,México,Italia,"1ra Ronda, Grupo G",G,43,Francesco Totti,,Italia,amarilla
1509,2002,México,Italia,"1ra Ronda, Grupo G",G,55,Gianluca Zambrotta,,Italia,amarilla
1510,2002,México,Italia,"1ra Ronda, Grupo G",G,57,Vincenzo Montella,,Italia,amarilla
1511,2002,México,Italia,"1ra Ronda, Grupo G",G,84,Oscar Perez,,xico,amarilla
1512,2002,Ecuador,Croacia,"1ra Ronda, Grupo G",G,72,Stjepan Tomas,,Croacia,amarilla
1513,2002,Ecuador,Croacia,"1ra Ronda, Grupo G",G,86,Clever Chala,,Ecuador,amarilla
1514,2002,Ecuador,Croacia,"1ra Ronda, Grupo G",G,90,Josip Simunic,,Croacia,amarilla
1515,2002,Túnez,Japón,"1ra Ronda, Grupo H",H,21,Riadh Bouazizi,,nez,amarilla
1516,2002,Túnez,Japón,"1ra Ronda, Grupo H",H,81,Khaled Badra,,nez,amarilla
1517,2002,Bélgica,Rusia,"1ra Ronda, Grupo H",H,12,Andrei Solomatin,,Rusia,amarilla
1518,2002,Bélgica,Rusia,"1ra Ronda, Grupo H",H,14,Alexei Smertin,,Rusia,amarilla
1519,2002,Bélgica,Rusia,"1ra Ronda, Grupo H",H,39,Yves Vanderhaeghe,,lgica,amarilla
1520,2002,Bélgica,Rusia,"1ra Ronda, Grupo H",H,64,Dmitry Alenichev,,Rusia,amarilla
1521,2002,Bélgica,Rusia,"1ra Ronda, Grupo H",H,84,Dmitri Sennikov,,Rusia,amarilla
1522,2002,Portugal,Corea del Sur,"1ra Ronda, Grupo D",D,22,Beto,,Portugal,amarilla
1523,2002,Portugal,Corea del Sur,"1ra Ronda, Grupo D",D,24,Tae Young Kim,,Corea del Sur,amarilla
1524,2002,Portugal,Corea del Sur,"1ra Ronda, Grupo D",D,27,Joao Pinto,,Portugal,roja
1525,2002,Portugal,Corea del Sur,"1ra Ronda, Grupo D",D,57,Ki Hyeon Seol,,Corea del Sur,amarilla
1526,2002,Portugal,Corea del Sur,"1ra Ronda, Grupo D",D,66,Beto,,Portugal,amarilla
1527,2002,Portugal,Corea del Sur,"1ra Ronda, Grupo D",D,74,Nam Il Kim,,Corea del Sur,amarilla
1528,2002,Portugal,Corea del Sur,"1ra Ronda, Grupo D",D,83,Jorge Costa,,Portugal,amarilla
1529,2002,Portugal,Corea del Sur,"1ra Ronda, Grupo D",D,90,Jung Hwan Ahn,,Corea del Sur,amarilla
1530,2002,Polonia,Estados Unidos,"1ra Ronda, Grupo D",D,44,Radoslaw Majdan,,Polonia,amarilla
1531,2002,Polonia,Estados Unidos,"1ra Ronda, Grupo D",D,46,Marek Kozminski,,Polonia,amarilla
1532,2002,Polonia,Estados Unidos,"1ra Ronda, Grupo D",D,63,Cezary Kucharski,,Polonia,amarilla
1533,2002,Polonia,Estados Unidos,"1ra Ronda, Grupo D",D,72,Frankie Hejduk,,Estados Unidos,amarilla
1534,2002,Polonia,Estados Unidos,"1ra Ronda, Grupo D",D,86,Emmanuel Olisadebe,,Polonia,amarilla
1535,2002,Alemania,Paraguay,Octavos,,26,Roberto Acuña,,Paraguay,amarilla
1536,2002,Alemania,Paraguay,Octavos,,35,Bernd Schneider,,Alemania,amarilla
1537,2002,Alemania,Paraguay,Octavos,,50,Jose Cardozo,,Paraguay,amarilla
1538,2002,Alemania,Paraguay,Octavos,,71,Frank Baumann,,Alemania,amarilla
1539,2002,Alemania,Paraguay,Octavos,,90,Michael Ballack,,Alemania,amarilla
1540,2002,Alemania,Paraguay,Octavos,,90,Roberto Acuña,,Paraguay,roja
1541,2002,Dinamarca,Inglaterra,Octavos,,24,Stig Tofting,,Dinamarca,amarilla
1542,2002,Dinamarca,Inglaterra,Octavos,,50,Danny Mills,,Inglaterra,amarilla
1543,2002,Suecia,Senegal,Octavos,,73,Ferdinand Coly,,Senegal,amarilla
1544,2002,Suecia,Senegal,Octavos,,94,Pape Thiaw,,Senegal,amarilla
1545,2002,España,Irlanda,Octavos,,62,Juanfran,,a,amarilla
1546,2002,España,Irlanda,Octavos,,87,Ruben Baraja,,a,amarilla
1547,2002,España,Irlanda,Octavos,,89,Fernando Hierro,,a,amarilla
1548,2002,México,Estados Unidos,Octavos,,26,Eddie Pope,,Estados Unidos,amarilla
1549,2002,México,Estados Unidos,Octavos,,37,Manuel Vidrio,,xico,amarilla
1550,2002,México,Estados Unidos,Octavos,,47,Pablo Mastroeni,,Estados Unidos,amarilla
1551,2002,México,Estados Unidos,Octavos,,50,Josh Wolff,,Estados Unidos,amarilla
1552,2002,México,Estados Unidos,Octavos,,53,Gregg Berhalter,,Estados Unidos,amarilla
1553,2002,México,Estados Unidos,Octavos,,67,Luis Hernandez,,xico,amarilla
1554,2002,México,Estados Unidos,Octavos,,70,Cuauhtemoc Blanco,,xico,amarilla
1555,2002,México,Estados Unidos,Octavos,,81,Alberto Garcia Aspe,,xico,amarilla
1556,2002,México,Estados Unidos,Octavos,,83,Brad Friedel,,Estados Unidos,amarilla
1557,2002,México,Estados Unidos,Octavos,,84,Salvador Carmona,,xico,amarilla
1558,2002,México,Estados Unidos,Octavos,,88,Rafael Marquez,,xico,roja
1559,2002,Brasil,Bélgica,Octavos,,24,Yves Vanderhaeghe,,lgica,amarilla
1560,2002,Brasil,Bélgica,Octavos,,28,Roberto Carlos,,Brasil,amarilla
1561,2002,Japón,Turquía,Octavos,,21,Alpay Ozalan,,a,amarilla
1562,2002,Japón,Turquía,Octavos,,44,Ergun Penbe,,a,amarilla
1563,2002,Japón,Turquía,Octavos,,45,Kazuyuki Toda,,n,amarilla
1564,2002,Japón,Turquía,Octavos,,90,Hakan Sukur,,a,amarilla
1565,2002,Corea del Sur,Italia,Octavos,,4,Francesco Coco,,Italia,amarilla
1566,2002,Corea del Sur,Italia,Octavos,,17,Tae Young Kim,,Corea del Sur,amarilla
1567,2002,Corea del Sur,Italia,Octavos,,22,Francesco Totti,,Italia,amarilla
1568,2002,Corea del Sur,Italia,Octavos,,55,Damiano Tommasi,,Italia,amarilla
1569,2002,Corea del Sur,Italia,Octavos,,59,Cristiano Zanetti,,Italia,amarilla
1570,2002,Corea del Sur,Italia,Octavos,,80,Chong Gug Song,,Corea del Sur,amarilla
1571,2002,Corea del Sur,Italia,Octavos,,99,Chun Soo Lee,,Corea del Sur,amarilla
1572,2002,Corea del Sur,Italia,Octavos,,103,Francesco Totti,,Italia,amarilla
1573,2002,Corea del Sur,Italia,Octavos,,115,Jin Cheul Choi,,Corea del Sur,amarilla
1574,2002,Inglaterra,Brasil,Cuartos,,57,Ronaldinho,,Brasil,roja
1575,2002,Inglaterra,Brasil,Cuartos,,75,Paul Scholes,,Inglaterra,amarilla
1576,2002,Inglaterra,Brasil,Cuartos,,86,Rio Ferdinand,,Inglaterra,amarilla
1577,2002,Alemania,Estados Unidos,Cuartos,,40,Eddie Lewis,,Estados Unidos,amarilla
1578,2002,Alemania,Estados Unidos,Cuartos,,41,Eddie Pope,,Estados Unidos,amarilla
1579,2002,Alemania,Estados Unidos,Cuartos,,66,Sebastian Kehl,,Alemania,amarilla
1580,2002,Alemania,Estados Unidos,Cuartos,,68,Claudio Reyna,,Estados Unidos,amarilla
1581,2002,Alemania,Estados Unidos,Cuartos,,68,Jens Jeremies,,Alemania,amarilla
1582,2002,Alemania,Estados Unidos,Cuartos,,69,Pablo Mastroeni,,Estados Unidos,amarilla
1583,2002,Alemania,Estados Unidos,Cuartos,,70,Gregg Berhalter,,Estados Unidos,amarilla
1584,2002,España,Corea del Sur,Cuartos,,52,Sang Chul Yoo,,Corea del Sur,amarilla
1585,2002,España,Corea del Sur,Cuartos,,53,De Pedro,,a,amarilla
1586,2002,España,Corea del Sur,Cuartos,,111,Fernando Morientes,,a,amarilla
1587,2002,Senegal,Turquía,Cuartos,,12,Omar Daf,,Senegal,amarilla
1588,2002,Senegal,Turquía,Cuartos,,22,Emre Belozoglu,,a,amarilla
1589,2002,Senegal,Turquía,Cuartos,,63,Aliou Cisse,,Senegal,amarilla
1590,2002,Senegal,Turquía,Cuartos,,87,Ilhan Mansiz,,a,amarilla
1591,2002,Alemania,Corea del Sur,Semis,,71,Michael Ballack,,Alemania,amarilla
1592,2002,Alemania,Corea del Sur,Semis,,85,Oliver Neuville,,Alemania,amarilla
1593,2002,Alemania,Corea del Sur,Semis,,90,Min Sung Lee,,Corea del Sur,amarilla
1594,2002,Brasil,Turquía,Semis,,41,Gilberto Silva,,Brasil,amarilla
1595,2002,Brasil,Turquía,Semis,,59,Tugay Kerimoglu,,a,amarilla
1596,2002,Brasil,Turquía,Semis,,90,Hasan Sas,,a,amarilla
1597,2002,Corea del Sur,Turquía,3er Puesto,,23,Eul Yong Lee,,Corea del Sur,amarilla
1598,2002,Corea del Sur,Turquía,3er Puesto,,50,Tugay Kerimoglu,,a,amarilla
1599,2002,Corea del Sur,Turquía,3er Puesto,,83,Rustu Recber,,a,amarilla
1600,2002,Alemania,Brasil,Final,,6,Roque Junior,,Brasil,amarilla
1601,2002,Alemania,Brasil,Final,,9,Miroslav Klose,,Alemania,amarilla
1602,1998,Brasil,Escocia,"1ra Ronda, Grupo A",A,25,Darren Jackson,,Escocia,amarilla
1603,1998,Brasil,Escocia,"1ra Ronda, Grupo A",A,37,Cesar Sampaio,,Brasil,amarilla
1604,1998,Brasil,Escocia,"1ra Ronda, Grupo A",A,45,Aldair,,Brasil,amarilla
1605,1998,Marruecos,Noruega,"1ra Ronda, Grupo A",A,79,Said Chiba,,Marruecos,amarilla
1606,1998,Camerún,Austria,"1ra Ronda, Grupo B",B,27,Anton Pfeffer,,Austria,amarilla
1607,1998,Camerún,Austria,"1ra Ronda, Grupo B",B,30,Samuel Ipoua,,n,amarilla
1608,1998,Italia,Chile,"1ra Ronda, Grupo B",B,8,Angelo Di Livio,,Italia,amarilla
1609,1998,Italia,Chile,"1ra Ronda, Grupo B",B,31,Fabio Cannavaro,,Italia,amarilla
1610,1998,Italia,Chile,"1ra Ronda, Grupo B",B,45,Nelson Parraguez,,Chile,amarilla
1611,1998,Italia,Chile,"1ra Ronda, Grupo B",B,53,Clarence Acuña,,Chile,amarilla
1612,1998,Italia,Chile,"1ra Ronda, Grupo B",B,66,Francisco Rojas,,Chile,amarilla
1613,1998,Arabia Saudita,Dinamarca,"1ra Ronda, Grupo C",C,11,Khaled Al Muwallid,,Arabia Saudita,amarilla
1614,1998,Arabia Saudita,Dinamarca,"1ra Ronda, Grupo C",C,12,Morten Wieghorst,,Dinamarca,amarilla
1615,1998,Arabia Saudita,Dinamarca,"1ra Ronda, Grupo C",C,60,Marc Rieper,,Dinamarca,amarilla
1616,1998,Arabia Saudita,Dinamarca,"1ra Ronda, Grupo C",C,73,Allan Nielsen,,Dinamarca,amarilla
1617,1998,Francia,Sudáfrica,"1ra Ronda, Grupo C",C,28,Emmanuel Petit,,Francia,amarilla
1618,1998,Francia,Sudáfrica,"1ra Ronda, Grupo C",C,39,Willem Jackson,,frica,amarilla
1619,1998,Francia,Sudáfrica,"1ra Ronda, Grupo C",C,53,Didier Deschamps,,Francia,amarilla
1620,1998,Francia,Sudáfrica,"1ra Ronda, Grupo C",C,75,Zinedine Zidane,,Francia,amarilla
1621,1998,Paraguay,Bulgaria,"1ra Ronda, Grupo D",D,27,Anatoli Nankov,,Bulgaria,amarilla
1622,1998,Paraguay,Bulgaria,"1ra Ronda, Grupo D",D,45,Hristo Stoichkov,,Bulgaria,amarilla
1623,1998,Paraguay,Bulgaria,"1ra Ronda, Grupo D",D,45,Miguel Benitez,,Paraguay,amarilla
1624,1998,Paraguay,Bulgaria,"1ra Ronda, Grupo D",D,73,Trifon Ivanov,,Bulgaria,amarilla
1625,1998,Paraguay,Bulgaria,"1ra Ronda, Grupo D",D,89,Anatoli Nankov,,Bulgaria,amarilla
1626,1998,Paises Bajos,Bélgica,"1ra Ronda, Grupo E",E,20,Lorenzo Staelens,,lgica,amarilla
1627,1998,Paises Bajos,Bélgica,"1ra Ronda, Grupo E",E,30,Eric Deflandre,,lgica,amarilla
1628,1998,Paises Bajos,Bélgica,"1ra Ronda, Grupo E",E,82,Patrick Kluivert,,Paises Bajos,roja
1629,1998,Corea del Sur,México,"1ra Ronda, Grupo E",E,20,Min Sung Lee,,Corea del Sur,amarilla
1630,1998,Corea del Sur,México,"1ra Ronda, Grupo E",E,26,Jaime Ordiales,,xico,amarilla
1631,1998,Corea del Sur,México,"1ra Ronda, Grupo E",E,27,Alberto Garcia Aspe,,xico,amarilla
1632,1998,Corea del Sur,México,"1ra Ronda, Grupo E",E,30,Seok Ju Ha,,Corea del Sur,roja
1633,1998,España,Nigeria,"1ra Ronda, Grupo D",D,56,Guillermo Amor,,a,amarilla
1634,1998,España,Nigeria,"1ra Ronda, Grupo D",D,59,Miguel Angel Nadal,,a,amarilla
1635,1998,España,Nigeria,"1ra Ronda, Grupo D",D,62,Uche Okechukwu,,Nigeria,amarilla
1636,1998,España,Nigeria,"1ra Ronda, Grupo D",D,75,Ivan Campo,,a,amarilla
1637,1998,Jamaica,Croacia,"1ra Ronda, Grupo H",H,5,Zvonimir Soldo,,Croacia,amarilla
1638,1998,Jamaica,Croacia,"1ra Ronda, Grupo H",H,59,Dario Simic,,Croacia,amarilla
1639,1998,Jamaica,Croacia,"1ra Ronda, Grupo H",H,62,Deon Burton,,Jamaica,amarilla
1640,1998,RF de Yugoslavia,Irán,"1ra Ronda, Grupo F",F,42,Zeljko Petrovic,,RF de Yugoslavia,amarilla
1641,1998,RF de Yugoslavia,Irán,"1ra Ronda, Grupo F",F,60,Dragan Stojkovic,,RF de Yugoslavia,amarilla
1642,1998,Argentina,Japón,"1ra Ronda, Grupo H",H,26,Masami Ihara,,n,amarilla
1643,1998,Argentina,Japón,"1ra Ronda, Grupo H",H,67,Eisuke Nakanishi,,n,amarilla
1644,1998,Argentina,Japón,"1ra Ronda, Grupo H",H,90,Takashi Hirano,,n,amarilla
1645,1998,Alemania,Estados Unidos,"1ra Ronda, Grupo F",F,30,Jens Jeremies,,Alemania,amarilla
1646,1998,Alemania,Estados Unidos,"1ra Ronda, Grupo F",F,50,Frankie Hejduk,,Estados Unidos,amarilla
1647,1998,Alemania,Estados Unidos,"1ra Ronda, Grupo F",F,77,Didi Hamann,,Alemania,amarilla
1648,1998,Alemania,Estados Unidos,"1ra Ronda, Grupo F",F,84,Joerg Heinrich,,Alemania,amarilla
1649,1998,Alemania,Estados Unidos,"1ra Ronda, Grupo F",F,85,Eddie Pope,,Estados Unidos,amarilla
1650,1998,Rumania,Colombia,"1ra Ronda, Grupo G",G,47,Jose Santa,,Colombia,amarilla
1651,1998,Rumania,Colombia,"1ra Ronda, Grupo G",G,54,Iulian Filipescu,,Rumania,amarilla
1652,1998,Rumania,Colombia,"1ra Ronda, Grupo G",G,69,Dorinel Munteanu,,Rumania,amarilla
1653,1998,Rumania,Colombia,"1ra Ronda, Grupo G",G,78,Dan Petrescu,,Rumania,amarilla
1654,1998,Inglaterra,Túnez,"1ra Ronda, Grupo G",G,48,Clayton,,nez,amarilla
1655,1998,Inglaterra,Túnez,"1ra Ronda, Grupo G",G,70,Imed Ben Younes,,nez,amarilla
1656,1998,Inglaterra,Túnez,"1ra Ronda, Grupo G",G,87,Kais Ghodhbane,,nez,amarilla
1657,1998,Inglaterra,Túnez,"1ra Ronda, Grupo G",G,88,Sol Campbell,,Inglaterra,amarilla
1658,1998,Escocia,Noruega,"1ra Ronda, Grupo A",A,24,Gordon Durie,,Escocia,amarilla
1659,1998,Escocia,Noruega,"1ra Ronda, Grupo A",A,53,Kjetil Rekdal,,Noruega,amarilla
1660,1998,Escocia,Noruega,"1ra Ronda, Grupo A",A,56,Darren Jackson,,Escocia,amarilla
1661,1998,Escocia,Noruega,"1ra Ronda, Grupo A",A,58,Henning Berg,,Noruega,amarilla
1662,1998,Brasil,Marruecos,"1ra Ronda, Grupo A",A,32,Abdeljalil Hadda,,Marruecos,amarilla
1663,1998,Brasil,Marruecos,"1ra Ronda, Grupo A",A,36,Cesar Sampaio,,Brasil,amarilla
1664,1998,Brasil,Marruecos,"1ra Ronda, Grupo A",A,64,Said Chiba,,Marruecos,amarilla
1665,1998,Brasil,Marruecos,"1ra Ronda, Grupo A",A,87,Junior Baiano,,Brasil,amarilla
1666,1998,Chile,Austria,"1ra Ronda, Grupo B",B,16,Moises Villarroel,,Chile,amarilla
1667,1998,Chile,Austria,"1ra Ronda, Grupo B",B,26,Peter Schoettel,,Austria,amarilla
1668,1998,Chile,Austria,"1ra Ronda, Grupo B",B,47,Fabian Estay,,Chile,amarilla
1669,1998,Chile,Austria,"1ra Ronda, Grupo B",B,58,Marcelo Salas,,Chile,amarilla
1670,1998,Chile,Austria,"1ra Ronda, Grupo B",B,74,Ivan Zamorano,,Chile,amarilla
1671,1998,Italia,Camerún,"1ra Ronda, Grupo B",B,6,Pierre Wome,,n,amarilla
1672,1998,Italia,Camerún,"1ra Ronda, Grupo B",B,16,Pierre Njanka,,n,amarilla
1673,1998,Italia,Camerún,"1ra Ronda, Grupo B",B,26,Alessandro Costacurta,,Italia,amarilla
1674,1998,Italia,Camerún,"1ra Ronda, Grupo B",B,42,Raymond Kalla,,n,roja
1675,1998,Italia,Camerún,"1ra Ronda, Grupo B",B,63,Luigi Di Biagio,,Italia,amarilla
1676,1998,Italia,Camerún,"1ra Ronda, Grupo B",B,79,Didier Angibeaud,,n,amarilla
1677,1998,Italia,Camerún,"1ra Ronda, Grupo B",B,85,Rigobert Song,,n,amarilla
1678,1998,Francia,Arabia Saudita,"1ra Ronda, Grupo C",C,7,Mohammed Al Jahani,,Arabia Saudita,amarilla
1679,1998,Francia,Arabia Saudita,"1ra Ronda, Grupo C",C,19,Mohammed Al Khlaiwi,,Arabia Saudita,roja
1680,1998,Francia,Arabia Saudita,"1ra Ronda, Grupo C",C,36,Laurent Blanc,,Francia,amarilla
1681,1998,Francia,Arabia Saudita,"1ra Ronda, Grupo C",C,50,Bixente Lizarazu,,Francia,amarilla
1682,1998,Francia,Arabia Saudita,"1ra Ronda, Grupo C",C,71,Zinedine Zidane,,Francia,roja
1683,1998,Francia,Arabia Saudita,"1ra Ronda, Grupo C",C,82,Sami Al Jaber,,Arabia Saudita,amarilla
1684,1998,Sudáfrica,Dinamarca,"1ra Ronda, Grupo C",C,23,Michael Schjonberg,,Dinamarca,amarilla
1685,1998,Sudáfrica,Dinamarca,"1ra Ronda, Grupo C",C,28,David Nyathi,,frica,amarilla
1686,1998,Sudáfrica,Dinamarca,"1ra Ronda, Grupo C",C,56,Jes Hogh,,Dinamarca,amarilla
1687,1998,Sudáfrica,Dinamarca,"1ra Ronda, Grupo C",C,57,Peter Schmeichel,,Dinamarca,amarilla
1688,1998,Sudáfrica,Dinamarca,"1ra Ronda, Grupo C",C,63,Pierre Issa,,frica,amarilla
1689,1998,Sudáfrica,Dinamarca,"1ra Ronda, Grupo C",C,65,Alfred Phiri,,frica,amarilla
1690,1998,Sudáfrica,Dinamarca,"1ra Ronda, Grupo C",C,66,Miklos Molnar,,Dinamarca,roja
1691,1998,Sudáfrica,Dinamarca,"1ra Ronda, Grupo C",C,68,Alfred Phiri,,frica,roja
1692,1998,Sudáfrica,Dinamarca,"1ra Ronda, Grupo C",C,73,Lucas Radebe,,frica,amarilla
1693,1998,Sudáfrica,Dinamarca,"1ra Ronda, Grupo C",C,85,Morten Wieghorst,,Dinamarca,roja
1694,1998,Nigeria,Bulgaria,"1ra Ronda, Grupo D",D,20,Mutiu Adepoju,,Nigeria,amarilla
1695,1998,Nigeria,Bulgaria,"1ra Ronda, Grupo D",D,44,Uche Okechukwu,,Nigeria,amarilla
1696,1998,Nigeria,Bulgaria,"1ra Ronda, Grupo D",D,49,Victor Ikpeba,,Nigeria,amarilla
1697,1998,Nigeria,Bulgaria,"1ra Ronda, Grupo D",D,66,Ilian Iliev,,Bulgaria,amarilla
1698,1998,Nigeria,Bulgaria,"1ra Ronda, Grupo D",D,70,Jay Jay Okocha,,Nigeria,amarilla
1699,1998,Nigeria,Bulgaria,"1ra Ronda, Grupo D",D,78,Radostin Kishishev,,Bulgaria,amarilla
1700,1998,España,Paraguay,"1ra Ronda, Grupo D",D,8,Sergi,,a,amarilla
1701,1998,España,Paraguay,"1ra Ronda, Grupo D",D,30,Celso Ayala,,Paraguay,amarilla
1702,1998,España,Paraguay,"1ra Ronda, Grupo D",D,76,Francisco Arce,,Paraguay,amarilla
1703,1998,España,Paraguay,"1ra Ronda, Grupo D",D,87,Kiko,,a,amarilla
1704,1998,Paises Bajos,Corea del Sur,"1ra Ronda, Grupo E",E,26,Yong Soo Choi,,Corea del Sur,amarilla
1705,1998,Paises Bajos,Corea del Sur,"1ra Ronda, Grupo E",E,90,Jong Soo Ko,,Corea del Sur,amarilla
1706,1998,Bélgica,México,"1ra Ronda, Grupo E",E,28,Pavel Pardo,,xico,roja
1707,1998,Bélgica,México,"1ra Ronda, Grupo E",E,39,Ramon Ramirez,,xico,amarilla
1708,1998,Bélgica,México,"1ra Ronda, Grupo E",E,47,Cuauhtemoc Blanco,,xico,amarilla
1709,1998,Bélgica,México,"1ra Ronda, Grupo E",E,54,Gert Verheyen,,lgica,roja
1710,1998,Bélgica,México,"1ra Ronda, Grupo E",E,68,Gordan Vidovic,,lgica,amarilla
1711,1998,Japón,Croacia,"1ra Ronda, Grupo H",H,26,Robert Prosinecki,,Croacia,amarilla
1712,1998,Japón,Croacia,"1ra Ronda, Grupo H",H,41,Hiroshi Nanami,,n,amarilla
1713,1998,Japón,Croacia,"1ra Ronda, Grupo H",H,70,Eisuke Nakanishi,,n,amarilla
1714,1998,Japón,Croacia,"1ra Ronda, Grupo H",H,83,Mario Stanic,,Croacia,amarilla
1715,1998,Japón,Croacia,"1ra Ronda, Grupo H",H,89,Yutaka Akita,,n,amarilla
1716,1998,Argentina,Jamaica,"1ra Ronda, Grupo H",H,4,Darryl Powell,,Jamaica,amarilla
1717,1998,Argentina,Jamaica,"1ra Ronda, Grupo H",H,45,Darryl Powell,,Jamaica,amarilla
1718,1998,Argentina,Jamaica,"1ra Ronda, Grupo H",H,65,Jose Chamot,,Argentina,amarilla
1719,1998,Argentina,Jamaica,"1ra Ronda, Grupo H",H,88,Peter Cargill,,Jamaica,amarilla
1720,1998,Alemania,RF de Yugoslavia,"1ra Ronda, Grupo F",F,75,Lothar Matthaeus,,Alemania,amarilla
1721,1998,Estados Unidos,Irán,"1ra Ronda, Grupo F",F,8,Mehrdad Minavand,,n,amarilla
1722,1998,Estados Unidos,Irán,"1ra Ronda, Grupo F",F,18,David Regis,,Estados Unidos,amarilla
1723,1998,Estados Unidos,Irán,"1ra Ronda, Grupo F",F,77,Javad Zarincheh,,n,amarilla
1724,1998,Colombia,Túnez,"1ra Ronda, Grupo G",G,16,Riadh Bouazizi,,nez,amarilla
1725,1998,Colombia,Túnez,"1ra Ronda, Grupo G",G,18,Jose Santa,,Colombia,amarilla
1726,1998,Colombia,Túnez,"1ra Ronda, Grupo G",G,83,Clayton,,nez,amarilla
1727,1998,Rumania,Inglaterra,"1ra Ronda, Grupo G",G,4,Gheorghe Hagi,,Rumania,amarilla
1728,1998,Rumania,Inglaterra,"1ra Ronda, Grupo G",G,46,Gheorghe Popescu,,Rumania,amarilla
1729,1998,Rumania,Inglaterra,"1ra Ronda, Grupo G",G,78,Liviu Ciobotariu,,Rumania,amarilla
1730,1998,Rumania,Inglaterra,"1ra Ronda, Grupo G",G,88,Iulian Filipescu,,Rumania,amarilla
1731,1998,Italia,Austria,"1ra Ronda, Grupo B",B,3,Wolfgang Feiersinger,,Austria,amarilla
1732,1998,Italia,Austria,"1ra Ronda, Grupo B",B,35,Ivica Vastic,,Austria,amarilla
1733,1998,Italia,Austria,"1ra Ronda, Grupo B",B,43,Peter Schoettel,,Austria,amarilla
1734,1998,Italia,Austria,"1ra Ronda, Grupo B",B,87,Paolo Maldini,,Italia,amarilla
1735,1998,Italia,Austria,"1ra Ronda, Grupo B",B,88,Hannes Reinmayr,,Austria,amarilla
1736,1998,Escocia,Marruecos,"1ra Ronda, Grupo A",A,21,Kevin Gallacher,,Escocia,amarilla
1737,1998,Escocia,Marruecos,"1ra Ronda, Grupo A",A,53,Craig Burley,,Escocia,roja
1738,1998,Escocia,Marruecos,"1ra Ronda, Grupo A",A,81,Youssef Chippo,,Marruecos,amarilla
1739,1998,Brasil,Noruega,"1ra Ronda, Grupo A",A,54,Oyvind Leonhardsen,,Noruega,amarilla
1740,1998,Brasil,Noruega,"1ra Ronda, Grupo A",A,61,Tore Andre Flo,,Noruega,amarilla
1741,1998,Chile,Camerún,"1ra Ronda, Grupo B",B,8,Rigobert Song,,n,amarilla
1742,1998,Chile,Camerún,"1ra Ronda, Grupo B",B,50,Nelson Parraguez,,Chile,amarilla
1743,1998,Chile,Camerún,"1ra Ronda, Grupo B",B,51,Rigobert Song,,n,roja
1744,1998,Chile,Camerún,"1ra Ronda, Grupo B",B,55,Francisco Rojas,,Chile,amarilla
1745,1998,Chile,Camerún,"1ra Ronda, Grupo B",B,66,Moises Villarroel,,Chile,amarilla
1746,1998,Chile,Camerún,"1ra Ronda, Grupo B",B,88,Lauren,,n,roja
1747,1998,Chile,Camerún,"1ra Ronda, Grupo B",B,89,Miguel Ramirez,,Chile,amarilla
1748,1998,España,Bulgaria,"1ra Ronda, Grupo D",D,16,Aguilera,,a,amarilla
1749,1998,España,Bulgaria,"1ra Ronda, Grupo D",D,45,Luboslav Penev,,Bulgaria,amarilla
1750,1998,España,Bulgaria,"1ra Ronda, Grupo D",D,73,Julen Guerrero,,a,amarilla
1751,1998,España,Bulgaria,"1ra Ronda, Grupo D",D,85,Georgi Bachev,,Bulgaria,amarilla
1752,1998,Francia,Dinamarca,"1ra Ronda, Grupo C",C,53,Bernard Diomede,,Francia,amarilla
1753,1998,Francia,Dinamarca,"1ra Ronda, Grupo C",C,62,Patrick Vieira,,Francia,amarilla
1754,1998,Francia,Dinamarca,"1ra Ronda, Grupo C",C,65,Soren Colding,,Dinamarca,amarilla
1755,1998,Francia,Dinamarca,"1ra Ronda, Grupo C",C,78,Stig Tofting,,Dinamarca,amarilla
1756,1998,Nigeria,Paraguay,"1ra Ronda, Grupo D",D,25,Augustine Eguavoen,,Nigeria,amarilla
1757,1998,Nigeria,Paraguay,"1ra Ronda, Grupo D",D,38,Ben Iroha,,Nigeria,amarilla
1758,1998,Sudáfrica,Arabia Saudita,"1ra Ronda, Grupo C",C,30,Khamis Al Dossari,,Arabia Saudita,amarilla
1759,1998,Sudáfrica,Arabia Saudita,"1ra Ronda, Grupo C",C,38,Quinton Fortune,,frica,amarilla
1760,1998,Sudáfrica,Arabia Saudita,"1ra Ronda, Grupo C",C,65,Lucas Radebe,,frica,amarilla
1761,1998,Bélgica,Corea del Sur,"1ra Ronda, Grupo E",E,48,Tae Young Kim,,Corea del Sur,amarilla
1762,1998,Bélgica,Corea del Sur,"1ra Ronda, Grupo E",E,65,Vital Borkelmans,,lgica,amarilla
1763,1998,Bélgica,Corea del Sur,"1ra Ronda, Grupo E",E,67,Lim Saeng Lee,,Corea del Sur,amarilla
1764,1998,Bélgica,Corea del Sur,"1ra Ronda, Grupo E",E,83,Byung Ji Kim,,Corea del Sur,amarilla
1765,1998,Bélgica,Corea del Sur,"1ra Ronda, Grupo E",E,83,Min Sung Lee,,Corea del Sur,amarilla
1766,1998,Paises Bajos,México,"1ra Ronda, Grupo E",E,18,German Villa,,xico,amarilla
1767,1998,Paises Bajos,México,"1ra Ronda, Grupo E",E,21,Jaap Stam,,Paises Bajos,amarilla
1768,1998,Paises Bajos,México,"1ra Ronda, Grupo E",E,46,Luis Hernandez,,xico,amarilla
1769,1998,Paises Bajos,México,"1ra Ronda, Grupo E",E,46,Arthur Numan,,Paises Bajos,amarilla
1770,1998,Paises Bajos,México,"1ra Ronda, Grupo E",E,58,Salvador Carmona,,xico,amarilla
1771,1998,Paises Bajos,México,"1ra Ronda, Grupo E",E,68,Ricardo Pelaez Linares,,xico,amarilla
1772,1998,Paises Bajos,México,"1ra Ronda, Grupo E",E,89,Ramon Ramirez,,xico,roja
1773,1998,Alemania,Irán,"1ra Ronda, Grupo F",F,31,Juergen Klinsmann,,Alemania,amarilla
1774,1998,Alemania,Irán,"1ra Ronda, Grupo F",F,45,Thomas Haessler,,Alemania,amarilla
1775,1998,Alemania,Irán,"1ra Ronda, Grupo F",F,47,Ali Daei,,n,amarilla
1776,1998,Estados Unidos,RF de Yugoslavia,"1ra Ronda, Grupo F",F,13,Claudio Reyna,,Estados Unidos,amarilla
1777,1998,Estados Unidos,RF de Yugoslavia,"1ra Ronda, Grupo F",F,41,Dejan Stankovic,,RF de Yugoslavia,amarilla
1778,1998,Estados Unidos,RF de Yugoslavia,"1ra Ronda, Grupo F",F,61,Perica Ognjenovic,,RF de Yugoslavia,amarilla
1779,1998,Rumania,Túnez,"1ra Ronda, Grupo G",G,28,Zoubeir Beya,,nez,amarilla
1780,1998,Rumania,Túnez,"1ra Ronda, Grupo G",G,57,Skander Souayah,,nez,amarilla
1781,1998,Colombia,Inglaterra,"1ra Ronda, Grupo G",G,20,Mauricio Serna,,Colombia,amarilla
1782,1998,Colombia,Inglaterra,"1ra Ronda, Grupo G",G,22,Paul Scholes,,Inglaterra,amarilla
1783,1998,Colombia,Inglaterra,"1ra Ronda, Grupo G",G,86,Victor Aristizabal,,Colombia,amarilla
1784,1998,Colombia,Inglaterra,"1ra Ronda, Grupo G",G,89,Alan Shearer,,Inglaterra,amarilla
1785,1998,Colombia,Inglaterra,"1ra Ronda, Grupo G",G,89,Jorge Bermudez,,Colombia,amarilla
1786,1998,Japón,Jamaica,"1ra Ronda, Grupo H",H,4,Motohiro Yamaguchi,,n,amarilla
1787,1998,Japón,Jamaica,"1ra Ronda, Grupo H",H,78,Stephen Malcolm,,Jamaica,amarilla
1788,1998,Japón,Jamaica,"1ra Ronda, Grupo H",H,88,Christopher Dawes,,Jamaica,amarilla
1789,1998,Argentina,Croacia,"1ra Ronda, Grupo H",H,20,Slaven Bilic,,Croacia,amarilla
1790,1998,Argentina,Croacia,"1ra Ronda, Grupo H",H,23,Ariel Ortega,,Argentina,amarilla
1791,1998,Argentina,Croacia,"1ra Ronda, Grupo H",H,35,Roberto Ayala,,Argentina,amarilla
1792,1998,Argentina,Croacia,"1ra Ronda, Grupo H",H,43,Zvonimir Soldo,,Croacia,amarilla
1793,1998,Argentina,Croacia,"1ra Ronda, Grupo H",H,47,Zvonimir Boban,,Croacia,amarilla
1794,1998,Argentina,Croacia,"1ra Ronda, Grupo H",H,58,Robert Jarni,,Croacia,amarilla
1795,1998,Argentina,Croacia,"1ra Ronda, Grupo H",H,68,Nelson Vivas,,Argentina,amarilla
1796,1998,Brasil,Chile,Octavos,,34,Ronald Fuentes,,Chile,amarilla
1797,1998,Brasil,Chile,Octavos,,45,Leonardo,,Brasil,amarilla
1798,1998,Brasil,Chile,Octavos,,45,Nelson Tapia,,Chile,amarilla
1799,1998,Brasil,Chile,Octavos,,90,Cafu,,Brasil,amarilla
1800,1998,Italia,Noruega,Octavos,,35,Havard Flo,,Noruega,amarilla
1801,1998,Italia,Noruega,Octavos,,38,Francesco Moriero,,Italia,amarilla
1802,1998,Italia,Noruega,Octavos,,54,Erik Mykland,,Noruega,amarilla
1803,1998,Italia,Noruega,Octavos,,62,Kjetil Rekdal,,Noruega,amarilla
1804,1998,Italia,Noruega,Octavos,,84,Luigi Di Biagio,,Italia,amarilla
1805,1998,Italia,Noruega,Octavos,,89,Paolo Maldini,,Italia,amarilla
1806,1998,Nigeria,Dinamarca,Octavos,,24,Marc Rieper,,Dinamarca,amarilla
1807,1998,Nigeria,Dinamarca,Octavos,,49,Jay Jay Okocha,,Nigeria,amarilla
1808,1998,Francia,Paraguay,Octavos,,19,Jose Luis Chilavert,,Paraguay,amarilla
1809,1998,Francia,Paraguay,Octavos,,23,Miguel Benitez,,Paraguay,amarilla
1810,1998,Francia,Paraguay,Octavos,,32,Julio Cesar Enciso,,Paraguay,amarilla
1811,1998,Francia,Paraguay,Octavos,,84,Francisco Arce,,Paraguay,amarilla
1812,1998,Francia,Paraguay,Octavos,,99,Aristides Rojas,,Paraguay,amarilla
1813,1998,Alemania,México,Octavos,,45,Markus Babbel,,Alemania,amarilla
1814,1998,Alemania,México,Octavos,,56,Lothar Matthaeus,,Alemania,amarilla
1815,1998,Alemania,México,Octavos,,57,Duilio Davino,,xico,amarilla
1816,1998,Alemania,México,Octavos,,77,Michael Tarnat,,Alemania,amarilla
1817,1998,Alemania,México,Octavos,,87,Cuauhtemoc Blanco,,xico,amarilla
1818,1998,Alemania,México,Octavos,,88,Didi Hamann,,Alemania,amarilla
1819,1998,Paises Bajos,RF de Yugoslavia,Octavos,,38,Dragan Stojkovic,,RF de Yugoslavia,amarilla
1820,1998,Paises Bajos,RF de Yugoslavia,Octavos,,52,Zoran Mirkovic,,RF de Yugoslavia,amarilla
1821,1998,Paises Bajos,RF de Yugoslavia,Octavos,,73,Goran Djorovic,,RF de Yugoslavia,amarilla
1822,1998,Argentina,Inglaterra,Octavos,,5,David Seaman,,Inglaterra,amarilla
1823,1998,Argentina,Inglaterra,Octavos,,10,Paul Ince,,Inglaterra,amarilla
1824,1998,Argentina,Inglaterra,Octavos,,44,Juan Veron,,Argentina,amarilla
1825,1998,Argentina,Inglaterra,Octavos,,47,David Beckham,,Inglaterra,roja
1826,1998,Argentina,Inglaterra,Octavos,,47,Diego Simeone,,Argentina,amarilla
1827,1998,Argentina,Inglaterra,Octavos,,73,Matias Almeyda,,Argentina,amarilla
1828,1998,Argentina,Inglaterra,Octavos,,110,Carlos Roa,,Argentina,amarilla
1829,1998,Rumania,Croacia,Octavos,,27,Zvonimir Boban,,Croacia,amarilla
1830,1998,Rumania,Croacia,Octavos,,43,Gheorghe Popescu,,Rumania,amarilla
1831,1998,Rumania,Croacia,Octavos,,70,Dan Petrescu,,Rumania,amarilla
1832,1998,Rumania,Croacia,Octavos,,70,Slaven Bilic,,Croacia,amarilla
1833,1998,Rumania,Croacia,Octavos,,81,Adrian Ilie,,Rumania,amarilla
1834,1998,Italia,Francia,Cuartos,,26,Alessandro Del Piero,,Italia,amarilla
1835,1998,Italia,Francia,Cuartos,,28,Giuseppe Bergomi,,Italia,amarilla
1836,1998,Italia,Francia,Cuartos,,53,Stephane Guivarch,,Francia,amarilla
1837,1998,Italia,Francia,Cuartos,,62,Didier Deschamps,,Francia,amarilla
1838,1998,Italia,Francia,Cuartos,,113,Alessandro Costacurta,,Italia,amarilla
1839,1998,Brasil,Dinamarca,Cuartos,,11,Roberto Carlos,,Brasil,amarilla
1840,1998,Brasil,Dinamarca,Cuartos,,19,Thomas Helveg,,Dinamarca,amarilla
1841,1998,Brasil,Dinamarca,Cuartos,,37,Aldair,,Brasil,amarilla
1842,1998,Brasil,Dinamarca,Cuartos,,39,Soren Colding,,Dinamarca,amarilla
1843,1998,Brasil,Dinamarca,Cuartos,,72,Stig Tofting,,Dinamarca,amarilla
1844,1998,Brasil,Dinamarca,Cuartos,,81,Cafu,,Brasil,amarilla
1845,1998,Alemania,Croacia,Cuartos,,13,Dario Simic,,Croacia,amarilla
1846,1998,Alemania,Croacia,Cuartos,,18,Joerg Heinrich,,Alemania,amarilla
1847,1998,Alemania,Croacia,Cuartos,,37,Michael Tarnat,,Alemania,amarilla
1848,1998,Alemania,Croacia,Cuartos,,40,Christian Woerns,,Alemania,roja
1849,1998,Alemania,Croacia,Cuartos,,57,Davor Suker,,Croacia,amarilla
1850,1998,Paises Bajos,Argentina,Cuartos,,10,Jaap Stam,,Paises Bajos,amarilla
1851,1998,Paises Bajos,Argentina,Cuartos,,17,Arthur Numan,,Paises Bajos,amarilla
1852,1998,Paises Bajos,Argentina,Cuartos,,22,Jose Chamot,,Argentina,amarilla
1853,1998,Paises Bajos,Argentina,Cuartos,,60,Roberto Sensini,,Argentina,amarilla
1854,1998,Paises Bajos,Argentina,Cuartos,,76,Arthur Numan,,Paises Bajos,amarilla
1855,1998,Paises Bajos,Argentina,Cuartos,,86,Ariel Ortega,,Argentina,amarilla
1856,1998,Paises Bajos,Argentina,Cuartos,,87,Ariel Ortega,,Argentina,roja
1857,1998,Brasil,Paises Bajos,Semis,,31,Ze Carlos Ii,,Brasil,amarilla
1858,1998,Brasil,Paises Bajos,Semis,,45,Cesar Sampaio,,Brasil,amarilla
1859,1998,Brasil,Paises Bajos,Semis,,48,Michael Reiziger,,Paises Bajos,amarilla
1860,1998,Brasil,Paises Bajos,Semis,,60,Edgar Davids,,Paises Bajos,amarilla
1861,1998,Brasil,Paises Bajos,Semis,,90,Pierre Van Hooijdonk,,Paises Bajos,amarilla
1862,1998,Brasil,Paises Bajos,Semis,,119,Clarence Seedorf,,Paises Bajos,amarilla
1863,1998,Francia,Croacia,Semis,,45,Aljosa Asanovic,,Croacia,amarilla
1864,1998,Francia,Croacia,Semis,,75,Mario Stanic,,Croacia,amarilla
1865,1998,Francia,Croacia,Semis,,76,Laurent Blanc,,Francia,roja
1866,1998,Francia,Croacia,Semis,,88,Dario Simic,,Croacia,amarilla
1867,1998,Paises Bajos,Croacia,3er Puesto,,34,Krunoslav Jurcic,,Croacia,amarilla
1868,1998,Paises Bajos,Croacia,3er Puesto,,52,Igor Stimac,,Croacia,amarilla
1869,1998,Paises Bajos,Croacia,3er Puesto,,69,Aljosa Asanovic,,Croacia,amarilla
1870,1998,Paises Bajos,Croacia,3er Puesto,,74,Mario Stanic,,Croacia,amarilla
1871,1998,Paises Bajos,Croacia,3er Puesto,,89,Wim Jonk,,Paises Bajos,amarilla
1872,1998,Paises Bajos,Croacia,3er Puesto,,89,Edgar Davids,,Paises Bajos,amarilla
1873,1998,Brasil,Francia,Final,,33,Junior Baiano,,Brasil,amarilla
1874,1998,Brasil,Francia,Final,,39,Didier Deschamps,,Francia,amarilla
1875,1998,Brasil,Francia,Final,,48,Marcel Desailly,,Francia,amarilla
1876,1998,Brasil,Francia,Final,,56,Christian Karembeu,,Francia,amarilla
1877,1998,Brasil,Francia,Final,,68,Marcel Desailly,,Francia,amarilla
1878,1994,Alemania,Bolivia,"1ra Ronda, Grupo C",C,6,Juergen Kohler,,Alemania,amarilla
1879,1994,Alemania,Bolivia,"1ra Ronda, Grupo C",C,37,Vladimir Soria,,Bolivia,amarilla
1880,1994,Alemania,Bolivia,"1ra Ronda, Grupo C",C,39,Julio Baldivieso,,Bolivia,amarilla
1881,1994,Alemania,Bolivia,"1ra Ronda, Grupo C",C,54,Andreas Moeller,,Alemania,amarilla
1882,1994,Alemania,Bolivia,"1ra Ronda, Grupo C",C,66,Carlos Borja,,Bolivia,amarilla
1883,1994,Alemania,Bolivia,"1ra Ronda, Grupo C",C,82,Marco Antonio Etcheverry,,Bolivia,roja
1884,1994,Alemania,Bolivia,"1ra Ronda, Grupo C",C,89,Gustavo Quinteros,,Bolivia,amarilla
1885,1994,España,Corea del Sur,"1ra Ronda, Grupo C",C,24,Luis Enrique,,a,amarilla
1886,1994,España,Corea del Sur,"1ra Ronda, Grupo C",C,25,Miguel Angel Nadal,,a,roja
1887,1994,España,Corea del Sur,"1ra Ronda, Grupo C",C,37,Joo Sung Kim,,Corea del Sur,amarilla
1888,1994,España,Corea del Sur,"1ra Ronda, Grupo C",C,61,Young Il Choi,,Corea del Sur,amarilla
1889,1994,España,Corea del Sur,"1ra Ronda, Grupo C",C,71,Jose Luis Caminero,,a,amarilla
1890,1994,Estados Unidos,Suiza,"1ra Ronda, Grupo A",A,26,Dominique Herr,,Suiza,amarilla
1891,1994,Estados Unidos,Suiza,"1ra Ronda, Grupo A",A,82,Nestor Subiat,,Suiza,amarilla
1892,1994,Estados Unidos,Suiza,"1ra Ronda, Grupo A",A,89,John Harkes,,Estados Unidos,amarilla
1893,1994,Italia,Irlanda,"1ra Ronda, Grupo E",E,30,Terry Phelan,,Irlanda,amarilla
1894,1994,Italia,Irlanda,"1ra Ronda, Grupo E",E,50,Tommy Coyne,,Irlanda,amarilla
1895,1994,Italia,Irlanda,"1ra Ronda, Grupo E",E,80,Denis Irwin,,Irlanda,amarilla
1896,1994,Colombia,Rumania,"1ra Ronda, Grupo A",A,36,Luis Herrera,,Colombia,amarilla
1897,1994,Colombia,Rumania,"1ra Ronda, Grupo A",A,39,Florin Raducioiu,,Rumania,amarilla
1898,1994,Colombia,Rumania,"1ra Ronda, Grupo A",A,53,Carlos Valderrama,,Colombia,amarilla
1899,1994,Colombia,Rumania,"1ra Ronda, Grupo A",A,70,Leonel Alvarez,,Colombia,amarilla
1900,1994,Bélgica,Marruecos,"1ra Ronda, Grupo F",F,23,Noureddine Naybet,,Marruecos,amarilla
1901,1994,Bélgica,Marruecos,"1ra Ronda, Grupo F",F,26,Rachid Daoudi,,Marruecos,amarilla
1902,1994,Bélgica,Marruecos,"1ra Ronda, Grupo F",F,81,Georges Grun,,lgica,amarilla
1903,1994,Bélgica,Marruecos,"1ra Ronda, Grupo F",F,85,Josip Weber,,lgica,amarilla
1904,1994,Bélgica,Marruecos,"1ra Ronda, Grupo F",F,89,Rachid Azzouzi,,Marruecos,amarilla
1905,1994,Noruega,México,"1ra Ronda, Grupo E",E,16,Alf Haland,,Noruega,amarilla
1906,1994,Noruega,México,"1ra Ronda, Grupo E",E,26,Oyvind Leonhardsen,,Noruega,amarilla
1907,1994,Noruega,México,"1ra Ronda, Grupo E",E,62,Claudio Suarez,,xico,amarilla
1908,1994,Camerún,Suecia,"1ra Ronda, Grupo B",B,5,Emile Mbouh,,n,amarilla
1909,1994,Camerún,Suecia,"1ra Ronda, Grupo B",B,72,Martin Dahlin,,Suecia,amarilla
1910,1994,Brasil,Rusia,"1ra Ronda, Grupo B",B,61,Yuri Nikiforov,,Rusia,amarilla
1911,1994,Brasil,Rusia,"1ra Ronda, Grupo B",B,65,Dmitri Khlestov,,Rusia,amarilla
1912,1994,Brasil,Rusia,"1ra Ronda, Grupo B",B,78,Dmitri Kuznetsov,,Rusia,amarilla
1913,1994,Paises Bajos,Arabia Saudita,"1ra Ronda, Grupo F",F,28,Abdullah Al Dosari,,Arabia Saudita,amarilla
1914,1994,Paises Bajos,Arabia Saudita,"1ra Ronda, Grupo F",F,31,Mohamed Abdeljawad,,Arabia Saudita,amarilla
1915,1994,Paises Bajos,Arabia Saudita,"1ra Ronda, Grupo F",F,36,Ulrich Van Gobbel,,Paises Bajos,amarilla
1916,1994,Paises Bajos,Arabia Saudita,"1ra Ronda, Grupo F",F,61,Fuad Amin,,Arabia Saudita,amarilla
1917,1994,Paises Bajos,Arabia Saudita,"1ra Ronda, Grupo F",F,75,Frank De Boer,,Paises Bajos,amarilla
1918,1994,Argentina,Grecia,"1ra Ronda, Grupo D",D,25,Giotis Tsalouchidis,,Grecia,amarilla
1919,1994,Argentina,Grecia,"1ra Ronda, Grupo D",D,40,Fernando Caceres,,Argentina,amarilla
1920,1994,Argentina,Grecia,"1ra Ronda, Grupo D",D,55,Stelios Manolas,,Grecia,amarilla
1921,1994,Alemania,España,"1ra Ronda, Grupo C",C,15,Julio Salinas,,a,amarilla
1922,1994,Alemania,España,"1ra Ronda, Grupo C",C,38,Abelardo,,a,amarilla
1923,1994,Alemania,España,"1ra Ronda, Grupo C",C,53,Fernando Hierro,,a,amarilla
1924,1994,Alemania,España,"1ra Ronda, Grupo C",C,70,Stefan Effenberg,,Alemania,amarilla
1925,1994,Nigeria,Bulgaria,"1ra Ronda, Grupo D",D,54,Iordan Letchkov,,Bulgaria,amarilla
1926,1994,Nigeria,Bulgaria,"1ra Ronda, Grupo D",D,73,Emmanuel Amunike,,Nigeria,amarilla
1927,1994,Rumania,Suiza,"1ra Ronda, Grupo A",A,32,Gheorghe Mihali,,Rumania,amarilla
1928,1994,Rumania,Suiza,"1ra Ronda, Grupo A",A,40,Ioan Lupescu,,Rumania,amarilla
1929,1994,Rumania,Suiza,"1ra Ronda, Grupo A",A,47,Miodrag Belodedici,,Rumania,amarilla
1930,1994,Rumania,Suiza,"1ra Ronda, Grupo A",A,73,Ion Vladoiu,,Rumania,roja
1931,1994,Estados Unidos,Colombia,"1ra Ronda, Grupo A",A,24,Anthony De Avila,,Colombia,amarilla
1932,1994,Estados Unidos,Colombia,"1ra Ronda, Grupo A",A,48,Alexi Lalas,,Estados Unidos,amarilla
1933,1994,Italia,Noruega,"1ra Ronda, Grupo E",E,21,Gianluca Pagliuca,,Italia,roja
1934,1994,Italia,Noruega,"1ra Ronda, Grupo E",E,32,Stig Bjornebye,,Noruega,amarilla
1935,1994,Italia,Noruega,"1ra Ronda, Grupo E",E,34,Pierluigi Casiraghi,,Italia,amarilla
1936,1994,Italia,Noruega,"1ra Ronda, Grupo E",E,68,Alf Haland,,Noruega,amarilla
1937,1994,Corea del Sur,Bolivia,"1ra Ronda, Grupo C",C,22,Miguel Angel Rimba,,Bolivia,amarilla
1938,1994,Corea del Sur,Bolivia,"1ra Ronda, Grupo C",C,22,Luis Cristaldo,,Bolivia,amarilla
1939,1994,Corea del Sur,Bolivia,"1ra Ronda, Grupo C",C,32,Julio Baldivieso,,Bolivia,amarilla
1940,1994,Corea del Sur,Bolivia,"1ra Ronda, Grupo C",C,38,Jeong Woon Ko,,Corea del Sur,amarilla
1941,1994,Corea del Sur,Bolivia,"1ra Ronda, Grupo C",C,62,Hong Gi Shin,,Corea del Sur,amarilla
1942,1994,Corea del Sur,Bolivia,"1ra Ronda, Grupo C",C,82,Luis Cristaldo,,Bolivia,amarilla
1943,1994,Corea del Sur,Bolivia,"1ra Ronda, Grupo C",C,89,Jung Bae Park,,Corea del Sur,amarilla
1944,1994,México,Irlanda,"1ra Ronda, Grupo E",E,26,Denis Irwin,,Irlanda,amarilla
1945,1994,México,Irlanda,"1ra Ronda, Grupo E",E,45,Joaquin Del Olmo,,xico,amarilla
1946,1994,México,Irlanda,"1ra Ronda, Grupo E",E,57,Jorge Campos,,xico,amarilla
1947,1994,México,Irlanda,"1ra Ronda, Grupo E",E,70,Terry Phelan,,Irlanda,amarilla
1948,1994,Brasil,Camerún,"1ra Ronda, Grupo B",B,8,Stephen Tataw,,n,amarilla
1949,1994,Brasil,Camerún,"1ra Ronda, Grupo B",B,37,Raymond Kalla,,n,amarilla
1950,1994,Brasil,Camerún,"1ra Ronda, Grupo B",B,44,Mauro Silva,,Brasil,amarilla
1951,1994,Brasil,Camerún,"1ra Ronda, Grupo B",B,63,Rigobert Song,,n,roja
1952,1994,Suecia,Rusia,"1ra Ronda, Grupo B",B,1,Sergei Gorlukovich,,Rusia,amarilla
1953,1994,Suecia,Rusia,"1ra Ronda, Grupo B",B,34,Dmitri Kharin,,Rusia,amarilla
1954,1994,Suecia,Rusia,"1ra Ronda, Grupo B",B,41,Kennet Andersson,,Suecia,amarilla
1955,1994,Suecia,Rusia,"1ra Ronda, Grupo B",B,49,Sergei Gorlukovich,,Rusia,amarilla
1956,1994,Suecia,Rusia,"1ra Ronda, Grupo B",B,51,Stefan Schwarz,,Suecia,amarilla
1957,1994,Suecia,Rusia,"1ra Ronda, Grupo B",B,58,Martin Dahlin,,Suecia,amarilla
1958,1994,Bélgica,Paises Bajos,"1ra Ronda, Grupo F",F,19,Jan Wouters,,Paises Bajos,amarilla
1959,1994,Bélgica,Paises Bajos,"1ra Ronda, Grupo F",F,20,Vital Borkelmans,,lgica,amarilla
1960,1994,Bélgica,Paises Bajos,"1ra Ronda, Grupo F",F,39,Wim Jonk,,Paises Bajos,amarilla
1961,1994,Bélgica,Paises Bajos,"1ra Ronda, Grupo F",F,49,Rob Witschge,,Paises Bajos,amarilla
1962,1994,Bélgica,Paises Bajos,"1ra Ronda, Grupo F",F,81,Frank Rijkaard,,Paises Bajos,amarilla
1963,1994,Bélgica,Paises Bajos,"1ra Ronda, Grupo F",F,88,Dennis Bergkamp,,Paises Bajos,amarilla
1964,1994,Arabia Saudita,Marruecos,"1ra Ronda, Grupo F",F,34,Abdelkarim El Hadrioui,,Marruecos,amarilla
1965,1994,Arabia Saudita,Marruecos,"1ra Ronda, Grupo F",F,50,Talal Jebrin,,Arabia Saudita,amarilla
1966,1994,Arabia Saudita,Marruecos,"1ra Ronda, Grupo F",F,75,Fuad Amin,,Arabia Saudita,amarilla
1967,1994,Arabia Saudita,Marruecos,"1ra Ronda, Grupo F",F,78,Khaled Al Muwallid,,Arabia Saudita,amarilla
1968,1994,Arabia Saudita,Marruecos,"1ra Ronda, Grupo F",F,83,Noureddine Naybet,,Marruecos,amarilla
1969,1994,Arabia Saudita,Marruecos,"1ra Ronda, Grupo F",F,90,Mohammed Al Deayea,,Arabia Saudita,amarilla
1970,1994,Argentina,Nigeria,"1ra Ronda, Grupo D",D,20,Augustine Eguavoen,,Nigeria,amarilla
1971,1994,Argentina,Nigeria,"1ra Ronda, Grupo D",D,53,Michael Emenalo,,Nigeria,amarilla
1972,1994,Argentina,Nigeria,"1ra Ronda, Grupo D",D,54,Claudio Caniggia,,Argentina,amarilla
1973,1994,Bulgaria,Grecia,"1ra Ronda, Grupo D",D,6,Alexis Alexoudis,,Grecia,amarilla
1974,1994,Bulgaria,Grecia,"1ra Ronda, Grupo D",D,17,Petar Houbchev,,Bulgaria,amarilla
1975,1994,Bulgaria,Grecia,"1ra Ronda, Grupo D",D,26,Trifon Ivanov,,Bulgaria,amarilla
1976,1994,Bulgaria,Grecia,"1ra Ronda, Grupo D",D,33,Zlatko Yankov,,Bulgaria,amarilla
1977,1994,Bulgaria,Grecia,"1ra Ronda, Grupo D",D,42,Minas Hantzidis,,Grecia,amarilla
1978,1994,Bulgaria,Grecia,"1ra Ronda, Grupo D",D,59,Tassos Mitropoulos,,Grecia,amarilla
1979,1994,Bulgaria,Grecia,"1ra Ronda, Grupo D",D,70,Vaios Karagiannis,,Grecia,amarilla
1980,1994,Bulgaria,Grecia,"1ra Ronda, Grupo D",D,84,Daniel Borimirov,,Bulgaria,amarilla
1981,1994,Estados Unidos,Rumania,"1ra Ronda, Grupo A",A,41,John Harkes,,Estados Unidos,amarilla
1982,1994,Estados Unidos,Rumania,"1ra Ronda, Grupo A",A,48,Fernando Clavijo,,Estados Unidos,amarilla
1983,1994,Estados Unidos,Rumania,"1ra Ronda, Grupo A",A,62,Florin Raducioiu,,Rumania,amarilla
1984,1994,Estados Unidos,Rumania,"1ra Ronda, Grupo A",A,73,Dan Petrescu,,Rumania,amarilla
1985,1994,Suiza,Colombia,"1ra Ronda, Grupo A",A,39,Adrian Knup,,Suiza,amarilla
1986,1994,Suiza,Colombia,"1ra Ronda, Grupo A",A,58,Herman Gaviria,,Colombia,amarilla
1987,1994,Suiza,Colombia,"1ra Ronda, Grupo A",A,62,Carlos Valderrama,,Colombia,amarilla
1988,1994,Suiza,Colombia,"1ra Ronda, Grupo A",A,80,Leonel Alvarez,,Colombia,amarilla
1989,1994,Suiza,Colombia,"1ra Ronda, Grupo A",A,85,Georges Bregy,,Suiza,amarilla
1990,1994,Bolivia,España,"1ra Ronda, Grupo C",C,46,Albert Ferrer,,a,amarilla
1991,1994,Bolivia,España,"1ra Ronda, Grupo C",C,90,Jose Luis Caminero,,a,amarilla
1992,1994,Alemania,Corea del Sur,"1ra Ronda, Grupo C",C,24,Andreas Brehme,,Alemania,amarilla
1993,1994,Alemania,Corea del Sur,"1ra Ronda, Grupo C",C,28,Juergen Klinsmann,,Alemania,amarilla
1994,1994,Alemania,Corea del Sur,"1ra Ronda, Grupo C",C,44,Stefan Effenberg,,Alemania,amarilla
1995,1994,Alemania,Corea del Sur,"1ra Ronda, Grupo C",C,89,Young Il Choi,,Corea del Sur,amarilla
1996,1994,Irlanda,Noruega,"1ra Ronda, Grupo E",E,3,Roy Keane,,Irlanda,amarilla
1997,1994,Irlanda,Noruega,"1ra Ronda, Grupo E",E,29,Ray Houghton,,Irlanda,amarilla
1998,1994,Irlanda,Noruega,"1ra Ronda, Grupo E",E,36,Goran Sorloth,,Noruega,amarilla
1999,1994,Irlanda,Noruega,"1ra Ronda, Grupo E",E,45,Erland Johnsen,,Noruega,amarilla
2000,1994,Irlanda,Noruega,"1ra Ronda, Grupo E",E,83,Gary Kelly,,Irlanda,amarilla
2001,1994,Italia,México,"1ra Ronda, Grupo E",E,25,Joaquin Del Olmo,,xico,amarilla
2002,1994,Italia,México,"1ra Ronda, Grupo E",E,33,Demetrio Albertini,,Italia,amarilla
2003,1994,Italia,México,"1ra Ronda, Grupo E",E,63,Luis Garcia,,xico,amarilla
2004,1994,Italia,México,"1ra Ronda, Grupo E",E,66,Alberto Garcia Aspe,,xico,amarilla
2005,1994,Rusia,Camerún,"1ra Ronda, Grupo B",B,12,Andre Kana-Biyik,,n,amarilla
2006,1994,Rusia,Camerún,"1ra Ronda, Grupo B",B,44,Jacques Songoo,,n,amarilla
2007,1994,Rusia,Camerún,"1ra Ronda, Grupo B",B,57,Valeri Karpin,,Rusia,amarilla
2008,1994,Rusia,Camerún,"1ra Ronda, Grupo B",B,87,Dmitri Khlestov,,Rusia,amarilla
2009,1994,Rusia,Camerún,"1ra Ronda, Grupo B",B,90,Yuri Nikiforov,,Rusia,amarilla
2010,1994,Brasil,Suecia,"1ra Ronda, Grupo B",B,23,Aldair,,Brasil,amarilla
2011,1994,Brasil,Suecia,"1ra Ronda, Grupo B",B,83,Hakan Mild,,Suecia,amarilla
2012,1994,Marruecos,Paises Bajos,"1ra Ronda, Grupo F",F,12,Hassan Nader,,Marruecos,amarilla
2013,1994,Marruecos,Paises Bajos,"1ra Ronda, Grupo F",F,14,Taher El Khalej,,Marruecos,amarilla
2014,1994,Marruecos,Paises Bajos,"1ra Ronda, Grupo F",F,25,Abdelmajid Bouyboud,,Marruecos,amarilla
2015,1994,Marruecos,Paises Bajos,"1ra Ronda, Grupo F",F,28,Hababi El Arbi,,Marruecos,amarilla
2016,1994,Marruecos,Paises Bajos,"1ra Ronda, Grupo F",F,41,Mohamed Samadi,,Marruecos,amarilla
2017,1994,Marruecos,Paises Bajos,"1ra Ronda, Grupo F",F,75,Jan Wouters,,Paises Bajos,amarilla
2018,1994,Marruecos,Paises Bajos,"1ra Ronda, Grupo F",F,79,Stan Valckx,,Paises Bajos,amarilla
2019,1994,Bélgica,Arabia Saudita,"1ra Ronda, Grupo F",F,3,Ahmed Madani,,Arabia Saudita,amarilla
2020,1994,Bélgica,Arabia Saudita,"1ra Ronda, Grupo F",F,61,Enzo Scifo,,lgica,amarilla
2021,1994,Bélgica,Arabia Saudita,"1ra Ronda, Grupo F",F,77,Hamza Falatah,,Arabia Saudita,amarilla
2022,1994,Bélgica,Arabia Saudita,"1ra Ronda, Grupo F",F,80,Rudi Smidts,,lgica,amarilla
2023,1994,Grecia,Nigeria,"1ra Ronda, Grupo D",D,32,Tassos Mitropoulos,,Grecia,amarilla
2024,1994,Grecia,Nigeria,"1ra Ronda, Grupo D",D,41,Giannis Kalitzakis,,Grecia,amarilla
2025,1994,Grecia,Nigeria,"1ra Ronda, Grupo D",D,66,Sunday Oliseh,,Nigeria,amarilla
2026,1994,Grecia,Nigeria,"1ra Ronda, Grupo D",D,70,Stephen Keshi,,Nigeria,amarilla
2027,1994,Argentina,Bulgaria,"1ra Ronda, Grupo D",D,7,Hristo Stoichkov,,Bulgaria,amarilla
2028,1994,Argentina,Bulgaria,"1ra Ronda, Grupo D",D,24,Zlatko Yankov,,Bulgaria,amarilla
2029,1994,Argentina,Bulgaria,"1ra Ronda, Grupo D",D,34,Oscar Ruggeri,,Argentina,amarilla
2030,1994,Argentina,Bulgaria,"1ra Ronda, Grupo D",D,44,Leonardo Rodriguez,,Argentina,amarilla
2031,1994,Argentina,Bulgaria,"1ra Ronda, Grupo D",D,45,Tsanko Tsvetanov,,Bulgaria,amarilla
2032,1994,Argentina,Bulgaria,"1ra Ronda, Grupo D",D,58,Trifon Ivanov,,Bulgaria,amarilla
2033,1994,Argentina,Bulgaria,"1ra Ronda, Grupo D",D,67,Tsanko Tsvetanov,,Bulgaria,amarilla
2034,1994,Argentina,Bulgaria,"1ra Ronda, Grupo D",D,74,Krassimir Balakov,,Bulgaria,amarilla
2035,1994,Argentina,Bulgaria,"1ra Ronda, Grupo D",D,81,Gabriel Batistuta,,Argentina,amarilla
2036,1994,Alemania,Bélgica,Octavos,,13,Thomas Helmer,,Alemania,amarilla
2037,1994,Alemania,Bélgica,Octavos,,37,Martin Wagner,,Alemania,amarilla
2038,1994,Alemania,Bélgica,Octavos,,38,Philippe Albert,,lgica,amarilla
2039,1994,España,Suiza,Octavos,,18,Goikoetxea,,a,amarilla
2040,1994,España,Suiza,Octavos,,19,Albert Ferrer,,a,amarilla
2041,1994,España,Suiza,Octavos,,22,Jose Camarasa,,a,amarilla
2042,1994,España,Suiza,Octavos,,23,Marc Hottiger,,Suiza,amarilla
2043,1994,España,Suiza,Octavos,,69,Juerg Studer,,Suiza,amarilla
2044,1994,España,Suiza,Octavos,,77,Nestor Subiat,,Suiza,amarilla
2045,1994,España,Suiza,Octavos,,85,Marco Pascolo,,Suiza,amarilla
2046,1994,España,Suiza,Octavos,,87,Jorge Otero,,a,amarilla
2047,1994,Arabia Saudita,Suecia,Octavos,,16,Roger Ljung,,Suecia,amarilla
2048,1994,Arabia Saudita,Suecia,Octavos,,67,Jonas Thern,,Suecia,amarilla
2049,1994,Arabia Saudita,Suecia,Octavos,,71,Khaled Al Muwallid,,Arabia Saudita,amarilla
2050,1994,Arabia Saudita,Suecia,Octavos,,74,Roland Nilsson,,Suecia,amarilla
2051,1994,Rumania,Argentina,Octavos,,33,Oscar Ruggeri,,Argentina,amarilla
2052,1994,Rumania,Argentina,Octavos,,50,Gheorghe Popescu,,Rumania,amarilla
2053,1994,Rumania,Argentina,Octavos,,55,Fernando Redondo,,Argentina,amarilla
2054,1994,Rumania,Argentina,Octavos,,56,Jose Chamot,,Argentina,amarilla
2055,1994,Rumania,Argentina,Octavos,,68,Tibor Selymes,,Rumania,amarilla
2056,1994,Rumania,Argentina,Octavos,,83,Fernando Caceres,,Argentina,amarilla
2057,1994,Rumania,Argentina,Octavos,,84,Ilie Dumitrescu,,Rumania,amarilla
2058,1994,Paises Bajos,Irlanda,Octavos,,72,Ronald Koeman,,Paises Bajos,amarilla
2059,1994,Brasil,Estados Unidos,Octavos,,8,Mazinho,,Brasil,amarilla
2060,1994,Brasil,Estados Unidos,Octavos,,16,Jorginho,,Brasil,amarilla
2061,1994,Brasil,Estados Unidos,Octavos,,43,Tab Ramos,,Estados Unidos,amarilla
2062,1994,Brasil,Estados Unidos,Octavos,,43,Leonardo,,Brasil,roja
2063,1994,Brasil,Estados Unidos,Octavos,,49,Paul Caligiuri,,Estados Unidos,amarilla
2064,1994,Brasil,Estados Unidos,Octavos,,64,Fernando Clavijo,,Estados Unidos,amarilla
2065,1994,Brasil,Estados Unidos,Octavos,,80,Thomas Dooley,,Estados Unidos,amarilla
2066,1994,Brasil,Estados Unidos,Octavos,,85,Fernando Clavijo,,Estados Unidos,amarilla
2067,1994,Nigeria,Italia,Octavos,,2,Michael Emenalo,,Nigeria,amarilla
2068,1994,Nigeria,Italia,Octavos,,6,Daniele Massaro,,Italia,amarilla
2069,1994,Nigeria,Italia,Octavos,,29,Alessandro Costacurta,,Italia,amarilla
2070,1994,Nigeria,Italia,Octavos,,41,Mutiu Adepoju,,Nigeria,amarilla
2071,1994,Nigeria,Italia,Octavos,,53,Sunday Oliseh,,Nigeria,amarilla
2072,1994,Nigeria,Italia,Octavos,,58,Chidi Nwanu,,Nigeria,amarilla
2073,1994,Nigeria,Italia,Octavos,,60,Giuseppe Signori,,Italia,amarilla
2074,1994,Nigeria,Italia,Octavos,,62,Dino Baggio,,Italia,amarilla
2075,1994,Nigeria,Italia,Octavos,,75,Gianfranco Zola,,Italia,roja
2076,1994,Nigeria,Italia,Octavos,,80,Paolo Maldini,,Italia,amarilla
2077,1994,México,Bulgaria,Octavos,,12,Emil Kremenliev,,Bulgaria,amarilla
2078,1994,México,Bulgaria,Octavos,,14,Claudio Suarez,,xico,amarilla
2079,1994,México,Bulgaria,Octavos,,17,Nasko Sirakov,,Bulgaria,amarilla
2080,1994,México,Bulgaria,Octavos,,28,Luis Garcia,,xico,amarilla
2081,1994,México,Bulgaria,Octavos,,34,Ilian Kiryakov,,Bulgaria,amarilla
2082,1994,México,Bulgaria,Octavos,,50,Emil Kremenliev,,Bulgaria,amarilla
2083,1994,México,Bulgaria,Octavos,,57,Luis Garcia,,xico,amarilla
2084,1994,México,Bulgaria,Octavos,,67,Ivaylo Yordanov,,Bulgaria,amarilla
2085,1994,México,Bulgaria,Octavos,,70,Ramon Ramirez,,xico,amarilla
2086,1994,México,Bulgaria,Octavos,,76,Alberto Garcia Aspe,,xico,amarilla
2087,1994,Italia,España,Cuartos,,3,Abelardo,,a,amarilla
2088,1994,Italia,España,Cuartos,,19,Jose Luis Caminero,,a,amarilla
2089,1994,Paises Bajos,Brasil,Cuartos,,40,Aron Winter,,Paises Bajos,amarilla
2090,1994,Paises Bajos,Brasil,Cuartos,,74,Dunga,,Brasil,amarilla
2091,1994,Paises Bajos,Brasil,Cuartos,,89,Jan Wouters,,Paises Bajos,amarilla
2092,1994,Bulgaria,Alemania,Cuartos,,14,Thomas Helmer,,Alemania,amarilla
2093,1994,Bulgaria,Alemania,Cuartos,,15,Martin Wagner,,Alemania,amarilla
2094,1994,Bulgaria,Alemania,Cuartos,,22,Trifon Ivanov,,Bulgaria,amarilla
2095,1994,Bulgaria,Alemania,Cuartos,,49,Thomas Haessler,,Alemania,amarilla
2096,1994,Bulgaria,Alemania,Cuartos,,50,Juergen Klinsmann,,Alemania,amarilla
2097,1994,Bulgaria,Alemania,Cuartos,,82,Hristo Stoichkov,,Bulgaria,amarilla
2098,1994,Bulgaria,Alemania,Cuartos,,85,Borislav Mikhailov,,Bulgaria,amarilla
2099,1994,Bulgaria,Alemania,Cuartos,,89,Rudi Voeller,,Alemania,amarilla
2100,1994,Rumania,Suecia,Cuartos,,7,Klas Ingesson,,Suecia,amarilla
2101,1994,Rumania,Suecia,Cuartos,,21,Gheorghe Popescu,,Rumania,amarilla
2102,1994,Rumania,Suecia,Cuartos,,34,Tibor Selymes,,Rumania,amarilla
2103,1994,Rumania,Suecia,Cuartos,,43,Stefan Schwarz,,Suecia,amarilla
2104,1994,Rumania,Suecia,Cuartos,,101,Stefan Schwarz,,Suecia,amarilla
2105,1994,Rumania,Suecia,Cuartos,,108,Nica Panduru,,Rumania,amarilla
2106,1994,Bulgaria,Italia,Semis,,52,Emil Kostadinov,,Bulgaria,amarilla
2107,1994,Bulgaria,Italia,Semis,,61,Alessandro Costacurta,,Italia,amarilla
2108,1994,Bulgaria,Italia,Semis,,65,Iordan Letchkov,,Bulgaria,amarilla
2109,1994,Bulgaria,Italia,Semis,,80,Demetrio Albertini,,Italia,amarilla
2110,1994,Bulgaria,Italia,Semis,,83,Zlatko Yankov,,Bulgaria,amarilla
2111,1994,Suecia,Brasil,Semis,,3,Zinho,,Brasil,amarilla
2112,1994,Suecia,Brasil,Semis,,29,Roger Ljung,,Suecia,amarilla
2113,1994,Suecia,Brasil,Semis,,63,Jonas Thern,,Suecia,roja
2114,1994,Suecia,Brasil,Semis,,86,Tomas Brolin,,Suecia,amarilla
2115,1994,Suecia,Bulgaria,3er Puesto,,70,Zlatko Yankov,,Bulgaria,amarilla
2116,1994,Suecia,Bulgaria,3er Puesto,,82,Kennet Andersson,,Suecia,amarilla
2117,1994,Brasil,Italia,Final,,4,Mazinho,,Brasil,amarilla
2118,1994,Brasil,Italia,Final,,41,Luigi Apolloni,,Italia,amarilla
2119,1994,Brasil,Italia,Final,,42,Demetrio Albertini,,Italia,amarilla
2120,1994,Brasil,Italia,Final,,87,Cafu,,Brasil,amarilla
2121,1990,Argentina,Camerún,"1ra Ronda, Grupo B",B,9,Benjamin Massing,,n,amarilla
2122,1990,Argentina,Camerún,"1ra Ronda, Grupo B",B,23,Victor Ndip,,n,amarilla
2123,1990,Argentina,Camerún,"1ra Ronda, Grupo B",B,27,Roberto Sensini,,Argentina,amarilla
2124,1990,Argentina,Camerún,"1ra Ronda, Grupo B",B,53,Emile Mbouh,,n,amarilla
2125,1990,Argentina,Camerún,"1ra Ronda, Grupo B",B,61,Andre Kana-Biyik,,n,roja
2126,1990,Argentina,Camerún,"1ra Ronda, Grupo B",B,88,Benjamin Massing,,n,roja
2127,1990,URSS,Rumania,"1ra Ronda, Grupo B",B,11,Vagiz Khidiyatullin,,URSS,amarilla
2128,1990,URSS,Rumania,"1ra Ronda, Grupo B",B,44,Marius Lacatus,,Rumania,amarilla
2129,1990,Italia,Austria,"1ra Ronda, Grupo A",A,6,Andreas Herzog,,Austria,amarilla
2130,1990,Emiratos Arabes,Colombia,"1ra Ronda, Grupo D",D,5,Eissa Meer,,Emiratos Arabes,amarilla
2131,1990,Emiratos Arabes,Colombia,"1ra Ronda, Grupo D",D,55,Yousuf Hussain,,Emiratos Arabes,amarilla
2132,1990,Emiratos Arabes,Colombia,"1ra Ronda, Grupo D",D,70,Ibrahim Meer,,Emiratos Arabes,amarilla
2133,1990,Estados Unidos,Checoslovaquia,"1ra Ronda, Grupo A",A,30,Lubos Kubik,,Checoslovaquia,amarilla
2134,1990,Estados Unidos,Checoslovaquia,"1ra Ronda, Grupo A",A,39,Tony Meola,,Estados Unidos,amarilla
2135,1990,Estados Unidos,Checoslovaquia,"1ra Ronda, Grupo A",A,44,Steve Trittschuh,,Estados Unidos,amarilla
2136,1990,Estados Unidos,Checoslovaquia,"1ra Ronda, Grupo A",A,52,Eric Wynalda,,Estados Unidos,roja
2137,1990,Estados Unidos,Checoslovaquia,"1ra Ronda, Grupo A",A,62,Miroslav Kadlec,,Checoslovaquia,amarilla
2138,1990,Brasil,Suecia,"1ra Ronda, Grupo C",C,38,Mozer,,Brasil,amarilla
2139,1990,Brasil,Suecia,"1ra Ronda, Grupo C",C,60,Branco,,Brasil,amarilla
2140,1990,Brasil,Suecia,"1ra Ronda, Grupo C",C,83,Joakim Nilsson,,Suecia,amarilla
2141,1990,Brasil,Suecia,"1ra Ronda, Grupo C",C,88,Dunga,,Brasil,amarilla
2142,1990,Alemania Occidental,Yugoslavia,"1ra Ronda, Grupo D",D,6,Andreas Brehme,,Alemania Occidental,amarilla
2143,1990,Costa Rica,Escocia,"1ra Ronda, Grupo C",C,,,,Minuto 86,roja
2144,1990,Costa Rica,Escocia,"1ra Ronda, Grupo C",C,,,,Minuto 46 (en el entretiempo),roja
2145,1990,Costa Rica,Escocia,"1ra Ronda, Grupo C",C,,,,Minuto 73,roja
2146,1990,Inglaterra,Irlanda,"1ra Ronda, Grupo F",F,75,Steve Mcmahon,,Inglaterra,amarilla
2147,1990,Bélgica,Corea del Sur,"1ra Ronda, Grupo E",E,39,Soon Ho Choi,,Corea del Sur,amarilla
2148,1990,Paises Bajos,Egipto,"1ra Ronda, Grupo F",F,55,Ahmed Ramzy,,Egipto,amarilla
2149,1990,Paises Bajos,Egipto,"1ra Ronda, Grupo F",F,58,Wim Kieft,,Paises Bajos,amarilla
2150,1990,Uruguay,España,"1ra Ronda, Grupo E",E,10,Jose Perdomo,,Uruguay,amarilla
2151,1990,Uruguay,España,"1ra Ronda, Grupo E",E,24,Manuel Jimenez,,a,amarilla
2152,1990,Uruguay,España,"1ra Ronda, Grupo E",E,68,Francisco Villaroya,,a,amarilla
2153,1990,Uruguay,España,"1ra Ronda, Grupo E",E,80,Enzo Francescoli,,Uruguay,amarilla
2154,1990,Argentina,URSS,"1ra Ronda, Grupo B",B,48,Vladimir Bessonov,,URSS,roja
2155,1990,Argentina,URSS,"1ra Ronda, Grupo B",B,51,Andrei Zygmantovich,,URSS,amarilla
2156,1990,Argentina,URSS,"1ra Ronda, Grupo B",B,55,Jose Serrizuela,,Argentina,amarilla
2157,1990,Argentina,URSS,"1ra Ronda, Grupo B",B,57,Claudio Caniggia,,Argentina,amarilla
2158,1990,Argentina,URSS,"1ra Ronda, Grupo B",B,70,Diego Maradona,,Argentina,amarilla
2159,1990,Argentina,URSS,"1ra Ronda, Grupo B",B,73,Jorge Burruchaga,,Argentina,amarilla
2160,1990,Argentina,URSS,"1ra Ronda, Grupo B",B,77,Pedro Monzon,,Argentina,amarilla
2161,1990,Yugoslavia,Colombia,"1ra Ronda, Grupo D",D,85,Dragan Stojkovic,,Yugoslavia,amarilla
2162,1990,Italia,Estados Unidos,"1ra Ronda, Grupo A",A,62,Jimmy Banks,,Estados Unidos,amarilla
2163,1990,Italia,Estados Unidos,"1ra Ronda, Grupo A",A,68,Riccardo Ferri,,Italia,amarilla
2164,1990,Camerún,Rumania,"1ra Ronda, Grupo B",B,20,Jules Denis Onana,,n,amarilla
2165,1990,Camerún,Rumania,"1ra Ronda, Grupo B",B,44,Michael Klein,,Rumania,amarilla
2166,1990,Camerún,Rumania,"1ra Ronda, Grupo B",B,68,Thomas Nkono,,n,amarilla
2167,1990,Austria,Checoslovaquia,"1ra Ronda, Grupo A",A,22,Robert Pecl,,Austria,amarilla
2168,1990,Austria,Checoslovaquia,"1ra Ronda, Grupo A",A,52,Lubomir Moravcik,,Checoslovaquia,amarilla
2169,1990,Austria,Checoslovaquia,"1ra Ronda, Grupo A",A,62,Lubos Kubik,,Checoslovaquia,amarilla
2170,1990,Austria,Checoslovaquia,"1ra Ronda, Grupo A",A,71,Manfred Zsak,,Austria,amarilla
2171,1990,Austria,Checoslovaquia,"1ra Ronda, Grupo A",A,85,Anton Pfeffer,,Austria,amarilla
2172,1990,Alemania Occidental,Emiratos Arabes,"1ra Ronda, Grupo D",D,26,Yousuf Hussain,,Emiratos Arabes,amarilla
2173,1990,Alemania Occidental,Emiratos Arabes,"1ra Ronda, Grupo D",D,30,Andreas Brehme,,Alemania Occidental,amarilla
2174,1990,Alemania Occidental,Emiratos Arabes,"1ra Ronda, Grupo D",D,30,Hussain Ghuloum,,Emiratos Arabes,amarilla
2175,1990,Brasil,Costa Rica,"1ra Ronda, Grupo C",C,16,Claudio Jara,,Costa Rica,amarilla
2176,1990,Brasil,Costa Rica,"1ra Ronda, Grupo C",C,59,Roger Gomez,,Costa Rica,amarilla
2177,1990,Brasil,Costa Rica,"1ra Ronda, Grupo C",C,88,Jorginho,,Brasil,amarilla
2178,1990,Brasil,Costa Rica,"1ra Ronda, Grupo C",C,90,Mozer,,Brasil,amarilla
2179,1990,Suecia,Escocia,"1ra Ronda, Grupo C",C,59,Jonas Thern,,Suecia,amarilla
2180,1990,Suecia,Escocia,"1ra Ronda, Grupo C",C,68,David Mcpherson,,Escocia,amarilla
2181,1990,Inglaterra,Paises Bajos,"1ra Ronda, Grupo F",F,,,,Minuto 59,roja
2182,1990,Inglaterra,Paises Bajos,"1ra Ronda, Grupo F",F,,,,Minuto 64,roja
2183,1990,Inglaterra,Paises Bajos,"1ra Ronda, Grupo F",F,,,,Minuto 74,roja
2184,1990,Irlanda,Egipto,"1ra Ronda, Grupo F",F,51,Chris Morris,,Irlanda,amarilla
2185,1990,Irlanda,Egipto,"1ra Ronda, Grupo F",F,72,Ahmed Shoubeir,,Egipto,amarilla
2186,1990,Bélgica,Uruguay,"1ra Ronda, Grupo E",E,35,Eric Gerets,,lgica,amarilla
2187,1990,Bélgica,Uruguay,"1ra Ronda, Grupo E",E,40,Ruben Sosa,,Uruguay,amarilla
2188,1990,Bélgica,Uruguay,"1ra Ronda, Grupo E",E,42,Eric Gerets,,lgica,amarilla
2189,1990,Corea del Sur,España,"1ra Ronda, Grupo E",E,28,Hae Won Chung,,Corea del Sur,amarilla
2190,1990,Corea del Sur,España,"1ra Ronda, Grupo E",E,51,Deok Yeo Yoon,,Corea del Sur,amarilla
2191,1990,Corea del Sur,España,"1ra Ronda, Grupo E",E,68,Bo Kwan Hwang,,Corea del Sur,amarilla
2192,1990,Argentina,Rumania,"1ra Ronda, Grupo B",B,4,Marius Lacatus,,Rumania,amarilla
2193,1990,Argentina,Rumania,"1ra Ronda, Grupo B",B,8,Gheorghe Hagi,,Rumania,amarilla
2194,1990,Argentina,Rumania,"1ra Ronda, Grupo B",B,32,Ioan Lupescu,,Rumania,amarilla
2195,1990,Argentina,Rumania,"1ra Ronda, Grupo B",B,73,Jose Serrizuela,,Argentina,amarilla
2196,1990,Argentina,Rumania,"1ra Ronda, Grupo B",B,86,Sergio Batista,,Argentina,amarilla
2197,1990,Camerún,URSS,"1ra Ronda, Grupo B",B,61,Andre Kana-Biyik,,n,amarilla
2198,1990,Camerún,URSS,"1ra Ronda, Grupo B",B,66,Roger Milla,,n,amarilla
2199,1990,Camerún,URSS,"1ra Ronda, Grupo B",B,75,Oleg Protasov,,URSS,amarilla
2200,1990,Alemania Occidental,Colombia,"1ra Ronda, Grupo D",D,15,Luis Herrera,,Colombia,amarilla
2201,1990,Alemania Occidental,Colombia,"1ra Ronda, Grupo D",D,30,Gabriel Gomez,,Colombia,amarilla
2202,1990,Alemania Occidental,Colombia,"1ra Ronda, Grupo D",D,38,Leonel Alvarez,,Colombia,amarilla
2203,1990,Alemania Occidental,Colombia,"1ra Ronda, Grupo D",D,63,Thomas Berthold,,Alemania Occidental,amarilla
2204,1990,Yugoslavia,Emiratos Arabes,"1ra Ronda, Grupo D",D,20,Dragoljub Brnovic,,Yugoslavia,amarilla
2205,1990,Yugoslavia,Emiratos Arabes,"1ra Ronda, Grupo D",D,36,Khaleel Ghanim,,Emiratos Arabes,amarilla
2206,1990,Yugoslavia,Emiratos Arabes,"1ra Ronda, Grupo D",D,66,Refik Sabanadzovic,,Yugoslavia,amarilla
2207,1990,Yugoslavia,Emiratos Arabes,"1ra Ronda, Grupo D",D,76,Darko Pancev,,Yugoslavia,amarilla
2208,1990,Yugoslavia,Emiratos Arabes,"1ra Ronda, Grupo D",D,76,Khaleel Ghanim,,Emiratos Arabes,amarilla
2209,1990,Italia,Checoslovaquia,"1ra Ronda, Grupo A",A,26,Jozef Chovanec,,Checoslovaquia,amarilla
2210,1990,Italia,Checoslovaquia,"1ra Ronda, Grupo A",A,29,Tomas Skuhravy,,Checoslovaquia,amarilla
2211,1990,Italia,Checoslovaquia,"1ra Ronda, Grupo A",A,44,Roberto Baggio,,Italia,amarilla
2212,1990,Italia,Checoslovaquia,"1ra Ronda, Grupo A",A,70,Nicola Berti,,Italia,amarilla
2213,1990,Austria,Estados Unidos,"1ra Ronda, Grupo A",A,21,Manfred Zsak,,Austria,amarilla
2214,1990,Austria,Estados Unidos,"1ra Ronda, Grupo A",A,26,Paul Caligiuri,,Estados Unidos,amarilla
2215,1990,Austria,Estados Unidos,"1ra Ronda, Grupo A",A,28,Jimmy Banks,,Estados Unidos,amarilla
2216,1990,Austria,Estados Unidos,"1ra Ronda, Grupo A",A,31,Robert Pecl,,Austria,amarilla
2217,1990,Austria,Estados Unidos,"1ra Ronda, Grupo A",A,42,Bruce Murray,,Estados Unidos,amarilla
2218,1990,Austria,Estados Unidos,"1ra Ronda, Grupo A",A,50,Andreas Reisinger,,Austria,amarilla
2219,1990,Austria,Estados Unidos,"1ra Ronda, Grupo A",A,58,Michael Windischmann,,Estados Unidos,amarilla
2220,1990,Austria,Estados Unidos,"1ra Ronda, Grupo A",A,84,Klaus Lindenberger,,Austria,amarilla
2221,1990,Austria,Estados Unidos,"1ra Ronda, Grupo A",A,90,Peter Artner,,Austria,roja
2222,1990,Austria,Estados Unidos,"1ra Ronda, Grupo A",A,90,Gerald Glatzmayer,,Austria,amarilla
2223,1990,Brasil,Escocia,"1ra Ronda, Grupo C",C,5,Mo Johnston,,Escocia,amarilla
2224,1990,Brasil,Escocia,"1ra Ronda, Grupo C",C,8,Murdo Mcleod,,Escocia,amarilla
2225,1990,Suecia,Costa Rica,"1ra Ronda, Grupo C",C,18,Glenn Stromberg,,Suecia,amarilla
2226,1990,Suecia,Costa Rica,"1ra Ronda, Grupo C",C,28,Roger Gomez,,Costa Rica,amarilla
2227,1990,Suecia,Costa Rica,"1ra Ronda, Grupo C",C,53,Hector Marchena,,Costa Rica,amarilla
2228,1990,Suecia,Costa Rica,"1ra Ronda, Grupo C",C,74,Stefan Schwarz,,Suecia,amarilla
2229,1990,Bélgica,España,"1ra Ronda, Grupo E",E,,,,Minuto 31,roja
2230,1990,Bélgica,España,"1ra Ronda, Grupo E",E,,,,Minuto 78,roja
2231,1990,Bélgica,España,"1ra Ronda, Grupo E",E,,,,Minuto 82,roja
2232,1990,Bélgica,España,"1ra Ronda, Grupo E",E,,,,Minuto 88,roja
2233,1990,Corea del Sur,Uruguay,"1ra Ronda, Grupo E",E,22,Heung Sil Lee,,Corea del Sur,amarilla
2234,1990,Corea del Sur,Uruguay,"1ra Ronda, Grupo E",E,23,Santiago Ostolaza,,Uruguay,amarilla
2235,1990,Corea del Sur,Uruguay,"1ra Ronda, Grupo E",E,44,Jose Herrera,,Uruguay,amarilla
2236,1990,Corea del Sur,Uruguay,"1ra Ronda, Grupo E",E,62,Kang Hee Choi,,Corea del Sur,amarilla
2237,1990,Corea del Sur,Uruguay,"1ra Ronda, Grupo E",E,70,Deok Yeo Yoon,,Corea del Sur,roja
2238,1990,Inglaterra,Egipto,"1ra Ronda, Grupo F",F,36,Magdy Abedelghani,,Egipto,amarilla
2239,1990,Inglaterra,Egipto,"1ra Ronda, Grupo F",F,48,Ibrahim Hassan,,Egipto,amarilla
2240,1990,Inglaterra,Egipto,"1ra Ronda, Grupo F",F,88,Peter Beardsley,,Inglaterra,amarilla
2241,1990,Irlanda,Paises Bajos,"1ra Ronda, Grupo F",F,43,Frank Rijkaard,,Paises Bajos,amarilla
2242,1990,Camerún,Colombia,Octavos,,44,Andre Kana-Biyik,,n,amarilla
2243,1990,Camerún,Colombia,Octavos,,46,Victor Ndip,,n,amarilla
2244,1990,Camerún,Colombia,Octavos,,68,Emile Mbouh,,n,amarilla
2245,1990,Camerún,Colombia,Octavos,,72,Luis Carlos Perea,,Colombia,amarilla
2246,1990,Camerún,Colombia,Octavos,,73,Gabriel Gomez,,Colombia,amarilla
2247,1990,Camerún,Colombia,Octavos,,117,Jules Denis Onana,,n,amarilla
2248,1990,Checoslovaquia,Costa Rica,Octavos,,5,Ronald Gonzalez,,Costa Rica,amarilla
2249,1990,Checoslovaquia,Costa Rica,Octavos,,53,Ivan Hasek,,Checoslovaquia,amarilla
2250,1990,Checoslovaquia,Costa Rica,Octavos,,56,Jan Kocian,,Checoslovaquia,amarilla
2251,1990,Checoslovaquia,Costa Rica,Octavos,,67,Frantisek Straka,,Checoslovaquia,amarilla
2252,1990,Checoslovaquia,Costa Rica,Octavos,,75,Hector Marchena,,Costa Rica,amarilla
2253,1990,Brasil,Argentina,Octavos,,27,Pedro Monzon,,Argentina,amarilla
2254,1990,Brasil,Argentina,Octavos,,28,Ricardo Giusti,,Argentina,amarilla
2255,1990,Brasil,Argentina,Octavos,,40,Ricardo Rocha,,Brasil,amarilla
2256,1990,Brasil,Argentina,Octavos,,50,Mauro Galvao,,Brasil,amarilla
2257,1990,Brasil,Argentina,Octavos,,85,Ricardo Gomes,,Brasil,roja
2258,1990,Brasil,Argentina,Octavos,,87,Sergio Goycochea,,Argentina,amarilla
2259,1990,Alemania Occidental,Paises Bajos,Octavos,,20,Frank Rijkaard,,Paises Bajos,amarilla
2260,1990,Alemania Occidental,Paises Bajos,Octavos,,21,Rudi Voeller,,Alemania Occidental,amarilla
2261,1990,Alemania Occidental,Paises Bajos,Octavos,,22,Frank Rijkaard,,Paises Bajos,roja
2262,1990,Alemania Occidental,Paises Bajos,Octavos,,22,Rudi Voeller,,Alemania Occidental,roja
2263,1990,Alemania Occidental,Paises Bajos,Octavos,,32,Jan Wouters,,Paises Bajos,amarilla
2264,1990,Alemania Occidental,Paises Bajos,Octavos,,72,Marco Van Basten,,Paises Bajos,amarilla
2265,1990,Alemania Occidental,Paises Bajos,Octavos,,77,Lothar Matthaeus,,Alemania Occidental,amarilla
2266,1990,Irlanda,Rumania,Octavos,,21,John Aldridge,,Irlanda,amarilla
2267,1990,Irlanda,Rumania,Octavos,,107,Paul Mcgrath,,Irlanda,amarilla
2268,1990,Irlanda,Rumania,Octavos,,112,Gheorghe Hagi,,Rumania,amarilla
2269,1990,Irlanda,Rumania,Octavos,,116,Danut Lupu,,Rumania,amarilla
2270,1990,Italia,Uruguay,Octavos,,15,Jose Pintos,,Uruguay,amarilla
2271,1990,Italia,Uruguay,Octavos,,25,Fernando Alvez,,Uruguay,amarilla
2272,1990,Italia,Uruguay,Octavos,,34,Jose Perdomo,,Uruguay,amarilla
2273,1990,Italia,Uruguay,Octavos,,36,Nicola Berti,,Italia,amarilla
2274,1990,Italia,Uruguay,Octavos,,61,Nelson Gutierrez,,Uruguay,amarilla
2275,1990,España,Yugoslavia,Octavos,,7,Srecko Katanec,,Yugoslavia,amarilla
2276,1990,España,Yugoslavia,Octavos,,59,Zlatko Vujovic,,Yugoslavia,amarilla
2277,1990,España,Yugoslavia,Octavos,,92,Roberto,,a,amarilla
2278,1990,España,Yugoslavia,Octavos,,98,Zoran Vulic,,Yugoslavia,amarilla
2279,1990,España,Yugoslavia,Octavos,,110,Chendo,,a,amarilla
2280,1990,Inglaterra,Bélgica,Octavos,,87,Paul Gascoigne,,Inglaterra,amarilla
2281,1990,Argentina,Yugoslavia,Cuartos,,21,Jose Serrizuela,,Argentina,amarilla
2282,1990,Argentina,Yugoslavia,Cuartos,,24,Refik Sabanadzovic,,Yugoslavia,amarilla
2283,1990,Argentina,Yugoslavia,Cuartos,,31,Refik Sabanadzovic,,Yugoslavia,roja
2284,1990,Argentina,Yugoslavia,Cuartos,,42,Julio Olarticoechea,,Argentina,amarilla
2285,1990,Argentina,Yugoslavia,Cuartos,,61,Pedro Troglio,,Argentina,amarilla
2286,1990,Argentina,Yugoslavia,Cuartos,,110,Juan Simon,,Argentina,amarilla
2287,1990,Italia,Irlanda,Cuartos,,35,Luigi De Agostini,,Italia,amarilla
2288,1990,Italia,Irlanda,Cuartos,,42,Kevin Moran,,Irlanda,amarilla
2289,1990,Alemania Occidental,Checoslovaquia,Cuartos,,11,Lubomir Moravcik,,Checoslovaquia,amarilla
2290,1990,Alemania Occidental,Checoslovaquia,Cuartos,,14,Michal Bilek,,Checoslovaquia,amarilla
2291,1990,Alemania Occidental,Checoslovaquia,Cuartos,,28,Juergen Klinsmann,,Alemania Occidental,amarilla
2292,1990,Alemania Occidental,Checoslovaquia,Cuartos,,38,Frantisek Straka,,Checoslovaquia,amarilla
2293,1990,Alemania Occidental,Checoslovaquia,Cuartos,,70,Lubomir Moravcik,,Checoslovaquia,roja
2294,1990,Alemania Occidental,Checoslovaquia,Cuartos,,88,Ivo Knoflicek,,Checoslovaquia,amarilla
2295,1990,Camerún,Inglaterra,Cuartos,,28,Benjamin Massing,,n,amarilla
2296,1990,Camerún,Inglaterra,Cuartos,,70,Stuart Pearce,,Inglaterra,amarilla
2297,1990,Camerún,Inglaterra,Cuartos,,105,Thomas Nkono,,n,amarilla
2298,1990,Camerún,Inglaterra,Cuartos,,119,Roger Milla,,n,amarilla
2299,1990,Italia,Argentina,Semis,,22,Giuseppe Giannini,,Italia,amarilla
2300,1990,Italia,Argentina,Semis,,30,Ricardo Giusti,,Argentina,amarilla
2301,1990,Italia,Argentina,Semis,,70,Oscar Ruggeri,,Argentina,amarilla
2302,1990,Italia,Argentina,Semis,,76,Julio Olarticoechea,,Argentina,amarilla
2303,1990,Italia,Argentina,Semis,,82,Claudio Caniggia,,Argentina,amarilla
2304,1990,Italia,Argentina,Semis,,103,Ricardo Giusti,,Argentina,amarilla
2305,1990,Italia,Argentina,Semis,,120,Sergio Batista,,Argentina,amarilla
2306,1990,Inglaterra,Alemania Occidental,Semis,,65,Paul Parker,,Inglaterra,amarilla
2307,1990,Inglaterra,Alemania Occidental,Semis,,98,Paul Gascoigne,,Inglaterra,amarilla
2308,1990,Inglaterra,Alemania Occidental,Semis,,110,Andreas Brehme,,Alemania Occidental,amarilla
2309,1990,Italia,Inglaterra,3er Puesto,,,,,Minuto 67,roja
2310,1990,Italia,Inglaterra,3er Puesto,,,,,Minuto 90,roja
2311,1990,Italia,Inglaterra,3er Puesto,,,,,Minuto 72,roja
2312,1990,Italia,Inglaterra,3er Puesto,,,,,Minuto 72,roja
2313,1990,Argentina,Alemania Occidental,Final,,5,Gustavo Dezotti,,Argentina,amarilla
2314,1990,Argentina,Alemania Occidental,Final,,52,Rudi Voeller,,Alemania Occidental,amarilla
2315,1990,Argentina,Alemania Occidental,Final,,65,Pedro Monzon,,Argentina,roja
2316,1990,Argentina,Alemania Occidental,Final,,84,Pedro Troglio,,Argentina,amarilla
2317,1990,Argentina,Alemania Occidental,Final,,87,Gustavo Dezotti,,Argentina,roja
2318,1990,Argentina,Alemania Occidental,Final,,87,Diego Maradona,,Argentina,amarilla
2319,1986,Bulgaria,Italia,"1ra Ronda, Grupo A",A,48,Giuseppe Bergomi,,Italia,amarilla
2320,1986,Bulgaria,Italia,"1ra Ronda, Grupo A",A,51,Aleksandar Markov,,Bulgaria,amarilla
2321,1986,Bulgaria,Italia,"1ra Ronda, Grupo A",A,64,Antonio Cabrini,,Italia,amarilla
2322,1986,España,Brasil,"1ra Ronda, Grupo D",D,4,Julio Alberto,,a,amarilla
2323,1986,España,Brasil,"1ra Ronda, Grupo D",D,82,Branco,,Brasil,amarilla
2324,1986,Canadá,Francia,"1ra Ronda, Grupo C",C,,,,Minuto 54,roja
2325,1986,Canadá,Francia,"1ra Ronda, Grupo C",C,,,,Minuto 81,roja
2326,1986,Canadá,Francia,"1ra Ronda, Grupo C",C,,,,Minuto 70,roja
2327,1986,Argentina,Corea del Sur,"1ra Ronda, Grupo A",A,44,Jung Moo Huh,,Corea del Sur,amarilla
2328,1986,Argentina,Corea del Sur,"1ra Ronda, Grupo A",A,50,Chang Sun Park,,Corea del Sur,amarilla
2329,1986,URSS,Hungría,"1ra Ronda, Grupo C",C,,,,Minuto 69,roja
2330,1986,URSS,Hungría,"1ra Ronda, Grupo C",C,,,,Minuto 72,roja
2331,1986,URSS,Hungría,"1ra Ronda, Grupo C",C,,,,Minuto 13,roja
2332,1986,URSS,Hungría,"1ra Ronda, Grupo C",C,,,,Minuto 62,roja
2333,1986,Marruecos,Polonia,"1ra Ronda, Grupo F",F,33,Mohamed Timoumi,,Marruecos,amarilla
2334,1986,Bélgica,México,"1ra Ronda, Grupo B",B,23,Hugo Sánchez,,xico,amarilla
2335,1986,Bélgica,México,"1ra Ronda, Grupo B",B,56,Franky Van Der Elst,,lgica,amarilla
2336,1986,Bélgica,México,"1ra Ronda, Grupo B",B,83,Carlos Munoz,,xico,amarilla
2337,1986,Portugal,Inglaterra,"1ra Ronda, Grupo F",F,17,Terry Fenwick,,Inglaterra,amarilla
2338,1986,Portugal,Inglaterra,"1ra Ronda, Grupo F",F,78,Terry Butcher,,Inglaterra,amarilla
2339,1986,Portugal,Inglaterra,"1ra Ronda, Grupo F",F,88,Pacheco,,Portugal,amarilla
2340,1986,Argelia,Irlanda del Norte,"1ra Ronda, Grupo D",D,36,Faouzi Mansouri,,Argelia,amarilla
2341,1986,Argelia,Irlanda del Norte,"1ra Ronda, Grupo D",D,58,Nigel Worthington,,Irlanda del Norte,amarilla
2342,1986,Argelia,Irlanda del Norte,"1ra Ronda, Grupo D",D,78,Sam Mcilroy,,Irlanda del Norte,amarilla
2343,1986,Argelia,Irlanda del Norte,"1ra Ronda, Grupo D",D,79,Norman Whiteside,,Irlanda del Norte,amarilla
2344,1986,Escocia,Dinamarca,"1ra Ronda, Grupo E",E,84,Klaus Berggreen,,Dinamarca,amarilla
2345,1986,Uruguay,Alemania Occidental,"1ra Ronda, Grupo E",E,28,Victor Diogo,,Uruguay,amarilla
2346,1986,Uruguay,Alemania Occidental,"1ra Ronda, Grupo E",E,62,Mario Saralegui,,Uruguay,amarilla
2347,1986,Paraguay,Iraq,"1ra Ronda, Grupo B",B,29,Shaker Samir,,Iraq,amarilla
2348,1986,Paraguay,Iraq,"1ra Ronda, Grupo B",B,45,Vladimiro Schettina,,Paraguay,amarilla
2349,1986,Francia,URSS,"1ra Ronda, Grupo C",C,30,Vasili Rats,,URSS,amarilla
2350,1986,Francia,URSS,"1ra Ronda, Grupo C",C,33,Igor Belanov,,URSS,amarilla
2351,1986,Francia,URSS,"1ra Ronda, Grupo C",C,40,Luis Fernandez,,Francia,amarilla
2352,1986,Francia,URSS,"1ra Ronda, Grupo C",C,43,Manuel Amoros,,Francia,amarilla
2353,1986,Corea del Sur,Bulgaria,"1ra Ronda, Grupo A",A,31,Joo Sung Kim,,Corea del Sur,amarilla
2354,1986,Corea del Sur,Bulgaria,"1ra Ronda, Grupo A",A,49,Zhivko Gospodinov,,Bulgaria,amarilla
2355,1986,Corea del Sur,Bulgaria,"1ra Ronda, Grupo A",A,60,Young Jeung Cho,,Corea del Sur,amarilla
2356,1986,Italia,Argentina,"1ra Ronda, Grupo A",A,54,Giuseppe Bergomi,,Italia,amarilla
2357,1986,Italia,Argentina,"1ra Ronda, Grupo A",A,58,Ricardo Giusti,,Argentina,amarilla
2358,1986,Italia,Argentina,"1ra Ronda, Grupo A",A,65,Oscar Garre,,Argentina,amarilla
2359,1986,Hungría,Canadá,"1ra Ronda, Grupo C",C,52,Mike Sweeney,,Canadá,amarilla
2360,1986,Hungría,Canadá,"1ra Ronda, Grupo C",C,83,Bob Lenarduzzi,,Canadá,amarilla
2361,1986,Hungría,Canadá,"1ra Ronda, Grupo C",C,85,Mike Sweeney,,Canadá,roja
2362,1986,Brasil,Argelia,"1ra Ronda, Grupo D",D,,,,Minuto 10,roja
2363,1986,Brasil,Argelia,"1ra Ronda, Grupo D",D,,,,Minuto 59,roja
2364,1986,Brasil,Argelia,"1ra Ronda, Grupo D",D,,,,Minuto 68,roja
2365,1986,Brasil,Argelia,"1ra Ronda, Grupo D",D,,,,Minuto 80,roja
2366,1986,Inglaterra,Marruecos,"1ra Ronda, Grupo F",F,40,Ray Wilkins,,Inglaterra,amarilla
2367,1986,Inglaterra,Marruecos,"1ra Ronda, Grupo F",F,42,Ray Wilkins,,Inglaterra,roja
2368,1986,Inglaterra,Marruecos,"1ra Ronda, Grupo F",F,50,Labid Khalifa,,Marruecos,amarilla
2369,1986,Inglaterra,Marruecos,"1ra Ronda, Grupo F",F,68,Mark Hateley,,Inglaterra,amarilla
2370,1986,Inglaterra,Marruecos,"1ra Ronda, Grupo F",F,76,Abdelrazzak Khairi,,Marruecos,amarilla
2371,1986,México,Paraguay,"1ra Ronda, Grupo B",B,5,Alfredo Mendoza,,Paraguay,amarilla
2372,1986,México,Paraguay,"1ra Ronda, Grupo B",B,26,Manuel Negrete,,xico,amarilla
2373,1986,México,Paraguay,"1ra Ronda, Grupo B",B,30,Vladimiro Schettina,,Paraguay,amarilla
2374,1986,México,Paraguay,"1ra Ronda, Grupo B",B,75,Hugo Sánchez,,xico,amarilla
2375,1986,México,Paraguay,"1ra Ronda, Grupo B",B,80,Mario Trejo,,xico,amarilla
2376,1986,Polonia,Portugal,"1ra Ronda, Grupo F",F,46,Roman Wojcicki,,Polonia,amarilla
2377,1986,Polonia,Portugal,"1ra Ronda, Grupo F",F,89,Dariusz Dziekanowski,,Polonia,amarilla
2378,1986,Irlanda del Norte,España,"1ra Ronda, Grupo D",D,50,Victor,,a,amarilla
2379,1986,Irlanda del Norte,España,"1ra Ronda, Grupo D",D,85,Billy Hamilton,,Irlanda del Norte,amarilla
2380,1986,Iraq,Bélgica,"1ra Ronda, Grupo B",B,1,Bassel Gorgis,,Iraq,amarilla
2381,1986,Iraq,Bélgica,"1ra Ronda, Grupo B",B,16,Nico Claesen,,lgica,amarilla
2382,1986,Iraq,Bélgica,"1ra Ronda, Grupo B",B,20,Hammoudi Raad,,Iraq,amarilla
2383,1986,Iraq,Bélgica,"1ra Ronda, Grupo B",B,29,Shaker Nadhum,,Iraq,amarilla
2384,1986,Iraq,Bélgica,"1ra Ronda, Grupo B",B,42,Mohamed Haris,,Iraq,amarilla
2385,1986,Iraq,Bélgica,"1ra Ronda, Grupo B",B,48,Shaker Samir,,Iraq,amarilla
2386,1986,Iraq,Bélgica,"1ra Ronda, Grupo B",B,52,Bassel Gorgis,,Iraq,amarilla
2387,1986,Iraq,Bélgica,"1ra Ronda, Grupo B",B,65,Hashem Natik,,Iraq,amarilla
2388,1986,Alemania Occidental,Escocia,"1ra Ronda, Grupo E",E,30,Steve Archibald,,Escocia,amarilla
2389,1986,Alemania Occidental,Escocia,"1ra Ronda, Grupo E",E,44,Eamonn Bannon,,Escocia,amarilla
2390,1986,Alemania Occidental,Escocia,"1ra Ronda, Grupo E",E,74,Maurice Malpas,,Escocia,amarilla
2391,1986,Dinamarca,Uruguay,"1ra Ronda, Grupo E",E,7,Ivan Nielsen,,Dinamarca,amarilla
2392,1986,Dinamarca,Uruguay,"1ra Ronda, Grupo E",E,13,Miguel Bossio,,Uruguay,amarilla
2393,1986,Dinamarca,Uruguay,"1ra Ronda, Grupo E",E,19,Miguel Bossio,,Uruguay,roja
2394,1986,Dinamarca,Uruguay,"1ra Ronda, Grupo E",E,35,Jorge Da Silva,,Uruguay,amarilla
2395,1986,URSS,Canadá,"1ra Ronda, Grupo C",C,,,,Minuto 57,roja
2396,1986,URSS,Canadá,"1ra Ronda, Grupo C",C,,,,Minuto 62,roja
2397,1986,URSS,Canadá,"1ra Ronda, Grupo C",C,,,,Minuto 64,roja
2398,1986,URSS,Canadá,"1ra Ronda, Grupo C",C,,,,Minuto 69,roja
2399,1986,Hungría,Francia,"1ra Ronda, Grupo C",C,41,William Ayache,,Francia,amarilla
2400,1986,Hungría,Francia,"1ra Ronda, Grupo C",C,69,Dominique Rocheteau,,Francia,amarilla
2401,1986,Corea del Sur,Italia,"1ra Ronda, Grupo A",A,17,Joo Sung Kim,,Corea del Sur,amarilla
2402,1986,Corea del Sur,Italia,"1ra Ronda, Grupo A",A,31,Salvatore Bagni,,Italia,amarilla
2403,1986,Corea del Sur,Italia,"1ra Ronda, Grupo A",A,35,Kyung Hoon Park,,Corea del Sur,amarilla
2404,1986,Corea del Sur,Italia,"1ra Ronda, Grupo A",A,65,Gaetano Scirea,,Italia,amarilla
2405,1986,Corea del Sur,Italia,"1ra Ronda, Grupo A",A,70,Pietro Vierchowod,,Italia,amarilla
2406,1986,Corea del Sur,Italia,"1ra Ronda, Grupo A",A,71,Young Jeung Cho,,Corea del Sur,amarilla
2407,1986,Argentina,Bulgaria,"1ra Ronda, Grupo A",A,25,Jose Cuciuffo,,Argentina,amarilla
2408,1986,Paraguay,Bélgica,"1ra Ronda, Grupo B",B,55,Jan Ceulemans,,lgica,amarilla
2409,1986,Paraguay,Bélgica,"1ra Ronda, Grupo B",B,55,Julio Cesar Romero,,Paraguay,amarilla
2410,1986,Inglaterra,Polonia,"1ra Ronda, Grupo F",F,52,Terry Fenwick,,Inglaterra,amarilla
2411,1986,Portugal,Marruecos,"1ra Ronda, Grupo F",F,64,Gomes,,Portugal,amarilla
2412,1986,Iraq,México,"1ra Ronda, Grupo B",B,30,Saddam Karim,,Iraq,amarilla
2413,1986,Iraq,México,"1ra Ronda, Grupo B",B,73,Khalil Mohamed,,Iraq,amarilla
2414,1986,Irlanda del Norte,Brasil,"1ra Ronda, Grupo D",D,12,Mal Donaghy,,Irlanda del Norte,amarilla
2415,1986,Argelia,España,"1ra Ronda, Grupo D",D,33,Rabah Madjer,,Argelia,amarilla
2416,1986,Argelia,España,"1ra Ronda, Grupo D",D,89,Goikoetxea,,a,amarilla
2417,1986,Dinamarca,Alemania Occidental,"1ra Ronda, Grupo E",E,36,Frank Arnesen,,Dinamarca,amarilla
2418,1986,Dinamarca,Alemania Occidental,"1ra Ronda, Grupo E",E,48,Norbert Eder,,Alemania Occidental,amarilla
2419,1986,Dinamarca,Alemania Occidental,"1ra Ronda, Grupo E",E,51,Ditmar Jakobs,,Alemania Occidental,amarilla
2420,1986,Dinamarca,Alemania Occidental,"1ra Ronda, Grupo E",E,88,Frank Arnesen,,Dinamarca,roja
2421,1986,Escocia,Uruguay,"1ra Ronda, Grupo E",E,1,Jose Batista,,Uruguay,roja
2422,1986,Escocia,Uruguay,"1ra Ronda, Grupo E",E,32,Wilmar Cabrera,,Uruguay,amarilla
2423,1986,Escocia,Uruguay,"1ra Ronda, Grupo E",E,48,David Narey,,Escocia,amarilla
2424,1986,Escocia,Uruguay,"1ra Ronda, Grupo E",E,62,Stephen Nicol,,Escocia,amarilla
2425,1986,Escocia,Uruguay,"1ra Ronda, Grupo E",E,72,Victor Diogo,,Uruguay,amarilla
2426,1986,Escocia,Uruguay,"1ra Ronda, Grupo E",E,87,Fernando Alvez,,Uruguay,amarilla
2427,1986,URSS,Bélgica,Octavos,,65,Michel Renquin,,lgica,amarilla
2428,1986,México,Bulgaria,Octavos,,58,Nikolai Arabov,,Bulgaria,amarilla
2429,1986,Brasil,Polonia,Octavos,,13,Dariusz Dziekanowski,,Polonia,amarilla
2430,1986,Brasil,Polonia,Octavos,,30,Zbigniew Boniek,,Polonia,amarilla
2431,1986,Brasil,Polonia,Octavos,,32,Wlodimierz Smolarek,,Polonia,amarilla
2432,1986,Brasil,Polonia,Octavos,,36,Careca,,Brasil,amarilla
2433,1986,Brasil,Polonia,Octavos,,83,Edinho,,Brasil,amarilla
2434,1986,Argentina,Uruguay,Octavos,,30,Oscar Garre,,Argentina,amarilla
2435,1986,Argentina,Uruguay,Octavos,,35,Enzo Francescoli,,Uruguay,amarilla
2436,1986,Argentina,Uruguay,Octavos,,49,Jose Brown,,Argentina,amarilla
2437,1986,Argentina,Uruguay,Octavos,,58,Eduardo Acevedo,,Uruguay,amarilla
2438,1986,Argentina,Uruguay,Octavos,,68,Sergio Santin,,Uruguay,amarilla
2439,1986,Argentina,Uruguay,Octavos,,83,Nery Pumpido,,Argentina,amarilla
2440,1986,Argentina,Uruguay,Octavos,,85,Jorge Da Silva,,Uruguay,amarilla
2441,1986,Marruecos,Alemania Occidental,Octavos,,29,Abdelmajid Lamriss,,Marruecos,amarilla
2442,1986,Marruecos,Alemania Occidental,Octavos,,65,Labid Khalifa,,Marruecos,amarilla
2443,1986,Italia,Francia,Octavos,,16,Fernando De Napoli,,Italia,amarilla
2444,1986,Italia,Francia,Octavos,,40,William Ayache,,Francia,amarilla
2445,1986,Italia,Francia,Octavos,,67,Antonio Di Gennaro,,Italia,amarilla
2446,1986,Dinamarca,España,Octavos,,26,Henrik Andersen,,Dinamarca,amarilla
2447,1986,Dinamarca,España,Octavos,,27,Goikoetxea,,a,amarilla
2448,1986,Dinamarca,España,Octavos,,32,Jose Antonio Camacho,,a,amarilla
2449,1986,Dinamarca,España,Octavos,,60,Michel,,a,amarilla
2450,1986,Inglaterra,Paraguay,Octavos,,37,Alvin Martin,,Inglaterra,amarilla
2451,1986,Inglaterra,Paraguay,Octavos,,60,Jorge Núñez,,Paraguay,amarilla
2452,1986,Inglaterra,Paraguay,Octavos,,67,Steve Hodge,,Inglaterra,amarilla
2453,1986,México,Alemania Occidental,Cuartos,,20,Javier Aguirre,,xico,amarilla
2454,1986,México,Alemania Occidental,Cuartos,,27,Fernando Quirarte,,xico,amarilla
2455,1986,México,Alemania Occidental,Cuartos,,27,Klaus Allofs,,Alemania Occidental,amarilla
2456,1986,México,Alemania Occidental,Cuartos,,56,Karl-Heinz Foerster,,Alemania Occidental,amarilla
2457,1986,México,Alemania Occidental,Cuartos,,65,Thomas Berthold,,Alemania Occidental,roja
2458,1986,México,Alemania Occidental,Cuartos,,75,Carlos De Los Cobos,,xico,amarilla
2459,1986,México,Alemania Occidental,Cuartos,,83,Raul Servin,,xico,amarilla
2460,1986,México,Alemania Occidental,Cuartos,,86,Lothar Matthaeus,,Alemania Occidental,amarilla
2461,1986,México,Alemania Occidental,Cuartos,,94,Hugo Sánchez,,xico,amarilla
2462,1986,México,Alemania Occidental,Cuartos,,100,Javier Aguirre,,xico,roja
2463,1986,Brasil,Francia,Cuartos,,,,,Minuto 71,roja
2464,1986,Brasil,Francia,Cuartos,,,,,Minuto 91,roja
2465,1986,Brasil,Francia,Cuartos,,,,,Minuto 84,roja
2466,1986,Brasil,Francia,Cuartos,,,,,Minuto 99,roja
2467,1986,Bélgica,España,Cuartos,,24,Stephane Demol,,lgica,amarilla
2468,1986,Bélgica,España,Cuartos,,39,Tomas,,a,amarilla
2469,1986,Bélgica,España,Cuartos,,44,Ramon Maria Caldere,,a,amarilla
2470,1986,Bélgica,España,Cuartos,,115,Georges Grun,,lgica,amarilla
2471,1986,Argentina,Inglaterra,Cuartos,,9,Terry Fenwick,,Inglaterra,amarilla
2472,1986,Argentina,Inglaterra,Cuartos,,60,Sergio Batista,,Argentina,amarilla
2473,1986,Argentina,Bélgica,Semis,,27,Daniel Veyt,,lgica,amarilla
2474,1986,Argentina,Bélgica,Semis,,33,Jorge Valdano,,Argentina,amarilla
2475,1986,Alemania Occidental,Francia,Semis,,59,Felix Magath,,Alemania Occidental,amarilla
2476,1986,Alemania Occidental,Francia,Semis,,89,Luis Fernandez,,Francia,amarilla
2477,1986,Bélgica,Francia,3er Puesto,,63,Jean-Marie Pfaff,,lgica,amarilla
2478,1986,Argentina,Alemania Occidental,Final,,17,Diego Maradona,,Argentina,amarilla
2479,1986,Argentina,Alemania Occidental,Final,,21,Lothar Matthaeus,,Alemania Occidental,amarilla
2480,1986,Argentina,Alemania Occidental,Final,,62,Hans-Peter Briegel,,Alemania Occidental,amarilla
2481,1986,Argentina,Alemania Occidental,Final,,77,Julio Olarticoechea,,Argentina,amarilla
2482,1986,Argentina,Alemania Occidental,Final,,81,Hector Enrique,,Argentina,amarilla
2483,1986,Argentina,Alemania Occidental,Final,,85,Nery Pumpido,,Argentina,amarilla
2484,1982,Argentina,Bélgica,"1ra Ronda, Grupo C",C,50,Luc Millecamps,,lgica,amarilla
2485,1982,Argentina,Bélgica,"1ra Ronda, Grupo C",C,55,Daniel Bertoni,,Argentina,amarilla
2486,1982,Brasil,URSS,"1ra Ronda, Grupo F",F,,,,Minuto 46 (en el entretiempo),roja
2487,1982,Brasil,URSS,"1ra Ronda, Grupo F",F,,,,Minuto 74,roja
2488,1982,Brasil,URSS,"1ra Ronda, Grupo F",F,,,,Minuto 88,roja
2489,1982,Italia,Polonia,"1ra Ronda, Grupo A",A,1,Giampiero Marini,,Italia,amarilla
2490,1982,Italia,Polonia,"1ra Ronda, Grupo A",A,10,Zbigniew Boniek,,Polonia,amarilla
2491,1982,Italia,Polonia,"1ra Ronda, Grupo A",A,47,Gaetano Scirea,,Italia,amarilla
2492,1982,Perú,Camerún,"1ra Ronda, Grupo A",A,80,Thomas Nkono,,n,amarilla
2493,1982,Escocia,Nueva Zelanda,"1ra Ronda, Grupo F",F,,,,Minuto 53,roja
2494,1982,Escocia,Nueva Zelanda,"1ra Ronda, Grupo F",F,,,,Minuto 83,roja
2495,1982,Escocia,Nueva Zelanda,"1ra Ronda, Grupo F",F,,,,Minuto 66,roja
2496,1982,Escocia,Nueva Zelanda,"1ra Ronda, Grupo F",F,,,,Minuto 77,roja
2497,1982,Hungría,El Salvador,"1ra Ronda, Grupo C",C,32,Laszlo Fazekas,,a,amarilla
2498,1982,Hungría,El Salvador,"1ra Ronda, Grupo C",C,,Tibor Nyilasi,,a,amarilla
2499,1982,Alemania Occidental,Argelia,"1ra Ronda, Grupo B",B,57,Horst Hrubesch,,Alemania Occidental,amarilla
2500,1982,Alemania Occidental,Argelia,"1ra Ronda, Grupo B",B,83,Rabah Madjer,,Argelia,amarilla
2501,1982,España,Honduras,"1ra Ronda, Grupo E",E,,,,Minuto 46 (en el entretiempo),roja
2502,1982,España,Honduras,"1ra Ronda, Grupo E",E,,,,Minuto 46 (en el entretiempo),roja
2503,1982,España,Honduras,"1ra Ronda, Grupo E",E,,,,Minuto 69,roja
2504,1982,Inglaterra,Francia,"1ra Ronda, Grupo D",D,34,Terry Butcher,,Inglaterra,amarilla
2505,1982,Checoslovaquia,Kuwait,"1ra Ronda, Grupo D",D,,,,Minuto 61,roja
2506,1982,Checoslovaquia,Kuwait,"1ra Ronda, Grupo D",D,,,,Minuto 68,roja
2507,1982,Checoslovaquia,Kuwait,"1ra Ronda, Grupo D",D,,,,Minuto 57,roja
2508,1982,Yugoslavia,Irlanda del Norte,"1ra Ronda, Grupo E",E,,Norman Whiteside,,Irlanda del Norte,amarilla
2509,1982,Chile,Austria,"1ra Ronda, Grupo B",B,12,Josef Degeorgi,,Austria,amarilla
2510,1982,Chile,Austria,"1ra Ronda, Grupo B",B,29,Lizardo Garrido,,Chile,amarilla
2511,1982,Chile,Austria,"1ra Ronda, Grupo B",B,66,Roland Hattenberger,,Austria,amarilla
2512,1982,Argentina,Hungría,"1ra Ronda, Grupo C",C,,,,Minuto 24,roja
2513,1982,Argentina,Hungría,"1ra Ronda, Grupo C",C,,,,Minuto 51,roja
2514,1982,Argentina,Hungría,"1ra Ronda, Grupo C",C,,,,Minuto 46,roja
2515,1982,Argentina,Hungría,"1ra Ronda, Grupo C",C,,,,Minuto 61,roja
2516,1982,Italia,Perú,"1ra Ronda, Grupo A",A,52,Marco Tardelli,,Italia,amarilla
2517,1982,Italia,Perú,"1ra Ronda, Grupo A",A,76,Jaime Duarte,,Perú,amarilla
2518,1982,Brasil,Escocia,"1ra Ronda, Grupo F",F,,,,Minuto 80,roja
2519,1982,Brasil,Escocia,"1ra Ronda, Grupo F",F,,,,Minuto 65,roja
2520,1982,Brasil,Escocia,"1ra Ronda, Grupo F",F,,,,Minuto 68,roja
2521,1982,Polonia,Camerún,"1ra Ronda, Grupo A",A,34,Andrzej Palasz,,Polonia,amarilla
2522,1982,Polonia,Camerún,"1ra Ronda, Grupo A",A,40,Ibrahim Aoudou,,n,amarilla
2523,1982,Polonia,Camerún,"1ra Ronda, Grupo A",A,80,Roger Milla,,n,amarilla
2524,1982,Bélgica,El Salvador,"1ra Ronda, Grupo C",C,17,Francisco Osorto,,El Salvador,amarilla
2525,1982,Bélgica,El Salvador,"1ra Ronda, Grupo C",C,74,Ramon Fagoaga,,El Salvador,amarilla
2526,1982,URSS,Nueva Zelanda,"1ra Ronda, Grupo F",F,,,,Minuto 46 (en el entretiempo),roja
2527,1982,URSS,Nueva Zelanda,"1ra Ronda, Grupo F",F,,,,Minuto 79,roja
2528,1982,España,Yugoslavia,"1ra Ronda, Grupo E",E,35,Nenad Stojkovic,,Yugoslavia,amarilla
2529,1982,España,Yugoslavia,"1ra Ronda, Grupo E",E,78,Edhem Sljivo,,Yugoslavia,amarilla
2530,1982,España,Yugoslavia,"1ra Ronda, Grupo E",E,80,Jesus Zamora,,a,amarilla
2531,1982,España,Yugoslavia,"1ra Ronda, Grupo E",E,87,Rafael Gordillo,,a,amarilla
2532,1982,Inglaterra,Checoslovaquia,"1ra Ronda, Grupo D",D,40,Pavel Chaloupka,,Checoslovaquia,amarilla
2533,1982,Alemania Occidental,Chile,"1ra Ronda, Grupo B",B,11,Rodolfo Dubo,,Chile,amarilla
2534,1982,Alemania Occidental,Chile,"1ra Ronda, Grupo B",B,29,Miguel Gamboa,,Chile,amarilla
2535,1982,Honduras,Irlanda del Norte,"1ra Ronda, Grupo E",E,,,,Minuto 58,roja
2536,1982,Honduras,Irlanda del Norte,"1ra Ronda, Grupo E",E,,,,Minuto 66,roja
2537,1982,Honduras,Irlanda del Norte,"1ra Ronda, Grupo E",E,,,,Minuto 78,roja
2538,1982,Francia,Kuwait,"1ra Ronda, Grupo D",D,30,Abdulaziz Al Anbari,,Kuwait,amarilla
2539,1982,Francia,Kuwait,"1ra Ronda, Grupo D",D,68,Manuel Amoros,,Francia,amarilla
2540,1982,Francia,Kuwait,"1ra Ronda, Grupo D",D,85,Fathi Matar,,Kuwait,amarilla
2541,1982,Argelia,Austria,"1ra Ronda, Grupo B",B,67,Faouzi Mansouri,,Argelia,amarilla
2542,1982,URSS,Escocia,"1ra Ronda, Grupo F",F,5,Graeme Souness,,Escocia,amarilla
2543,1982,Bélgica,Hungría,"1ra Ronda, Grupo C",C,65,Jean-Marie Pfaff,,lgica,amarilla
2544,1982,Bélgica,Hungría,"1ra Ronda, Grupo C",C,79,Walter Meeuws,,lgica,amarilla
2545,1982,Polonia,Perú,"1ra Ronda, Grupo A",A,31,Jose Velasquez,,Perú,amarilla
2546,1982,Italia,Camerún,"1ra Ronda, Grupo A",A,36,Rene Ndjeya,,n,amarilla
2547,1982,Italia,Camerún,"1ra Ronda, Grupo A",A,36,Giancarlo Antognoni,,Italia,amarilla
2548,1982,Argentina,El Salvador,"1ra Ronda, Grupo C",C,20,Francisco Osorto,,El Salvador,amarilla
2549,1982,Argentina,El Salvador,"1ra Ronda, Grupo C",C,26,Luis Ramirez,,El Salvador,amarilla
2550,1982,Argentina,El Salvador,"1ra Ronda, Grupo C",C,31,Jorge Olguin,,Argentina,amarilla
2551,1982,Argentina,El Salvador,"1ra Ronda, Grupo C",C,44,Americo Gallego,,Argentina,amarilla
2552,1982,Argentina,El Salvador,"1ra Ronda, Grupo C",C,45,Carlos Recinos,,El Salvador,amarilla
2553,1982,Brasil,Nueva Zelanda,"1ra Ronda, Grupo F",F,,,,Minuto 75,roja
2554,1982,Brasil,Nueva Zelanda,"1ra Ronda, Grupo F",F,,,,Minuto 75,roja
2555,1982,Brasil,Nueva Zelanda,"1ra Ronda, Grupo F",F,,,,Minuto 78,roja
2556,1982,Brasil,Nueva Zelanda,"1ra Ronda, Grupo F",F,,,,Minuto 78,roja
2557,1982,Honduras,Yugoslavia,"1ra Ronda, Grupo E",E,81,Zlatko Krmpotic,,Yugoslavia,amarilla
2558,1982,Honduras,Yugoslavia,"1ra Ronda, Grupo E",E,85,Ramon Maradiaga,,Honduras,amarilla
2559,1982,Honduras,Yugoslavia,"1ra Ronda, Grupo E",E,89,Gilberto Yearwood,,Honduras,roja
2560,1982,Francia,Checoslovaquia,"1ra Ronda, Grupo D",D,47,Manuel Amoros,,Francia,amarilla
2561,1982,Francia,Checoslovaquia,"1ra Ronda, Grupo D",D,75,Antonin Panenka,,Checoslovaquia,amarilla
2562,1982,Francia,Checoslovaquia,"1ra Ronda, Grupo D",D,87,Ladislav Vizek,,Checoslovaquia,roja
2563,1982,Argelia,Chile,"1ra Ronda, Grupo B",B,,Juan Letelier,,Chile,amarilla
2564,1982,Irlanda del Norte,España,"1ra Ronda, Grupo E",E,20,Juanito,,a,amarilla
2565,1982,Irlanda del Norte,España,"1ra Ronda, Grupo E",E,41,Billy Hamilton,,Irlanda del Norte,amarilla
2566,1982,Irlanda del Norte,España,"1ra Ronda, Grupo E",E,42,Sam Mcilroy,,Irlanda del Norte,amarilla
2567,1982,Irlanda del Norte,España,"1ra Ronda, Grupo E",E,62,Mal Donaghy,,Irlanda del Norte,roja
2568,1982,Alemania Occidental,Austria,"1ra Ronda, Grupo B",B,32,Reinhold Hintermaier,,Austria,amarilla
2569,1982,Alemania Occidental,Austria,"1ra Ronda, Grupo B",B,32,Walter Schachner,,Austria,amarilla
2570,1982,Inglaterra,Kuwait,"1ra Ronda, Grupo D",D,43,Paul Mariner,,Inglaterra,amarilla
2571,1982,Inglaterra,Kuwait,"1ra Ronda, Grupo D",D,44,Naim Fajah,,Kuwait,amarilla
2572,1982,Austria,Francia,"2da Ronda, Grupo 4",4,60,Erich Obermayer,,Austria,amarilla
2573,1982,Polonia,Bélgica,"2da Ronda, Grupo 1",1,48,Wlodimierz Smolarek,,Polonia,amarilla
2574,1982,Alemania Occidental,Inglaterra,"2da Ronda, Grupo 2",2,68,Uli Stielike,,Alemania Occidental,amarilla
2575,1982,Italia,Argentina,"2da Ronda, Grupo 3",3,1,Claudio Gentile,,Italia,amarilla
2576,1982,Italia,Argentina,"2da Ronda, Grupo 3",3,15,Paolo Rossi,,Italia,amarilla
2577,1982,Italia,Argentina,"2da Ronda, Grupo 3",3,32,Mario Kempes,,Argentina,amarilla
2578,1982,Italia,Argentina,"2da Ronda, Grupo 3",3,35,Diego Maradona,,Argentina,amarilla
2579,1982,Italia,Argentina,"2da Ronda, Grupo 3",3,39,Osvaldo Ardiles,,Argentina,amarilla
2580,1982,Italia,Argentina,"2da Ronda, Grupo 3",3,84,Americo Gallego,,Argentina,roja
2581,1982,Bélgica,URSS,"2da Ronda, Grupo 1",1,,Vladimir Bessonov,,URSS,amarilla
2582,1982,Austria,Irlanda del Norte,"2da Ronda, Grupo 4",4,86,Andy Pichler,,Austria,amarilla
2583,1982,Argentina,Brasil,"2da Ronda, Grupo 3",3,33,Daniel Passarella,,Argentina,amarilla
2584,1982,Argentina,Brasil,"2da Ronda, Grupo 3",3,77,Waldir Peres,,Brasil,amarilla
2585,1982,Argentina,Brasil,"2da Ronda, Grupo 3",3,85,Falcao,,Brasil,amarilla
2586,1982,Argentina,Brasil,"2da Ronda, Grupo 3",3,85,Diego Maradona,,Argentina,roja
2587,1982,Alemania Occidental,España,"2da Ronda, Grupo 2",2,9,Jose Alexanko,,a,amarilla
2588,1982,Alemania Occidental,España,"2da Ronda, Grupo 2",2,83,Jose Antonio Camacho,,a,amarilla
2589,1982,Alemania Occidental,España,"2da Ronda, Grupo 2",2,84,Jose Sanchez,,a,amarilla
2590,1982,Alemania Occidental,España,"2da Ronda, Grupo 2",2,84,Hans-Peter Briegel,,Alemania Occidental,amarilla
2591,1982,Alemania Occidental,España,"2da Ronda, Grupo 2",2,,Klaus Fischer,,Alemania Occidental,amarilla
2592,1982,Francia,Irlanda del Norte,"2da Ronda, Grupo 4",4,57,Jean Tigana,,Francia,amarilla
2593,1982,Francia,Irlanda del Norte,"2da Ronda, Grupo 4",4,59,Billy Hamilton,,Irlanda del Norte,amarilla
2594,1982,Polonia,URSS,"2da Ronda, Grupo 1",1,65,Andrzej Buncol,,Polonia,amarilla
2595,1982,Polonia,URSS,"2da Ronda, Grupo 1",1,87,Sergei Borovski,,URSS,amarilla
2596,1982,Polonia,URSS,"2da Ronda, Grupo 1",1,88,Zbigniew Boniek,,Polonia,amarilla
2597,1982,Polonia,URSS,"2da Ronda, Grupo 1",1,90,Sergei Baltacha,,URSS,amarilla
2598,1982,Polonia,URSS,"2da Ronda, Grupo 1",1,,Aleksandr Chivadze,,URSS,amarilla
2599,1982,Italia,Brasil,"2da Ronda, Grupo 3",3,13,Claudio Gentile,,Italia,amarilla
2600,1982,Italia,Brasil,"2da Ronda, Grupo 3",3,78,Gabriele Oriali,,Italia,amarilla
2601,1982,España,Inglaterra,"2da Ronda, Grupo 2",2,15,Ray Wilkins,,Inglaterra,amarilla
2602,1982,Alemania Occidental,Francia,Semis,,35,Alain Giresse,,Francia,amarilla
2603,1982,Alemania Occidental,Francia,Semis,,40,Bernard Genghini,,Francia,amarilla
2604,1982,Alemania Occidental,Francia,Semis,,46,Bernd Foerster,,Alemania Occidental,amarilla
2605,1982,Polonia,Italia,Semis,,43,Stefan Majewski,,Polonia,amarilla
2606,1982,Polonia,Italia,Semis,,51,Wladyslaw Zmuda,,Polonia,amarilla
2607,1982,Polonia,Italia,Semis,,57,Wlodimierz Smolarek,,Polonia,amarilla
2608,1982,Polonia,Italia,Semis,,57,Fulvio Collovati,,Italia,amarilla
2609,1982,Polonia,Francia,3er Puesto,,62,Andrzej Buncol,,Polonia,amarilla
2610,1982,Polonia,Francia,3er Puesto,,71,Roman Wojcicki,,Polonia,amarilla
2611,1982,Polonia,Francia,3er Puesto,,79,Gerard Soler,,Francia,amarilla
2612,1982,Italia,Alemania Occidental,Final,,31,Bruno Conti,,Italia,amarilla
2613,1982,Italia,Alemania Occidental,Final,,61,Wolfgang Dremmler,,Alemania Occidental,amarilla
2614,1982,Italia,Alemania Occidental,Final,,73,Gabriele Oriali,,Italia,amarilla
2615,1982,Italia,Alemania Occidental,Final,,73,Uli Stielike,,Alemania Occidental,amarilla
2616,1982,Italia,Alemania Occidental,Final,,88,Pierre Littbarski,,Alemania Occidental,amarilla
2617,1978,Alemania Occidental,Polonia,"1ra Ronda, Grupo 2",2,,,,Minuto 79,roja
2618,1978,Alemania Occidental,Polonia,"1ra Ronda, Grupo 2",2,,,,Minuto 84,roja
2619,1978,Túnez,México,"1ra Ronda, Grupo 2",2,,,,Minuto 81,roja
2620,1978,Túnez,México,"1ra Ronda, Grupo 2",2,,,,Minuto 88,roja
2621,1978,Túnez,México,"1ra Ronda, Grupo 2",2,,,,Minuto 67,roja
2622,1978,Italia,Francia,"1ra Ronda, Grupo 1",1,35,Marco Tardelli,,Italia,amarilla
2623,1978,Italia,Francia,"1ra Ronda, Grupo 1",1,60,Michel Platini,,Francia,amarilla
2624,1978,Italia,Francia,"1ra Ronda, Grupo 1",1,,Henri Michel,,Francia,amarilla
2625,1978,Argentina,Hungría,"1ra Ronda, Grupo 1",1,21,Tibor Nyilasi,,a,amarilla
2626,1978,Argentina,Hungría,"1ra Ronda, Grupo 1",1,48,Andras Torocsik,,a,amarilla
2627,1978,Argentina,Hungría,"1ra Ronda, Grupo 1",1,77,Daniel Passarella,,Argentina,amarilla
2628,1978,Argentina,Hungría,"1ra Ronda, Grupo 1",1,88,Andras Torocsik,,a,roja
2629,1978,Argentina,Hungría,"1ra Ronda, Grupo 1",1,89,Tibor Nyilasi,,a,roja
2630,1978,Paises Bajos,Irán,"1ra Ronda, Grupo 4",4,,Andranik Eskandarian,,n,amarilla
2631,1978,Austria,España,"1ra Ronda, Grupo 3",3,,,,Minuto 67,roja
2632,1978,Austria,España,"1ra Ronda, Grupo 3",3,,,,Minuto 80,roja
2633,1978,Austria,España,"1ra Ronda, Grupo 3",3,,,,Minuto 46 (en el entretiempo),roja
2634,1978,Austria,España,"1ra Ronda, Grupo 3",3,,,,Minuto 60,roja
2635,1978,Perú,Escocia,"1ra Ronda, Grupo 4",4,19,Jose Velasquez,,Perú,amarilla
2636,1978,Suecia,Brasil,"1ra Ronda, Grupo 3",3,,Oscar,,Brasil,amarilla
2637,1978,Alemania Occidental,México,"1ra Ronda, Grupo 2",2,,Rainer Bonhof,,Alemania Occidental,amarilla
2638,1978,Alemania Occidental,México,"1ra Ronda, Grupo 2",2,,Arturo Vasquez,,xico,amarilla
2639,1978,Argentina,Francia,"1ra Ronda, Grupo 1",1,88,Didier Six,,Francia,amarilla
2640,1978,Polonia,Túnez,"1ra Ronda, Grupo 2",2,,,,Minuto 60,roja
2641,1978,Polonia,Túnez,"1ra Ronda, Grupo 2",2,,,,Minuto 76,roja
2642,1978,Italia,Hungría,"1ra Ronda, Grupo 1",1,26,Sandor Zombori,,a,amarilla
2643,1978,Italia,Hungría,"1ra Ronda, Grupo 1",1,64,Gyozo Martos,,a,amarilla
2644,1978,Paises Bajos,Perú,"1ra Ronda, Grupo 4",4,25,Rene Van De Kerkhof,,Paises Bajos,amarilla
2645,1978,Paises Bajos,Perú,"1ra Ronda, Grupo 4",4,,Juan Munante,,Perú,amarilla
2646,1978,Brasil,España,"1ra Ronda, Grupo 3",3,,Eugenio Leal,,a,amarilla
2647,1978,Escocia,Irán,"1ra Ronda, Grupo 4",4,,Andranik Eskandarian,,n,amarilla
2648,1978,Austria,Suecia,"1ra Ronda, Grupo 3",3,,,,Minuto 71,roja
2649,1978,Austria,Suecia,"1ra Ronda, Grupo 3",3,,,,Minuto 36,roja
2650,1978,Austria,Suecia,"1ra Ronda, Grupo 3",3,,,,Minuto 60,roja
2651,1978,Italia,Argentina,"1ra Ronda, Grupo 1",1,60,Romeo Benetti,,Italia,amarilla
2652,1978,Alemania Occidental,Túnez,"1ra Ronda, Grupo 2",2,,Tarek Dhiab,,nez,amarilla
2653,1978,Alemania Occidental,Túnez,"1ra Ronda, Grupo 2",2,,Hansi Mueller,,Alemania Occidental,amarilla
2654,1978,Francia,Hungría,"1ra Ronda, Grupo 1",1,,,,Minuto 46 (en el entretiempo),roja
2655,1978,Francia,Hungría,"1ra Ronda, Grupo 1",1,,,,Minuto 75,roja
2656,1978,Francia,Hungría,"1ra Ronda, Grupo 1",1,,,,Minuto 73,roja
2657,1978,Polonia,México,"1ra Ronda, Grupo 2",2,,,,Minuto 76,roja
2658,1978,Polonia,México,"1ra Ronda, Grupo 2",2,,,,Minuto 84,roja
2659,1978,Polonia,México,"1ra Ronda, Grupo 2",2,,,,Minuto 46 (en el entretiempo),roja
2660,1978,Perú,Irán,"1ra Ronda, Grupo 4",4,60,Hassan Nazari,,n,amarilla
2661,1978,España,Suecia,"1ra Ronda, Grupo 3",3,37,Hasse Borg,,Suecia,amarilla
2662,1978,Escocia,Paises Bajos,"1ra Ronda, Grupo 4",4,,Archie Gemmill,,Escocia,amarilla
2663,1978,Brasil,Austria,"1ra Ronda, Grupo 3",3,,,,Minuto 71,roja
2664,1978,Brasil,Austria,"1ra Ronda, Grupo 3",3,,,,Minuto 84,roja
2665,1978,Brasil,Austria,"1ra Ronda, Grupo 3",3,,,,Minuto 61,roja
2666,1978,Brasil,Austria,"1ra Ronda, Grupo 3",3,,,,Minuto 84,roja
2667,1978,Paises Bajos,Austria,"2da Ronda, Grupo A",A,,,,Minuto 60,roja
2668,1978,Paises Bajos,Austria,"2da Ronda, Grupo A",A,,,,Minuto 66,roja
2669,1978,Alemania Occidental,Italia,"2da Ronda, Grupo A",A,,,,Minuto 53,roja
2670,1978,Alemania Occidental,Italia,"2da Ronda, Grupo A",A,,,,Minuto 68,roja
2671,1978,Alemania Occidental,Italia,"2da Ronda, Grupo A",A,,,,Minuto 46 (en el entretiempo),roja
2672,1978,Brasil,Perú,"2da Ronda, Grupo B",B,75,Jose Velasquez,,Perú,amarilla
2673,1978,Brasil,Perú,"2da Ronda, Grupo B",B,80,Roberto Dinamite,,Brasil,amarilla
2674,1978,Argentina,Polonia,"2da Ronda, Grupo B",B,75,Henryk Maculewicz,,Polonia,amarilla
2675,1978,Argentina,Polonia,"2da Ronda, Grupo B",B,80,Americo Gallego,,Argentina,amarilla
2676,1978,Argentina,Brasil,"2da Ronda, Grupo B",B,45,Chicao,,Brasil,amarilla
2677,1978,Argentina,Brasil,"2da Ronda, Grupo B",B,48,Ricardo Villa,,Argentina,amarilla
2678,1978,Argentina,Brasil,"2da Ronda, Grupo B",B,67,Edinho,,Brasil,amarilla
2679,1978,Argentina,Brasil,"2da Ronda, Grupo B",B,74,Zico,,Brasil,amarilla
2680,1978,Polonia,Perú,"2da Ronda, Grupo B",B,89,Ramon Quiroga,,Perú,amarilla
2681,1978,Polonia,Perú,"2da Ronda, Grupo B",B,,Rodolfo Manzo,,Perú,amarilla
2682,1978,Polonia,Perú,"2da Ronda, Grupo B",B,,Zbigniew Boniek,,Polonia,amarilla
2683,1978,Polonia,Perú,"2da Ronda, Grupo B",B,,Jerzy Gorgon,,Polonia,amarilla
2684,1978,Alemania Occidental,Paises Bajos,"2da Ronda, Grupo A",A,6,Willy Van De Kerkhof,,Paises Bajos,amarilla
2685,1978,Alemania Occidental,Paises Bajos,"2da Ronda, Grupo A",A,88,Dick Nanninga,,Paises Bajos,roja
2686,1978,Alemania Occidental,Paises Bajos,"2da Ronda, Grupo A",A,88,Dick Nanninga,,Paises Bajos,amarilla
2687,1978,Alemania Occidental,Paises Bajos,"2da Ronda, Grupo A",A,,Sepp Maier,,Alemania Occidental,amarilla
2688,1978,Italia,Austria,"2da Ronda, Grupo A",A,,,,Minuto 46 (en el entretiempo),roja
2689,1978,Italia,Austria,"2da Ronda, Grupo A",A,,,,Minuto 72,roja
2690,1978,Italia,Austria,"2da Ronda, Grupo A",A,,,,Minuto 63,roja
2691,1978,Argentina,Perú,"2da Ronda, Grupo B",B,36,Alfredo Quesada,,Perú,amarilla
2692,1978,Argentina,Perú,"2da Ronda, Grupo B",B,48,Jose Velasquez,,Perú,amarilla
2693,1978,Paises Bajos,Italia,"2da Ronda, Grupo A",A,35,Johnny Rep,,Paises Bajos,amarilla
2694,1978,Paises Bajos,Italia,"2da Ronda, Grupo A",A,40,Romeo Benetti,,Italia,amarilla
2695,1978,Paises Bajos,Italia,"2da Ronda, Grupo A",A,50,Arie Haan,,Paises Bajos,amarilla
2696,1978,Paises Bajos,Italia,"2da Ronda, Grupo A",A,65,Antonio Cabrini,,Italia,amarilla
2697,1978,Paises Bajos,Italia,"2da Ronda, Grupo A",A,70,Marco Tardelli,,Italia,amarilla
2698,1978,Brasil,Polonia,"2da Ronda, Grupo B",B,50,Jorge Mendonca,,Brasil,amarilla
2699,1978,Brasil,Polonia,"2da Ronda, Grupo B",B,53,Toninho Cerezo,,Brasil,amarilla
2700,1978,Austria,Alemania Occidental,"2da Ronda, Grupo A",A,,Ruediger Abramczik,,Alemania Occidental,amarilla
2701,1978,Austria,Alemania Occidental,"2da Ronda, Grupo A",A,,Herbert Prohaska,,Austria,amarilla
2702,1978,Austria,Alemania Occidental,"2da Ronda, Grupo A",A,,Robert Sara,,Austria,amarilla
2703,1978,Brasil,Italia,3er Puesto,,35,Nelinho,,Brasil,amarilla
2704,1978,Brasil,Italia,3er Puesto,,44,Batista,,Brasil,amarilla
2705,1978,Brasil,Italia,3er Puesto,,72,Claudio Gentile,,Italia,amarilla
2706,1978,Argentina,Paises Bajos,Final,,15,Ruud Krol,,Paises Bajos,amarilla
2707,1978,Argentina,Paises Bajos,Final,,40,Osvaldo Ardiles,,Argentina,amarilla
2708,1978,Argentina,Paises Bajos,Final,,93,Omar Larrosa,,Argentina,amarilla
2709,1978,Argentina,Paises Bajos,Final,,94,Wim Suurbier,,Paises Bajos,amarilla
2710,1978,Argentina,Paises Bajos,Final,,96,Johan Neeskens,,Paises Bajos,amarilla
2711,1974,Brasil,Yugoslavia,"1ra Ronda, Grupo 2",2,17,Branko Oblak,,Yugoslavia,amarilla
2712,1974,Brasil,Yugoslavia,"1ra Ronda, Grupo 2",2,49,Jovan Acimovic,,Yugoslavia,amarilla
2713,1974,Alemania Occidental,Chile,"1ra Ronda, Grupo 1",1,12,Rolando Garcia,,Chile,amarilla
2714,1974,Alemania Occidental,Chile,"1ra Ronda, Grupo 1",1,48,Carlos Caszely,,Chile,amarilla
2715,1974,Alemania Occidental,Chile,"1ra Ronda, Grupo 1",1,59,Carlos Reinoso,,Chile,amarilla
2716,1974,Alemania Occidental,Chile,"1ra Ronda, Grupo 1",1,67,Carlos Caszely,,Chile,roja
2717,1974,Alemania Oriental,Australia,"1ra Ronda, Grupo 1",1,,Eberhard Vogel,,Alemania Oriental,amarilla
2718,1974,Alemania Oriental,Australia,"1ra Ronda, Grupo 1",1,,Siegmar Waetzlich,,Alemania Oriental,amarilla
2719,1974,Alemania Oriental,Australia,"1ra Ronda, Grupo 1",1,,Gerd Kische,,Alemania Oriental,amarilla
2720,1974,Zaire,Escocia,"1ra Ronda, Grupo 2",2,40,Kidumu Mantantu,,Zaire,amarilla
2721,1974,Zaire,Escocia,"1ra Ronda, Grupo 2",2,99,James Holton,,Escocia,amarilla
2722,1974,Suecia,Bulgaria,"1ra Ronda, Grupo 3",3,,,,Minuto 73,roja
2723,1974,Suecia,Bulgaria,"1ra Ronda, Grupo 3",3,,,,Minuto 73,roja
2724,1974,Suecia,Bulgaria,"1ra Ronda, Grupo 3",3,,,,Minuto 75,roja
2725,1974,Polonia,Argentina,"1ra Ronda, Grupo 4",4,,Roberto Perfumo,,Argentina,amarilla
2726,1974,Polonia,Argentina,"1ra Ronda, Grupo 4",4,,Carlos Babington,,Argentina,amarilla
2727,1974,Italia,Haití,"1ra Ronda, Grupo 4",4,,Pierre Bayonne,,Haití,amarilla
2728,1974,Uruguay,Paises Bajos,"1ra Ronda, Grupo 3",3,25,Walter Mantegazza,,Uruguay,amarilla
2729,1974,Uruguay,Paises Bajos,"1ra Ronda, Grupo 3",3,50,Pablo Forlan,,Uruguay,amarilla
2730,1974,Uruguay,Paises Bajos,"1ra Ronda, Grupo 3",3,65,Juan Masnik,,Uruguay,amarilla
2731,1974,Uruguay,Paises Bajos,"1ra Ronda, Grupo 3",3,69,Julio Montero Castillo,,Uruguay,roja
2732,1974,Escocia,Brasil,"1ra Ronda, Grupo 2",2,35,Rivelino,,Brasil,amarilla
2733,1974,Escocia,Brasil,"1ra Ronda, Grupo 2",2,,Marinho Peres,,Brasil,amarilla
2734,1974,Escocia,Brasil,"1ra Ronda, Grupo 2",2,,Marinho Chagas,,Brasil,amarilla
2735,1974,Australia,Alemania Occidental,"1ra Ronda, Grupo 1",1,56,Jimmy Mackay,,Australia,amarilla
2736,1974,Yugoslavia,Zaire,"1ra Ronda, Grupo 2",2,23,Ndaye Mulamba,,Zaire,roja
2737,1974,Yugoslavia,Zaire,"1ra Ronda, Grupo 2",2,,Enver Hadziabdic,,Yugoslavia,amarilla
2738,1974,Chile,Alemania Oriental,"1ra Ronda, Grupo 1",1,56,Leonardo Veliz,,Chile,amarilla
2739,1974,Chile,Alemania Oriental,"1ra Ronda, Grupo 1",1,60,Guillermo Paez,,Chile,amarilla
2740,1974,Chile,Alemania Oriental,"1ra Ronda, Grupo 1",1,65,Gerd Kische,,Alemania Oriental,amarilla
2741,1974,Paises Bajos,Suecia,"1ra Ronda, Grupo 3",3,16,Johnny Rep,,Paises Bajos,amarilla
2742,1974,Paises Bajos,Suecia,"1ra Ronda, Grupo 3",3,36,Bjorn Nordqvist,,Suecia,amarilla
2743,1974,Paises Bajos,Suecia,"1ra Ronda, Grupo 3",3,68,Orjan Persson,,Suecia,amarilla
2744,1974,Paises Bajos,Suecia,"1ra Ronda, Grupo 3",3,74,Bjorn Andersson,,Suecia,amarilla
2745,1974,Paises Bajos,Suecia,"1ra Ronda, Grupo 3",3,86,Ove Grahn,,Suecia,amarilla
2746,1974,Argentina,Italia,"1ra Ronda, Grupo 4",4,48,Romeo Benetti,,Italia,amarilla
2747,1974,Argentina,Italia,"1ra Ronda, Grupo 4",4,54,Carlos Babington,,Argentina,amarilla
2748,1974,Haití,Polonia,"1ra Ronda, Grupo 4",4,,Pierre Bayonne,,Haití,amarilla
2749,1974,Bulgaria,Uruguay,"1ra Ronda, Grupo 3",3,9,Tsonyo Vasilev,,Bulgaria,amarilla
2750,1974,Bulgaria,Uruguay,"1ra Ronda, Grupo 3",3,44,Victor Esparrago,,Uruguay,amarilla
2751,1974,Zaire,Brasil,"1ra Ronda, Grupo 2",2,77,Mirandinha,,Brasil,amarilla
2752,1974,Zaire,Brasil,"1ra Ronda, Grupo 2",2,78,Muepu Ilunga,,Zaire,amarilla
2753,1974,Alemania Oriental,Alemania Occidental,"1ra Ronda, Grupo 1",1,27,Juergen Sparwasser,,Alemania Oriental,amarilla
2754,1974,Alemania Oriental,Alemania Occidental,"1ra Ronda, Grupo 1",1,81,Juergen Croy,,Alemania Oriental,amarilla
2755,1974,Alemania Oriental,Alemania Occidental,"1ra Ronda, Grupo 1",1,84,Hans-Juergen Kreische,,Alemania Oriental,amarilla
2756,1974,Australia,Chile,"1ra Ronda, Grupo 1",1,37,Ray Richards,,Australia,amarilla
2757,1974,Australia,Chile,"1ra Ronda, Grupo 1",1,83,Ray Richards,,Australia,amarilla
2758,1974,Escocia,Yugoslavia,"1ra Ronda, Grupo 2",2,24,Branko Oblak,,Yugoslavia,amarilla
2759,1974,Escocia,Yugoslavia,"1ra Ronda, Grupo 2",2,55,Josip Katalinski,,Yugoslavia,amarilla
2760,1974,Escocia,Yugoslavia,"1ra Ronda, Grupo 2",2,60,Joe Jordan,,Escocia,amarilla
2761,1974,Escocia,Yugoslavia,"1ra Ronda, Grupo 2",2,70,Davie Hay,,Escocia,amarilla
2762,1974,Escocia,Yugoslavia,"1ra Ronda, Grupo 2",2,70,Dusan Bajevic,,Yugoslavia,amarilla
2763,1974,Polonia,Italia,"1ra Ronda, Grupo 4",4,25,Henryk Kasperczak,,Polonia,amarilla
2764,1974,Polonia,Italia,"1ra Ronda, Grupo 4",4,71,Roberto Boninsegna,,Italia,amarilla
2765,1974,Polonia,Italia,"1ra Ronda, Grupo 4",4,84,Adam Musial,,Polonia,amarilla
2766,1974,Argentina,Haití,"1ra Ronda, Grupo 4",4,26,Carlos Babington,,Argentina,amarilla
2767,1974,Argentina,Haití,"1ra Ronda, Grupo 4",4,60,Fritz Leandre,,Haití,amarilla
2768,1974,Argentina,Haití,"1ra Ronda, Grupo 4",4,60,Ramon Heredia,,Argentina,amarilla
2769,1974,Bulgaria,Paises Bajos,"1ra Ronda, Grupo 3",3,5,Wim Jansen,,Paises Bajos,amarilla
2770,1974,Bulgaria,Paises Bajos,"1ra Ronda, Grupo 3",3,22,Wim Van Hanegem,,Paises Bajos,amarilla
2771,1974,Bulgaria,Paises Bajos,"1ra Ronda, Grupo 3",3,29,Johan Cruyff,,Paises Bajos,amarilla
2772,1974,Bulgaria,Paises Bajos,"1ra Ronda, Grupo 3",3,67,Georgi Denev,,Bulgaria,amarilla
2773,1974,Suecia,Uruguay,"1ra Ronda, Grupo 3",3,,Baudilio Jauregui,,Uruguay,amarilla
2774,1974,Suecia,Polonia,"2da Ronda, Grupo B",B,44,Andrzej Szarmach,,Polonia,amarilla
2775,1974,Suecia,Polonia,"2da Ronda, Grupo B",B,,Jerzy Gorgon,,Polonia,amarilla
2776,1974,Yugoslavia,Alemania Occidental,"2da Ronda, Grupo B",B,16,Wolfgang Overath,,Alemania Occidental,amarilla
2777,1974,Yugoslavia,Alemania Occidental,"2da Ronda, Grupo B",B,35,Berti Vogts,,Alemania Occidental,amarilla
2778,1974,Yugoslavia,Alemania Occidental,"2da Ronda, Grupo B",B,36,Ivan Buljan,,Yugoslavia,amarilla
2779,1974,Yugoslavia,Alemania Occidental,"2da Ronda, Grupo B",B,61,Enver Hadziabdic,,Yugoslavia,amarilla
2780,1974,Paises Bajos,Argentina,"2da Ronda, Grupo A",A,22,Johan Neeskens,,Paises Bajos,amarilla
2781,1974,Paises Bajos,Argentina,"2da Ronda, Grupo A",A,35,Roberto Perfumo,,Argentina,amarilla
2782,1974,Paises Bajos,Argentina,"2da Ronda, Grupo A",A,58,Wim Suurbier,,Paises Bajos,amarilla
2783,1974,Brasil,Alemania Oriental,"2da Ronda, Grupo A",A,11,Erich Hamann,,Alemania Oriental,amarilla
2784,1974,Brasil,Alemania Oriental,"2da Ronda, Grupo A",A,27,Jairzinho,,Brasil,amarilla
2785,1974,Brasil,Alemania Oriental,"2da Ronda, Grupo A",A,28,Carpegiani,,Brasil,amarilla
2786,1974,Brasil,Alemania Oriental,"2da Ronda, Grupo A",A,75,Dirceu,,Brasil,amarilla
2787,1974,Brasil,Alemania Oriental,"2da Ronda, Grupo A",A,84,Joachim Streich,,Alemania Oriental,amarilla
2788,1974,Alemania Oriental,Paises Bajos,"2da Ronda, Grupo A",A,,,,Minuto 54,roja
2789,1974,Alemania Oriental,Paises Bajos,"2da Ronda, Grupo A",A,,,,Minuto 64,roja
2790,1974,Argentina,Brasil,"2da Ronda, Grupo A",A,72,Rene Houseman,,Argentina,amarilla
2791,1974,Polonia,Yugoslavia,"2da Ronda, Grupo B",B,,,,Minuto 57,roja
2792,1974,Polonia,Yugoslavia,"2da Ronda, Grupo B",B,,,,Minuto 80,roja
2793,1974,Polonia,Yugoslavia,"2da Ronda, Grupo B",B,,,,Minuto 16,roja
2794,1974,Polonia,Yugoslavia,"2da Ronda, Grupo B",B,,,,Minuto 81,roja
2795,1974,Alemania Occidental,Suecia,"2da Ronda, Grupo B",B,45,Ove Grahn,,Suecia,amarilla
2796,1974,Suecia,Yugoslavia,"2da Ronda, Grupo B",B,,Josip Katalinski,,Yugoslavia,amarilla
2797,1974,Suecia,Yugoslavia,"2da Ronda, Grupo B",B,,Stanislav Karasi,,Yugoslavia,amarilla
2798,1974,Argentina,Alemania Oriental,"2da Ronda, Grupo A",A,23,Juergen Sparwasser,,Alemania Oriental,amarilla
2799,1974,Argentina,Alemania Oriental,"2da Ronda, Grupo A",A,68,Angel Bargas,,Argentina,amarilla
2800,1974,Polonia,Alemania Occidental,"2da Ronda, Grupo B",B,,,,Minuto 80,roja
2801,1974,Polonia,Alemania Occidental,"2da Ronda, Grupo B",B,,,,Minuto 80,roja
2802,1974,Paises Bajos,Brasil,"2da Ronda, Grupo A",A,29,Luis Pereira,,Brasil,amarilla
2803,1974,Paises Bajos,Brasil,"2da Ronda, Grupo A",A,37,Ze Maria,,Brasil,amarilla
2804,1974,Paises Bajos,Brasil,"2da Ronda, Grupo A",A,44,Marinho Peres,,Brasil,amarilla
2805,1974,Paises Bajos,Brasil,"2da Ronda, Grupo A",A,69,Johnny Rep,,Paises Bajos,amarilla
2806,1974,Paises Bajos,Brasil,"2da Ronda, Grupo A",A,84,Luis Pereira,,Brasil,roja
2807,1974,Paises Bajos,Brasil,"2da Ronda, Grupo A",A,,Wim Suurbier,,Paises Bajos,amarilla
2808,1974,Brasil,Polonia,3er Puesto,,71,Henryk Kasperczak,,Polonia,amarilla
2809,1974,Brasil,Polonia,3er Puesto,,76,Jairzinho,,Brasil,amarilla
2810,1974,Paises Bajos,Alemania Occidental,Final,,3,Berti Vogts,,Alemania Occidental,amarilla
2811,1974,Paises Bajos,Alemania Occidental,Final,,22,Wim Van Hanegem,,Paises Bajos,amarilla
2812,1974,Paises Bajos,Alemania Occidental,Final,,39,Johan Neeskens,,Paises Bajos,amarilla
2813,1974,Paises Bajos,Alemania Occidental,Final,,45,Johan Cruyff,,Paises Bajos,amarilla
2814,1970,México,URSS,"1ra Ronda, Grupo 1",1,30,Kakhi Asatiani,,URSS,amarilla
2815,1970,México,URSS,"1ra Ronda, Grupo 1",1,34,Evgeni Lovchev,,URSS,amarilla
2816,1970,México,URSS,"1ra Ronda, Grupo 1",1,,Givili Nodiya,,URSS,amarilla
2817,1970,México,URSS,"1ra Ronda, Grupo 1",1,,Gennadi Logofet,,URSS,amarilla
2818,1970,México,URSS,"1ra Ronda, Grupo 1",1,,Gustavo Pena,,xico,amarilla
2819,1970,Inglaterra,Rumania,"1ra Ronda, Grupo 3",3,,,,Minuto 51,roja
2820,1970,Inglaterra,Rumania,"1ra Ronda, Grupo 3",3,,,,Minuto 75,roja
2821,1970,Inglaterra,Rumania,"1ra Ronda, Grupo 3",3,,,,Minuto 73,roja
2822,1970,Uruguay,Israel,"1ra Ronda, Grupo 2",2,,,,Minuto 12,roja
2823,1970,Uruguay,Israel,"1ra Ronda, Grupo 2",2,,,,Minuto 46 (en el entretiempo),roja
2824,1970,Uruguay,Israel,"1ra Ronda, Grupo 2",2,,,,Minuto 57,roja
2825,1970,Perú,Bulgaria,"1ra Ronda, Grupo 4",4,,,,Minuto 29,roja
2826,1970,Perú,Bulgaria,"1ra Ronda, Grupo 4",4,,,,Minuto 51,roja
2827,1970,Perú,Bulgaria,"1ra Ronda, Grupo 4",4,,,,Minuto 59,roja
2828,1970,Perú,Bulgaria,"1ra Ronda, Grupo 4",4,,,,Minuto 73,roja
2829,1970,Italia,Suecia,"1ra Ronda, Grupo 2",2,,Claes Cronqvist,,Suecia,amarilla
2830,1970,Alemania Occidental,Marruecos,"1ra Ronda, Grupo 4",4,,,,Minuto 46 (en el entretiempo),roja
2831,1970,Alemania Occidental,Marruecos,"1ra Ronda, Grupo 4",4,,,,Minuto 77,roja
2832,1970,Alemania Occidental,Marruecos,"1ra Ronda, Grupo 4",4,,,,Minuto 56,roja
2833,1970,Alemania Occidental,Marruecos,"1ra Ronda, Grupo 4",4,,,,Minuto 72,roja
2834,1970,Bélgica,El Salvador,"1ra Ronda, Grupo 1",1,,,,Minuto 79,roja
2835,1970,Bélgica,El Salvador,"1ra Ronda, Grupo 1",1,,,,Minuto 67,roja
2836,1970,Bélgica,El Salvador,"1ra Ronda, Grupo 1",1,,,,Minuto 80,roja
2837,1970,Brasil,Checoslovaquia,"1ra Ronda, Grupo 3",3,1,Alexander Horvath,,Checoslovaquia,amarilla
2838,1970,Brasil,Checoslovaquia,"1ra Ronda, Grupo 3",3,1,Tostao,,Brasil,amarilla
2839,1970,Brasil,Checoslovaquia,"1ra Ronda, Grupo 3",3,31,Gerson,,Brasil,amarilla
2840,1970,Perú,Marruecos,"1ra Ronda, Grupo 4",4,,,,Minuto 56,roja
2841,1970,Perú,Marruecos,"1ra Ronda, Grupo 4",4,,,,Minuto 76,roja
2842,1970,Perú,Marruecos,"1ra Ronda, Grupo 4",4,,,,Minuto 66,roja
2843,1970,Perú,Marruecos,"1ra Ronda, Grupo 4",4,,,,Minuto 81,roja
2844,1970,Rumania,Checoslovaquia,"1ra Ronda, Grupo 3",3,,Radu Nunweiller,,Rumania,amarilla
2845,1970,Rumania,Checoslovaquia,"1ra Ronda, Grupo 3",3,,Andrej Kvasnak,,Checoslovaquia,amarilla
2846,1970,URSS,Bélgica,"1ra Ronda, Grupo 1",1,,,,Minuto 34,roja
2847,1970,URSS,Bélgica,"1ra Ronda, Grupo 1",1,,,,Minuto 73,roja
2848,1970,Uruguay,Italia,"1ra Ronda, Grupo 2",2,,Julio Cortes,,Uruguay,amarilla
2849,1970,Suecia,Israel,"1ra Ronda, Grupo 2",2,38,Shraga Bar,,Israel,amarilla
2850,1970,Suecia,Israel,"1ra Ronda, Grupo 2",2,72,Orjan Persson,,Suecia,amarilla
2851,1970,Suecia,Israel,"1ra Ronda, Grupo 2",2,89,David Primo,,Israel,amarilla
2852,1970,México,El Salvador,"1ra Ronda, Grupo 1",1,,Salvador Mariona,,El Salvador,amarilla
2853,1970,México,El Salvador,"1ra Ronda, Grupo 1",1,,Sergio Mendez,,El Salvador,amarilla
2854,1970,México,El Salvador,"1ra Ronda, Grupo 1",1,,Raul Magana,,El Salvador,amarilla
2855,1970,México,El Salvador,"1ra Ronda, Grupo 1",1,,Salvador Flamenco Cabezas,,El Salvador,amarilla
2856,1970,Alemania Occidental,Bulgaria,"1ra Ronda, Grupo 4",4,,,,Minuto 58,roja
2857,1970,Alemania Occidental,Bulgaria,"1ra Ronda, Grupo 4",4,,,,Minuto 72,roja
2858,1970,Alemania Occidental,Bulgaria,"1ra Ronda, Grupo 4",4,,,,Minuto 46 (en el entretiempo),roja
2859,1970,Alemania Occidental,Bulgaria,"1ra Ronda, Grupo 4",4,,,,Minuto 58,roja
2860,1970,Brasil,Inglaterra,"1ra Ronda, Grupo 3",3,30,Francis Lee,,Inglaterra,amarilla
2861,1970,URSS,El Salvador,"1ra Ronda, Grupo 1",1,,Vitali Khmelnitski,,URSS,amarilla
2862,1970,Suecia,Uruguay,"1ra Ronda, Grupo 2",2,,,,Minuto 58,roja
2863,1970,Suecia,Uruguay,"1ra Ronda, Grupo 2",2,,,,Minuto 84,roja
2864,1970,Suecia,Uruguay,"1ra Ronda, Grupo 2",2,,,,Minuto 61,roja
2865,1970,Alemania Occidental,Perú,"1ra Ronda, Grupo 4",4,,,,Minuto 46 (en el entretiempo),roja
2866,1970,Alemania Occidental,Perú,"1ra Ronda, Grupo 4",4,,,,Minuto 75,roja
2867,1970,Alemania Occidental,Perú,"1ra Ronda, Grupo 4",4,,,,Minuto 56,roja
2868,1970,Alemania Occidental,Perú,"1ra Ronda, Grupo 4",4,,,,Minuto 72,roja
2869,1970,Brasil,Rumania,"1ra Ronda, Grupo 3",3,44,Ion Dumitru,,Rumania,amarilla
2870,1970,Brasil,Rumania,"1ra Ronda, Grupo 3",3,78,Mihai Mocanu,,Rumania,amarilla
2871,1970,Bulgaria,Marruecos,"1ra Ronda, Grupo 4",4,,,,Minuto 42,roja
2872,1970,Bulgaria,Marruecos,"1ra Ronda, Grupo 4",4,,,,Minuto 50,roja
2873,1970,Bulgaria,Marruecos,"1ra Ronda, Grupo 4",4,,,,Minuto 46 (en el entretiempo),roja
2874,1970,Bulgaria,Marruecos,"1ra Ronda, Grupo 4",4,,,,Minuto 74,roja
2875,1970,Inglaterra,Checoslovaquia,"1ra Ronda, Grupo 3",3,,Karol Dobias,,Checoslovaquia,amarilla
2876,1970,México,Bélgica,"1ra Ronda, Grupo 1",1,,Javier Valdivia,,xico,amarilla
2877,1970,México,Bélgica,"1ra Ronda, Grupo 1",1,,Paul Van Himst,,lgica,amarilla
2878,1970,México,Bélgica,"1ra Ronda, Grupo 1",1,,Gustavo Pena,,xico,amarilla
2879,1970,México,Bélgica,"1ra Ronda, Grupo 1",1,,Jean Thissen,,lgica,amarilla
2880,1970,Italia,Israel,"1ra Ronda, Grupo 2",2,62,David Primo,,Israel,amarilla
2881,1970,Italia,Israel,"1ra Ronda, Grupo 2",2,67,Menachem Bello,,Israel,amarilla
2882,1970,Italia,Israel,"1ra Ronda, Grupo 2",2,90,Roberto Boninsegna,,Italia,amarilla
2883,1970,Alemania Occidental,Inglaterra,Cuartos,,,Gerd Mueller,,Alemania Occidental,amarilla
2884,1970,Alemania Occidental,Inglaterra,Cuartos,,,Francis Lee,,Inglaterra,amarilla
2885,1970,Italia,México,Cuartos,,,Gianni Rivera,,Italia,amarilla
2886,1970,Uruguay,URSS,Cuartos,,,Anatoly Bishovets,,URSS,amarilla
2887,1970,Brasil,Perú,Cuartos,,,,,Minuto 67,roja
2888,1970,Brasil,Perú,Cuartos,,,,,Minuto 80,roja
2889,1970,Brasil,Perú,Cuartos,,,,,Minuto 54,roja
2890,1970,Brasil,Perú,Cuartos,,,,,Minuto 61,roja
2891,1970,Uruguay,Brasil,Semis,,5,Juan Mujica,,Uruguay,amarilla
2892,1970,Uruguay,Brasil,Semis,,18,Dagoberto Fontes,,Uruguay,amarilla
2893,1970,Uruguay,Brasil,Semis,,37,Ildo Maneiro,,Uruguay,amarilla
2894,1970,Uruguay,Brasil,Semis,,,Carlos Alberto,,Brasil,amarilla
2895,1970,Italia,Alemania Occidental,Semis,,,Wolfgang Overath,,Alemania Occidental,amarilla
2896,1970,Italia,Alemania Occidental,Semis,,,Angelo Domenghini,,Italia,amarilla
2897,1970,Italia,Alemania Occidental,Semis,,,Gerd Mueller,,Alemania Occidental,amarilla
2898,1970,Italia,Alemania Occidental,Semis,,,Roberto Rosato,,Italia,amarilla
2899,1970,Italia,Alemania Occidental,Semis,,,Giancarlo De Sisti,,Italia,amarilla
2900,1970,Uruguay,Alemania Occidental,3er Puesto,,,Max Lorenz,,Alemania Occidental,amarilla
2901,1970,Uruguay,Alemania Occidental,3er Puesto,,,Dagoberto Fontes,,Uruguay,amarilla
2902,1970,Uruguay,Alemania Occidental,3er Puesto,,,Hennes Loehr,,Alemania Occidental,amarilla
2903,1970,Uruguay,Alemania Occidental,3er Puesto,,,Julio Montero Castillo,,Uruguay,amarilla
2904,1970,Uruguay,Alemania Occidental,3er Puesto,,,Luis Ubina,,Uruguay,amarilla
2905,1970,Brasil,Italia,Final,,1,Tarcisio Burgnich,,Italia,amarilla
2906,1970,Brasil,Italia,Final,,1,Rivelino,,Brasil,amarilla
2907,1966,URSS,Corea del Norte,"1ra Ronda, Grupo 4",4,,Galimzyan Khusainov,,URSS,amarilla
2908,1966,Brasil,Bulgaria,"1ra Ronda, Grupo 3",3,,Ivan Kolev,,Bulgaria,amarilla
2909,1966,Brasil,Bulgaria,"1ra Ronda, Grupo 3",3,,Dobromir Zhechev,,Bulgaria,amarilla
2910,1966,Brasil,Bulgaria,"1ra Ronda, Grupo 3",3,,Denilson,,Brasil,amarilla
2911,1966,Corea del Norte,Chile,"1ra Ronda, Grupo 4",4,,Ruben Marcos,,Chile,amarilla
2912,1966,Portugal,Bulgaria,"1ra Ronda, Grupo 3",3,,Dinko Dermendzhiev,,Bulgaria,amarilla
2913,1966,Portugal,Bulgaria,"1ra Ronda, Grupo 3",3,,Eusebio,,Portugal,amarilla
2914,1966,Alemania Occidental,Argentina,"1ra Ronda, Grupo 2",2,65,Rafael Albrecht,,Argentina,roja
2915,1966,Alemania Occidental,Argentina,"1ra Ronda, Grupo 2",2,,Franz Beckenbauer,,Alemania Occidental,amarilla
2916,1966,URSS,Italia,"1ra Ronda, Grupo 4",4,,Yozhef Sabo,,URSS,amarilla
2917,1966,Inglaterra,Francia,"1ra Ronda, Grupo 1",1,,Nobby Stiles,,Inglaterra,amarilla
2918,1966,Alemania Occidental,España,"1ra Ronda, Grupo 2",2,,Wolfgang Overath,,Alemania Occidental,amarilla
2919,1966,Alemania Occidental,España,"1ra Ronda, Grupo 2",2,,Jesus Glaria,,a,amarilla
2920,1966,Portugal,Corea del Norte,Cuartos,,,Coluna,,Portugal,amarilla
2921,1966,Inglaterra,Argentina,Cuartos,,35,Antonio Rattin,,Argentina,roja
2922,1966,Inglaterra,Argentina,Cuartos,,,Jorge Solari,,Argentina,amarilla
2923,1966,Inglaterra,Argentina,Cuartos,,,Luis Artime,,Argentina,amarilla
2924,1966,Inglaterra,Argentina,Cuartos,,,Antonio Rattin,,Argentina,amarilla
2925,1966,Alemania Occidental,Uruguay,Cuartos,,49,Horacio Troche,,Uruguay,roja
2926,1966,Alemania Occidental,Uruguay,Cuartos,,54,Hector Silva,,Uruguay,roja
2927,1966,Alemania Occidental,Uruguay,Cuartos,,,Wolfgang Weber,,Alemania Occidental,amarilla
2928,1966,Alemania Occidental,Uruguay,Cuartos,,,Hector Silva,,Uruguay,amarilla
2929,1966,Alemania Occidental,URSS,Semis,,44,Igor Chislenko,,URSS,roja
2930,1966,Alemania Occidental,URSS,Semis,,,Valeri Voronin,,URSS,amarilla
2931,1966,Alemania Occidental,URSS,Semis,,,Franz Beckenbauer,,Alemania Occidental,amarilla
2932,1966,Inglaterra,Alemania Occidental,Final,,,Martin Peters,,Inglaterra,amarilla
