id,mundial,pais1,pais2,tipo_ronda,grupo,minuto,jugador,referencia,equipo,fue_tiempo_extra
1,2022,Catar,Ecuador,"1ra Ronda, Grupo A",A,31,Enner Valencia,,Ecuador,False
2,2022,Inglaterra,Irán,"1ra Ronda, Grupo B",B,35,Jude Bellingham,,Inglaterra,False
3,2022,Inglaterra,Irán,"1ra Ronda, Grupo B",B,43,Bukayo Saka,,Inglaterra,False
4,2022,Inglaterra,Irán,"1ra Ronda, Grupo B",B,45,Raheem Sterling,,Inglaterra,False
5,2022,Inglaterra,Irán,"1ra Ronda, Grupo B",B,62,Bukayo Saka,,Inglaterra,False
6,2022,Inglaterra,Irán,"1ra Ronda, Grupo B",B,65,Mehdi Taremi,,Irán,False
7,2022,Inglaterra,Irán,"1ra Ronda, Grupo B",B,71,Marcus Rashford,,Inglaterra,False
8,2022,Inglaterra,Irán,"1ra Ronda, Grupo B",B,90,Jack Grealish,,Inglaterra,False
9,2022,Senegal,Paises Bajos,"1ra Ronda, Grupo A",A,84,Cody Gakpo,,Paises Bajos,False
10,2022,Senegal,Paises Bajos,"1ra Ronda, Grupo A",A,90,Davy Klaassen,,Paises Bajos,False
11,2022,Estados Unidos,Gales,"1ra Ronda, Grupo B",B,36,Tim Weah,,Estados Unidos,False
12,2022,Argentina,Arabia Saudita,"1ra Ronda, Grupo C",C,48,Saleh Al-Shehri,,Arabia Saudita,False
13,2022,Argentina,Arabia Saudita,"1ra Ronda, Grupo C",C,53,Salem Al-Dawsari,,Arabia Saudita,False
14,2022,Francia,Australia,"1ra Ronda, Grupo D",D,9,Craig Goodwin,,Australia,False
15,2022,Francia,Australia,"1ra Ronda, Grupo D",D,27,Adrien Rabiot,,Francia,False
16,2022,Francia,Australia,"1ra Ronda, Grupo D",D,32,Olivier Giroud,,Francia,False
17,2022,Francia,Australia,"1ra Ronda, Grupo D",D,68,Kylian Mbappé,,Francia,False
18,2022,Francia,Australia,"1ra Ronda, Grupo D",D,71,Olivier Giroud,,Francia,False
19,2022,Alemania,Japón,"1ra Ronda, Grupo E",E,75,Ritsu Doan,,Japón,False
20,2022,Alemania,Japón,"1ra Ronda, Grupo E",E,83,Takuma Asano,,Japón,False
21,2022,España,Costa Rica,"1ra Ronda, Grupo E",E,11,Dani Olmo,,España,False
22,2022,España,Costa Rica,"1ra Ronda, Grupo E",E,21,Marco Asensio,,España,False
23,2022,España,Costa Rica,"1ra Ronda, Grupo E",E,54,Ferran Torres,,España,False
24,2022,España,Costa Rica,"1ra Ronda, Grupo E",E,74,Gavi,,España,False
25,2022,España,Costa Rica,"1ra Ronda, Grupo E",E,90,Carlos Soler,,España,False
26,2022,España,Costa Rica,"1ra Ronda, Grupo E",E,90,Álvaro Morata,,España,False
27,2022,Bélgica,Canadá,"1ra Ronda, Grupo F",F,44,Michy Batshuayi,,Bélgica,False
28,2022,Suiza,Camerún,"1ra Ronda, Grupo G",G,48,Breel Embolo,,Suiza,False
29,2022,Portugal,Ghana,"1ra Ronda, Grupo H",H,73,Andre Ayew,,Ghana,False
30,2022,Portugal,Ghana,"1ra Ronda, Grupo H",H,78,João Félix,,Portugal,False
31,2022,Portugal,Ghana,"1ra Ronda, Grupo H",H,80,Rafael Leão,,Portugal,False
32,2022,Portugal,Ghana,"1ra Ronda, Grupo H",H,89,Osman Bukari,,Ghana,False
33,2022,Brasil,Serbia,"1ra Ronda, Grupo G",G,62,Richarlison,,Brasil,False
34,2022,Brasil,Serbia,"1ra Ronda, Grupo G",G,73,Richarlison,,Brasil,False
35,2022,Gales,Irán,"1ra Ronda, Grupo B",B,90,Rouzbeh Cheshmi,,Irán,False
36,2022,Gales,Irán,"1ra Ronda, Grupo B",B,90,Ramin Rezaeian,,Irán,False
37,2022,Catar,Senegal,"1ra Ronda, Grupo A",A,41,Boulaye Dia,,Senegal,False
38,2022,Catar,Senegal,"1ra Ronda, Grupo A",A,48,Famara Diéhiou,,Senegal,False
39,2022,Catar,Senegal,"1ra Ronda, Grupo A",A,78,Mohammed Muntari,,Catar,False
40,2022,Catar,Senegal,"1ra Ronda, Grupo A",A,84,Bamba Dieng,,Senegal,False
41,2022,Paises Bajos,Ecuador,"1ra Ronda, Grupo A",A,6,Cody Gakpo,,Paises Bajos,False
42,2022,Paises Bajos,Ecuador,"1ra Ronda, Grupo A",A,49,Enner Valencia,,Ecuador,False
43,2022,Túnez,Australia,"1ra Ronda, Grupo D",D,23,Mitchell Duke,,Australia,False
44,2022,Polonia,Arabia Saudita,"1ra Ronda, Grupo C",C,39,Piotr Zieliński,,Polonia,False
45,2022,Polonia,Arabia Saudita,"1ra Ronda, Grupo C",C,82,Robert Lewandowski,,Polonia,False
46,2022,Francia,Dinamarca,"1ra Ronda, Grupo D",D,61,Kylian Mbappé,,Francia,False
47,2022,Francia,Dinamarca,"1ra Ronda, Grupo D",D,68,Andreas Christensen,,Dinamarca,False
48,2022,Francia,Dinamarca,"1ra Ronda, Grupo D",D,86,Kylian Mbappé,,Francia,False
49,2022,Argentina,México,"1ra Ronda, Grupo C",C,64,Lionel Messi,,Argentina,False
50,2022,Argentina,México,"1ra Ronda, Grupo C",C,87,Enzo Fernandez,,Argentina,False
51,2022,Japón,Costa Rica,"1ra Ronda, Grupo E",E,81,Keysher Fuller,,Costa Rica,False
52,2022,Bélgica,Marruecos,"1ra Ronda, Grupo F",F,73,Romain Saïss,,Marruecos,False
53,2022,Bélgica,Marruecos,"1ra Ronda, Grupo F",F,90,Zakaria Aboukhlal,,Marruecos,False
54,2022,Croacia,Canadá,"1ra Ronda, Grupo F",F,2,Alphonso Davies,,Canadá,False
55,2022,Croacia,Canadá,"1ra Ronda, Grupo F",F,36,Andrej Kramarić,,Croacia,False
56,2022,Croacia,Canadá,"1ra Ronda, Grupo F",F,44,Marko Livaja,,Croacia,False
57,2022,Croacia,Canadá,"1ra Ronda, Grupo F",F,70,Andrej Kramarić,,Croacia,False
58,2022,Croacia,Canadá,"1ra Ronda, Grupo F",F,90,Lovro Majer,,Croacia,False
59,2022,España,Alemania,"1ra Ronda, Grupo E",E,62,Álvaro Morata,,España,False
60,2022,España,Alemania,"1ra Ronda, Grupo E",E,83,Niclas Füllkrug,,Alemania,False
61,2022,Camerún,Serbia,"1ra Ronda, Grupo G",G,29,Jean-Charles Castelletto,,Camerún,True
62,2022,Camerún,Serbia,"1ra Ronda, Grupo G",G,45,Strahinja Pavlovic,,Serbia,False
63,2022,Camerún,Serbia,"1ra Ronda, Grupo G",G,45,Sergej Milinković-Savić,,Serbia,False
64,2022,Camerún,Serbia,"1ra Ronda, Grupo G",G,53,Aleksandar Mitrović,,Serbia,False
65,2022,Camerún,Serbia,"1ra Ronda, Grupo G",G,63,Vincent Aboubakar,,Camerún,False
66,2022,Camerún,Serbia,"1ra Ronda, Grupo G",G,66,Eric Maxim Choupo Moting,,Camerún,False
67,2022,Corea del Sur,Ghana,"1ra Ronda, Grupo H",H,24,Mohammed Salisu,,Ghana,False
68,2022,Corea del Sur,Ghana,"1ra Ronda, Grupo H",H,34,Mohammed Kudus,,Ghana,False
69,2022,Corea del Sur,Ghana,"1ra Ronda, Grupo H",H,58,Gue-sung Cho,,Corea del Sur,False
70,2022,Corea del Sur,Ghana,"1ra Ronda, Grupo H",H,61,Gue-sung Cho,,Corea del Sur,False
71,2022,Corea del Sur,Ghana,"1ra Ronda, Grupo H",H,68,Mohammed Kudus,,Ghana,False
72,2022,Brasil,Suiza,"1ra Ronda, Grupo G",G,83,Casemiro,,Brasil,False
73,2022,Portugal,Uruguay,"1ra Ronda, Grupo H",H,54,Bruno Fernandes,,Portugal,False
74,2022,Portugal,Uruguay,"1ra Ronda, Grupo H",H,90,Bruno Fernandes,,Portugal,False
75,2022,Paises Bajos,Catar,"1ra Ronda, Grupo A",A,26,Cody Gakpo,,Paises Bajos,False
76,2022,Paises Bajos,Catar,"1ra Ronda, Grupo A",A,49,Frenkie de Jong,,Paises Bajos,False
77,2022,Ecuador,Senegal,"1ra Ronda, Grupo A",A,44,Ismaïla Sarr,,Senegal,False
78,2022,Ecuador,Senegal,"1ra Ronda, Grupo A",A,67,Moisés Caicedo,,Ecuador,False
79,2022,Ecuador,Senegal,"1ra Ronda, Grupo A",A,70,Kalidou Koulibaly,,Senegal,False
80,2022,Gales,Inglaterra,"1ra Ronda, Grupo B",B,50,Marcus Rashford,,Inglaterra,False
81,2022,Gales,Inglaterra,"1ra Ronda, Grupo B",B,51,Phil Foden,,Inglaterra,False
82,2022,Gales,Inglaterra,"1ra Ronda, Grupo B",B,68,Marcus Rashford,,Inglaterra,False
83,2022,Irán,Estados Unidos,"1ra Ronda, Grupo B",B,38,Christian Pulisic,,Estados Unidos,False
84,2022,Australia,Dinamarca,"1ra Ronda, Grupo D",D,60,Mathew Leckie,,Australia,False
85,2022,Túnez,Francia,"1ra Ronda, Grupo D",D,58,Wahbi Khazri,,Túnez,False
86,2022,Arabia Saudita,México,"1ra Ronda, Grupo C",C,47,Henry Martin,,México,False
87,2022,Arabia Saudita,México,"1ra Ronda, Grupo C",C,52,Luis Chávez,,México,False
88,2022,Arabia Saudita,México,"1ra Ronda, Grupo C",C,90,Salem Al-Dawsari,,Arabia Saudita,False
89,2022,Polonia,Argentina,"1ra Ronda, Grupo C",C,46,Alexis Mac Allister,,Argentina,False
90,2022,Polonia,Argentina,"1ra Ronda, Grupo C",C,67,Julian Alvarez,,Argentina,False
91,2022,Canadá,Marruecos,"1ra Ronda, Grupo F",F,4,Hakim Ziyech,,Marruecos,False
92,2022,Canadá,Marruecos,"1ra Ronda, Grupo F",F,23,Youssef En-Nesyri,,Marruecos,False
93,2022,Canadá,Marruecos,"1ra Ronda, Grupo F",F,40,Nayef Aguerd,,Canadá,False
94,2022,Japón,España,"1ra Ronda, Grupo E",E,11,Álvaro Morata,,España,False
95,2022,Japón,España,"1ra Ronda, Grupo E",E,48,Ritsu Doan,,Japón,False
96,2022,Japón,España,"1ra Ronda, Grupo E",E,51,Ao Tanaka,,Japón,False
97,2022,Costa Rica,Alemania,"1ra Ronda, Grupo E",E,10,Serge Gnabry,,Alemania,False
98,2022,Costa Rica,Alemania,"1ra Ronda, Grupo E",E,58,Yeltsin Tejeda,,Costa Rica,False
99,2022,Costa Rica,Alemania,"1ra Ronda, Grupo E",E,70,Juan Pablo Vargas,,Costa Rica,False
100,2022,Costa Rica,Alemania,"1ra Ronda, Grupo E",E,73,Kai Havertz,,Alemania,False
101,2022,Costa Rica,Alemania,"1ra Ronda, Grupo E",E,85,Kai Havertz,,Alemania,False
102,2022,Costa Rica,Alemania,"1ra Ronda, Grupo E",E,89,Niclas Füllkrug,,Alemania,False
103,2022,Ghana,Uruguay,"1ra Ronda, Grupo H",H,26,Giorgian De Arrascaeta,,Uruguay,True
104,2022,Ghana,Uruguay,"1ra Ronda, Grupo H",H,32,Giorgian De Arrascaeta,,Uruguay,True
105,2022,Corea del Sur,Portugal,"1ra Ronda, Grupo H",H,5,Ricardo Horta,,Portugal,False
106,2022,Corea del Sur,Portugal,"1ra Ronda, Grupo H",H,27,Young-Gwon Kim,,Corea del Sur,False
107,2022,Corea del Sur,Portugal,"1ra Ronda, Grupo H",H,90,Hee-chan Hwang,,Corea del Sur,False
108,2022,Serbia,Suiza,"1ra Ronda, Grupo G",G,20,Xherdan Shaqiri,,Suiza,False
109,2022,Serbia,Suiza,"1ra Ronda, Grupo G",G,26,Aleksandar Mitrović,,Serbia,False
110,2022,Serbia,Suiza,"1ra Ronda, Grupo G",G,35,Dusan Vlahovic,,Serbia,False
111,2022,Serbia,Suiza,"1ra Ronda, Grupo G",G,44,Breel Embolo,,Suiza,False
112,2022,Serbia,Suiza,"1ra Ronda, Grupo G",G,48,Remo Freuler,,Suiza,False
113,2022,Camerún,Brasil,"1ra Ronda, Grupo G",G,90,Vincent Aboubakar,,Camerún,False
114,2022,Paises Bajos,Estados Unidos,Octavos,,10,Memphis Depay,,Paises Bajos,False
115,2022,Paises Bajos,Estados Unidos,Octavos,,45,Daley Blind,,Paises Bajos,False
116,2022,Paises Bajos,Estados Unidos,Octavos,,76,Haji Wright,,Estados Unidos,False
117,2022,Paises Bajos,Estados Unidos,Octavos,,81,Denzel Dumfries,,Paises Bajos,False
118,2022,Argentina,Australia,Octavos,,35,Lionel Messi,,Argentina,False
119,2022,Argentina,Australia,Octavos,,57,Julian Alvarez,,Argentina,False
120,2022,Argentina,Australia,Octavos,,77,Enzo Fernandez,,Australia,False
121,2022,Inglaterra,Senegal,Octavos,,38,Jordan Henderson,,Inglaterra,False
122,2022,Inglaterra,Senegal,Octavos,,45,Harry Kane,,Inglaterra,False
123,2022,Inglaterra,Senegal,Octavos,,57,Bukayo Saka,,Inglaterra,False
124,2022,Francia,Polonia,Octavos,,44,Olivier Giroud,,Francia,False
125,2022,Francia,Polonia,Octavos,,74,Kylian Mbappé,,Francia,False
126,2022,Francia,Polonia,Octavos,,90,Kylian Mbappé,,Francia,False
127,2022,Japón,Croacia,Octavos,,43,Daizen Maeda,,Japón,False
128,2022,Japón,Croacia,Octavos,,55,Ivan Perisic,,Croacia,False
129,2022,Brasil,Corea del Sur,Octavos,,7,Vinicius Junior,,Brasil,False
130,2022,Brasil,Corea del Sur,Octavos,,13,Neymar Jr.,,Brasil,False
131,2022,Brasil,Corea del Sur,Octavos,,29,Richarlison,,Brasil,False
132,2022,Brasil,Corea del Sur,Octavos,,36,Lucas Paqueta,,Brasil,True
133,2022,Brasil,Corea del Sur,Octavos,,76,Seung-ho Paik,,Corea del Sur,False
134,2022,Portugal,Suiza,Octavos,,17,Gonçalo Ramos,,Portugal,False
135,2022,Portugal,Suiza,Octavos,,33,Pepe,,Portugal,False
136,2022,Portugal,Suiza,Octavos,,51,Gonçalo Ramos,,Portugal,False
137,2022,Portugal,Suiza,Octavos,,55,Raphaël Guerreiro,,Portugal,False
138,2022,Portugal,Suiza,Octavos,,58,Manuel Akanji,,Suiza,False
139,2022,Portugal,Suiza,Octavos,,67,Gonçalo Ramos,,Portugal,False
140,2022,Portugal,Suiza,Octavos,,90,Rafael Leão,,Portugal,False
141,2022,Paises Bajos,Argentina,Cuartos,,35,Nahuel Molina,,Argentina,False
142,2022,Paises Bajos,Argentina,Cuartos,,83,Wout Weghorst,,Paises Bajos,False
143,2022,Paises Bajos,Argentina,Cuartos,,90,Wout Weghorst,,Paises Bajos,False
144,2022,Croacia,Brasil,Cuartos,,105,Neymar Jr.,,Brasil,True
145,2022,Croacia,Brasil,Cuartos,,117,Bruno Petkovic,,Croacia,True
146,2022,Inglaterra,Francia,Cuartos,,17,Aurélien Tchouaméni,,Francia,False
147,2022,Inglaterra,Francia,Cuartos,,78,Olivier Giroud,,Francia,False
148,2022,Marruecos,Portugal,Cuartos,,42,Youssef En-Nesyri,,Marruecos,False
149,2022,Argentina,Croacia,Semis,,39,Julian Alvarez,,Argentina,False
150,2022,Argentina,Croacia,Semis,,69,Julian Alvarez,,Argentina,False
151,2022,Francia,Marruecos,Semis,,5,Théo Hernandez,,Francia,False
152,2022,Francia,Marruecos,Semis,,79,Randal Kolo Muani,,Francia,False
153,2022,Croacia,Marruecos,3er Puesto,,7,Josko Gvardiol,,Croacia,False
154,2022,Croacia,Marruecos,3er Puesto,,9,Achraf Dari,,Marruecos,False
155,2022,Croacia,Marruecos,3er Puesto,,42,Mislav Orsic,,Croacia,False
156,2022,Argentina,Francia,Final,,36,Angel Di Maria,,Argentina,False
157,2022,Argentina,Francia,Final,,81,Kylian Mbappé,,Francia,False
158,2022,Argentina,Francia,Final,,108,Lionel Messi,,Argentina,True
159,2018,Rusia,Arabia Saudita,"1ra Ronda, Grupo A",A,12,Yury Gazinsky,,Rusia,False
160,2018,Rusia,Arabia Saudita,"1ra Ronda, Grupo A",A,43,Denis Cheryshev,,Rusia,False
161,2018,Rusia,Arabia Saudita,"1ra Ronda, Grupo A",A,71,Artem Dzyuba,,Rusia,False
162,2018,Rusia,Arabia Saudita,"1ra Ronda, Grupo A",A,90,Denis Cheryshev,,Rusia,False
163,2018,Rusia,Arabia Saudita,"1ra Ronda, Grupo A",A,90,Aleksandr Golovin,,Rusia,False
164,2018,Egipto,Uruguay,"1ra Ronda, Grupo A",A,89,José María Giménez,,Uruguay,False
165,2018,Portugal,España,"1ra Ronda, Grupo B",B,24,Diego Costa,,España,False
166,2018,Portugal,España,"1ra Ronda, Grupo B",B,44,Cristiano Ronaldo,,Portugal,False
167,2018,Portugal,España,"1ra Ronda, Grupo B",B,55,Diego Costa,,España,False
168,2018,Portugal,España,"1ra Ronda, Grupo B",B,58,Nacho,,España,False
169,2018,Portugal,España,"1ra Ronda, Grupo B",B,88,Cristiano Ronaldo,,Portugal,False
170,2018,Marruecos,Irán,"1ra Ronda, Grupo B",B,90,Aziz Bouhaddouz,,Irán,False
171,2018,Francia,Australia,"1ra Ronda, Grupo C",C,81,Aziz Behich,,Francia,False
172,2018,Perú,Dinamarca,"1ra Ronda, Grupo C",C,59,Yussuf Yurary Poulsen,,Dinamarca,False
173,2018,Argentina,Islandia,"1ra Ronda, Grupo D",D,19,Sergio Agüero,,Argentina,False
174,2018,Argentina,Islandia,"1ra Ronda, Grupo D",D,23,Alfred Finnbogason,,Islandia,False
175,2018,Croacia,Nigeria,"1ra Ronda, Grupo D",D,32,Oghenekaro Etebo,,Croacia,True
176,2018,Brasil,Suiza,"1ra Ronda, Grupo E",E,20,Philippe Coutinho,,Brasil,False
177,2018,Brasil,Suiza,"1ra Ronda, Grupo E",E,50,Steven Zuber,,Suiza,False
178,2018,Costa Rica,Serbia,"1ra Ronda, Grupo E",E,56,Aleksandar Kolarov,,Serbia,False
179,2018,Alemania,México,"1ra Ronda, Grupo F",F,35,Hirving Lozano,,México,False
180,2018,Bélgica,Panamá,"1ra Ronda, Grupo G",G,47,Dries Mertens,,Bélgica,False
181,2018,Bélgica,Panamá,"1ra Ronda, Grupo G",G,69,Romelu Lukaku,,Bélgica,False
182,2018,Bélgica,Panamá,"1ra Ronda, Grupo G",G,75,Romelu Lukaku,,Bélgica,False
183,2018,Túnez,Inglaterra,"1ra Ronda, Grupo G",G,11,Harry Kane,,Inglaterra,False
184,2018,Túnez,Inglaterra,"1ra Ronda, Grupo G",G,90,Harry Kane,,Inglaterra,False
185,2018,Polonia,Senegal,"1ra Ronda, Grupo H",H,37,Thiago Cionek,,Senegal,False
186,2018,Polonia,Senegal,"1ra Ronda, Grupo H",H,60,M'Baye Niang,,Senegal,False
187,2018,Polonia,Senegal,"1ra Ronda, Grupo H",H,86,Grzegorz Krychowiak,,Polonia,False
188,2018,Colombia,Japón,"1ra Ronda, Grupo H",H,39,Juan Quintero,,Colombia,False
189,2018,Colombia,Japón,"1ra Ronda, Grupo H",H,73,Yuya Osako,,Japón,False
190,2018,Rusia,Egipto,"1ra Ronda, Grupo A",A,47,Ahmed Fathy,,Rusia,False
191,2018,Rusia,Egipto,"1ra Ronda, Grupo A",A,59,Denis Cheryshev,,Rusia,False
192,2018,Rusia,Egipto,"1ra Ronda, Grupo A",A,62,Artem Dzyuba,,Rusia,False
193,2018,Uruguay,Arabia Saudita,"1ra Ronda, Grupo A",A,23,Luis Suarez,,Uruguay,False
194,2018,Portugal,Marruecos,"1ra Ronda, Grupo B",B,4,Cristiano Ronaldo,,Portugal,False
195,2018,Irán,España,"1ra Ronda, Grupo B",B,54,Diego Costa,,España,False
196,2018,Francia,Perú,"1ra Ronda, Grupo C",C,34,Kylian Mbappé,,Francia,False
197,2018,Dinamarca,Australia,"1ra Ronda, Grupo C",C,7,Christian Eriksen,,Dinamarca,False
198,2018,Argentina,Croacia,"1ra Ronda, Grupo D",D,53,Ante Rebic,,Croacia,False
199,2018,Argentina,Croacia,"1ra Ronda, Grupo D",D,80,Luka Modric,,Croacia,False
200,2018,Argentina,Croacia,"1ra Ronda, Grupo D",D,90,Ivan Rakitic,,Croacia,False
201,2018,Nigeria,Islandia,"1ra Ronda, Grupo D",D,49,Ahmed Musa,,Nigeria,False
202,2018,Nigeria,Islandia,"1ra Ronda, Grupo D",D,75,Ahmed Musa,,Nigeria,False
203,2018,Brasil,Costa Rica,"1ra Ronda, Grupo E",E,90,Philippe Coutinho,,Brasil,False
204,2018,Brasil,Costa Rica,"1ra Ronda, Grupo E",E,90,Neymar Jr.,,Brasil,False
205,2018,Serbia,Suiza,"1ra Ronda, Grupo E",E,5,Aleksandar Mitrović,,Serbia,False
206,2018,Serbia,Suiza,"1ra Ronda, Grupo E",E,52,Granit Xhaka,,Suiza,False
207,2018,Serbia,Suiza,"1ra Ronda, Grupo E",E,90,Xherdan Shaqiri,,Suiza,False
208,2018,Alemania,Suecia,"1ra Ronda, Grupo F",F,32,Ola Toivonen,,Suecia,False
209,2018,Alemania,Suecia,"1ra Ronda, Grupo F",F,48,Marco Reus,,Alemania,False
210,2018,Alemania,Suecia,"1ra Ronda, Grupo F",F,90,Toni Kroos,,Alemania,False
211,2018,Corea del Sur,México,"1ra Ronda, Grupo F",F,66,Javier Hernandez,,México,False
212,2018,Corea del Sur,México,"1ra Ronda, Grupo F",F,90,Heung-Min Son,,Corea del Sur,False
213,2018,Bélgica,Túnez,"1ra Ronda, Grupo G",G,16,Romelu Lukaku,,Bélgica,False
214,2018,Bélgica,Túnez,"1ra Ronda, Grupo G",G,18,Dylan Bronn,,Túnez,False
215,2018,Bélgica,Túnez,"1ra Ronda, Grupo G",G,45,Romelu Lukaku,,Bélgica,False
216,2018,Bélgica,Túnez,"1ra Ronda, Grupo G",G,51,Eden Hazard,,Bélgica,False
217,2018,Bélgica,Túnez,"1ra Ronda, Grupo G",G,90,Michy Batshuayi,,Bélgica,False
218,2018,Bélgica,Túnez,"1ra Ronda, Grupo G",G,90,Wahbi Khazri,,Túnez,False
219,2018,Inglaterra,Panamá,"1ra Ronda, Grupo G",G,8,John Stones,,Inglaterra,False
220,2018,Inglaterra,Panamá,"1ra Ronda, Grupo G",G,36,Jesse Lingard,,Inglaterra,False
221,2018,Inglaterra,Panamá,"1ra Ronda, Grupo G",G,40,John Stones,,Inglaterra,False
222,2018,Inglaterra,Panamá,"1ra Ronda, Grupo G",G,62,Harry Kane,,Inglaterra,False
223,2018,Inglaterra,Panamá,"1ra Ronda, Grupo G",G,78,Felipe Baloy,,Panamá,False
224,2018,Polonia,Colombia,"1ra Ronda, Grupo H",H,40,Yerry Mina,,Colombia,False
225,2018,Polonia,Colombia,"1ra Ronda, Grupo H",H,70,Radamel Falcao,,Colombia,False
226,2018,Polonia,Colombia,"1ra Ronda, Grupo H",H,75,Juan Guillermo Cuadrado,,Colombia,False
227,2018,Japón,Senegal,"1ra Ronda, Grupo H",H,11,Sadio Mané,,Senegal,False
228,2018,Japón,Senegal,"1ra Ronda, Grupo H",H,34,Takashi Inui,,Japón,False
229,2018,Japón,Senegal,"1ra Ronda, Grupo H",H,71,Moussa Wagué,,Senegal,False
230,2018,Japón,Senegal,"1ra Ronda, Grupo H",H,78,Keisuke Honda,,Japón,False
231,2018,Uruguay,Rusia,"1ra Ronda, Grupo A",A,10,Luis Suarez,,Uruguay,False
232,2018,Uruguay,Rusia,"1ra Ronda, Grupo A",A,23,Denis Cheryshev,,Uruguay,False
233,2018,Uruguay,Rusia,"1ra Ronda, Grupo A",A,90,Edinson Cavani,,Uruguay,False
234,2018,Arabia Saudita,Egipto,"1ra Ronda, Grupo A",A,22,Mohamed Salah,,Egipto,False
235,2018,Arabia Saudita,Egipto,"1ra Ronda, Grupo A",A,90,Salem Al-Dawsari,,Arabia Saudita,False
236,2018,Irán,Portugal,"1ra Ronda, Grupo B",B,45,Ricardo Quaresma,,Portugal,False
237,2018,España,Marruecos,"1ra Ronda, Grupo B",B,14,Khalid Boutaïb,,Marruecos,False
238,2018,España,Marruecos,"1ra Ronda, Grupo B",B,19,Isco,,España,False
239,2018,España,Marruecos,"1ra Ronda, Grupo B",B,81,Youssef En-Nesyri,,Marruecos,False
240,2018,España,Marruecos,"1ra Ronda, Grupo B",B,90,Iago Aspas,,España,False
241,2018,Australia,Perú,"1ra Ronda, Grupo C",C,18,André Carrillo,,Perú,False
242,2018,Australia,Perú,"1ra Ronda, Grupo C",C,50,Paolo Guerrero,,Perú,False
243,2018,Nigeria,Argentina,"1ra Ronda, Grupo D",D,14,Lionel Messi,,Argentina,False
244,2018,Nigeria,Argentina,"1ra Ronda, Grupo D",D,86,Marcos Rojo,,Argentina,False
245,2018,Islandia,Croacia,"1ra Ronda, Grupo D",D,53,Milan Badelj,,Croacia,False
246,2018,Islandia,Croacia,"1ra Ronda, Grupo D",D,90,Ivan Perisic,,Croacia,False
247,2018,Serbia,Brasil,"1ra Ronda, Grupo E",E,36,Paulinho,,Brasil,False
248,2018,Serbia,Brasil,"1ra Ronda, Grupo E",E,68,Thiago Silva,,Brasil,False
249,2018,Suiza,Costa Rica,"1ra Ronda, Grupo E",E,31,Blerim Dzemaili,,Suiza,False
250,2018,Suiza,Costa Rica,"1ra Ronda, Grupo E",E,56,Kendall Waston,,Costa Rica,False
251,2018,Suiza,Costa Rica,"1ra Ronda, Grupo E",E,88,Josip Drmic,,Suiza,False
252,2018,Suiza,Costa Rica,"1ra Ronda, Grupo E",E,90,Yann Sommer,,Costa Rica,False
253,2018,Corea del Sur,Alemania,"1ra Ronda, Grupo F",F,90,Young-Gwon Kim,,Corea del Sur,False
254,2018,Corea del Sur,Alemania,"1ra Ronda, Grupo F",F,90,Heung-Min Son,,Corea del Sur,False
255,2018,México,Suecia,"1ra Ronda, Grupo F",F,50,Ludwig Augustinsson,,Suecia,False
256,2018,México,Suecia,"1ra Ronda, Grupo F",F,74,Edson Álvarez,,Suecia,False
257,2018,Inglaterra,Bélgica,"1ra Ronda, Grupo G",G,51,Adnan Januzaj,,Bélgica,False
258,2018,Panamá,Túnez,"1ra Ronda, Grupo G",G,33,Yassine Meriah,,Panamá,False
259,2018,Panamá,Túnez,"1ra Ronda, Grupo G",G,51,Fakhreddine Ben Youssef,,Túnez,False
260,2018,Panamá,Túnez,"1ra Ronda, Grupo G",G,66,Wahbi Khazri,,Túnez,False
261,2018,Japón,Polonia,"1ra Ronda, Grupo H",H,59,Jan Bednarek,,Polonia,False
262,2018,Senegal,Colombia,"1ra Ronda, Grupo H",H,74,Yerry Mina,,Colombia,False
263,2018,Uruguay,Portugal,Octavos,,7,Edinson Cavani,,Uruguay,False
264,2018,Uruguay,Portugal,Octavos,,55,Pepe,,Portugal,False
265,2018,Uruguay,Portugal,Octavos,,62,Edinson Cavani,,Uruguay,False
266,2018,Francia,Argentina,Octavos,,41,Angel Di Maria,,Argentina,False
267,2018,Francia,Argentina,Octavos,,48,Gabriel Mercado,,Argentina,False
268,2018,Francia,Argentina,Octavos,,57,Benjamin Pavard,,Francia,False
269,2018,Francia,Argentina,Octavos,,64,Kylian Mbappé,,Francia,False
270,2018,Francia,Argentina,Octavos,,68,Kylian Mbappé,,Francia,False
271,2018,Francia,Argentina,Octavos,,90,Sergio Agüero,,Argentina,False
272,2018,España,Rusia,Octavos,,12,Sergei Ignashevich,,España,False
273,2018,Croacia,Dinamarca,Octavos,,1,Mathias Jørgensen,,Dinamarca,False
274,2018,Croacia,Dinamarca,Octavos,,4,Mario Mandzukic,,Croacia,False
275,2018,Brasil,México,Octavos,,51,Neymar Jr.,,Brasil,False
276,2018,Brasil,México,Octavos,,88,Roberto Firmino,,Brasil,False
277,2018,Bélgica,Japón,Octavos,,48,Genki Haraguchi,,Japón,False
278,2018,Bélgica,Japón,Octavos,,52,Takashi Inui,,Japón,False
279,2018,Bélgica,Japón,Octavos,,69,Jan Vertonghen,,Bélgica,False
280,2018,Bélgica,Japón,Octavos,,74,Marouane Fellaini,,Bélgica,False
281,2018,Bélgica,Japón,Octavos,,90,Nacer Chadli,,Bélgica,False
282,2018,Suecia,Suiza,Octavos,,66,Emil Forsberg,,Suecia,False
283,2018,Colombia,Inglaterra,Octavos,,90,Yerry Mina,,Colombia,False
284,2018,Uruguay,Francia,Cuartos,,40,Raphael Varane,,Francia,False
285,2018,Uruguay,Francia,Cuartos,,61,Antoine Griezmann,,Francia,False
286,2018,Brasil,Bélgica,Cuartos,,13,Fernandinho,,Bélgica,False
287,2018,Brasil,Bélgica,Cuartos,,31,Kevin De Bruyne,,Bélgica,False
288,2018,Brasil,Bélgica,Cuartos,,76,Renato Augusto,,Brasil,False
289,2018,Rusia,Croacia,Cuartos,,31,Denis Cheryshev,,Rusia,False
290,2018,Rusia,Croacia,Cuartos,,39,Andrej Kramarić,,Croacia,False
291,2018,Rusia,Croacia,Cuartos,,101,Domagoj Vida,,Croacia,True
292,2018,Rusia,Croacia,Cuartos,,115,Mário Fernandes,,Rusia,True
293,2018,Suecia,Inglaterra,Cuartos,,30,Harry Maguire,,Inglaterra,False
294,2018,Suecia,Inglaterra,Cuartos,,59,Dele Alli,,Inglaterra,False
295,2018,Francia,Bélgica,Semis,,51,Samuel Umtiti,,Francia,False
296,2018,Croacia,Inglaterra,Semis,,5,Kieran Trippier,,Inglaterra,False
297,2018,Croacia,Inglaterra,Semis,,68,Ivan Perisic,,Croacia,False
298,2018,Croacia,Inglaterra,Semis,,109,Mario Mandzukic,,Croacia,True
299,2018,Bélgica,Inglaterra,3er Puesto,,4,Thomas Meunier,,Bélgica,False
300,2018,Bélgica,Inglaterra,3er Puesto,,82,Eden Hazard,,Bélgica,False
301,2018,Francia,Croacia,Final,,18,Mario Mandzukic,,Francia,False
302,2018,Francia,Croacia,Final,,28,Ivan Perisic,,Croacia,False
303,2018,Francia,Croacia,Final,,59,Paul Pogba,,Francia,False
304,2018,Francia,Croacia,Final,,65,Kylian Mbappé,,Francia,False
305,2018,Francia,Croacia,Final,,69,Mario Mandzukic,,Croacia,False
306,2014,Brasil,Croacia,"1ra Ronda, Grupo A",A,11,Marcelo,,Croacia,False
307,2014,Brasil,Croacia,"1ra Ronda, Grupo A",A,29,Neymar Jr.,,Brasil,False
308,2014,Brasil,Croacia,"1ra Ronda, Grupo A",A,90,Oscar,,Brasil,False
309,2014,México,Camerún,"1ra Ronda, Grupo A",A,61,Oribe Peralta,,México,False
310,2014,España,Paises Bajos,"1ra Ronda, Grupo B",B,44,Robin Van Persie,,Paises Bajos,False
311,2014,España,Paises Bajos,"1ra Ronda, Grupo B",B,53,Arjen Robben,,Paises Bajos,False
312,2014,España,Paises Bajos,"1ra Ronda, Grupo B",B,65,Stefan de Vrij,,Paises Bajos,False
313,2014,España,Paises Bajos,"1ra Ronda, Grupo B",B,72,Robin Van Persie,,Paises Bajos,False
314,2014,España,Paises Bajos,"1ra Ronda, Grupo B",B,80,Arjen Robben,,Paises Bajos,False
315,2014,Chile,Australia,"1ra Ronda, Grupo B",B,12,Alexis Sanchez,,Chile,False
316,2014,Chile,Australia,"1ra Ronda, Grupo B",B,14,Jorge Valdivia,,Chile,False
317,2014,Chile,Australia,"1ra Ronda, Grupo B",B,35,Tim Cahill,,Australia,False
318,2014,Chile,Australia,"1ra Ronda, Grupo B",B,90,Jean Beausejour,,Chile,False
319,2014,Colombia,Grecia,"1ra Ronda, Grupo C",C,5,Pablo Armero,,Colombia,False
320,2014,Colombia,Grecia,"1ra Ronda, Grupo C",C,58,Teófilo Gutiérrez,,Colombia,False
321,2014,Colombia,Grecia,"1ra Ronda, Grupo C",C,90,James Rodríguez,,Colombia,False
322,2014,Costa de Marfil,Japón,"1ra Ronda, Grupo C",C,16,Keisuke Honda,,Japón,False
323,2014,Costa de Marfil,Japón,"1ra Ronda, Grupo C",C,64,Wilfried Bony,,Costa de Marfil,False
324,2014,Costa de Marfil,Japón,"1ra Ronda, Grupo C",C,66,Gervinho,,Costa de Marfil,False
325,2014,Uruguay,Costa Rica,"1ra Ronda, Grupo D",D,54,Joel Campbell,,Costa Rica,False
326,2014,Uruguay,Costa Rica,"1ra Ronda, Grupo D",D,57,Óscar Duarte,,Costa Rica,False
327,2014,Uruguay,Costa Rica,"1ra Ronda, Grupo D",D,84,Marco Ureña,,Costa Rica,False
328,2014,Inglaterra,Italia,"1ra Ronda, Grupo D",D,35,Claudio Marchisio,,Italia,False
329,2014,Inglaterra,Italia,"1ra Ronda, Grupo D",D,37,Daniel Sturridge,,Inglaterra,False
330,2014,Inglaterra,Italia,"1ra Ronda, Grupo D",D,50,Mario Balotelli,,Italia,False
331,2014,Suiza,Ecuador,"1ra Ronda, Grupo E",E,22,Enner Valencia,,Ecuador,False
332,2014,Suiza,Ecuador,"1ra Ronda, Grupo E",E,48,Admir Mehmedi,,Suiza,False
333,2014,Suiza,Ecuador,"1ra Ronda, Grupo E",E,90,Haris Seferovic,,Suiza,False
334,2014,Francia,Honduras,"1ra Ronda, Grupo E",E,48,Noel Valladares,,Francia,False
335,2014,Francia,Honduras,"1ra Ronda, Grupo E",E,72,Karim Benzema,,Francia,False
336,2014,Argentina,Bosnia-Herzegovina,"1ra Ronda, Grupo F",F,3,Sead Kolasinac,,Argentina,False
337,2014,Argentina,Bosnia-Herzegovina,"1ra Ronda, Grupo F",F,65,Lionel Messi,,Argentina,False
338,2014,Argentina,Bosnia-Herzegovina,"1ra Ronda, Grupo F",F,84,Vedad Ibisevic,,Bosnia-Herzegovina,False
339,2014,Alemania,Portugal,"1ra Ronda, Grupo G",G,32,Mats Hummels,,Alemania,False
340,2014,Alemania,Portugal,"1ra Ronda, Grupo G",G,45,Thomas Müller,,Alemania,False
341,2014,Alemania,Portugal,"1ra Ronda, Grupo G",G,78,Thomas Müller,,Alemania,False
342,2014,Ghana,Estados Unidos,"1ra Ronda, Grupo G",G,1,Clint Dempsey,,Estados Unidos,False
343,2014,Ghana,Estados Unidos,"1ra Ronda, Grupo G",G,82,Andre Ayew,,Ghana,False
344,2014,Ghana,Estados Unidos,"1ra Ronda, Grupo G",G,86,John Anthony Brooks,,Estados Unidos,False
345,2014,Bélgica,Argelia,"1ra Ronda, Grupo H",H,70,Marouane Fellaini,,Bélgica,False
346,2014,Bélgica,Argelia,"1ra Ronda, Grupo H",H,80,Dries Mertens,,Bélgica,False
347,2014,Rusia,Corea del Sur,"1ra Ronda, Grupo H",H,68,Keun-Ho Lee,,Corea del Sur,False
348,2014,Rusia,Corea del Sur,"1ra Ronda, Grupo H",H,74,Alexander Kerzhakov,,Rusia,False
349,2014,Camerún,Croacia,"1ra Ronda, Grupo A",A,11,Ivica Olic,,Croacia,False
350,2014,Camerún,Croacia,"1ra Ronda, Grupo A",A,48,Ivan Perisic,,Croacia,False
351,2014,Camerún,Croacia,"1ra Ronda, Grupo A",A,61,Mario Mandzukic,,Croacia,False
352,2014,Camerún,Croacia,"1ra Ronda, Grupo A",A,73,Mario Mandzukic,,Croacia,False
353,2014,España,Chile,"1ra Ronda, Grupo B",B,20,Eduardo Vargas,,Chile,False
354,2014,España,Chile,"1ra Ronda, Grupo B",B,43,Charles Aránguiz,,Chile,False
355,2014,Australia,Paises Bajos,"1ra Ronda, Grupo B",B,20,Arjen Robben,,Paises Bajos,False
356,2014,Australia,Paises Bajos,"1ra Ronda, Grupo B",B,21,Tim Cahill,,Australia,False
357,2014,Australia,Paises Bajos,"1ra Ronda, Grupo B",B,58,Robin Van Persie,,Paises Bajos,False
358,2014,Australia,Paises Bajos,"1ra Ronda, Grupo B",B,68,Memphis Depay,,Paises Bajos,False
359,2014,Colombia,Costa de Marfil,"1ra Ronda, Grupo C",C,64,James Rodríguez,,Colombia,False
360,2014,Colombia,Costa de Marfil,"1ra Ronda, Grupo C",C,70,Juan Quintero,,Colombia,False
361,2014,Colombia,Costa de Marfil,"1ra Ronda, Grupo C",C,73,Gervinho,,Costa de Marfil,False
362,2014,Uruguay,Inglaterra,"1ra Ronda, Grupo D",D,39,Luis Suarez,,Uruguay,False
363,2014,Uruguay,Inglaterra,"1ra Ronda, Grupo D",D,75,Wayne Rooney,,Inglaterra,False
364,2014,Uruguay,Inglaterra,"1ra Ronda, Grupo D",D,85,Luis Suarez,,Uruguay,False
365,2014,Italia,Costa Rica,"1ra Ronda, Grupo D",D,44,Bryan Ruiz,,Costa Rica,False
366,2014,Suiza,Francia,"1ra Ronda, Grupo E",E,17,Olivier Giroud,,Francia,False
367,2014,Suiza,Francia,"1ra Ronda, Grupo E",E,18,Blaise Matuidi,,Francia,False
368,2014,Suiza,Francia,"1ra Ronda, Grupo E",E,40,Mathieu Valbuena,,Francia,False
369,2014,Suiza,Francia,"1ra Ronda, Grupo E",E,67,Karim Benzema,,Francia,False
370,2014,Suiza,Francia,"1ra Ronda, Grupo E",E,73,Moussa Sissoko,,Francia,False
371,2014,Suiza,Francia,"1ra Ronda, Grupo E",E,81,Blerim Dzemaili,,Suiza,False
372,2014,Suiza,Francia,"1ra Ronda, Grupo E",E,87,Granit Xhaka,,Suiza,False
373,2014,Honduras,Ecuador,"1ra Ronda, Grupo E",E,31,Carlo Costly,,Honduras,False
374,2014,Honduras,Ecuador,"1ra Ronda, Grupo E",E,34,Enner Valencia,,Ecuador,False
375,2014,Honduras,Ecuador,"1ra Ronda, Grupo E",E,65,Enner Valencia,,Ecuador,False
376,2014,Argentina,Irán,"1ra Ronda, Grupo F",F,90,Lionel Messi,,Argentina,False
377,2014,Nigeria,Bosnia-Herzegovina,"1ra Ronda, Grupo F",F,29,Peter Odemwingie,,Nigeria,True
378,2014,Alemania,Ghana,"1ra Ronda, Grupo G",G,51,Mario Götze,,Alemania,False
379,2014,Alemania,Ghana,"1ra Ronda, Grupo G",G,54,Andre Ayew,,Ghana,False
380,2014,Alemania,Ghana,"1ra Ronda, Grupo G",G,63,Asamoah Gyan,,Ghana,False
381,2014,Alemania,Ghana,"1ra Ronda, Grupo G",G,71,Miroslav Klose,,Alemania,False
382,2014,Estados Unidos,Portugal,"1ra Ronda, Grupo G",G,5,Nani,,Portugal,False
383,2014,Estados Unidos,Portugal,"1ra Ronda, Grupo G",G,64,Jermaine Jones,,Estados Unidos,False
384,2014,Estados Unidos,Portugal,"1ra Ronda, Grupo G",G,81,Clint Dempsey,,Estados Unidos,False
385,2014,Estados Unidos,Portugal,"1ra Ronda, Grupo G",G,90,Silvestre Varela,,Portugal,False
386,2014,Bélgica,Rusia,"1ra Ronda, Grupo H",H,88,Divock Origi,,Bélgica,False
387,2014,Corea del Sur,Argelia,"1ra Ronda, Grupo H",H,26,Islam Slimani,,Argelia,False
388,2014,Corea del Sur,Argelia,"1ra Ronda, Grupo H",H,28,Rafik Halliche,,Argelia,False
389,2014,Corea del Sur,Argelia,"1ra Ronda, Grupo H",H,38,Abdelmoumene Djabou,,Argelia,False
390,2014,Corea del Sur,Argelia,"1ra Ronda, Grupo H",H,50,Heung-Min Son,,Corea del Sur,False
391,2014,Corea del Sur,Argelia,"1ra Ronda, Grupo H",H,62,Yacine Brahimi,,Argelia,False
392,2014,Corea del Sur,Argelia,"1ra Ronda, Grupo H",H,72,Ja-Cheol Koo,,Corea del Sur,False
393,2014,Camerún,Brasil,"1ra Ronda, Grupo A",A,17,Neymar Jr.,,Brasil,False
394,2014,Camerún,Brasil,"1ra Ronda, Grupo A",A,26,Joel Matip,,Camerún,False
395,2014,Camerún,Brasil,"1ra Ronda, Grupo A",A,34,Neymar Jr.,,Brasil,False
396,2014,Camerún,Brasil,"1ra Ronda, Grupo A",A,49,Fred,,Brasil,False
397,2014,Camerún,Brasil,"1ra Ronda, Grupo A",A,84,Fernandinho,,Brasil,False
398,2014,Croacia,México,"1ra Ronda, Grupo A",A,72,Rafael Marquez,,México,False
399,2014,Croacia,México,"1ra Ronda, Grupo A",A,75,Andres Guardado,,México,False
400,2014,Croacia,México,"1ra Ronda, Grupo A",A,82,Javier Hernandez,,México,False
401,2014,Croacia,México,"1ra Ronda, Grupo A",A,87,Ivan Perisic,,Croacia,False
402,2014,Australia,España,"1ra Ronda, Grupo B",B,36,David Villa,,España,False
403,2014,Australia,España,"1ra Ronda, Grupo B",B,69,Fernando Torres,,España,False
404,2014,Australia,España,"1ra Ronda, Grupo B",B,82,Juan Mata,,España,False
405,2014,Paises Bajos,Chile,"1ra Ronda, Grupo B",B,77,Leroy Fer,,Paises Bajos,False
406,2014,Paises Bajos,Chile,"1ra Ronda, Grupo B",B,90,Memphis Depay,,Paises Bajos,False
407,2014,Japón,Colombia,"1ra Ronda, Grupo C",C,45,Shinji Okazaki,,Japón,False
408,2014,Japón,Colombia,"1ra Ronda, Grupo C",C,55,Jackson Martinez,,Colombia,False
409,2014,Japón,Colombia,"1ra Ronda, Grupo C",C,82,Jackson Martinez,,Colombia,False
410,2014,Japón,Colombia,"1ra Ronda, Grupo C",C,90,James Rodríguez,,Colombia,False
411,2014,Grecia,Costa de Marfil,"1ra Ronda, Grupo C",C,42,Andreas Samaris,,Grecia,False
412,2014,Grecia,Costa de Marfil,"1ra Ronda, Grupo C",C,74,Wilfried Bony,,Costa de Marfil,False
413,2014,Italia,Uruguay,"1ra Ronda, Grupo D",D,81,Diego Godin,,Uruguay,False
414,2014,Honduras,Suiza,"1ra Ronda, Grupo E",E,6,Xherdan Shaqiri,,Suiza,False
415,2014,Honduras,Suiza,"1ra Ronda, Grupo E",E,31,Xherdan Shaqiri,,Suiza,False
416,2014,Honduras,Suiza,"1ra Ronda, Grupo E",E,71,Xherdan Shaqiri,,Suiza,False
417,2014,Nigeria,Argentina,"1ra Ronda, Grupo F",F,3,Lionel Messi,,Argentina,False
418,2014,Nigeria,Argentina,"1ra Ronda, Grupo F",F,4,Ahmed Musa,,Nigeria,False
419,2014,Nigeria,Argentina,"1ra Ronda, Grupo F",F,45,Lionel Messi,,Argentina,False
420,2014,Nigeria,Argentina,"1ra Ronda, Grupo F",F,47,Ahmed Musa,,Nigeria,False
421,2014,Nigeria,Argentina,"1ra Ronda, Grupo F",F,50,Marcos Rojo,,Argentina,False
422,2014,Bosnia-Herzegovina,Irán,"1ra Ronda, Grupo F",F,23,Edin Dzeko,,Bosnia-Herzegovina,False
423,2014,Bosnia-Herzegovina,Irán,"1ra Ronda, Grupo F",F,59,Miralem Pjanic,,Bosnia-Herzegovina,False
424,2014,Bosnia-Herzegovina,Irán,"1ra Ronda, Grupo F",F,82,Reza Ghoochannejhad,,Irán,False
425,2014,Bosnia-Herzegovina,Irán,"1ra Ronda, Grupo F",F,83,Avdija Vrsajevic,,Bosnia-Herzegovina,False
426,2014,Estados Unidos,Alemania,"1ra Ronda, Grupo G",G,55,Thomas Müller,,Alemania,False
427,2014,Portugal,Ghana,"1ra Ronda, Grupo G",G,31,John Boye,,Portugal,False
428,2014,Portugal,Ghana,"1ra Ronda, Grupo G",G,57,Asamoah Gyan,,Ghana,False
429,2014,Portugal,Ghana,"1ra Ronda, Grupo G",G,80,Cristiano Ronaldo,,Portugal,False
430,2014,Corea del Sur,Bélgica,"1ra Ronda, Grupo H",H,78,Jan Vertonghen,,Bélgica,False
431,2014,Argelia,Rusia,"1ra Ronda, Grupo H",H,6,Alexander Kokorin,,Rusia,False
432,2014,Argelia,Rusia,"1ra Ronda, Grupo H",H,60,Islam Slimani,,Argelia,False
433,2014,Brasil,Chile,Octavos,,18,David Luiz,,Brasil,False
434,2014,Brasil,Chile,Octavos,,32,Alexis Sanchez,,Chile,False
435,2014,Colombia,Uruguay,Octavos,,28,James Rodríguez,,Colombia,False
436,2014,Colombia,Uruguay,Octavos,,50,James Rodríguez,,Colombia,False
437,2014,Paises Bajos,México,Octavos,,48,Giovani dos Santos,,México,False
438,2014,Paises Bajos,México,Octavos,,88,Wesley Sneijder,,Paises Bajos,False
439,2014,Costa Rica,Grecia,Octavos,,52,Bryan Ruiz,,Costa Rica,False
440,2014,Costa Rica,Grecia,Octavos,,90,Sokratis Papastathopoulos,,Grecia,False
441,2014,Francia,Nigeria,Octavos,,79,Paul Pogba,,Francia,False
442,2014,Francia,Nigeria,Octavos,,90,Joseph Yobo,,Francia,False
443,2014,Alemania,Argelia,Octavos,,92,André Schürrle,,Alemania,True
444,2014,Alemania,Argelia,Octavos,,120,Mesut Ozil,,Alemania,True
445,2014,Alemania,Argelia,Octavos,,120,Abdelmoumene Djabou,,Argelia,True
446,2014,Argentina,Suiza,Octavos,,118,Angel Di Maria,,Argentina,True
447,2014,Bélgica,Estados Unidos,Octavos,,93,Kevin De Bruyne,,Bélgica,True
448,2014,Bélgica,Estados Unidos,Octavos,,105,Romelu Lukaku,,Bélgica,True
449,2014,Bélgica,Estados Unidos,Octavos,,107,Julian Green,,Estados Unidos,True
450,2014,Brasil,Colombia,Cuartos,,7,Thiago Silva,,Brasil,False
451,2014,Brasil,Colombia,Cuartos,,69,David Luiz,,Brasil,False
452,2014,Francia,Alemania,Cuartos,,13,Mats Hummels,,Alemania,False
453,2014,Argentina,Bélgica,Cuartos,,8,Gonzalo Higuain,,Argentina,False
454,2014,Brasil,Alemania,Semis,,11,Thomas Müller,,Alemania,False
455,2014,Brasil,Alemania,Semis,,23,Miroslav Klose,,Alemania,False
456,2014,Brasil,Alemania,Semis,,24,Toni Kroos,,Alemania,False
457,2014,Brasil,Alemania,Semis,,26,Toni Kroos,,Alemania,False
458,2014,Brasil,Alemania,Semis,,29,Sami Khedira,,Alemania,False
459,2014,Brasil,Alemania,Semis,,69,André Schürrle,,Alemania,False
460,2014,Brasil,Alemania,Semis,,79,André Schürrle,,Alemania,False
461,2014,Brasil,Alemania,Semis,,90,Oscar,,Brasil,False
462,2014,Brasil,Paises Bajos,3er Puesto,,17,Daley Blind,,Paises Bajos,False
463,2014,Brasil,Paises Bajos,3er Puesto,,90,Georginio Wijnaldum,,Paises Bajos,False
464,2014,Alemania,Argentina,Final,,113,Mario Götze,,Alemania,True
465,2010,Sudáfrica,México,"1ra Ronda, Grupo A",A,55,Siphiwe Tshabalala,,Sudáfrica,False
466,2010,Sudáfrica,México,"1ra Ronda, Grupo A",A,79,Rafael Marquez,,México,False
467,2010,Argentina,Nigeria,"1ra Ronda, Grupo B",B,6,Gabriel Heinze,,Argentina,False
468,2010,Corea del Sur,Grecia,"1ra Ronda, Grupo B",B,7,Jung Soo Lee,,Corea del Sur,False
469,2010,Corea del Sur,Grecia,"1ra Ronda, Grupo B",B,52,Ji Sung Park,,Corea del Sur,False
470,2010,Inglaterra,Estados Unidos,"1ra Ronda, Grupo C",C,4,Steven Gerrard,,Inglaterra,False
471,2010,Inglaterra,Estados Unidos,"1ra Ronda, Grupo C",C,40,Clint Dempsey,,Estados Unidos,False
472,2010,Argelia,Eslovenia,"1ra Ronda, Grupo C",C,79,Robert Koren,,Eslovenia,False
473,2010,Alemania,Australia,"1ra Ronda, Grupo D",D,8,Lukas Podolski,,Alemania,False
474,2010,Alemania,Australia,"1ra Ronda, Grupo D",D,26,Miroslav Klose,,Alemania,False
475,2010,Alemania,Australia,"1ra Ronda, Grupo D",D,68,Thomas Müller,,Alemania,False
476,2010,Alemania,Australia,"1ra Ronda, Grupo D",D,70,Cacau,,Alemania,False
477,2010,Paises Bajos,Dinamarca,"1ra Ronda, Grupo E",E,46,Daniel Agger,,Paises Bajos,False
478,2010,Paises Bajos,Dinamarca,"1ra Ronda, Grupo E",E,85,Dirk Kuyt,,Paises Bajos,False
479,2010,Japón,Camerún,"1ra Ronda, Grupo E",E,39,Keisuke Honda,,Japón,False
480,2010,Italia,Paraguay,"1ra Ronda, Grupo F",F,39,Antolin Alcaraz,,Paraguay,False
481,2010,Italia,Paraguay,"1ra Ronda, Grupo F",F,63,Daniele De Rossi,,Italia,False
482,2010,Nueva Zelanda,Eslovaquia,"1ra Ronda, Grupo F",F,50,Robert Vittek,,Eslovaquia,False
483,2010,Nueva Zelanda,Eslovaquia,"1ra Ronda, Grupo F",F,90,Winston Reid,,Nueva Zelanda,False
484,2010,Brasil,Corea del Norte,"1ra Ronda, Grupo G",G,55,Maicon,,Brasil,False
485,2010,Brasil,Corea del Norte,"1ra Ronda, Grupo G",G,72,Elano,,Brasil,False
486,2010,Brasil,Corea del Norte,"1ra Ronda, Grupo G",G,89,Yun Nam Ji,,Corea del Norte,False
487,2010,Honduras,Chile,"1ra Ronda, Grupo H",H,34,Jean Beausejour,,Chile,False
488,2010,España,Suiza,"1ra Ronda, Grupo H",H,52,Gelson Fernandes,,Suiza,False
489,2010,Sudáfrica,Uruguay,"1ra Ronda, Grupo A",A,24,Diego Forlan,,Uruguay,False
490,2010,Sudáfrica,Uruguay,"1ra Ronda, Grupo A",A,90,Alvaro Pereira,,Uruguay,False
491,2010,Francia,México,"1ra Ronda, Grupo A",A,64,Javier Hernandez,,México,False
492,2010,Grecia,Nigeria,"1ra Ronda, Grupo B",B,16,Kalu Uche,,Nigeria,False
493,2010,Grecia,Nigeria,"1ra Ronda, Grupo B",B,44,Dimitrios Salpingidis,,Grecia,False
494,2010,Grecia,Nigeria,"1ra Ronda, Grupo B",B,71,Vasileios Torosidis,,Grecia,False
495,2010,Argentina,Corea del Sur,"1ra Ronda, Grupo B",B,17,Chu Young Park,,Argentina,False
496,2010,Argentina,Corea del Sur,"1ra Ronda, Grupo B",B,33,Gonzalo Higuain,,Argentina,False
497,2010,Argentina,Corea del Sur,"1ra Ronda, Grupo B",B,45,Chung-yong Lee,,Corea del Sur,False
498,2010,Argentina,Corea del Sur,"1ra Ronda, Grupo B",B,76,Gonzalo Higuain,,Argentina,False
499,2010,Argentina,Corea del Sur,"1ra Ronda, Grupo B",B,80,Gonzalo Higuain,,Argentina,False
500,2010,Alemania,Serbia,"1ra Ronda, Grupo D",D,38,Milan Jovanovic,,Serbia,False
501,2010,Eslovenia,Estados Unidos,"1ra Ronda, Grupo C",C,13,Valter Birsa,,Eslovenia,False
502,2010,Eslovenia,Estados Unidos,"1ra Ronda, Grupo C",C,42,Zlatan Ljubijankic,,Eslovenia,False
503,2010,Eslovenia,Estados Unidos,"1ra Ronda, Grupo C",C,48,Landon Donovan,,Estados Unidos,False
504,2010,Eslovenia,Estados Unidos,"1ra Ronda, Grupo C",C,82,Michael Bradley,,Estados Unidos,False
505,2010,Ghana,Australia,"1ra Ronda, Grupo D",D,11,Brett Holman,,Australia,True
506,2010,Paises Bajos,Japón,"1ra Ronda, Grupo E",E,53,Wesley Sneijder,,Paises Bajos,False
507,2010,Camerún,Dinamarca,"1ra Ronda, Grupo E",E,10,Samuel Eto'o,,Camerún,True
508,2010,Camerún,Dinamarca,"1ra Ronda, Grupo E",E,33,Nicklas Bendtner,,Dinamarca,False
509,2010,Camerún,Dinamarca,"1ra Ronda, Grupo E",E,61,Dennis Rommedahl,,Dinamarca,False
510,2010,Eslovaquia,Paraguay,"1ra Ronda, Grupo F",F,27,Enrique Vera,,Paraguay,False
511,2010,Eslovaquia,Paraguay,"1ra Ronda, Grupo F",F,86,Cristian Riveros,,Paraguay,False
512,2010,Italia,Nueva Zelanda,"1ra Ronda, Grupo F",F,7,Shane Smeltz,,Nueva Zelanda,False
513,2010,Brasil,Costa de Marfil,"1ra Ronda, Grupo G",G,25,Luis Fabiano,,Brasil,False
514,2010,Brasil,Costa de Marfil,"1ra Ronda, Grupo G",G,50,Luis Fabiano,,Brasil,False
515,2010,Brasil,Costa de Marfil,"1ra Ronda, Grupo G",G,62,Elano,,Brasil,False
516,2010,Brasil,Costa de Marfil,"1ra Ronda, Grupo G",G,79,Didier Drogba,,Costa de Marfil,False
517,2010,Portugal,Corea del Norte,"1ra Ronda, Grupo G",G,29,Raul Meireles,,Portugal,False
518,2010,Portugal,Corea del Norte,"1ra Ronda, Grupo G",G,53,Simao,,Portugal,False
519,2010,Portugal,Corea del Norte,"1ra Ronda, Grupo G",G,56,Hugo Almeida,,Portugal,False
520,2010,Portugal,Corea del Norte,"1ra Ronda, Grupo G",G,60,Tiago,,Portugal,False
521,2010,Portugal,Corea del Norte,"1ra Ronda, Grupo G",G,81,Liedson,,Portugal,False
522,2010,Portugal,Corea del Norte,"1ra Ronda, Grupo G",G,87,Cristiano Ronaldo,,Portugal,False
523,2010,Portugal,Corea del Norte,"1ra Ronda, Grupo G",G,89,Tiago,,Portugal,False
524,2010,Chile,Suiza,"1ra Ronda, Grupo H",H,75,Mark Gonzalez,,Chile,False
525,2010,España,Honduras,"1ra Ronda, Grupo H",H,17,David Villa,,España,False
526,2010,España,Honduras,"1ra Ronda, Grupo H",H,51,David Villa,,España,False
527,2010,México,Uruguay,"1ra Ronda, Grupo A",A,43,Luis Suarez,,Uruguay,False
528,2010,Francia,Sudáfrica,"1ra Ronda, Grupo A",A,20,Bongani Khumalo,,Sudáfrica,False
529,2010,Francia,Sudáfrica,"1ra Ronda, Grupo A",A,37,Katlego Mphela,,Sudáfrica,False
530,2010,Francia,Sudáfrica,"1ra Ronda, Grupo A",A,70,Florent Malouda,,Francia,False
531,2010,Nigeria,Corea del Sur,"1ra Ronda, Grupo B",B,12,Kalu Uche,,Nigeria,False
532,2010,Nigeria,Corea del Sur,"1ra Ronda, Grupo B",B,38,Jung Soo Lee,,Corea del Sur,False
533,2010,Nigeria,Corea del Sur,"1ra Ronda, Grupo B",B,49,Chu Young Park,,Corea del Sur,False
534,2010,Grecia,Argentina,"1ra Ronda, Grupo B",B,77,Martin Demichelis,,Argentina,False
535,2010,Grecia,Argentina,"1ra Ronda, Grupo B",B,89,Martin Palermo,,Argentina,False
536,2010,Eslovenia,Inglaterra,"1ra Ronda, Grupo C",C,23,Jermain Defoe,,Inglaterra,False
537,2010,Estados Unidos,Argelia,"1ra Ronda, Grupo C",C,90,Landon Donovan,,Estados Unidos,False
538,2010,Ghana,Alemania,"1ra Ronda, Grupo D",D,60,Mesut Ozil,,Alemania,False
539,2010,Australia,Serbia,"1ra Ronda, Grupo D",D,69,Tim Cahill,,Australia,False
540,2010,Australia,Serbia,"1ra Ronda, Grupo D",D,73,Brett Holman,,Australia,True
541,2010,Australia,Serbia,"1ra Ronda, Grupo D",D,84,Marko Pantelic,,Serbia,False
542,2010,Eslovaquia,Italia,"1ra Ronda, Grupo F",F,25,Robert Vittek,,Eslovaquia,False
543,2010,Eslovaquia,Italia,"1ra Ronda, Grupo F",F,73,Robert Vittek,,Eslovaquia,False
544,2010,Eslovaquia,Italia,"1ra Ronda, Grupo F",F,81,Antonio Di Natale,,Italia,False
545,2010,Eslovaquia,Italia,"1ra Ronda, Grupo F",F,89,Kamil Kopunek,,Eslovaquia,False
546,2010,Eslovaquia,Italia,"1ra Ronda, Grupo F",F,90,Fabio Quagliarella,,Italia,False
547,2010,Dinamarca,Japón,"1ra Ronda, Grupo E",E,17,Keisuke Honda,,Japón,False
548,2010,Dinamarca,Japón,"1ra Ronda, Grupo E",E,30,Yasuhito Endo,,Japón,False
549,2010,Dinamarca,Japón,"1ra Ronda, Grupo E",E,81,Jon Dahl Tomasson,,Dinamarca,False
550,2010,Dinamarca,Japón,"1ra Ronda, Grupo E",E,87,Shinji Okazaki,,Japón,False
551,2010,Camerún,Paises Bajos,"1ra Ronda, Grupo E",E,36,Robin Van Persie,,Paises Bajos,False
552,2010,Camerún,Paises Bajos,"1ra Ronda, Grupo E",E,83,Klaas Jan Huntelaar,,Paises Bajos,False
553,2010,Corea del Norte,Costa de Marfil,"1ra Ronda, Grupo G",G,14,Yaya Toure,,Costa de Marfil,False
554,2010,Corea del Norte,Costa de Marfil,"1ra Ronda, Grupo G",G,20,Romaric,,Costa de Marfil,False
555,2010,Corea del Norte,Costa de Marfil,"1ra Ronda, Grupo G",G,82,Salomon Kalou,,Costa de Marfil,False
556,2010,Chile,España,"1ra Ronda, Grupo H",H,24,David Villa,,España,False
557,2010,Chile,España,"1ra Ronda, Grupo H",H,37,Andrés Iniesta,,España,False
558,2010,Chile,España,"1ra Ronda, Grupo H",H,47,Rodrigo Millar,,Chile,False
559,2010,Uruguay,Corea del Sur,Octavos,,8,Luis Suarez,,Uruguay,False
560,2010,Uruguay,Corea del Sur,Octavos,,68,Chung-yong Lee,,Corea del Sur,False
561,2010,Uruguay,Corea del Sur,Octavos,,80,Luis Suarez,,Uruguay,False
562,2010,Estados Unidos,Ghana,Octavos,,5,Kevin Prince Boateng,,Ghana,False
563,2010,Estados Unidos,Ghana,Octavos,,62,Landon Donovan,,Estados Unidos,False
564,2010,Estados Unidos,Ghana,Octavos,,93,Asamoah Gyan,,Ghana,True
565,2010,Alemania,Inglaterra,Octavos,,20,Miroslav Klose,,Alemania,False
566,2010,Alemania,Inglaterra,Octavos,,32,Lukas Podolski,,Alemania,False
567,2010,Alemania,Inglaterra,Octavos,,37,Matt Upson,,Inglaterra,False
568,2010,Alemania,Inglaterra,Octavos,,67,Thomas Müller,,Alemania,False
569,2010,Alemania,Inglaterra,Octavos,,70,Thomas Müller,,Alemania,False
570,2010,Argentina,México,Octavos,,26,Carlos Tevez,,Argentina,False
571,2010,Argentina,México,Octavos,,33,Gonzalo Higuain,,Argentina,False
572,2010,Argentina,México,Octavos,,52,Carlos Tevez,,Argentina,False
573,2010,Argentina,México,Octavos,,71,Javier Hernandez,,México,False
574,2010,Paises Bajos,Eslovaquia,Octavos,,18,Arjen Robben,,Paises Bajos,False
575,2010,Paises Bajos,Eslovaquia,Octavos,,84,Wesley Sneijder,,Paises Bajos,False
576,2010,Brasil,Chile,Octavos,,35,Juan,,Brasil,False
577,2010,Brasil,Chile,Octavos,,38,Luis Fabiano,,Brasil,False
578,2010,Brasil,Chile,Octavos,,59,Robinho,,Brasil,False
579,2010,España,Portugal,Octavos,,63,David Villa,,España,False
580,2010,Paises Bajos,Brasil,Cuartos,,10,Robinho,,Brasil,False
581,2010,Paises Bajos,Brasil,Cuartos,,53,Wesley Sneijder,,Paises Bajos,False
582,2010,Paises Bajos,Brasil,Cuartos,,68,Wesley Sneijder,,Paises Bajos,False
583,2010,Uruguay,Ghana,Cuartos,,45,Sulley Muntari,,Ghana,False
584,2010,Uruguay,Ghana,Cuartos,,55,Diego Forlan,,Uruguay,False
585,2010,Argentina,Alemania,Cuartos,,3,Thomas Müller,,Alemania,False
586,2010,Argentina,Alemania,Cuartos,,68,Miroslav Klose,,Alemania,False
587,2010,Argentina,Alemania,Cuartos,,74,Arne Friedrich,,Alemania,False
588,2010,Argentina,Alemania,Cuartos,,89,Miroslav Klose,,Alemania,False
589,2010,Paraguay,España,Cuartos,,83,David Villa,,España,False
590,2010,Uruguay,Paises Bajos,Semis,,18,Giovanni Van Bronckhorst,,Paises Bajos,False
591,2010,Uruguay,Paises Bajos,Semis,,41,Diego Forlan,,Uruguay,False
592,2010,Uruguay,Paises Bajos,Semis,,70,Wesley Sneijder,,Paises Bajos,False
593,2010,Uruguay,Paises Bajos,Semis,,73,Arjen Robben,,Paises Bajos,False
594,2010,Uruguay,Paises Bajos,Semis,,90,Maximiliano Pereira,,Uruguay,False
595,2010,Alemania,España,Semis,,73,Carles Puyol,,España,False
596,2010,Uruguay,Alemania,3er Puesto,,19,Thomas Müller,,Alemania,False
597,2010,Uruguay,Alemania,3er Puesto,,28,Edinson Cavani,,Uruguay,False
598,2010,Uruguay,Alemania,3er Puesto,,51,Diego Forlan,,Uruguay,False
599,2010,Uruguay,Alemania,3er Puesto,,56,Marcell Jansen,,Alemania,False
600,2010,Uruguay,Alemania,3er Puesto,,82,Sami Khedira,,Alemania,False
601,2010,Paises Bajos,España,Final,,116,Andrés Iniesta,,España,True
602,2006,Alemania,Costa Rica,"1ra Ronda, Grupo A",A,6,Philipp Lahm,,Alemania,False
603,2006,Alemania,Costa Rica,"1ra Ronda, Grupo A",A,12,Paulo Wanchope,,Costa Rica,False
604,2006,Alemania,Costa Rica,"1ra Ronda, Grupo A",A,17,Miroslav Klose,,Alemania,False
605,2006,Alemania,Costa Rica,"1ra Ronda, Grupo A",A,61,Miroslav Klose,,Alemania,False
606,2006,Alemania,Costa Rica,"1ra Ronda, Grupo A",A,73,Paulo Wanchope,,Costa Rica,False
607,2006,Alemania,Costa Rica,"1ra Ronda, Grupo A",A,87,Torsten Frings,,Alemania,False
608,2006,Polonia,Ecuador,"1ra Ronda, Grupo A",A,24,Carlos Tenorio,,Ecuador,False
609,2006,Polonia,Ecuador,"1ra Ronda, Grupo A",A,80,Agustin Delgado,,Ecuador,False
610,2006,Inglaterra,Paraguay,"1ra Ronda, Grupo B",B,3,Carlos Gamarra,,Inglaterra,False
611,2006,Argentina,Costa de Marfil,"1ra Ronda, Grupo C",C,24,Hernan Crespo,,Argentina,False
612,2006,Argentina,Costa de Marfil,"1ra Ronda, Grupo C",C,38,Javier Saviola,,Argentina,False
613,2006,Argentina,Costa de Marfil,"1ra Ronda, Grupo C",C,82,Didier Drogba,,Costa de Marfil,False
614,2006,Serbia y Montenegro,Paises Bajos,"1ra Ronda, Grupo C",C,18,Arjen Robben,,Paises Bajos,False
615,2006,México,Irán,"1ra Ronda, Grupo D",D,28,Omar Bravo,,México,False
616,2006,México,Irán,"1ra Ronda, Grupo D",D,36,Yahya Golmohammadi,,Irán,False
617,2006,México,Irán,"1ra Ronda, Grupo D",D,76,Omar Bravo,,México,False
618,2006,México,Irán,"1ra Ronda, Grupo D",D,79,Zinha,,México,False
619,2006,Angola,Portugal,"1ra Ronda, Grupo D",D,4,Pauleta,,Portugal,True
620,2006,Italia,Ghana,"1ra Ronda, Grupo E",E,40,Andrea Pirlo,,Italia,False
621,2006,Italia,Ghana,"1ra Ronda, Grupo E",E,83,Vincenzo Iaquinta,,Italia,False
622,2006,Estados Unidos,República Checa,"1ra Ronda, Grupo E",E,5,Jan Koller,,República Checa,False
623,2006,Estados Unidos,República Checa,"1ra Ronda, Grupo E",E,36,Tomas Rosicky,,República Checa,False
624,2006,Estados Unidos,República Checa,"1ra Ronda, Grupo E",E,76,Tomas Rosicky,,República Checa,False
625,2006,Australia,Japón,"1ra Ronda, Grupo F",F,26,Shunsuke Nakamura,,Japón,False
626,2006,Australia,Japón,"1ra Ronda, Grupo F",F,84,Tim Cahill,,Australia,False
627,2006,Australia,Japón,"1ra Ronda, Grupo F",F,89,Tim Cahill,,Australia,False
628,2006,Australia,Japón,"1ra Ronda, Grupo F",F,90,John Aloisi,,Australia,False
629,2006,Brasil,Croacia,"1ra Ronda, Grupo F",F,44,Kaká,,Brasil,False
630,2006,Corea del Sur,Togo,"1ra Ronda, Grupo G",G,31,Mohamed Kader,,Togo,False
631,2006,Corea del Sur,Togo,"1ra Ronda, Grupo G",G,54,Chun Soo Lee,,Corea del Sur,False
632,2006,Corea del Sur,Togo,"1ra Ronda, Grupo G",G,72,Jung Hwan Ahn,,Corea del Sur,False
633,2006,España,Ucrania,"1ra Ronda, Grupo H",H,13,Xabi Alonso,,España,False
634,2006,España,Ucrania,"1ra Ronda, Grupo H",H,17,David Villa,,España,False
635,2006,España,Ucrania,"1ra Ronda, Grupo H",H,81,Fernando Torres,,España,False
636,2006,Túnez,Arabia Saudita,"1ra Ronda, Grupo H",H,23,Zied Jaziri,,Túnez,False
637,2006,Túnez,Arabia Saudita,"1ra Ronda, Grupo H",H,57,Yasser Al Kahtani,,Arabia Saudita,False
638,2006,Túnez,Arabia Saudita,"1ra Ronda, Grupo H",H,84,Sami Al Jaber,,Arabia Saudita,False
639,2006,Túnez,Arabia Saudita,"1ra Ronda, Grupo H",H,90,Radhi Jaidi,,Túnez,False
640,2006,Alemania,Polonia,"1ra Ronda, Grupo A",A,90,Oliver Neuville,,Alemania,False
641,2006,Ecuador,Costa Rica,"1ra Ronda, Grupo A",A,8,Carlos Tenorio,,Ecuador,False
642,2006,Ecuador,Costa Rica,"1ra Ronda, Grupo A",A,54,Agustin Delgado,,Ecuador,False
643,2006,Ecuador,Costa Rica,"1ra Ronda, Grupo A",A,90,Ivan Kaviedes,,Ecuador,False
644,2006,Inglaterra,Trinidad y Tobago,"1ra Ronda, Grupo B",B,83,Peter Crouch,,Inglaterra,True
645,2006,Inglaterra,Trinidad y Tobago,"1ra Ronda, Grupo B",B,90,Steven Gerrard,,Inglaterra,False
646,2006,Suecia,Paraguay,"1ra Ronda, Grupo B",B,89,Fredrik Ljungberg,,Suecia,False
647,2006,Argentina,Serbia y Montenegro,"1ra Ronda, Grupo C",C,6,Maxi Rodriguez,,Argentina,False
648,2006,Argentina,Serbia y Montenegro,"1ra Ronda, Grupo C",C,31,Esteban Cambiasso,,Argentina,False
649,2006,Argentina,Serbia y Montenegro,"1ra Ronda, Grupo C",C,41,Maxi Rodriguez,,Argentina,False
650,2006,Argentina,Serbia y Montenegro,"1ra Ronda, Grupo C",C,78,Hernan Crespo,,Argentina,False
651,2006,Argentina,Serbia y Montenegro,"1ra Ronda, Grupo C",C,84,Carlos Tevez,,Argentina,False
652,2006,Argentina,Serbia y Montenegro,"1ra Ronda, Grupo C",C,88,Lionel Messi,,Argentina,False
653,2006,Paises Bajos,Costa de Marfil,"1ra Ronda, Grupo C",C,23,Robin Van Persie,,Paises Bajos,False
654,2006,Paises Bajos,Costa de Marfil,"1ra Ronda, Grupo C",C,27,Ruud Van Nistelrooij,,Paises Bajos,False
655,2006,Paises Bajos,Costa de Marfil,"1ra Ronda, Grupo C",C,38,Bakary Kone,,Costa de Marfil,False
656,2006,Portugal,Irán,"1ra Ronda, Grupo D",D,63,Deco,,Portugal,False
657,2006,Italia,Estados Unidos,"1ra Ronda, Grupo E",E,22,Alberto Gilardino,,Italia,False
658,2006,Italia,Estados Unidos,"1ra Ronda, Grupo E",E,27,Cristian Zaccardo,,Estados Unidos,False
659,2006,República Checa,Ghana,"1ra Ronda, Grupo E",E,2,Asamoah Gyan,,Ghana,False
660,2006,República Checa,Ghana,"1ra Ronda, Grupo E",E,82,Sulley Muntari,,Ghana,False
661,2006,Brasil,Australia,"1ra Ronda, Grupo F",F,49,Adriano,,Brasil,False
662,2006,Brasil,Australia,"1ra Ronda, Grupo F",F,90,Fred,,Brasil,False
663,2006,Francia,Corea del Sur,"1ra Ronda, Grupo G",G,9,Thierry Henry,,Francia,False
664,2006,Francia,Corea del Sur,"1ra Ronda, Grupo G",G,81,Ji Sung Park,,Corea del Sur,False
665,2006,Togo,Suiza,"1ra Ronda, Grupo G",G,16,Alexander Frei,,Suiza,False
666,2006,Togo,Suiza,"1ra Ronda, Grupo G",G,88,Tranquillo Barnetta,,Suiza,True
667,2006,España,Túnez,"1ra Ronda, Grupo H",H,8,Jaouhar Mnari,,Túnez,False
668,2006,España,Túnez,"1ra Ronda, Grupo H",H,71,Raul,,España,False
669,2006,España,Túnez,"1ra Ronda, Grupo H",H,76,Fernando Torres,,España,False
670,2006,Arabia Saudita,Ucrania,"1ra Ronda, Grupo H",H,4,Andriy Rusol,,Ucrania,False
671,2006,Arabia Saudita,Ucrania,"1ra Ronda, Grupo H",H,36,Serhiy Rebrov,,Ucrania,False
672,2006,Arabia Saudita,Ucrania,"1ra Ronda, Grupo H",H,46,Andriy Shevchenko,,Ucrania,False
673,2006,Arabia Saudita,Ucrania,"1ra Ronda, Grupo H",H,84,Maksym Kalinichenko,,Ucrania,False
674,2006,Ecuador,Alemania,"1ra Ronda, Grupo A",A,4,Miroslav Klose,,Alemania,False
675,2006,Ecuador,Alemania,"1ra Ronda, Grupo A",A,44,Miroslav Klose,,Alemania,False
676,2006,Ecuador,Alemania,"1ra Ronda, Grupo A",A,57,Lukas Podolski,,Alemania,False
677,2006,Costa Rica,Polonia,"1ra Ronda, Grupo A",A,25,Ronald Gomez,,Costa Rica,False
678,2006,Costa Rica,Polonia,"1ra Ronda, Grupo A",A,33,Bartosz Bosacki,,Polonia,False
679,2006,Costa Rica,Polonia,"1ra Ronda, Grupo A",A,66,Bartosz Bosacki,,Polonia,False
680,2006,Suecia,Inglaterra,"1ra Ronda, Grupo B",B,34,Joe Cole,,Inglaterra,False
681,2006,Suecia,Inglaterra,"1ra Ronda, Grupo B",B,51,Marcus Allback,,Suecia,False
682,2006,Suecia,Inglaterra,"1ra Ronda, Grupo B",B,85,Steven Gerrard,,Inglaterra,False
683,2006,Suecia,Inglaterra,"1ra Ronda, Grupo B",B,90,Henrik Larsson,,Suecia,False
684,2006,Paraguay,Trinidad y Tobago,"1ra Ronda, Grupo B",B,25,Brent Sancho,,Paraguay,False
685,2006,Paraguay,Trinidad y Tobago,"1ra Ronda, Grupo B",B,86,Nelson Cuevas,,Paraguay,False
686,2006,Costa de Marfil,Serbia y Montenegro,"1ra Ronda, Grupo C",C,10,Nikola Zigic,,Serbia y Montenegro,False
687,2006,Costa de Marfil,Serbia y Montenegro,"1ra Ronda, Grupo C",C,20,Sasa Ilic,,Serbia y Montenegro,False
688,2006,Costa de Marfil,Serbia y Montenegro,"1ra Ronda, Grupo C",C,67,Aruna Dindane,,Costa de Marfil,False
689,2006,Portugal,México,"1ra Ronda, Grupo D",D,6,Maniche,,Portugal,False
690,2006,Portugal,México,"1ra Ronda, Grupo D",D,29,Jose Fonseca,,México,False
691,2006,Irán,Angola,"1ra Ronda, Grupo D",D,60,Flavio,,Angola,False
692,2006,Irán,Angola,"1ra Ronda, Grupo D",D,75,Sohrab Bakhtiarizadeh,,Irán,False
693,2006,República Checa,Italia,"1ra Ronda, Grupo E",E,26,Marco Materazzi,,Italia,False
694,2006,República Checa,Italia,"1ra Ronda, Grupo E",E,87,Filippo Inzaghi,,Italia,False
695,2006,Ghana,Estados Unidos,"1ra Ronda, Grupo E",E,22,Haminu Draman,,Ghana,False
696,2006,Ghana,Estados Unidos,"1ra Ronda, Grupo E",E,43,Clint Dempsey,,Estados Unidos,False
697,2006,Japón,Brasil,"1ra Ronda, Grupo F",F,34,Keiji Tamada,,Japón,False
698,2006,Japón,Brasil,"1ra Ronda, Grupo F",F,45,Ronaldo,,Brasil,False
699,2006,Japón,Brasil,"1ra Ronda, Grupo F",F,53,Juninho Pernambucano,,Brasil,False
700,2006,Japón,Brasil,"1ra Ronda, Grupo F",F,59,Gilberto Melo,,Brasil,False
701,2006,Japón,Brasil,"1ra Ronda, Grupo F",F,81,Ronaldo,,Brasil,False
702,2006,Croacia,Australia,"1ra Ronda, Grupo F",F,2,Darijo Srna,,Croacia,False
703,2006,Croacia,Australia,"1ra Ronda, Grupo F",F,56,Niko Kovac,,Croacia,False
704,2006,Croacia,Australia,"1ra Ronda, Grupo F",F,79,Harry Kewell,,Australia,False
705,2006,Togo,Francia,"1ra Ronda, Grupo G",G,55,Patrick Vieira,,Francia,False
706,2006,Togo,Francia,"1ra Ronda, Grupo G",G,61,Thierry Henry,,Francia,False
707,2006,Suiza,Corea del Sur,"1ra Ronda, Grupo G",G,23,Philippe Senderos,,Suiza,False
708,2006,Suiza,Corea del Sur,"1ra Ronda, Grupo G",G,77,Alexander Frei,,Suiza,False
709,2006,Arabia Saudita,España,"1ra Ronda, Grupo H",H,36,Juanito,,España,False
710,2006,Alemania,Suecia,Octavos,,4,Lukas Podolski,,Alemania,False
711,2006,Alemania,Suecia,Octavos,,12,Lukas Podolski,,Alemania,False
712,2006,Argentina,México,Octavos,,6,Rafael Marquez,,México,False
713,2006,Argentina,México,Octavos,,10,Hernan Crespo,,Argentina,False
714,2006,Argentina,México,Octavos,,98,Maxi Rodriguez,,Argentina,True
715,2006,Inglaterra,Ecuador,Octavos,,60,David Beckham,,Inglaterra,False
716,2006,Portugal,Paises Bajos,Octavos,,23,Maniche,,Portugal,False
717,2006,Brasil,Ghana,Octavos,,5,Ronaldo,,Brasil,False
718,2006,Brasil,Ghana,Octavos,,45,Adriano,,Brasil,False
719,2006,Brasil,Ghana,Octavos,,84,Ze Roberto,,Brasil,False
720,2006,España,Francia,Octavos,,41,Franck Ribery,,Francia,False
721,2006,España,Francia,Octavos,,83,Patrick Vieira,,Francia,False
722,2006,España,Francia,Octavos,,90,Zinedine Zidane,,Francia,False
723,2006,Alemania,Argentina,Cuartos,,49,Roberto Ayala,,Argentina,False
724,2006,Alemania,Argentina,Cuartos,,80,Miroslav Klose,,Alemania,False
725,2006,Italia,Ucrania,Cuartos,,6,Gianluca Zambrotta,,Italia,False
726,2006,Italia,Ucrania,Cuartos,,59,Luca Toni,,Italia,False
727,2006,Italia,Ucrania,Cuartos,,69,Luca Toni,,Italia,False
728,2006,Brasil,Francia,Cuartos,,57,Thierry Henry,,Francia,False
729,2006,Alemania,Italia,Semis,,119,Fabio Grosso,,Italia,True
730,2006,Alemania,Italia,Semis,,121,Alessandro Del Piero,,Italia,True
731,2006,Alemania,Portugal,3er Puesto,,56,Bastian Schweinsteiger,,Alemania,False
732,2006,Alemania,Portugal,3er Puesto,,60,Petit,,Alemania,True
733,2006,Alemania,Portugal,3er Puesto,,78,Bastian Schweinsteiger,,Alemania,False
734,2006,Alemania,Portugal,3er Puesto,,88,Nuno Gomes,,Portugal,False
735,2006,Italia,Francia,Final,,19,Marco Materazzi,,Italia,False
736,2002,Francia,Senegal,"1ra Ronda, Grupo A",A,30,Bouba Diop,,Senegal,False
737,2002,Irlanda,Camerún,"1ra Ronda, Grupo E",E,39,Patrick Mboma,,Camerún,False
738,2002,Irlanda,Camerún,"1ra Ronda, Grupo E",E,52,Matt Holland,,Irlanda,False
739,2002,Uruguay,Dinamarca,"1ra Ronda, Grupo A",A,45,Jon Dahl Tomasson,,Dinamarca,False
740,2002,Uruguay,Dinamarca,"1ra Ronda, Grupo A",A,47,Dario Rodriguez,,Uruguay,False
741,2002,Uruguay,Dinamarca,"1ra Ronda, Grupo A",A,83,Jon Dahl Tomasson,,Dinamarca,False
742,2002,Alemania,Arabia Saudita,"1ra Ronda, Grupo E",E,20,Miroslav Klose,,Alemania,False
743,2002,Alemania,Arabia Saudita,"1ra Ronda, Grupo E",E,25,Miroslav Klose,,Alemania,False
744,2002,Alemania,Arabia Saudita,"1ra Ronda, Grupo E",E,40,Michael Ballack,,Alemania,False
745,2002,Alemania,Arabia Saudita,"1ra Ronda, Grupo E",E,45,Carsten Jancker,,Alemania,False
746,2002,Alemania,Arabia Saudita,"1ra Ronda, Grupo E",E,70,Miroslav Klose,,Alemania,False
747,2002,Alemania,Arabia Saudita,"1ra Ronda, Grupo E",E,73,Thomas Linke,,Alemania,False
748,2002,Alemania,Arabia Saudita,"1ra Ronda, Grupo E",E,84,Oliver Bierhoff,,Alemania,False
749,2002,Alemania,Arabia Saudita,"1ra Ronda, Grupo E",E,90,Bernd Schneider,,Alemania,False
750,2002,Inglaterra,Suecia,"1ra Ronda, Grupo F",F,24,Sol Campbell,,Inglaterra,False
751,2002,Inglaterra,Suecia,"1ra Ronda, Grupo F",F,59,Niclas Alexandersson,,Suecia,False
752,2002,Paraguay,Sudáfrica,"1ra Ronda, Grupo B",B,39,Roque Santa Cruz,,Paraguay,False
753,2002,Paraguay,Sudáfrica,"1ra Ronda, Grupo B",B,55,Francisco Arce,,Paraguay,False
754,2002,Paraguay,Sudáfrica,"1ra Ronda, Grupo B",B,63,Teboho Mokoena,,Sudáfrica,False
755,2002,Argentina,Nigeria,"1ra Ronda, Grupo F",F,63,Gabriel Batistuta,,Argentina,False
756,2002,España,Eslovenia,"1ra Ronda, Grupo B",B,44,Raul,,España,False
757,2002,España,Eslovenia,"1ra Ronda, Grupo B",B,74,Juan Carlos Valeron,,España,False
758,2002,España,Eslovenia,"1ra Ronda, Grupo B",B,82,Sebastijan Cimirotic,,Eslovenia,False
759,2002,Brasil,Turquía,"1ra Ronda, Grupo C",C,45,Hasan Sas,,Turquía,False
760,2002,Brasil,Turquía,"1ra Ronda, Grupo C",C,50,Ronaldo,,Brasil,False
761,2002,Italia,Ecuador,"1ra Ronda, Grupo G",G,7,Christian Vieri,,Italia,False
762,2002,Italia,Ecuador,"1ra Ronda, Grupo G",G,27,Christian Vieri,,Italia,False
763,2002,China,Costa Rica,"1ra Ronda, Grupo C",C,61,Ronald Gomez,,Costa Rica,False
764,2002,China,Costa Rica,"1ra Ronda, Grupo C",C,65,Mauricio Wright,,Costa Rica,False
765,2002,Japón,Bélgica,"1ra Ronda, Grupo H",H,57,Marc Wilmots,,Bélgica,False
766,2002,Japón,Bélgica,"1ra Ronda, Grupo H",H,59,Takayuki Suzuki,,Japón,False
767,2002,Japón,Bélgica,"1ra Ronda, Grupo H",H,67,Junichi Inamoto,,Japón,False
768,2002,Japón,Bélgica,"1ra Ronda, Grupo H",H,75,Peter Van Der Heyden,,Bélgica,True
769,2002,Corea del Sur,Polonia,"1ra Ronda, Grupo D",D,26,Sun Hong Hwang,,Corea del Sur,False
770,2002,Corea del Sur,Polonia,"1ra Ronda, Grupo D",D,53,Sang Chul Yoo,,Corea del Sur,False
771,2002,Rusia,Túnez,"1ra Ronda, Grupo H",H,59,Egor Titov,,Rusia,False
772,2002,Estados Unidos,Portugal,"1ra Ronda, Grupo D",D,4,John O'Brien,,Estados Unidos,False
773,2002,Estados Unidos,Portugal,"1ra Ronda, Grupo D",D,29,Jorge Costa,,Estados Unidos,False
774,2002,Estados Unidos,Portugal,"1ra Ronda, Grupo D",D,36,Brian Mcbride,,Estados Unidos,False
775,2002,Estados Unidos,Portugal,"1ra Ronda, Grupo D",D,39,Beto,,Portugal,True
776,2002,Estados Unidos,Portugal,"1ra Ronda, Grupo D",D,71,Jeff Agoos,,Portugal,False
777,2002,Alemania,Irlanda,"1ra Ronda, Grupo E",E,19,Miroslav Klose,,Alemania,False
778,2002,Alemania,Irlanda,"1ra Ronda, Grupo E",E,90,Robbie Keane,,Irlanda,False
779,2002,Camerún,Arabia Saudita,"1ra Ronda, Grupo E",E,66,Samuel Eto'o,,Camerún,True
780,2002,Dinamarca,Senegal,"1ra Ronda, Grupo A",A,52,Salif Diao,,Senegal,False
781,2002,Suecia,Nigeria,"1ra Ronda, Grupo F",F,27,Julius Aghahowa,,Nigeria,False
782,2002,Suecia,Nigeria,"1ra Ronda, Grupo F",F,35,Henrik Larsson,,Suecia,False
783,2002,España,Paraguay,"1ra Ronda, Grupo B",B,10,Carles Puyol,,Paraguay,False
784,2002,España,Paraguay,"1ra Ronda, Grupo B",B,53,Fernando Morientes,,España,False
785,2002,España,Paraguay,"1ra Ronda, Grupo B",B,69,Fernando Morientes,,España,False
786,2002,Sudáfrica,Eslovenia,"1ra Ronda, Grupo B",B,4,Siyabonga Nomvethe,,Sudáfrica,True
787,2002,Italia,Croacia,"1ra Ronda, Grupo G",G,55,Christian Vieri,,Italia,False
788,2002,Italia,Croacia,"1ra Ronda, Grupo G",G,73,Ivica Olic,,Croacia,False
789,2002,Italia,Croacia,"1ra Ronda, Grupo G",G,76,Milan Rapaic,,Croacia,False
790,2002,Brasil,China,"1ra Ronda, Grupo C",C,15,Roberto Carlos,,Brasil,False
791,2002,Brasil,China,"1ra Ronda, Grupo C",C,32,Rivaldo,,Brasil,False
792,2002,Brasil,China,"1ra Ronda, Grupo C",C,55,Ronaldo,,Brasil,False
793,2002,México,Ecuador,"1ra Ronda, Grupo G",G,5,Agustin Delgado,,Ecuador,False
794,2002,México,Ecuador,"1ra Ronda, Grupo G",G,28,Jared Borgetti,,México,True
795,2002,México,Ecuador,"1ra Ronda, Grupo G",G,57,Gerardo Torrado,,México,False
796,2002,Costa Rica,Turquía,"1ra Ronda, Grupo C",C,56,Emre Belozoglu,,Turquía,False
797,2002,Costa Rica,Turquía,"1ra Ronda, Grupo C",C,86,Winston Parks,,Costa Rica,False
798,2002,Japón,Rusia,"1ra Ronda, Grupo H",H,51,Junichi Inamoto,,Japón,False
799,2002,Corea del Sur,Estados Unidos,"1ra Ronda, Grupo D",D,24,Clint Mathis,,Estados Unidos,False
800,2002,Corea del Sur,Estados Unidos,"1ra Ronda, Grupo D",D,78,Jung Hwan Ahn,,Corea del Sur,False
801,2002,Túnez,Bélgica,"1ra Ronda, Grupo H",H,13,Marc Wilmots,,Bélgica,False
802,2002,Túnez,Bélgica,"1ra Ronda, Grupo H",H,17,Raouf Bouzaiene,,Túnez,False
803,2002,Portugal,Polonia,"1ra Ronda, Grupo D",D,14,Pauleta,,Portugal,True
804,2002,Portugal,Polonia,"1ra Ronda, Grupo D",D,65,Pauleta,,Portugal,True
805,2002,Portugal,Polonia,"1ra Ronda, Grupo D",D,77,Pauleta,,Portugal,True
806,2002,Portugal,Polonia,"1ra Ronda, Grupo D",D,88,Rui Costa,,Portugal,False
807,2002,Dinamarca,Francia,"1ra Ronda, Grupo A",A,22,Dennis Rommedahl,,Dinamarca,False
808,2002,Dinamarca,Francia,"1ra Ronda, Grupo A",A,67,Jon Dahl Tomasson,,Dinamarca,False
809,2002,Senegal,Uruguay,"1ra Ronda, Grupo A",A,26,Bouba Diop,,Senegal,False
810,2002,Senegal,Uruguay,"1ra Ronda, Grupo A",A,38,Bouba Diop,,Senegal,False
811,2002,Senegal,Uruguay,"1ra Ronda, Grupo A",A,46,Richard Morales,,Uruguay,False
812,2002,Senegal,Uruguay,"1ra Ronda, Grupo A",A,69,Diego Forlan,,Uruguay,False
813,2002,Camerún,Alemania,"1ra Ronda, Grupo E",E,50,Marco Bode,,Alemania,False
814,2002,Camerún,Alemania,"1ra Ronda, Grupo E",E,79,Miroslav Klose,,Alemania,False
815,2002,Arabia Saudita,Irlanda,"1ra Ronda, Grupo E",E,7,Robbie Keane,,Irlanda,False
816,2002,Arabia Saudita,Irlanda,"1ra Ronda, Grupo E",E,61,Gary Breen,,Irlanda,False
817,2002,Arabia Saudita,Irlanda,"1ra Ronda, Grupo E",E,87,Damien Duff,,Irlanda,False
818,2002,Suecia,Argentina,"1ra Ronda, Grupo F",F,59,Anders Svensson,,Suecia,False
819,2002,Suecia,Argentina,"1ra Ronda, Grupo F",F,88,Hernan Crespo,,Argentina,False
820,2002,Sudáfrica,España,"1ra Ronda, Grupo B",B,4,Raul,,España,False
821,2002,Sudáfrica,España,"1ra Ronda, Grupo B",B,31,Benni Mccarthy,,Sudáfrica,False
822,2002,Sudáfrica,España,"1ra Ronda, Grupo B",B,45,Gaizka Mendieta,,España,True
823,2002,Sudáfrica,España,"1ra Ronda, Grupo B",B,53,Lucas Radebe,,Sudáfrica,False
824,2002,Sudáfrica,España,"1ra Ronda, Grupo B",B,56,Raul,,España,False
825,2002,Eslovenia,Paraguay,"1ra Ronda, Grupo B",B,45,Milenko Acimovic,,Eslovenia,False
826,2002,Eslovenia,Paraguay,"1ra Ronda, Grupo B",B,65,Nelson Cuevas,,Paraguay,False
827,2002,Eslovenia,Paraguay,"1ra Ronda, Grupo B",B,73,Jorge Campos,,Paraguay,False
828,2002,Eslovenia,Paraguay,"1ra Ronda, Grupo B",B,84,Nelson Cuevas,,Paraguay,False
829,2002,Costa Rica,Brasil,"1ra Ronda, Grupo C",C,10,Ronaldo,,Brasil,False
830,2002,Costa Rica,Brasil,"1ra Ronda, Grupo C",C,13,Ronaldo,,Brasil,False
831,2002,Costa Rica,Brasil,"1ra Ronda, Grupo C",C,38,Edmilson,,Brasil,False
832,2002,Costa Rica,Brasil,"1ra Ronda, Grupo C",C,39,Paulo Wanchope,,Costa Rica,False
833,2002,Costa Rica,Brasil,"1ra Ronda, Grupo C",C,56,Ronald Gomez,,Costa Rica,False
834,2002,Costa Rica,Brasil,"1ra Ronda, Grupo C",C,62,Rivaldo,,Brasil,False
835,2002,Costa Rica,Brasil,"1ra Ronda, Grupo C",C,64,Junior,,Brasil,False
836,2002,Turquía,China,"1ra Ronda, Grupo C",C,6,Hasan Sas,,Turquía,False
837,2002,Turquía,China,"1ra Ronda, Grupo C",C,9,Bulent Korkmaz,,Turquía,False
838,2002,Turquía,China,"1ra Ronda, Grupo C",C,85,Umit Davala,,Turquía,False
839,2002,México,Italia,"1ra Ronda, Grupo G",G,34,Jared Borgetti,,México,True
840,2002,México,Italia,"1ra Ronda, Grupo G",G,85,Alessandro Del Piero,,Italia,False
841,2002,Ecuador,Croacia,"1ra Ronda, Grupo G",G,48,Edison Mendez,,Ecuador,False
842,2002,Túnez,Japón,"1ra Ronda, Grupo H",H,48,Hiroaki Morishima,,Japón,False
843,2002,Túnez,Japón,"1ra Ronda, Grupo H",H,75,Hidetoshi Nakata,,Japón,True
844,2002,Bélgica,Rusia,"1ra Ronda, Grupo H",H,7,Johan Walem,,Bélgica,False
845,2002,Bélgica,Rusia,"1ra Ronda, Grupo H",H,52,Vladimir Beschastnykh,,Rusia,False
846,2002,Bélgica,Rusia,"1ra Ronda, Grupo H",H,78,Wesley Sonck,,Bélgica,False
847,2002,Bélgica,Rusia,"1ra Ronda, Grupo H",H,82,Marc Wilmots,,Bélgica,False
848,2002,Bélgica,Rusia,"1ra Ronda, Grupo H",H,88,Dmitri Sychev,,Rusia,False
849,2002,Portugal,Corea del Sur,"1ra Ronda, Grupo D",D,70,Ji Sung Park,,Corea del Sur,False
850,2002,Polonia,Estados Unidos,"1ra Ronda, Grupo D",D,3,Emmanuel Olisadebe,,Polonia,False
851,2002,Polonia,Estados Unidos,"1ra Ronda, Grupo D",D,5,Pawel Kryszalowicz,,Polonia,False
852,2002,Polonia,Estados Unidos,"1ra Ronda, Grupo D",D,66,Marcin Zewlakow,,Polonia,False
853,2002,Polonia,Estados Unidos,"1ra Ronda, Grupo D",D,83,Landon Donovan,,Estados Unidos,False
854,2002,Alemania,Paraguay,Octavos,,88,Oliver Neuville,,Alemania,False
855,2002,Dinamarca,Inglaterra,Octavos,,5,Rio Ferdinand,,Inglaterra,False
856,2002,Dinamarca,Inglaterra,Octavos,,22,Michael Owen,,Inglaterra,False
857,2002,Dinamarca,Inglaterra,Octavos,,44,Emile Heskey,,Inglaterra,False
858,2002,Suecia,Senegal,Octavos,,11,Henrik Larsson,,Suecia,False
859,2002,Suecia,Senegal,Octavos,,37,Henri Camara,,Senegal,False
860,2002,Suecia,Senegal,Octavos,,14,Henri Camara,,Senegal,False
861,2002,España,Irlanda,Octavos,,8,Fernando Morientes,,España,False
862,2002,México,Estados Unidos,Octavos,,8,Brian Mcbride,,Estados Unidos,False
863,2002,México,Estados Unidos,Octavos,,65,Landon Donovan,,Estados Unidos,False
864,2002,Brasil,Bélgica,Octavos,,67,Rivaldo,,Brasil,False
865,2002,Brasil,Bélgica,Octavos,,87,Ronaldo,,Brasil,False
866,2002,Japón,Turquía,Octavos,,12,Umit Davala,,Turquía,False
867,2002,Corea del Sur,Italia,Octavos,,18,Christian Vieri,,Italia,False
868,2002,Corea del Sur,Italia,Octavos,,88,Ki Hyeon Seol,,Corea del Sur,False
869,2002,Corea del Sur,Italia,Octavos,,117,Jung Hwan Ahn,,Corea del Sur,True
870,2002,Inglaterra,Brasil,Cuartos,,23,Michael Owen,,Inglaterra,False
871,2002,Inglaterra,Brasil,Cuartos,,45,Rivaldo,,Brasil,False
872,2002,Inglaterra,Brasil,Cuartos,,50,Ronaldinho,,Brasil,False
873,2002,Alemania,Estados Unidos,Cuartos,,39,Michael Ballack,,Alemania,False
874,2002,Senegal,Turquía,Cuartos,,4,Ilhan Mansiz,,Turquía,False
875,2002,Alemania,Corea del Sur,Semis,,75,Michael Ballack,,Alemania,False
876,2002,Brasil,Turquía,Semis,,49,Ronaldo,,Brasil,False
877,2002,Corea del Sur,Turquía,3er Puesto,,1,Hakan Sukur,,Turquía,False
878,2002,Corea del Sur,Turquía,3er Puesto,,9,Eul Yong Lee,,Corea del Sur,False
879,2002,Corea del Sur,Turquía,3er Puesto,,13,Ilhan Mansiz,,Turquía,False
880,2002,Corea del Sur,Turquía,3er Puesto,,32,Ilhan Mansiz,,Turquía,False
881,2002,Corea del Sur,Turquía,3er Puesto,,90,Chong Gug Song,,Corea del Sur,False
882,2002,Alemania,Brasil,Final,,67,Ronaldo,,Brasil,False
883,2002,Alemania,Brasil,Final,,79,Ronaldo,,Brasil,False
884,1998,Brasil,Escocia,"1ra Ronda, Grupo A",A,5,Cesar Sampaio,,Brasil,False
885,1998,Brasil,Escocia,"1ra Ronda, Grupo A",A,74,Tom Boyd,,Brasil,False
886,1998,Marruecos,Noruega,"1ra Ronda, Grupo A",A,37,Mustafa El Hadji,,Marruecos,False
887,1998,Marruecos,Noruega,"1ra Ronda, Grupo A",A,45,Youssef Chippo,,Noruega,False
888,1998,Marruecos,Noruega,"1ra Ronda, Grupo A",A,60,Abdeljalil Hadda,,Marruecos,False
889,1998,Marruecos,Noruega,"1ra Ronda, Grupo A",A,61,Dan Eggen,,Noruega,False
890,1998,Camerún,Austria,"1ra Ronda, Grupo B",B,77,Pierre Njanka,,Camerún,False
891,1998,Camerún,Austria,"1ra Ronda, Grupo B",B,90,Toni Polster,,Austria,False
892,1998,Italia,Chile,"1ra Ronda, Grupo B",B,11,Christian Vieri,,Italia,False
893,1998,Italia,Chile,"1ra Ronda, Grupo B",B,45,Marcelo Salas,,Chile,False
894,1998,Italia,Chile,"1ra Ronda, Grupo B",B,48,Marcelo Salas,,Chile,False
895,1998,Arabia Saudita,Dinamarca,"1ra Ronda, Grupo C",C,69,Marc Rieper,,Dinamarca,False
896,1998,Francia,Sudáfrica,"1ra Ronda, Grupo C",C,36,Christophe Dugarry,,Francia,False
897,1998,Francia,Sudáfrica,"1ra Ronda, Grupo C",C,77,Pierre Issa,,Francia,False
898,1998,Francia,Sudáfrica,"1ra Ronda, Grupo C",C,90,Thierry Henry,,Francia,False
899,1998,Corea del Sur,México,"1ra Ronda, Grupo E",E,27,Seok Ju Ha,,Corea del Sur,False
900,1998,Corea del Sur,México,"1ra Ronda, Grupo E",E,50,Ricardo Pelaez Linares,,México,False
901,1998,Corea del Sur,México,"1ra Ronda, Grupo E",E,75,Luis Hernandez,,México,False
902,1998,Corea del Sur,México,"1ra Ronda, Grupo E",E,84,Luis Hernandez,,México,False
903,1998,España,Nigeria,"1ra Ronda, Grupo D",D,21,Fernando Hierro,,España,False
904,1998,España,Nigeria,"1ra Ronda, Grupo D",D,24,Mutiu Adepoju,,Nigeria,False
905,1998,España,Nigeria,"1ra Ronda, Grupo D",D,47,Raul,,España,False
906,1998,España,Nigeria,"1ra Ronda, Grupo D",D,73,Andoni Zubizarreta,,Nigeria,True
907,1998,España,Nigeria,"1ra Ronda, Grupo D",D,78,Sunday Oliseh,,Nigeria,False
908,1998,Jamaica,Croacia,"1ra Ronda, Grupo H",H,27,Mario Stanic,,Croacia,False
909,1998,Jamaica,Croacia,"1ra Ronda, Grupo H",H,45,Robert Earle,,Jamaica,False
910,1998,Jamaica,Croacia,"1ra Ronda, Grupo H",H,53,Robert Prosinecki,,Croacia,False
911,1998,Jamaica,Croacia,"1ra Ronda, Grupo H",H,69,Davor Suker,,Croacia,False
912,1998,RF de Yugoslavia,Irán,"1ra Ronda, Grupo F",F,73,Sinisa Mihajlovic,,RF de Yugoslavia,False
913,1998,Argentina,Japón,"1ra Ronda, Grupo H",H,28,Gabriel Batistuta,,Argentina,False
914,1998,Alemania,Estados Unidos,"1ra Ronda, Grupo F",F,10,Andreas Moeller,,Alemania,False
915,1998,Alemania,Estados Unidos,"1ra Ronda, Grupo F",F,67,Juergen Klinsmann,,Alemania,False
916,1998,Rumania,Colombia,"1ra Ronda, Grupo G",G,45,Adrian Ilie,,Rumania,False
917,1998,Inglaterra,Túnez,"1ra Ronda, Grupo G",G,42,Alan Shearer,,Inglaterra,False
918,1998,Inglaterra,Túnez,"1ra Ronda, Grupo G",G,89,Paul Scholes,,Inglaterra,False
919,1998,Escocia,Noruega,"1ra Ronda, Grupo A",A,46,Havard Flo,,Noruega,False
920,1998,Escocia,Noruega,"1ra Ronda, Grupo A",A,66,Craig Burley,,Escocia,False
921,1998,Brasil,Marruecos,"1ra Ronda, Grupo A",A,9,Ronaldo,,Brasil,False
922,1998,Brasil,Marruecos,"1ra Ronda, Grupo A",A,45,Rivaldo,,Brasil,False
923,1998,Brasil,Marruecos,"1ra Ronda, Grupo A",A,50,Bebeto,,Brasil,True
924,1998,Chile,Austria,"1ra Ronda, Grupo B",B,70,Marcelo Salas,,Chile,False
925,1998,Chile,Austria,"1ra Ronda, Grupo B",B,90,Ivica Vastic,,Austria,False
926,1998,Italia,Camerún,"1ra Ronda, Grupo B",B,7,Luigi Di Biagio,,Italia,False
927,1998,Italia,Camerún,"1ra Ronda, Grupo B",B,75,Christian Vieri,,Italia,False
928,1998,Italia,Camerún,"1ra Ronda, Grupo B",B,89,Christian Vieri,,Italia,False
929,1998,Francia,Arabia Saudita,"1ra Ronda, Grupo C",C,37,Thierry Henry,,Francia,False
930,1998,Francia,Arabia Saudita,"1ra Ronda, Grupo C",C,68,David Trezeguet,,Francia,True
931,1998,Francia,Arabia Saudita,"1ra Ronda, Grupo C",C,78,Thierry Henry,,Francia,False
932,1998,Francia,Arabia Saudita,"1ra Ronda, Grupo C",C,85,Bixente Lizarazu,,Francia,False
933,1998,Sudáfrica,Dinamarca,"1ra Ronda, Grupo C",C,12,Allan Nielsen,,Dinamarca,False
934,1998,Sudáfrica,Dinamarca,"1ra Ronda, Grupo C",C,51,Benni Mccarthy,,Sudáfrica,False
935,1998,Nigeria,Bulgaria,"1ra Ronda, Grupo D",D,28,Victor Ikpeba,,Nigeria,False
936,1998,Paises Bajos,Corea del Sur,"1ra Ronda, Grupo E",E,37,Phillip Cocu,,Paises Bajos,False
937,1998,Paises Bajos,Corea del Sur,"1ra Ronda, Grupo E",E,41,Marc Overmars,,Paises Bajos,False
938,1998,Paises Bajos,Corea del Sur,"1ra Ronda, Grupo E",E,71,Dennis Bergkamp,,Paises Bajos,False
939,1998,Paises Bajos,Corea del Sur,"1ra Ronda, Grupo E",E,78,Pierre Van Hooijdonk,,Paises Bajos,False
940,1998,Paises Bajos,Corea del Sur,"1ra Ronda, Grupo E",E,83,Ronald De Boer,,Paises Bajos,False
941,1998,Bélgica,México,"1ra Ronda, Grupo E",E,42,Marc Wilmots,,Bélgica,False
942,1998,Bélgica,México,"1ra Ronda, Grupo E",E,47,Marc Wilmots,,Bélgica,False
943,1998,Bélgica,México,"1ra Ronda, Grupo E",E,62,Cuauhtemoc Blanco,,México,False
944,1998,Japón,Croacia,"1ra Ronda, Grupo H",H,77,Davor Suker,,Croacia,False
945,1998,Argentina,Jamaica,"1ra Ronda, Grupo H",H,31,Ariel Ortega,,Argentina,False
946,1998,Argentina,Jamaica,"1ra Ronda, Grupo H",H,55,Ariel Ortega,,Argentina,False
947,1998,Argentina,Jamaica,"1ra Ronda, Grupo H",H,73,Gabriel Batistuta,,Argentina,False
948,1998,Argentina,Jamaica,"1ra Ronda, Grupo H",H,78,Gabriel Batistuta,,Argentina,False
949,1998,Alemania,RF de Yugoslavia,"1ra Ronda, Grupo F",F,13,Predrag Mijatovic,,RF de Yugoslavia,False
950,1998,Alemania,RF de Yugoslavia,"1ra Ronda, Grupo F",F,52,Dragan Stojkovic,,RF de Yugoslavia,False
951,1998,Alemania,RF de Yugoslavia,"1ra Ronda, Grupo F",F,72,Sinisa Mihajlovic,,Alemania,False
952,1998,Alemania,RF de Yugoslavia,"1ra Ronda, Grupo F",F,78,Oliver Bierhoff,,Alemania,False
953,1998,Estados Unidos,Irán,"1ra Ronda, Grupo F",F,41,Hamid Estili,,Irán,False
954,1998,Estados Unidos,Irán,"1ra Ronda, Grupo F",F,83,Mehdi Mahdavikia,,Irán,False
955,1998,Estados Unidos,Irán,"1ra Ronda, Grupo F",F,87,Brian Mcbride,,Estados Unidos,False
956,1998,Colombia,Túnez,"1ra Ronda, Grupo G",G,82,Leider Preciado,,Colombia,False
957,1998,Rumania,Inglaterra,"1ra Ronda, Grupo G",G,46,Viorel Moldovan,,Rumania,False
958,1998,Rumania,Inglaterra,"1ra Ronda, Grupo G",G,81,Michael Owen,,Inglaterra,False
959,1998,Rumania,Inglaterra,"1ra Ronda, Grupo G",G,90,Dan Petrescu,,Rumania,True
960,1998,Italia,Austria,"1ra Ronda, Grupo B",B,48,Christian Vieri,,Italia,False
961,1998,Italia,Austria,"1ra Ronda, Grupo B",B,90,Roberto Baggio,,Italia,False
962,1998,Escocia,Marruecos,"1ra Ronda, Grupo A",A,23,Salaheddine Bassir,,Marruecos,False
963,1998,Escocia,Marruecos,"1ra Ronda, Grupo A",A,46,Abdeljalil Hadda,,Marruecos,False
964,1998,Escocia,Marruecos,"1ra Ronda, Grupo A",A,85,Salaheddine Bassir,,Marruecos,False
965,1998,Brasil,Noruega,"1ra Ronda, Grupo A",A,78,Bebeto,,Brasil,True
966,1998,Brasil,Noruega,"1ra Ronda, Grupo A",A,83,Tore Andre Flo,,Noruega,False
967,1998,Chile,Camerún,"1ra Ronda, Grupo B",B,20,Jose Sierra,,Chile,False
968,1998,Chile,Camerún,"1ra Ronda, Grupo B",B,56,Patrick Mboma,,Camerún,False
969,1998,España,Bulgaria,"1ra Ronda, Grupo D",D,18,Luis Enrique,,España,False
970,1998,España,Bulgaria,"1ra Ronda, Grupo D",D,55,Fernando Morientes,,España,False
971,1998,España,Bulgaria,"1ra Ronda, Grupo D",D,58,Emil Kostadinov,,Bulgaria,False
972,1998,España,Bulgaria,"1ra Ronda, Grupo D",D,81,Fernando Morientes,,España,False
973,1998,España,Bulgaria,"1ra Ronda, Grupo D",D,88,Georgi Bachev,,España,False
974,1998,España,Bulgaria,"1ra Ronda, Grupo D",D,90,Kiko,,España,False
975,1998,Francia,Dinamarca,"1ra Ronda, Grupo C",C,56,Emmanuel Petit,,Francia,True
976,1998,Nigeria,Paraguay,"1ra Ronda, Grupo D",D,1,Celso Ayala,,Paraguay,False
977,1998,Nigeria,Paraguay,"1ra Ronda, Grupo D",D,11,Wilson Oruma,,Nigeria,False
978,1998,Nigeria,Paraguay,"1ra Ronda, Grupo D",D,58,Miguel Benitez,,Paraguay,False
979,1998,Nigeria,Paraguay,"1ra Ronda, Grupo D",D,86,Jose Cardozo,,Paraguay,False
980,1998,Sudáfrica,Arabia Saudita,"1ra Ronda, Grupo C",C,18,Shaun Bartlett,,Sudáfrica,True
981,1998,Bélgica,Corea del Sur,"1ra Ronda, Grupo E",E,7,Luc Nilis,,Bélgica,False
982,1998,Bélgica,Corea del Sur,"1ra Ronda, Grupo E",E,72,Sang Chul Yoo,,Corea del Sur,False
983,1998,Paises Bajos,México,"1ra Ronda, Grupo E",E,4,Phillip Cocu,,Paises Bajos,False
984,1998,Paises Bajos,México,"1ra Ronda, Grupo E",E,18,Ronald De Boer,,Paises Bajos,False
985,1998,Paises Bajos,México,"1ra Ronda, Grupo E",E,75,Ricardo Pelaez Linares,,México,False
986,1998,Paises Bajos,México,"1ra Ronda, Grupo E",E,90,Luis Hernandez,,México,False
987,1998,Alemania,Irán,"1ra Ronda, Grupo F",F,50,Oliver Bierhoff,,Alemania,False
988,1998,Alemania,Irán,"1ra Ronda, Grupo F",F,57,Juergen Klinsmann,,Alemania,False
989,1998,Estados Unidos,RF de Yugoslavia,"1ra Ronda, Grupo F",F,3,Slobodan Komljenovic,,RF de Yugoslavia,False
990,1998,Rumania,Túnez,"1ra Ronda, Grupo G",G,71,Viorel Moldovan,,Rumania,False
991,1998,Colombia,Inglaterra,"1ra Ronda, Grupo G",G,20,Darren Anderton,,Inglaterra,False
992,1998,Colombia,Inglaterra,"1ra Ronda, Grupo G",G,29,David Beckham,,Inglaterra,False
993,1998,Japón,Jamaica,"1ra Ronda, Grupo H",H,39,Theodore Whitmore,,Jamaica,False
994,1998,Japón,Jamaica,"1ra Ronda, Grupo H",H,54,Theodore Whitmore,,Jamaica,False
995,1998,Japón,Jamaica,"1ra Ronda, Grupo H",H,74,Masashi Nakayama,,Japón,False
996,1998,Argentina,Croacia,"1ra Ronda, Grupo H",H,36,Mauricio Pineda,,Argentina,False
997,1998,Brasil,Chile,Octavos,,11,Cesar Sampaio,,Brasil,False
998,1998,Brasil,Chile,Octavos,,27,Cesar Sampaio,,Brasil,False
999,1998,Brasil,Chile,Octavos,,68,Marcelo Salas,,Chile,False
1000,1998,Brasil,Chile,Octavos,,70,Ronaldo,,Brasil,False
1001,1998,Italia,Noruega,Octavos,,18,Christian Vieri,,Italia,False
1002,1998,Nigeria,Dinamarca,Octavos,,3,Peter Moller,,Dinamarca,True
1003,1998,Nigeria,Dinamarca,Octavos,,12,Brian Laudrup,,Dinamarca,False
1004,1998,Nigeria,Dinamarca,Octavos,,60,Ebbe Sand,,Dinamarca,False
1005,1998,Nigeria,Dinamarca,Octavos,,76,Thomas Helveg,,Dinamarca,False
1006,1998,Nigeria,Dinamarca,Octavos,,78,Tijani Babangida,,Nigeria,False
1007,1998,Francia,Paraguay,Octavos,,113,Laurent Blanc,,Francia,True
1008,1998,Alemania,México,Octavos,,47,Luis Hernandez,,México,False
1009,1998,Alemania,México,Octavos,,75,Juergen Klinsmann,,Alemania,False
1010,1998,Alemania,México,Octavos,,86,Oliver Bierhoff,,Alemania,False
1011,1998,Paises Bajos,RF de Yugoslavia,Octavos,,38,Dennis Bergkamp,,Paises Bajos,False
1012,1998,Paises Bajos,RF de Yugoslavia,Octavos,,48,Slobodan Komljenovic,,RF de Yugoslavia,False
1013,1998,Paises Bajos,RF de Yugoslavia,Octavos,,90,Edgar Davids,,Paises Bajos,False
1014,1998,Argentina,Inglaterra,Octavos,,16,Michael Owen,,Inglaterra,False
1015,1998,Argentina,Inglaterra,Octavos,,45,Javier Zanetti,,Argentina,True
1016,1998,Brasil,Dinamarca,Cuartos,,2,Martin Jorgensen,,Dinamarca,False
1017,1998,Brasil,Dinamarca,Cuartos,,11,Bebeto,,Brasil,True
1018,1998,Brasil,Dinamarca,Cuartos,,27,Rivaldo,,Brasil,False
1019,1998,Brasil,Dinamarca,Cuartos,,50,Brian Laudrup,,Dinamarca,False
1020,1998,Brasil,Dinamarca,Cuartos,,60,Rivaldo,,Brasil,False
1021,1998,Alemania,Croacia,Cuartos,,45,Robert Jarni,,Croacia,False
1022,1998,Alemania,Croacia,Cuartos,,80,Goran Vlaovic,,Croacia,False
1023,1998,Alemania,Croacia,Cuartos,,85,Davor Suker,,Croacia,False
1024,1998,Paises Bajos,Argentina,Cuartos,,12,Patrick Kluivert,,Paises Bajos,False
1025,1998,Paises Bajos,Argentina,Cuartos,,17,Claudio Lopez,,Argentina,False
1026,1998,Paises Bajos,Argentina,Cuartos,,89,Dennis Bergkamp,,Paises Bajos,False
1027,1998,Brasil,Paises Bajos,Semis,,46,Ronaldo,,Brasil,False
1028,1998,Brasil,Paises Bajos,Semis,,87,Patrick Kluivert,,Paises Bajos,False
1029,1998,Francia,Croacia,Semis,,46,Davor Suker,,Croacia,False
1030,1998,Francia,Croacia,Semis,,47,Lilian Thuram,,Francia,False
1031,1998,Francia,Croacia,Semis,,69,Lilian Thuram,,Francia,False
1032,1998,Paises Bajos,Croacia,3er Puesto,,13,Robert Prosinecki,,Croacia,False
1033,1998,Paises Bajos,Croacia,3er Puesto,,21,Boudewijn Zenden,,Paises Bajos,False
1034,1998,Paises Bajos,Croacia,3er Puesto,,35,Davor Suker,,Croacia,False
1035,1998,Brasil,Francia,Final,,27,Zinedine Zidane,,Francia,False
1036,1998,Brasil,Francia,Final,,45,Zinedine Zidane,,Francia,False
1037,1998,Brasil,Francia,Final,,90,Emmanuel Petit,,Francia,True
1038,1994,Alemania,Bolivia,"1ra Ronda, Grupo C",C,61,Juergen Klinsmann,,Alemania,False
1039,1994,España,Corea del Sur,"1ra Ronda, Grupo C",C,51,Julio Salinas,,España,False
1040,1994,España,Corea del Sur,"1ra Ronda, Grupo C",C,55,Goikoetxea,,España,True
1041,1994,España,Corea del Sur,"1ra Ronda, Grupo C",C,85,Myung Bo Hong,,Corea del Sur,False
1042,1994,España,Corea del Sur,"1ra Ronda, Grupo C",C,90,Jung Won Seo,,Corea del Sur,False
1043,1994,Estados Unidos,Suiza,"1ra Ronda, Grupo A",A,39,Georges Bregy,,Suiza,False
1044,1994,Estados Unidos,Suiza,"1ra Ronda, Grupo A",A,44,Eric Wynalda,,Estados Unidos,False
1045,1994,Italia,Irlanda,"1ra Ronda, Grupo E",E,11,Ray Houghton,,Irlanda,False
1046,1994,Colombia,Rumania,"1ra Ronda, Grupo A",A,15,Florin Raducioiu,,Rumania,False
1047,1994,Colombia,Rumania,"1ra Ronda, Grupo A",A,34,Gheorghe Hagi,,Rumania,False
1048,1994,Colombia,Rumania,"1ra Ronda, Grupo A",A,43,Adolfo Valencia,,Colombia,False
1049,1994,Colombia,Rumania,"1ra Ronda, Grupo A",A,89,Florin Raducioiu,,Rumania,False
1050,1994,Bélgica,Marruecos,"1ra Ronda, Grupo F",F,11,Marc De Grijse,,Bélgica,False
1051,1994,Noruega,México,"1ra Ronda, Grupo E",E,84,Kjetil Rekdal,,Noruega,True
1052,1994,Camerún,Suecia,"1ra Ronda, Grupo B",B,8,Roger Ljung,,Suecia,False
1053,1994,Camerún,Suecia,"1ra Ronda, Grupo B",B,31,David Embe,,Camerún,False
1054,1994,Camerún,Suecia,"1ra Ronda, Grupo B",B,47,Francois Omam-Biyik,,Camerún,False
1055,1994,Camerún,Suecia,"1ra Ronda, Grupo B",B,75,Martin Dahlin,,Suecia,False
1056,1994,Brasil,Rusia,"1ra Ronda, Grupo B",B,26,Romario,,Brasil,False
1057,1994,Paises Bajos,Arabia Saudita,"1ra Ronda, Grupo F",F,18,Fuad Amin,,Arabia Saudita,False
1058,1994,Paises Bajos,Arabia Saudita,"1ra Ronda, Grupo F",F,50,Wim Jonk,,Paises Bajos,False
1059,1994,Paises Bajos,Arabia Saudita,"1ra Ronda, Grupo F",F,86,Gaston Taument,,Paises Bajos,False
1060,1994,Argentina,Grecia,"1ra Ronda, Grupo D",D,2,Gabriel Batistuta,,Argentina,False
1061,1994,Argentina,Grecia,"1ra Ronda, Grupo D",D,44,Gabriel Batistuta,,Argentina,False
1062,1994,Argentina,Grecia,"1ra Ronda, Grupo D",D,60,Diego Maradona,,Argentina,False
1063,1994,Alemania,España,"1ra Ronda, Grupo C",C,14,Goikoetxea,,España,True
1064,1994,Alemania,España,"1ra Ronda, Grupo C",C,48,Juergen Klinsmann,,Alemania,False
1065,1994,Nigeria,Bulgaria,"1ra Ronda, Grupo D",D,21,Rasheed Yekini,,Nigeria,False
1066,1994,Nigeria,Bulgaria,"1ra Ronda, Grupo D",D,43,Daniel Amokachi,,Nigeria,False
1067,1994,Nigeria,Bulgaria,"1ra Ronda, Grupo D",D,55,Emmanuel Amunike,,Nigeria,False
1068,1994,Rumania,Suiza,"1ra Ronda, Grupo A",A,16,Alain Sutter,,Suiza,False
1069,1994,Rumania,Suiza,"1ra Ronda, Grupo A",A,35,Gheorghe Hagi,,Rumania,False
1070,1994,Rumania,Suiza,"1ra Ronda, Grupo A",A,52,Stephane Chapuisat,,Suiza,False
1071,1994,Rumania,Suiza,"1ra Ronda, Grupo A",A,65,Adrian Knup,,Suiza,False
1072,1994,Rumania,Suiza,"1ra Ronda, Grupo A",A,72,Adrian Knup,,Suiza,False
1073,1994,Estados Unidos,Colombia,"1ra Ronda, Grupo A",A,35,Andres Escobar,,Estados Unidos,False
1074,1994,Estados Unidos,Colombia,"1ra Ronda, Grupo A",A,52,Earnie Stewart,,Estados Unidos,False
1075,1994,Estados Unidos,Colombia,"1ra Ronda, Grupo A",A,90,Adolfo Valencia,,Colombia,False
1076,1994,Italia,Noruega,"1ra Ronda, Grupo E",E,69,Dino Baggio,,Italia,False
1077,1994,México,Irlanda,"1ra Ronda, Grupo E",E,42,Luis Garcia,,México,False
1078,1994,México,Irlanda,"1ra Ronda, Grupo E",E,65,Luis Garcia,,México,False
1079,1994,México,Irlanda,"1ra Ronda, Grupo E",E,84,John Aldridge,,Irlanda,False
1080,1994,Brasil,Camerún,"1ra Ronda, Grupo B",B,39,Romario,,Brasil,False
1081,1994,Brasil,Camerún,"1ra Ronda, Grupo B",B,66,Marcio Santos,,Brasil,False
1082,1994,Brasil,Camerún,"1ra Ronda, Grupo B",B,73,Bebeto,,Brasil,True
1083,1994,Suecia,Rusia,"1ra Ronda, Grupo B",B,59,Martin Dahlin,,Suecia,False
1084,1994,Suecia,Rusia,"1ra Ronda, Grupo B",B,81,Martin Dahlin,,Suecia,False
1085,1994,Bélgica,Paises Bajos,"1ra Ronda, Grupo F",F,65,Philippe Albert,,Bélgica,False
1086,1994,Arabia Saudita,Marruecos,"1ra Ronda, Grupo F",F,26,Mohammed Chaouch,,Marruecos,False
1087,1994,Arabia Saudita,Marruecos,"1ra Ronda, Grupo F",F,45,Fuad Amin,,Arabia Saudita,False
1088,1994,Argentina,Nigeria,"1ra Ronda, Grupo D",D,8,Samson Siasia,,Nigeria,False
1089,1994,Argentina,Nigeria,"1ra Ronda, Grupo D",D,21,Claudio Caniggia,,Argentina,False
1090,1994,Argentina,Nigeria,"1ra Ronda, Grupo D",D,28,Claudio Caniggia,,Argentina,False
1091,1994,Bulgaria,Grecia,"1ra Ronda, Grupo D",D,65,Iordan Letchkov,,Bulgaria,True
1092,1994,Bulgaria,Grecia,"1ra Ronda, Grupo D",D,90,Daniel Borimirov,,Bulgaria,False
1093,1994,Estados Unidos,Rumania,"1ra Ronda, Grupo A",A,18,Dan Petrescu,,Rumania,True
1094,1994,Suiza,Colombia,"1ra Ronda, Grupo A",A,44,Herman Gaviria,,Colombia,False
1095,1994,Suiza,Colombia,"1ra Ronda, Grupo A",A,90,John Lozano,,Colombia,False
1096,1994,Bolivia,España,"1ra Ronda, Grupo C",C,66,Jose Luis Caminero,,España,False
1097,1994,Bolivia,España,"1ra Ronda, Grupo C",C,67,Erwin Sanchez,,Bolivia,False
1098,1994,Bolivia,España,"1ra Ronda, Grupo C",C,70,Jose Luis Caminero,,España,False
1099,1994,Alemania,Corea del Sur,"1ra Ronda, Grupo C",C,12,Juergen Klinsmann,,Alemania,False
1100,1994,Alemania,Corea del Sur,"1ra Ronda, Grupo C",C,20,Karlheinz Riedle,,Alemania,False
1101,1994,Alemania,Corea del Sur,"1ra Ronda, Grupo C",C,37,Juergen Klinsmann,,Alemania,False
1102,1994,Alemania,Corea del Sur,"1ra Ronda, Grupo C",C,52,Sun Hong Hwang,,Corea del Sur,False
1103,1994,Alemania,Corea del Sur,"1ra Ronda, Grupo C",C,63,Myung Bo Hong,,Corea del Sur,False
1104,1994,Italia,México,"1ra Ronda, Grupo E",E,48,Daniele Massaro,,Italia,False
1105,1994,Italia,México,"1ra Ronda, Grupo E",E,57,Marcelino Bernal,,México,False
1106,1994,Rusia,Camerún,"1ra Ronda, Grupo B",B,15,Oleg Salenko,,Rusia,False
1107,1994,Rusia,Camerún,"1ra Ronda, Grupo B",B,41,Oleg Salenko,,Rusia,False
1108,1994,Rusia,Camerún,"1ra Ronda, Grupo B",B,46,Roger Milla,,Camerún,False
1109,1994,Rusia,Camerún,"1ra Ronda, Grupo B",B,72,Oleg Salenko,,Rusia,False
1110,1994,Rusia,Camerún,"1ra Ronda, Grupo B",B,75,Oleg Salenko,,Rusia,False
1111,1994,Rusia,Camerún,"1ra Ronda, Grupo B",B,81,Dmitri Radchenko,,Rusia,False
1112,1994,Brasil,Suecia,"1ra Ronda, Grupo B",B,23,Kennet Andersson,,Suecia,True
1113,1994,Brasil,Suecia,"1ra Ronda, Grupo B",B,46,Romario,,Brasil,False
1114,1994,Marruecos,Paises Bajos,"1ra Ronda, Grupo F",F,43,Dennis Bergkamp,,Paises Bajos,False
1115,1994,Marruecos,Paises Bajos,"1ra Ronda, Grupo F",F,47,Hassan Nader,,Marruecos,False
1116,1994,Marruecos,Paises Bajos,"1ra Ronda, Grupo F",F,77,Bryan Roy,,Paises Bajos,False
1117,1994,Bélgica,Arabia Saudita,"1ra Ronda, Grupo F",F,5,Said Al Owayran,,Arabia Saudita,False
1118,1994,Grecia,Nigeria,"1ra Ronda, Grupo D",D,45,Finidi George,,Nigeria,False
1119,1994,Grecia,Nigeria,"1ra Ronda, Grupo D",D,90,Daniel Amokachi,,Nigeria,False
1120,1994,Argentina,Bulgaria,"1ra Ronda, Grupo D",D,61,Hristo Stoichkov,,Bulgaria,False
1121,1994,Argentina,Bulgaria,"1ra Ronda, Grupo D",D,90,Nasko Sirakov,,Bulgaria,False
1122,1994,Alemania,Bélgica,Octavos,,6,Rudi Voeller,,Alemania,False
1123,1994,Alemania,Bélgica,Octavos,,8,Georges Grun,,Bélgica,False
1124,1994,Alemania,Bélgica,Octavos,,11,Juergen Klinsmann,,Alemania,False
1125,1994,Alemania,Bélgica,Octavos,,40,Rudi Voeller,,Alemania,False
1126,1994,Alemania,Bélgica,Octavos,,90,Philippe Albert,,Bélgica,False
1127,1994,España,Suiza,Octavos,,15,Fernando Hierro,,España,False
1128,1994,España,Suiza,Octavos,,74,Luis Enrique,,España,False
1129,1994,Arabia Saudita,Suecia,Octavos,,6,Martin Dahlin,,Suecia,False
1130,1994,Arabia Saudita,Suecia,Octavos,,51,Kennet Andersson,,Suecia,True
1131,1994,Arabia Saudita,Suecia,Octavos,,85,Fahad Al Ghesheyan,,Arabia Saudita,False
1132,1994,Arabia Saudita,Suecia,Octavos,,88,Kennet Andersson,,Suecia,True
1133,1994,Rumania,Argentina,Octavos,,11,Ilie Dumitrescu,,Rumania,False
1134,1994,Rumania,Argentina,Octavos,,18,Ilie Dumitrescu,,Rumania,False
1135,1994,Rumania,Argentina,Octavos,,58,Gheorghe Hagi,,Rumania,False
1136,1994,Rumania,Argentina,Octavos,,75,Abel Balbo,,Argentina,False
1137,1994,Paises Bajos,Irlanda,Octavos,,11,Dennis Bergkamp,,Paises Bajos,False
1138,1994,Paises Bajos,Irlanda,Octavos,,41,Wim Jonk,,Paises Bajos,False
1139,1994,Brasil,Estados Unidos,Octavos,,72,Bebeto,,Brasil,True
1140,1994,Nigeria,Italia,Octavos,,25,Emmanuel Amunike,,Nigeria,False
1141,1994,Nigeria,Italia,Octavos,,89,Roberto Baggio,,Italia,False
1142,1994,México,Bulgaria,Octavos,,6,Hristo Stoichkov,,Bulgaria,False
1143,1994,Italia,España,Cuartos,,25,Dino Baggio,,Italia,False
1144,1994,Italia,España,Cuartos,,58,Jose Luis Caminero,,España,False
1145,1994,Italia,España,Cuartos,,87,Roberto Baggio,,Italia,False
1146,1994,Paises Bajos,Brasil,Cuartos,,53,Romario,,Brasil,False
1147,1994,Paises Bajos,Brasil,Cuartos,,63,Bebeto,,Brasil,True
1148,1994,Paises Bajos,Brasil,Cuartos,,64,Dennis Bergkamp,,Paises Bajos,False
1149,1994,Paises Bajos,Brasil,Cuartos,,76,Aron Winter,,Paises Bajos,False
1150,1994,Paises Bajos,Brasil,Cuartos,,81,Branco,,Brasil,False
1151,1994,Bulgaria,Alemania,Cuartos,,75,Hristo Stoichkov,,Bulgaria,False
1152,1994,Bulgaria,Alemania,Cuartos,,78,Iordan Letchkov,,Bulgaria,True
1153,1994,Rumania,Suecia,Cuartos,,78,Tomas Brolin,,Suecia,False
1154,1994,Rumania,Suecia,Cuartos,,88,Florin Raducioiu,,Rumania,False
1155,1994,Rumania,Suecia,Cuartos,,101,Florin Raducioiu,,Rumania,True
1156,1994,Rumania,Suecia,Cuartos,,115,Kennet Andersson,,Suecia,True
1157,1994,Bulgaria,Italia,Semis,,20,Roberto Baggio,,Italia,False
1158,1994,Bulgaria,Italia,Semis,,25,Roberto Baggio,,Italia,False
1159,1994,Suecia,Brasil,Semis,,80,Romario,,Brasil,False
1160,1994,Suecia,Bulgaria,3er Puesto,,8,Tomas Brolin,,Suecia,False
1161,1994,Suecia,Bulgaria,3er Puesto,,30,Hakan Mild,,Suecia,False
1162,1994,Suecia,Bulgaria,3er Puesto,,37,Henrik Larsson,,Suecia,False
1163,1994,Suecia,Bulgaria,3er Puesto,,40,Kennet Andersson,,Suecia,True
1164,1990,Argentina,Camerún,"1ra Ronda, Grupo B",B,67,Francois Omam-Biyik,,Camerún,False
1165,1990,URSS,Rumania,"1ra Ronda, Grupo B",B,41,Marius Lacatus,,Rumania,False
1166,1990,Italia,Austria,"1ra Ronda, Grupo A",A,78,Salvatore Schillaci,,Italia,False
1167,1990,Emiratos Arabes,Colombia,"1ra Ronda, Grupo D",D,50,Bernardo Redin,,Colombia,False
1168,1990,Emiratos Arabes,Colombia,"1ra Ronda, Grupo D",D,85,Carlos Valderrama,,Colombia,False
1169,1990,Estados Unidos,Checoslovaquia,"1ra Ronda, Grupo A",A,26,Tomas Skuhravy,,Checoslovaquia,False
1170,1990,Estados Unidos,Checoslovaquia,"1ra Ronda, Grupo A",A,50,Ivan Hasek,,Checoslovaquia,False
1171,1990,Estados Unidos,Checoslovaquia,"1ra Ronda, Grupo A",A,60,Paul Caligiuri,,Estados Unidos,False
1172,1990,Estados Unidos,Checoslovaquia,"1ra Ronda, Grupo A",A,78,Tomas Skuhravy,,Checoslovaquia,False
1173,1990,Estados Unidos,Checoslovaquia,"1ra Ronda, Grupo A",A,90,Milan Luhovy,,Checoslovaquia,False
1174,1990,Brasil,Suecia,"1ra Ronda, Grupo C",C,40,Careca,,Brasil,False
1175,1990,Brasil,Suecia,"1ra Ronda, Grupo C",C,63,Careca,,Brasil,False
1176,1990,Brasil,Suecia,"1ra Ronda, Grupo C",C,79,Tomas Brolin,,Suecia,False
1177,1990,Alemania Occidental,Yugoslavia,"1ra Ronda, Grupo D",D,28,Lothar Matthaeus,,Alemania Occidental,False
1178,1990,Alemania Occidental,Yugoslavia,"1ra Ronda, Grupo D",D,39,Juergen Klinsmann,,Alemania Occidental,False
1179,1990,Alemania Occidental,Yugoslavia,"1ra Ronda, Grupo D",D,55,Davor Jozic,,Yugoslavia,False
1180,1990,Alemania Occidental,Yugoslavia,"1ra Ronda, Grupo D",D,64,Lothar Matthaeus,,Alemania Occidental,False
1181,1990,Alemania Occidental,Yugoslavia,"1ra Ronda, Grupo D",D,70,Rudi Voeller,,Alemania Occidental,False
1182,1990,Costa Rica,Escocia,"1ra Ronda, Grupo C",C,49,Juan Cayasso,,Costa Rica,False
1183,1990,Inglaterra,Irlanda,"1ra Ronda, Grupo F",F,9,Gary Lineker,,Inglaterra,False
1184,1990,Inglaterra,Irlanda,"1ra Ronda, Grupo F",F,73,Kevin Sheedy,,Irlanda,False
1185,1990,Bélgica,Corea del Sur,"1ra Ronda, Grupo E",E,53,Marc De Grijse,,Bélgica,False
1186,1990,Bélgica,Corea del Sur,"1ra Ronda, Grupo E",E,64,Michel De Wolf,,Bélgica,False
1187,1990,Paises Bajos,Egipto,"1ra Ronda, Grupo F",F,58,Wim Kieft,,Paises Bajos,False
1188,1990,Argentina,URSS,"1ra Ronda, Grupo B",B,27,Pedro Troglio,,Argentina,False
1189,1990,Argentina,URSS,"1ra Ronda, Grupo B",B,79,Jorge Burruchaga,,Argentina,False
1190,1990,Yugoslavia,Colombia,"1ra Ronda, Grupo D",D,75,Davor Jozic,,Yugoslavia,False
1191,1990,Italia,Estados Unidos,"1ra Ronda, Grupo A",A,11,Giuseppe Giannini,,Italia,False
1192,1990,Camerún,Rumania,"1ra Ronda, Grupo B",B,76,Roger Milla,,Camerún,False
1193,1990,Camerún,Rumania,"1ra Ronda, Grupo B",B,86,Roger Milla,,Camerún,False
1194,1990,Camerún,Rumania,"1ra Ronda, Grupo B",B,88,Gavril Balint,,Rumania,False
1195,1990,Alemania Occidental,Emiratos Arabes,"1ra Ronda, Grupo D",D,35,Rudi Voeller,,Alemania Occidental,False
1196,1990,Alemania Occidental,Emiratos Arabes,"1ra Ronda, Grupo D",D,37,Juergen Klinsmann,,Alemania Occidental,False
1197,1990,Alemania Occidental,Emiratos Arabes,"1ra Ronda, Grupo D",D,46,Khalid Ismail,,Emiratos Arabes,False
1198,1990,Alemania Occidental,Emiratos Arabes,"1ra Ronda, Grupo D",D,47,Lothar Matthaeus,,Alemania Occidental,False
1199,1990,Alemania Occidental,Emiratos Arabes,"1ra Ronda, Grupo D",D,58,Uwe Bein,,Alemania Occidental,False
1200,1990,Alemania Occidental,Emiratos Arabes,"1ra Ronda, Grupo D",D,75,Rudi Voeller,,Alemania Occidental,False
1201,1990,Brasil,Costa Rica,"1ra Ronda, Grupo C",C,33,Muller,,Brasil,False
1202,1990,Suecia,Escocia,"1ra Ronda, Grupo C",C,11,Stuart Mccall,,Escocia,False
1203,1990,Suecia,Escocia,"1ra Ronda, Grupo C",C,86,Glenn Stromberg,,Suecia,False
1204,1990,Bélgica,Uruguay,"1ra Ronda, Grupo E",E,15,Leo Clijsters,,Bélgica,False
1205,1990,Bélgica,Uruguay,"1ra Ronda, Grupo E",E,24,Enzo Scifo,,Bélgica,False
1206,1990,Bélgica,Uruguay,"1ra Ronda, Grupo E",E,47,Jan Ceulemans,,Bélgica,False
1207,1990,Bélgica,Uruguay,"1ra Ronda, Grupo E",E,73,Pablo Bengoechea,,Uruguay,False
1208,1990,Corea del Sur,España,"1ra Ronda, Grupo E",E,23,Michel,,España,False
1209,1990,Corea del Sur,España,"1ra Ronda, Grupo E",E,43,Bo Kwan Hwang,,Corea del Sur,False
1210,1990,Corea del Sur,España,"1ra Ronda, Grupo E",E,61,Michel,,España,False
1211,1990,Corea del Sur,España,"1ra Ronda, Grupo E",E,81,Michel,,España,False
1212,1990,Argentina,Rumania,"1ra Ronda, Grupo B",B,62,Pedro Monzon,,Argentina,False
1213,1990,Argentina,Rumania,"1ra Ronda, Grupo B",B,68,Gavril Balint,,Rumania,False
1214,1990,Camerún,URSS,"1ra Ronda, Grupo B",B,20,Oleg Protasov,,URSS,False
1215,1990,Camerún,URSS,"1ra Ronda, Grupo B",B,29,Andrei Zygmantovich,,URSS,False
1216,1990,Camerún,URSS,"1ra Ronda, Grupo B",B,52,Aleksandr Zavarov,,URSS,False
1217,1990,Camerún,URSS,"1ra Ronda, Grupo B",B,63,Igor Dobrovolskyi,,URSS,False
1218,1990,Alemania Occidental,Colombia,"1ra Ronda, Grupo D",D,88,Pierre Littbarski,,Alemania Occidental,False
1219,1990,Alemania Occidental,Colombia,"1ra Ronda, Grupo D",D,90,Freddy Rincon,,Colombia,False
1220,1990,Yugoslavia,Emiratos Arabes,"1ra Ronda, Grupo D",D,5,Safet Susic,,Yugoslavia,True
1221,1990,Yugoslavia,Emiratos Arabes,"1ra Ronda, Grupo D",D,9,Darko Pancev,,Yugoslavia,False
1222,1990,Yugoslavia,Emiratos Arabes,"1ra Ronda, Grupo D",D,22,Ali Thani Jumaa,,Emiratos Arabes,False
1223,1990,Yugoslavia,Emiratos Arabes,"1ra Ronda, Grupo D",D,46,Darko Pancev,,Yugoslavia,False
1224,1990,Yugoslavia,Emiratos Arabes,"1ra Ronda, Grupo D",D,90,Robert Prosinecki,,Yugoslavia,False
1225,1990,Italia,Checoslovaquia,"1ra Ronda, Grupo A",A,9,Salvatore Schillaci,,Italia,False
1226,1990,Italia,Checoslovaquia,"1ra Ronda, Grupo A",A,78,Roberto Baggio,,Italia,False
1227,1990,Austria,Estados Unidos,"1ra Ronda, Grupo A",A,49,Andeas Ogris,,Austria,False
1228,1990,Austria,Estados Unidos,"1ra Ronda, Grupo A",A,63,Gerhard Rodax,,Austria,False
1229,1990,Austria,Estados Unidos,"1ra Ronda, Grupo A",A,83,Bruce Murray,,Estados Unidos,False
1230,1990,Brasil,Escocia,"1ra Ronda, Grupo C",C,81,Muller,,Brasil,False
1231,1990,Suecia,Costa Rica,"1ra Ronda, Grupo C",C,32,Johnny Ekstrom,,Suecia,False
1232,1990,Suecia,Costa Rica,"1ra Ronda, Grupo C",C,75,Roger Flores,,Costa Rica,False
1233,1990,Suecia,Costa Rica,"1ra Ronda, Grupo C",C,87,Hernan Medford,,Costa Rica,False
1234,1990,Bélgica,España,"1ra Ronda, Grupo E",E,29,Patrick Vervoort,,Bélgica,False
1235,1990,Bélgica,España,"1ra Ronda, Grupo E",E,38,Alberto Gorriz,,España,False
1236,1990,Corea del Sur,Uruguay,"1ra Ronda, Grupo E",E,90,Daniel Fonseca,,Uruguay,False
1237,1990,Inglaterra,Egipto,"1ra Ronda, Grupo F",F,58,Mark Wright,,Inglaterra,False
1238,1990,Irlanda,Paises Bajos,"1ra Ronda, Grupo F",F,11,Ruud Gullit,,Paises Bajos,False
1239,1990,Irlanda,Paises Bajos,"1ra Ronda, Grupo F",F,71,Niall Quinn,,Irlanda,False
1240,1990,Camerún,Colombia,Octavos,,106,Roger Milla,,Camerún,True
1241,1990,Camerún,Colombia,Octavos,,109,Roger Milla,,Camerún,True
1242,1990,Camerún,Colombia,Octavos,,115,Bernardo Redin,,Colombia,True
1243,1990,Checoslovaquia,Costa Rica,Octavos,,12,Tomas Skuhravy,,Checoslovaquia,False
1244,1990,Checoslovaquia,Costa Rica,Octavos,,54,Ronald Gonzalez,,Costa Rica,False
1245,1990,Checoslovaquia,Costa Rica,Octavos,,63,Tomas Skuhravy,,Checoslovaquia,False
1246,1990,Checoslovaquia,Costa Rica,Octavos,,75,Lubos Kubik,,Checoslovaquia,False
1247,1990,Checoslovaquia,Costa Rica,Octavos,,82,Tomas Skuhravy,,Checoslovaquia,False
1248,1990,Brasil,Argentina,Octavos,,80,Claudio Caniggia,,Argentina,False
1249,1990,Alemania Occidental,Paises Bajos,Octavos,,51,Juergen Klinsmann,,Alemania Occidental,False
1250,1990,Alemania Occidental,Paises Bajos,Octavos,,82,Andreas Brehme,,Alemania Occidental,False
1251,1990,Italia,Uruguay,Octavos,,65,Salvatore Schillaci,,Italia,False
1252,1990,Italia,Uruguay,Octavos,,85,Aldo Serena,,Italia,False
1253,1990,España,Yugoslavia,Octavos,,78,Dragan Stojkovic,,Yugoslavia,False
1254,1990,España,Yugoslavia,Octavos,,83,Julio Salinas,,España,False
1255,1990,España,Yugoslavia,Octavos,,92,Dragan Stojkovic,,Yugoslavia,True
1256,1990,Inglaterra,Bélgica,Octavos,,119,David Platt,,Inglaterra,True
1257,1990,Italia,Irlanda,Cuartos,,38,Salvatore Schillaci,,Italia,False
1258,1990,Camerún,Inglaterra,Cuartos,,25,David Platt,,Inglaterra,False
1259,1990,Camerún,Inglaterra,Cuartos,,65,Eugene Ekeke,,Camerún,False
1260,1990,Italia,Argentina,Semis,,17,Salvatore Schillaci,,Italia,False
1261,1990,Italia,Argentina,Semis,,67,Claudio Caniggia,,Argentina,False
1262,1990,Inglaterra,Alemania Occidental,Semis,,60,Andreas Brehme,,Alemania Occidental,False
1263,1990,Inglaterra,Alemania Occidental,Semis,,80,Gary Lineker,,Inglaterra,False
1264,1990,Italia,Inglaterra,3er Puesto,,71,Roberto Baggio,,Italia,False
1265,1990,Italia,Inglaterra,3er Puesto,,81,David Platt,,Inglaterra,False
1266,1986,Bulgaria,Italia,"1ra Ronda, Grupo A",A,43,Alessandro Altobelli,,Italia,False
1267,1986,Bulgaria,Italia,"1ra Ronda, Grupo A",A,85,Nasko Sirakov,,Bulgaria,False
1268,1986,España,Brasil,"1ra Ronda, Grupo D",D,62,Socrates,,Brasil,False
1269,1986,Canadá,Francia,"1ra Ronda, Grupo C",C,79,Jean-Pierre Papin,,Francia,False
1270,1986,Argentina,Corea del Sur,"1ra Ronda, Grupo A",A,6,Jorge Valdano,,Argentina,False
1271,1986,Argentina,Corea del Sur,"1ra Ronda, Grupo A",A,18,Oscar Ruggeri,,Argentina,False
1272,1986,Argentina,Corea del Sur,"1ra Ronda, Grupo A",A,46,Jorge Valdano,,Argentina,False
1273,1986,Argentina,Corea del Sur,"1ra Ronda, Grupo A",A,73,Chang Sun Park,,Corea del Sur,False
1274,1986,URSS,Hungría,"1ra Ronda, Grupo C",C,2,Pavel Yakovenko,,URSS,False
1275,1986,URSS,Hungría,"1ra Ronda, Grupo C",C,4,Sergei Aleinikov,,URSS,False
1276,1986,URSS,Hungría,"1ra Ronda, Grupo C",C,66,Ivan Yaremchuk,,URSS,False
1277,1986,URSS,Hungría,"1ra Ronda, Grupo C",C,73,Laszlo Dajka,,URSS,False
1278,1986,URSS,Hungría,"1ra Ronda, Grupo C",C,80,Sergei Rodionov,,URSS,False
1279,1986,Bélgica,México,"1ra Ronda, Grupo B",B,23,Fernando Quirarte,,México,False
1280,1986,Bélgica,México,"1ra Ronda, Grupo B",B,39,Hugo Sánchez,,México,False
1281,1986,Bélgica,México,"1ra Ronda, Grupo B",B,45,Erwin Vandenbergh,,Bélgica,False
1282,1986,Portugal,Inglaterra,"1ra Ronda, Grupo F",F,75,Carlos Manuel,,Portugal,False
1283,1986,Argelia,Irlanda del Norte,"1ra Ronda, Grupo D",D,6,Norman Whiteside,,Irlanda del Norte,False
1284,1986,Argelia,Irlanda del Norte,"1ra Ronda, Grupo D",D,59,Djamel Zidane,,Argelia,False
1285,1986,Escocia,Dinamarca,"1ra Ronda, Grupo E",E,57,Preben Elkjaer Larsen,,Dinamarca,False
1286,1986,Uruguay,Alemania Occidental,"1ra Ronda, Grupo E",E,4,Antonio Alzamendi,,Uruguay,False
1287,1986,Uruguay,Alemania Occidental,"1ra Ronda, Grupo E",E,84,Klaus Allofs,,Alemania Occidental,False
1288,1986,Paraguay,Iraq,"1ra Ronda, Grupo B",B,35,Julio Cesar Romero,,Paraguay,False
1289,1986,Francia,URSS,"1ra Ronda, Grupo C",C,53,Vasili Rats,,URSS,False
1290,1986,Francia,URSS,"1ra Ronda, Grupo C",C,62,Luis Fernandez,,Francia,False
1291,1986,Corea del Sur,Bulgaria,"1ra Ronda, Grupo A",A,11,Plamen Getov,,Bulgaria,True
1292,1986,Corea del Sur,Bulgaria,"1ra Ronda, Grupo A",A,70,Jong Boo Kim,,Corea del Sur,False
1293,1986,Italia,Argentina,"1ra Ronda, Grupo A",A,34,Diego Maradona,,Argentina,False
1294,1986,Hungría,Canadá,"1ra Ronda, Grupo C",C,2,Marton Esterhazy,,Hungría,False
1295,1986,Hungría,Canadá,"1ra Ronda, Grupo C",C,75,Lajos Detari,,Hungría,True
1296,1986,Brasil,Argelia,"1ra Ronda, Grupo D",D,66,Careca,,Brasil,False
1297,1986,México,Paraguay,"1ra Ronda, Grupo B",B,3,Luis Flores,,México,False
1298,1986,México,Paraguay,"1ra Ronda, Grupo B",B,85,Julio Cesar Romero,,Paraguay,False
1299,1986,Polonia,Portugal,"1ra Ronda, Grupo F",F,68,Wlodimierz Smolarek,,Polonia,False
1300,1986,Irlanda del Norte,España,"1ra Ronda, Grupo D",D,2,Emilio Butragueño,,España,False
1301,1986,Irlanda del Norte,España,"1ra Ronda, Grupo D",D,18,Julio Salinas,,España,False
1302,1986,Irlanda del Norte,España,"1ra Ronda, Grupo D",D,47,Colin Clarke,,Irlanda del Norte,False
1303,1986,Iraq,Bélgica,"1ra Ronda, Grupo B",B,16,Enzo Scifo,,Bélgica,False
1304,1986,Iraq,Bélgica,"1ra Ronda, Grupo B",B,59,Ahmed Radhi,,Iraq,False
1305,1986,Alemania Occidental,Escocia,"1ra Ronda, Grupo E",E,18,Gordon Strachan,,Escocia,False
1306,1986,Alemania Occidental,Escocia,"1ra Ronda, Grupo E",E,22,Rudi Voeller,,Alemania Occidental,False
1307,1986,Alemania Occidental,Escocia,"1ra Ronda, Grupo E",E,50,Klaus Allofs,,Alemania Occidental,False
1308,1986,Dinamarca,Uruguay,"1ra Ronda, Grupo E",E,11,Preben Elkjaer Larsen,,Dinamarca,False
1309,1986,Dinamarca,Uruguay,"1ra Ronda, Grupo E",E,41,Soren Lerby,,Dinamarca,False
1310,1986,Dinamarca,Uruguay,"1ra Ronda, Grupo E",E,52,Michael Laudrup,,Dinamarca,False
1311,1986,Dinamarca,Uruguay,"1ra Ronda, Grupo E",E,67,Preben Elkjaer Larsen,,Dinamarca,False
1312,1986,Dinamarca,Uruguay,"1ra Ronda, Grupo E",E,80,Preben Elkjaer Larsen,,Dinamarca,False
1313,1986,Dinamarca,Uruguay,"1ra Ronda, Grupo E",E,88,Jesper Olsen,,Dinamarca,False
1314,1986,URSS,Canadá,"1ra Ronda, Grupo C",C,58,Oleg Blokhin,,URSS,False
1315,1986,URSS,Canadá,"1ra Ronda, Grupo C",C,74,Aleksandr Zavarov,,URSS,False
1316,1986,Hungría,Francia,"1ra Ronda, Grupo C",C,29,Yannick Stopyra,,Francia,False
1317,1986,Hungría,Francia,"1ra Ronda, Grupo C",C,62,Jean Tigana,,Francia,False
1318,1986,Hungría,Francia,"1ra Ronda, Grupo C",C,84,Dominique Rocheteau,,Francia,True
1319,1986,Corea del Sur,Italia,"1ra Ronda, Grupo A",A,17,Alessandro Altobelli,,Italia,False
1320,1986,Corea del Sur,Italia,"1ra Ronda, Grupo A",A,62,Soon Ho Choi,,Corea del Sur,False
1321,1986,Corea del Sur,Italia,"1ra Ronda, Grupo A",A,73,Alessandro Altobelli,,Italia,False
1322,1986,Corea del Sur,Italia,"1ra Ronda, Grupo A",A,82,Kwang Rae Cho,,Italia,False
1323,1986,Corea del Sur,Italia,"1ra Ronda, Grupo A",A,83,Jung Moo Huh,,Corea del Sur,False
1324,1986,Argentina,Bulgaria,"1ra Ronda, Grupo A",A,3,Jorge Valdano,,Argentina,False
1325,1986,Argentina,Bulgaria,"1ra Ronda, Grupo A",A,76,Jorge Burruchaga,,Argentina,False
1326,1986,Paraguay,Bélgica,"1ra Ronda, Grupo B",B,30,Frank Vercauteren,,Bélgica,False
1327,1986,Paraguay,Bélgica,"1ra Ronda, Grupo B",B,50,Roberto Cabañas,,Paraguay,False
1328,1986,Paraguay,Bélgica,"1ra Ronda, Grupo B",B,59,Daniel Veyt,,Bélgica,False
1329,1986,Paraguay,Bélgica,"1ra Ronda, Grupo B",B,76,Roberto Cabañas,,Paraguay,False
1330,1986,Inglaterra,Polonia,"1ra Ronda, Grupo F",F,9,Gary Lineker,,Inglaterra,False
1331,1986,Inglaterra,Polonia,"1ra Ronda, Grupo F",F,14,Gary Lineker,,Inglaterra,False
1332,1986,Inglaterra,Polonia,"1ra Ronda, Grupo F",F,34,Gary Lineker,,Inglaterra,False
1333,1986,Portugal,Marruecos,"1ra Ronda, Grupo F",F,19,Abdelrazzak Khairi,,Marruecos,False
1334,1986,Portugal,Marruecos,"1ra Ronda, Grupo F",F,27,Abdelrazzak Khairi,,Marruecos,False
1335,1986,Portugal,Marruecos,"1ra Ronda, Grupo F",F,62,Abdelkarim Krimau,,Marruecos,False
1336,1986,Portugal,Marruecos,"1ra Ronda, Grupo F",F,79,Diamantino,,Portugal,False
1337,1986,Iraq,México,"1ra Ronda, Grupo B",B,54,Fernando Quirarte,,México,False
1338,1986,Irlanda del Norte,Brasil,"1ra Ronda, Grupo D",D,15,Careca,,Brasil,False
1339,1986,Irlanda del Norte,Brasil,"1ra Ronda, Grupo D",D,42,Josimar,,Brasil,False
1340,1986,Irlanda del Norte,Brasil,"1ra Ronda, Grupo D",D,87,Careca,,Brasil,False
1341,1986,Argelia,España,"1ra Ronda, Grupo D",D,15,Ramon Maria Caldere,,España,False
1342,1986,Argelia,España,"1ra Ronda, Grupo D",D,68,Ramon Maria Caldere,,España,False
1343,1986,Argelia,España,"1ra Ronda, Grupo D",D,70,Eloy,,España,False
1344,1986,Dinamarca,Alemania Occidental,"1ra Ronda, Grupo E",E,62,John Eriksen,,Dinamarca,False
1345,1986,URSS,Bélgica,Octavos,,27,Igor Belanov,,URSS,False
1346,1986,URSS,Bélgica,Octavos,,56,Enzo Scifo,,Bélgica,False
1347,1986,URSS,Bélgica,Octavos,,70,Igor Belanov,,URSS,False
1348,1986,URSS,Bélgica,Octavos,,77,Jan Ceulemans,,Bélgica,False
1349,1986,URSS,Bélgica,Octavos,,102,Stephane Demol,,Bélgica,True
1350,1986,URSS,Bélgica,Octavos,,110,Nico Claesen,,Bélgica,True
1351,1986,México,Bulgaria,Octavos,,34,Manuel Negrete,,México,True
1352,1986,México,Bulgaria,Octavos,,61,Raul Servin,,México,False
1353,1986,Brasil,Polonia,Octavos,,55,Josimar,,Brasil,False
1354,1986,Brasil,Polonia,Octavos,,79,Edinho,,Brasil,False
1355,1986,Argentina,Uruguay,Octavos,,42,Pedro Pasculli,,Argentina,False
1356,1986,Marruecos,Alemania Occidental,Octavos,,87,Lothar Matthaeus,,Alemania Occidental,False
1357,1986,Italia,Francia,Octavos,,15,Michel Platini,,Francia,False
1358,1986,Italia,Francia,Octavos,,57,Yannick Stopyra,,Francia,False
1359,1986,Dinamarca,España,Octavos,,43,Emilio Butragueño,,España,False
1360,1986,Dinamarca,España,Octavos,,56,Emilio Butragueño,,España,False
1361,1986,Dinamarca,España,Octavos,,80,Emilio Butragueño,,España,False
1362,1986,Inglaterra,Paraguay,Octavos,,31,Gary Lineker,,Inglaterra,False
1363,1986,Inglaterra,Paraguay,Octavos,,56,Peter Beardsley,,Inglaterra,True
1364,1986,Inglaterra,Paraguay,Octavos,,73,Gary Lineker,,Inglaterra,False
1365,1986,Brasil,Francia,Cuartos,,17,Careca,,Brasil,False
1366,1986,Brasil,Francia,Cuartos,,40,Michel Platini,,Francia,False
1367,1986,Bélgica,España,Cuartos,,35,Jan Ceulemans,,Bélgica,False
1368,1986,Bélgica,España,Cuartos,,85,Juan Antonio Senor,,España,False
1369,1986,Argentina,Inglaterra,Cuartos,,51,Diego Maradona,,Argentina,False
1370,1986,Argentina,Inglaterra,Cuartos,,54,Diego Maradona,,Argentina,False
1371,1986,Argentina,Inglaterra,Cuartos,,80,Gary Lineker,,Inglaterra,False
1372,1986,Argentina,Bélgica,Semis,,51,Diego Maradona,,Argentina,False
1373,1986,Argentina,Bélgica,Semis,,63,Diego Maradona,,Argentina,False
1374,1986,Alemania Occidental,Francia,Semis,,9,Andreas Brehme,,Alemania Occidental,False
1375,1986,Alemania Occidental,Francia,Semis,,89,Rudi Voeller,,Alemania Occidental,False
1376,1986,Bélgica,Francia,3er Puesto,,11,Jan Ceulemans,,Bélgica,False
1377,1986,Bélgica,Francia,3er Puesto,,27,Jean-Marc Ferreri,,Francia,False
1378,1986,Bélgica,Francia,3er Puesto,,43,Jean-Pierre Papin,,Francia,False
1379,1986,Bélgica,Francia,3er Puesto,,73,Nico Claesen,,Bélgica,False
1380,1986,Bélgica,Francia,3er Puesto,,104,Bernard Genghini,,Francia,True
1381,1986,Argentina,Alemania Occidental,Final,,23,Jose Brown,,Argentina,False
1382,1986,Argentina,Alemania Occidental,Final,,55,Jorge Valdano,,Argentina,False
1383,1986,Argentina,Alemania Occidental,Final,,74,Karl-Heinz Rummenigge,,Alemania Occidental,False
1384,1986,Argentina,Alemania Occidental,Final,,80,Rudi Voeller,,Alemania Occidental,False
1385,1986,Argentina,Alemania Occidental,Final,,83,Jorge Burruchaga,,Argentina,False
1386,1982,Argentina,Bélgica,"1ra Ronda, Grupo C",C,62,Erwin Vandenbergh,,Bélgica,False
1387,1982,Brasil,URSS,"1ra Ronda, Grupo F",F,34,Andrei Bal,,URSS,False
1388,1982,Brasil,URSS,"1ra Ronda, Grupo F",F,75,Socrates,,Brasil,False
1389,1982,Brasil,URSS,"1ra Ronda, Grupo F",F,88,Eder,,Brasil,False
1390,1982,Escocia,Nueva Zelanda,"1ra Ronda, Grupo F",F,18,Kenny Dalglish,,Escocia,False
1391,1982,Escocia,Nueva Zelanda,"1ra Ronda, Grupo F",F,29,John Wark,,Escocia,False
1392,1982,Escocia,Nueva Zelanda,"1ra Ronda, Grupo F",F,32,John Wark,,Escocia,False
1393,1982,Escocia,Nueva Zelanda,"1ra Ronda, Grupo F",F,54,Steve Sumner,,Nueva Zelanda,False
1394,1982,Escocia,Nueva Zelanda,"1ra Ronda, Grupo F",F,64,Steve Wooddin,,Nueva Zelanda,False
1395,1982,Escocia,Nueva Zelanda,"1ra Ronda, Grupo F",F,73,John Robertson,,Escocia,False
1396,1982,Escocia,Nueva Zelanda,"1ra Ronda, Grupo F",F,79,Steve Archibald,,Escocia,False
1397,1982,Hungría,El Salvador,"1ra Ronda, Grupo C",C,4,Tibor Nyilasi,,Hungría,False
1398,1982,Hungría,El Salvador,"1ra Ronda, Grupo C",C,11,Gabor Poloskei,,Hungría,False
1399,1982,Hungría,El Salvador,"1ra Ronda, Grupo C",C,23,Laszlo Fazekas,,Hungría,False
1400,1982,Hungría,El Salvador,"1ra Ronda, Grupo C",C,50,Jozsef Toth,,Hungría,False
1401,1982,Hungría,El Salvador,"1ra Ronda, Grupo C",C,54,Laszlo Fazekas,,Hungría,False
1402,1982,Hungría,El Salvador,"1ra Ronda, Grupo C",C,64,Luis Ramirez,,El Salvador,False
1403,1982,Hungría,El Salvador,"1ra Ronda, Grupo C",C,69,Laszlo Kiss,,Hungría,False
1404,1982,Hungría,El Salvador,"1ra Ronda, Grupo C",C,70,Lazar Szentes,,Hungría,False
1405,1982,Hungría,El Salvador,"1ra Ronda, Grupo C",C,72,Laszlo Kiss,,Hungría,False
1406,1982,Hungría,El Salvador,"1ra Ronda, Grupo C",C,76,Laszlo Kiss,,Hungría,False
1407,1982,Hungría,El Salvador,"1ra Ronda, Grupo C",C,83,Tibor Nyilasi,,Hungría,False
1408,1982,Alemania Occidental,Argelia,"1ra Ronda, Grupo B",B,54,Rabah Madjer,,Argelia,False
1409,1982,Alemania Occidental,Argelia,"1ra Ronda, Grupo B",B,67,Karl-Heinz Rummenigge,,Alemania Occidental,False
1410,1982,Alemania Occidental,Argelia,"1ra Ronda, Grupo B",B,68,Lakhdar Belloumi,,Argelia,False
1411,1982,España,Honduras,"1ra Ronda, Grupo E",E,7,Hector Zelaya,,Honduras,False
1412,1982,Inglaterra,Francia,"1ra Ronda, Grupo D",D,1,Bryan Robson,,Inglaterra,False
1413,1982,Inglaterra,Francia,"1ra Ronda, Grupo D",D,24,Gerard Soler,,Francia,False
1414,1982,Inglaterra,Francia,"1ra Ronda, Grupo D",D,67,Bryan Robson,,Inglaterra,False
1415,1982,Inglaterra,Francia,"1ra Ronda, Grupo D",D,83,Paul Mariner,,Inglaterra,False
1416,1982,Checoslovaquia,Kuwait,"1ra Ronda, Grupo D",D,57,Faisal Al Dakhil,,Kuwait,False
1417,1982,Chile,Austria,"1ra Ronda, Grupo B",B,22,Walter Schachner,,Austria,False
1418,1982,Argentina,Hungría,"1ra Ronda, Grupo C",C,26,Daniel Bertoni,,Argentina,False
1419,1982,Argentina,Hungría,"1ra Ronda, Grupo C",C,28,Diego Maradona,,Argentina,False
1420,1982,Argentina,Hungría,"1ra Ronda, Grupo C",C,57,Diego Maradona,,Argentina,False
1421,1982,Argentina,Hungría,"1ra Ronda, Grupo C",C,60,Osvaldo Ardiles,,Argentina,False
1422,1982,Argentina,Hungría,"1ra Ronda, Grupo C",C,76,Gabor Poloskei,,Hungría,False
1423,1982,Italia,Perú,"1ra Ronda, Grupo A",A,18,Bruno Conti,,Italia,False
1424,1982,Italia,Perú,"1ra Ronda, Grupo A",A,83,Ruben Diaz,,Perú,False
1425,1982,Brasil,Escocia,"1ra Ronda, Grupo F",F,18,David Narey,,Escocia,False
1426,1982,Brasil,Escocia,"1ra Ronda, Grupo F",F,33,Zico,,Brasil,False
1427,1982,Brasil,Escocia,"1ra Ronda, Grupo F",F,48,Oscar,,Brasil,False
1428,1982,Brasil,Escocia,"1ra Ronda, Grupo F",F,63,Eder,,Brasil,False
1429,1982,Brasil,Escocia,"1ra Ronda, Grupo F",F,87,Falcao,,Brasil,False
1430,1982,Bélgica,El Salvador,"1ra Ronda, Grupo C",C,19,Ludo Coeck,,Bélgica,False
1431,1982,URSS,Nueva Zelanda,"1ra Ronda, Grupo F",F,24,Yuri Gavrilov,,URSS,False
1432,1982,URSS,Nueva Zelanda,"1ra Ronda, Grupo F",F,48,Oleg Blokhin,,URSS,False
1433,1982,URSS,Nueva Zelanda,"1ra Ronda, Grupo F",F,68,Sergei Baltacha,,URSS,False
1434,1982,España,Yugoslavia,"1ra Ronda, Grupo E",E,10,Ivan Gudelj,,Yugoslavia,False
1435,1982,España,Yugoslavia,"1ra Ronda, Grupo E",E,66,Enrique Saura,,España,False
1436,1982,Inglaterra,Checoslovaquia,"1ra Ronda, Grupo D",D,62,Trevor Francis,,Inglaterra,False
1437,1982,Inglaterra,Checoslovaquia,"1ra Ronda, Grupo D",D,66,Jozef Barmos,,Inglaterra,False
1438,1982,Alemania Occidental,Chile,"1ra Ronda, Grupo B",B,9,Karl-Heinz Rummenigge,,Alemania Occidental,False
1439,1982,Alemania Occidental,Chile,"1ra Ronda, Grupo B",B,57,Karl-Heinz Rummenigge,,Alemania Occidental,False
1440,1982,Alemania Occidental,Chile,"1ra Ronda, Grupo B",B,66,Karl-Heinz Rummenigge,,Alemania Occidental,False
1441,1982,Alemania Occidental,Chile,"1ra Ronda, Grupo B",B,83,Uwe Reinders,,Alemania Occidental,False
1442,1982,Alemania Occidental,Chile,"1ra Ronda, Grupo B",B,90,Gustavo Moscoso,,Chile,False
1443,1982,Honduras,Irlanda del Norte,"1ra Ronda, Grupo E",E,9,Gerry Armstrong,,Irlanda del Norte,False
1444,1982,Honduras,Irlanda del Norte,"1ra Ronda, Grupo E",E,60,Eduardo Laing,,Honduras,False
1445,1982,Francia,Kuwait,"1ra Ronda, Grupo D",D,31,Bernard Genghini,,Francia,False
1446,1982,Francia,Kuwait,"1ra Ronda, Grupo D",D,43,Michel Platini,,Francia,False
1447,1982,Francia,Kuwait,"1ra Ronda, Grupo D",D,48,Didier Six,,Francia,False
1448,1982,Francia,Kuwait,"1ra Ronda, Grupo D",D,75,Abdulaziz Al Balushi,,Kuwait,False
1449,1982,Francia,Kuwait,"1ra Ronda, Grupo D",D,89,Maxime Bossis,,Francia,False
1450,1982,Argelia,Austria,"1ra Ronda, Grupo B",B,55,Walter Schachner,,Austria,False
1451,1982,Argelia,Austria,"1ra Ronda, Grupo B",B,67,Hans Krankl,,Austria,False
1452,1982,URSS,Escocia,"1ra Ronda, Grupo F",F,15,Joe Jordan,,Escocia,False
1453,1982,URSS,Escocia,"1ra Ronda, Grupo F",F,59,Aleksandr Chivadze,,URSS,False
1454,1982,URSS,Escocia,"1ra Ronda, Grupo F",F,84,Ramaz Shengelia,,URSS,False
1455,1982,URSS,Escocia,"1ra Ronda, Grupo F",F,86,Graeme Souness,,Escocia,False
1456,1982,Bélgica,Hungría,"1ra Ronda, Grupo C",C,27,Jozsef Varga,,Hungría,False
1457,1982,Bélgica,Hungría,"1ra Ronda, Grupo C",C,76,Alex Czerniatynski,,Bélgica,False
1458,1982,Polonia,Perú,"1ra Ronda, Grupo A",A,55,Wlodimierz Smolarek,,Polonia,False
1459,1982,Polonia,Perú,"1ra Ronda, Grupo A",A,58,Grzegorz Lato,,Polonia,False
1460,1982,Polonia,Perú,"1ra Ronda, Grupo A",A,61,Zbigniew Boniek,,Polonia,False
1461,1982,Polonia,Perú,"1ra Ronda, Grupo A",A,68,Andrzej Buncol,,Polonia,False
1462,1982,Polonia,Perú,"1ra Ronda, Grupo A",A,76,Wlodzimierz Ciolek,,Polonia,False
1463,1982,Polonia,Perú,"1ra Ronda, Grupo A",A,83,Guillermo La Rosa,,Perú,False
1464,1982,Italia,Camerún,"1ra Ronda, Grupo A",A,60,Francesco Graziani,,Italia,False
1465,1982,Italia,Camerún,"1ra Ronda, Grupo A",A,61,Gregoire Mbida,,Camerún,False
1466,1982,Argentina,El Salvador,"1ra Ronda, Grupo C",C,54,Daniel Bertoni,,Argentina,False
1467,1982,Brasil,Nueva Zelanda,"1ra Ronda, Grupo F",F,28,Zico,,Brasil,False
1468,1982,Brasil,Nueva Zelanda,"1ra Ronda, Grupo F",F,31,Zico,,Brasil,False
1469,1982,Brasil,Nueva Zelanda,"1ra Ronda, Grupo F",F,64,Falcao,,Brasil,False
1470,1982,Brasil,Nueva Zelanda,"1ra Ronda, Grupo F",F,70,Serginho,,Brasil,False
1471,1982,Francia,Checoslovaquia,"1ra Ronda, Grupo D",D,66,Didier Six,,Francia,False
1472,1982,Argelia,Chile,"1ra Ronda, Grupo B",B,7,Salah Assad,,Argelia,False
1473,1982,Argelia,Chile,"1ra Ronda, Grupo B",B,31,Salah Assad,,Argelia,False
1474,1982,Argelia,Chile,"1ra Ronda, Grupo B",B,35,Tedj Bensaoula,,Argelia,False
1475,1982,Argelia,Chile,"1ra Ronda, Grupo B",B,73,Juan Letelier,,Chile,True
1476,1982,Irlanda del Norte,España,"1ra Ronda, Grupo E",E,47,Gerry Armstrong,,Irlanda del Norte,False
1477,1982,Alemania Occidental,Austria,"1ra Ronda, Grupo B",B,10,Horst Hrubesch,,Alemania Occidental,False
1478,1982,Inglaterra,Kuwait,"1ra Ronda, Grupo D",D,27,Trevor Francis,,Inglaterra,False
1479,1982,Austria,Francia,"2da Ronda, Grupo 4",4,39,Bernard Genghini,,Francia,False
1480,1982,Polonia,Bélgica,"2da Ronda, Grupo 1",1,4,Zbigniew Boniek,,Polonia,False
1481,1982,Polonia,Bélgica,"2da Ronda, Grupo 1",1,26,Zbigniew Boniek,,Polonia,False
1482,1982,Polonia,Bélgica,"2da Ronda, Grupo 1",1,53,Zbigniew Boniek,,Polonia,False
1483,1982,Italia,Argentina,"2da Ronda, Grupo 3",3,57,Marco Tardelli,,Italia,False
1484,1982,Italia,Argentina,"2da Ronda, Grupo 3",3,67,Antonio Cabrini,,Italia,False
1485,1982,Italia,Argentina,"2da Ronda, Grupo 3",3,83,Daniel Passarella,,Argentina,False
1486,1982,Bélgica,URSS,"2da Ronda, Grupo 1",1,48,Khoren Oganesian,,URSS,False
1487,1982,Austria,Irlanda del Norte,"2da Ronda, Grupo 4",4,27,Billy Hamilton,,Irlanda del Norte,False
1488,1982,Austria,Irlanda del Norte,"2da Ronda, Grupo 4",4,50,Bruno Pezzey,,Austria,False
1489,1982,Austria,Irlanda del Norte,"2da Ronda, Grupo 4",4,68,Reinhold Hintermaier,,Austria,False
1490,1982,Austria,Irlanda del Norte,"2da Ronda, Grupo 4",4,75,Billy Hamilton,,Irlanda del Norte,False
1491,1982,Argentina,Brasil,"2da Ronda, Grupo 3",3,11,Zico,,Brasil,False
1492,1982,Argentina,Brasil,"2da Ronda, Grupo 3",3,66,Serginho,,Brasil,False
1493,1982,Argentina,Brasil,"2da Ronda, Grupo 3",3,75,Junior,,Brasil,False
1494,1982,Argentina,Brasil,"2da Ronda, Grupo 3",3,89,Ramon Diaz,,Argentina,False
1495,1982,Alemania Occidental,España,"2da Ronda, Grupo 2",2,50,Pierre Littbarski,,Alemania Occidental,False
1496,1982,Alemania Occidental,España,"2da Ronda, Grupo 2",2,75,Klaus Fischer,,Alemania Occidental,False
1497,1982,Alemania Occidental,España,"2da Ronda, Grupo 2",2,82,Jesus Zamora,,España,False
1498,1982,Francia,Irlanda del Norte,"2da Ronda, Grupo 4",4,33,Alain Giresse,,Francia,False
1499,1982,Francia,Irlanda del Norte,"2da Ronda, Grupo 4",4,46,Dominique Rocheteau,,Francia,True
1500,1982,Francia,Irlanda del Norte,"2da Ronda, Grupo 4",4,68,Dominique Rocheteau,,Francia,True
1501,1982,Francia,Irlanda del Norte,"2da Ronda, Grupo 4",4,75,Gerry Armstrong,,Irlanda del Norte,False
1502,1982,Francia,Irlanda del Norte,"2da Ronda, Grupo 4",4,80,Alain Giresse,,Francia,False
1503,1982,Italia,Brasil,"2da Ronda, Grupo 3",3,5,Paolo Rossi,,Italia,False
1504,1982,Italia,Brasil,"2da Ronda, Grupo 3",3,12,Socrates,,Brasil,False
1505,1982,Italia,Brasil,"2da Ronda, Grupo 3",3,25,Paolo Rossi,,Italia,False
1506,1982,Italia,Brasil,"2da Ronda, Grupo 3",3,68,Falcao,,Brasil,False
1507,1982,Italia,Brasil,"2da Ronda, Grupo 3",3,74,Paolo Rossi,,Italia,False
1508,1982,Alemania Occidental,Francia,Semis,,17,Pierre Littbarski,,Alemania Occidental,False
1509,1982,Alemania Occidental,Francia,Semis,,92,Marius Tresor,,Francia,True
1510,1982,Alemania Occidental,Francia,Semis,,98,Alain Giresse,,Francia,True
1511,1982,Alemania Occidental,Francia,Semis,,102,Karl-Heinz Rummenigge,,Alemania Occidental,True
1512,1982,Alemania Occidental,Francia,Semis,,108,Klaus Fischer,,Alemania Occidental,True
1513,1982,Polonia,Italia,Semis,,22,Paolo Rossi,,Italia,False
1514,1982,Polonia,Italia,Semis,,73,Paolo Rossi,,Italia,False
1515,1982,Polonia,Francia,3er Puesto,,13,Rene Girard,,Francia,False
1516,1982,Polonia,Francia,3er Puesto,,40,Andrzej Szarmach,,Polonia,False
1517,1982,Polonia,Francia,3er Puesto,,44,Stefan Majewski,,Polonia,False
1518,1982,Polonia,Francia,3er Puesto,,46,Janusz Kupcewicz,,Polonia,False
1519,1982,Polonia,Francia,3er Puesto,,72,Alain Couriol,,Francia,False
1520,1982,Italia,Alemania Occidental,Final,,57,Paolo Rossi,,Italia,False
1521,1982,Italia,Alemania Occidental,Final,,69,Marco Tardelli,,Italia,False
1522,1982,Italia,Alemania Occidental,Final,,81,Alessandro Altobelli,,Italia,False
1523,1982,Italia,Alemania Occidental,Final,,83,Paul Breitner,,Alemania Occidental,False
1524,1978,Túnez,México,"1ra Ronda, Grupo 2",2,55,Ali Kaabi,,Túnez,False
1525,1978,Túnez,México,"1ra Ronda, Grupo 2",2,79,Nejib Ghommidh,,Túnez,False
1526,1978,Túnez,México,"1ra Ronda, Grupo 2",2,87,Mokhtar Douieb,,Túnez,False
1527,1978,Italia,Francia,"1ra Ronda, Grupo 1",1,1,Bernard Lacombe,,Francia,False
1528,1978,Italia,Francia,"1ra Ronda, Grupo 1",1,29,Paolo Rossi,,Italia,False
1529,1978,Italia,Francia,"1ra Ronda, Grupo 1",1,54,Renato Zaccarelli,,Italia,False
1530,1978,Argentina,Hungría,"1ra Ronda, Grupo 1",1,10,Karoly Csapo,,Hungría,False
1531,1978,Argentina,Hungría,"1ra Ronda, Grupo 1",1,15,Leopoldo Luque,,Argentina,False
1532,1978,Argentina,Hungría,"1ra Ronda, Grupo 1",1,83,Daniel Bertoni,,Argentina,False
1533,1978,Paises Bajos,Irán,"1ra Ronda, Grupo 4",4,62,Rob Rensenbrink,,Paises Bajos,False
1534,1978,Austria,España,"1ra Ronda, Grupo 3",3,9,Walter Schachner,,Austria,False
1535,1978,Austria,España,"1ra Ronda, Grupo 3",3,21,Dani,,España,False
1536,1978,Austria,España,"1ra Ronda, Grupo 3",3,76,Hans Krankl,,Austria,False
1537,1978,Perú,Escocia,"1ra Ronda, Grupo 4",4,14,Joe Jordan,,Escocia,False
1538,1978,Perú,Escocia,"1ra Ronda, Grupo 4",4,43,Cesar Cueto,,Perú,True
1539,1978,Perú,Escocia,"1ra Ronda, Grupo 4",4,71,Teofilo Cubillas,,Perú,False
1540,1978,Perú,Escocia,"1ra Ronda, Grupo 4",4,77,Teofilo Cubillas,,Perú,False
1541,1978,Suecia,Brasil,"1ra Ronda, Grupo 3",3,37,Thomas Sjoberg,,Suecia,False
1542,1978,Suecia,Brasil,"1ra Ronda, Grupo 3",3,45,Reinaldo,,Brasil,False
1543,1978,Alemania Occidental,México,"1ra Ronda, Grupo 2",2,15,Dieter Mueller,,Alemania Occidental,True
1544,1978,Alemania Occidental,México,"1ra Ronda, Grupo 2",2,30,Hansi Mueller,,Alemania Occidental,False
1545,1978,Alemania Occidental,México,"1ra Ronda, Grupo 2",2,38,Karl-Heinz Rummenigge,,Alemania Occidental,False
1546,1978,Alemania Occidental,México,"1ra Ronda, Grupo 2",2,44,Heinz Flohe,,Alemania Occidental,False
1547,1978,Alemania Occidental,México,"1ra Ronda, Grupo 2",2,73,Karl-Heinz Rummenigge,,Alemania Occidental,False
1548,1978,Alemania Occidental,México,"1ra Ronda, Grupo 2",2,89,Heinz Flohe,,Alemania Occidental,False
1549,1978,Argentina,Francia,"1ra Ronda, Grupo 1",1,60,Michel Platini,,Francia,False
1550,1978,Argentina,Francia,"1ra Ronda, Grupo 1",1,73,Leopoldo Luque,,Argentina,False
1551,1978,Polonia,Túnez,"1ra Ronda, Grupo 2",2,43,Grzegorz Lato,,Polonia,False
1552,1978,Italia,Hungría,"1ra Ronda, Grupo 1",1,34,Paolo Rossi,,Italia,False
1553,1978,Italia,Hungría,"1ra Ronda, Grupo 1",1,36,Roberto Bettega,,Italia,True
1554,1978,Italia,Hungría,"1ra Ronda, Grupo 1",1,60,Romeo Benetti,,Italia,True
1555,1978,Escocia,Irán,"1ra Ronda, Grupo 4",4,43,Andranik Eskandarian,,Escocia,False
1556,1978,Escocia,Irán,"1ra Ronda, Grupo 4",4,60,Iraj Danayfar,,Irán,False
1557,1978,Italia,Argentina,"1ra Ronda, Grupo 1",1,67,Roberto Bettega,,Italia,True
1558,1978,Francia,Hungría,"1ra Ronda, Grupo 1",1,22,Christian Lopez,,Francia,False
1559,1978,Francia,Hungría,"1ra Ronda, Grupo 1",1,37,Marc Berdoll,,Francia,False
1560,1978,Francia,Hungría,"1ra Ronda, Grupo 1",1,41,Sandor Zombori,,Hungría,False
1561,1978,Francia,Hungría,"1ra Ronda, Grupo 1",1,42,Dominique Rocheteau,,Francia,True
1562,1978,Polonia,México,"1ra Ronda, Grupo 2",2,43,Zbigniew Boniek,,Polonia,False
1563,1978,Polonia,México,"1ra Ronda, Grupo 2",2,52,Victor Rangel,,México,False
1564,1978,Polonia,México,"1ra Ronda, Grupo 2",2,56,Kazimierz Deyna,,Polonia,False
1565,1978,Polonia,México,"1ra Ronda, Grupo 2",2,84,Zbigniew Boniek,,Polonia,False
1566,1978,Perú,Irán,"1ra Ronda, Grupo 4",4,2,Jose Velasquez,,Perú,False
1567,1978,Perú,Irán,"1ra Ronda, Grupo 4",4,41,Hassan Rowshan,,Irán,False
1568,1978,Perú,Irán,"1ra Ronda, Grupo 4",4,79,Teofilo Cubillas,,Perú,False
1569,1978,España,Suecia,"1ra Ronda, Grupo 3",3,75,Juan Manuel Asensi,,España,False
1570,1978,Escocia,Paises Bajos,"1ra Ronda, Grupo 4",4,44,Kenny Dalglish,,Escocia,False
1571,1978,Escocia,Paises Bajos,"1ra Ronda, Grupo 4",4,68,Archie Gemmill,,Escocia,False
1572,1978,Escocia,Paises Bajos,"1ra Ronda, Grupo 4",4,71,Johnny Rep,,Paises Bajos,False
1573,1978,Brasil,Austria,"1ra Ronda, Grupo 3",3,40,Roberto Dinamite,,Brasil,False
1574,1978,Paises Bajos,Austria,"2da Ronda, Grupo A",A,6,Ernie Brandts,,Paises Bajos,False
1575,1978,Paises Bajos,Austria,"2da Ronda, Grupo A",A,36,Johnny Rep,,Paises Bajos,False
1576,1978,Paises Bajos,Austria,"2da Ronda, Grupo A",A,53,Johnny Rep,,Paises Bajos,False
1577,1978,Paises Bajos,Austria,"2da Ronda, Grupo A",A,79,Erich Obermayer,,Austria,False
1578,1978,Paises Bajos,Austria,"2da Ronda, Grupo A",A,82,Willy Van De Kerkhof,,Paises Bajos,False
1579,1978,Brasil,Perú,"2da Ronda, Grupo B",B,15,Dirceu,,Brasil,False
1580,1978,Brasil,Perú,"2da Ronda, Grupo B",B,28,Dirceu,,Brasil,False
1581,1978,Argentina,Polonia,"2da Ronda, Grupo B",B,16,Mario Kempes,,Argentina,False
1582,1978,Argentina,Polonia,"2da Ronda, Grupo B",B,71,Mario Kempes,,Argentina,False
1583,1978,Polonia,Perú,"2da Ronda, Grupo B",B,65,Andrzej Szarmach,,Polonia,False
1584,1978,Alemania Occidental,Paises Bajos,"2da Ronda, Grupo A",A,3,Ruediger Abramczik,,Alemania Occidental,False
1585,1978,Alemania Occidental,Paises Bajos,"2da Ronda, Grupo A",A,27,Arie Haan,,Paises Bajos,False
1586,1978,Alemania Occidental,Paises Bajos,"2da Ronda, Grupo A",A,70,Dieter Mueller,,Alemania Occidental,True
1587,1978,Alemania Occidental,Paises Bajos,"2da Ronda, Grupo A",A,84,Rene Van De Kerkhof,,Paises Bajos,False
1588,1978,Italia,Austria,"2da Ronda, Grupo A",A,14,Paolo Rossi,,Italia,False
1589,1978,Argentina,Perú,"2da Ronda, Grupo B",B,21,Mario Kempes,,Argentina,False
1590,1978,Argentina,Perú,"2da Ronda, Grupo B",B,43,Alberto Tarantini,,Argentina,False
1591,1978,Argentina,Perú,"2da Ronda, Grupo B",B,48,Mario Kempes,,Argentina,False
1592,1978,Argentina,Perú,"2da Ronda, Grupo B",B,50,Leopoldo Luque,,Argentina,False
1593,1978,Argentina,Perú,"2da Ronda, Grupo B",B,67,Rene Houseman,,Argentina,False
1594,1978,Argentina,Perú,"2da Ronda, Grupo B",B,72,Leopoldo Luque,,Argentina,False
1595,1978,Paises Bajos,Italia,"2da Ronda, Grupo A",A,18,Ernie Brandts,,Italia,False
1596,1978,Paises Bajos,Italia,"2da Ronda, Grupo A",A,50,Ernie Brandts,,Paises Bajos,False
1597,1978,Paises Bajos,Italia,"2da Ronda, Grupo A",A,75,Arie Haan,,Paises Bajos,False
1598,1978,Brasil,Polonia,"2da Ronda, Grupo B",B,12,Nelinho,,Brasil,False
1599,1978,Brasil,Polonia,"2da Ronda, Grupo B",B,45,Grzegorz Lato,,Polonia,False
1600,1978,Brasil,Polonia,"2da Ronda, Grupo B",B,57,Roberto Dinamite,,Brasil,False
1601,1978,Brasil,Polonia,"2da Ronda, Grupo B",B,63,Roberto Dinamite,,Brasil,False
1602,1978,Austria,Alemania Occidental,"2da Ronda, Grupo A",A,19,Karl-Heinz Rummenigge,,Alemania Occidental,False
1603,1978,Austria,Alemania Occidental,"2da Ronda, Grupo A",A,59,Berti Vogts,,Austria,False
1604,1978,Austria,Alemania Occidental,"2da Ronda, Grupo A",A,66,Hans Krankl,,Austria,False
1605,1978,Austria,Alemania Occidental,"2da Ronda, Grupo A",A,68,Bernd Hoelzenbein,,Alemania Occidental,False
1606,1978,Austria,Alemania Occidental,"2da Ronda, Grupo A",A,87,Hans Krankl,,Austria,False
1607,1978,Brasil,Italia,3er Puesto,,38,Franco Causio,,Italia,False
1608,1978,Brasil,Italia,3er Puesto,,64,Nelinho,,Brasil,False
1609,1978,Brasil,Italia,3er Puesto,,72,Dirceu,,Brasil,False
1610,1978,Argentina,Paises Bajos,Final,,38,Mario Kempes,,Argentina,False
1611,1978,Argentina,Paises Bajos,Final,,82,Dick Nanninga,,Paises Bajos,False
1612,1978,Argentina,Paises Bajos,Final,,105,Mario Kempes,,Argentina,True
1613,1978,Argentina,Paises Bajos,Final,,116,Daniel Bertoni,,Argentina,True
1614,1974,Alemania Occidental,Chile,"1ra Ronda, Grupo 1",1,18,Paul Breitner,,Alemania Occidental,False
1615,1974,Alemania Oriental,Australia,"1ra Ronda, Grupo 1",1,58,Colin Curran,,Alemania Oriental,False
1616,1974,Alemania Oriental,Australia,"1ra Ronda, Grupo 1",1,72,Joachim Streich,,Alemania Oriental,False
1617,1974,Zaire,Escocia,"1ra Ronda, Grupo 2",2,26,Peter Lorimer,,Escocia,True
1618,1974,Zaire,Escocia,"1ra Ronda, Grupo 2",2,34,Joe Jordan,,Escocia,False
1619,1974,Polonia,Argentina,"1ra Ronda, Grupo 4",4,7,Grzegorz Lato,,Polonia,False
1620,1974,Polonia,Argentina,"1ra Ronda, Grupo 4",4,8,Andrzej Szarmach,,Polonia,False
1621,1974,Polonia,Argentina,"1ra Ronda, Grupo 4",4,60,Ramon Heredia,,Argentina,False
1622,1974,Polonia,Argentina,"1ra Ronda, Grupo 4",4,62,Grzegorz Lato,,Polonia,False
1623,1974,Polonia,Argentina,"1ra Ronda, Grupo 4",4,66,Carlos Babington,,Argentina,False
1624,1974,Italia,Haití,"1ra Ronda, Grupo 4",4,46,Emmanuel Sanon,,Haití,False
1625,1974,Italia,Haití,"1ra Ronda, Grupo 4",4,52,Gianni Rivera,,Italia,False
1626,1974,Italia,Haití,"1ra Ronda, Grupo 4",4,66,Romeo Benetti,,Italia,True
1627,1974,Italia,Haití,"1ra Ronda, Grupo 4",4,79,Pietro Anastasi,,Italia,True
1628,1974,Uruguay,Paises Bajos,"1ra Ronda, Grupo 3",3,7,Johnny Rep,,Paises Bajos,False
1629,1974,Uruguay,Paises Bajos,"1ra Ronda, Grupo 3",3,86,Johnny Rep,,Paises Bajos,False
1630,1974,Australia,Alemania Occidental,"1ra Ronda, Grupo 1",1,12,Wolfgang Overath,,Alemania Occidental,False
1631,1974,Australia,Alemania Occidental,"1ra Ronda, Grupo 1",1,34,Bernd Cullmann,,Alemania Occidental,False
1632,1974,Australia,Alemania Occidental,"1ra Ronda, Grupo 1",1,53,Gerd Mueller,,Alemania Occidental,False
1633,1974,Yugoslavia,Zaire,"1ra Ronda, Grupo 2",2,8,Dusan Bajevic,,Yugoslavia,False
1634,1974,Yugoslavia,Zaire,"1ra Ronda, Grupo 2",2,14,Dragan Dzajic,,Yugoslavia,False
1635,1974,Yugoslavia,Zaire,"1ra Ronda, Grupo 2",2,18,Ivica Surjak,,Yugoslavia,False
1636,1974,Yugoslavia,Zaire,"1ra Ronda, Grupo 2",2,22,Josip Katalinski,,Yugoslavia,False
1637,1974,Yugoslavia,Zaire,"1ra Ronda, Grupo 2",2,30,Dusan Bajevic,,Yugoslavia,False
1638,1974,Yugoslavia,Zaire,"1ra Ronda, Grupo 2",2,35,Vladislav Bogicevic,,Yugoslavia,False
1639,1974,Yugoslavia,Zaire,"1ra Ronda, Grupo 2",2,61,Branko Oblak,,Yugoslavia,False
1640,1974,Yugoslavia,Zaire,"1ra Ronda, Grupo 2",2,65,Ilija Petkovic,,Yugoslavia,True
1641,1974,Yugoslavia,Zaire,"1ra Ronda, Grupo 2",2,81,Dusan Bajevic,,Yugoslavia,False
1642,1974,Chile,Alemania Oriental,"1ra Ronda, Grupo 1",1,55,Martin Hoffmann,,Alemania Oriental,False
1643,1974,Chile,Alemania Oriental,"1ra Ronda, Grupo 1",1,69,Sergio Ahumada,,Chile,False
1644,1974,Argentina,Italia,"1ra Ronda, Grupo 4",4,19,Rene Houseman,,Argentina,False
1645,1974,Argentina,Italia,"1ra Ronda, Grupo 4",4,35,Roberto Perfumo,,Italia,False
1646,1974,Haití,Polonia,"1ra Ronda, Grupo 4",4,17,Grzegorz Lato,,Polonia,False
1647,1974,Haití,Polonia,"1ra Ronda, Grupo 4",4,18,Kazimierz Deyna,,Polonia,False
1648,1974,Haití,Polonia,"1ra Ronda, Grupo 4",4,30,Andrzej Szarmach,,Polonia,False
1649,1974,Haití,Polonia,"1ra Ronda, Grupo 4",4,31,Jerzy Gorgon,,Polonia,False
1650,1974,Haití,Polonia,"1ra Ronda, Grupo 4",4,34,Andrzej Szarmach,,Polonia,False
1651,1974,Haití,Polonia,"1ra Ronda, Grupo 4",4,50,Andrzej Szarmach,,Polonia,False
1652,1974,Haití,Polonia,"1ra Ronda, Grupo 4",4,87,Grzegorz Lato,,Polonia,False
1653,1974,Bulgaria,Uruguay,"1ra Ronda, Grupo 3",3,75,Hristo Bonev,,Bulgaria,False
1654,1974,Bulgaria,Uruguay,"1ra Ronda, Grupo 3",3,87,Ricardo Pavoni,,Uruguay,False
1655,1974,Zaire,Brasil,"1ra Ronda, Grupo 2",2,12,Jairzinho,,Brasil,False
1656,1974,Zaire,Brasil,"1ra Ronda, Grupo 2",2,66,Rivelino,,Brasil,False
1657,1974,Zaire,Brasil,"1ra Ronda, Grupo 2",2,79,Valdomiro,,Brasil,False
1658,1974,Alemania Oriental,Alemania Occidental,"1ra Ronda, Grupo 1",1,77,Juergen Sparwasser,,Alemania Oriental,False
1659,1974,Escocia,Yugoslavia,"1ra Ronda, Grupo 2",2,81,Stanislav Karasi,,Yugoslavia,False
1660,1974,Escocia,Yugoslavia,"1ra Ronda, Grupo 2",2,88,Joe Jordan,,Escocia,False
1661,1974,Polonia,Italia,"1ra Ronda, Grupo 4",4,38,Andrzej Szarmach,,Polonia,False
1662,1974,Polonia,Italia,"1ra Ronda, Grupo 4",4,44,Kazimierz Deyna,,Polonia,False
1663,1974,Polonia,Italia,"1ra Ronda, Grupo 4",4,85,Fabio Capello,,Italia,False
1664,1974,Argentina,Haití,"1ra Ronda, Grupo 4",4,15,Hector Yazalde,,Argentina,False
1665,1974,Argentina,Haití,"1ra Ronda, Grupo 4",4,18,Rene Houseman,,Argentina,False
1666,1974,Argentina,Haití,"1ra Ronda, Grupo 4",4,55,Ruben Ayala,,Argentina,False
1667,1974,Argentina,Haití,"1ra Ronda, Grupo 4",4,63,Emmanuel Sanon,,Haití,False
1668,1974,Argentina,Haití,"1ra Ronda, Grupo 4",4,68,Hector Yazalde,,Argentina,False
1669,1974,Bulgaria,Paises Bajos,"1ra Ronda, Grupo 3",3,71,Johnny Rep,,Paises Bajos,False
1670,1974,Bulgaria,Paises Bajos,"1ra Ronda, Grupo 3",3,78,Ruud Krol,,Bulgaria,False
1671,1974,Bulgaria,Paises Bajos,"1ra Ronda, Grupo 3",3,88,Theo De Jong,,Paises Bajos,False
1672,1974,Suecia,Uruguay,"1ra Ronda, Grupo 3",3,46,Ralf Edstrom,,Suecia,False
1673,1974,Suecia,Uruguay,"1ra Ronda, Grupo 3",3,74,Roland Sandberg,,Suecia,False
1674,1974,Suecia,Uruguay,"1ra Ronda, Grupo 3",3,77,Ralf Edstrom,,Suecia,False
1675,1974,Suecia,Polonia,"2da Ronda, Grupo B",B,43,Grzegorz Lato,,Polonia,False
1676,1974,Yugoslavia,Alemania Occidental,"2da Ronda, Grupo B",B,39,Paul Breitner,,Alemania Occidental,False
1677,1974,Yugoslavia,Alemania Occidental,"2da Ronda, Grupo B",B,82,Gerd Mueller,,Alemania Occidental,False
1678,1974,Paises Bajos,Argentina,"2da Ronda, Grupo A",A,10,Johan Cruyff,,Paises Bajos,False
1679,1974,Paises Bajos,Argentina,"2da Ronda, Grupo A",A,25,Ruud Krol,,Paises Bajos,False
1680,1974,Paises Bajos,Argentina,"2da Ronda, Grupo A",A,73,Johnny Rep,,Paises Bajos,False
1681,1974,Paises Bajos,Argentina,"2da Ronda, Grupo A",A,90,Johan Cruyff,,Paises Bajos,False
1682,1974,Brasil,Alemania Oriental,"2da Ronda, Grupo A",A,60,Rivelino,,Brasil,False
1683,1974,Alemania Oriental,Paises Bajos,"2da Ronda, Grupo A",A,7,Johan Neeskens,,Paises Bajos,False
1684,1974,Alemania Oriental,Paises Bajos,"2da Ronda, Grupo A",A,59,Rob Rensenbrink,,Paises Bajos,False
1685,1974,Argentina,Brasil,"2da Ronda, Grupo A",A,32,Rivelino,,Brasil,False
1686,1974,Argentina,Brasil,"2da Ronda, Grupo A",A,35,Miguel Brindisi,,Argentina,False
1687,1974,Argentina,Brasil,"2da Ronda, Grupo A",A,49,Jairzinho,,Brasil,False
1688,1974,Polonia,Yugoslavia,"2da Ronda, Grupo B",B,43,Stanislav Karasi,,Yugoslavia,False
1689,1974,Polonia,Yugoslavia,"2da Ronda, Grupo B",B,62,Grzegorz Lato,,Polonia,False
1690,1974,Alemania Occidental,Suecia,"2da Ronda, Grupo B",B,24,Ralf Edstrom,,Suecia,False
1691,1974,Alemania Occidental,Suecia,"2da Ronda, Grupo B",B,51,Wolfgang Overath,,Alemania Occidental,False
1692,1974,Alemania Occidental,Suecia,"2da Ronda, Grupo B",B,52,Rainer Bonhof,,Alemania Occidental,False
1693,1974,Alemania Occidental,Suecia,"2da Ronda, Grupo B",B,53,Roland Sandberg,,Suecia,False
1694,1974,Alemania Occidental,Suecia,"2da Ronda, Grupo B",B,76,Juergen Grabowski,,Alemania Occidental,False
1695,1974,Suecia,Yugoslavia,"2da Ronda, Grupo B",B,27,Ivica Surjak,,Yugoslavia,False
1696,1974,Suecia,Yugoslavia,"2da Ronda, Grupo B",B,29,Ralf Edstrom,,Suecia,False
1697,1974,Suecia,Yugoslavia,"2da Ronda, Grupo B",B,85,Conny Torstensson,,Suecia,False
1698,1974,Argentina,Alemania Oriental,"2da Ronda, Grupo A",A,14,Joachim Streich,,Alemania Oriental,False
1699,1974,Argentina,Alemania Oriental,"2da Ronda, Grupo A",A,20,Rene Houseman,,Argentina,False
1700,1974,Polonia,Alemania Occidental,"2da Ronda, Grupo B",B,76,Gerd Mueller,,Alemania Occidental,False
1701,1974,Paises Bajos,Brasil,"2da Ronda, Grupo A",A,50,Johan Neeskens,,Paises Bajos,False
1702,1974,Paises Bajos,Brasil,"2da Ronda, Grupo A",A,65,Johan Cruyff,,Paises Bajos,False
1703,1974,Brasil,Polonia,3er Puesto,,76,Grzegorz Lato,,Polonia,False
1704,1974,Paises Bajos,Alemania Occidental,Final,,43,Gerd Mueller,,Alemania Occidental,False
1705,1970,Inglaterra,Rumania,"1ra Ronda, Grupo 3",3,65,Geoff Hurst,,Inglaterra,False
1706,1970,Uruguay,Israel,"1ra Ronda, Grupo 2",2,23,Ildo Maneiro,,Uruguay,False
1707,1970,Uruguay,Israel,"1ra Ronda, Grupo 2",2,50,Juan Mujica,,Uruguay,False
1708,1970,Perú,Bulgaria,"1ra Ronda, Grupo 4",4,13,Dinko Dermendzhiev,,Bulgaria,False
1709,1970,Perú,Bulgaria,"1ra Ronda, Grupo 4",4,49,Hristo Bonev,,Bulgaria,False
1710,1970,Perú,Bulgaria,"1ra Ronda, Grupo 4",4,50,Alberto Gallardo,,Perú,False
1711,1970,Perú,Bulgaria,"1ra Ronda, Grupo 4",4,55,Hector Chumpitaz,,Perú,False
1712,1970,Perú,Bulgaria,"1ra Ronda, Grupo 4",4,73,Teofilo Cubillas,,Perú,False
1713,1970,Italia,Suecia,"1ra Ronda, Grupo 2",2,10,Angelo Domenghini,,Italia,False
1714,1970,Alemania Occidental,Marruecos,"1ra Ronda, Grupo 4",4,21,Houmane Jarir,,Marruecos,False
1715,1970,Alemania Occidental,Marruecos,"1ra Ronda, Grupo 4",4,56,Uwe Seeler,,Alemania Occidental,False
1716,1970,Alemania Occidental,Marruecos,"1ra Ronda, Grupo 4",4,80,Gerd Mueller,,Alemania Occidental,False
1717,1970,Bélgica,El Salvador,"1ra Ronda, Grupo 1",1,12,Wilfried Van Moer,,Bélgica,False
1718,1970,Bélgica,El Salvador,"1ra Ronda, Grupo 1",1,54,Wilfried Van Moer,,Bélgica,False
1719,1970,Brasil,Checoslovaquia,"1ra Ronda, Grupo 3",3,11,Ladislav Petras,,Checoslovaquia,True
1720,1970,Brasil,Checoslovaquia,"1ra Ronda, Grupo 3",3,24,Rivelino,,Brasil,False
1721,1970,Brasil,Checoslovaquia,"1ra Ronda, Grupo 3",3,59,Pelé,,Brasil,False
1722,1970,Brasil,Checoslovaquia,"1ra Ronda, Grupo 3",3,61,Jairzinho,,Brasil,False
1723,1970,Brasil,Checoslovaquia,"1ra Ronda, Grupo 3",3,83,Jairzinho,,Brasil,False
1724,1970,Perú,Marruecos,"1ra Ronda, Grupo 4",4,65,Teofilo Cubillas,,Perú,False
1725,1970,Perú,Marruecos,"1ra Ronda, Grupo 4",4,67,Roberto Challe,,Perú,False
1726,1970,Perú,Marruecos,"1ra Ronda, Grupo 4",4,75,Teofilo Cubillas,,Perú,False
1727,1970,Rumania,Checoslovaquia,"1ra Ronda, Grupo 3",3,5,Ladislav Petras,,Checoslovaquia,True
1728,1970,Rumania,Checoslovaquia,"1ra Ronda, Grupo 3",3,52,Alexandru Neagu,,Rumania,False
1729,1970,URSS,Bélgica,"1ra Ronda, Grupo 1",1,14,Anatoly Bishovets,,URSS,True
1730,1970,URSS,Bélgica,"1ra Ronda, Grupo 1",1,57,Kakhi Asatiani,,URSS,False
1731,1970,URSS,Bélgica,"1ra Ronda, Grupo 1",1,63,Anatoly Bishovets,,URSS,True
1732,1970,URSS,Bélgica,"1ra Ronda, Grupo 1",1,76,Vitali Khmelnitski,,URSS,False
1733,1970,URSS,Bélgica,"1ra Ronda, Grupo 1",1,86,Raoul Lambert,,Bélgica,False
1734,1970,Suecia,Israel,"1ra Ronda, Grupo 2",2,53,Tom Turesson,,Suecia,False
1735,1970,Suecia,Israel,"1ra Ronda, Grupo 2",2,56,Mordechai Spiegler,,Israel,False
1736,1970,México,El Salvador,"1ra Ronda, Grupo 1",1,45,Javier Valdivia,,México,False
1737,1970,México,El Salvador,"1ra Ronda, Grupo 1",1,46,Javier Valdivia,,México,False
1738,1970,México,El Salvador,"1ra Ronda, Grupo 1",1,58,Javier Fragoso,,México,False
1739,1970,México,El Salvador,"1ra Ronda, Grupo 1",1,83,Juan Ignacio Basaguren,,México,False
1740,1970,Alemania Occidental,Bulgaria,"1ra Ronda, Grupo 4",4,12,Asparukh Nikodimov,,Bulgaria,False
1741,1970,Alemania Occidental,Bulgaria,"1ra Ronda, Grupo 4",4,20,Stan Libuda,,Alemania Occidental,False
1742,1970,Alemania Occidental,Bulgaria,"1ra Ronda, Grupo 4",4,27,Gerd Mueller,,Alemania Occidental,False
1743,1970,Alemania Occidental,Bulgaria,"1ra Ronda, Grupo 4",4,70,Uwe Seeler,,Alemania Occidental,False
1744,1970,Alemania Occidental,Bulgaria,"1ra Ronda, Grupo 4",4,88,Gerd Mueller,,Alemania Occidental,False
1745,1970,Alemania Occidental,Bulgaria,"1ra Ronda, Grupo 4",4,89,Todor Kolev,,Bulgaria,False
1746,1970,Brasil,Inglaterra,"1ra Ronda, Grupo 3",3,59,Jairzinho,,Brasil,False
1747,1970,URSS,El Salvador,"1ra Ronda, Grupo 1",1,51,Anatoly Bishovets,,URSS,True
1748,1970,URSS,El Salvador,"1ra Ronda, Grupo 1",1,74,Anatoly Bishovets,,URSS,True
1749,1970,Suecia,Uruguay,"1ra Ronda, Grupo 2",2,90,Ove Grahn,,Suecia,False
1750,1970,Alemania Occidental,Perú,"1ra Ronda, Grupo 4",4,19,Gerd Mueller,,Alemania Occidental,False
1751,1970,Alemania Occidental,Perú,"1ra Ronda, Grupo 4",4,26,Gerd Mueller,,Alemania Occidental,False
1752,1970,Alemania Occidental,Perú,"1ra Ronda, Grupo 4",4,39,Gerd Mueller,,Alemania Occidental,False
1753,1970,Alemania Occidental,Perú,"1ra Ronda, Grupo 4",4,44,Teofilo Cubillas,,Perú,False
1754,1970,Brasil,Rumania,"1ra Ronda, Grupo 3",3,19,Pelé,,Brasil,False
1755,1970,Brasil,Rumania,"1ra Ronda, Grupo 3",3,22,Jairzinho,,Brasil,False
1756,1970,Brasil,Rumania,"1ra Ronda, Grupo 3",3,34,Florea Dumitrache,,Rumania,False
1757,1970,Brasil,Rumania,"1ra Ronda, Grupo 3",3,67,Pelé,,Brasil,False
1758,1970,Brasil,Rumania,"1ra Ronda, Grupo 3",3,84,Emerich Dembrovschi,,Rumania,False
1759,1970,Bulgaria,Marruecos,"1ra Ronda, Grupo 4",4,40,Dobromir Zhechev,,Bulgaria,False
1760,1970,Bulgaria,Marruecos,"1ra Ronda, Grupo 4",4,61,Mahjoub Ghazouani,,Marruecos,False
1761,1970,Alemania Occidental,Inglaterra,Cuartos,,31,Alan Mullery,,Inglaterra,False
1762,1970,Alemania Occidental,Inglaterra,Cuartos,,49,Martin Peters,,Inglaterra,True
1763,1970,Alemania Occidental,Inglaterra,Cuartos,,68,Franz Beckenbauer,,Alemania Occidental,False
1764,1970,Alemania Occidental,Inglaterra,Cuartos,,76,Uwe Seeler,,Alemania Occidental,False
1765,1970,Alemania Occidental,Inglaterra,Cuartos,,108,Gerd Mueller,,Alemania Occidental,True
1766,1970,Italia,México,Cuartos,,13,Jose Gonzalez,,México,False
1767,1970,Italia,México,Cuartos,,25,Gustavo Pena,,Italia,False
1768,1970,Italia,México,Cuartos,,63,Gigi Riva,,Italia,False
1769,1970,Italia,México,Cuartos,,70,Gianni Rivera,,Italia,False
1770,1970,Italia,México,Cuartos,,76,Gigi Riva,,Italia,False
1771,1970,Uruguay,URSS,Cuartos,,116,Victor Esparrago,,Uruguay,True
1772,1970,Brasil,Perú,Cuartos,,11,Rivelino,,Brasil,False
1773,1970,Brasil,Perú,Cuartos,,15,Tostao,,Brasil,False
1774,1970,Brasil,Perú,Cuartos,,28,Alberto Gallardo,,Perú,False
1775,1970,Brasil,Perú,Cuartos,,52,Tostao,,Brasil,False
1776,1970,Brasil,Perú,Cuartos,,70,Teofilo Cubillas,,Perú,False
1777,1970,Brasil,Perú,Cuartos,,75,Jairzinho,,Brasil,False
1778,1970,Uruguay,Brasil,Semis,,19,Luis Cubilla,,Uruguay,False
1779,1970,Uruguay,Brasil,Semis,,44,Clodoaldo,,Brasil,False
1780,1970,Uruguay,Brasil,Semis,,76,Jairzinho,,Brasil,False
1781,1970,Uruguay,Brasil,Semis,,89,Rivelino,,Brasil,False
1782,1970,Italia,Alemania Occidental,Semis,,8,Roberto Boninsegna,,Italia,False
1783,1970,Italia,Alemania Occidental,Semis,,90,Karl-Heinz Schnellinger,,Alemania Occidental,False
1784,1970,Italia,Alemania Occidental,Semis,,94,Gerd Mueller,,Alemania Occidental,True
1785,1970,Italia,Alemania Occidental,Semis,,98,Tarcisio Burgnich,,Italia,True
1786,1970,Italia,Alemania Occidental,Semis,,104,Gigi Riva,,Italia,True
1787,1970,Italia,Alemania Occidental,Semis,,110,Gerd Mueller,,Alemania Occidental,True
1788,1970,Italia,Alemania Occidental,Semis,,111,Gianni Rivera,,Italia,True
1789,1970,Uruguay,Alemania Occidental,3er Puesto,,26,Wolfgang Overath,,Alemania Occidental,False
1790,1970,Brasil,Italia,Final,,18,Pelé,,Brasil,False
1791,1970,Brasil,Italia,Final,,37,Roberto Boninsegna,,Italia,False
1792,1970,Brasil,Italia,Final,,66,Gerson,,Brasil,False
1793,1970,Brasil,Italia,Final,,71,Jairzinho,,Brasil,False
1794,1970,Brasil,Italia,Final,,86,Carlos Alberto,,Brasil,False
1795,1966,Alemania Occidental,Suiza,"1ra Ronda, Grupo 2",2,15,Sigi Held,,Alemania Occidental,False
1796,1966,Alemania Occidental,Suiza,"1ra Ronda, Grupo 2",2,20,Helmut Haller,,Alemania Occidental,False
1797,1966,Alemania Occidental,Suiza,"1ra Ronda, Grupo 2",2,39,Franz Beckenbauer,,Alemania Occidental,False
1798,1966,Alemania Occidental,Suiza,"1ra Ronda, Grupo 2",2,52,Franz Beckenbauer,,Alemania Occidental,False
1799,1966,URSS,Corea del Norte,"1ra Ronda, Grupo 4",4,31,Eduard Malofeyev,,URSS,False
1800,1966,URSS,Corea del Norte,"1ra Ronda, Grupo 4",4,33,Anatoli Banishevski,,URSS,False
1801,1966,URSS,Corea del Norte,"1ra Ronda, Grupo 4",4,88,Eduard Malofeyev,,URSS,False
1802,1966,Brasil,Bulgaria,"1ra Ronda, Grupo 3",3,15,Pelé,,Brasil,False
1803,1966,Brasil,Bulgaria,"1ra Ronda, Grupo 3",3,63,Garrincha,,Brasil,False
1804,1966,Francia,México,"1ra Ronda, Grupo 1",1,48,Enrique Borja,,México,False
1805,1966,Francia,México,"1ra Ronda, Grupo 1",1,62,Gerard Hausser,,Francia,False
1806,1966,Italia,Chile,"1ra Ronda, Grupo 4",4,8,Sandro Mazzola,,Italia,False
1807,1966,Italia,Chile,"1ra Ronda, Grupo 4",4,88,Paolo Barison,,Italia,False
1808,1966,Portugal,Hungría,"1ra Ronda, Grupo 3",3,2,Jose Augusto,,Portugal,False
1809,1966,Portugal,Hungría,"1ra Ronda, Grupo 3",3,60,Ferenc Bene,,Hungría,False
1810,1966,Portugal,Hungría,"1ra Ronda, Grupo 3",3,67,Jose Augusto,,Portugal,False
1811,1966,Portugal,Hungría,"1ra Ronda, Grupo 3",3,90,Jose Torres,,Portugal,False
1812,1966,Argentina,España,"1ra Ronda, Grupo 2",2,65,Luis Artime,,Argentina,False
1813,1966,Argentina,España,"1ra Ronda, Grupo 2",2,71,Pirri,,España,False
1814,1966,Argentina,España,"1ra Ronda, Grupo 2",2,79,Luis Artime,,Argentina,False
1815,1966,Uruguay,Francia,"1ra Ronda, Grupo 1",1,26,Pedro Rocha,,Uruguay,False
1816,1966,Uruguay,Francia,"1ra Ronda, Grupo 1",1,31,Julio Cortes,,Uruguay,False
1817,1966,Hungría,Brasil,"1ra Ronda, Grupo 3",3,2,Ferenc Bene,,Hungría,False
1818,1966,Hungría,Brasil,"1ra Ronda, Grupo 3",3,14,Tostao,,Brasil,False
1819,1966,Hungría,Brasil,"1ra Ronda, Grupo 3",3,64,Janos Farkas,,Hungría,False
1820,1966,España,Suiza,"1ra Ronda, Grupo 2",2,28,Rene Quentin,,Suiza,False
1821,1966,España,Suiza,"1ra Ronda, Grupo 2",2,57,Manuel Sanchis,,España,False
1822,1966,España,Suiza,"1ra Ronda, Grupo 2",2,75,Amancio,,España,False
1823,1966,Corea del Norte,Chile,"1ra Ronda, Grupo 4",4,88,Seung Zin Pak,,Corea del Norte,False
1824,1966,Portugal,Bulgaria,"1ra Ronda, Grupo 3",3,17,Ivan Vutsov,,Portugal,False
1825,1966,Portugal,Bulgaria,"1ra Ronda, Grupo 3",3,38,Eusebio,,Portugal,False
1826,1966,Portugal,Bulgaria,"1ra Ronda, Grupo 3",3,81,Jose Torres,,Portugal,False
1827,1966,URSS,Italia,"1ra Ronda, Grupo 4",4,57,Igor Chislenko,,URSS,False
1828,1966,Inglaterra,México,"1ra Ronda, Grupo 1",1,37,Bobby Charlton,,Inglaterra,False
1829,1966,Inglaterra,México,"1ra Ronda, Grupo 1",1,75,Roger Hunt,,Inglaterra,False
1830,1966,Portugal,Brasil,"1ra Ronda, Grupo 3",3,15,Simoes,,Portugal,False
1831,1966,Portugal,Brasil,"1ra Ronda, Grupo 3",3,27,Eusebio,,Portugal,False
1832,1966,Portugal,Brasil,"1ra Ronda, Grupo 3",3,73,Rildo,,Brasil,False
1833,1966,Portugal,Brasil,"1ra Ronda, Grupo 3",3,85,Eusebio,,Portugal,False
1834,1966,Argentina,Suiza,"1ra Ronda, Grupo 2",2,53,Luis Artime,,Argentina,False
1835,1966,Argentina,Suiza,"1ra Ronda, Grupo 2",2,81,Ermindo Onega,,Argentina,False
1836,1966,Corea del Norte,Italia,"1ra Ronda, Grupo 4",4,42,Doo Ik Pak,,Corea del Norte,False
1837,1966,Inglaterra,Francia,"1ra Ronda, Grupo 1",1,38,Roger Hunt,,Inglaterra,False
1838,1966,Inglaterra,Francia,"1ra Ronda, Grupo 1",1,75,Roger Hunt,,Inglaterra,False
1839,1966,Alemania Occidental,España,"1ra Ronda, Grupo 2",2,22,Jose Maria Fuste,,España,False
1840,1966,Alemania Occidental,España,"1ra Ronda, Grupo 2",2,38,Lothar Emmerich,,Alemania Occidental,False
1841,1966,Alemania Occidental,España,"1ra Ronda, Grupo 2",2,84,Uwe Seeler,,Alemania Occidental,False
1842,1966,URSS,Chile,"1ra Ronda, Grupo 4",4,28,Valeriy Porkuyan,,URSS,False
1843,1966,URSS,Chile,"1ra Ronda, Grupo 4",4,32,Ruben Marcos,,Chile,False
1844,1966,URSS,Chile,"1ra Ronda, Grupo 4",4,85,Valeriy Porkuyan,,URSS,False
1845,1966,Hungría,Bulgaria,"1ra Ronda, Grupo 3",3,15,Georgi Asparukhov,,Bulgaria,False
1846,1966,Hungría,Bulgaria,"1ra Ronda, Grupo 3",3,43,Ivan Davidov,,Hungría,False
1847,1966,Hungría,Bulgaria,"1ra Ronda, Grupo 3",3,45,Kalman Meszoly,,Hungría,False
1848,1966,Hungría,Bulgaria,"1ra Ronda, Grupo 3",3,54,Ferenc Bene,,Hungría,False
1849,1966,Portugal,Corea del Norte,Cuartos,,1,Seung Zin Pak,,Corea del Norte,False
1850,1966,Portugal,Corea del Norte,Cuartos,,22,Dong Woon Li,,Corea del Norte,False
1851,1966,Portugal,Corea del Norte,Cuartos,,25,Seung Kook Yang,,Corea del Norte,False
1852,1966,Portugal,Corea del Norte,Cuartos,,27,Eusebio,,Portugal,False
1853,1966,Portugal,Corea del Norte,Cuartos,,56,Eusebio,,Portugal,False
1854,1966,Portugal,Corea del Norte,Cuartos,,80,Jose Augusto,,Portugal,False
1855,1966,Inglaterra,Argentina,Cuartos,,78,Geoff Hurst,,Inglaterra,False
1856,1966,Alemania Occidental,Uruguay,Cuartos,,11,Helmut Haller,,Alemania Occidental,False
1857,1966,Alemania Occidental,Uruguay,Cuartos,,70,Franz Beckenbauer,,Alemania Occidental,False
1858,1966,Alemania Occidental,Uruguay,Cuartos,,75,Uwe Seeler,,Alemania Occidental,False
1859,1966,Alemania Occidental,Uruguay,Cuartos,,83,Helmut Haller,,Alemania Occidental,False
1860,1966,URSS,Hungría,Cuartos,,5,Igor Chislenko,,URSS,False
1861,1966,URSS,Hungría,Cuartos,,46,Valeriy Porkuyan,,URSS,False
1862,1966,URSS,Hungría,Cuartos,,57,Ferenc Bene,,Hungría,False
1863,1966,Alemania Occidental,URSS,Semis,,43,Helmut Haller,,Alemania Occidental,False
1864,1966,Alemania Occidental,URSS,Semis,,67,Franz Beckenbauer,,Alemania Occidental,False
1865,1966,Alemania Occidental,URSS,Semis,,88,Valeriy Porkuyan,,URSS,False
1866,1966,Inglaterra,Portugal,Semis,,30,Bobby Charlton,,Inglaterra,False
1867,1966,Inglaterra,Portugal,Semis,,80,Bobby Charlton,,Inglaterra,False
1868,1966,Portugal,URSS,3er Puesto,,43,Eduard Malofeyev,,URSS,False
1869,1966,Portugal,URSS,3er Puesto,,89,Jose Torres,,Portugal,False
1870,1966,Inglaterra,Alemania Occidental,Final,,12,Helmut Haller,,Alemania Occidental,False
1871,1966,Inglaterra,Alemania Occidental,Final,,18,Geoff Hurst,,Inglaterra,False
1872,1966,Inglaterra,Alemania Occidental,Final,,78,Martin Peters,,Inglaterra,True
1873,1966,Inglaterra,Alemania Occidental,Final,,89,Wolfgang Weber,,Alemania Occidental,False
1874,1966,Inglaterra,Alemania Occidental,Final,,101,Geoff Hurst,,Inglaterra,True
1875,1966,Inglaterra,Alemania Occidental,Final,,120,Geoff Hurst,,Inglaterra,True
1876,1962,Uruguay,Colombia,"1ra Ronda, Grupo 1",1,56,Luis Cubilla,,Uruguay,False
1877,1962,Uruguay,Colombia,"1ra Ronda, Grupo 1",1,75,Jose Sasia,,Uruguay,False
1878,1962,Brasil,México,"1ra Ronda, Grupo 3",3,56,Zagallo,,Brasil,False
1879,1962,Brasil,México,"1ra Ronda, Grupo 3",3,73,Pelé,,Brasil,False
1880,1962,Chile,Suiza,"1ra Ronda, Grupo 2",2,6,Rolf Wuethrich,,Suiza,True
1881,1962,Chile,Suiza,"1ra Ronda, Grupo 2",2,44,Leonel Sanchez,,Chile,False
1882,1962,Chile,Suiza,"1ra Ronda, Grupo 2",2,51,Jaime Ramirez,,Chile,False
1883,1962,Chile,Suiza,"1ra Ronda, Grupo 2",2,55,Leonel Sanchez,,Chile,False
1884,1962,Argentina,Bulgaria,"1ra Ronda, Grupo 4",4,4,Hector Facundo,,Argentina,False
1885,1962,Checoslovaquia,España,"1ra Ronda, Grupo 3",3,80,Josef Stibranyi,,Checoslovaquia,False
1886,1962,URSS,Yugoslavia,"1ra Ronda, Grupo 1",1,51,Valentin Ivanov,,URSS,False
1887,1962,URSS,Yugoslavia,"1ra Ronda, Grupo 1",1,83,Viktor Ponedelnik,,URSS,False
1888,1962,Hungría,Inglaterra,"1ra Ronda, Grupo 4",4,17,Lajos Tichy,,Hungría,False
1889,1962,Hungría,Inglaterra,"1ra Ronda, Grupo 4",4,71,Florian Albert,,Hungría,False
1890,1962,Chile,Italia,"1ra Ronda, Grupo 2",2,73,Jaime Ramirez,,Chile,False
1891,1962,Chile,Italia,"1ra Ronda, Grupo 2",2,87,Jorge Toro,,Chile,False
1892,1962,Yugoslavia,Uruguay,"1ra Ronda, Grupo 1",1,19,Angel Cabrera,,Uruguay,False
1893,1962,Yugoslavia,Uruguay,"1ra Ronda, Grupo 1",1,29,Milan Galic,,Yugoslavia,False
1894,1962,Yugoslavia,Uruguay,"1ra Ronda, Grupo 1",1,49,Drazen Jerkovic,,Yugoslavia,False
1895,1962,Inglaterra,Argentina,"1ra Ronda, Grupo 4",4,42,Bobby Charlton,,Inglaterra,False
1896,1962,Inglaterra,Argentina,"1ra Ronda, Grupo 4",4,67,Jimmy Greaves,,Inglaterra,False
1897,1962,Inglaterra,Argentina,"1ra Ronda, Grupo 4",4,81,Jose Sanfilippo,,Argentina,False
1898,1962,Hungría,Bulgaria,"1ra Ronda, Grupo 4",4,1,Florian Albert,,Hungría,False
1899,1962,Hungría,Bulgaria,"1ra Ronda, Grupo 4",4,6,Florian Albert,,Hungría,False
1900,1962,Hungría,Bulgaria,"1ra Ronda, Grupo 4",4,8,Lajos Tichy,,Hungría,False
1901,1962,Hungría,Bulgaria,"1ra Ronda, Grupo 4",4,12,Erno Solymosi,,Hungría,False
1902,1962,Hungría,Bulgaria,"1ra Ronda, Grupo 4",4,53,Florian Albert,,Hungría,False
1903,1962,Hungría,Bulgaria,"1ra Ronda, Grupo 4",4,64,Georgi Sokolov,,Bulgaria,False
1904,1962,Hungría,Bulgaria,"1ra Ronda, Grupo 4",4,70,Lajos Tichy,,Hungría,False
1905,1962,URSS,Colombia,"1ra Ronda, Grupo 1",1,8,Valentin Ivanov,,URSS,False
1906,1962,URSS,Colombia,"1ra Ronda, Grupo 1",1,10,Igor Chislenko,,URSS,False
1907,1962,URSS,Colombia,"1ra Ronda, Grupo 1",1,11,Valentin Ivanov,,URSS,False
1908,1962,URSS,Colombia,"1ra Ronda, Grupo 1",1,21,German Aceros,,Colombia,False
1909,1962,URSS,Colombia,"1ra Ronda, Grupo 1",1,56,Viktor Ponedelnik,,URSS,False
1910,1962,URSS,Colombia,"1ra Ronda, Grupo 1",1,68,Marcos Coll,,Colombia,False
1911,1962,URSS,Colombia,"1ra Ronda, Grupo 1",1,72,Antonio Rada,,Colombia,False
1912,1962,URSS,Colombia,"1ra Ronda, Grupo 1",1,76,Marino Klinger,,Colombia,False
1913,1962,España,México,"1ra Ronda, Grupo 3",3,90,Joaquin Peiro,,España,False
1914,1962,Alemania Occidental,Suiza,"1ra Ronda, Grupo 2",2,45,Albert Bruells,,Alemania Occidental,False
1915,1962,Alemania Occidental,Suiza,"1ra Ronda, Grupo 2",2,59,Uwe Seeler,,Alemania Occidental,False
1916,1962,Alemania Occidental,Suiza,"1ra Ronda, Grupo 2",2,73,Heinz Schneiter,,Suiza,False
1917,1962,Alemania Occidental,Chile,"1ra Ronda, Grupo 2",2,82,Uwe Seeler,,Alemania Occidental,False
1918,1962,URSS,Uruguay,"1ra Ronda, Grupo 1",1,38,Aleksei Mamykin,,URSS,False
1919,1962,URSS,Uruguay,"1ra Ronda, Grupo 1",1,54,Jose Sasia,,Uruguay,False
1920,1962,URSS,Uruguay,"1ra Ronda, Grupo 1",1,89,Valentin Ivanov,,URSS,False
1921,1962,Brasil,España,"1ra Ronda, Grupo 3",3,35,Adelardo,,España,False
1922,1962,Brasil,España,"1ra Ronda, Grupo 3",3,72,Amarildo,,Brasil,False
1923,1962,Brasil,España,"1ra Ronda, Grupo 3",3,86,Amarildo,,Brasil,False
1924,1962,Yugoslavia,Colombia,"1ra Ronda, Grupo 1",1,20,Milan Galic,,Yugoslavia,False
1925,1962,Yugoslavia,Colombia,"1ra Ronda, Grupo 1",1,25,Drazen Jerkovic,,Yugoslavia,False
1926,1962,Yugoslavia,Colombia,"1ra Ronda, Grupo 1",1,61,Milan Galic,,Yugoslavia,False
1927,1962,Yugoslavia,Colombia,"1ra Ronda, Grupo 1",1,82,Vojislav Melic,,Yugoslavia,False
1928,1962,Yugoslavia,Colombia,"1ra Ronda, Grupo 1",1,87,Drazen Jerkovic,,Yugoslavia,False
1929,1962,México,Checoslovaquia,"1ra Ronda, Grupo 3",3,1,Vaclav Masek,,Checoslovaquia,False
1930,1962,México,Checoslovaquia,"1ra Ronda, Grupo 3",3,12,Isidoro Diaz,,México,False
1931,1962,México,Checoslovaquia,"1ra Ronda, Grupo 3",3,29,Alfredo Del Aguila,,México,False
1932,1962,Italia,Suiza,"1ra Ronda, Grupo 2",2,2,Bruno Mora,,Italia,False
1933,1962,Italia,Suiza,"1ra Ronda, Grupo 2",2,65,Giacomo Bulgarelli,,Italia,False
1934,1962,Italia,Suiza,"1ra Ronda, Grupo 2",2,67,Giacomo Bulgarelli,,Italia,False
1935,1962,Brasil,Inglaterra,Cuartos,,31,Garrincha,,Brasil,False
1936,1962,Brasil,Inglaterra,Cuartos,,38,Gerry Hitchens,,Inglaterra,False
1937,1962,Brasil,Inglaterra,Cuartos,,53,Vava,,Brasil,False
1938,1962,Brasil,Inglaterra,Cuartos,,59,Garrincha,,Brasil,False
1939,1962,Checoslovaquia,Hungría,Cuartos,,13,Adolf Scherer,,Checoslovaquia,False
1940,1962,Yugoslavia,Alemania Occidental,Cuartos,,85,Petar Radakovic,,Yugoslavia,True
1941,1962,Chile,URSS,Cuartos,,11,Leonel Sanchez,,Chile,False
1942,1962,Chile,URSS,Cuartos,,26,Igor Chislenko,,URSS,False
1943,1962,Chile,URSS,Cuartos,,29,Eladio Rojas,,Chile,False
1944,1962,Yugoslavia,Checoslovaquia,Semis,,48,Josef Kadraba,,Checoslovaquia,False
1945,1962,Yugoslavia,Checoslovaquia,Semis,,69,Drazen Jerkovic,,Yugoslavia,False
1946,1962,Yugoslavia,Checoslovaquia,Semis,,80,Adolf Scherer,,Checoslovaquia,False
1947,1962,Chile,Brasil,Semis,,9,Garrincha,,Brasil,False
1948,1962,Chile,Brasil,Semis,,32,Garrincha,,Brasil,False
1949,1962,Chile,Brasil,Semis,,42,Jorge Toro,,Chile,False
1950,1962,Chile,Brasil,Semis,,47,Vava,,Brasil,False
1951,1962,Chile,Brasil,Semis,,78,Vava,,Brasil,False
1952,1962,Chile,Yugoslavia,3er Puesto,,90,Eladio Rojas,,Chile,False
1953,1962,Brasil,Checoslovaquia,Final,,15,Josef Masopust,,Checoslovaquia,False
1954,1962,Brasil,Checoslovaquia,Final,,17,Amarildo,,Brasil,False
1955,1962,Brasil,Checoslovaquia,Final,,69,Zito,,Brasil,False
1956,1962,Brasil,Checoslovaquia,Final,,78,Vava,,Brasil,False
1957,1958,Hungría,Gales,"1ra Ronda, Grupo 3",3,5,Jozsef Bozsik,,Hungría,False
1958,1958,Hungría,Gales,"1ra Ronda, Grupo 3",3,27,John Charles,,Gales,False
1959,1958,Irlanda del Norte,Checoslovaquia,"1ra Ronda, Grupo 1",1,20,Wilbur Cush,,Irlanda del Norte,False
1960,1958,Brasil,Austria,"1ra Ronda, Grupo 4",4,38,Jose Altafini,,Brasil,False
1961,1958,Brasil,Austria,"1ra Ronda, Grupo 4",4,49,Nilton Santos,,Brasil,False
1962,1958,Brasil,Austria,"1ra Ronda, Grupo 4",4,89,Jose Altafini,,Brasil,False
1963,1958,Francia,Paraguay,"1ra Ronda, Grupo 2",2,20,Florencio Amarilla,,Paraguay,False
1964,1958,Francia,Paraguay,"1ra Ronda, Grupo 2",2,24,Just Fontaine,,Francia,False
1965,1958,Francia,Paraguay,"1ra Ronda, Grupo 2",2,30,Just Fontaine,,Francia,False
1966,1958,Francia,Paraguay,"1ra Ronda, Grupo 2",2,50,Jorge Romero,,Paraguay,False
1967,1958,Francia,Paraguay,"1ra Ronda, Grupo 2",2,52,Roger Piantoni,,Francia,False
1968,1958,Francia,Paraguay,"1ra Ronda, Grupo 2",2,61,Maryan Wisnieski,,Francia,False
1969,1958,Francia,Paraguay,"1ra Ronda, Grupo 2",2,67,Just Fontaine,,Francia,False
1970,1958,Francia,Paraguay,"1ra Ronda, Grupo 2",2,70,Raymond Kopa,,Francia,False
1971,1958,Francia,Paraguay,"1ra Ronda, Grupo 2",2,83,Jean Vincent,,Francia,False
1972,1958,Argentina,Alemania Occidental,"1ra Ronda, Grupo 1",1,2,Omar Oreste Corbatta,,Argentina,False
1973,1958,Argentina,Alemania Occidental,"1ra Ronda, Grupo 1",1,32,Helmut Rahn,,Alemania Occidental,False
1974,1958,Argentina,Alemania Occidental,"1ra Ronda, Grupo 1",1,40,Uwe Seeler,,Alemania Occidental,False
1975,1958,Argentina,Alemania Occidental,"1ra Ronda, Grupo 1",1,79,Helmut Rahn,,Alemania Occidental,False
1976,1958,URSS,Inglaterra,"1ra Ronda, Grupo 4",4,13,Nikita Simonyan,,URSS,False
1977,1958,URSS,Inglaterra,"1ra Ronda, Grupo 4",4,55,Aleksandr Ivanov,,URSS,False
1978,1958,URSS,Inglaterra,"1ra Ronda, Grupo 4",4,66,Derek Kevan,,Inglaterra,False
1979,1958,Yugoslavia,Escocia,"1ra Ronda, Grupo 2",2,6,Aleksandar Petakovic,,Yugoslavia,True
1980,1958,Yugoslavia,Escocia,"1ra Ronda, Grupo 2",2,49,Jimmy Murray,,Escocia,False
1981,1958,Suecia,México,"1ra Ronda, Grupo 3",3,17,Agne Simonsson,,Suecia,False
1982,1958,Suecia,México,"1ra Ronda, Grupo 3",3,64,Agne Simonsson,,Suecia,False
1983,1958,Yugoslavia,Francia,"1ra Ronda, Grupo 2",2,4,Just Fontaine,,Francia,False
1984,1958,Yugoslavia,Francia,"1ra Ronda, Grupo 2",2,16,Aleksandar Petakovic,,Yugoslavia,True
1985,1958,Yugoslavia,Francia,"1ra Ronda, Grupo 2",2,63,Toza Veselinovic,,Yugoslavia,False
1986,1958,Yugoslavia,Francia,"1ra Ronda, Grupo 2",2,85,Just Fontaine,,Francia,False
1987,1958,Yugoslavia,Francia,"1ra Ronda, Grupo 2",2,88,Toza Veselinovic,,Yugoslavia,False
1988,1958,Paraguay,Escocia,"1ra Ronda, Grupo 2",2,4,Juan Aguero,,Paraguay,False
1989,1958,Paraguay,Escocia,"1ra Ronda, Grupo 2",2,24,Jackie Mudie,,Escocia,False
1990,1958,Paraguay,Escocia,"1ra Ronda, Grupo 2",2,45,Cayetano Re,,Paraguay,True
1991,1958,Paraguay,Escocia,"1ra Ronda, Grupo 2",2,73,Jose Parodi,,Paraguay,False
1992,1958,Paraguay,Escocia,"1ra Ronda, Grupo 2",2,76,Bobby Collins,,Escocia,False
1993,1958,México,Gales,"1ra Ronda, Grupo 3",3,32,Ivor Allchurch,,Gales,False
1994,1958,México,Gales,"1ra Ronda, Grupo 3",3,89,Jaime Belmonte,,México,False
1995,1958,Alemania Occidental,Checoslovaquia,"1ra Ronda, Grupo 1",1,43,Zdenek Zikan,,Checoslovaquia,False
1996,1958,Alemania Occidental,Checoslovaquia,"1ra Ronda, Grupo 1",1,59,Hans Schaefer,,Alemania Occidental,False
1997,1958,Alemania Occidental,Checoslovaquia,"1ra Ronda, Grupo 1",1,70,Helmut Rahn,,Alemania Occidental,False
1998,1958,URSS,Austria,"1ra Ronda, Grupo 4",4,15,Anatoli Ilyin,,URSS,False
1999,1958,URSS,Austria,"1ra Ronda, Grupo 4",4,63,Valentin Ivanov,,URSS,False
2000,1958,Argentina,Irlanda del Norte,"1ra Ronda, Grupo 1",1,3,Peter Mcparland,,Irlanda del Norte,True
2001,1958,Argentina,Irlanda del Norte,"1ra Ronda, Grupo 1",1,55,Norberto Menendez,,Argentina,False
2002,1958,Argentina,Irlanda del Norte,"1ra Ronda, Grupo 1",1,59,Ludovico Avio,,Argentina,False
2003,1958,Suecia,Hungría,"1ra Ronda, Grupo 3",3,34,Kurt Hamrin,,Suecia,False
2004,1958,Suecia,Hungría,"1ra Ronda, Grupo 3",3,55,Kurt Hamrin,,Suecia,False
2005,1958,Suecia,Hungría,"1ra Ronda, Grupo 3",3,77,Lajos Tichy,,Hungría,False
2006,1958,Francia,Escocia,"1ra Ronda, Grupo 2",2,22,Raymond Kopa,,Francia,False
2007,1958,Francia,Escocia,"1ra Ronda, Grupo 2",2,44,Just Fontaine,,Francia,False
2008,1958,Francia,Escocia,"1ra Ronda, Grupo 2",2,66,Sammy Baird,,Escocia,False
2009,1958,Alemania Occidental,Irlanda del Norte,"1ra Ronda, Grupo 1",1,19,Peter Mcparland,,Irlanda del Norte,True
2010,1958,Alemania Occidental,Irlanda del Norte,"1ra Ronda, Grupo 1",1,20,Helmut Rahn,,Alemania Occidental,False
2011,1958,Alemania Occidental,Irlanda del Norte,"1ra Ronda, Grupo 1",1,60,Peter Mcparland,,Irlanda del Norte,True
2012,1958,Alemania Occidental,Irlanda del Norte,"1ra Ronda, Grupo 1",1,79,Uwe Seeler,,Alemania Occidental,False
2013,1958,Paraguay,Yugoslavia,"1ra Ronda, Grupo 2",2,12,Radivoje Ognjanovic,,Yugoslavia,False
2014,1958,Paraguay,Yugoslavia,"1ra Ronda, Grupo 2",2,20,Jose Parodi,,Paraguay,False
2015,1958,Paraguay,Yugoslavia,"1ra Ronda, Grupo 2",2,29,Toza Veselinovic,,Yugoslavia,False
2016,1958,Paraguay,Yugoslavia,"1ra Ronda, Grupo 2",2,49,Juan Aguero,,Paraguay,False
2017,1958,Paraguay,Yugoslavia,"1ra Ronda, Grupo 2",2,73,Zdravko Rajkov,,Yugoslavia,False
2018,1958,Paraguay,Yugoslavia,"1ra Ronda, Grupo 2",2,80,Jorge Romero,,Paraguay,False
2019,1958,Brasil,URSS,"1ra Ronda, Grupo 4",4,3,Vava,,Brasil,False
2020,1958,Brasil,URSS,"1ra Ronda, Grupo 4",4,77,Vava,,Brasil,False
2021,1958,Inglaterra,Austria,"1ra Ronda, Grupo 4",4,16,Karl Koller,,Austria,False
2022,1958,Inglaterra,Austria,"1ra Ronda, Grupo 4",4,56,John Haynes,,Inglaterra,False
2023,1958,Inglaterra,Austria,"1ra Ronda, Grupo 4",4,70,Alfred Koerner,,Austria,False
2024,1958,Inglaterra,Austria,"1ra Ronda, Grupo 4",4,73,Derek Kevan,,Inglaterra,False
2025,1958,Hungría,México,"1ra Ronda, Grupo 3",3,19,Lajos Tichy,,Hungría,False
2026,1958,Hungría,México,"1ra Ronda, Grupo 3",3,46,Lajos Tichy,,Hungría,False
2027,1958,Hungría,México,"1ra Ronda, Grupo 3",3,54,Karoly Sandor,,Hungría,False
2028,1958,Hungría,México,"1ra Ronda, Grupo 3",3,69,Jozsef Bencsis,,Hungría,False
2029,1958,Checoslovaquia,Argentina,"1ra Ronda, Grupo 1",1,8,Milan Dvorak,,Checoslovaquia,False
2030,1958,Checoslovaquia,Argentina,"1ra Ronda, Grupo 1",1,17,Zdenek Zikan,,Checoslovaquia,False
2031,1958,Checoslovaquia,Argentina,"1ra Ronda, Grupo 1",1,40,Vaclav Hovorka,,Checoslovaquia,False
2032,1958,Checoslovaquia,Argentina,"1ra Ronda, Grupo 1",1,69,Jiri Feureisl,,Checoslovaquia,False
2033,1958,Checoslovaquia,Argentina,"1ra Ronda, Grupo 1",1,82,Zdenek Zikan,,Checoslovaquia,False
2034,1958,Checoslovaquia,Argentina,"1ra Ronda, Grupo 1",1,89,Vaclav Hovorka,,Checoslovaquia,False
2035,1958,Irlanda del Norte,Checoslovaquia,"1ra Ronda, Grupo 1",1,19,Zdenek Zikan,,Checoslovaquia,False
2036,1958,Irlanda del Norte,Checoslovaquia,"1ra Ronda, Grupo 1",1,44,Peter Mcparland,,Irlanda del Norte,True
2037,1958,Irlanda del Norte,Checoslovaquia,"1ra Ronda, Grupo 1",1,99,Peter Mcparland,,Irlanda del Norte,True
2038,1958,Gales,Hungría,"1ra Ronda, Grupo 3",3,33,Lajos Tichy,,Hungría,False
2039,1958,Gales,Hungría,"1ra Ronda, Grupo 3",3,35,Ivor Allchurch,,Gales,False
2040,1958,Gales,Hungría,"1ra Ronda, Grupo 3",3,76,Terry Medwin,,Gales,False
2041,1958,URSS,Inglaterra,"1ra Ronda, Grupo 4",4,68,Anatoli Ilyin,,URSS,False
2042,1958,Francia,Irlanda del Norte,Cuartos,,22,Maryan Wisnieski,,Francia,False
2043,1958,Francia,Irlanda del Norte,Cuartos,,55,Just Fontaine,,Francia,False
2044,1958,Francia,Irlanda del Norte,Cuartos,,63,Just Fontaine,,Francia,False
2045,1958,Francia,Irlanda del Norte,Cuartos,,68,Roger Piantoni,,Francia,False
2046,1958,Alemania Occidental,Yugoslavia,Cuartos,,12,Helmut Rahn,,Alemania Occidental,False
2047,1958,Brasil,Gales,Cuartos,,66,Pelé,,Brasil,False
2048,1958,Suecia,URSS,Cuartos,,49,Kurt Hamrin,,Suecia,False
2049,1958,Suecia,URSS,Cuartos,,88,Agne Simonsson,,Suecia,False
2050,1958,Alemania Occidental,Suecia,Semis,,24,Hans Schaefer,,Alemania Occidental,False
2051,1958,Alemania Occidental,Suecia,Semis,,32,Lennart Skoglund,,Suecia,False
2052,1958,Alemania Occidental,Suecia,Semis,,81,Gunnar Gren,,Suecia,False
2053,1958,Alemania Occidental,Suecia,Semis,,88,Kurt Hamrin,,Suecia,False
2054,1958,Francia,Brasil,Semis,,2,Vava,,Brasil,False
2055,1958,Francia,Brasil,Semis,,9,Just Fontaine,,Francia,False
2056,1958,Francia,Brasil,Semis,,39,Didi,,Brasil,False
2057,1958,Francia,Brasil,Semis,,52,Pelé,,Brasil,False
2058,1958,Francia,Brasil,Semis,,64,Pelé,,Brasil,False
2059,1958,Francia,Brasil,Semis,,75,Pelé,,Brasil,False
2060,1958,Francia,Brasil,Semis,,83,Roger Piantoni,,Francia,False
2061,1958,Alemania Occidental,Francia,3er Puesto,,16,Just Fontaine,,Francia,False
2062,1958,Alemania Occidental,Francia,3er Puesto,,18,Hans Ciesclarczyk,,Alemania Occidental,False
2063,1958,Alemania Occidental,Francia,3er Puesto,,36,Just Fontaine,,Francia,False
2064,1958,Alemania Occidental,Francia,3er Puesto,,50,Yvon Douis,,Francia,False
2065,1958,Alemania Occidental,Francia,3er Puesto,,52,Helmut Rahn,,Alemania Occidental,False
2066,1958,Alemania Occidental,Francia,3er Puesto,,78,Just Fontaine,,Francia,False
2067,1958,Alemania Occidental,Francia,3er Puesto,,84,Hans Schaefer,,Alemania Occidental,False
2068,1958,Alemania Occidental,Francia,3er Puesto,,89,Just Fontaine,,Francia,False
2069,1958,Suecia,Brasil,Final,,4,Nils Liedholm,,Suecia,False
2070,1958,Suecia,Brasil,Final,,9,Vava,,Brasil,False
2071,1958,Suecia,Brasil,Final,,32,Vava,,Brasil,False
2072,1958,Suecia,Brasil,Final,,55,Pelé,,Brasil,False
2073,1958,Suecia,Brasil,Final,,68,Zagallo,,Brasil,False
2074,1958,Suecia,Brasil,Final,,80,Agne Simonsson,,Suecia,False
2075,1958,Suecia,Brasil,Final,,90,Pelé,,Brasil,False
2076,1954,Yugoslavia,Francia,"1ra Ronda, Grupo 1",1,15,Milos Milutinovic,,Yugoslavia,False
2077,1954,Austria,Escocia,"1ra Ronda, Grupo 3",3,33,Erich Probst,,Austria,False
2078,1954,Uruguay,Checoslovaquia,"1ra Ronda, Grupo 3",3,71,Oscar Miguez,,Uruguay,False
2079,1954,Uruguay,Checoslovaquia,"1ra Ronda, Grupo 3",3,84,Juan Schiaffino,,Uruguay,False
2080,1954,Brasil,México,"1ra Ronda, Grupo 1",1,23,Baltazar,,Brasil,False
2081,1954,Brasil,México,"1ra Ronda, Grupo 1",1,30,Didi,,Brasil,False
2082,1954,Brasil,México,"1ra Ronda, Grupo 1",1,34,Pinga,,Brasil,False
2083,1954,Brasil,México,"1ra Ronda, Grupo 1",1,43,Pinga,,Brasil,False
2084,1954,Brasil,México,"1ra Ronda, Grupo 1",1,69,Julinho,,Brasil,False
2085,1954,Hungría,Corea del Sur,"1ra Ronda, Grupo 2",2,12,Ferenc Puskas,,Hungría,False
2086,1954,Hungría,Corea del Sur,"1ra Ronda, Grupo 2",2,18,Mihaly Lantos,,Hungría,False
2087,1954,Hungría,Corea del Sur,"1ra Ronda, Grupo 2",2,24,Sandor Kocsis,,Hungría,False
2088,1954,Hungría,Corea del Sur,"1ra Ronda, Grupo 2",2,36,Sandor Kocsis,,Hungría,False
2089,1954,Hungría,Corea del Sur,"1ra Ronda, Grupo 2",2,50,Sandor Kocsis,,Hungría,False
2090,1954,Hungría,Corea del Sur,"1ra Ronda, Grupo 2",2,59,Zoltan Czibor,,Hungría,False
2091,1954,Hungría,Corea del Sur,"1ra Ronda, Grupo 2",2,75,Peter Palotas,,Hungría,True
2092,1954,Hungría,Corea del Sur,"1ra Ronda, Grupo 2",2,83,Peter Palotas,,Hungría,True
2093,1954,Hungría,Corea del Sur,"1ra Ronda, Grupo 2",2,89,Ferenc Puskas,,Hungría,False
2094,1954,Inglaterra,Bélgica,"1ra Ronda, Grupo 4",4,5,Leopold Anoul,,Bélgica,False
2095,1954,Inglaterra,Bélgica,"1ra Ronda, Grupo 4",4,26,Ivor Broadis,,Inglaterra,False
2096,1954,Inglaterra,Bélgica,"1ra Ronda, Grupo 4",4,36,Nat Lofthouse,,Inglaterra,False
2097,1954,Inglaterra,Bélgica,"1ra Ronda, Grupo 4",4,63,Ivor Broadis,,Inglaterra,False
2098,1954,Inglaterra,Bélgica,"1ra Ronda, Grupo 4",4,67,Rik Coppens,,Bélgica,False
2099,1954,Inglaterra,Bélgica,"1ra Ronda, Grupo 4",4,71,Leopold Anoul,,Bélgica,False
2100,1954,Inglaterra,Bélgica,"1ra Ronda, Grupo 4",4,91,Nat Lofthouse,,Inglaterra,True
2101,1954,Inglaterra,Bélgica,"1ra Ronda, Grupo 4",4,94,Jimmy Dickinson,,Bélgica,True
2102,1954,Alemania Occidental,Turquía,"1ra Ronda, Grupo 2",2,2,Mamat Suat,,Turquía,False
2103,1954,Alemania Occidental,Turquía,"1ra Ronda, Grupo 2",2,14,Hans Schaefer,,Alemania Occidental,False
2104,1954,Alemania Occidental,Turquía,"1ra Ronda, Grupo 2",2,52,Berni Klodt,,Alemania Occidental,False
2105,1954,Alemania Occidental,Turquía,"1ra Ronda, Grupo 2",2,60,Ottmar Walter,,Alemania Occidental,False
2106,1954,Alemania Occidental,Turquía,"1ra Ronda, Grupo 2",2,84,Max Morlock,,Alemania Occidental,False
2107,1954,Suiza,Italia,"1ra Ronda, Grupo 4",4,18,Robert Ballaman,,Suiza,False
2108,1954,Suiza,Italia,"1ra Ronda, Grupo 4",4,44,Giampiero Boniperti,,Italia,False
2109,1954,Suiza,Italia,"1ra Ronda, Grupo 4",4,78,Sepp Huegi,,Suiza,False
2110,1954,Francia,México,"1ra Ronda, Grupo 1",1,19,Jean Vincent,,Francia,False
2111,1954,Francia,México,"1ra Ronda, Grupo 1",1,46,Raul Cardenas,,Francia,False
2112,1954,Francia,México,"1ra Ronda, Grupo 1",1,54,Jose Lamadrid,,México,False
2113,1954,Francia,México,"1ra Ronda, Grupo 1",1,85,Tomas Balcazar,,México,False
2114,1954,Brasil,Yugoslavia,"1ra Ronda, Grupo 1",1,48,Branko Zebec,,Yugoslavia,False
2115,1954,Brasil,Yugoslavia,"1ra Ronda, Grupo 1",1,69,Didi,,Brasil,False
2116,1954,Austria,Checoslovaquia,"1ra Ronda, Grupo 3",3,3,Ernst Stojaspal,,Austria,False
2117,1954,Austria,Checoslovaquia,"1ra Ronda, Grupo 3",3,4,Erich Probst,,Austria,False
2118,1954,Austria,Checoslovaquia,"1ra Ronda, Grupo 3",3,21,Erich Probst,,Austria,False
2119,1954,Austria,Checoslovaquia,"1ra Ronda, Grupo 3",3,24,Erich Probst,,Austria,False
2120,1954,Austria,Checoslovaquia,"1ra Ronda, Grupo 3",3,65,Ernst Stojaspal,,Austria,False
2121,1954,Uruguay,Escocia,"1ra Ronda, Grupo 3",3,17,Carlos Borges,,Uruguay,False
2122,1954,Uruguay,Escocia,"1ra Ronda, Grupo 3",3,30,Oscar Miguez,,Uruguay,False
2123,1954,Uruguay,Escocia,"1ra Ronda, Grupo 3",3,47,Carlos Borges,,Uruguay,False
2124,1954,Uruguay,Escocia,"1ra Ronda, Grupo 3",3,54,Julio Abbadie,,Uruguay,False
2125,1954,Uruguay,Escocia,"1ra Ronda, Grupo 3",3,57,Carlos Borges,,Uruguay,False
2126,1954,Uruguay,Escocia,"1ra Ronda, Grupo 3",3,83,Oscar Miguez,,Uruguay,False
2127,1954,Uruguay,Escocia,"1ra Ronda, Grupo 3",3,85,Julio Abbadie,,Uruguay,False
2128,1954,Hungría,Alemania Occidental,"1ra Ronda, Grupo 2",2,3,Sandor Kocsis,,Hungría,False
2129,1954,Hungría,Alemania Occidental,"1ra Ronda, Grupo 2",2,17,Ferenc Puskas,,Hungría,False
2130,1954,Hungría,Alemania Occidental,"1ra Ronda, Grupo 2",2,21,Sandor Kocsis,,Hungría,False
2131,1954,Hungría,Alemania Occidental,"1ra Ronda, Grupo 2",2,25,Alfred Pfaff,,Alemania Occidental,False
2132,1954,Hungría,Alemania Occidental,"1ra Ronda, Grupo 2",2,52,Nandor Hidegkuti,,Hungría,False
2133,1954,Hungría,Alemania Occidental,"1ra Ronda, Grupo 2",2,54,Nandor Hidegkuti,,Hungría,False
2134,1954,Hungría,Alemania Occidental,"1ra Ronda, Grupo 2",2,69,Sandor Kocsis,,Hungría,False
2135,1954,Hungría,Alemania Occidental,"1ra Ronda, Grupo 2",2,75,Jozsef Toth,,Hungría,False
2136,1954,Hungría,Alemania Occidental,"1ra Ronda, Grupo 2",2,77,Helmut Rahn,,Alemania Occidental,False
2137,1954,Hungría,Alemania Occidental,"1ra Ronda, Grupo 2",2,78,Sandor Kocsis,,Hungría,False
2138,1954,Hungría,Alemania Occidental,"1ra Ronda, Grupo 2",2,84,Richard Herrmann,,Alemania Occidental,False
2139,1954,Turquía,Corea del Sur,"1ra Ronda, Grupo 2",2,10,Mamat Suat,,Turquía,False
2140,1954,Turquía,Corea del Sur,"1ra Ronda, Grupo 2",2,18,Lefter Kucukandonyadis,,Turquía,False
2141,1954,Turquía,Corea del Sur,"1ra Ronda, Grupo 2",2,30,Mamat Suat,,Turquía,False
2142,1954,Turquía,Corea del Sur,"1ra Ronda, Grupo 2",2,37,Sargun Burhan,,Turquía,False
2143,1954,Turquía,Corea del Sur,"1ra Ronda, Grupo 2",2,64,Sargun Burhan,,Turquía,False
2144,1954,Turquía,Corea del Sur,"1ra Ronda, Grupo 2",2,70,Sargun Burhan,,Turquía,False
2145,1954,Turquía,Corea del Sur,"1ra Ronda, Grupo 2",2,76,Erol Keskin,,Turquía,False
2146,1954,Inglaterra,Suiza,"1ra Ronda, Grupo 4",4,43,Jimmy Mullen,,Inglaterra,False
2147,1954,Inglaterra,Suiza,"1ra Ronda, Grupo 4",4,69,Dennis Wilshaw,,Inglaterra,False
2148,1954,Italia,Bélgica,"1ra Ronda, Grupo 4",4,48,Carlo Galli,,Italia,False
2149,1954,Italia,Bélgica,"1ra Ronda, Grupo 4",4,58,Amleto Frignani,,Italia,True
2150,1954,Italia,Bélgica,"1ra Ronda, Grupo 4",4,78,Benito Lorenzi,,Italia,False
2151,1954,Italia,Bélgica,"1ra Ronda, Grupo 4",4,81,Leopold Anoul,,Bélgica,False
2152,1954,Suiza,Italia,"1ra Ronda, Grupo 4",4,14,Sepp Huegi,,Suiza,False
2153,1954,Suiza,Italia,"1ra Ronda, Grupo 4",4,48,Robert Ballaman,,Suiza,False
2154,1954,Suiza,Italia,"1ra Ronda, Grupo 4",4,67,Fulvio Nesti,,Italia,False
2155,1954,Suiza,Italia,"1ra Ronda, Grupo 4",4,85,Sepp Huegi,,Suiza,False
2156,1954,Suiza,Italia,"1ra Ronda, Grupo 4",4,90,Jackie Fatton,,Suiza,False
2157,1954,Alemania Occidental,Turquía,"1ra Ronda, Grupo 2",2,7,Ottmar Walter,,Alemania Occidental,False
2158,1954,Alemania Occidental,Turquía,"1ra Ronda, Grupo 2",2,12,Hans Schaefer,,Alemania Occidental,False
2159,1954,Alemania Occidental,Turquía,"1ra Ronda, Grupo 2",2,21,Mustafa Erton,,Turquía,False
2160,1954,Alemania Occidental,Turquía,"1ra Ronda, Grupo 2",2,30,Max Morlock,,Alemania Occidental,False
2161,1954,Alemania Occidental,Turquía,"1ra Ronda, Grupo 2",2,60,Max Morlock,,Alemania Occidental,False
2162,1954,Alemania Occidental,Turquía,"1ra Ronda, Grupo 2",2,62,Fritz Walter,,Alemania Occidental,False
2163,1954,Alemania Occidental,Turquía,"1ra Ronda, Grupo 2",2,77,Max Morlock,,Alemania Occidental,False
2164,1954,Alemania Occidental,Turquía,"1ra Ronda, Grupo 2",2,79,Hans Schaefer,,Alemania Occidental,False
2165,1954,Alemania Occidental,Turquía,"1ra Ronda, Grupo 2",2,82,Lefter Kucukandonyadis,,Turquía,False
2166,1954,Uruguay,Inglaterra,Cuartos,,5,Carlos Borges,,Uruguay,False
2167,1954,Uruguay,Inglaterra,Cuartos,,16,Nat Lofthouse,,Inglaterra,False
2168,1954,Uruguay,Inglaterra,Cuartos,,39,Obdulio Varela,,Uruguay,False
2169,1954,Uruguay,Inglaterra,Cuartos,,46,Juan Schiaffino,,Uruguay,False
2170,1954,Uruguay,Inglaterra,Cuartos,,67,Tom Finney,,Inglaterra,False
2171,1954,Uruguay,Inglaterra,Cuartos,,78,Javier Ambrois,,Uruguay,False
2172,1954,Austria,Suiza,Cuartos,,16,Robert Ballaman,,Suiza,False
2173,1954,Austria,Suiza,Cuartos,,17,Sepp Huegi,,Suiza,False
2174,1954,Austria,Suiza,Cuartos,,19,Sepp Huegi,,Suiza,False
2175,1954,Austria,Suiza,Cuartos,,25,Theodor Wagner,,Austria,False
2176,1954,Austria,Suiza,Cuartos,,26,Robert Koerner,,Austria,False
2177,1954,Austria,Suiza,Cuartos,,27,Theodor Wagner,,Austria,False
2178,1954,Austria,Suiza,Cuartos,,32,Ernst Ocwirk,,Austria,False
2179,1954,Austria,Suiza,Cuartos,,34,Robert Koerner,,Austria,False
2180,1954,Austria,Suiza,Cuartos,,39,Robert Ballaman,,Suiza,False
2181,1954,Austria,Suiza,Cuartos,,53,Theodor Wagner,,Austria,False
2182,1954,Austria,Suiza,Cuartos,,58,Sepp Huegi,,Suiza,False
2183,1954,Austria,Suiza,Cuartos,,76,Erich Probst,,Austria,False
2184,1954,Hungría,Brasil,Cuartos,,4,Nandor Hidegkuti,,Hungría,False
2185,1954,Hungría,Brasil,Cuartos,,7,Sandor Kocsis,,Hungría,False
2186,1954,Hungría,Brasil,Cuartos,,65,Julinho,,Brasil,False
2187,1954,Hungría,Brasil,Cuartos,,88,Sandor Kocsis,,Hungría,False
2188,1954,Alemania Occidental,Yugoslavia,Cuartos,,9,Ivan Horvat,,Alemania Occidental,False
2189,1954,Alemania Occidental,Yugoslavia,Cuartos,,85,Helmut Rahn,,Alemania Occidental,False
2190,1954,Hungría,Uruguay,Semis,,13,Zoltan Czibor,,Hungría,False
2191,1954,Hungría,Uruguay,Semis,,46,Nandor Hidegkuti,,Hungría,False
2192,1954,Hungría,Uruguay,Semis,,75,Juan Hohberg,,Uruguay,False
2193,1954,Hungría,Uruguay,Semis,,86,Juan Hohberg,,Uruguay,False
2194,1954,Hungría,Uruguay,Semis,,111,Sandor Kocsis,,Hungría,True
2195,1954,Hungría,Uruguay,Semis,,116,Sandor Kocsis,,Hungría,True
2196,1954,Alemania Occidental,Austria,Semis,,31,Hans Schaefer,,Alemania Occidental,False
2197,1954,Alemania Occidental,Austria,Semis,,47,Max Morlock,,Alemania Occidental,False
2198,1954,Alemania Occidental,Austria,Semis,,51,Erich Probst,,Austria,False
2199,1954,Alemania Occidental,Austria,Semis,,61,Ottmar Walter,,Alemania Occidental,False
2200,1954,Alemania Occidental,Austria,Semis,,89,Ottmar Walter,,Alemania Occidental,False
2201,1954,Uruguay,Austria,3er Puesto,,22,Juan Hohberg,,Uruguay,False
2202,1954,Uruguay,Austria,3er Puesto,,59,Luis Cruz,,Austria,False
2203,1954,Uruguay,Austria,3er Puesto,,89,Ernst Ocwirk,,Austria,False
2204,1954,Hungría,Alemania Occidental,Final,,6,Ferenc Puskas,,Hungría,False
2205,1954,Hungría,Alemania Occidental,Final,,8,Zoltan Czibor,,Hungría,False
2206,1954,Hungría,Alemania Occidental,Final,,10,Max Morlock,,Alemania Occidental,False
2207,1954,Hungría,Alemania Occidental,Final,,18,Helmut Rahn,,Alemania Occidental,False
2208,1954,Hungría,Alemania Occidental,Final,,84,Helmut Rahn,,Alemania Occidental,False
2209,1950,Brasil,México,"1ra Ronda, Grupo 1",1,30,Ademir,,Brasil,False
2210,1950,Brasil,México,"1ra Ronda, Grupo 1",1,65,Jair,,Brasil,False
2211,1950,Brasil,México,"1ra Ronda, Grupo 1",1,71,Baltazar,,Brasil,False
2212,1950,Brasil,México,"1ra Ronda, Grupo 1",1,79,Ademir,,Brasil,False
2213,1950,Suecia,Italia,"1ra Ronda, Grupo 3",3,7,Riccardo Carapellese,,Italia,False
2214,1950,Suecia,Italia,"1ra Ronda, Grupo 3",3,25,Hans Jeppsson,,Suecia,False
2215,1950,Suecia,Italia,"1ra Ronda, Grupo 3",3,34,Sune Andersson,,Suecia,False
2216,1950,Suecia,Italia,"1ra Ronda, Grupo 3",3,69,Hans Jeppsson,,Suecia,False
2217,1950,Suecia,Italia,"1ra Ronda, Grupo 3",3,79,Ermes Muccinelli,,Italia,False
2218,1950,Yugoslavia,Suiza,"1ra Ronda, Grupo 1",1,59,Rajko Mitic,,Yugoslavia,False
2219,1950,Yugoslavia,Suiza,"1ra Ronda, Grupo 1",1,70,Kosta Tomasevic,,Yugoslavia,False
2220,1950,Yugoslavia,Suiza,"1ra Ronda, Grupo 1",1,84,Tihomir Ognjanov,,Yugoslavia,False
2221,1950,Inglaterra,Chile,"1ra Ronda, Grupo 2",2,39,Stan Mortensen,,Inglaterra,False
2222,1950,Inglaterra,Chile,"1ra Ronda, Grupo 2",2,51,Wilf Mannion,,Inglaterra,False
2223,1950,España,Estados Unidos,"1ra Ronda, Grupo 2",2,17,Gino Pariani,,Estados Unidos,False
2224,1950,España,Estados Unidos,"1ra Ronda, Grupo 2",2,81,Silvestre Igoa,,España,False
2225,1950,España,Estados Unidos,"1ra Ronda, Grupo 2",2,83,Estanislao Basora,,España,False
2226,1950,España,Estados Unidos,"1ra Ronda, Grupo 2",2,89,Zarra,,España,False
2227,1950,Yugoslavia,México,"1ra Ronda, Grupo 1",1,20,Stjepan Bobek,,Yugoslavia,False
2228,1950,Yugoslavia,México,"1ra Ronda, Grupo 1",1,23,Zeljko Cajkovski,,Yugoslavia,False
2229,1950,Yugoslavia,México,"1ra Ronda, Grupo 1",1,51,Zeljko Cajkovski,,Yugoslavia,False
2230,1950,Yugoslavia,México,"1ra Ronda, Grupo 1",1,81,Kosta Tomasevic,,Yugoslavia,False
2231,1950,Brasil,Suiza,"1ra Ronda, Grupo 1",1,3,Alfredo Ii,,Brasil,False
2232,1950,Brasil,Suiza,"1ra Ronda, Grupo 1",1,17,Jackie Fatton,,Suiza,False
2233,1950,Brasil,Suiza,"1ra Ronda, Grupo 1",1,32,Baltazar,,Brasil,False
2234,1950,Brasil,Suiza,"1ra Ronda, Grupo 1",1,88,Jackie Fatton,,Suiza,False
2235,1950,Suecia,Paraguay,"1ra Ronda, Grupo 3",3,17,Stig Sundqvist,,Suecia,False
2236,1950,Suecia,Paraguay,"1ra Ronda, Grupo 3",3,26,Karl-Erik Palmer,,Suecia,False
2237,1950,Suecia,Paraguay,"1ra Ronda, Grupo 3",3,35,Cesar Lopez Fretes,,Paraguay,True
2238,1950,Suecia,Paraguay,"1ra Ronda, Grupo 3",3,74,Atilio Lopez,,Paraguay,False
2239,1950,Estados Unidos,Inglaterra,"1ra Ronda, Grupo 2",2,38,Joe Gaetjens,,Estados Unidos,True
2240,1950,España,Chile,"1ra Ronda, Grupo 2",2,17,Estanislao Basora,,España,False
2241,1950,España,Chile,"1ra Ronda, Grupo 2",2,30,Zarra,,España,False
2242,1950,Brasil,Yugoslavia,"1ra Ronda, Grupo 1",1,4,Ademir,,Brasil,False
2243,1950,Brasil,Yugoslavia,"1ra Ronda, Grupo 1",1,69,Zizinho,,Brasil,False
2244,1950,Uruguay,Bolivia,"1ra Ronda, Grupo 4",4,14,Oscar Miguez,,Uruguay,False
2245,1950,Uruguay,Bolivia,"1ra Ronda, Grupo 4",4,18,Ernesto Vidal,,Uruguay,False
2246,1950,Uruguay,Bolivia,"1ra Ronda, Grupo 4",4,23,Juan Schiaffino,,Uruguay,False
2247,1950,Uruguay,Bolivia,"1ra Ronda, Grupo 4",4,40,Oscar Miguez,,Uruguay,False
2248,1950,Uruguay,Bolivia,"1ra Ronda, Grupo 4",4,51,Oscar Miguez,,Uruguay,False
2249,1950,Uruguay,Bolivia,"1ra Ronda, Grupo 4",4,54,Juan Schiaffino,,Uruguay,False
2250,1950,Uruguay,Bolivia,"1ra Ronda, Grupo 4",4,83,Julio Perez,,Uruguay,False
2251,1950,Uruguay,Bolivia,"1ra Ronda, Grupo 4",4,87,Alcides Ghiggia,,Uruguay,False
2252,1950,Suiza,México,"1ra Ronda, Grupo 1",1,10,Rene Bader,,Suiza,False
2253,1950,Suiza,México,"1ra Ronda, Grupo 1",1,44,Kiki Antenen,,Suiza,False
2254,1950,Suiza,México,"1ra Ronda, Grupo 1",1,89,Horacio Casarin,,México,False
2255,1950,España,Inglaterra,"1ra Ronda, Grupo 2",2,48,Zarra,,España,False
2256,1950,Chile,Estados Unidos,"1ra Ronda, Grupo 2",2,16,Jorge Robledo,,Chile,False
2257,1950,Chile,Estados Unidos,"1ra Ronda, Grupo 2",2,32,Atilio Cremaschi,,Chile,False
2258,1950,Chile,Estados Unidos,"1ra Ronda, Grupo 2",2,47,Frank Wallace,,Estados Unidos,False
2259,1950,Chile,Estados Unidos,"1ra Ronda, Grupo 2",2,54,Andres Prieto,,Chile,True
2260,1950,Chile,Estados Unidos,"1ra Ronda, Grupo 2",2,60,Atilio Cremaschi,,Chile,False
2261,1950,Chile,Estados Unidos,"1ra Ronda, Grupo 2",2,82,Fernando Riera,,Chile,False
2262,1950,Italia,Paraguay,"1ra Ronda, Grupo 3",3,12,Riccardo Carapellese,,Italia,False
2263,1950,Italia,Paraguay,"1ra Ronda, Grupo 3",3,63,Egisto Pandolfini,,Italia,False
2264,1950,Brasil,Suecia,Ronda Final,,17,Ademir,,Brasil,False
2265,1950,Brasil,Suecia,Ronda Final,,36,Ademir,,Brasil,False
2266,1950,Brasil,Suecia,Ronda Final,,39,Chico,,Brasil,False
2267,1950,Brasil,Suecia,Ronda Final,,52,Ademir,,Brasil,False
2268,1950,Brasil,Suecia,Ronda Final,,58,Ademir,,Brasil,False
2269,1950,Brasil,Suecia,Ronda Final,,85,Maneca,,Brasil,False
2270,1950,Brasil,Suecia,Ronda Final,,88,Chico,,Brasil,False
2271,1950,Uruguay,España,Ronda Final,,29,Alcides Ghiggia,,Uruguay,False
2272,1950,Uruguay,España,Ronda Final,,37,Estanislao Basora,,España,False
2273,1950,Uruguay,España,Ronda Final,,39,Estanislao Basora,,España,False
2274,1950,Uruguay,España,Ronda Final,,73,Obdulio Varela,,Uruguay,False
2275,1950,Uruguay,Suecia,Ronda Final,,5,Karl-Erik Palmer,,Suecia,False
2276,1950,Uruguay,Suecia,Ronda Final,,39,Alcides Ghiggia,,Uruguay,False
2277,1950,Uruguay,Suecia,Ronda Final,,40,Stig Sundqvist,,Suecia,False
2278,1950,Uruguay,Suecia,Ronda Final,,77,Oscar Miguez,,Uruguay,False
2279,1950,Uruguay,Suecia,Ronda Final,,85,Oscar Miguez,,Uruguay,False
2280,1950,Brasil,España,Ronda Final,,15,Ademir,,Brasil,False
2281,1950,Brasil,España,Ronda Final,,21,Jair,,Brasil,False
2282,1950,Brasil,España,Ronda Final,,31,Chico,,Brasil,False
2283,1950,Brasil,España,Ronda Final,,55,Chico,,Brasil,False
2284,1950,Brasil,España,Ronda Final,,57,Ademir,,Brasil,False
2285,1950,Brasil,España,Ronda Final,,67,Zizinho,,Brasil,False
2286,1950,Brasil,España,Ronda Final,,71,Silvestre Igoa,,España,False
2287,1950,Suecia,España,Ronda Final,,15,Stig Sundqvist,,Suecia,False
2288,1950,Suecia,España,Ronda Final,,33,Bror Mellberg,,Suecia,False
2289,1950,Suecia,España,Ronda Final,,80,Karl-Erik Palmer,,Suecia,False
2290,1950,Suecia,España,Ronda Final,,82,Zarra,,España,False
2291,1950,Uruguay,Brasil,Ronda Final,,47,Friaca,,Brasil,False
2292,1950,Uruguay,Brasil,Ronda Final,,66,Juan Schiaffino,,Uruguay,False
2293,1950,Uruguay,Brasil,Ronda Final,,79,Alcides Ghiggia,,Uruguay,False
2294,1938,Suiza,Alemania,Octavos,,29,Josef Gauchel,,Alemania,False
2295,1938,Suiza,Alemania,Octavos,,43,Andre Abegglen,,Suiza,False
2296,1938,Francia,Bélgica,Octavos,,1,Emile Veinante,,Francia,False
2297,1938,Francia,Bélgica,Octavos,,16,Jean Nicolas,,Francia,False
2298,1938,Francia,Bélgica,Octavos,,38,Henri Isemborghs,,Bélgica,False
2299,1938,Francia,Bélgica,Octavos,,69,Jean Nicolas,,Francia,False
2300,1938,Italia,Noruega,Octavos,,2,Pietro Ferraris,,Italia,True
2301,1938,Italia,Noruega,Octavos,,83,Arne Brustad,,Noruega,False
2302,1938,Italia,Noruega,Octavos,,94,Silvio Piola,,Italia,True
2303,1938,Brasil,Polonia,Octavos,,18,Leonidas,,Brasil,False
2304,1938,Brasil,Polonia,Octavos,,25,Romeu,,Brasil,False
2305,1938,Brasil,Polonia,Octavos,,44,Peracio,,Brasil,False
2306,1938,Brasil,Polonia,Octavos,,53,Ernest Wilimowski,,Polonia,False
2307,1938,Brasil,Polonia,Octavos,,59,Ernest Wilimowski,,Polonia,False
2308,1938,Brasil,Polonia,Octavos,,71,Peracio,,Brasil,False
2309,1938,Brasil,Polonia,Octavos,,89,Ernest Wilimowski,,Polonia,False
2310,1938,Brasil,Polonia,Octavos,,93,Leonidas,,Brasil,True
2311,1938,Brasil,Polonia,Octavos,,104,Leonidas,,Brasil,True
2312,1938,Brasil,Polonia,Octavos,,118,Ernest Wilimowski,,Polonia,True
2313,1938,Hungría,Indias Orientales Holand.,Octavos,,13,Vilmos Kohut,,Hungría,False
2314,1938,Hungría,Indias Orientales Holand.,Octavos,,15,Geza Toldi,,Hungría,False
2315,1938,Hungría,Indias Orientales Holand.,Octavos,,28,Gyorgy Sarosi,,Hungría,False
2316,1938,Hungría,Indias Orientales Holand.,Octavos,,35,Gyula Zsengeller,,Hungría,False
2317,1938,Hungría,Indias Orientales Holand.,Octavos,,76,Gyula Zsengeller,,Hungría,False
2318,1938,Hungría,Indias Orientales Holand.,Octavos,,89,Gyorgy Sarosi,,Hungría,False
2319,1938,Checoslovaquia,Paises Bajos,Octavos,,93,Josef Kostalek,,Checoslovaquia,True
2320,1938,Checoslovaquia,Paises Bajos,Octavos,,111,Oldrich Nejedly,,Checoslovaquia,True
2321,1938,Checoslovaquia,Paises Bajos,Octavos,,118,Josef Zeman,,Checoslovaquia,True
2322,1938,Cuba,Rumania,Octavos,,35,Silviu Bindea,,Rumania,False
2323,1938,Cuba,Rumania,Octavos,,44,Hector Socorro,,Cuba,False
2324,1938,Cuba,Rumania,Octavos,,69,Jose Magrina,,Cuba,False
2325,1938,Cuba,Rumania,Octavos,,88,Iuliu Baratky,,Rumania,False
2326,1938,Cuba,Rumania,Octavos,,103,Hector Socorro,,Cuba,True
2327,1938,Cuba,Rumania,Octavos,,105,Stefan Dobay,,Rumania,True
2328,1938,Suiza,Alemania,Octavos,,8,Wilhelm Hahnemann,,Alemania,False
2329,1938,Suiza,Alemania,Octavos,,22,Ernst Loertscher,,Alemania,False
2330,1938,Suiza,Alemania,Octavos,,42,Eugen Walachek,,Suiza,False
2331,1938,Suiza,Alemania,Octavos,,64,Fredy Bickel,,Suiza,False
2332,1938,Suiza,Alemania,Octavos,,75,Andre Abegglen,,Suiza,False
2333,1938,Suiza,Alemania,Octavos,,78,Andre Abegglen,,Suiza,False
2334,1938,Cuba,Rumania,Octavos,,28,Stefan Dobay,,Rumania,False
2335,1938,Cuba,Rumania,Octavos,,51,Hector Socorro,,Cuba,False
2336,1938,Cuba,Rumania,Octavos,,53,Tomas Fernandez,,Cuba,False
2337,1938,Cuba,Suecia,Cuartos,,9,Tore Keller,,Suecia,False
2338,1938,Cuba,Suecia,Cuartos,,32,Gustav Wetterstrom,,Suecia,True
2339,1938,Cuba,Suecia,Cuartos,,37,Gustav Wetterstrom,,Suecia,True
2340,1938,Cuba,Suecia,Cuartos,,44,Gustav Wetterstrom,,Suecia,True
2341,1938,Cuba,Suecia,Cuartos,,80,Tore Keller,,Suecia,False
2342,1938,Cuba,Suecia,Cuartos,,81,Tore Keller,,Suecia,False
2343,1938,Cuba,Suecia,Cuartos,,84,Arne Nyberg,,Suecia,False
2344,1938,Cuba,Suecia,Cuartos,,90,Harry Andersson,,Suecia,False
2345,1938,Italia,Francia,Cuartos,,9,Gino Colaussi,,Italia,False
2346,1938,Italia,Francia,Cuartos,,10,Oscar Heisserer,,Francia,False
2347,1938,Italia,Francia,Cuartos,,51,Silvio Piola,,Italia,False
2348,1938,Italia,Francia,Cuartos,,72,Silvio Piola,,Italia,False
2349,1938,Hungría,Suiza,Cuartos,,40,Gyorgy Sarosi,,Hungría,False
2350,1938,Hungría,Suiza,Cuartos,,89,Gyula Zsengeller,,Hungría,False
2351,1938,Brasil,Checoslovaquia,Cuartos,,30,Leonidas,,Brasil,False
2352,1938,Brasil,Checoslovaquia,Cuartos,,25,Vlastimil Kopecky,,Checoslovaquia,False
2353,1938,Brasil,Checoslovaquia,Cuartos,,57,Leonidas,,Brasil,False
2354,1938,Brasil,Checoslovaquia,Cuartos,,63,Roberto,,Brasil,False
2355,1938,Hungría,Suecia,Semis,,1,Arne Nyberg,,Suecia,False
2356,1938,Hungría,Suecia,Semis,,19,Sven Jacobsson,,Hungría,False
2357,1938,Hungría,Suecia,Semis,,37,Ferenc Sas,,Hungría,False
2358,1938,Hungría,Suecia,Semis,,39,Gyula Zsengeller,,Hungría,False
2359,1938,Hungría,Suecia,Semis,,65,Gyorgy Sarosi,,Hungría,False
2360,1938,Hungría,Suecia,Semis,,85,Gyula Zsengeller,,Hungría,False
2361,1938,Brasil,Italia,Semis,,51,Gino Colaussi,,Italia,False
2362,1938,Brasil,Italia,Semis,,87,Romeu,,Brasil,False
2363,1938,Brasil,Suecia,3er Puesto,,28,Sven Jonasson,,Suecia,False
2364,1938,Brasil,Suecia,3er Puesto,,38,Arne Nyberg,,Suecia,False
2365,1938,Brasil,Suecia,3er Puesto,,44,Romeu,,Brasil,False
2366,1938,Brasil,Suecia,3er Puesto,,63,Leonidas,,Brasil,False
2367,1938,Brasil,Suecia,3er Puesto,,74,Leonidas,,Brasil,False
2368,1938,Brasil,Suecia,3er Puesto,,80,Peracio,,Brasil,False
2369,1938,Italia,Hungría,Final,,6,Gino Colaussi,,Italia,False
2370,1938,Italia,Hungría,Final,,8,Pal Titkos,,Hungría,False
2371,1938,Italia,Hungría,Final,,16,Silvio Piola,,Italia,False
2372,1938,Italia,Hungría,Final,,35,Gino Colaussi,,Italia,False
2373,1938,Italia,Hungría,Final,,70,Gyorgy Sarosi,,Hungría,False
2374,1938,Italia,Hungría,Final,,82,Silvio Piola,,Italia,False
2375,1934,Alemania,Bélgica,Octavos,,25,Stanislaus Kobierski,,Alemania,False
2376,1934,Alemania,Bélgica,Octavos,,29,Bernard Voorhoof,,Bélgica,False
2377,1934,Alemania,Bélgica,Octavos,,43,Bernard Voorhoof,,Bélgica,False
2378,1934,Alemania,Bélgica,Octavos,,49,Otto Siffling,,Alemania,False
2379,1934,Alemania,Bélgica,Octavos,,66,Edmund Conen,,Alemania,False
2380,1934,Alemania,Bélgica,Octavos,,70,Edmund Conen,,Alemania,False
2381,1934,Alemania,Bélgica,Octavos,,87,Edmund Conen,,Alemania,False
2382,1934,Suecia,Argentina,Octavos,,4,Ernesto Belis,,Argentina,False
2383,1934,Suecia,Argentina,Octavos,,9,Sven Jonasson,,Suecia,False
2384,1934,Suecia,Argentina,Octavos,,48,Alberto Galateo,,Argentina,False
2385,1934,Suecia,Argentina,Octavos,,67,Sven Jonasson,,Suecia,False
2386,1934,Suecia,Argentina,Octavos,,79,Knut Kroon,,Suecia,False
2387,1934,Italia,Estados Unidos,Octavos,,18,Angelo Schiavio,,Italia,False
2388,1934,Italia,Estados Unidos,Octavos,,20,Raimundo Orsi,,Italia,False
2389,1934,Italia,Estados Unidos,Octavos,,29,Angelo Schiavio,,Italia,False
2390,1934,Italia,Estados Unidos,Octavos,,57,Aldo Donelli,,Estados Unidos,False
2391,1934,Italia,Estados Unidos,Octavos,,63,Giovanni Ferrari,,Italia,False
2392,1934,Italia,Estados Unidos,Octavos,,64,Angelo Schiavio,,Italia,False
2393,1934,Italia,Estados Unidos,Octavos,,69,Raimundo Orsi,,Italia,False
2394,1934,Italia,Estados Unidos,Octavos,,90,Giuseppe Meazza,,Italia,False
2395,1934,Hungría,Egipto,Octavos,,11,Pal Teleki,,Hungría,False
2396,1934,Hungría,Egipto,Octavos,,27,Geza Toldi,,Hungría,False
2397,1934,Hungría,Egipto,Octavos,,31,Abdulrahman Fawzi,,Egipto,False
2398,1934,Hungría,Egipto,Octavos,,39,Abdulrahman Fawzi,,Egipto,False
2399,1934,Hungría,Egipto,Octavos,,53,Jeno Vincze,,Hungría,False
2400,1934,Hungría,Egipto,Octavos,,61,Geza Toldi,,Hungría,False
2401,1934,España,Brasil,Octavos,,25,Iraragorri,,España,False
2402,1934,España,Brasil,Octavos,,29,Isidro Langara,,España,False
2403,1934,España,Brasil,Octavos,,55,Leonidas,,Brasil,False
2404,1934,Checoslovaquia,Rumania,Octavos,,11,Stefan Dobay,,Rumania,False
2405,1934,Checoslovaquia,Rumania,Octavos,,50,Antonin Puc,,Checoslovaquia,False
2406,1934,Checoslovaquia,Rumania,Octavos,,67,Oldrich Nejedly,,Checoslovaquia,False
2407,1934,Suiza,Paises Bajos,Octavos,,7,Leopold Kielholz,,Suiza,False
2408,1934,Suiza,Paises Bajos,Octavos,,19,Kick Smit,,Paises Bajos,False
2409,1934,Suiza,Paises Bajos,Octavos,,43,Leopold Kielholz,,Suiza,False
2410,1934,Suiza,Paises Bajos,Octavos,,69,Andre Abegglen,,Suiza,False
2411,1934,Suiza,Paises Bajos,Octavos,,84,Leen Vente,,Paises Bajos,False
2412,1934,Austria,Francia,Octavos,,18,Jean Nicolas,,Francia,False
2413,1934,Austria,Francia,Octavos,,44,Matthias Sindelar,,Austria,False
2414,1934,Austria,Francia,Octavos,,93,Toni Schall,,Austria,True
2415,1934,Austria,Francia,Octavos,,109,Josef Bican,,Austria,True
2416,1934,Checoslovaquia,Suiza,Cuartos,,18,Leopold Kielholz,,Suiza,False
2417,1934,Checoslovaquia,Suiza,Cuartos,,24,Frantisek Svoboda,,Checoslovaquia,False
2418,1934,Checoslovaquia,Suiza,Cuartos,,49,Frantisek Svoboda,,Checoslovaquia,False
2419,1934,Checoslovaquia,Suiza,Cuartos,,78,Willy Jaeggi,,Suiza,False
2420,1934,Checoslovaquia,Suiza,Cuartos,,82,Oldrich Nejedly,,Checoslovaquia,False
2421,1934,Austria,Hungría,Cuartos,,8,Johann Horvath,,Austria,False
2422,1934,Austria,Hungría,Cuartos,,51,Karl Zischek,,Austria,False
2423,1934,Alemania,Suecia,Cuartos,,60,Karl Hohmann,,Alemania,False
2424,1934,Alemania,Suecia,Cuartos,,63,Karl Hohmann,,Alemania,False
2425,1934,Alemania,Suecia,Cuartos,,82,Gosta Dunker,,Suecia,False
2426,1934,Italia,España,Cuartos,,30,Luis Regueiro,,España,False
2427,1934,Italia,España,Cuartos,,44,Giovanni Ferrari,,Italia,False
2428,1934,Italia,España,Cuartos,,11,Giuseppe Meazza,,Italia,False
2429,1934,Checoslovaquia,Alemania,Semis,,21,Oldrich Nejedly,,Checoslovaquia,False
2430,1934,Checoslovaquia,Alemania,Semis,,62,Rudolf Noack,,Alemania,False
2431,1934,Checoslovaquia,Alemania,Semis,,69,Oldrich Nejedly,,Checoslovaquia,False
2432,1934,Checoslovaquia,Alemania,Semis,,80,Oldrich Nejedly,,Checoslovaquia,False
2433,1934,Italia,Austria,Semis,,19,Enrique Guaita,,Italia,False
2434,1934,Austria,Alemania,3er Puesto,,1,Ernest Lehner,,Alemania,False
2435,1934,Austria,Alemania,3er Puesto,,27,Edmund Conen,,Alemania,False
2436,1934,Austria,Alemania,3er Puesto,,28,Johann Horvath,,Austria,False
2437,1934,Austria,Alemania,3er Puesto,,42,Ernest Lehner,,Alemania,False
2438,1934,Austria,Alemania,3er Puesto,,54,Karl Sesta,,Austria,False
2439,1934,Italia,Checoslovaquia,Final,,76,Antonin Puc,,Checoslovaquia,False
2440,1934,Italia,Checoslovaquia,Final,,81,Raimundo Orsi,,Italia,False
2441,1934,Italia,Checoslovaquia,Final,,95,Angelo Schiavio,,Italia,True
2442,1930,Francia,México,"1ra Ronda, Grupo 1",1,19,Lucien Laurent,,Francia,False
2443,1930,Francia,México,"1ra Ronda, Grupo 1",1,40,Marcel Langiller,,Francia,False
2444,1930,Francia,México,"1ra Ronda, Grupo 1",1,43,Andre Maschinot,,Francia,False
2445,1930,Francia,México,"1ra Ronda, Grupo 1",1,70,Juan Carreno,,México,False
2446,1930,Francia,México,"1ra Ronda, Grupo 1",1,87,Andre Maschinot,,Francia,False
2447,1930,Estados Unidos,Bélgica,"1ra Ronda, Grupo 4",4,23,Bart Mcghee,,Estados Unidos,False
2448,1930,Estados Unidos,Bélgica,"1ra Ronda, Grupo 4",4,45,Tom Florie,,Estados Unidos,False
2449,1930,Estados Unidos,Bélgica,"1ra Ronda, Grupo 4",4,69,Bert Patenaude,,Estados Unidos,False
2450,1930,Rumania,Perú,"1ra Ronda, Grupo 3",3,1,Adalbert Desu,,Rumania,False
2451,1930,Rumania,Perú,"1ra Ronda, Grupo 3",3,75,Luis Souza,,Perú,False
2452,1930,Rumania,Perú,"1ra Ronda, Grupo 3",3,79,Constantin Stanciu,,Rumania,False
2453,1930,Rumania,Perú,"1ra Ronda, Grupo 3",3,89,Nicolae Kovacs,,Rumania,False
2454,1930,Yugoslavia,Brasil,"1ra Ronda, Grupo 2",2,21,Aleksandar Tirnanic,,Yugoslavia,False
2455,1930,Yugoslavia,Brasil,"1ra Ronda, Grupo 2",2,30,Ivica Bek,,Yugoslavia,False
2456,1930,Yugoslavia,Brasil,"1ra Ronda, Grupo 2",2,62,Preguinho,,Brasil,False
2457,1930,Argentina,Francia,"1ra Ronda, Grupo 1",1,81,Luis Monti,,Argentina,False
2458,1930,Chile,México,"1ra Ronda, Grupo 1",1,3,Carlos Vidal,,Chile,False
2459,1930,Chile,México,"1ra Ronda, Grupo 1",1,51,Manuel Rosas,,Chile,False
2460,1930,Chile,México,"1ra Ronda, Grupo 1",1,65,Carlos Vidal,,Chile,False
2461,1930,Yugoslavia,Bolivia,"1ra Ronda, Grupo 2",2,60,Ivica Bek,,Yugoslavia,False
2462,1930,Yugoslavia,Bolivia,"1ra Ronda, Grupo 2",2,65,Blagoje Marjanovic,,Yugoslavia,False
2463,1930,Yugoslavia,Bolivia,"1ra Ronda, Grupo 2",2,67,Ivica Bek,,Yugoslavia,False
2464,1930,Yugoslavia,Bolivia,"1ra Ronda, Grupo 2",2,85,Djordje Vujadinovic,,Yugoslavia,False
2465,1930,Estados Unidos,Paraguay,"1ra Ronda, Grupo 4",4,10,Bert Patenaude,,Estados Unidos,False
2466,1930,Estados Unidos,Paraguay,"1ra Ronda, Grupo 4",4,15,Bert Patenaude,,Estados Unidos,False
2467,1930,Estados Unidos,Paraguay,"1ra Ronda, Grupo 4",4,50,Bert Patenaude,,Estados Unidos,False
2468,1930,Uruguay,Perú,"1ra Ronda, Grupo 3",3,60,Hector Castro,,Uruguay,False
2469,1930,Argentina,México,"1ra Ronda, Grupo 1",1,8,Guillermo Stabile,,Argentina,False
2470,1930,Argentina,México,"1ra Ronda, Grupo 1",1,12,Adolfo Zumelzu,,Argentina,False
2471,1930,Argentina,México,"1ra Ronda, Grupo 1",1,17,Guillermo Stabile,,Argentina,False
2472,1930,Argentina,México,"1ra Ronda, Grupo 1",1,53,Francisco Varallo,,Argentina,False
2473,1930,Argentina,México,"1ra Ronda, Grupo 1",1,55,Adolfo Zumelzu,,Argentina,False
2474,1930,Argentina,México,"1ra Ronda, Grupo 1",1,65,Manuel Rosas,,México,False
2475,1930,Argentina,México,"1ra Ronda, Grupo 1",1,75,Roberto Gayon,,México,False
2476,1930,Argentina,México,"1ra Ronda, Grupo 1",1,80,Guillermo Stabile,,Argentina,False
2477,1930,Chile,Francia,"1ra Ronda, Grupo 1",1,65,Guillermo Subiabre,,Chile,False
2478,1930,Paraguay,Bélgica,"1ra Ronda, Grupo 4",4,40,Luis Vargas Pena,,Paraguay,False
2479,1930,Brasil,Bolivia,"1ra Ronda, Grupo 2",2,37,Moderato,,Brasil,False
2480,1930,Brasil,Bolivia,"1ra Ronda, Grupo 2",2,67,Preguinho,,Brasil,False
2481,1930,Brasil,Bolivia,"1ra Ronda, Grupo 2",2,73,Moderato,,Brasil,False
2482,1930,Brasil,Bolivia,"1ra Ronda, Grupo 2",2,83,Preguinho,,Brasil,False
2483,1930,Uruguay,Rumania,"1ra Ronda, Grupo 3",3,7,Pablo Dorado,,Uruguay,False
2484,1930,Uruguay,Rumania,"1ra Ronda, Grupo 3",3,24,Hector Scarone,,Uruguay,False
2485,1930,Uruguay,Rumania,"1ra Ronda, Grupo 3",3,30,Juan Anselmo,,Uruguay,False
2486,1930,Uruguay,Rumania,"1ra Ronda, Grupo 3",3,35,Pedro Cea,,Uruguay,False
2487,1930,Argentina,Chile,"1ra Ronda, Grupo 1",1,12,Guillermo Stabile,,Argentina,False
2488,1930,Argentina,Chile,"1ra Ronda, Grupo 1",1,13,Guillermo Stabile,,Argentina,False
2489,1930,Argentina,Chile,"1ra Ronda, Grupo 1",1,15,Guillermo Subiabre,,Chile,False
2490,1930,Argentina,Chile,"1ra Ronda, Grupo 1",1,51,Mario Evaristo,,Argentina,False
2491,1930,Argentina,Estados Unidos,Semis,,20,Luis Monti,,Argentina,False
2492,1930,Argentina,Estados Unidos,Semis,,56,Alejandro Scopelli,,Argentina,False
2493,1930,Argentina,Estados Unidos,Semis,,69,Guillermo Stabile,,Argentina,False
2494,1930,Argentina,Estados Unidos,Semis,,80,Carlos Peucelle,,Argentina,False
2495,1930,Argentina,Estados Unidos,Semis,,85,Carlos Peucelle,,Argentina,False
2496,1930,Argentina,Estados Unidos,Semis,,87,Guillermo Stabile,,Argentina,False
2497,1930,Argentina,Estados Unidos,Semis,,89,Jim Brown,,Estados Unidos,False
2498,1930,Uruguay,Yugoslavia,Semis,,4,Branislav Sekulic,,Yugoslavia,False
2499,1930,Uruguay,Yugoslavia,Semis,,18,Pedro Cea,,Uruguay,False
2500,1930,Uruguay,Yugoslavia,Semis,,20,Juan Anselmo,,Uruguay,False
2501,1930,Uruguay,Yugoslavia,Semis,,31,Juan Anselmo,,Uruguay,False
2502,1930,Uruguay,Yugoslavia,Semis,,61,Victoriano Iriarte,,Uruguay,False
2503,1930,Uruguay,Yugoslavia,Semis,,67,Pedro Cea,,Uruguay,False
2504,1930,Uruguay,Yugoslavia,Semis,,72,Pedro Cea,,Uruguay,False
2505,1930,Argentina,Uruguay,Final,,12,Pablo Dorado,,Uruguay,False
2506,1930,Argentina,Uruguay,Final,,20,Carlos Peucelle,,Argentina,False
2507,1930,Argentina,Uruguay,Final,,37,Guillermo Stabile,,Argentina,False
2508,1930,Argentina,Uruguay,Final,,57,Pedro Cea,,Uruguay,False
2509,1930,Argentina,Uruguay,Final,,68,Victoriano Iriarte,,Uruguay,False
2510,1930,Argentina,Uruguay,Final,,89,Hector Castro,,Uruguay,False
