mundial,pais1,pais2,tipo_ronda,grupo,url
2022,Catar,Ecuador,"1ra Ronda, Grupo A",A,https://www.losmundialesdefutbol.com/partidos/2022_catar_ecuador.php
2022,Inglaterra,Irán,"1ra Ronda, Grupo B",B,https://www.losmundialesdefutbol.com/partidos/2022_inglaterra_iran.php
2022,Senegal,Paises Bajos,"1ra Ronda, Grupo A",A,https://www.losmundialesdefutbol.com/partidos/2022_senegal_holanda.php
2022,Estados Unidos,Gales,"1ra Ronda, Grupo B",B,https://www.losmundialesdefutbol.com/partidos/2022_estados_unidos_gales.php
2022,Argentina,Arabia Saudita,"1ra Ronda, Grupo C",C,https://www.losmundialesdefutbol.com/partidos/2022_argentina_arabia_saudita.php
2022,Dinamarca,Túnez,"1ra Ronda, Grupo D",D,https://www.losmundialesdefutbol.com/partidos/2022_dinamarca_tunez.php
2022,México,Polonia,"1ra Ronda, Grupo C",C,https://www.losmundialesdefutbol.com/partidos/2022_mexico_polonia.php
2022,Francia,Australia,"1ra Ronda, Grupo D",D,https://www.losmundialesdefutbol.com/partidos/2022_francia_australia.php
2022,Marruecos,Croacia,"1ra Ronda, Grupo F",F,https://www.losmundialesdefutbol.com/partidos/2022_marruecos_croacia.php
2022,Alemania,Japón,"1ra Ronda, Grupo E",E,https://www.losmundialesdefutbol.com/partidos/2022_alemania_japon.php
2022,España,Costa Rica,"1ra Ronda, Grupo E",E,https://www.losmundialesdefutbol.com/partidos/2022_espana_costa_rica.php
2022,Bélgica,Canadá,"1ra Ronda, Grupo F",F,https://www.losmundialesdefutbol.com/partidos/2022_belgica_canada.php
2022,Suiza,Camerún,"1ra Ronda, Grupo G",G,https://www.losmundialesdefutbol.com/partidos/2022_suiza_camerun.php
2022,Uruguay,Corea del Sur,"1ra Ronda, Grupo H",H,https://www.losmundialesdefutbol.com/partidos/2022_uruguay_corea_del_sur.php
2022,Portugal,Ghana,"1ra Ronda, Grupo H",H,https://www.losmundialesdefutbol.com/partidos/2022_portugal_ghana.php
2022,Brasil,Serbia,"1ra Ronda, Grupo G",G,https://www.losmundialesdefutbol.com/partidos/2022_brasil_serbia.php
2022,Gales,Irán,"1ra Ronda, Grupo B",B,https://www.losmundialesdefutbol.com/partidos/2022_gales_iran.php
2022,Catar,Senegal,"1ra Ronda, Grupo A",A,https://www.losmundialesdefutbol.com/partidos/2022_catar_senegal.php
2022,Paises Bajos,Ecuador,"1ra Ronda, Grupo A",A,https://www.losmundialesdefutbol.com/partidos/2022_holanda_ecuador.php
2022,Inglaterra,Estados Unidos,"1ra Ronda, Grupo B",B,https://www.losmundialesdefutbol.com/partidos/2022_inglaterra_estados_unidos.php
2022,Túnez,Australia,"1ra Ronda, Grupo D",D,https://www.losmundialesdefutbol.com/partidos/2022_tunez_australia.php
2022,Polonia,Arabia Saudita,"1ra Ronda, Grupo C",C,https://www.losmundialesdefutbol.com/partidos/2022_polonia_arabia_saudita.php
2022,Francia,Dinamarca,"1ra Ronda, Grupo D",D,https://www.losmundialesdefutbol.com/partidos/2022_francia_dinamarca.php
2022,Argentina,México,"1ra Ronda, Grupo C",C,https://www.losmundialesdefutbol.com/partidos/2022_argentina_mexico.php
2022,Japón,Costa Rica,"1ra Ronda, Grupo E",E,https://www.losmundialesdefutbol.com/partidos/2022_japon_costa_rica.php
2022,Bélgica,Marruecos,"1ra Ronda, Grupo F",F,https://www.losmundialesdefutbol.com/partidos/2022_belgica_marruecos.php
2022,Croacia,Canadá,"1ra Ronda, Grupo F",F,https://www.losmundialesdefutbol.com/partidos/2022_croacia_canada.php
2022,España,Alemania,"1ra Ronda, Grupo E",E,https://www.losmundialesdefutbol.com/partidos/2022_espana_alemania.php
2022,Camerún,Serbia,"1ra Ronda, Grupo G",G,https://www.losmundialesdefutbol.com/partidos/2022_camerun_serbia.php
2022,Corea del Sur,Ghana,"1ra Ronda, Grupo H",H,https://www.losmundialesdefutbol.com/partidos/2022_corea_del_sur_ghana.php
2022,Brasil,Suiza,"1ra Ronda, Grupo G",G,https://www.losmundialesdefutbol.com/partidos/2022_brasil_suiza.php
2022,Portugal,Uruguay,"1ra Ronda, Grupo H",H,https://www.losmundialesdefutbol.com/partidos/2022_portugal_uruguay.php
2022,Paises Bajos,Catar,"1ra Ronda, Grupo A",A,https://www.losmundialesdefutbol.com/partidos/2022_holanda_catar.php
2022,Ecuador,Senegal,"1ra Ronda, Grupo A",A,https://www.losmundialesdefutbol.com/partidos/2022_ecuador_senegal.php
2022,Gales,Inglaterra,"1ra Ronda, Grupo B",B,https://www.losmundialesdefutbol.com/partidos/2022_gales_inglaterra.php
2022,Irán,Estados Unidos,"1ra Ronda, Grupo B",B,https://www.losmundialesdefutbol.com/partidos/2022_iran_estados_unidos.php
2022,Australia,Dinamarca,"1ra Ronda, Grupo D",D,https://www.losmundialesdefutbol.com/partidos/2022_australia_dinamarca.php
2022,Túnez,Francia,"1ra Ronda, Grupo D",D,https://www.losmundialesdefutbol.com/partidos/2022_tunez_francia.php
2022,Arabia Saudita,México,"1ra Ronda, Grupo C",C,https://www.losmundialesdefutbol.com/partidos/2022_arabia_saudita_mexico.php
2022,Polonia,Argentina,"1ra Ronda, Grupo C",C,https://www.losmundialesdefutbol.com/partidos/2022_polonia_argentina.php
2022,Croacia,Bélgica,"1ra Ronda, Grupo F",F,https://www.losmundialesdefutbol.com/partidos/2022_croacia_belgica.php
2022,Canadá,Marruecos,"1ra Ronda, Grupo F",F,https://www.losmundialesdefutbol.com/partidos/2022_canada_marruecos.php
2022,Japón,España,"1ra Ronda, Grupo E",E,https://www.losmundialesdefutbol.com/partidos/2022_japon_espana.php
2022,Costa Rica,Alemania,"1ra Ronda, Grupo E",E,https://www.losmundialesdefutbol.com/partidos/2022_costa_rica_alemania.php
2022,Ghana,Uruguay,"1ra Ronda, Grupo H",H,https://www.losmundialesdefutbol.com/partidos/2022_ghana_uruguay.php
2022,Corea del Sur,Portugal,"1ra Ronda, Grupo H",H,https://www.losmundialesdefutbol.com/partidos/2022_corea_del_sur_portugal.php
2022,Serbia,Suiza,"1ra Ronda, Grupo G",G,https://www.losmundialesdefutbol.com/partidos/2022_serbia_suiza.php
2022,Camerún,Brasil,"1ra Ronda, Grupo G",G,https://www.losmundialesdefutbol.com/partidos/2022_camerun_brasil.php
2022,Paises Bajos,Estados Unidos,Octavos,,https://www.losmundialesdefutbol.com/partidos/2022_holanda_estados_unidos.php
2022,Argentina,Australia,Octavos,,https://www.losmundialesdefutbol.com/partidos/2022_argentina_australia.php
2022,Inglaterra,Senegal,Octavos,,https://www.losmundialesdefutbol.com/partidos/2022_inglaterra_senegal.php
2022,Francia,Polonia,Octavos,,https://www.losmundialesdefutbol.com/partidos/2022_francia_polonia.php
2022,Japón,Croacia,Octavos,,https://www.losmundialesdefutbol.com/partidos/2022_japon_croacia.php
2022,Brasil,Corea del Sur,Octavos,,https://www.losmundialesdefutbol.com/partidos/2022_brasil_corea_del_sur.php
2022,Marruecos,España,Octavos,,https://www.losmundialesdefutbol.com/partidos/2022_marruecos_espana.php
2022,Portugal,Suiza,Octavos,,https://www.losmundialesdefutbol.com/partidos/2022_portugal_suiza.php
2022,Paises Bajos,Argentina,Cuartos,,https://www.losmundialesdefutbol.com/partidos/2022_holanda_argentina.php
2022,Croacia,Brasil,Cuartos,,https://www.losmundialesdefutbol.com/partidos/2022_croacia_brasil.php
2022,Inglaterra,Francia,Cuartos,,https://www.losmundialesdefutbol.com/partidos/2022_inglaterra_francia.php
2022,Marruecos,Portugal,Cuartos,,https://www.losmundialesdefutbol.com/partidos/2022_marruecos_portugal.php
2022,Argentina,Croacia,Semis,,https://www.losmundialesdefutbol.com/partidos/2022_argentina_croacia.php
2022,Francia,Marruecos,Semis,,https://www.losmundialesdefutbol.com/partidos/2022_francia_marruecos.php
2022,Croacia,Marruecos,3er Puesto,,https://www.losmundialesdefutbol.com/partidos/2022_croacia_marruecos.php
2022,Argentina,Francia,Final,,https://www.losmundialesdefutbol.com/partidos/2022_argentina_francia.php
2018,Rusia,Arabia Saudita,"1ra Ronda, Grupo A",A,https://www.losmundialesdefutbol.com/partidos/2018_rusia_arabia_saudita.php
2018,Egipto,Uruguay,"1ra Ronda, Grupo A",A,https://www.losmundialesdefutbol.com/partidos/2018_egipto_uruguay.php
2018,Portugal,España,"1ra Ronda, Grupo B",B,https://www.losmundialesdefutbol.com/partidos/2018_portugal_espana.php
2018,Marruecos,Irán,"1ra Ronda, Grupo B",B,https://www.losmundialesdefutbol.com/partidos/2018_marruecos_iran.php
2018,Francia,Australia,"1ra Ronda, Grupo C",C,https://www.losmundialesdefutbol.com/partidos/2018_francia_australia.php
2018,Perú,Dinamarca,"1ra Ronda, Grupo C",C,https://www.losmundialesdefutbol.com/partidos/2018_peru_dinamarca.php
2018,Argentina,Islandia,"1ra Ronda, Grupo D",D,https://www.losmundialesdefutbol.com/partidos/2018_argentina_islandia.php
2018,Croacia,Nigeria,"1ra Ronda, Grupo D",D,https://www.losmundialesdefutbol.com/partidos/2018_croacia_nigeria.php
2018,Brasil,Suiza,"1ra Ronda, Grupo E",E,https://www.losmundialesdefutbol.com/partidos/2018_brasil_suiza.php
2018,Costa Rica,Serbia,"1ra Ronda, Grupo E",E,https://www.losmundialesdefutbol.com/partidos/2018_costa_rica_serbia.php
2018,Alemania,México,"1ra Ronda, Grupo F",F,https://www.losmundialesdefutbol.com/partidos/2018_alemania_mexico.php
2018,Suecia,Corea del Sur,"1ra Ronda, Grupo F",F,https://www.losmundialesdefutbol.com/partidos/2018_suecia_corea_del_sur.php
2018,Bélgica,Panamá,"1ra Ronda, Grupo G",G,https://www.losmundialesdefutbol.com/partidos/2018_belgica_panama.php
2018,Túnez,Inglaterra,"1ra Ronda, Grupo G",G,https://www.losmundialesdefutbol.com/partidos/2018_tunez_inglaterra.php
2018,Polonia,Senegal,"1ra Ronda, Grupo H",H,https://www.losmundialesdefutbol.com/partidos/2018_polonia_senegal.php
2018,Colombia,Japón,"1ra Ronda, Grupo H",H,https://www.losmundialesdefutbol.com/partidos/2018_colombia_japon.php
2018,Rusia,Egipto,"1ra Ronda, Grupo A",A,https://www.losmundialesdefutbol.com/partidos/2018_rusia_egipto.php
2018,Uruguay,Arabia Saudita,"1ra Ronda, Grupo A",A,https://www.losmundialesdefutbol.com/partidos/2018_uruguay_arabia_saudita.php
2018,Portugal,Marruecos,"1ra Ronda, Grupo B",B,https://www.losmundialesdefutbol.com/partidos/2018_portugal_marruecos.php
2018,Irán,España,"1ra Ronda, Grupo B",B,https://www.losmundialesdefutbol.com/partidos/2018_iran_espana.php
2018,Francia,Perú,"1ra Ronda, Grupo C",C,https://www.losmundialesdefutbol.com/partidos/2018_francia_peru.php
2018,Dinamarca,Australia,"1ra Ronda, Grupo C",C,https://www.losmundialesdefutbol.com/partidos/2018_dinamarca_australia.php
2018,Argentina,Croacia,"1ra Ronda, Grupo D",D,https://www.losmundialesdefutbol.com/partidos/2018_argentina_croacia.php
2018,Nigeria,Islandia,"1ra Ronda, Grupo D",D,https://www.losmundialesdefutbol.com/partidos/2018_nigeria_islandia.php
2018,Brasil,Costa Rica,"1ra Ronda, Grupo E",E,https://www.losmundialesdefutbol.com/partidos/2018_brasil_costa_rica.php
2018,Serbia,Suiza,"1ra Ronda, Grupo E",E,https://www.losmundialesdefutbol.com/partidos/2018_serbia_suiza.php
2018,Alemania,Suecia,"1ra Ronda, Grupo F",F,https://www.losmundialesdefutbol.com/partidos/2018_alemania_suecia.php
2018,Corea del Sur,México,"1ra Ronda, Grupo F",F,https://www.losmundialesdefutbol.com/partidos/2018_corea_del_sur_mexico.php
2018,Bélgica,Túnez,"1ra Ronda, Grupo G",G,https://www.losmundialesdefutbol.com/partidos/2018_belgica_tunez.php
2018,Inglaterra,Panamá,"1ra Ronda, Grupo G",G,https://www.losmundialesdefutbol.com/partidos/2018_inglaterra_panama.php
2018,Polonia,Colombia,"1ra Ronda, Grupo H",H,https://www.losmundialesdefutbol.com/partidos/2018_polonia_colombia.php
2018,Japón,Senegal,"1ra Ronda, Grupo H",H,https://www.losmundialesdefutbol.com/partidos/2018_japon_senegal.php
2018,Uruguay,Rusia,"1ra Ronda, Grupo A",A,https://www.losmundialesdefutbol.com/partidos/2018_uruguay_rusia.php
2018,Arabia Saudita,Egipto,"1ra Ronda, Grupo A",A,https://www.losmundialesdefutbol.com/partidos/2018_arabia_saudita_egipto.php
2018,Irán,Portugal,"1ra Ronda, Grupo B",B,https://www.losmundialesdefutbol.com/partidos/2018_iran_portugal.php
2018,España,Marruecos,"1ra Ronda, Grupo B",B,https://www.losmundialesdefutbol.com/partidos/2018_espana_marruecos.php
2018,Dinamarca,Francia,"1ra Ronda, Grupo C",C,https://www.losmundialesdefutbol.com/partidos/2018_dinamarca_francia.php
2018,Australia,Perú,"1ra Ronda, Grupo C",C,https://www.losmundialesdefutbol.com/partidos/2018_australia_peru.php
2018,Nigeria,Argentina,"1ra Ronda, Grupo D",D,https://www.losmundialesdefutbol.com/partidos/2018_nigeria_argentina.php
2018,Islandia,Croacia,"1ra Ronda, Grupo D",D,https://www.losmundialesdefutbol.com/partidos/2018_islandia_croacia.php
2018,Serbia,Brasil,"1ra Ronda, Grupo E",E,https://www.losmundialesdefutbol.com/partidos/2018_serbia_brasil.php
2018,Suiza,Costa Rica,"1ra Ronda, Grupo E",E,https://www.losmundialesdefutbol.com/partidos/2018_suiza_costa_rica.php
2018,Corea del Sur,Alemania,"1ra Ronda, Grupo F",F,https://www.losmundialesdefutbol.com/partidos/2018_corea_del_sur_alemania.php
2018,México,Suecia,"1ra Ronda, Grupo F",F,https://www.losmundialesdefutbol.com/partidos/2018_mexico_suecia.php
2018,Inglaterra,Bélgica,"1ra Ronda, Grupo G",G,https://www.losmundialesdefutbol.com/partidos/2018_inglaterra_belgica.php
2018,Panamá,Túnez,"1ra Ronda, Grupo G",G,https://www.losmundialesdefutbol.com/partidos/2018_panama_tunez.php
2018,Japón,Polonia,"1ra Ronda, Grupo H",H,https://www.losmundialesdefutbol.com/partidos/2018_japon_polonia.php
2018,Senegal,Colombia,"1ra Ronda, Grupo H",H,https://www.losmundialesdefutbol.com/partidos/2018_senegal_colombia.php
2018,Uruguay,Portugal,Octavos,,https://www.losmundialesdefutbol.com/partidos/2018_uruguay_portugal.php
2018,Francia,Argentina,Octavos,,https://www.losmundialesdefutbol.com/partidos/2018_francia_argentina.php
2018,España,Rusia,Octavos,,https://www.losmundialesdefutbol.com/partidos/2018_espana_rusia.php
2018,Croacia,Dinamarca,Octavos,,https://www.losmundialesdefutbol.com/partidos/2018_croacia_dinamarca.php
2018,Brasil,México,Octavos,,https://www.losmundialesdefutbol.com/partidos/2018_brasil_mexico.php
2018,Bélgica,Japón,Octavos,,https://www.losmundialesdefutbol.com/partidos/2018_belgica_japon.php
2018,Suecia,Suiza,Octavos,,https://www.losmundialesdefutbol.com/partidos/2018_suecia_suiza.php
2018,Colombia,Inglaterra,Octavos,,https://www.losmundialesdefutbol.com/partidos/2018_colombia_inglaterra.php
2018,Uruguay,Francia,Cuartos,,https://www.losmundialesdefutbol.com/partidos/2018_uruguay_francia.php
2018,Brasil,Bélgica,Cuartos,,https://www.losmundialesdefutbol.com/partidos/2018_brasil_belgica.php
2018,Rusia,Croacia,Cuartos,,https://www.losmundialesdefutbol.com/partidos/2018_rusia_croacia.php
2018,Suecia,Inglaterra,Cuartos,,https://www.losmundialesdefutbol.com/partidos/2018_suecia_inglaterra.php
2018,Francia,Bélgica,Semis,,https://www.losmundialesdefutbol.com/partidos/2018_francia_belgica.php
2018,Croacia,Inglaterra,Semis,,https://www.losmundialesdefutbol.com/partidos/2018_croacia_inglaterra.php
2018,Bélgica,Inglaterra,3er Puesto,,https://www.losmundialesdefutbol.com/partidos/2018_belgica_inglaterra.php
2018,Francia,Croacia,Final,,https://www.losmundialesdefutbol.com/partidos/2018_francia_croacia.php
2014,Brasil,Croacia,"1ra Ronda, Grupo A",A,https://www.losmundialesdefutbol.com/partidos/2014_brasil_croacia.php
2014,México,Camerún,"1ra Ronda, Grupo A",A,https://www.losmundialesdefutbol.com/partidos/2014_mexico_camerun.php
2014,España,Paises Bajos,"1ra Ronda, Grupo B",B,https://www.losmundialesdefutbol.com/partidos/2014_espana_holanda.php
2014,Chile,Australia,"1ra Ronda, Grupo B",B,https://www.losmundialesdefutbol.com/partidos/2014_chile_australia.php
2014,Colombia,Grecia,"1ra Ronda, Grupo C",C,https://www.losmundialesdefutbol.com/partidos/2014_colombia_grecia.php
2014,Costa de Marfil,Japón,"1ra Ronda, Grupo C",C,https://www.losmundialesdefutbol.com/partidos/2014_costa_de_marfil_japon.php
2014,Uruguay,Costa Rica,"1ra Ronda, Grupo D",D,https://www.losmundialesdefutbol.com/partidos/2014_uruguay_costa_rica.php
2014,Inglaterra,Italia,"1ra Ronda, Grupo D",D,https://www.losmundialesdefutbol.com/partidos/2014_inglaterra_italia.php
2014,Suiza,Ecuador,"1ra Ronda, Grupo E",E,https://www.losmundialesdefutbol.com/partidos/2014_suiza_ecuador.php
2014,Francia,Honduras,"1ra Ronda, Grupo E",E,https://www.losmundialesdefutbol.com/partidos/2014_francia_honduras.php
2014,Argentina,Bosnia-Herzegovina,"1ra Ronda, Grupo F",F,https://www.losmundialesdefutbol.com/partidos/2014_argentina_bosnia_herzegovina.php
2014,Irán,Nigeria,"1ra Ronda, Grupo F",F,https://www.losmundialesdefutbol.com/partidos/2014_iran_nigeria.php
2014,Alemania,Portugal,"1ra Ronda, Grupo G",G,https://www.losmundialesdefutbol.com/partidos/2014_alemania_portugal.php
2014,Ghana,Estados Unidos,"1ra Ronda, Grupo G",G,https://www.losmundialesdefutbol.com/partidos/2014_ghana_estados_unidos.php
2014,Bélgica,Argelia,"1ra Ronda, Grupo H",H,https://www.losmundialesdefutbol.com/partidos/2014_belgica_argelia.php
2014,Rusia,Corea del Sur,"1ra Ronda, Grupo H",H,https://www.losmundialesdefutbol.com/partidos/2014_rusia_corea_del_sur.php
2014,Brasil,México,"1ra Ronda, Grupo A",A,https://www.losmundialesdefutbol.com/partidos/2014_brasil_mexico.php
2014,Camerún,Croacia,"1ra Ronda, Grupo A",A,https://www.losmundialesdefutbol.com/partidos/2014_camerun_croacia.php
2014,España,Chile,"1ra Ronda, Grupo B",B,https://www.losmundialesdefutbol.com/partidos/2014_espana_chile.php
2014,Australia,Paises Bajos,"1ra Ronda, Grupo B",B,https://www.losmundialesdefutbol.com/partidos/2014_australia_holanda.php
2014,Colombia,Costa de Marfil,"1ra Ronda, Grupo C",C,https://www.losmundialesdefutbol.com/partidos/2014_colombia_costa_de_marfil.php
2014,Japón,Grecia,"1ra Ronda, Grupo C",C,https://www.losmundialesdefutbol.com/partidos/2014_japon_grecia.php
2014,Uruguay,Inglaterra,"1ra Ronda, Grupo D",D,https://www.losmundialesdefutbol.com/partidos/2014_uruguay_inglaterra.php
2014,Italia,Costa Rica,"1ra Ronda, Grupo D",D,https://www.losmundialesdefutbol.com/partidos/2014_italia_costa_rica.php
2014,Suiza,Francia,"1ra Ronda, Grupo E",E,https://www.losmundialesdefutbol.com/partidos/2014_suiza_francia.php
2014,Honduras,Ecuador,"1ra Ronda, Grupo E",E,https://www.losmundialesdefutbol.com/partidos/2014_honduras_ecuador.php
2014,Argentina,Irán,"1ra Ronda, Grupo F",F,https://www.losmundialesdefutbol.com/partidos/2014_argentina_iran.php
2014,Nigeria,Bosnia-Herzegovina,"1ra Ronda, Grupo F",F,https://www.losmundialesdefutbol.com/partidos/2014_nigeria_bosnia_herzegovina.php
2014,Alemania,Ghana,"1ra Ronda, Grupo G",G,https://www.losmundialesdefutbol.com/partidos/2014_alemania_ghana.php
2014,Estados Unidos,Portugal,"1ra Ronda, Grupo G",G,https://www.losmundialesdefutbol.com/partidos/2014_estados_unidos_portugal.php
2014,Bélgica,Rusia,"1ra Ronda, Grupo H",H,https://www.losmundialesdefutbol.com/partidos/2014_belgica_rusia.php
2014,Corea del Sur,Argelia,"1ra Ronda, Grupo H",H,https://www.losmundialesdefutbol.com/partidos/2014_corea_del_sur_argelia.php
2014,Camerún,Brasil,"1ra Ronda, Grupo A",A,https://www.losmundialesdefutbol.com/partidos/2014_camerun_brasil.php
2014,Croacia,México,"1ra Ronda, Grupo A",A,https://www.losmundialesdefutbol.com/partidos/2014_croacia_mexico.php
2014,Australia,España,"1ra Ronda, Grupo B",B,https://www.losmundialesdefutbol.com/partidos/2014_australia_espana.php
2014,Paises Bajos,Chile,"1ra Ronda, Grupo B",B,https://www.losmundialesdefutbol.com/partidos/2014_holanda_chile.php
2014,Japón,Colombia,"1ra Ronda, Grupo C",C,https://www.losmundialesdefutbol.com/partidos/2014_japon_colombia.php
2014,Grecia,Costa de Marfil,"1ra Ronda, Grupo C",C,https://www.losmundialesdefutbol.com/partidos/2014_grecia_costa_de_marfil.php
2014,Italia,Uruguay,"1ra Ronda, Grupo D",D,https://www.losmundialesdefutbol.com/partidos/2014_italia_uruguay.php
2014,Costa Rica,Inglaterra,"1ra Ronda, Grupo D",D,https://www.losmundialesdefutbol.com/partidos/2014_costa_rica_inglaterra.php
2014,Honduras,Suiza,"1ra Ronda, Grupo E",E,https://www.losmundialesdefutbol.com/partidos/2014_honduras_suiza.php
2014,Ecuador,Francia,"1ra Ronda, Grupo E",E,https://www.losmundialesdefutbol.com/partidos/2014_ecuador_francia.php
2014,Nigeria,Argentina,"1ra Ronda, Grupo F",F,https://www.losmundialesdefutbol.com/partidos/2014_nigeria_argentina.php
2014,Bosnia-Herzegovina,Irán,"1ra Ronda, Grupo F",F,https://www.losmundialesdefutbol.com/partidos/2014_bosnia_herzegovina_iran.php
2014,Estados Unidos,Alemania,"1ra Ronda, Grupo G",G,https://www.losmundialesdefutbol.com/partidos/2014_estados_unidos_alemania.php
2014,Portugal,Ghana,"1ra Ronda, Grupo G",G,https://www.losmundialesdefutbol.com/partidos/2014_portugal_ghana.php
2014,Corea del Sur,Bélgica,"1ra Ronda, Grupo H",H,https://www.losmundialesdefutbol.com/partidos/2014_corea_del_sur_belgica.php
2014,Argelia,Rusia,"1ra Ronda, Grupo H",H,https://www.losmundialesdefutbol.com/partidos/2014_argelia_rusia.php
2014,Brasil,Chile,Octavos,,https://www.losmundialesdefutbol.com/partidos/2014_brasil_chile.php
2014,Colombia,Uruguay,Octavos,,https://www.losmundialesdefutbol.com/partidos/2014_colombia_uruguay.php
2014,Paises Bajos,México,Octavos,,https://www.losmundialesdefutbol.com/partidos/2014_holanda_mexico.php
2014,Costa Rica,Grecia,Octavos,,https://www.losmundialesdefutbol.com/partidos/2014_costa_rica_grecia.php
2014,Francia,Nigeria,Octavos,,https://www.losmundialesdefutbol.com/partidos/2014_francia_nigeria.php
2014,Alemania,Argelia,Octavos,,https://www.losmundialesdefutbol.com/partidos/2014_alemania_argelia.php
2014,Argentina,Suiza,Octavos,,https://www.losmundialesdefutbol.com/partidos/2014_argentina_suiza.php
2014,Bélgica,Estados Unidos,Octavos,,https://www.losmundialesdefutbol.com/partidos/2014_belgica_estados_unidos.php
2014,Brasil,Colombia,Cuartos,,https://www.losmundialesdefutbol.com/partidos/2014_brasil_colombia.php
2014,Francia,Alemania,Cuartos,,https://www.losmundialesdefutbol.com/partidos/2014_francia_alemania.php
2014,Paises Bajos,Costa Rica,Cuartos,,https://www.losmundialesdefutbol.com/partidos/2014_holanda_costa_rica.php
2014,Argentina,Bélgica,Cuartos,,https://www.losmundialesdefutbol.com/partidos/2014_argentina_belgica.php
2014,Brasil,Alemania,Semis,,https://www.losmundialesdefutbol.com/partidos/2014_brasil_alemania.php
2014,Paises Bajos,Argentina,Semis,,https://www.losmundialesdefutbol.com/partidos/2014_holanda_argentina.php
2014,Brasil,Paises Bajos,3er Puesto,,https://www.losmundialesdefutbol.com/partidos/2014_brasil_holanda.php
2014,Alemania,Argentina,Final,,https://www.losmundialesdefutbol.com/partidos/2014_alemania_argentina.php
2010,Sudáfrica,México,"1ra Ronda, Grupo A",A,https://www.losmundialesdefutbol.com/partidos/2010_sudafrica_mexico.php
2010,Uruguay,Francia,"1ra Ronda, Grupo A",A,https://www.losmundialesdefutbol.com/partidos/2010_uruguay_francia.php
2010,Argentina,Nigeria,"1ra Ronda, Grupo B",B,https://www.losmundialesdefutbol.com/partidos/2010_argentina_nigeria.php
2010,Corea del Sur,Grecia,"1ra Ronda, Grupo B",B,https://www.losmundialesdefutbol.com/partidos/2010_corea_del_sur_grecia.php
2010,Inglaterra,Estados Unidos,"1ra Ronda, Grupo C",C,https://www.losmundialesdefutbol.com/partidos/2010_inglaterra_estados_unidos.php
2010,Argelia,Eslovenia,"1ra Ronda, Grupo C",C,https://www.losmundialesdefutbol.com/partidos/2010_argelia_eslovenia.php
2010,Alemania,Australia,"1ra Ronda, Grupo D",D,https://www.losmundialesdefutbol.com/partidos/2010_alemania_australia.php
2010,Serbia,Ghana,"1ra Ronda, Grupo D",D,https://www.losmundialesdefutbol.com/partidos/2010_serbia_ghana.php
2010,Paises Bajos,Dinamarca,"1ra Ronda, Grupo E",E,https://www.losmundialesdefutbol.com/partidos/2010_holanda_dinamarca.php
2010,Japón,Camerún,"1ra Ronda, Grupo E",E,https://www.losmundialesdefutbol.com/partidos/2010_japon_camerun.php
2010,Italia,Paraguay,"1ra Ronda, Grupo F",F,https://www.losmundialesdefutbol.com/partidos/2010_italia_paraguay.php
2010,Nueva Zelanda,Eslovaquia,"1ra Ronda, Grupo F",F,https://www.losmundialesdefutbol.com/partidos/2010_nueva_zelanda_eslovaquia.php
2010,Costa de Marfil,Portugal,"1ra Ronda, Grupo G",G,https://www.losmundialesdefutbol.com/partidos/2010_costa_de_marfil_portugal.php
2010,Brasil,Corea del Norte,"1ra Ronda, Grupo G",G,https://www.losmundialesdefutbol.com/partidos/2010_brasil_corea_del_norte.php
2010,Honduras,Chile,"1ra Ronda, Grupo H",H,https://www.losmundialesdefutbol.com/partidos/2010_honduras_chile.php
2010,España,Suiza,"1ra Ronda, Grupo H",H,https://www.losmundialesdefutbol.com/partidos/2010_espana_suiza.php
2010,Sudáfrica,Uruguay,"1ra Ronda, Grupo A",A,https://www.losmundialesdefutbol.com/partidos/2010_sudafrica_uruguay.php
2010,Francia,México,"1ra Ronda, Grupo A",A,https://www.losmundialesdefutbol.com/partidos/2010_francia_mexico.php
2010,Grecia,Nigeria,"1ra Ronda, Grupo B",B,https://www.losmundialesdefutbol.com/partidos/2010_grecia_nigeria.php
2010,Argentina,Corea del Sur,"1ra Ronda, Grupo B",B,https://www.losmundialesdefutbol.com/partidos/2010_argentina_corea_del_sur.php
2010,Alemania,Serbia,"1ra Ronda, Grupo D",D,https://www.losmundialesdefutbol.com/partidos/2010_alemania_serbia.php
2010,Eslovenia,Estados Unidos,"1ra Ronda, Grupo C",C,https://www.losmundialesdefutbol.com/partidos/2010_eslovenia_estados_unidos.php
2010,Inglaterra,Argelia,"1ra Ronda, Grupo C",C,https://www.losmundialesdefutbol.com/partidos/2010_inglaterra_argelia.php
2010,Ghana,Australia,"1ra Ronda, Grupo D",D,https://www.losmundialesdefutbol.com/partidos/2010_ghana_australia.php
2010,Paises Bajos,Japón,"1ra Ronda, Grupo E",E,https://www.losmundialesdefutbol.com/partidos/2010_holanda_japon.php
2010,Camerún,Dinamarca,"1ra Ronda, Grupo E",E,https://www.losmundialesdefutbol.com/partidos/2010_camerun_dinamarca.php
2010,Eslovaquia,Paraguay,"1ra Ronda, Grupo F",F,https://www.losmundialesdefutbol.com/partidos/2010_eslovaquia_paraguay.php
2010,Italia,Nueva Zelanda,"1ra Ronda, Grupo F",F,https://www.losmundialesdefutbol.com/partidos/2010_italia_nueva_zelanda.php
2010,Brasil,Costa de Marfil,"1ra Ronda, Grupo G",G,https://www.losmundialesdefutbol.com/partidos/2010_brasil_costa_de_marfil.php
2010,Portugal,Corea del Norte,"1ra Ronda, Grupo G",G,https://www.losmundialesdefutbol.com/partidos/2010_portugal_corea_del_norte.php
2010,Chile,Suiza,"1ra Ronda, Grupo H",H,https://www.losmundialesdefutbol.com/partidos/2010_chile_suiza.php
2010,España,Honduras,"1ra Ronda, Grupo H",H,https://www.losmundialesdefutbol.com/partidos/2010_espana_honduras.php
2010,México,Uruguay,"1ra Ronda, Grupo A",A,https://www.losmundialesdefutbol.com/partidos/2010_mexico_uruguay.php
2010,Francia,Sudáfrica,"1ra Ronda, Grupo A",A,https://www.losmundialesdefutbol.com/partidos/2010_francia_sudafrica.php
2010,Nigeria,Corea del Sur,"1ra Ronda, Grupo B",B,https://www.losmundialesdefutbol.com/partidos/2010_nigeria_corea_del_sur.php
2010,Grecia,Argentina,"1ra Ronda, Grupo B",B,https://www.losmundialesdefutbol.com/partidos/2010_grecia_argentina.php
2010,Eslovenia,Inglaterra,"1ra Ronda, Grupo C",C,https://www.losmundialesdefutbol.com/partidos/2010_eslovenia_inglaterra.php
2010,Estados Unidos,Argelia,"1ra Ronda, Grupo C",C,https://www.losmundialesdefutbol.com/partidos/2010_estados_unidos_argelia.php
2010,Ghana,Alemania,"1ra Ronda, Grupo D",D,https://www.losmundialesdefutbol.com/partidos/2010_ghana_alemania.php
2010,Australia,Serbia,"1ra Ronda, Grupo D",D,https://www.losmundialesdefutbol.com/partidos/2010_australia_serbia.php
2010,Eslovaquia,Italia,"1ra Ronda, Grupo F",F,https://www.losmundialesdefutbol.com/partidos/2010_eslovaquia_italia.php
2010,Paraguay,Nueva Zelanda,"1ra Ronda, Grupo F",F,https://www.losmundialesdefutbol.com/partidos/2010_paraguay_nueva_zelanda.php
2010,Dinamarca,Japón,"1ra Ronda, Grupo E",E,https://www.losmundialesdefutbol.com/partidos/2010_dinamarca_japon.php
2010,Camerún,Paises Bajos,"1ra Ronda, Grupo E",E,https://www.losmundialesdefutbol.com/partidos/2010_camerun_holanda.php
2010,Portugal,Brasil,"1ra Ronda, Grupo G",G,https://www.losmundialesdefutbol.com/partidos/2010_portugal_brasil.php
2010,Corea del Norte,Costa de Marfil,"1ra Ronda, Grupo G",G,https://www.losmundialesdefutbol.com/partidos/2010_corea_del_norte_costa_de_marfil.php
2010,Chile,España,"1ra Ronda, Grupo H",H,https://www.losmundialesdefutbol.com/partidos/2010_chile_espana.php
2010,Suiza,Honduras,"1ra Ronda, Grupo H",H,https://www.losmundialesdefutbol.com/partidos/2010_suiza_honduras.php
2010,Uruguay,Corea del Sur,Octavos,,https://www.losmundialesdefutbol.com/partidos/2010_uruguay_corea_del_sur.php
2010,Estados Unidos,Ghana,Octavos,,https://www.losmundialesdefutbol.com/partidos/2010_estados_unidos_ghana.php
2010,Alemania,Inglaterra,Octavos,,https://www.losmundialesdefutbol.com/partidos/2010_alemania_inglaterra.php
2010,Argentina,México,Octavos,,https://www.losmundialesdefutbol.com/partidos/2010_argentina_mexico.php
2010,Paises Bajos,Eslovaquia,Octavos,,https://www.losmundialesdefutbol.com/partidos/2010_holanda_eslovaquia.php
2010,Brasil,Chile,Octavos,,https://www.losmundialesdefutbol.com/partidos/2010_brasil_chile.php
2010,Paraguay,Japón,Octavos,,https://www.losmundialesdefutbol.com/partidos/2010_paraguay_japon.php
2010,España,Portugal,Octavos,,https://www.losmundialesdefutbol.com/partidos/2010_espana_portugal.php
2010,Paises Bajos,Brasil,Cuartos,,https://www.losmundialesdefutbol.com/partidos/2010_holanda_brasil.php
2010,Uruguay,Ghana,Cuartos,,https://www.losmundialesdefutbol.com/partidos/2010_uruguay_ghana.php
2010,Argentina,Alemania,Cuartos,,https://www.losmundialesdefutbol.com/partidos/2010_argentina_alemania.php
2010,Paraguay,España,Cuartos,,https://www.losmundialesdefutbol.com/partidos/2010_paraguay_espana.php
2010,Uruguay,Paises Bajos,Semis,,https://www.losmundialesdefutbol.com/partidos/2010_uruguay_holanda.php
2010,Alemania,España,Semis,,https://www.losmundialesdefutbol.com/partidos/2010_alemania_espana.php
2010,Uruguay,Alemania,3er Puesto,,https://www.losmundialesdefutbol.com/partidos/2010_uruguay_alemania.php
2010,Paises Bajos,España,Final,,https://www.losmundialesdefutbol.com/partidos/2010_holanda_espana.php
2006,Alemania,Costa Rica,"1ra Ronda, Grupo A",A,https://www.losmundialesdefutbol.com/partidos/2006_alemania_costa_rica.php
2006,Polonia,Ecuador,"1ra Ronda, Grupo A",A,https://www.losmundialesdefutbol.com/partidos/2006_polonia_ecuador.php
2006,Inglaterra,Paraguay,"1ra Ronda, Grupo B",B,https://www.losmundialesdefutbol.com/partidos/2006_inglaterra_paraguay.php
2006,Trinidad y Tobago,Suecia,"1ra Ronda, Grupo B",B,https://www.losmundialesdefutbol.com/partidos/2006_trinidad_y_tobago_suecia.php
2006,Argentina,Costa de Marfil,"1ra Ronda, Grupo C",C,https://www.losmundialesdefutbol.com/partidos/2006_argentina_costa_de_marfil.php
2006,Serbia y Montenegro,Paises Bajos,"1ra Ronda, Grupo C",C,https://www.losmundialesdefutbol.com/partidos/2006_serbia_y_montenegro_holanda.php
2006,México,Irán,"1ra Ronda, Grupo D",D,https://www.losmundialesdefutbol.com/partidos/2006_mexico_iran.php
2006,Angola,Portugal,"1ra Ronda, Grupo D",D,https://www.losmundialesdefutbol.com/partidos/2006_angola_portugal.php
2006,Italia,Ghana,"1ra Ronda, Grupo E",E,https://www.losmundialesdefutbol.com/partidos/2006_italia_ghana.php
2006,Estados Unidos,República Checa,"1ra Ronda, Grupo E",E,https://www.losmundialesdefutbol.com/partidos/2006_estados_unidos_republica_checa.php
2006,Australia,Japón,"1ra Ronda, Grupo F",F,https://www.losmundialesdefutbol.com/partidos/2006_australia_japon.php
2006,Brasil,Croacia,"1ra Ronda, Grupo F",F,https://www.losmundialesdefutbol.com/partidos/2006_brasil_croacia.php
2006,Francia,Suiza,"1ra Ronda, Grupo G",G,https://www.losmundialesdefutbol.com/partidos/2006_francia_suiza.php
2006,Corea del Sur,Togo,"1ra Ronda, Grupo G",G,https://www.losmundialesdefutbol.com/partidos/2006_corea_del_sur_togo.php
2006,España,Ucrania,"1ra Ronda, Grupo H",H,https://www.losmundialesdefutbol.com/partidos/2006_espana_ucrania.php
2006,Túnez,Arabia Saudita,"1ra Ronda, Grupo H",H,https://www.losmundialesdefutbol.com/partidos/2006_tunez_arabia_saudita.php
2006,Alemania,Polonia,"1ra Ronda, Grupo A",A,https://www.losmundialesdefutbol.com/partidos/2006_alemania_polonia.php
2006,Ecuador,Costa Rica,"1ra Ronda, Grupo A",A,https://www.losmundialesdefutbol.com/partidos/2006_ecuador_costa_rica.php
2006,Inglaterra,Trinidad y Tobago,"1ra Ronda, Grupo B",B,https://www.losmundialesdefutbol.com/partidos/2006_inglaterra_trinidad_y_tobago.php
2006,Suecia,Paraguay,"1ra Ronda, Grupo B",B,https://www.losmundialesdefutbol.com/partidos/2006_suecia_paraguay.php
2006,Argentina,Serbia y Montenegro,"1ra Ronda, Grupo C",C,https://www.losmundialesdefutbol.com/partidos/2006_argentina_serbia_y_montenegro.php
2006,Paises Bajos,Costa de Marfil,"1ra Ronda, Grupo C",C,https://www.losmundialesdefutbol.com/partidos/2006_holanda_costa_de_marfil.php
2006,México,Angola,"1ra Ronda, Grupo D",D,https://www.losmundialesdefutbol.com/partidos/2006_mexico_angola.php
2006,Portugal,Irán,"1ra Ronda, Grupo D",D,https://www.losmundialesdefutbol.com/partidos/2006_portugal_iran.php
2006,Italia,Estados Unidos,"1ra Ronda, Grupo E",E,https://www.losmundialesdefutbol.com/partidos/2006_italia_estados_unidos.php
2006,República Checa,Ghana,"1ra Ronda, Grupo E",E,https://www.losmundialesdefutbol.com/partidos/2006_republica_checa_ghana.php
2006,Brasil,Australia,"1ra Ronda, Grupo F",F,https://www.losmundialesdefutbol.com/partidos/2006_brasil_australia.php
2006,Japón,Croacia,"1ra Ronda, Grupo F",F,https://www.losmundialesdefutbol.com/partidos/2006_japon_croacia.php
2006,Francia,Corea del Sur,"1ra Ronda, Grupo G",G,https://www.losmundialesdefutbol.com/partidos/2006_francia_corea_del_sur.php
2006,Togo,Suiza,"1ra Ronda, Grupo G",G,https://www.losmundialesdefutbol.com/partidos/2006_togo_suiza.php
2006,España,Túnez,"1ra Ronda, Grupo H",H,https://www.losmundialesdefutbol.com/partidos/2006_espana_tunez.php
2006,Arabia Saudita,Ucrania,"1ra Ronda, Grupo H",H,https://www.losmundialesdefutbol.com/partidos/2006_arabia_saudita_ucrania.php
2006,Ecuador,Alemania,"1ra Ronda, Grupo A",A,https://www.losmundialesdefutbol.com/partidos/2006_ecuador_alemania.php
2006,Costa Rica,Polonia,"1ra Ronda, Grupo A",A,https://www.losmundialesdefutbol.com/partidos/2006_costa_rica_polonia.php
2006,Suecia,Inglaterra,"1ra Ronda, Grupo B",B,https://www.losmundialesdefutbol.com/partidos/2006_suecia_inglaterra.php
2006,Paraguay,Trinidad y Tobago,"1ra Ronda, Grupo B",B,https://www.losmundialesdefutbol.com/partidos/2006_paraguay_trinidad_y_tobago.php
2006,Paises Bajos,Argentina,"1ra Ronda, Grupo C",C,https://www.losmundialesdefutbol.com/partidos/2006_holanda_argentina.php
2006,Costa de Marfil,Serbia y Montenegro,"1ra Ronda, Grupo C",C,https://www.losmundialesdefutbol.com/partidos/2006_costa_de_marfil_serbia_y_montenegro.php
2006,Portugal,México,"1ra Ronda, Grupo D",D,https://www.losmundialesdefutbol.com/partidos/2006_portugal_mexico.php
2006,Irán,Angola,"1ra Ronda, Grupo D",D,https://www.losmundialesdefutbol.com/partidos/2006_iran_angola.php
2006,República Checa,Italia,"1ra Ronda, Grupo E",E,https://www.losmundialesdefutbol.com/partidos/2006_republica_checa_italia.php
2006,Ghana,Estados Unidos,"1ra Ronda, Grupo E",E,https://www.losmundialesdefutbol.com/partidos/2006_ghana_estados_unidos.php
2006,Japón,Brasil,"1ra Ronda, Grupo F",F,https://www.losmundialesdefutbol.com/partidos/2006_japon_brasil.php
2006,Croacia,Australia,"1ra Ronda, Grupo F",F,https://www.losmundialesdefutbol.com/partidos/2006_croacia_australia.php
2006,Togo,Francia,"1ra Ronda, Grupo G",G,https://www.losmundialesdefutbol.com/partidos/2006_togo_francia.php
2006,Suiza,Corea del Sur,"1ra Ronda, Grupo G",G,https://www.losmundialesdefutbol.com/partidos/2006_suiza_corea_del_sur.php
2006,Arabia Saudita,España,"1ra Ronda, Grupo H",H,https://www.losmundialesdefutbol.com/partidos/2006_arabia_saudita_espana.php
2006,Ucrania,Túnez,"1ra Ronda, Grupo H",H,https://www.losmundialesdefutbol.com/partidos/2006_ucrania_tunez.php
2006,Alemania,Suecia,Octavos,,https://www.losmundialesdefutbol.com/partidos/2006_alemania_suecia.php
2006,Argentina,México,Octavos,,https://www.losmundialesdefutbol.com/partidos/2006_argentina_mexico.php
2006,Inglaterra,Ecuador,Octavos,,https://www.losmundialesdefutbol.com/partidos/2006_inglaterra_ecuador.php
2006,Portugal,Paises Bajos,Octavos,,https://www.losmundialesdefutbol.com/partidos/2006_portugal_holanda.php
2006,Italia,Australia,Octavos,,https://www.losmundialesdefutbol.com/partidos/2006_italia_australia.php
2006,Suiza,Ucrania,Octavos,,https://www.losmundialesdefutbol.com/partidos/2006_suiza_ucrania.php
2006,Brasil,Ghana,Octavos,,https://www.losmundialesdefutbol.com/partidos/2006_brasil_ghana.php
2006,España,Francia,Octavos,,https://www.losmundialesdefutbol.com/partidos/2006_espana_francia.php
2006,Alemania,Argentina,Cuartos,,https://www.losmundialesdefutbol.com/partidos/2006_alemania_argentina.php
2006,Italia,Ucrania,Cuartos,,https://www.losmundialesdefutbol.com/partidos/2006_italia_ucrania.php
2006,Inglaterra,Portugal,Cuartos,,https://www.losmundialesdefutbol.com/partidos/2006_inglaterra_portugal.php
2006,Brasil,Francia,Cuartos,,https://www.losmundialesdefutbol.com/partidos/2006_brasil_francia.php
2006,Alemania,Italia,Semis,,https://www.losmundialesdefutbol.com/partidos/2006_alemania_italia.php
2006,Portugal,Francia,Semis,,https://www.losmundialesdefutbol.com/partidos/2006_portugal_francia.php
2006,Alemania,Portugal,3er Puesto,,https://www.losmundialesdefutbol.com/partidos/2006_alemania_portugal.php
2006,Italia,Francia,Final,,https://www.losmundialesdefutbol.com/partidos/2006_italia_francia.php
2002,Francia,Senegal,"1ra Ronda, Grupo A",A,https://www.losmundialesdefutbol.com/partidos/2002_francia_senegal.php
2002,Irlanda,Camerún,"1ra Ronda, Grupo E",E,https://www.losmundialesdefutbol.com/partidos/2002_irlanda_camerun.php
2002,Uruguay,Dinamarca,"1ra Ronda, Grupo A",A,https://www.losmundialesdefutbol.com/partidos/2002_uruguay_dinamarca.php
2002,Alemania,Arabia Saudita,"1ra Ronda, Grupo E",E,https://www.losmundialesdefutbol.com/partidos/2002_alemania_arabia_saudita.php
2002,Inglaterra,Suecia,"1ra Ronda, Grupo F",F,https://www.losmundialesdefutbol.com/partidos/2002_inglaterra_suecia.php
2002,Paraguay,Sudáfrica,"1ra Ronda, Grupo B",B,https://www.losmundialesdefutbol.com/partidos/2002_paraguay_sudafrica.php
2002,Argentina,Nigeria,"1ra Ronda, Grupo F",F,https://www.losmundialesdefutbol.com/partidos/2002_argentina_nigeria.php
2002,España,Eslovenia,"1ra Ronda, Grupo B",B,https://www.losmundialesdefutbol.com/partidos/2002_espana_eslovenia.php
2002,Croacia,México,"1ra Ronda, Grupo G",G,https://www.losmundialesdefutbol.com/partidos/2002_croacia_mexico.php
2002,Brasil,Turquía,"1ra Ronda, Grupo C",C,https://www.losmundialesdefutbol.com/partidos/2002_brasil_turquia.php
2002,Italia,Ecuador,"1ra Ronda, Grupo G",G,https://www.losmundialesdefutbol.com/partidos/2002_italia_ecuador.php
2002,China,Costa Rica,"1ra Ronda, Grupo C",C,https://www.losmundialesdefutbol.com/partidos/2002_china_costa_rica.php
2002,Japón,Bélgica,"1ra Ronda, Grupo H",H,https://www.losmundialesdefutbol.com/partidos/2002_japon_belgica.php
2002,Corea del Sur,Polonia,"1ra Ronda, Grupo D",D,https://www.losmundialesdefutbol.com/partidos/2002_corea_del_sur_polonia.php
2002,Rusia,Túnez,"1ra Ronda, Grupo H",H,https://www.losmundialesdefutbol.com/partidos/2002_rusia_tunez.php
2002,Estados Unidos,Portugal,"1ra Ronda, Grupo D",D,https://www.losmundialesdefutbol.com/partidos/2002_estados_unidos_portugal.php
2002,Alemania,Irlanda,"1ra Ronda, Grupo E",E,https://www.losmundialesdefutbol.com/partidos/2002_alemania_irlanda.php
2002,Francia,Uruguay,"1ra Ronda, Grupo A",A,https://www.losmundialesdefutbol.com/partidos/2002_francia_uruguay.php
2002,Camerún,Arabia Saudita,"1ra Ronda, Grupo E",E,https://www.losmundialesdefutbol.com/partidos/2002_camerun_arabia_saudita.php
2002,Dinamarca,Senegal,"1ra Ronda, Grupo A",A,https://www.losmundialesdefutbol.com/partidos/2002_dinamarca_senegal.php
2002,Suecia,Nigeria,"1ra Ronda, Grupo F",F,https://www.losmundialesdefutbol.com/partidos/2002_suecia_nigeria.php
2002,España,Paraguay,"1ra Ronda, Grupo B",B,https://www.losmundialesdefutbol.com/partidos/2002_espana_paraguay.php
2002,Argentina,Inglaterra,"1ra Ronda, Grupo F",F,https://www.losmundialesdefutbol.com/partidos/2002_argentina_inglaterra.php
2002,Sudáfrica,Eslovenia,"1ra Ronda, Grupo B",B,https://www.losmundialesdefutbol.com/partidos/2002_sudafrica_eslovenia.php
2002,Italia,Croacia,"1ra Ronda, Grupo G",G,https://www.losmundialesdefutbol.com/partidos/2002_italia_croacia.php
2002,Brasil,China,"1ra Ronda, Grupo C",C,https://www.losmundialesdefutbol.com/partidos/2002_brasil_china.php
2002,México,Ecuador,"1ra Ronda, Grupo G",G,https://www.losmundialesdefutbol.com/partidos/2002_mexico_ecuador.php
2002,Costa Rica,Turquía,"1ra Ronda, Grupo C",C,https://www.losmundialesdefutbol.com/partidos/2002_costa_rica_turquia.php
2002,Japón,Rusia,"1ra Ronda, Grupo H",H,https://www.losmundialesdefutbol.com/partidos/2002_japon_rusia.php
2002,Corea del Sur,Estados Unidos,"1ra Ronda, Grupo D",D,https://www.losmundialesdefutbol.com/partidos/2002_corea_del_sur_estados_unidos.php
2002,Túnez,Bélgica,"1ra Ronda, Grupo H",H,https://www.losmundialesdefutbol.com/partidos/2002_tunez_belgica.php
2002,Portugal,Polonia,"1ra Ronda, Grupo D",D,https://www.losmundialesdefutbol.com/partidos/2002_portugal_polonia.php
2002,Dinamarca,Francia,"1ra Ronda, Grupo A",A,https://www.losmundialesdefutbol.com/partidos/2002_dinamarca_francia.php
2002,Senegal,Uruguay,"1ra Ronda, Grupo A",A,https://www.losmundialesdefutbol.com/partidos/2002_senegal_uruguay.php
2002,Camerún,Alemania,"1ra Ronda, Grupo E",E,https://www.losmundialesdefutbol.com/partidos/2002_camerun_alemania.php
2002,Arabia Saudita,Irlanda,"1ra Ronda, Grupo E",E,https://www.losmundialesdefutbol.com/partidos/2002_arabia_saudita_irlanda.php
2002,Suecia,Argentina,"1ra Ronda, Grupo F",F,https://www.losmundialesdefutbol.com/partidos/2002_suecia_argentina.php
2002,Nigeria,Inglaterra,"1ra Ronda, Grupo F",F,https://www.losmundialesdefutbol.com/partidos/2002_nigeria_inglaterra.php
2002,Sudáfrica,España,"1ra Ronda, Grupo B",B,https://www.losmundialesdefutbol.com/partidos/2002_sudafrica_espana.php
2002,Eslovenia,Paraguay,"1ra Ronda, Grupo B",B,https://www.losmundialesdefutbol.com/partidos/2002_eslovenia_paraguay.php
2002,Costa Rica,Brasil,"1ra Ronda, Grupo C",C,https://www.losmundialesdefutbol.com/partidos/2002_costa_rica_brasil.php
2002,Turquía,China,"1ra Ronda, Grupo C",C,https://www.losmundialesdefutbol.com/partidos/2002_turquia_china.php
2002,México,Italia,"1ra Ronda, Grupo G",G,https://www.losmundialesdefutbol.com/partidos/2002_mexico_italia.php
2002,Ecuador,Croacia,"1ra Ronda, Grupo G",G,https://www.losmundialesdefutbol.com/partidos/2002_ecuador_croacia.php
2002,Túnez,Japón,"1ra Ronda, Grupo H",H,https://www.losmundialesdefutbol.com/partidos/2002_tunez_japon.php
2002,Bélgica,Rusia,"1ra Ronda, Grupo H",H,https://www.losmundialesdefutbol.com/partidos/2002_belgica_rusia.php
2002,Portugal,Corea del Sur,"1ra Ronda, Grupo D",D,https://www.losmundialesdefutbol.com/partidos/2002_portugal_corea_del_sur.php
2002,Polonia,Estados Unidos,"1ra Ronda, Grupo D",D,https://www.losmundialesdefutbol.com/partidos/2002_polonia_estados_unidos.php
2002,Alemania,Paraguay,Octavos,,https://www.losmundialesdefutbol.com/partidos/2002_alemania_paraguay.php
2002,Dinamarca,Inglaterra,Octavos,,https://www.losmundialesdefutbol.com/partidos/2002_dinamarca_inglaterra.php
2002,Suecia,Senegal,Octavos,,https://www.losmundialesdefutbol.com/partidos/2002_suecia_senegal.php
2002,España,Irlanda,Octavos,,https://www.losmundialesdefutbol.com/partidos/2002_espana_irlanda.php
2002,México,Estados Unidos,Octavos,,https://www.losmundialesdefutbol.com/partidos/2002_mexico_estados_unidos.php
2002,Brasil,Bélgica,Octavos,,https://www.losmundialesdefutbol.com/partidos/2002_brasil_belgica.php
2002,Japón,Turquía,Octavos,,https://www.losmundialesdefutbol.com/partidos/2002_japon_turquia.php
2002,Corea del Sur,Italia,Octavos,,https://www.losmundialesdefutbol.com/partidos/2002_corea_del_sur_italia.php
2002,Inglaterra,Brasil,Cuartos,,https://www.losmundialesdefutbol.com/partidos/2002_inglaterra_brasil.php
2002,Alemania,Estados Unidos,Cuartos,,https://www.losmundialesdefutbol.com/partidos/2002_alemania_estados_unidos.php
2002,España,Corea del Sur,Cuartos,,https://www.losmundialesdefutbol.com/partidos/2002_espana_corea_del_sur.php
2002,Senegal,Turquía,Cuartos,,https://www.losmundialesdefutbol.com/partidos/2002_senegal_turquia.php
2002,Alemania,Corea del Sur,Semis,,https://www.losmundialesdefutbol.com/partidos/2002_alemania_corea_del_sur.php
2002,Brasil,Turquía,Semis,,https://www.losmundialesdefutbol.com/partidos/2002_brasil_turquia_2.php
2002,Corea del Sur,Turquía,3er Puesto,,https://www.losmundialesdefutbol.com/partidos/2002_corea_del_sur_turquia.php
2002,Alemania,Brasil,Final,,https://www.losmundialesdefutbol.com/partidos/2002_alemania_brasil.php
1998,Brasil,Escocia,"1ra Ronda, Grupo A",A,https://www.losmundialesdefutbol.com/partidos/1998_brasil_escocia.php
1998,Marruecos,Noruega,"1ra Ronda, Grupo A",A,https://www.losmundialesdefutbol.com/partidos/1998_marruecos_noruega.php
1998,Camerún,Austria,"1ra Ronda, Grupo B",B,https://www.losmundialesdefutbol.com/partidos/1998_camerun_austria.php
1998,Italia,Chile,"1ra Ronda, Grupo B",B,https://www.losmundialesdefutbol.com/partidos/1998_italia_chile.php
1998,Arabia Saudita,Dinamarca,"1ra Ronda, Grupo C",C,https://www.losmundialesdefutbol.com/partidos/1998_arabia_saudita_dinamarca.php
1998,Francia,Sudáfrica,"1ra Ronda, Grupo C",C,https://www.losmundialesdefutbol.com/partidos/1998_francia_sudafrica.php
1998,Paraguay,Bulgaria,"1ra Ronda, Grupo D",D,https://www.losmundialesdefutbol.com/partidos/1998_paraguay_bulgaria.php
1998,Paises Bajos,Bélgica,"1ra Ronda, Grupo E",E,https://www.losmundialesdefutbol.com/partidos/1998_holanda_belgica.php
1998,Corea del Sur,México,"1ra Ronda, Grupo E",E,https://www.losmundialesdefutbol.com/partidos/1998_corea_del_sur_mexico.php
1998,España,Nigeria,"1ra Ronda, Grupo D",D,https://www.losmundialesdefutbol.com/partidos/1998_espana_nigeria.php
1998,Jamaica,Croacia,"1ra Ronda, Grupo H",H,https://www.losmundialesdefutbol.com/partidos/1998_jamaica_croacia.php
1998,RF de Yugoslavia,Irán,"1ra Ronda, Grupo F",F,https://www.losmundialesdefutbol.com/partidos/1998_rf_de_yugoslavia_iran.php
1998,Argentina,Japón,"1ra Ronda, Grupo H",H,https://www.losmundialesdefutbol.com/partidos/1998_argentina_japon.php
1998,Alemania,Estados Unidos,"1ra Ronda, Grupo F",F,https://www.losmundialesdefutbol.com/partidos/1998_alemania_estados_unidos.php
1998,Rumania,Colombia,"1ra Ronda, Grupo G",G,https://www.losmundialesdefutbol.com/partidos/1998_rumania_colombia.php
1998,Inglaterra,Túnez,"1ra Ronda, Grupo G",G,https://www.losmundialesdefutbol.com/partidos/1998_inglaterra_tunez.php
1998,Escocia,Noruega,"1ra Ronda, Grupo A",A,https://www.losmundialesdefutbol.com/partidos/1998_escocia_noruega.php
1998,Brasil,Marruecos,"1ra Ronda, Grupo A",A,https://www.losmundialesdefutbol.com/partidos/1998_brasil_marruecos.php
1998,Chile,Austria,"1ra Ronda, Grupo B",B,https://www.losmundialesdefutbol.com/partidos/1998_chile_austria.php
1998,Italia,Camerún,"1ra Ronda, Grupo B",B,https://www.losmundialesdefutbol.com/partidos/1998_italia_camerun.php
1998,Francia,Arabia Saudita,"1ra Ronda, Grupo C",C,https://www.losmundialesdefutbol.com/partidos/1998_francia_arabia_saudita.php
1998,Sudáfrica,Dinamarca,"1ra Ronda, Grupo C",C,https://www.losmundialesdefutbol.com/partidos/1998_sudafrica_dinamarca.php
1998,Nigeria,Bulgaria,"1ra Ronda, Grupo D",D,https://www.losmundialesdefutbol.com/partidos/1998_nigeria_bulgaria.php
1998,España,Paraguay,"1ra Ronda, Grupo D",D,https://www.losmundialesdefutbol.com/partidos/1998_espana_paraguay.php
1998,Paises Bajos,Corea del Sur,"1ra Ronda, Grupo E",E,https://www.losmundialesdefutbol.com/partidos/1998_holanda_corea_del_sur.php
1998,Bélgica,México,"1ra Ronda, Grupo E",E,https://www.losmundialesdefutbol.com/partidos/1998_belgica_mexico.php
1998,Japón,Croacia,"1ra Ronda, Grupo H",H,https://www.losmundialesdefutbol.com/partidos/1998_japon_croacia.php
1998,Argentina,Jamaica,"1ra Ronda, Grupo H",H,https://www.losmundialesdefutbol.com/partidos/1998_argentina_jamaica.php
1998,Alemania,RF de Yugoslavia,"1ra Ronda, Grupo F",F,https://www.losmundialesdefutbol.com/partidos/1998_alemania_rf_de_yugoslavia.php
1998,Estados Unidos,Irán,"1ra Ronda, Grupo F",F,https://www.losmundialesdefutbol.com/partidos/1998_estados_unidos_iran.php
1998,Colombia,Túnez,"1ra Ronda, Grupo G",G,https://www.losmundialesdefutbol.com/partidos/1998_colombia_tunez.php
1998,Rumania,Inglaterra,"1ra Ronda, Grupo G",G,https://www.losmundialesdefutbol.com/partidos/1998_rumania_inglaterra.php
1998,Italia,Austria,"1ra Ronda, Grupo B",B,https://www.losmundialesdefutbol.com/partidos/1998_italia_austria.php
1998,Escocia,Marruecos,"1ra Ronda, Grupo A",A,https://www.losmundialesdefutbol.com/partidos/1998_escocia_marruecos.php
1998,Brasil,Noruega,"1ra Ronda, Grupo A",A,https://www.losmundialesdefutbol.com/partidos/1998_brasil_noruega.php
1998,Chile,Camerún,"1ra Ronda, Grupo B",B,https://www.losmundialesdefutbol.com/partidos/1998_chile_camerun.php
1998,España,Bulgaria,"1ra Ronda, Grupo D",D,https://www.losmundialesdefutbol.com/partidos/1998_espana_bulgaria.php
1998,Francia,Dinamarca,"1ra Ronda, Grupo C",C,https://www.losmundialesdefutbol.com/partidos/1998_francia_dinamarca.php
1998,Nigeria,Paraguay,"1ra Ronda, Grupo D",D,https://www.losmundialesdefutbol.com/partidos/1998_nigeria_paraguay.php
1998,Sudáfrica,Arabia Saudita,"1ra Ronda, Grupo C",C,https://www.losmundialesdefutbol.com/partidos/1998_sudafrica_arabia_saudita.php
1998,Bélgica,Corea del Sur,"1ra Ronda, Grupo E",E,https://www.losmundialesdefutbol.com/partidos/1998_belgica_corea_del_sur.php
1998,Paises Bajos,México,"1ra Ronda, Grupo E",E,https://www.losmundialesdefutbol.com/partidos/1998_holanda_mexico.php
1998,Alemania,Irán,"1ra Ronda, Grupo F",F,https://www.losmundialesdefutbol.com/partidos/1998_alemania_iran.php
1998,Estados Unidos,RF de Yugoslavia,"1ra Ronda, Grupo F",F,https://www.losmundialesdefutbol.com/partidos/1998_estados_unidos_rf_de_yugoslavia.php
1998,Rumania,Túnez,"1ra Ronda, Grupo G",G,https://www.losmundialesdefutbol.com/partidos/1998_rumania_tunez.php
1998,Colombia,Inglaterra,"1ra Ronda, Grupo G",G,https://www.losmundialesdefutbol.com/partidos/1998_colombia_inglaterra.php
1998,Japón,Jamaica,"1ra Ronda, Grupo H",H,https://www.losmundialesdefutbol.com/partidos/1998_japon_jamaica.php
1998,Argentina,Croacia,"1ra Ronda, Grupo H",H,https://www.losmundialesdefutbol.com/partidos/1998_argentina_croacia.php
1998,Brasil,Chile,Octavos,,https://www.losmundialesdefutbol.com/partidos/1998_brasil_chile.php
1998,Italia,Noruega,Octavos,,https://www.losmundialesdefutbol.com/partidos/1998_italia_noruega.php
1998,Nigeria,Dinamarca,Octavos,,https://www.losmundialesdefutbol.com/partidos/1998_nigeria_dinamarca.php
1998,Francia,Paraguay,Octavos,,https://www.losmundialesdefutbol.com/partidos/1998_francia_paraguay.php
1998,Alemania,México,Octavos,,https://www.losmundialesdefutbol.com/partidos/1998_alemania_mexico.php
1998,Paises Bajos,RF de Yugoslavia,Octavos,,https://www.losmundialesdefutbol.com/partidos/1998_holanda_rf_de_yugoslavia.php
1998,Argentina,Inglaterra,Octavos,,https://www.losmundialesdefutbol.com/partidos/1998_argentina_inglaterra.php
1998,Rumania,Croacia,Octavos,,https://www.losmundialesdefutbol.com/partidos/1998_rumania_croacia.php
1998,Italia,Francia,Cuartos,,https://www.losmundialesdefutbol.com/partidos/1998_italia_francia.php
1998,Brasil,Dinamarca,Cuartos,,https://www.losmundialesdefutbol.com/partidos/1998_brasil_dinamarca.php
1998,Alemania,Croacia,Cuartos,,https://www.losmundialesdefutbol.com/partidos/1998_alemania_croacia.php
1998,Paises Bajos,Argentina,Cuartos,,https://www.losmundialesdefutbol.com/partidos/1998_holanda_argentina.php
1998,Brasil,Paises Bajos,Semis,,https://www.losmundialesdefutbol.com/partidos/1998_brasil_holanda.php
1998,Francia,Croacia,Semis,,https://www.losmundialesdefutbol.com/partidos/1998_francia_croacia.php
1998,Paises Bajos,Croacia,3er Puesto,,https://www.losmundialesdefutbol.com/partidos/1998_holanda_croacia.php
1998,Brasil,Francia,Final,,https://www.losmundialesdefutbol.com/partidos/1998_brasil_francia.php
1994,Alemania,Bolivia,"1ra Ronda, Grupo C",C,https://www.losmundialesdefutbol.com/partidos/1994_alemania_bolivia.php
1994,España,Corea del Sur,"1ra Ronda, Grupo C",C,https://www.losmundialesdefutbol.com/partidos/1994_espana_corea_del_sur.php
1994,Estados Unidos,Suiza,"1ra Ronda, Grupo A",A,https://www.losmundialesdefutbol.com/partidos/1994_estados_unidos_suiza.php
1994,Italia,Irlanda,"1ra Ronda, Grupo E",E,https://www.losmundialesdefutbol.com/partidos/1994_italia_irlanda.php
1994,Colombia,Rumania,"1ra Ronda, Grupo A",A,https://www.losmundialesdefutbol.com/partidos/1994_colombia_rumania.php
1994,Bélgica,Marruecos,"1ra Ronda, Grupo F",F,https://www.losmundialesdefutbol.com/partidos/1994_belgica_marruecos.php
1994,Noruega,México,"1ra Ronda, Grupo E",E,https://www.losmundialesdefutbol.com/partidos/1994_noruega_mexico.php
1994,Camerún,Suecia,"1ra Ronda, Grupo B",B,https://www.losmundialesdefutbol.com/partidos/1994_camerun_suecia.php
1994,Brasil,Rusia,"1ra Ronda, Grupo B",B,https://www.losmundialesdefutbol.com/partidos/1994_brasil_rusia.php
1994,Paises Bajos,Arabia Saudita,"1ra Ronda, Grupo F",F,https://www.losmundialesdefutbol.com/partidos/1994_holanda_arabia_saudita.php
1994,Argentina,Grecia,"1ra Ronda, Grupo D",D,https://www.losmundialesdefutbol.com/partidos/1994_argentina_grecia.php
1994,Alemania,España,"1ra Ronda, Grupo C",C,https://www.losmundialesdefutbol.com/partidos/1994_alemania_espana.php
1994,Nigeria,Bulgaria,"1ra Ronda, Grupo D",D,https://www.losmundialesdefutbol.com/partidos/1994_nigeria_bulgaria.php
1994,Rumania,Suiza,"1ra Ronda, Grupo A",A,https://www.losmundialesdefutbol.com/partidos/1994_rumania_suiza.php
1994,Estados Unidos,Colombia,"1ra Ronda, Grupo A",A,https://www.losmundialesdefutbol.com/partidos/1994_estados_unidos_colombia.php
1994,Italia,Noruega,"1ra Ronda, Grupo E",E,https://www.losmundialesdefutbol.com/partidos/1994_italia_noruega.php
1994,Corea del Sur,Bolivia,"1ra Ronda, Grupo C",C,https://www.losmundialesdefutbol.com/partidos/1994_corea_del_sur_bolivia.php
1994,México,Irlanda,"1ra Ronda, Grupo E",E,https://www.losmundialesdefutbol.com/partidos/1994_mexico_irlanda.php
1994,Brasil,Camerún,"1ra Ronda, Grupo B",B,https://www.losmundialesdefutbol.com/partidos/1994_brasil_camerun.php
1994,Suecia,Rusia,"1ra Ronda, Grupo B",B,https://www.losmundialesdefutbol.com/partidos/1994_suecia_rusia.php
1994,Bélgica,Paises Bajos,"1ra Ronda, Grupo F",F,https://www.losmundialesdefutbol.com/partidos/1994_belgica_holanda.php
1994,Arabia Saudita,Marruecos,"1ra Ronda, Grupo F",F,https://www.losmundialesdefutbol.com/partidos/1994_arabia_saudita_marruecos.php
1994,Argentina,Nigeria,"1ra Ronda, Grupo D",D,https://www.losmundialesdefutbol.com/partidos/1994_argentina_nigeria.php
1994,Bulgaria,Grecia,"1ra Ronda, Grupo D",D,https://www.losmundialesdefutbol.com/partidos/1994_bulgaria_grecia.php
1994,Estados Unidos,Rumania,"1ra Ronda, Grupo A",A,https://www.losmundialesdefutbol.com/partidos/1994_estados_unidos_rumania.php
1994,Suiza,Colombia,"1ra Ronda, Grupo A",A,https://www.losmundialesdefutbol.com/partidos/1994_suiza_colombia.php
1994,Bolivia,España,"1ra Ronda, Grupo C",C,https://www.losmundialesdefutbol.com/partidos/1994_bolivia_espana.php
1994,Alemania,Corea del Sur,"1ra Ronda, Grupo C",C,https://www.losmundialesdefutbol.com/partidos/1994_alemania_corea_del_sur.php
1994,Irlanda,Noruega,"1ra Ronda, Grupo E",E,https://www.losmundialesdefutbol.com/partidos/1994_irlanda_noruega.php
1994,Italia,México,"1ra Ronda, Grupo E",E,https://www.losmundialesdefutbol.com/partidos/1994_italia_mexico.php
1994,Rusia,Camerún,"1ra Ronda, Grupo B",B,https://www.losmundialesdefutbol.com/partidos/1994_rusia_camerun.php
1994,Brasil,Suecia,"1ra Ronda, Grupo B",B,https://www.losmundialesdefutbol.com/partidos/1994_brasil_suecia.php
1994,Marruecos,Paises Bajos,"1ra Ronda, Grupo F",F,https://www.losmundialesdefutbol.com/partidos/1994_marruecos_holanda.php
1994,Bélgica,Arabia Saudita,"1ra Ronda, Grupo F",F,https://www.losmundialesdefutbol.com/partidos/1994_belgica_arabia_saudita.php
1994,Grecia,Nigeria,"1ra Ronda, Grupo D",D,https://www.losmundialesdefutbol.com/partidos/1994_grecia_nigeria.php
1994,Argentina,Bulgaria,"1ra Ronda, Grupo D",D,https://www.losmundialesdefutbol.com/partidos/1994_argentina_bulgaria.php
1994,Alemania,Bélgica,Octavos,,https://www.losmundialesdefutbol.com/partidos/1994_alemania_belgica.php
1994,España,Suiza,Octavos,,https://www.losmundialesdefutbol.com/partidos/1994_espana_suiza.php
1994,Arabia Saudita,Suecia,Octavos,,https://www.losmundialesdefutbol.com/partidos/1994_arabia_saudita_suecia.php
1994,Rumania,Argentina,Octavos,,https://www.losmundialesdefutbol.com/partidos/1994_rumania_argentina.php
1994,Paises Bajos,Irlanda,Octavos,,https://www.losmundialesdefutbol.com/partidos/1994_holanda_irlanda.php
1994,Brasil,Estados Unidos,Octavos,,https://www.losmundialesdefutbol.com/partidos/1994_brasil_estados_unidos.php
1994,Nigeria,Italia,Octavos,,https://www.losmundialesdefutbol.com/partidos/1994_nigeria_italia.php
1994,México,Bulgaria,Octavos,,https://www.losmundialesdefutbol.com/partidos/1994_mexico_bulgaria.php
1994,Italia,España,Cuartos,,https://www.losmundialesdefutbol.com/partidos/1994_italia_espana.php
1994,Paises Bajos,Brasil,Cuartos,,https://www.losmundialesdefutbol.com/partidos/1994_holanda_brasil.php
1994,Bulgaria,Alemania,Cuartos,,https://www.losmundialesdefutbol.com/partidos/1994_bulgaria_alemania.php
1994,Rumania,Suecia,Cuartos,,https://www.losmundialesdefutbol.com/partidos/1994_rumania_suecia.php
1994,Bulgaria,Italia,Semis,,https://www.losmundialesdefutbol.com/partidos/1994_bulgaria_italia.php
1994,Suecia,Brasil,Semis,,https://www.losmundialesdefutbol.com/partidos/1994_suecia_brasil.php
1994,Suecia,Bulgaria,3er Puesto,,https://www.losmundialesdefutbol.com/partidos/1994_suecia_bulgaria.php
1994,Brasil,Italia,Final,,https://www.losmundialesdefutbol.com/partidos/1994_brasil_italia.php
1990,Argentina,Camerún,"1ra Ronda, Grupo B",B,https://www.losmundialesdefutbol.com/partidos/1990_argentina_camerun.php
1990,URSS,Rumania,"1ra Ronda, Grupo B",B,https://www.losmundialesdefutbol.com/partidos/1990_urss_rumania.php
1990,Italia,Austria,"1ra Ronda, Grupo A",A,https://www.losmundialesdefutbol.com/partidos/1990_italia_austria.php
1990,Emiratos Arabes,Colombia,"1ra Ronda, Grupo D",D,https://www.losmundialesdefutbol.com/partidos/1990_emiratos_arabes_colombia.php
1990,Estados Unidos,Checoslovaquia,"1ra Ronda, Grupo A",A,https://www.losmundialesdefutbol.com/partidos/1990_estados_unidos_checoslovaquia.php
1990,Brasil,Suecia,"1ra Ronda, Grupo C",C,https://www.losmundialesdefutbol.com/partidos/1990_brasil_suecia.php
1990,Alemania Occidental,Yugoslavia,"1ra Ronda, Grupo D",D,https://www.losmundialesdefutbol.com/partidos/1990_alemania_occidental_yugoslavia.php
1990,Costa Rica,Escocia,"1ra Ronda, Grupo C",C,https://www.losmundialesdefutbol.com/partidos/1990_costa_rica_escocia.php
1990,Inglaterra,Irlanda,"1ra Ronda, Grupo F",F,https://www.losmundialesdefutbol.com/partidos/1990_inglaterra_irlanda.php
1990,Bélgica,Corea del Sur,"1ra Ronda, Grupo E",E,https://www.losmundialesdefutbol.com/partidos/1990_belgica_corea_del_sur.php
1990,Paises Bajos,Egipto,"1ra Ronda, Grupo F",F,https://www.losmundialesdefutbol.com/partidos/1990_holanda_egipto.php
1990,Uruguay,España,"1ra Ronda, Grupo E",E,https://www.losmundialesdefutbol.com/partidos/1990_uruguay_espana.php
1990,Argentina,URSS,"1ra Ronda, Grupo B",B,https://www.losmundialesdefutbol.com/partidos/1990_argentina_urss.php
1990,Yugoslavia,Colombia,"1ra Ronda, Grupo D",D,https://www.losmundialesdefutbol.com/partidos/1990_yugoslavia_colombia.php
1990,Italia,Estados Unidos,"1ra Ronda, Grupo A",A,https://www.losmundialesdefutbol.com/partidos/1990_italia_estados_unidos.php
1990,Camerún,Rumania,"1ra Ronda, Grupo B",B,https://www.losmundialesdefutbol.com/partidos/1990_camerun_rumania.php
1990,Austria,Checoslovaquia,"1ra Ronda, Grupo A",A,https://www.losmundialesdefutbol.com/partidos/1990_austria_checoslovaquia.php
1990,Alemania Occidental,Emiratos Arabes,"1ra Ronda, Grupo D",D,https://www.losmundialesdefutbol.com/partidos/1990_alemania_occidental_emiratos_arabes.php
1990,Brasil,Costa Rica,"1ra Ronda, Grupo C",C,https://www.losmundialesdefutbol.com/partidos/1990_brasil_costa_rica.php
1990,Suecia,Escocia,"1ra Ronda, Grupo C",C,https://www.losmundialesdefutbol.com/partidos/1990_suecia_escocia.php
1990,Inglaterra,Paises Bajos,"1ra Ronda, Grupo F",F,https://www.losmundialesdefutbol.com/partidos/1990_inglaterra_holanda.php
1990,Irlanda,Egipto,"1ra Ronda, Grupo F",F,https://www.losmundialesdefutbol.com/partidos/1990_irlanda_egipto.php
1990,Bélgica,Uruguay,"1ra Ronda, Grupo E",E,https://www.losmundialesdefutbol.com/partidos/1990_belgica_uruguay.php
1990,Corea del Sur,España,"1ra Ronda, Grupo E",E,https://www.losmundialesdefutbol.com/partidos/1990_corea_del_sur_espana.php
1990,Argentina,Rumania,"1ra Ronda, Grupo B",B,https://www.losmundialesdefutbol.com/partidos/1990_argentina_rumania.php
1990,Camerún,URSS,"1ra Ronda, Grupo B",B,https://www.losmundialesdefutbol.com/partidos/1990_camerun_urss.php
1990,Alemania Occidental,Colombia,"1ra Ronda, Grupo D",D,https://www.losmundialesdefutbol.com/partidos/1990_alemania_occidental_colombia.php
1990,Yugoslavia,Emiratos Arabes,"1ra Ronda, Grupo D",D,https://www.losmundialesdefutbol.com/partidos/1990_yugoslavia_emiratos_arabes.php
1990,Italia,Checoslovaquia,"1ra Ronda, Grupo A",A,https://www.losmundialesdefutbol.com/partidos/1990_italia_checoslovaquia.php
1990,Austria,Estados Unidos,"1ra Ronda, Grupo A",A,https://www.losmundialesdefutbol.com/partidos/1990_austria_estados_unidos.php
1990,Brasil,Escocia,"1ra Ronda, Grupo C",C,https://www.losmundialesdefutbol.com/partidos/1990_brasil_escocia.php
1990,Suecia,Costa Rica,"1ra Ronda, Grupo C",C,https://www.losmundialesdefutbol.com/partidos/1990_suecia_costa_rica.php
1990,Bélgica,España,"1ra Ronda, Grupo E",E,https://www.losmundialesdefutbol.com/partidos/1990_belgica_espana.php
1990,Corea del Sur,Uruguay,"1ra Ronda, Grupo E",E,https://www.losmundialesdefutbol.com/partidos/1990_corea_del_sur_uruguay.php
1990,Inglaterra,Egipto,"1ra Ronda, Grupo F",F,https://www.losmundialesdefutbol.com/partidos/1990_inglaterra_egipto.php
1990,Irlanda,Paises Bajos,"1ra Ronda, Grupo F",F,https://www.losmundialesdefutbol.com/partidos/1990_irlanda_holanda.php
1990,Camerún,Colombia,Octavos,,https://www.losmundialesdefutbol.com/partidos/1990_camerun_colombia.php
1990,Checoslovaquia,Costa Rica,Octavos,,https://www.losmundialesdefutbol.com/partidos/1990_checoslovaquia_costa_rica.php
1990,Brasil,Argentina,Octavos,,https://www.losmundialesdefutbol.com/partidos/1990_brasil_argentina.php
1990,Alemania Occidental,Paises Bajos,Octavos,,https://www.losmundialesdefutbol.com/partidos/1990_alemania_occidental_holanda.php
1990,Irlanda,Rumania,Octavos,,https://www.losmundialesdefutbol.com/partidos/1990_irlanda_rumania.php
1990,Italia,Uruguay,Octavos,,https://www.losmundialesdefutbol.com/partidos/1990_italia_uruguay.php
1990,España,Yugoslavia,Octavos,,https://www.losmundialesdefutbol.com/partidos/1990_espana_yugoslavia.php
1990,Inglaterra,Bélgica,Octavos,,https://www.losmundialesdefutbol.com/partidos/1990_inglaterra_belgica.php
1990,Argentina,Yugoslavia,Cuartos,,https://www.losmundialesdefutbol.com/partidos/1990_argentina_yugoslavia.php
1990,Italia,Irlanda,Cuartos,,https://www.losmundialesdefutbol.com/partidos/1990_italia_irlanda.php
1990,Alemania Occidental,Checoslovaquia,Cuartos,,https://www.losmundialesdefutbol.com/partidos/1990_alemania_occidental_checoslovaquia.php
1990,Camerún,Inglaterra,Cuartos,,https://www.losmundialesdefutbol.com/partidos/1990_camerun_inglaterra.php
1990,Italia,Argentina,Semis,,https://www.losmundialesdefutbol.com/partidos/1990_italia_argentina.php
1990,Inglaterra,Alemania Occidental,Semis,,https://www.losmundialesdefutbol.com/partidos/1990_inglaterra_alemania_occidental.php
1990,Italia,Inglaterra,3er Puesto,,https://www.losmundialesdefutbol.com/partidos/1990_italia_inglaterra.php
1990,Argentina,Alemania Occidental,Final,,https://www.losmundialesdefutbol.com/partidos/1990_argentina_alemania_occidental.php
1986,Bulgaria,Italia,"1ra Ronda, Grupo A",A,https://www.losmundialesdefutbol.com/partidos/1986_bulgaria_italia.php
1986,España,Brasil,"1ra Ronda, Grupo D",D,https://www.losmundialesdefutbol.com/partidos/1986_espana_brasil.php
1986,Canadá,Francia,"1ra Ronda, Grupo C",C,https://www.losmundialesdefutbol.com/partidos/1986_canada_francia.php
1986,Argentina,Corea del Sur,"1ra Ronda, Grupo A",A,https://www.losmundialesdefutbol.com/partidos/1986_argentina_corea_del_sur.php
1986,URSS,Hungría,"1ra Ronda, Grupo C",C,https://www.losmundialesdefutbol.com/partidos/1986_urss_hungria.php
1986,Marruecos,Polonia,"1ra Ronda, Grupo F",F,https://www.losmundialesdefutbol.com/partidos/1986_marruecos_polonia.php
1986,Bélgica,México,"1ra Ronda, Grupo B",B,https://www.losmundialesdefutbol.com/partidos/1986_belgica_mexico.php
1986,Portugal,Inglaterra,"1ra Ronda, Grupo F",F,https://www.losmundialesdefutbol.com/partidos/1986_portugal_inglaterra.php
1986,Argelia,Irlanda del Norte,"1ra Ronda, Grupo D",D,https://www.losmundialesdefutbol.com/partidos/1986_argelia_irlanda_del_norte.php
1986,Escocia,Dinamarca,"1ra Ronda, Grupo E",E,https://www.losmundialesdefutbol.com/partidos/1986_escocia_dinamarca.php
1986,Uruguay,Alemania Occidental,"1ra Ronda, Grupo E",E,https://www.losmundialesdefutbol.com/partidos/1986_uruguay_alemania_occidental.php
1986,Paraguay,Iraq,"1ra Ronda, Grupo B",B,https://www.losmundialesdefutbol.com/partidos/1986_paraguay_iraq.php
1986,Francia,URSS,"1ra Ronda, Grupo C",C,https://www.losmundialesdefutbol.com/partidos/1986_francia_urss.php
1986,Corea del Sur,Bulgaria,"1ra Ronda, Grupo A",A,https://www.losmundialesdefutbol.com/partidos/1986_corea_del_sur_bulgaria.php
1986,Italia,Argentina,"1ra Ronda, Grupo A",A,https://www.losmundialesdefutbol.com/partidos/1986_italia_argentina.php
1986,Hungría,Canadá,"1ra Ronda, Grupo C",C,https://www.losmundialesdefutbol.com/partidos/1986_hungria_canada.php
1986,Brasil,Argelia,"1ra Ronda, Grupo D",D,https://www.losmundialesdefutbol.com/partidos/1986_brasil_argelia.php
1986,Inglaterra,Marruecos,"1ra Ronda, Grupo F",F,https://www.losmundialesdefutbol.com/partidos/1986_inglaterra_marruecos.php
1986,México,Paraguay,"1ra Ronda, Grupo B",B,https://www.losmundialesdefutbol.com/partidos/1986_mexico_paraguay.php
1986,Polonia,Portugal,"1ra Ronda, Grupo F",F,https://www.losmundialesdefutbol.com/partidos/1986_polonia_portugal.php
1986,Irlanda del Norte,España,"1ra Ronda, Grupo D",D,https://www.losmundialesdefutbol.com/partidos/1986_irlanda_del_norte_espana.php
1986,Iraq,Bélgica,"1ra Ronda, Grupo B",B,https://www.losmundialesdefutbol.com/partidos/1986_iraq_belgica.php
1986,Alemania Occidental,Escocia,"1ra Ronda, Grupo E",E,https://www.losmundialesdefutbol.com/partidos/1986_alemania_occidental_escocia.php
1986,Dinamarca,Uruguay,"1ra Ronda, Grupo E",E,https://www.losmundialesdefutbol.com/partidos/1986_dinamarca_uruguay.php
1986,URSS,Canadá,"1ra Ronda, Grupo C",C,https://www.losmundialesdefutbol.com/partidos/1986_urss_canada.php
1986,Hungría,Francia,"1ra Ronda, Grupo C",C,https://www.losmundialesdefutbol.com/partidos/1986_hungria_francia.php
1986,Corea del Sur,Italia,"1ra Ronda, Grupo A",A,https://www.losmundialesdefutbol.com/partidos/1986_corea_del_sur_italia.php
1986,Argentina,Bulgaria,"1ra Ronda, Grupo A",A,https://www.losmundialesdefutbol.com/partidos/1986_argentina_bulgaria.php
1986,Paraguay,Bélgica,"1ra Ronda, Grupo B",B,https://www.losmundialesdefutbol.com/partidos/1986_paraguay_belgica.php
1986,Inglaterra,Polonia,"1ra Ronda, Grupo F",F,https://www.losmundialesdefutbol.com/partidos/1986_inglaterra_polonia.php
1986,Portugal,Marruecos,"1ra Ronda, Grupo F",F,https://www.losmundialesdefutbol.com/partidos/1986_portugal_marruecos.php
1986,Iraq,México,"1ra Ronda, Grupo B",B,https://www.losmundialesdefutbol.com/partidos/1986_iraq_mexico.php
1986,Irlanda del Norte,Brasil,"1ra Ronda, Grupo D",D,https://www.losmundialesdefutbol.com/partidos/1986_irlanda_del_norte_brasil.php
1986,Argelia,España,"1ra Ronda, Grupo D",D,https://www.losmundialesdefutbol.com/partidos/1986_argelia_espana.php
1986,Dinamarca,Alemania Occidental,"1ra Ronda, Grupo E",E,https://www.losmundialesdefutbol.com/partidos/1986_dinamarca_alemania_occidental.php
1986,Escocia,Uruguay,"1ra Ronda, Grupo E",E,https://www.losmundialesdefutbol.com/partidos/1986_escocia_uruguay.php
1986,URSS,Bélgica,Octavos,,https://www.losmundialesdefutbol.com/partidos/1986_urss_belgica.php
1986,México,Bulgaria,Octavos,,https://www.losmundialesdefutbol.com/partidos/1986_mexico_bulgaria.php
1986,Brasil,Polonia,Octavos,,https://www.losmundialesdefutbol.com/partidos/1986_brasil_polonia.php
1986,Argentina,Uruguay,Octavos,,https://www.losmundialesdefutbol.com/partidos/1986_argentina_uruguay.php
1986,Marruecos,Alemania Occidental,Octavos,,https://www.losmundialesdefutbol.com/partidos/1986_marruecos_alemania_occidental.php
1986,Italia,Francia,Octavos,,https://www.losmundialesdefutbol.com/partidos/1986_italia_francia.php
1986,Dinamarca,España,Octavos,,https://www.losmundialesdefutbol.com/partidos/1986_dinamarca_espana.php
1986,Inglaterra,Paraguay,Octavos,,https://www.losmundialesdefutbol.com/partidos/1986_inglaterra_paraguay.php
1986,México,Alemania Occidental,Cuartos,,https://www.losmundialesdefutbol.com/partidos/1986_mexico_alemania_occidental.php
1986,Brasil,Francia,Cuartos,,https://www.losmundialesdefutbol.com/partidos/1986_brasil_francia.php
1986,Bélgica,España,Cuartos,,https://www.losmundialesdefutbol.com/partidos/1986_belgica_espana.php
1986,Argentina,Inglaterra,Cuartos,,https://www.losmundialesdefutbol.com/partidos/1986_argentina_inglaterra.php
1986,Argentina,Bélgica,Semis,,https://www.losmundialesdefutbol.com/partidos/1986_argentina_belgica.php
1986,Alemania Occidental,Francia,Semis,,https://www.losmundialesdefutbol.com/partidos/1986_alemania_occidental_francia.php
1986,Bélgica,Francia,3er Puesto,,https://www.losmundialesdefutbol.com/partidos/1986_belgica_francia.php
1986,Argentina,Alemania Occidental,Final,,https://www.losmundialesdefutbol.com/partidos/1986_argentina_alemania_occidental.php
1982,Argentina,Bélgica,"1ra Ronda, Grupo C",C,https://www.losmundialesdefutbol.com/partidos/1982_argentina_belgica.php
1982,Brasil,URSS,"1ra Ronda, Grupo F",F,https://www.losmundialesdefutbol.com/partidos/1982_brasil_urss.php
1982,Italia,Polonia,"1ra Ronda, Grupo A",A,https://www.losmundialesdefutbol.com/partidos/1982_italia_polonia.php
1982,Perú,Camerún,"1ra Ronda, Grupo A",A,https://www.losmundialesdefutbol.com/partidos/1982_peru_camerun.php
1982,Escocia,Nueva Zelanda,"1ra Ronda, Grupo F",F,https://www.losmundialesdefutbol.com/partidos/1982_escocia_nueva_zelanda.php
1982,Hungría,El Salvador,"1ra Ronda, Grupo C",C,https://www.losmundialesdefutbol.com/partidos/1982_hungria_el_salvador.php
1982,Alemania Occidental,Argelia,"1ra Ronda, Grupo B",B,https://www.losmundialesdefutbol.com/partidos/1982_alemania_occidental_argelia.php
1982,España,Honduras,"1ra Ronda, Grupo E",E,https://www.losmundialesdefutbol.com/partidos/1982_espana_honduras.php
1982,Inglaterra,Francia,"1ra Ronda, Grupo D",D,https://www.losmundialesdefutbol.com/partidos/1982_inglaterra_francia.php
1982,Checoslovaquia,Kuwait,"1ra Ronda, Grupo D",D,https://www.losmundialesdefutbol.com/partidos/1982_checoslovaquia_kuwait.php
1982,Yugoslavia,Irlanda del Norte,"1ra Ronda, Grupo E",E,https://www.losmundialesdefutbol.com/partidos/1982_yugoslavia_irlanda_del_norte.php
1982,Chile,Austria,"1ra Ronda, Grupo B",B,https://www.losmundialesdefutbol.com/partidos/1982_chile_austria.php
1982,Argentina,Hungría,"1ra Ronda, Grupo C",C,https://www.losmundialesdefutbol.com/partidos/1982_argentina_hungria.php
1982,Italia,Perú,"1ra Ronda, Grupo A",A,https://www.losmundialesdefutbol.com/partidos/1982_italia_peru.php
1982,Brasil,Escocia,"1ra Ronda, Grupo F",F,https://www.losmundialesdefutbol.com/partidos/1982_brasil_escocia.php
1982,Polonia,Camerún,"1ra Ronda, Grupo A",A,https://www.losmundialesdefutbol.com/partidos/1982_polonia_camerun.php
1982,Bélgica,El Salvador,"1ra Ronda, Grupo C",C,https://www.losmundialesdefutbol.com/partidos/1982_belgica_el_salvador.php
1982,URSS,Nueva Zelanda,"1ra Ronda, Grupo F",F,https://www.losmundialesdefutbol.com/partidos/1982_urss_nueva_zelanda.php
1982,España,Yugoslavia,"1ra Ronda, Grupo E",E,https://www.losmundialesdefutbol.com/partidos/1982_espana_yugoslavia.php
1982,Inglaterra,Checoslovaquia,"1ra Ronda, Grupo D",D,https://www.losmundialesdefutbol.com/partidos/1982_inglaterra_checoslovaquia.php
1982,Alemania Occidental,Chile,"1ra Ronda, Grupo B",B,https://www.losmundialesdefutbol.com/partidos/1982_alemania_occidental_chile.php
1982,Honduras,Irlanda del Norte,"1ra Ronda, Grupo E",E,https://www.losmundialesdefutbol.com/partidos/1982_honduras_irlanda_del_norte.php
1982,Francia,Kuwait,"1ra Ronda, Grupo D",D,https://www.losmundialesdefutbol.com/partidos/1982_francia_kuwait.php
1982,Argelia,Austria,"1ra Ronda, Grupo B",B,https://www.losmundialesdefutbol.com/partidos/1982_argelia_austria.php
1982,URSS,Escocia,"1ra Ronda, Grupo F",F,https://www.losmundialesdefutbol.com/partidos/1982_urss_escocia.php
1982,Bélgica,Hungría,"1ra Ronda, Grupo C",C,https://www.losmundialesdefutbol.com/partidos/1982_belgica_hungria.php
1982,Polonia,Perú,"1ra Ronda, Grupo A",A,https://www.losmundialesdefutbol.com/partidos/1982_polonia_peru.php
1982,Italia,Camerún,"1ra Ronda, Grupo A",A,https://www.losmundialesdefutbol.com/partidos/1982_italia_camerun.php
1982,Argentina,El Salvador,"1ra Ronda, Grupo C",C,https://www.losmundialesdefutbol.com/partidos/1982_argentina_el_salvador.php
1982,Brasil,Nueva Zelanda,"1ra Ronda, Grupo F",F,https://www.losmundialesdefutbol.com/partidos/1982_brasil_nueva_zelanda.php
1982,Honduras,Yugoslavia,"1ra Ronda, Grupo E",E,https://www.losmundialesdefutbol.com/partidos/1982_honduras_yugoslavia.php
1982,Francia,Checoslovaquia,"1ra Ronda, Grupo D",D,https://www.losmundialesdefutbol.com/partidos/1982_francia_checoslovaquia.php
1982,Argelia,Chile,"1ra Ronda, Grupo B",B,https://www.losmundialesdefutbol.com/partidos/1982_argelia_chile.php
1982,Irlanda del Norte,España,"1ra Ronda, Grupo E",E,https://www.losmundialesdefutbol.com/partidos/1982_irlanda_del_norte_espana.php
1982,Alemania Occidental,Austria,"1ra Ronda, Grupo B",B,https://www.losmundialesdefutbol.com/partidos/1982_alemania_occidental_austria.php
1982,Inglaterra,Kuwait,"1ra Ronda, Grupo D",D,https://www.losmundialesdefutbol.com/partidos/1982_inglaterra_kuwait.php
1982,Austria,Francia,"2da Ronda, Grupo 4",4,https://www.losmundialesdefutbol.com/partidos/1982_austria_francia.php
1982,Polonia,Bélgica,"2da Ronda, Grupo 1",1,https://www.losmundialesdefutbol.com/partidos/1982_polonia_belgica.php
1982,Alemania Occidental,Inglaterra,"2da Ronda, Grupo 2",2,https://www.losmundialesdefutbol.com/partidos/1982_alemania_occidental_inglaterra.php
1982,Italia,Argentina,"2da Ronda, Grupo 3",3,https://www.losmundialesdefutbol.com/partidos/1982_italia_argentina.php
1982,Bélgica,URSS,"2da Ronda, Grupo 1",1,https://www.losmundialesdefutbol.com/partidos/1982_belgica_urss.php
1982,Austria,Irlanda del Norte,"2da Ronda, Grupo 4",4,https://www.losmundialesdefutbol.com/partidos/1982_austria_irlanda_del_norte.php
1982,Argentina,Brasil,"2da Ronda, Grupo 3",3,https://www.losmundialesdefutbol.com/partidos/1982_argentina_brasil.php
1982,Alemania Occidental,España,"2da Ronda, Grupo 2",2,https://www.losmundialesdefutbol.com/partidos/1982_alemania_occidental_espana.php
1982,Francia,Irlanda del Norte,"2da Ronda, Grupo 4",4,https://www.losmundialesdefutbol.com/partidos/1982_francia_irlanda_del_norte.php
1982,Polonia,URSS,"2da Ronda, Grupo 1",1,https://www.losmundialesdefutbol.com/partidos/1982_polonia_urss.php
1982,Italia,Brasil,"2da Ronda, Grupo 3",3,https://www.losmundialesdefutbol.com/partidos/1982_italia_brasil.php
1982,España,Inglaterra,"2da Ronda, Grupo 2",2,https://www.losmundialesdefutbol.com/partidos/1982_espana_inglaterra.php
1982,Alemania Occidental,Francia,Semis,,https://www.losmundialesdefutbol.com/partidos/1982_alemania_occidental_francia.php
1982,Polonia,Italia,Semis,,https://www.losmundialesdefutbol.com/partidos/1982_polonia_italia.php
1982,Polonia,Francia,3er Puesto,,https://www.losmundialesdefutbol.com/partidos/1982_polonia_francia.php
1982,Italia,Alemania Occidental,Final,,https://www.losmundialesdefutbol.com/partidos/1982_italia_alemania_occidental.php
1978,Alemania Occidental,Polonia,"1ra Ronda, Grupo 2",2,https://www.losmundialesdefutbol.com/partidos/1978_alemania_occidental_polonia.php
1978,Túnez,México,"1ra Ronda, Grupo 2",2,https://www.losmundialesdefutbol.com/partidos/1978_tunez_mexico.php
1978,Italia,Francia,"1ra Ronda, Grupo 1",1,https://www.losmundialesdefutbol.com/partidos/1978_italia_francia.php
1978,Argentina,Hungría,"1ra Ronda, Grupo 1",1,https://www.losmundialesdefutbol.com/partidos/1978_argentina_hungria.php
1978,Paises Bajos,Irán,"1ra Ronda, Grupo 4",4,https://www.losmundialesdefutbol.com/partidos/1978_holanda_iran.php
1978,Austria,España,"1ra Ronda, Grupo 3",3,https://www.losmundialesdefutbol.com/partidos/1978_austria_espana.php
1978,Perú,Escocia,"1ra Ronda, Grupo 4",4,https://www.losmundialesdefutbol.com/partidos/1978_peru_escocia.php
1978,Suecia,Brasil,"1ra Ronda, Grupo 3",3,https://www.losmundialesdefutbol.com/partidos/1978_suecia_brasil.php
1978,Alemania Occidental,México,"1ra Ronda, Grupo 2",2,https://www.losmundialesdefutbol.com/partidos/1978_alemania_occidental_mexico.php
1978,Argentina,Francia,"1ra Ronda, Grupo 1",1,https://www.losmundialesdefutbol.com/partidos/1978_argentina_francia.php
1978,Polonia,Túnez,"1ra Ronda, Grupo 2",2,https://www.losmundialesdefutbol.com/partidos/1978_polonia_tunez.php
1978,Italia,Hungría,"1ra Ronda, Grupo 1",1,https://www.losmundialesdefutbol.com/partidos/1978_italia_hungria.php
1978,Paises Bajos,Perú,"1ra Ronda, Grupo 4",4,https://www.losmundialesdefutbol.com/partidos/1978_holanda_peru.php
1978,Brasil,España,"1ra Ronda, Grupo 3",3,https://www.losmundialesdefutbol.com/partidos/1978_brasil_espana.php
1978,Escocia,Irán,"1ra Ronda, Grupo 4",4,https://www.losmundialesdefutbol.com/partidos/1978_escocia_iran.php
1978,Austria,Suecia,"1ra Ronda, Grupo 3",3,https://www.losmundialesdefutbol.com/partidos/1978_austria_suecia.php
1978,Italia,Argentina,"1ra Ronda, Grupo 1",1,https://www.losmundialesdefutbol.com/partidos/1978_italia_argentina.php
1978,Alemania Occidental,Túnez,"1ra Ronda, Grupo 2",2,https://www.losmundialesdefutbol.com/partidos/1978_alemania_occidental_tunez.php
1978,Francia,Hungría,"1ra Ronda, Grupo 1",1,https://www.losmundialesdefutbol.com/partidos/1978_francia_hungria.php
1978,Polonia,México,"1ra Ronda, Grupo 2",2,https://www.losmundialesdefutbol.com/partidos/1978_polonia_mexico.php
1978,Perú,Irán,"1ra Ronda, Grupo 4",4,https://www.losmundialesdefutbol.com/partidos/1978_peru_iran.php
1978,España,Suecia,"1ra Ronda, Grupo 3",3,https://www.losmundialesdefutbol.com/partidos/1978_espana_suecia.php
1978,Escocia,Paises Bajos,"1ra Ronda, Grupo 4",4,https://www.losmundialesdefutbol.com/partidos/1978_escocia_holanda.php
1978,Brasil,Austria,"1ra Ronda, Grupo 3",3,https://www.losmundialesdefutbol.com/partidos/1978_brasil_austria.php
1978,Paises Bajos,Austria,"2da Ronda, Grupo A",A,https://www.losmundialesdefutbol.com/partidos/1978_holanda_austria.php
1978,Alemania Occidental,Italia,"2da Ronda, Grupo A",A,https://www.losmundialesdefutbol.com/partidos/1978_alemania_occidental_italia.php
1978,Brasil,Perú,"2da Ronda, Grupo B",B,https://www.losmundialesdefutbol.com/partidos/1978_brasil_peru.php
1978,Argentina,Polonia,"2da Ronda, Grupo B",B,https://www.losmundialesdefutbol.com/partidos/1978_argentina_polonia.php
1978,Argentina,Brasil,"2da Ronda, Grupo B",B,https://www.losmundialesdefutbol.com/partidos/1978_argentina_brasil.php
1978,Polonia,Perú,"2da Ronda, Grupo B",B,https://www.losmundialesdefutbol.com/partidos/1978_polonia_peru.php
1978,Alemania Occidental,Paises Bajos,"2da Ronda, Grupo A",A,https://www.losmundialesdefutbol.com/partidos/1978_alemania_occidental_holanda.php
1978,Italia,Austria,"2da Ronda, Grupo A",A,https://www.losmundialesdefutbol.com/partidos/1978_italia_austria.php
1978,Argentina,Perú,"2da Ronda, Grupo B",B,https://www.losmundialesdefutbol.com/partidos/1978_argentina_peru.php
1978,Paises Bajos,Italia,"2da Ronda, Grupo A",A,https://www.losmundialesdefutbol.com/partidos/1978_holanda_italia.php
1978,Brasil,Polonia,"2da Ronda, Grupo B",B,https://www.losmundialesdefutbol.com/partidos/1978_brasil_polonia.php
1978,Austria,Alemania Occidental,"2da Ronda, Grupo A",A,https://www.losmundialesdefutbol.com/partidos/1978_austria_alemania_occidental.php
1978,Brasil,Italia,3er Puesto,,https://www.losmundialesdefutbol.com/partidos/1978_brasil_italia.php
1978,Argentina,Paises Bajos,Final,,https://www.losmundialesdefutbol.com/partidos/1978_argentina_holanda.php
1974,Brasil,Yugoslavia,"1ra Ronda, Grupo 2",2,https://www.losmundialesdefutbol.com/partidos/1974_brasil_yugoslavia.php
1974,Alemania Occidental,Chile,"1ra Ronda, Grupo 1",1,https://www.losmundialesdefutbol.com/partidos/1974_alemania_occidental_chile.php
1974,Alemania Oriental,Australia,"1ra Ronda, Grupo 1",1,https://www.losmundialesdefutbol.com/partidos/1974_alemania_oriental_australia.php
1974,Zaire,Escocia,"1ra Ronda, Grupo 2",2,https://www.losmundialesdefutbol.com/partidos/1974_zaire_escocia.php
1974,Suecia,Bulgaria,"1ra Ronda, Grupo 3",3,https://www.losmundialesdefutbol.com/partidos/1974_suecia_bulgaria.php
1974,Polonia,Argentina,"1ra Ronda, Grupo 4",4,https://www.losmundialesdefutbol.com/partidos/1974_polonia_argentina.php
1974,Italia,Haití,"1ra Ronda, Grupo 4",4,https://www.losmundialesdefutbol.com/partidos/1974_italia_haiti.php
1974,Uruguay,Paises Bajos,"1ra Ronda, Grupo 3",3,https://www.losmundialesdefutbol.com/partidos/1974_uruguay_holanda.php
1974,Escocia,Brasil,"1ra Ronda, Grupo 2",2,https://www.losmundialesdefutbol.com/partidos/1974_escocia_brasil.php
1974,Australia,Alemania Occidental,"1ra Ronda, Grupo 1",1,https://www.losmundialesdefutbol.com/partidos/1974_australia_alemania_occidental.php
1974,Yugoslavia,Zaire,"1ra Ronda, Grupo 2",2,https://www.losmundialesdefutbol.com/partidos/1974_yugoslavia_zaire.php
1974,Chile,Alemania Oriental,"1ra Ronda, Grupo 1",1,https://www.losmundialesdefutbol.com/partidos/1974_chile_alemania_oriental.php
1974,Paises Bajos,Suecia,"1ra Ronda, Grupo 3",3,https://www.losmundialesdefutbol.com/partidos/1974_holanda_suecia.php
1974,Argentina,Italia,"1ra Ronda, Grupo 4",4,https://www.losmundialesdefutbol.com/partidos/1974_argentina_italia.php
1974,Haití,Polonia,"1ra Ronda, Grupo 4",4,https://www.losmundialesdefutbol.com/partidos/1974_haiti_polonia.php
1974,Bulgaria,Uruguay,"1ra Ronda, Grupo 3",3,https://www.losmundialesdefutbol.com/partidos/1974_bulgaria_uruguay.php
1974,Zaire,Brasil,"1ra Ronda, Grupo 2",2,https://www.losmundialesdefutbol.com/partidos/1974_zaire_brasil.php
1974,Alemania Oriental,Alemania Occidental,"1ra Ronda, Grupo 1",1,https://www.losmundialesdefutbol.com/partidos/1974_alemania_oriental_alemania_occidental.php
1974,Australia,Chile,"1ra Ronda, Grupo 1",1,https://www.losmundialesdefutbol.com/partidos/1974_australia_chile.php
1974,Escocia,Yugoslavia,"1ra Ronda, Grupo 2",2,https://www.losmundialesdefutbol.com/partidos/1974_escocia_yugoslavia.php
1974,Polonia,Italia,"1ra Ronda, Grupo 4",4,https://www.losmundialesdefutbol.com/partidos/1974_polonia_italia.php
1974,Argentina,Haití,"1ra Ronda, Grupo 4",4,https://www.losmundialesdefutbol.com/partidos/1974_argentina_haiti.php
1974,Bulgaria,Paises Bajos,"1ra Ronda, Grupo 3",3,https://www.losmundialesdefutbol.com/partidos/1974_bulgaria_holanda.php
1974,Suecia,Uruguay,"1ra Ronda, Grupo 3",3,https://www.losmundialesdefutbol.com/partidos/1974_suecia_uruguay.php
1974,Suecia,Polonia,"2da Ronda, Grupo B",B,https://www.losmundialesdefutbol.com/partidos/1974_suecia_polonia.php
1974,Yugoslavia,Alemania Occidental,"2da Ronda, Grupo B",B,https://www.losmundialesdefutbol.com/partidos/1974_yugoslavia_alemania_occidental.php
1974,Paises Bajos,Argentina,"2da Ronda, Grupo A",A,https://www.losmundialesdefutbol.com/partidos/1974_holanda_argentina.php
1974,Brasil,Alemania Oriental,"2da Ronda, Grupo A",A,https://www.losmundialesdefutbol.com/partidos/1974_brasil_alemania_oriental.php
1974,Alemania Oriental,Paises Bajos,"2da Ronda, Grupo A",A,https://www.losmundialesdefutbol.com/partidos/1974_alemania_oriental_holanda.php
1974,Argentina,Brasil,"2da Ronda, Grupo A",A,https://www.losmundialesdefutbol.com/partidos/1974_argentina_brasil.php
1974,Polonia,Yugoslavia,"2da Ronda, Grupo B",B,https://www.losmundialesdefutbol.com/partidos/1974_polonia_yugoslavia.php
1974,Alemania Occidental,Suecia,"2da Ronda, Grupo B",B,https://www.losmundialesdefutbol.com/partidos/1974_alemania_occidental_suecia.php
1974,Suecia,Yugoslavia,"2da Ronda, Grupo B",B,https://www.losmundialesdefutbol.com/partidos/1974_suecia_yugoslavia.php
1974,Argentina,Alemania Oriental,"2da Ronda, Grupo A",A,https://www.losmundialesdefutbol.com/partidos/1974_argentina_alemania_oriental.php
1974,Polonia,Alemania Occidental,"2da Ronda, Grupo B",B,https://www.losmundialesdefutbol.com/partidos/1974_polonia_alemania_occidental.php
1974,Paises Bajos,Brasil,"2da Ronda, Grupo A",A,https://www.losmundialesdefutbol.com/partidos/1974_holanda_brasil.php
1974,Brasil,Polonia,3er Puesto,,https://www.losmundialesdefutbol.com/partidos/1974_brasil_polonia.php
1974,Paises Bajos,Alemania Occidental,Final,,https://www.losmundialesdefutbol.com/partidos/1974_holanda_alemania_occidental.php
1970,México,URSS,"1ra Ronda, Grupo 1",1,https://www.losmundialesdefutbol.com/partidos/1970_mexico_urss.php
1970,Inglaterra,Rumania,"1ra Ronda, Grupo 3",3,https://www.losmundialesdefutbol.com/partidos/1970_inglaterra_rumania.php
1970,Uruguay,Israel,"1ra Ronda, Grupo 2",2,https://www.losmundialesdefutbol.com/partidos/1970_uruguay_israel.php
1970,Perú,Bulgaria,"1ra Ronda, Grupo 4",4,https://www.losmundialesdefutbol.com/partidos/1970_peru_bulgaria.php
1970,Italia,Suecia,"1ra Ronda, Grupo 2",2,https://www.losmundialesdefutbol.com/partidos/1970_italia_suecia.php
1970,Alemania Occidental,Marruecos,"1ra Ronda, Grupo 4",4,https://www.losmundialesdefutbol.com/partidos/1970_alemania_occidental_marruecos.php
1970,Bélgica,El Salvador,"1ra Ronda, Grupo 1",1,https://www.losmundialesdefutbol.com/partidos/1970_belgica_el_salvador.php
1970,Brasil,Checoslovaquia,"1ra Ronda, Grupo 3",3,https://www.losmundialesdefutbol.com/partidos/1970_brasil_checoslovaquia.php
1970,Perú,Marruecos,"1ra Ronda, Grupo 4",4,https://www.losmundialesdefutbol.com/partidos/1970_peru_marruecos.php
1970,Rumania,Checoslovaquia,"1ra Ronda, Grupo 3",3,https://www.losmundialesdefutbol.com/partidos/1970_rumania_checoslovaquia.php
1970,URSS,Bélgica,"1ra Ronda, Grupo 1",1,https://www.losmundialesdefutbol.com/partidos/1970_urss_belgica.php
1970,Uruguay,Italia,"1ra Ronda, Grupo 2",2,https://www.losmundialesdefutbol.com/partidos/1970_uruguay_italia.php
1970,Suecia,Israel,"1ra Ronda, Grupo 2",2,https://www.losmundialesdefutbol.com/partidos/1970_suecia_israel.php
1970,México,El Salvador,"1ra Ronda, Grupo 1",1,https://www.losmundialesdefutbol.com/partidos/1970_mexico_el_salvador.php
1970,Alemania Occidental,Bulgaria,"1ra Ronda, Grupo 4",4,https://www.losmundialesdefutbol.com/partidos/1970_alemania_occidental_bulgaria.php
1970,Brasil,Inglaterra,"1ra Ronda, Grupo 3",3,https://www.losmundialesdefutbol.com/partidos/1970_brasil_inglaterra.php
1970,URSS,El Salvador,"1ra Ronda, Grupo 1",1,https://www.losmundialesdefutbol.com/partidos/1970_urss_el_salvador.php
1970,Suecia,Uruguay,"1ra Ronda, Grupo 2",2,https://www.losmundialesdefutbol.com/partidos/1970_suecia_uruguay.php
1970,Alemania Occidental,Perú,"1ra Ronda, Grupo 4",4,https://www.losmundialesdefutbol.com/partidos/1970_alemania_occidental_peru.php
1970,Brasil,Rumania,"1ra Ronda, Grupo 3",3,https://www.losmundialesdefutbol.com/partidos/1970_brasil_rumania.php
1970,Bulgaria,Marruecos,"1ra Ronda, Grupo 4",4,https://www.losmundialesdefutbol.com/partidos/1970_bulgaria_marruecos.php
1970,Inglaterra,Checoslovaquia,"1ra Ronda, Grupo 3",3,https://www.losmundialesdefutbol.com/partidos/1970_inglaterra_checoslovaquia.php
1970,México,Bélgica,"1ra Ronda, Grupo 1",1,https://www.losmundialesdefutbol.com/partidos/1970_mexico_belgica.php
1970,Italia,Israel,"1ra Ronda, Grupo 2",2,https://www.losmundialesdefutbol.com/partidos/1970_italia_israel.php
1970,Alemania Occidental,Inglaterra,Cuartos,,https://www.losmundialesdefutbol.com/partidos/1970_alemania_occidental_inglaterra.php
1970,Italia,México,Cuartos,,https://www.losmundialesdefutbol.com/partidos/1970_italia_mexico.php
1970,Uruguay,URSS,Cuartos,,https://www.losmundialesdefutbol.com/partidos/1970_uruguay_urss.php
1970,Brasil,Perú,Cuartos,,https://www.losmundialesdefutbol.com/partidos/1970_brasil_peru.php
1970,Uruguay,Brasil,Semis,,https://www.losmundialesdefutbol.com/partidos/1970_uruguay_brasil.php
1970,Italia,Alemania Occidental,Semis,,https://www.losmundialesdefutbol.com/partidos/1970_italia_alemania_occidental.php
1970,Uruguay,Alemania Occidental,3er Puesto,,https://www.losmundialesdefutbol.com/partidos/1970_uruguay_alemania_occidental.php
1970,Brasil,Italia,Final,,https://www.losmundialesdefutbol.com/partidos/1970_brasil_italia.php
1966,Inglaterra,Uruguay,"1ra Ronda, Grupo 1",1,https://www.losmundialesdefutbol.com/partidos/1966_inglaterra_uruguay.php
1966,Alemania Occidental,Suiza,"1ra Ronda, Grupo 2",2,https://www.losmundialesdefutbol.com/partidos/1966_alemania_occidental_suiza.php
1966,URSS,Corea del Norte,"1ra Ronda, Grupo 4",4,https://www.losmundialesdefutbol.com/partidos/1966_urss_corea_del_norte.php
1966,Brasil,Bulgaria,"1ra Ronda, Grupo 3",3,https://www.losmundialesdefutbol.com/partidos/1966_brasil_bulgaria.php
1966,Francia,México,"1ra Ronda, Grupo 1",1,https://www.losmundialesdefutbol.com/partidos/1966_francia_mexico.php
1966,Italia,Chile,"1ra Ronda, Grupo 4",4,https://www.losmundialesdefutbol.com/partidos/1966_italia_chile.php
1966,Portugal,Hungría,"1ra Ronda, Grupo 3",3,https://www.losmundialesdefutbol.com/partidos/1966_portugal_hungria.php
1966,Argentina,España,"1ra Ronda, Grupo 2",2,https://www.losmundialesdefutbol.com/partidos/1966_argentina_espana.php
1966,Uruguay,Francia,"1ra Ronda, Grupo 1",1,https://www.losmundialesdefutbol.com/partidos/1966_uruguay_francia.php
1966,Hungría,Brasil,"1ra Ronda, Grupo 3",3,https://www.losmundialesdefutbol.com/partidos/1966_hungria_brasil.php
1966,España,Suiza,"1ra Ronda, Grupo 2",2,https://www.losmundialesdefutbol.com/partidos/1966_espana_suiza.php
1966,Corea del Norte,Chile,"1ra Ronda, Grupo 4",4,https://www.losmundialesdefutbol.com/partidos/1966_corea_del_norte_chile.php
1966,Portugal,Bulgaria,"1ra Ronda, Grupo 3",3,https://www.losmundialesdefutbol.com/partidos/1966_portugal_bulgaria.php
1966,Alemania Occidental,Argentina,"1ra Ronda, Grupo 2",2,https://www.losmundialesdefutbol.com/partidos/1966_alemania_occidental_argentina.php
1966,URSS,Italia,"1ra Ronda, Grupo 4",4,https://www.losmundialesdefutbol.com/partidos/1966_urss_italia.php
1966,Inglaterra,México,"1ra Ronda, Grupo 1",1,https://www.losmundialesdefutbol.com/partidos/1966_inglaterra_mexico.php
1966,Portugal,Brasil,"1ra Ronda, Grupo 3",3,https://www.losmundialesdefutbol.com/partidos/1966_portugal_brasil.php
1966,Uruguay,México,"1ra Ronda, Grupo 1",1,https://www.losmundialesdefutbol.com/partidos/1966_uruguay_mexico.php
1966,Argentina,Suiza,"1ra Ronda, Grupo 2",2,https://www.losmundialesdefutbol.com/partidos/1966_argentina_suiza.php
1966,Corea del Norte,Italia,"1ra Ronda, Grupo 4",4,https://www.losmundialesdefutbol.com/partidos/1966_corea_del_norte_italia.php
1966,Inglaterra,Francia,"1ra Ronda, Grupo 1",1,https://www.losmundialesdefutbol.com/partidos/1966_inglaterra_francia.php
1966,Alemania Occidental,España,"1ra Ronda, Grupo 2",2,https://www.losmundialesdefutbol.com/partidos/1966_alemania_occidental_espana.php
1966,URSS,Chile,"1ra Ronda, Grupo 4",4,https://www.losmundialesdefutbol.com/partidos/1966_urss_chile.php
1966,Hungría,Bulgaria,"1ra Ronda, Grupo 3",3,https://www.losmundialesdefutbol.com/partidos/1966_hungria_bulgaria.php
1966,Portugal,Corea del Norte,Cuartos,,https://www.losmundialesdefutbol.com/partidos/1966_portugal_corea_del_norte.php
1966,Inglaterra,Argentina,Cuartos,,https://www.losmundialesdefutbol.com/partidos/1966_inglaterra_argentina.php
1966,Alemania Occidental,Uruguay,Cuartos,,https://www.losmundialesdefutbol.com/partidos/1966_alemania_occidental_uruguay.php
1966,URSS,Hungría,Cuartos,,https://www.losmundialesdefutbol.com/partidos/1966_urss_hungria.php
1966,Alemania Occidental,URSS,Semis,,https://www.losmundialesdefutbol.com/partidos/1966_alemania_occidental_urss.php
1966,Inglaterra,Portugal,Semis,,https://www.losmundialesdefutbol.com/partidos/1966_inglaterra_portugal.php
1966,Portugal,URSS,3er Puesto,,https://www.losmundialesdefutbol.com/partidos/1966_portugal_urss.php
1966,Inglaterra,Alemania Occidental,Final,,https://www.losmundialesdefutbol.com/partidos/1966_inglaterra_alemania_occidental.php
1962,Uruguay,Colombia,"1ra Ronda, Grupo 1",1,https://www.losmundialesdefutbol.com/partidos/1962_uruguay_colombia.php
1962,Brasil,México,"1ra Ronda, Grupo 3",3,https://www.losmundialesdefutbol.com/partidos/1962_brasil_mexico.php
1962,Chile,Suiza,"1ra Ronda, Grupo 2",2,https://www.losmundialesdefutbol.com/partidos/1962_chile_suiza.php
1962,Argentina,Bulgaria,"1ra Ronda, Grupo 4",4,https://www.losmundialesdefutbol.com/partidos/1962_argentina_bulgaria.php
1962,Checoslovaquia,España,"1ra Ronda, Grupo 3",3,https://www.losmundialesdefutbol.com/partidos/1962_checoslovaquia_espana.php
1962,URSS,Yugoslavia,"1ra Ronda, Grupo 1",1,https://www.losmundialesdefutbol.com/partidos/1962_urss_yugoslavia.php
1962,Hungría,Inglaterra,"1ra Ronda, Grupo 4",4,https://www.losmundialesdefutbol.com/partidos/1962_hungria_inglaterra.php
1962,Alemania Occidental,Italia,"1ra Ronda, Grupo 2",2,https://www.losmundialesdefutbol.com/partidos/1962_alemania_occidental_italia.php
1962,Chile,Italia,"1ra Ronda, Grupo 2",2,https://www.losmundialesdefutbol.com/partidos/1962_chile_italia.php
1962,Brasil,Checoslovaquia,"1ra Ronda, Grupo 3",3,https://www.losmundialesdefutbol.com/partidos/1962_brasil_checoslovaquia.php
1962,Yugoslavia,Uruguay,"1ra Ronda, Grupo 1",1,https://www.losmundialesdefutbol.com/partidos/1962_yugoslavia_uruguay.php
1962,Inglaterra,Argentina,"1ra Ronda, Grupo 4",4,https://www.losmundialesdefutbol.com/partidos/1962_inglaterra_argentina.php
1962,Hungría,Bulgaria,"1ra Ronda, Grupo 4",4,https://www.losmundialesdefutbol.com/partidos/1962_hungria_bulgaria.php
1962,URSS,Colombia,"1ra Ronda, Grupo 1",1,https://www.losmundialesdefutbol.com/partidos/1962_urss_colombia.php
1962,España,México,"1ra Ronda, Grupo 3",3,https://www.losmundialesdefutbol.com/partidos/1962_espana_mexico.php
1962,Alemania Occidental,Suiza,"1ra Ronda, Grupo 2",2,https://www.losmundialesdefutbol.com/partidos/1962_alemania_occidental_suiza.php
1962,Alemania Occidental,Chile,"1ra Ronda, Grupo 2",2,https://www.losmundialesdefutbol.com/partidos/1962_alemania_occidental_chile.php
1962,Hungría,Argentina,"1ra Ronda, Grupo 4",4,https://www.losmundialesdefutbol.com/partidos/1962_hungria_argentina.php
1962,URSS,Uruguay,"1ra Ronda, Grupo 1",1,https://www.losmundialesdefutbol.com/partidos/1962_urss_uruguay.php
1962,Brasil,España,"1ra Ronda, Grupo 3",3,https://www.losmundialesdefutbol.com/partidos/1962_brasil_espana.php
1962,Yugoslavia,Colombia,"1ra Ronda, Grupo 1",1,https://www.losmundialesdefutbol.com/partidos/1962_yugoslavia_colombia.php
1962,México,Checoslovaquia,"1ra Ronda, Grupo 3",3,https://www.losmundialesdefutbol.com/partidos/1962_mexico_checoslovaquia.php
1962,Italia,Suiza,"1ra Ronda, Grupo 2",2,https://www.losmundialesdefutbol.com/partidos/1962_italia_suiza.php
1962,Inglaterra,Bulgaria,"1ra Ronda, Grupo 4",4,https://www.losmundialesdefutbol.com/partidos/1962_inglaterra_bulgaria.php
1962,Brasil,Inglaterra,Cuartos,,https://www.losmundialesdefutbol.com/partidos/1962_brasil_inglaterra.php
1962,Checoslovaquia,Hungría,Cuartos,,https://www.losmundialesdefutbol.com/partidos/1962_checoslovaquia_hungria.php
1962,Yugoslavia,Alemania Occidental,Cuartos,,https://www.losmundialesdefutbol.com/partidos/1962_yugoslavia_alemania_occidental.php
1962,Chile,URSS,Cuartos,,https://www.losmundialesdefutbol.com/partidos/1962_chile_urss.php
1962,Yugoslavia,Checoslovaquia,Semis,,https://www.losmundialesdefutbol.com/partidos/1962_yugoslavia_checoslovaquia.php
1962,Chile,Brasil,Semis,,https://www.losmundialesdefutbol.com/partidos/1962_chile_brasil.php
1962,Chile,Yugoslavia,3er Puesto,,https://www.losmundialesdefutbol.com/partidos/1962_chile_yugoslavia.php
1962,Brasil,Checoslovaquia,Final,,https://www.losmundialesdefutbol.com/partidos/1962_brasil_checoslovaquia_2.php
1958,Hungría,Gales,"1ra Ronda, Grupo 3",3,https://www.losmundialesdefutbol.com/partidos/1958_hungria_gales.php
1958,Irlanda del Norte,Checoslovaquia,"1ra Ronda, Grupo 1",1,https://www.losmundialesdefutbol.com/partidos/1958_irlanda_del_norte_checoslovaquia.php
1958,Brasil,Austria,"1ra Ronda, Grupo 4",4,https://www.losmundialesdefutbol.com/partidos/1958_brasil_austria.php
1958,Francia,Paraguay,"1ra Ronda, Grupo 2",2,https://www.losmundialesdefutbol.com/partidos/1958_francia_paraguay.php
1958,Argentina,Alemania Occidental,"1ra Ronda, Grupo 1",1,https://www.losmundialesdefutbol.com/partidos/1958_argentina_alemania_occidental.php
1958,URSS,Inglaterra,"1ra Ronda, Grupo 4",4,https://www.losmundialesdefutbol.com/partidos/1958_urss_inglaterra.php
1958,Yugoslavia,Escocia,"1ra Ronda, Grupo 2",2,https://www.losmundialesdefutbol.com/partidos/1958_yugoslavia_escocia.php
1958,Suecia,México,"1ra Ronda, Grupo 3",3,https://www.losmundialesdefutbol.com/partidos/1958_suecia_mexico.php
1958,Yugoslavia,Francia,"1ra Ronda, Grupo 2",2,https://www.losmundialesdefutbol.com/partidos/1958_yugoslavia_francia.php
1958,Paraguay,Escocia,"1ra Ronda, Grupo 2",2,https://www.losmundialesdefutbol.com/partidos/1958_paraguay_escocia.php
1958,México,Gales,"1ra Ronda, Grupo 3",3,https://www.losmundialesdefutbol.com/partidos/1958_mexico_gales.php
1958,Alemania Occidental,Checoslovaquia,"1ra Ronda, Grupo 1",1,https://www.losmundialesdefutbol.com/partidos/1958_alemania_occidental_checoslovaquia.php
1958,URSS,Austria,"1ra Ronda, Grupo 4",4,https://www.losmundialesdefutbol.com/partidos/1958_urss_austria.php
1958,Argentina,Irlanda del Norte,"1ra Ronda, Grupo 1",1,https://www.losmundialesdefutbol.com/partidos/1958_argentina_irlanda_del_norte.php
1958,Brasil,Inglaterra,"1ra Ronda, Grupo 4",4,https://www.losmundialesdefutbol.com/partidos/1958_brasil_inglaterra.php
1958,Suecia,Hungría,"1ra Ronda, Grupo 3",3,https://www.losmundialesdefutbol.com/partidos/1958_suecia_hungria.php
1958,Francia,Escocia,"1ra Ronda, Grupo 2",2,https://www.losmundialesdefutbol.com/partidos/1958_francia_escocia.php
1958,Suecia,Gales,"1ra Ronda, Grupo 3",3,https://www.losmundialesdefutbol.com/partidos/1958_suecia_gales.php
1958,Alemania Occidental,Irlanda del Norte,"1ra Ronda, Grupo 1",1,https://www.losmundialesdefutbol.com/partidos/1958_alemania_occidental_irlanda_del_norte.php
1958,Paraguay,Yugoslavia,"1ra Ronda, Grupo 2",2,https://www.losmundialesdefutbol.com/partidos/1958_paraguay_yugoslavia.php
1958,Brasil,URSS,"1ra Ronda, Grupo 4",4,https://www.losmundialesdefutbol.com/partidos/1958_brasil_urss.php
1958,Inglaterra,Austria,"1ra Ronda, Grupo 4",4,https://www.losmundialesdefutbol.com/partidos/1958_inglaterra_austria.php
1958,Hungría,México,"1ra Ronda, Grupo 3",3,https://www.losmundialesdefutbol.com/partidos/1958_hungria_mexico.php
1958,Checoslovaquia,Argentina,"1ra Ronda, Grupo 1",1,https://www.losmundialesdefutbol.com/partidos/1958_checoslovaquia_argentina.php
1958,Irlanda del Norte,Checoslovaquia,"1ra Ronda, Grupo 1",1,https://www.losmundialesdefutbol.com/partidos/1958_irlanda_del_norte_checoslovaquia_2.php
1958,Gales,Hungría,"1ra Ronda, Grupo 3",3,https://www.losmundialesdefutbol.com/partidos/1958_gales_hungria.php
1958,URSS,Inglaterra,"1ra Ronda, Grupo 4",4,https://www.losmundialesdefutbol.com/partidos/1958_urss_inglaterra_2.php
1958,Francia,Irlanda del Norte,Cuartos,,https://www.losmundialesdefutbol.com/partidos/1958_francia_irlanda_del_norte.php
1958,Alemania Occidental,Yugoslavia,Cuartos,,https://www.losmundialesdefutbol.com/partidos/1958_alemania_occidental_yugoslavia.php
1958,Brasil,Gales,Cuartos,,https://www.losmundialesdefutbol.com/partidos/1958_brasil_gales.php
1958,Suecia,URSS,Cuartos,,https://www.losmundialesdefutbol.com/partidos/1958_suecia_urss.php
1958,Alemania Occidental,Suecia,Semis,,https://www.losmundialesdefutbol.com/partidos/1958_alemania_occidental_suecia.php
1958,Francia,Brasil,Semis,,https://www.losmundialesdefutbol.com/partidos/1958_francia_brasil.php
1958,Alemania Occidental,Francia,3er Puesto,,https://www.losmundialesdefutbol.com/partidos/1958_alemania_occidental_francia.php
1958,Suecia,Brasil,Final,,https://www.losmundialesdefutbol.com/partidos/1958_suecia_brasil.php
1954,Yugoslavia,Francia,"1ra Ronda, Grupo 1",1,https://www.losmundialesdefutbol.com/partidos/1954_yugoslavia_francia.php
1954,Austria,Escocia,"1ra Ronda, Grupo 3",3,https://www.losmundialesdefutbol.com/partidos/1954_austria_escocia.php
1954,Uruguay,Checoslovaquia,"1ra Ronda, Grupo 3",3,https://www.losmundialesdefutbol.com/partidos/1954_uruguay_checoslovaquia.php
1954,Brasil,México,"1ra Ronda, Grupo 1",1,https://www.losmundialesdefutbol.com/partidos/1954_brasil_mexico.php
1954,Hungría,Corea del Sur,"1ra Ronda, Grupo 2",2,https://www.losmundialesdefutbol.com/partidos/1954_hungria_corea_del_sur.php
1954,Inglaterra,Bélgica,"1ra Ronda, Grupo 4",4,https://www.losmundialesdefutbol.com/partidos/1954_inglaterra_belgica.php
1954,Alemania Occidental,Turquía,"1ra Ronda, Grupo 2",2,https://www.losmundialesdefutbol.com/partidos/1954_alemania_occidental_turquia.php
1954,Suiza,Italia,"1ra Ronda, Grupo 4",4,https://www.losmundialesdefutbol.com/partidos/1954_suiza_italia.php
1954,Francia,México,"1ra Ronda, Grupo 1",1,https://www.losmundialesdefutbol.com/partidos/1954_francia_mexico.php
1954,Brasil,Yugoslavia,"1ra Ronda, Grupo 1",1,https://www.losmundialesdefutbol.com/partidos/1954_brasil_yugoslavia.php
1954,Austria,Checoslovaquia,"1ra Ronda, Grupo 3",3,https://www.losmundialesdefutbol.com/partidos/1954_austria_checoslovaquia.php
1954,Uruguay,Escocia,"1ra Ronda, Grupo 3",3,https://www.losmundialesdefutbol.com/partidos/1954_uruguay_escocia.php
1954,Hungría,Alemania Occidental,"1ra Ronda, Grupo 2",2,https://www.losmundialesdefutbol.com/partidos/1954_hungria_alemania_occidental.php
1954,Turquía,Corea del Sur,"1ra Ronda, Grupo 2",2,https://www.losmundialesdefutbol.com/partidos/1954_turquia_corea_del_sur.php
1954,Inglaterra,Suiza,"1ra Ronda, Grupo 4",4,https://www.losmundialesdefutbol.com/partidos/1954_inglaterra_suiza.php
1954,Italia,Bélgica,"1ra Ronda, Grupo 4",4,https://www.losmundialesdefutbol.com/partidos/1954_italia_belgica.php
1954,Suiza,Italia,"1ra Ronda, Grupo 4",4,https://www.losmundialesdefutbol.com/partidos/1954_suiza_italia_2.php
1954,Alemania Occidental,Turquía,"1ra Ronda, Grupo 2",2,https://www.losmundialesdefutbol.com/partidos/1954_alemania_occidental_turquia_2.php
1954,Uruguay,Inglaterra,Cuartos,,https://www.losmundialesdefutbol.com/partidos/1954_uruguay_inglaterra.php
1954,Austria,Suiza,Cuartos,,https://www.losmundialesdefutbol.com/partidos/1954_austria_suiza.php
1954,Hungría,Brasil,Cuartos,,https://www.losmundialesdefutbol.com/partidos/1954_hungria_brasil.php
1954,Alemania Occidental,Yugoslavia,Cuartos,,https://www.losmundialesdefutbol.com/partidos/1954_alemania_occidental_yugoslavia.php
1954,Hungría,Uruguay,Semis,,https://www.losmundialesdefutbol.com/partidos/1954_hungria_uruguay.php
1954,Alemania Occidental,Austria,Semis,,https://www.losmundialesdefutbol.com/partidos/1954_alemania_occidental_austria.php
1954,Uruguay,Austria,3er Puesto,,https://www.losmundialesdefutbol.com/partidos/1954_uruguay_austria.php
1954,Hungría,Alemania Occidental,Final,,https://www.losmundialesdefutbol.com/partidos/1954_hungria_alemania_occidental_2.php
1950,Brasil,México,"1ra Ronda, Grupo 1",1,https://www.losmundialesdefutbol.com/partidos/1950_brasil_mexico.php
1950,Suecia,Italia,"1ra Ronda, Grupo 3",3,https://www.losmundialesdefutbol.com/partidos/1950_suecia_italia.php
1950,Yugoslavia,Suiza,"1ra Ronda, Grupo 1",1,https://www.losmundialesdefutbol.com/partidos/1950_yugoslavia_suiza.php
1950,Inglaterra,Chile,"1ra Ronda, Grupo 2",2,https://www.losmundialesdefutbol.com/partidos/1950_inglaterra_chile.php
1950,España,Estados Unidos,"1ra Ronda, Grupo 2",2,https://www.losmundialesdefutbol.com/partidos/1950_espana_estados_unidos.php
1950,Yugoslavia,México,"1ra Ronda, Grupo 1",1,https://www.losmundialesdefutbol.com/partidos/1950_yugoslavia_mexico.php
1950,Brasil,Suiza,"1ra Ronda, Grupo 1",1,https://www.losmundialesdefutbol.com/partidos/1950_brasil_suiza.php
1950,Suecia,Paraguay,"1ra Ronda, Grupo 3",3,https://www.losmundialesdefutbol.com/partidos/1950_suecia_paraguay.php
1950,Estados Unidos,Inglaterra,"1ra Ronda, Grupo 2",2,https://www.losmundialesdefutbol.com/partidos/1950_estados_unidos_inglaterra.php
1950,España,Chile,"1ra Ronda, Grupo 2",2,https://www.losmundialesdefutbol.com/partidos/1950_espana_chile.php
1950,Brasil,Yugoslavia,"1ra Ronda, Grupo 1",1,https://www.losmundialesdefutbol.com/partidos/1950_brasil_yugoslavia.php
1950,Uruguay,Bolivia,"1ra Ronda, Grupo 4",4,https://www.losmundialesdefutbol.com/partidos/1950_uruguay_bolivia.php
1950,Suiza,México,"1ra Ronda, Grupo 1",1,https://www.losmundialesdefutbol.com/partidos/1950_suiza_mexico.php
1950,España,Inglaterra,"1ra Ronda, Grupo 2",2,https://www.losmundialesdefutbol.com/partidos/1950_espana_inglaterra.php
1950,Chile,Estados Unidos,"1ra Ronda, Grupo 2",2,https://www.losmundialesdefutbol.com/partidos/1950_chile_estados_unidos.php
1950,Italia,Paraguay,"1ra Ronda, Grupo 3",3,https://www.losmundialesdefutbol.com/partidos/1950_italia_paraguay.php
1950,Brasil,Suecia,Ronda Final,,https://www.losmundialesdefutbol.com/partidos/1950_brasil_suecia.php
1950,Uruguay,España,Ronda Final,,https://www.losmundialesdefutbol.com/partidos/1950_uruguay_espana.php
1950,Uruguay,Suecia,Ronda Final,,https://www.losmundialesdefutbol.com/partidos/1950_uruguay_suecia.php
1950,Brasil,España,Ronda Final,,https://www.losmundialesdefutbol.com/partidos/1950_brasil_espana.php
1950,Suecia,España,Ronda Final,,https://www.losmundialesdefutbol.com/partidos/1950_suecia_espana.php
1950,Uruguay,Brasil,Ronda Final,,https://www.losmundialesdefutbol.com/partidos/1950_uruguay_brasil.php
1938,Suiza,Alemania,Octavos,,https://www.losmundialesdefutbol.com/partidos/1938_suiza_alemania.php
1938,Francia,Bélgica,Octavos,,https://www.losmundialesdefutbol.com/partidos/1938_francia_belgica.php
1938,Italia,Noruega,Octavos,,https://www.losmundialesdefutbol.com/partidos/1938_italia_noruega.php
1938,Brasil,Polonia,Octavos,,https://www.losmundialesdefutbol.com/partidos/1938_brasil_polonia.php
1938,Hungría,Indias Orientales Holand.,Octavos,,https://www.losmundialesdefutbol.com/partidos/1938_hungria_indias_orientales.php
1938,Checoslovaquia,Paises Bajos,Octavos,,https://www.losmundialesdefutbol.com/partidos/1938_checoslovaquia_holanda.php
1938,Cuba,Rumania,Octavos,,https://www.losmundialesdefutbol.com/partidos/1938_cuba_rumania.php
1938,Suiza,Alemania,Octavos,,https://www.losmundialesdefutbol.com/partidos/1938_suiza_alemania_2.php
1938,Cuba,Rumania,Octavos,,https://www.losmundialesdefutbol.com/partidos/1938_cuba_rumania_2.php
1938,Cuba,Suecia,Cuartos,,https://www.losmundialesdefutbol.com/partidos/1938_cuba_suecia.php
1938,Italia,Francia,Cuartos,,https://www.losmundialesdefutbol.com/partidos/1938_italia_francia.php
1938,Hungría,Suiza,Cuartos,,https://www.losmundialesdefutbol.com/partidos/1938_hungria_suiza.php
1938,Brasil,Checoslovaquia,Cuartos,,https://www.losmundialesdefutbol.com/partidos/1938_brasil_checoslovaquia.php
1938,Brasil,Checoslovaquia,Cuartos,,https://www.losmundialesdefutbol.com/partidos/1938_brasil_checoslovaquia_2.php
1938,Hungría,Suecia,Semis,,https://www.losmundialesdefutbol.com/partidos/1938_hungria_suecia.php
1938,Brasil,Italia,Semis,,https://www.losmundialesdefutbol.com/partidos/1938_brasil_italia.php
1938,Brasil,Suecia,3er Puesto,,https://www.losmundialesdefutbol.com/partidos/1938_brasil_suecia.php
1938,Italia,Hungría,Final,,https://www.losmundialesdefutbol.com/partidos/1938_italia_hungria.php
1934,Alemania,Bélgica,Octavos,,https://www.losmundialesdefutbol.com/partidos/1934_alemania_belgica.php
1934,Suecia,Argentina,Octavos,,https://www.losmundialesdefutbol.com/partidos/1934_suecia_argentina.php
1934,Italia,Estados Unidos,Octavos,,https://www.losmundialesdefutbol.com/partidos/1934_italia_estados_unidos.php
1934,Hungría,Egipto,Octavos,,https://www.losmundialesdefutbol.com/partidos/1934_hungria_egipto.php
1934,España,Brasil,Octavos,,https://www.losmundialesdefutbol.com/partidos/1934_espana_brasil.php
1934,Checoslovaquia,Rumania,Octavos,,https://www.losmundialesdefutbol.com/partidos/1934_checoslovaquia_rumania.php
1934,Suiza,Paises Bajos,Octavos,,https://www.losmundialesdefutbol.com/partidos/1934_suiza_holanda.php
1934,Austria,Francia,Octavos,,https://www.losmundialesdefutbol.com/partidos/1934_austria_francia.php
1934,Checoslovaquia,Suiza,Cuartos,,https://www.losmundialesdefutbol.com/partidos/1934_checoslovaquia_suiza.php
1934,Austria,Hungría,Cuartos,,https://www.losmundialesdefutbol.com/partidos/1934_austria_hungria.php
1934,Alemania,Suecia,Cuartos,,https://www.losmundialesdefutbol.com/partidos/1934_alemania_suecia.php
1934,Italia,España,Cuartos,,https://www.losmundialesdefutbol.com/partidos/1934_italia_espana.php
1934,Italia,España,Cuartos,,https://www.losmundialesdefutbol.com/partidos/1934_italia_espana_2.php
1934,Checoslovaquia,Alemania,Semis,,https://www.losmundialesdefutbol.com/partidos/1934_checoslovaquia_alemania.php
1934,Italia,Austria,Semis,,https://www.losmundialesdefutbol.com/partidos/1934_italia_austria.php
1934,Austria,Alemania,3er Puesto,,https://www.losmundialesdefutbol.com/partidos/1934_austria_alemania.php
1934,Italia,Checoslovaquia,Final,,https://www.losmundialesdefutbol.com/partidos/1934_italia_checoslovaquia.php
1930,Francia,México,"1ra Ronda, Grupo 1",1,https://www.losmundialesdefutbol.com/partidos/1930_francia_mexico.php
1930,Estados Unidos,Bélgica,"1ra Ronda, Grupo 4",4,https://www.losmundialesdefutbol.com/partidos/1930_estados_unidos_belgica.php
1930,Rumania,Perú,"1ra Ronda, Grupo 3",3,https://www.losmundialesdefutbol.com/partidos/1930_rumania_peru.php
1930,Yugoslavia,Brasil,"1ra Ronda, Grupo 2",2,https://www.losmundialesdefutbol.com/partidos/1930_yugoslavia_brasil.php
1930,Argentina,Francia,"1ra Ronda, Grupo 1",1,https://www.losmundialesdefutbol.com/partidos/1930_argentina_francia.php
1930,Chile,México,"1ra Ronda, Grupo 1",1,https://www.losmundialesdefutbol.com/partidos/1930_chile_mexico.php
1930,Yugoslavia,Bolivia,"1ra Ronda, Grupo 2",2,https://www.losmundialesdefutbol.com/partidos/1930_yugoslavia_bolivia.php
1930,Estados Unidos,Paraguay,"1ra Ronda, Grupo 4",4,https://www.losmundialesdefutbol.com/partidos/1930_estados_unidos_paraguay.php
1930,Uruguay,Perú,"1ra Ronda, Grupo 3",3,https://www.losmundialesdefutbol.com/partidos/1930_uruguay_peru.php
1930,Argentina,México,"1ra Ronda, Grupo 1",1,https://www.losmundialesdefutbol.com/partidos/1930_argentina_mexico.php
1930,Chile,Francia,"1ra Ronda, Grupo 1",1,https://www.losmundialesdefutbol.com/partidos/1930_chile_francia.php
1930,Paraguay,Bélgica,"1ra Ronda, Grupo 4",4,https://www.losmundialesdefutbol.com/partidos/1930_paraguay_belgica.php
1930,Brasil,Bolivia,"1ra Ronda, Grupo 2",2,https://www.losmundialesdefutbol.com/partidos/1930_brasil_bolivia.php
1930,Uruguay,Rumania,"1ra Ronda, Grupo 3",3,https://www.losmundialesdefutbol.com/partidos/1930_uruguay_rumania.php
1930,Argentina,Chile,"1ra Ronda, Grupo 1",1,https://www.losmundialesdefutbol.com/partidos/1930_argentina_chile.php
1930,Argentina,Estados Unidos,Semis,,https://www.losmundialesdefutbol.com/partidos/1930_argentina_estados_unidos.php
1930,Uruguay,Yugoslavia,Semis,,https://www.losmundialesdefutbol.com/partidos/1930_uruguay_yugoslavia.php
1930,Argentina,Uruguay,Final,,https://www.losmundialesdefutbol.com/partidos/1930_argentina_uruguay.php
