id_partido;id_jugador
1;1979
1;1996
1;1978
1;1983
1;1994
1;1990
1;1992
1;1982
1;1988
1;1977
1;1985
1;2926
1;2967
1;2931
1;2923
1;2955
1;2935
1;2952
1;2942
1;2912
1;2922
1;2970
2;4604
2;4625
2;4643
2;4567
2;4650
2;4612
2;4586
2;4454
2;4549
2;4638
2;4619
2;4690
2;4749
2;4716
2;4748
2;4766
2;4695
2;4723
2;4724
2;4730
2;4759
2;4780
3;7272
3;7266
3;7239
3;7267
3;7287
3;7244
3;7261
3;7274
3;7248
3;7243
3;7290
3;6080
3;6018
3;6134
3;5983
3;5992
3;6027
3;5988
3;6014
3;5990
3;6032
3;6050
4;3728
4;3620
4;3743
4;3710
4;3705
4;3574
4;3690
4;3682
4;3701
4;3733
4;3714
4;4021
4;4047
4;4016
4;4033
4;4038
4;4037
4;4005
4;4049
4;4036
4;4008
4;4024
5;673
5;781
5;749
5;703
5;686
5;712
5;594
5;635
5;682
5;602
5;674
5;404
5;387
5;341
5;406
5;434
5;391
5;398
5;423
5;388
5;390
5;407
6;2878
6;2787
6;2835
6;2854
6;2799
6;2837
6;2807
6;2811
6;2885
6;2824
6;2808
6;8087
6;8156
6;8135
6;8078
6;8090
6;8050
6;8126
6;8151
6;8140
6;8111
6;8152
7;5685
7;5669
7;5517
7;5672
7;5747
7;5604
7;5634
7;5567
7;5770
7;5657
7;5651
7;6573
7;6455
7;6503
7;6477
7;6444
7;6512
7;6498
7;6578
7;6598
7;6593
7;6524
8;3902
8;3929
8;3986
8;3866
8;3879
8;3974
8;3941
8;3856
8;3849
8;3918
8;3818
8;891
8;814
8;888
8;817
8;896
8;875
8;869
8;847
8;861
8;834
8;840
9;5422
9;5466
9;5485
9;5398
9;5502
9;5404
9;5512
9;5493
9;5401
9;5420
9;5459
9;2718
9;2719
9;2747
9;2695
9;2701
9;2709
9;2724
9;2686
9;2763
9;2729
9;2711
10;196
10;228
10;220
10;261
10;236
10;136
10;192
10;193
10;81
10;90
10;73
10;5273
10;5285
10;5320
10;5346
10;5372
10;5270
10;5301
10;5287
10;5294
10;5357
10;5304
11;3539
11;3333
11;3312
11;3433
11;3341
11;3392
11;3516
11;3485
11;3331
11;3547
11;3478
11;2642
11;2609
11;2604
11;2645
11;2586
11;2631
11;2582
11;2579
11;2662
11;2598
11;2588
12;1080
12;1043
12;1247
12;1105
12;1257
12;1087
12;1203
12;1067
12;1127
12;1064
12;1049
12;1930
12;1947
12;1957
12;1972
12;1951
12;1939
12;1943
12;1944
12;1932
12;1936
12;1935
13;7963
13;7994
13;7853
13;7807
13;7948
13;7865
13;7998
13;7964
13;7960
13;7854
13;7980
13;1903
13;1895
13;1837
13;1816
13;1922
13;1928
13;1907
13;1844
13;1920
13;1818
13;1869
14;8408
14;8313
14;8314
14;8374
14;8258
14;8457
14;8249
14;8453
14;8382
14;8441
14;8372
14;2441
14;2428
14;2432
14;2434
14;2449
14;2411
14;2396
14;2507
14;2463
14;2485
14;2399
15;6625
15;6636
15;6656
15;6707
15;6617
15;6643
15;6691
15;6684
15;6721
15;6730
15;6642
15;4070
15;4112
15;4111
15;4065
15;4081
15;4114
15;4107
15;4089
15;4050
15;4072
15;4125
16;1353
16;1410
16;1638
16;1542
16;1634
16;1399
16;1577
16;1612
16;1564
16;1602
16;1658
16;7421
16;7455
16;7418
16;7518
16;7431
16;7347
16;7533
16;7403
16;7420
16;7429
16;7511
17;4021
17;4047
17;4016
17;4033
17;4038
17;4037
17;4005
17;4049
17;4036
17;4008
17;4034
17;4721
17;4716
17;4748
17;4766
17;4723
17;4769
17;4705
17;4710
17;4759
17;4780
17;4686
18;1987
18;1996
18;1978
18;1994
18;1997
18;1990
18;1982
18;1988
18;1995
18;1977
18;1985
18;7272
18;7266
18;7264
18;7287
18;7244
18;7261
18;7274
18;7248
18;7243
18;7290
18;7250
19;6080
19;6116
19;6134
19;5983
19;5992
19;6027
19;6055
19;6060
19;6014
19;5990
19;6032
19;2926
19;2967
19;2931
19;2923
19;2955
19;2954
19;2952
19;2942
19;2912
19;2922
19;2970
20;4604
20;4625
20;4643
20;4567
20;4650
20;4612
20;4586
20;4454
20;4549
20;4638
20;4619
20;3728
20;3620
20;3743
20;3710
20;3705
20;3574
20;3690
20;3682
20;3701
20;3740
20;3733
21;8087
21;8156
21;8135
21;8078
21;8090
21;8050
21;8126
21;8151
21;8140
21;8111
21;8153
21;891
21;888
21;853
21;817
21;896
21;875
21;869
21;847
21;861
21;834
21;840
22;6573
22;6455
22;6503
22;6477
22;6444
22;6446
22;6512
22;6598
22;6470
22;6539
22;6524
22;404
22;384
22;387
22;386
22;341
22;398
22;403
22;423
22;388
22;390
22;407
23;3902
23;3989
23;3883
23;3986
23;3867
23;3974
23;3941
23;3856
23;3849
23;3918
23;3818
23;2878
23;2787
23;2860
23;2854
23;2799
23;2837
23;2811
23;2806
23;2824
23;2849
23;2804
24;673
24;688
24;703
24;675
24;594
24;514
24;743
24;669
24;682
24;602
24;674
24;5685
24;5524
24;5669
24;5672
24;5604
24;5518
24;5634
24;5617
24;5567
24;5770
24;5651
25;5273
25;5369
25;5285
25;5320
25;5372
25;5270
25;5268
25;5317
25;5294
25;5353
25;5364
25;2642
25;2609
25;2604
25;2645
25;2586
25;2672
25;2582
25;2663
25;2662
25;2598
25;2588
26;1080
26;1043
26;1247
26;1257
26;1087
26;1155
26;1128
26;1169
26;1067
26;1127
26;1049
26;5453
26;5466
26;5485
26;5398
26;5502
26;5404
26;5512
26;5493
26;5401
26;5420
26;5459
27;2718
27;2719
27;2747
27;2695
27;2701
27;2709
27;2724
27;2686
27;2729
27;2711
27;2717
27;1930
27;1947
27;1957
27;1972
27;1951
27;1939
27;1944
27;1932
27;1950
27;1936
27;1935
28;3539
28;3312
28;3353
28;3433
28;3341
28;3392
28;3516
28;3485
28;3331
28;3547
28;3478
28;196
28;228
28;220
28;132
28;261
28;136
28;76
28;192
28;193
28;81
28;73
29;1834
29;1895
29;1837
29;1816
29;1922
29;1928
29;1856
29;1844
29;1920
29;1818
29;1869
29;7421
29;7455
29;7418
29;7518
29;7405
29;7533
29;7403
29;7385
29;7420
29;7429
29;7511
30;2441
30;2428
30;2432
30;2434
30;2449
30;2411
30;2396
30;2507
30;2454
30;2404
30;2352
30;4070
30;4093
30;4112
30;4094
30;4065
30;4107
30;4089
30;4050
30;4074
30;4072
30;4125
31;1353
31;1638
31;1542
31;1634
31;1553
31;1399
31;1577
31;1460
31;1612
31;1602
31;1658
31;7963
31;7994
31;7853
31;7807
31;7948
31;7865
31;7998
31;7964
31;7946
31;7854
31;7980
32;6625
32;6706
32;6636
32;6682
32;6617
32;6643
32;6622
32;6691
32;6721
32;6730
32;6642
32;8408
32;8313
32;8314
32;8454
32;8374
32;8274
32;8457
32;8249
32;8453
32;8372
32;8272
33;6080
33;6116
33;6134
33;5983
33;5992
33;6027
33;6055
33;6019
33;6014
33;6032
33;6024
33;1987
33;1996
33;1978
33;1994
33;1997
33;1990
33;1992
33;1982
33;1995
33;1977
33;1985
34;2926
34;2967
34;2931
34;2923
34;2955
34;2928
34;2952
34;2925
34;2912
34;2922
34;2970
34;7272
34;7266
34;7264
34;7287
34;7244
34;7261
34;7237
34;7262
34;7243
34;7281
34;7290
35;4044
35;4047
35;4016
35;4033
35;4038
35;4005
35;4004
35;4036
35;4008
35;4034
35;4024
35;4604
35;4657
35;4625
35;4643
35;4567
35;4612
35;4528
35;4511
35;4454
35;4549
35;4610
36;4690
36;4716
36;4748
36;4766
36;4723
36;4769
36;4705
36;4710
36;4759
36;4780
36;4686
36;3728
36;3620
36;3710
36;3705
36;3602
36;3574
36;3690
36;3682
36;3701
36;3733
36;3714
37;891
37;831
37;888
37;817
37;896
37;875
37;869
37;847
37;861
37;834
37;840
37;2878
37;2787
37;2854
37;2799
37;2837
37;2828
37;2811
37;2885
37;2824
37;2849
37;2797
38;8087
38;8156
38;8135
38;8129
38;8118
38;8097
38;8126
38;8064
38;8151
38;8122
38;8152
38;3910
38;3829
38;3989
38;3840
38;3879
38;3858
38;3974
38;3992
38;3787
38;3878
38;3803
39;404
39;392
39;384
39;387
39;341
39;434
39;394
39;423
39;388
39;390
39;407
39;5685
39;5669
39;5517
39;5672
39;5747
39;5604
39;5567
39;5770
39;5706
39;5657
39;5651
40;6573
40;6455
40;6503
40;6477
40;6444
40;6446
40;6512
40;6598
40;6470
40;6524
40;6570
40;673
40;749
40;703
40;686
40;594
40;514
40;669
40;615
40;523
40;682
40;602
41;2718
41;2719
41;2747
41;2695
41;2701
41;2709
41;2724
41;2686
41;2729
41;2711
41;2717
41;1080
41;1043
41;1247
41;1105
41;1257
41;1087
41;1155
41;1067
41;1064
41;1154
41;1205
42;1930
42;1947
42;1929
42;1957
42;1972
42;1943
42;1948
42;1961
42;1932
42;1950
42;1936
42;5422
42;5466
42;5485
42;5398
42;5502
42;5404
42;5512
42;5493
42;5420
42;5499
42;5459
43;5273
43;5359
43;5285
43;5320
43;5372
43;5301
43;5317
43;5287
43;5294
43;5357
43;5304
43;3539
43;3333
43;3548
43;3335
43;3341
43;3392
43;3516
43;3485
43;3464
43;3564
43;3478
44;2642
44;2667
44;2609
44;2604
44;2645
44;2672
44;2582
44;2662
44;2572
44;2668
44;2588
44;196
44;228
44;220
44;261
44;136
44;76
44;192
44;193
44;233
44;81
44;73
45;4070
45;4112
45;4111
45;4065
45;4114
45;4107
45;4089
45;4050
45;4074
45;4072
45;4125
45;8408
45;8313
45;8454
45;8374
45;8274
45;8249
45;8284
45;8453
45;8382
45;8441
45;8372
46;2441
46;2428
46;2434
46;2449
46;2455
46;2411
46;2396
46;2507
46;2463
46;2466
46;2352
46;6625
46;6630
46;6706
46;6617
46;6729
46;6741
46;6678
46;6691
46;6692
46;6721
46;6658
47;7421
47;7455
47;7418
47;7518
47;7533
47;7403
47;7385
47;7420
47;7429
47;7511
47;7522
47;7901
47;7994
47;7807
47;7948
47;7952
47;7865
47;7998
47;7964
47;7960
47;7854
47;7980
48;1834
48;1926
48;1837
48;1823
48;1922
48;1928
48;1856
48;1888
48;1802
48;1818
48;1869
48;1432
48;1356
48;1553
48;1643
48;1385
48;1460
48;1446
48;1462
48;1361
48;1623
48;1544
49;6080
49;6116
49;6134
49;5983
49;5992
49;6027
49;6055
49;6019
49;6014
49;6032
49;6024
49;3728
49;3620
49;3743
49;3710
49;3705
49;3574
49;3690
49;3682
49;3632
49;3701
49;3733
50;673
50;749
50;703
50;686
50;594
50;514
50;635
50;669
50;615
50;523
50;682
50;891
50;831
50;888
50;817
50;896
50;875
50;869
50;847
50;815
50;861
50;834
51;4604
51;4657
51;4625
51;4643
51;4567
51;4612
51;4528
51;4511
51;4454
51;4549
51;4619
51;7272
51;7266
51;7264
51;7287
51;7244
51;7274
51;7237
51;7248
51;7243
51;7281
51;7290
52;3902
52;3989
52;3883
52;3986
52;3867
52;3974
52;3941
52;3856
52;3849
52;3918
52;3818
52;6573
52;6455
52;6503
52;6477
52;6444
52;6512
52;6498
52;6578
52;6598
52;6470
52;6524
53;5273
53;5359
53;5320
53;5361
53;5372
53;5270
53;5268
53;5317
53;5287
53;5294
53;5304
53;2718
53;2680
53;2719
53;2695
53;2701
53;2709
53;2724
53;2686
53;2729
53;2711
53;2730
54;1353
54;1410
54;1638
54;1542
54;1553
54;1399
54;1577
54;1612
54;1564
54;1602
54;1658
54;2441
54;2428
54;2432
54;2434
54;2449
54;2411
54;2396
54;2507
54;2463
54;2395
54;2352
55;5422
55;5466
55;5485
55;5398
55;5502
55;5404
55;5512
55;5493
55;5401
55;5420
55;5459
55;3539
55;3312
55;3433
55;3341
55;3438
55;3392
55;3516
55;3485
55;3331
55;3547
55;3478
56;6625
56;6630
56;6706
56;6636
56;6656
56;6643
56;6622
56;6684
56;6730
56;6642
56;6716
56;7963
56;7858
56;7807
56;7948
56;7952
56;7865
56;7998
56;7964
56;7960
56;7854
56;7980
57;6080
57;6116
57;6134
57;5983
57;5992
57;6027
57;6019
57;6014
57;5990
57;6032
57;6024
57;673
57;749
57;703
57;675
57;686
57;594
57;514
57;669
57;615
57;523
57;682
58;2718
58;2719
58;2747
58;2695
58;2701
58;2709
58;2724
58;2686
58;2728
58;2729
58;2711
58;1353
58;1410
58;1638
58;1542
58;1553
58;1399
58;1577
58;1612
58;1564
58;1602
58;1658
59;4604
59;4657
59;4625
59;4643
59;4567
59;4612
59;4528
59;4511
59;4454
59;4549
59;4619
59;3902
59;3989
59;3883
59;3986
59;3867
59;3974
59;3941
59;3856
59;3849
59;3918
59;3818
60;5422
60;5466
60;5502
60;5458
60;5406
60;5404
60;5512
60;5493
60;5401
60;5420
60;5459
60;6625
60;6630
60;6706
60;6636
60;6656
60;6643
60;6691
60;6684
60;6730
60;6642
60;6716
61;673
61;781
61;749
61;703
61;686
61;712
61;594
61;669
61;615
61;523
61;682
61;2718
61;2719
61;2747
61;2695
61;2701
61;2709
61;2724
61;2686
61;2728
61;2729
61;2711
62;3902
62;3989
62;3883
62;3840
62;3867
62;3879
62;3974
62;3856
62;3849
62;3918
62;3818
62;5422
62;5466
62;5485
62;5502
62;5458
62;5437
62;5404
62;5512
62;5493
62;5420
62;5459
63;2718
63;2750
63;2695
63;2756
63;2720
63;2709
63;2724
63;2729
63;2711
63;2717
63;2727
63;5422
63;5466
63;5458
63;5437
63;5406
63;5404
63;5512
63;5420
63;5455
63;5499
63;5459
64;673
64;781
64;749
64;703
64;686
64;594
64;669
64;615
64;523
64;682
64;602
64;3902
64;3989
64;3883
64;3986
64;3867
64;3974
64;3941
64;3856
64;3849
64;3918
64;3818
65;7047
65;7093
65;7137
65;7106
65;7099
65;7087
65;7230
65;7102
65;7228
65;7187
65;7204
65;399
65;421
65;420
65;386
65;406
65;391
65;408
65;431
65;395
65;390
65;405
66;2986
66;2994
66;2999
66;2991
66;2973
66;2996
66;2989
66;3019
66;3030
66;3010
66;3031
66;8369
66;8313
66;8314
66;8454
66;8258
66;8249
66;8370
66;8457
66;8441
66;8284
66;8272
67;6698
67;6706
67;6656
67;6649
67;6733
67;6687
67;6730
67;6622
67;6643
67;6721
67;6655
67;3368
67;3490
67;3468
67;3503
67;3312
67;3341
67;3411
67;3429
67;3414
67;3364
67;3538
68;5453
68;5466
68;5415
68;5502
68;5512
68;5442
68;5412
68;5423
68;5403
68;5468
68;5452
68;4690
68;4716
68;4695
68;4766
68;4769
68;4778
68;4701
68;4683
68;4684
68;4724
68;4686
8;3989
8;3985
8;3939
8;3980
8;3874
8;873
8;885
8;892
8;848
8;886
8;857
8;876
70;6377
70;6418
70;6432
70;6415
70;6342
70;6363
70;6431
70;6438
70;6370
70;6352
70;6373
70;2878
70;2835
70;2799
70;2805
70;2887
70;2841
70;2807
70;2811
70;2832
70;2894
70;2882
71;565
71;781
71;747
71;703
71;759
71;551
71;602
71;683
71;678
71;682
71;515
71;4922
71;4927
71;4930
71;4912
71;4925
71;4920
71;4913
71;4929
71;4921
71;4923
71;4916
72;2753
72;2765
72;2752
72;2719
72;2761
72;2737
72;2724
72;2729
72;2711
72;2722
72;2739
72;5879
72;5824
72;5873
72;5802
72;5780
72;5838
72;5816
72;5843
72;5825
72;5836
72;5830
31;1555
31;1536
31;1410
31;1594
31;1580
31;1665
31;1462
31;1564
31;7910
31;7952
31;7819
31;8002
31;7846
31;7960
31;7957
74;2642
74;2571
74;2613
74;2604
74;2586
74;2610
74;2582
74;2653
74;2619
74;2668
74;2665
74;7504
74;7516
74;7358
74;7382
74;7418
74;7422
74;7511
74;7420
74;7410
74;7401
74;7429
75;196
75;213
75;116
75;26
75;136
75;134
75;48
75;155
75;206
75;192
75;282
75;5685
75;5529
75;5740
75;5672
75;5634
75;5645
75;5617
75;5604
75;5771
75;5632
75;5651
76;7752
76;7724
76;7660
76;7620
76;7684
76;7710
76;7644
76;7655
76;7636
76;7625
76;7795
76;2406
76;2477
76;2498
76;2449
76;2401
76;2452
76;2415
76;2463
76;2507
76;2442
76;2395
77;1080
77;1043
77;1247
77;1155
77;1056
77;1257
77;1087
77;1064
77;1147
77;1127
77;1154
77;6184
77;6169
77;6179
77;6191
77;6177
77;6181
77;6173
77;6175
77;6180
77;6188
77;6185
78;8104
78;8070
78;8135
78;8078
78;8129
78;8054
78;8150
78;8151
78;8069
78;8122
78;8153
78;4604
78;4657
78;4643
78;4567
78;4650
78;4676
78;4563
78;4528
78;4432
78;4549
78;4638
79;6573
79;6550
79;6458
79;6556
79;6512
79;6483
79;6561
79;6454
79;6598
79;6539
79;6524
79;7277
79;7266
79;7287
79;7297
79;7261
79;7289
79;7275
79;7256
79;7269
79;7290
79;7286
80;2263
80;2260
80;2203
80;2256
80;2281
80;2280
80;2222
80;2249
80;2273
80;2231
80;2247
80;5296
80;5350
80;5320
80;5346
80;5372
80;5349
80;5274
80;5291
80;5284
80;5275
80;5341
81;7047
81;7093
81;7137
81;7106
81;7074
81;7099
81;7230
81;7102
81;7228
81;7187
81;7089
81;2986
81;2994
81;2999
81;2991
81;2973
81;2996
81;2989
81;3019
81;3030
81;3010
81;3020
82;8369
82;8313
82;8314
82;8454
82;8258
82;8419
82;8249
82;8409
82;8457
82;8441
82;8272
82;404
82;421
82;387
82;386
82;406
82;391
82;416
82;431
82;395
82;390
82;402
83;6698
83;6706
83;6656
83;6649
83;6733
83;6687
83;6678
83;6730
83;6622
83;6721
83;6655
83;5453
83;5466
83;5434
83;5415
83;5439
83;5512
83;5442
83;5412
83;5423
83;5403
83;5424
84;4690
84;4716
84;4766
84;4723
84;4769
84;4705
84;4701
84;4683
84;4684
84;4780
84;4686
84;3368
84;3353
84;3490
84;3503
84;3312
84;3341
84;3411
84;3414
84;3557
84;3364
84;3538
85;3902
85;3929
85;3989
85;3985
85;3866
85;3939
85;3874
85;3916
85;3856
85;3849
85;3918
85;6377
85;6418
85;6432
85;6415
85;6342
85;6363
85;6438
85;6343
85;6386
85;6352
85;6373
86;2878
86;2835
86;2799
86;2805
86;2887
86;2807
86;2811
86;2880
86;2832
86;2894
86;2882
86;891
86;873
86;817
86;885
86;892
86;875
86;848
86;886
86;861
86;857
86;876
61;565
61;681
61;514
61;759
61;683
61;678
61;722
61;515
61;2753
61;2765
61;2752
61;2761
61;2737
61;2722
61;2739
88;5879
88;5824
88;5873
88;5802
88;5861
88;5838
88;5816
88;5843
88;5837
88;5836
88;5826
88;4922
88;4927
88;4930
88;4912
88;4925
88;4913
88;4929
88;4921
88;4918
88;4916
88;4914
89;1353
89;1638
89;1555
89;1536
89;1447
89;1399
89;1594
89;1580
89;1665
89;1462
89;1564
89;2642
89;2571
89;2613
89;2604
89;2645
89;2610
89;2582
89;2653
89;2619
89;2668
89;2665
47;7504
47;7516
47;7358
47;7382
47;7422
47;7410
47;7963
47;7910
47;7819
47;8002
47;7846
47;7957
91;196
91;91
91;228
91;26
91;136
91;48
91;155
91;192
91;229
91;282
91;223
91;7752
91;7724
91;7715
91;7660
91;7620
91;7710
91;7644
91;7655
91;7636
91;7625
91;7795
92;2406
92;2477
92;2433
92;2449
92;2401
92;2407
92;2415
92;2463
92;2484
92;2507
92;2395
92;5685
92;5740
92;5672
92;5634
92;5517
92;5645
92;5617
92;5604
92;5771
92;5632
92;5651
93;1080
93;1043
93;1247
93;1155
93;1056
93;1257
93;1087
93;1064
93;1147
93;1127
93;1154
93;8062
93;8070
93;8135
93;8078
93;8129
93;8054
93;8150
93;8151
93;8121
93;8069
93;8122
94;4604
94;4657
94;4643
94;4567
94;4650
94;4676
94;4563
94;4528
94;4565
94;4549
94;4638
94;6184
94;6169
94;6179
94;6191
94;6177
94;6181
94;6173
94;6175
94;6180
94;6188
94;6185
95;6573
95;6550
95;6443
95;6444
95;6556
95;6480
95;6512
95;6561
95;6598
95;6524
95;6510
95;2263
95;2203
95;2255
95;2256
95;2281
95;2208
95;2197
95;2279
95;2222
95;2273
95;2231
96;5296
96;5350
96;5320
96;5346
96;5372
96;5349
96;5274
96;5291
96;5284
96;5275
96;5341
96;7277
96;7266
96;7287
96;7297
96;7261
96;7289
96;7275
96;7276
96;7269
96;7290
96;7286
97;8369
97;8314
97;8274
97;8258
97;8249
97;8370
97;8445
97;8457
97;8335
97;8441
97;8272
97;7047
97;7137
97;7106
97;7136
97;7203
97;7074
97;7099
97;7230
97;7158
97;7187
97;7089
98;401
98;421
98;386
98;406
98;419
98;391
98;416
98;431
98;400
98;390
98;402
98;2984
98;2994
98;2999
98;2991
98;2973
98;2996
98;2989
98;3019
98;3030
98;3010
98;3020
99;4690
99;4716
99;4766
99;4723
99;4769
99;4705
99;4701
99;4683
99;4780
99;4724
99;4686
99;6698
99;6706
99;6656
99;6649
99;6733
99;6678
99;6622
99;6727
99;6721
99;6728
99;6713
100;3368
100;3353
100;3490
100;3503
100;3312
100;3341
100;3411
100;3544
100;3414
100;3364
100;3538
100;5453
100;5466
100;5434
100;5502
100;5439
100;5512
100;5442
100;5412
100;5423
100;5403
100;5424
101;2878
101;2835
101;2799
101;2831
101;2805
101;2887
101;2807
101;2811
101;2797
101;2804
101;2882
101;3910
101;3877
101;3989
101;3964
101;3866
101;3874
101;3925
101;3856
101;3896
101;3849
101;3818
102;891
102;873
102;817
102;885
102;892
102;875
102;848
102;886
102;861
102;850
102;857
102;6377
102;6425
102;6432
102;6415
102;6342
102;6363
102;6431
102;6438
102;6386
102;6352
102;6373
103;5879
103;5824
103;5873
103;5802
103;5861
103;5838
103;5816
103;5843
103;5837
103;5836
103;5826
103;528
103;681
103;781
103;747
103;703
103;539
103;602
103;678
103;722
103;646
103;682
104;4922
104;4927
104;4924
104;4930
104;4925
104;4920
104;4913
104;4929
104;4921
104;4923
104;4916
104;2704
104;2690
104;2699
104;2689
104;2731
104;2709
104;2724
104;2678
104;2729
104;2711
104;2732
105;7504
105;7478
105;7382
105;7518
105;7418
105;7511
105;7385
105;7420
105;7410
105;7401
105;7429
105;1353
105;1638
105;1555
105;1536
105;1447
105;1399
105;1594
105;1580
105;1665
105;1462
105;1564
106;7963
106;7910
106;7807
106;7948
106;7952
106;7998
106;7819
106;7846
106;7960
106;7854
106;7872
106;2642
106;2571
106;2613
106;2645
106;2610
106;2672
106;2582
106;2596
106;2653
106;2619
106;2588
107;2406
107;2477
107;2521
107;2389
107;2449
107;2401
107;2452
107;2410
107;2463
107;2484
107;2507
107;196
107;91
107;116
107;261
107;136
107;134
107;155
107;206
107;76
107;282
107;223
108;5685
108;5740
108;5672
108;5634
108;5517
108;5645
108;5617
108;5604
108;5771
108;5632
108;5651
108;7752
108;7724
108;7715
108;7660
108;7620
108;7710
108;7644
108;7655
108;7636
108;7625
108;7795
109;4604
109;4618
109;4643
109;4470
109;4548
109;4494
109;4431
109;4496
109;4565
109;4652
109;4610
109;1080
109;1242
109;1056
109;1105
109;1118
109;1128
109;1203
109;1103
109;1071
109;1139
109;1049
110;6184
110;6179
110;6191
110;6182
110;6183
110;6181
110;6173
110;6171
110;6180
110;6188
110;6190
110;8131
110;8135
110;8101
110;8055
110;8142
110;8150
110;8151
110;8069
110;8122
110;8079
110;8153
111;5296
111;5320
111;5346
111;5306
111;5345
111;5372
111;5349
111;5366
111;5367
111;5337
111;5318
111;6468
111;6492
111;6443
111;6477
111;6444
111;6480
111;6512
111;6483
111;6598
111;6519
111;6524
112;7277
112;7266
112;7287
112;7259
112;7261
112;7289
112;7267
112;7269
112;7290
112;7286
112;7232
112;2263
112;2203
112;2255
112;2256
112;2281
112;2280
112;2279
112;2222
112;2288
112;2273
112;2231
113;8369
113;8313
113;8314
113;8258
113;8249
113;8370
113;8445
113;8457
113;8335
113;8441
113;8272
113;6698
113;6706
113;6656
113;6649
113;6709
113;6678
113;6730
113;6622
113;6727
113;6721
113;6655
114;3902
114;3929
114;3989
114;3985
114;3866
114;3939
114;3874
114;3916
114;3856
114;3849
114;3918
114;528
114;681
114;781
114;747
114;703
114;539
114;602
114;678
114;722
114;718
114;682
115;3368
115;3490
115;3468
115;3503
115;3312
115;3341
115;3429
115;3331
115;3414
115;3364
115;3538
115;7047
115;7093
115;7137
115;7106
115;7136
115;7141
115;7230
115;7102
115;7228
115;7187
115;7089
116;2753
116;2765
116;2752
116;2719
116;2761
116;2737
116;2724
116;2686
116;2729
116;2722
116;2739
116;2878
116;2835
116;2836
116;2799
116;2831
116;2805
116;2807
116;2811
116;2797
116;2894
116;2804
117;1353
117;1638
117;1555
117;1455
117;1447
117;1399
117;1594
117;1580
117;1665
117;1462
117;1564
117;5685
117;5529
117;5740
117;5656
117;5634
117;5517
117;5617
117;5604
117;5771
117;5632
117;5651
118;1080
118;1043
118;1142
118;1247
118;1155
118;1257
118;1087
118;1064
118;1147
118;1127
118;1154
118;5296
118;5350
118;5320
118;5346
118;5372
118;5349
118;5274
118;5291
118;5284
118;5275
118;5341
119;7752
119;7724
119;7715
119;7660
119;7620
119;7644
119;7655
119;7785
119;7636
119;7625
119;7795
119;7963
119;7807
119;7905
119;7948
119;7843
119;7998
119;7819
119;8002
119;7846
119;7960
119;7844
120;2263
120;2203
120;2255
120;2256
120;2281
120;2208
120;2280
120;2222
120;2249
120;2273
120;2231
120;4604
120;4657
120;4643
120;4567
120;4650
120;4676
120;4563
120;4528
120;4432
120;4549
120;4638
121;8369
121;8313
121;8314
121;8258
121;8249
121;8370
121;8445
121;8457
121;8335
121;8441
121;8440
121;3902
121;3929
121;3989
121;3985
121;3866
121;3939
121;3980
121;3874
121;3856
121;3849
121;3918
122;1353
122;1638
122;1555
122;1536
122;1447
122;1594
122;1580
122;1452
122;1665
122;1462
122;1564
122;1080
122;1043
122;1142
122;1247
122;1155
122;1257
122;1087
122;1118
122;1071
122;1147
122;1127
123;7047
123;7093
123;7137
123;7106
123;7136
123;7074
123;7141
123;7230
123;7102
123;7187
123;7089
123;2753
123;2765
123;2752
123;2719
123;2761
123;2737
123;2724
123;2729
123;2711
123;2722
123;2739
124;7752
124;7715
124;7660
124;7620
124;7704
124;7710
124;7644
124;7655
124;7636
124;7625
124;7795
124;4604
124;4657
124;4643
124;4567
124;4650
124;4676
124;4563
124;4528
124;4432
124;4549
124;4638
125;3902
125;3929
125;3989
125;3985
125;3866
125;3939
125;3874
125;3916
125;3856
125;3849
125;3918
125;1080
125;1043
125;1142
125;1247
125;1257
125;1087
125;1118
125;1103
125;1071
125;1147
125;1127
126;2753
126;2765
126;2752
126;2719
126;2761
126;2737
126;2724
126;2686
126;2729
126;2722
126;2739
126;4604
126;4657
126;4643
126;4567
126;4650
126;4676
126;4563
126;4528
126;4432
126;4549
126;4638
127;1080
127;1043
127;1142
127;1247
127;1155
127;1257
127;1087
127;1203
127;1071
127;1147
127;1127
127;4604
127;4618
127;4643
127;4567
127;4650
127;4548
127;4494
127;4496
127;4565
127;4549
127;4638
128;3902
128;3929
128;3989
128;3985
128;3866
128;3939
128;3874
128;3916
128;3856
128;3849
128;3918
128;2753
128;2765
128;2752
128;2719
128;2761
128;2737
128;2724
128;2686
128;2729
128;2722
128;2739
129;1503
129;1356
129;1638
129;1414
129;1536
129;1580
129;1573
129;1527
129;1481
129;1459
129;1564
129;2733
129;2765
129;2690
129;2719
129;2748
129;2729
129;2737
129;2724
129;2709
129;2700
129;2726
130;5685
130;5725
130;5656
130;5645
130;5672
130;5513
130;5634
130;5587
130;5617
130;5769
130;5699
130;1847
130;1808
130;1895
130;1820
130;1817
130;1870
130;1912
130;1831
130;1878
130;1835
130;1818
131;3354
131;3490
131;3503
131;3312
131;3333
131;3411
131;3565
131;3319
131;3341
131;3538
131;3364
131;6002
131;6155
131;6020
131;6072
131;5992
131;6048
131;6016
131;6012
131;6108
131;6145
131;6098
132;2019
132;2084
132;2070
132;2083
132;2071
132;2164
132;2157
132;2008
132;2038
132;2136
132;2161
132;891
132;837
132;830
132;897
132;910
132;873
132;878
132;848
132;820
132;822
132;861
133;2263
133;2297
133;2296
133;2205
133;2299
133;2280
133;2197
133;2279
133;2222
133;2245
133;2240
133;4147
133;4156
133;4177
133;4166
133;4139
133;4155
133;4151
133;4148
133;4170
133;4169
133;4136
134;2528
134;2529
134;2526
134;2527
134;2569
134;2560
134;2563
134;2533
134;2549
134;2543
134;2531
134;5296
134;5363
134;5320
134;5315
134;5372
134;5291
134;5367
134;5275
134;5279
134;5337
134;5341
135;8369
135;8340
135;8314
135;8387
135;8258
135;8309
135;8409
135;8243
135;8303
135;8440
135;8272
135;2642
135;2613
135;2664
135;2604
135;2602
135;2610
135;2582
135;2581
135;2662
135;2588
135;2653
136;4525
136;4547
136;4442
136;4470
136;4543
136;4519
136;4528
136;4644
136;4617
136;4661
136;4638
136;5209
136;5028
136;5044
136;4983
136;5158
136;5010
136;5122
136;5048
136;5176
136;5227
136;4978
137;7820
137;7910
137;7983
137;7948
137;7843
137;7892
137;7998
137;7819
137;7971
137;7960
137;7844
137;2919
137;2929
137;2920
137;2950
137;2904
137;2946
137;2944
137;2969
137;2928
137;2911
137;2970
138;3902
138;3814
138;3836
138;3989
138;3959
138;3785
138;3987
138;3856
138;3916
138;3939
138;3768
138;4259
138;4229
138;4211
138;4236
138;4209
138;4251
138;4227
138;4245
138;4232
138;4210
138;4221
139;750
139;629
139;570
139;806
139;747
139;616
139;602
139;745
139;678
139;682
139;515
139;1317
139;1319
139;1333
139;1326
139;1318
139;1331
139;1329
139;1330
139;1327
139;1323
139;1320
140;4714
140;4722
140;4773
140;4750
140;4765
140;4720
140;4716
140;4756
140;4782
140;4699
140;4711
140;5815
140;5792
140;5866
140;5846
140;5861
140;5843
140;5798
140;5862
140;5837
140;5814
140;5836
141;196
141;114
141;116
141;180
141;26
141;134
141;206
141;162
141;155
141;192
141;77
141;6698
141;6607
141;6623
141;6708
141;6706
141;6738
141;6687
141;6681
141;6688
141;6721
141;6605
142;4091
142;4101
142;4096
142;4077
142;4071
142;4072
142;4098
142;4110
142;4069
142;4084
142;4074
142;3655
142;3589
142;3585
142;3601
142;3658
142;3595
142;3587
142;3661
142;3586
142;3619
142;3577
143;1080
143;1043
143;1142
143;1247
143;1208
143;1257
143;1087
143;1127
143;1103
143;1071
143;1147
143;483
143;452
143;470
143;473
143;492
143;450
143;503
143;497
143;465
143;502
143;485
144;7047
144;7106
144;7059
144;7223
144;7101
144;7196
144;7228
144;7187
144;7090
144;7128
144;7127
144;2409
144;2520
144;2449
144;2477
144;2391
144;2452
144;2388
144;2415
144;2458
144;2507
144;2493
117;1503
117;1356
117;1414
117;1536
117;1573
117;1601
117;1527
117;1459
117;5725
117;5645
117;5672
117;5513
117;5587
117;5769
117;5699
146;1847
146;1808
146;1895
146;1817
146;1870
146;1912
146;1831
146;1867
146;1878
146;1802
146;1818
146;2733
146;2734
146;2690
146;2719
146;2748
146;2729
146;2737
146;2724
146;2740
146;2722
146;2726
147;3354
147;3503
147;3312
147;3333
147;3454
147;3411
147;3319
147;3341
147;3538
147;3486
147;3364
147;2019
147;2084
147;2070
147;2083
147;2071
147;2141
147;2164
147;2008
147;2038
147;2136
147;2161
148;891
148;830
148;897
148;868
148;910
148;878
148;848
148;870
148;820
148;822
148;861
148;6002
148;6155
148;6020
148;6072
148;5992
148;6048
148;6016
148;6012
148;6108
148;6145
148;6098
149;2263
149;2297
149;2296
149;2205
149;2299
149;2280
149;2197
149;2279
149;2222
149;2245
149;2240
149;2528
149;2529
149;2526
149;2527
149;2569
149;2560
149;2547
149;2563
149;2533
149;2543
149;2531
150;5296
150;5363
150;5320
150;5300
150;5372
150;5367
150;5275
150;5279
150;5337
150;5338
150;5341
150;4147
150;4156
150;4177
150;4166
150;4139
150;4155
150;4151
150;4135
150;4148
150;4170
150;4160
151;8369
151;8314
151;8313
151;8258
151;8385
151;8409
151;8338
151;8243
151;8319
151;8441
151;8272
151;4525
151;4547
151;4442
151;4470
151;4543
151;4519
151;4528
151;4644
151;4617
151;4661
151;4638
152;5002
152;5028
152;5044
152;4957
152;4983
152;5144
152;5010
152;5122
152;5048
152;5176
152;4978
152;2642
152;2613
152;2664
152;2604
152;2602
152;2610
152;2582
152;2581
152;2662
152;2588
152;2653
153;7820
153;7910
153;7983
153;7948
153;7843
153;7892
153;7998
153;7819
153;7960
153;7957
153;7919
153;3902
153;3814
153;3836
153;3989
153;3959
153;3785
153;3987
153;3916
153;3967
153;3849
153;3768
154;4259
154;4229
154;4211
154;4236
154;4209
154;4231
154;4227
154;4232
154;4219
154;4210
154;4221
154;2919
154;2929
154;2920
154;2950
154;2904
154;2946
154;2944
154;2943
154;2969
154;2911
154;2970
155;750
155;629
155;806
155;747
155;616
155;623
155;602
155;678
155;646
155;682
155;515
155;4714
155;4722
155;4773
155;4750
155;4765
155;4716
155;4756
155;4778
155;4782
155;4699
155;4711
156;5815
156;5882
156;5792
156;5866
156;5861
156;5843
156;5862
156;5800
156;5837
156;5847
156;5814
156;1317
156;1333
156;1318
156;1334
156;1331
156;1329
156;1330
156;1327
156;1328
156;1323
156;1320
157;196
157;114
157;116
157;180
157;26
157;134
157;206
157;162
157;155
157;192
157;77
157;4080
157;4096
157;4077
157;4059
157;4071
157;4072
157;4098
157;4110
157;4069
157;4084
157;4076
158;3655
158;3589
158;3585
158;3601
158;3658
158;3595
158;3587
158;3661
158;3586
158;3744
158;3619
158;6615
158;6607
158;6626
158;6604
158;6708
158;6738
158;6687
158;6681
158;6688
158;6721
158;6712
159;1080
159;1043
159;1242
159;1142
159;1208
159;1257
159;1087
159;1118
159;1127
159;1154
159;1147
159;7047
159;7133
159;7106
159;7059
159;7101
159;7196
159;7187
159;7090
159;7128
159;7113
159;7127
160;2409
160;2520
160;2449
160;2477
160;2391
160;2452
160;2388
160;2415
160;2458
160;2507
160;2493
160;483
160;452
160;473
160;496
160;492
160;486
160;454
160;450
160;461
160;465
160;501
48;1847
48;1895
48;1812
48;1870
48;1899
48;1880
48;1831
48;1867
48;1878
48;1503
48;1638
48;1414
48;1536
48;1580
48;1573
48;1527
48;1481
48;1459
48;1564
162;2733
162;2765
162;2734
162;2690
162;2719
162;2748
162;2729
162;2737
162;2724
162;2722
162;2726
162;5685
162;5725
162;5656
162;5645
162;5672
162;5513
162;5634
162;5587
162;5617
162;5769
162;5699
163;891
163;830
163;897
163;868
163;910
163;878
163;819
163;848
163;870
163;861
163;899
163;3509
163;3314
163;3422
163;3503
163;3312
163;3411
163;3319
163;3429
163;3355
163;3561
163;3546
164;6002
164;6155
164;6020
164;5992
164;6048
164;6016
164;6108
164;6162
164;6098
164;6064
164;6068
164;2019
164;2084
164;2070
164;2083
164;2071
164;2141
164;2065
164;2008
164;2038
164;2136
164;2161
165;5296
165;5363
165;5320
165;5266
165;5300
165;5372
165;5291
165;5275
165;5279
165;5337
165;5338
165;2263
165;2203
165;2205
165;2199
165;2290
165;2222
165;2238
165;2253
165;2273
165;2275
165;2252
166;4147
166;4156
166;4177
166;4166
166;4139
166;4155
166;4151
166;4144
166;4133
166;4170
166;4169
166;2528
166;2529
166;2562
166;2526
166;2527
166;2560
166;2563
166;2533
166;2549
166;2543
166;2539
167;5002
167;5050
167;5028
167;5044
167;4983
167;4998
167;5122
167;5176
167;5227
167;4978
167;5100
167;8369
167;8314
167;8313
167;8258
167;8385
167;8409
167;8338
167;8243
167;8319
167;8441
167;8272
168;2642
168;2613
168;2604
168;2602
168;2610
168;2636
168;2582
168;2662
168;2588
168;2653
168;2583
168;4513
168;4470
168;4632
168;4548
168;4625
168;4666
168;4557
168;4583
168;4555
168;4446
168;4644
169;4259
169;4229
169;4211
169;4230
169;4209
169;4251
169;4231
169;4227
169;4219
169;4210
169;4221
169;7820
169;7910
169;7948
169;7843
169;7952
169;7892
169;7998
169;7819
169;7960
169;7919
169;7844
170;2919
170;2929
170;2920
170;2950
170;2904
170;2946
170;2944
170;2943
170;2900
170;2969
170;2970
170;3902
170;3959
170;3956
170;3827
170;3882
170;3856
170;3916
170;3967
170;3939
170;3961
170;3768
103;5815
103;5882
103;5792
103;5866
103;5862
103;5800
103;5847
103;5814
103;750
103;629
103;806
103;616
103;623
103;515
172;1317
172;1333
172;1326
172;1318
172;1334
172;1338
172;1331
172;1335
172;1322
172;1324
172;1320
172;4714
172;4722
172;4773
172;4750
172;4765
172;4716
172;4756
172;4778
172;4782
172;4699
172;4711
173;3655
173;3643
173;3589
173;3585
173;3658
173;3595
173;3661
173;3615
173;3586
173;3744
173;3619
173;196
173;114
173;116
173;180
173;26
173;246
173;206
173;162
173;155
173;214
173;192
15;6615
15;6607
15;6708
15;6706
15;6738
15;6622
15;6687
15;6688
15;6609
15;6638
15;4080
15;4096
15;4077
15;4059
15;4071
15;4062
15;4110
15;4069
15;4084
15;4124
175;2441
175;2520
175;2449
175;2477
175;2391
175;2452
175;2388
175;2415
175;2458
175;2507
175;2442
175;1080
175;1247
175;1208
175;1146
175;1229
175;1118
175;1154
175;1101
175;1103
175;1139
175;1159
176;483
176;442
176;473
176;496
176;492
176;486
176;454
176;450
176;461
176;465
176;501
176;7047
176;7133
176;7106
176;7059
176;7101
176;7196
176;7187
176;7090
176;7128
176;7127
176;7117
177;1503
177;1356
177;1638
177;1414
177;1536
177;1452
177;1573
177;1527
177;1481
177;1459
177;1564
177;2019
177;2084
177;2070
177;2083
177;2071
177;2141
177;2164
177;2008
177;2038
177;2136
177;2161
178;2263
178;2297
178;2296
178;2205
178;2299
178;2280
178;2197
178;2279
178;2222
178;2240
178;2252
178;8369
178;8314
178;8313
178;8387
178;8258
178;8385
178;8409
178;8243
178;8319
178;8303
178;8272
179;6002
179;6155
179;6020
179;5992
179;6154
179;6016
179;6108
179;6162
179;6145
179;6098
179;6064
179;5685
179;5725
179;5741
179;5656
179;5645
179;5672
179;5513
179;5634
179;5587
179;5617
179;5699
180;2642
180;2613
180;2664
180;2604
180;2602
180;2610
180;2582
180;2581
180;2662
180;2588
180;2653
180;4147
180;4156
180;4177
180;4166
180;4139
180;4155
180;4144
180;4133
180;4171
180;4170
180;4169
181;3902
181;3814
181;3836
181;3989
181;3882
181;3785
181;3987
181;3916
181;3939
181;3849
181;3768
181;5815
181;5882
181;5792
181;5866
181;5861
181;5843
181;5862
181;5837
181;5847
181;5814
181;5836
182;196
182;114
182;180
182;26
182;194
182;246
182;206
182;162
182;155
182;192
182;77
182;483
182;470
182;442
182;473
182;486
182;480
182;503
182;497
182;465
182;501
182;502
183;750
183;629
183;806
183;747
183;616
183;623
183;602
183;678
183;646
183;682
183;659
183;7820
183;7910
183;7948
183;7843
183;7952
183;7892
183;7998
183;7819
183;7960
183;7919
183;7844
184;1080
184;1043
184;1142
184;1247
184;1208
184;1257
184;1087
184;1118
184;1127
184;1154
184;1171
184;3655
184;3643
184;3589
184;3585
184;3601
184;3658
184;3595
184;3587
184;3661
184;3744
184;3619
185;1503
185;1638
185;1414
185;1536
185;1532
185;1452
185;1580
185;1573
185;1481
185;1459
185;1564
185;2263
185;2297
185;2296
185;2205
185;2299
185;2280
185;2279
185;2222
185;2238
185;2245
185;2240
186;3902
186;3814
186;3836
186;3989
186;3959
186;3785
186;3987
186;3856
186;3916
186;3939
186;3768
186;196
186;114
186;116
186;26
186;134
186;246
186;206
186;162
186;155
186;142
186;192
187;6002
187;6155
187;6020
187;6072
187;5992
187;6108
187;6162
187;6145
187;6098
187;6064
187;6024
187;2642
187;2571
187;2613
187;2664
187;2602
187;2610
187;2582
187;2581
187;2662
187;2588
187;2653
188;750
188;629
188;806
188;600
188;542
188;551
188;602
188;678
188;646
188;682
188;659
188;1080
188;1043
188;1142
188;1247
188;1208
188;1257
188;1087
188;1118
188;1127
188;1159
188;1171
189;1503
189;1414
189;1536
189;1412
189;1532
189;1452
189;1573
189;1527
189;1379
189;1481
189;1459
189;196
189;114
189;116
189;26
189;134
189;246
189;206
189;162
189;155
189;142
189;192
57;6002
57;6155
57;6020
57;6072
57;6016
57;6108
57;6162
57;6145
57;6098
57;6064
57;750
57;629
57;806
57;600
57;747
57;551
57;722
57;678
57;646
57;659
191;1503
191;1638
191;1414
191;1549
191;1532
191;1580
191;1573
191;1601
191;1527
191;1665
191;1492
191;6002
191;6155
191;6020
191;6072
191;5992
191;6012
191;6003
191;6162
191;6145
191;6098
191;6064
192;196
192;114
192;116
192;26
192;246
192;206
192;162
192;155
192;151
192;142
192;192
192;750
192;629
192;806
192;600
192;747
192;551
192;722
192;678
192;646
192;682
192;659
193;7556
193;7548
193;7569
193;7590
193;7554
193;7591
193;7584
193;7568
193;7559
193;7544
193;7576
193;5704
193;5725
193;5741
193;5656
193;5692
193;5513
193;5641
193;5759
193;5600
193;5771
193;5587
121;8340
121;8459
121;8387
121;8385
121;8389
121;8243
121;8321
121;8303
121;3956
121;3746
121;3843
121;3836
121;3854
121;3981
121;3824
121;3947
121;3855
121;3750
195;750
195;600
195;643
195;760
195;602
195;800
195;678
195;641
195;646
195;682
195;786
195;5815
195;5882
195;5872
195;5868
195;5848
195;5831
195;5822
195;5817
195;5788
195;5844
195;5851
196;2409
196;2358
196;2479
196;2465
196;2350
196;2496
196;2431
196;2415
196;2458
196;2514
196;2493
196;4182
196;4173
196;4165
196;4183
196;4177
196;4181
196;4144
196;4148
196;4170
196;4132
196;4136
20;4523
20;4547
20;4486
20;4648
20;4553
20;4519
20;4561
20;4557
20;4583
20;4617
20;4529
20;3655
20;3591
20;3695
20;3604
20;3618
20;3595
20;3619
20;3625
20;3606
20;3577
20;3634
198;458
198;452
198;441
198;506
198;473
198;480
198;490
198;509
198;507
198;477
198;462
198;3276
198;3263
198;3302
198;3267
198;3278
198;3283
198;3262
198;3280
198;3296
198;3291
198;3270
199;196
199;65
199;12
199;162
199;180
199;134
199;246
199;206
199;192
199;214
199;142
199;894
199;877
199;874
199;911
199;825
199;827
199;835
199;841
199;904
199;822
199;839
200;7504
200;7382
200;7520
200;7358
200;7404
200;7495
200;7419
200;7369
200;7391
200;7450
200;7532
200;4088
200;4113
200;4105
200;4095
200;4122
200;4067
200;4072
200;4069
200;4084
200;4121
200;4076
201;6111
201;6132
201;6040
201;6073
201;6125
201;6123
201;6016
201;6108
201;6130
201;6064
201;6145
201;2886
201;2835
201;2785
201;2825
201;2870
201;2868
201;2830
201;2833
201;2810
201;2793
201;2874
202;5296
202;5299
202;5358
202;5320
202;5328
202;5264
202;5271
202;5308
202;5275
202;5279
202;5338
202;1843
202;1808
202;1895
202;1811
202;1870
202;1863
202;1831
202;1867
202;1835
202;1818
202;1924
203;5002
203;5042
203;5028
203;5011
203;5237
203;5048
203;5168
203;5122
203;5138
203;5099
203;5090
203;6338
203;6293
203;6250
203;6329
203;6200
203;6224
203;6334
203;6232
203;6310
203;6331
203;6215
204;5966
204;5958
204;5968
204;5978
204;5965
204;5973
204;5952
204;5941
204;5972
204;5957
204;5954
204;3248
204;3255
204;3238
204;3260
204;3239
204;3257
204;3259
204;3240
204;3254
204;3258
204;3243
205;2528
205;2562
205;2559
205;2532
205;2540
205;2569
205;2560
205;2563
205;2549
205;2543
205;2534
205;6639
205;6607
205;6701
205;6719
205;6623
205;6705
205;6681
205;6634
205;6721
205;6673
205;6633
206;1503
206;1532
206;1522
206;1500
206;1552
206;1450
206;1441
206;1469
206;1513
206;1523
206;1621
206;2341
206;2303
206;2338
206;2339
206;2309
206;2330
206;2333
206;2327
206;2302
206;2310
206;2307
207;4259
207;4218
207;4229
207;4236
207;4243
207;4248
207;4251
207;4206
207;4233
207;4252
207;4227
207;2019
207;2109
207;2070
207;2083
207;2023
207;2164
207;2157
207;2050
207;2085
207;2136
207;2015
208;3354
208;3490
208;3496
208;3349
208;3503
208;3411
208;3565
208;3319
208;3341
208;3538
208;3561
208;7820
208;7910
208;7958
208;7878
208;8001
208;7891
208;7817
208;7892
208;7859
208;7927
208;7842
209;7556
209;7548
209;7561
209;7569
209;7554
209;7591
209;7584
209;7568
209;7559
209;7544
209;7576
209;8369
209;8340
209;8314
209;8306
209;8387
209;8385
209;8389
209;8243
209;8272
209;8441
209;8303
210;3902
210;3956
210;3746
210;3843
210;3836
210;3981
210;3909
210;3824
210;3947
210;3855
210;3750
210;5704
210;5725
210;5741
210;5656
210;5692
210;5672
210;5641
210;5759
210;5600
210;5771
210;5587
211;4182
211;4165
211;4183
211;4177
211;4152
211;4166
211;4181
211;4144
211;4148
211;4169
211;4136
211;5815
211;5882
211;5872
211;5868
211;5848
211;5874
211;5831
211;5822
211;5817
211;5788
211;5847
212;750
212;600
212;643
212;760
212;602
212;678
212;641
212;745
212;646
212;682
212;786
212;2409
212;2489
212;2358
212;2479
212;2465
212;2496
212;2431
212;2415
212;2458
212;2514
212;2493
213;196
213;65
213;12
213;162
213;180
213;134
213;246
213;206
213;192
213;214
213;142
213;7504
213;7382
213;7520
213;7358
213;7505
213;7495
213;7369
213;7391
213;7439
213;7396
213;7532
214;3276
214;3263
214;3302
214;3267
214;3278
214;3283
214;3262
214;3280
214;3296
214;3285
214;3291
214;3655
214;3591
214;3695
214;3604
214;3618
214;3595
214;3619
214;3625
214;3725
214;3577
214;3634
215;4544
215;4547
215;4486
215;4648
215;4473
215;4519
215;4561
215;4557
215;4448
215;4617
215;4529
215;483
215;452
215;441
215;506
215;473
215;451
215;480
215;490
215;509
215;507
215;477
216;4088
216;4113
216;4105
216;4096
216;4055
216;4067
216;4072
216;4069
216;4084
216;4121
216;4076
216;894
216;877
216;874
216;911
216;824
216;827
216;835
216;904
216;855
216;845
216;820
217;6111
217;6132
217;6040
217;6073
217;6125
217;6123
217;6016
217;6108
217;6130
217;6064
217;6145
217;5296
217;5299
217;5358
217;5320
217;5328
217;5264
217;5271
217;5308
217;5275
217;5279
217;5338
218;1843
218;1808
218;1895
218;1811
218;1842
218;1870
218;1912
218;1831
218;1835
218;1828
218;1924
218;2886
218;2835
218;2785
218;2825
218;2870
218;2868
218;2830
218;2818
218;2889
218;2793
218;2874
219;3248
219;3249
219;3255
219;3239
219;3252
219;3257
219;3259
219;3245
219;3240
219;3254
219;3258
219;6338
219;6293
219;6250
219;6200
219;6224
219;6334
219;6232
219;6310
219;6318
219;6331
219;6215
220;5121
220;5042
220;5028
220;5011
220;5237
220;5048
220;5168
220;5122
220;5138
220;5099
220;5090
220;5966
220;5958
220;5968
220;5978
220;5965
220;5973
220;5952
220;5941
220;5972
220;5957
220;5954
221;1503
221;1532
221;1522
221;1500
221;1552
221;1450
221;1441
221;1469
221;1513
221;1523
221;1621
221;2528
221;2562
221;2559
221;2532
221;2540
221;2569
221;2560
221;2563
221;2549
221;2539
221;2534
222;6639
222;6607
222;6719
222;6683
222;6623
222;6705
222;6681
222;6735
222;6721
222;6731
222;6605
222;2341
222;2303
222;2338
222;2339
222;2309
222;2330
222;2333
222;2327
222;2302
222;2310
222;2307
223;2019
223;2109
223;2070
223;2083
223;2071
223;2023
223;2164
223;2050
223;2136
223;2144
223;2015
223;7820
223;7910
223;7983
223;7878
223;8001
223;7891
223;7892
223;7819
223;7859
223;7863
223;7927
224;3354
224;3490
224;3496
224;3349
224;3503
224;3565
224;3319
224;3341
224;3561
224;3546
224;3471
224;4259
224;4218
224;4229
224;4236
224;4243
224;4251
224;4258
224;4233
224;4255
224;4227
224;4242
225;5704
225;5725
225;5741
225;5656
225;5692
225;5672
225;5759
225;5617
225;5600
225;5538
225;5587
225;8369
225;8340
225;8306
225;8459
225;8387
225;8385
225;8389
225;8243
225;8272
225;8441
225;8303
226;3902
226;3956
226;3843
226;3970
226;3801
226;3854
226;3826
226;3824
226;3947
226;3800
226;3846
226;7552
226;7561
226;7569
226;7578
226;7554
226;7588
226;7591
226;7584
226;7553
226;7576
226;7582
227;5815
227;5882
227;5783
227;5868
227;5848
227;5832
227;5874
227;5797
227;5817
227;5788
227;5851
227;2409
227;2358
227;2479
227;2465
227;2350
227;2496
227;2431
227;2415
227;2458
227;2514
227;2493
228;4182
228;4162
228;4165
228;4183
228;4177
228;4152
228;4166
228;4181
228;4144
228;4148
228;4170
228;750
228;600
228;742
228;562
228;703
228;554
228;800
228;745
228;682
228;515
228;684
229;3276
229;3263
229;3302
229;3267
229;3278
229;3283
229;3262
229;3280
229;3296
229;3285
229;3291
229;4544
229;4547
229;4486
229;4648
229;4651
229;4519
229;4557
229;4448
229;4583
229;4617
229;4493
230;3655
230;3591
230;3604
230;3594
230;3618
230;3595
230;3619
230;3625
230;3629
230;3641
230;3577
230;483
230;452
230;441
230;506
230;473
230;480
230;490
230;509
230;507
230;477
230;462
231;4088
231;4113
231;4105
231;4095
231;4096
231;4067
231;4072
231;4069
231;4084
231;4121
231;4076
231;196
231;65
231;162
231;180
231;26
231;134
231;246
231;206
231;192
231;214
231;41
232;894
232;877
232;816
232;911
232;824
232;827
232;835
232;904
232;822
232;854
232;820
232;7504
232;7520
232;7358
232;7404
232;7441
232;7495
232;7369
232;7391
232;7439
232;7396
232;7532
233;3248
233;3249
233;3255
233;3260
233;3239
233;3257
233;3256
233;3240
233;3247
233;3258
233;3243
233;5121
233;5042
233;5028
233;5011
233;5237
233;5048
233;5168
233;5084
233;5138
233;5099
233;5059
234;6338
234;6293
234;6238
234;6231
234;6250
234;6334
234;6232
234;6310
234;6241
234;6318
234;6331
234;5966
234;5958
234;5968
234;5978
234;5965
234;5973
234;5952
234;5941
234;5972
234;5957
234;5954
235;2886
235;2785
235;2825
235;2840
235;2870
235;2868
235;2830
235;2833
235;2889
235;2793
235;2874
235;5296
235;5299
235;5358
235;5320
235;5328
235;5264
235;5271
235;5308
235;5275
235;5279
235;5338
236;1843
236;1808
236;1895
236;1842
236;1814
236;1817
236;1870
236;1880
236;1863
236;1835
236;1818
236;6111
236;6040
236;6073
236;6125
236;5998
236;6123
236;6016
236;6108
236;6130
236;6064
236;6145
237;6639
237;6607
237;6637
237;6719
237;6626
237;6623
237;6706
237;6681
237;6735
237;6721
237;6633
237;1503
237;1532
237;1522
237;1500
237;1552
237;1356
237;1450
237;1469
237;1502
237;1523
237;1566
238;2341
238;2303
238;2338
238;2339
238;2309
238;2330
238;2333
238;2327
238;2302
238;2310
238;2307
238;2528
238;2529
238;2562
238;2540
238;2569
238;2560
238;2557
238;2563
238;2543
238;2539
238;2550
239;2019
239;2109
239;2070
239;2083
239;2071
239;2164
239;2157
239;2046
239;2136
239;2063
239;2015
239;3354
239;3490
239;3496
239;3349
239;3503
239;3411
239;3565
239;3319
239;3341
239;3561
239;3546
240;7820
240;7910
240;7983
240;7878
240;8001
240;7891
240;7817
240;7892
240;7859
240;7927
240;7842
240;4259
240;4218
240;4229
240;4211
240;4253
240;4256
240;4248
240;4251
240;4206
240;4249
240;4255
14;8369
14;8340
14;8306
14;8387
14;8385
14;8389
14;8243
14;8272
14;8303
14;2409
14;2358
14;2479
14;2465
14;2350
14;2496
14;2431
14;2424
14;2415
14;2458
14;2493
242;3655
242;3591
242;3604
242;3594
242;3618
242;3595
242;3619
242;3625
242;3606
242;3577
242;3634
242;4088
242;4113
242;4105
242;4095
242;4085
242;4096
242;4067
242;4072
242;4069
242;4084
242;4076
243;196
243;65
243;162
243;180
243;26
243;134
243;246
243;206
243;192
243;214
243;142
243;4544
243;4547
243;4486
243;4648
243;4651
243;4519
243;4557
243;4448
243;4583
243;4617
243;4493
24;750
24;600
24;562
24;643
24;678
24;745
24;646
24;786
24;5704
24;5725
24;5741
24;5656
24;5692
24;5641
24;5759
24;5632
24;5587
24;5534
245;6111
245;6132
245;6040
245;6073
245;6125
245;6123
245;6016
245;6108
245;6064
245;6145
245;6098
245;3248
245;3249
245;3255
245;3260
245;3239
245;3259
245;3256
245;3240
245;3247
245;3258
245;3243
177;1532
177;1522
177;1500
177;1552
177;1469
177;1513
177;1601
177;1523
177;1621
177;2055
177;2031
177;2023
177;2144
177;2063
177;2015
247;6338
247;6293
247;6250
247;6200
247;6224
247;6334
247;6310
247;6300
247;6318
247;6217
247;6215
247;5296
247;5299
247;5358
247;5320
247;5328
247;5264
247;5271
247;5308
247;5275
247;5279
247;5338
248;3354
248;3490
248;3496
248;3349
248;3503
248;3411
248;3565
248;3319
248;3341
248;3561
248;3546
248;6639
248;6607
248;6719
248;6626
248;6623
248;6706
248;6681
248;6735
248;6721
248;6731
248;6605
249;6111
249;6132
249;6040
249;6125
249;6082
249;6123
249;6016
249;6108
249;6064
249;6145
249;6098
249;1503
249;1532
249;1522
249;1500
249;1552
249;1356
249;1450
249;1469
249;1513
249;1523
249;1621
250;8369
250;8340
250;8306
250;8459
250;8387
250;8389
250;8243
250;8297
250;8272
250;8441
250;8303
250;4088
250;4113
250;4105
250;4095
250;4085
250;4122
250;4067
250;4098
250;4069
250;4084
250;4076
251;750
251;600
251;562
251;643
251;703
251;602
251;678
251;745
251;646
251;682
251;786
251;196
251;65
251;162
251;180
251;26
251;134
251;246
251;206
251;192
251;214
251;142
252;6338
252;6335
252;6293
252;6250
252;6200
252;6214
252;6319
252;6232
252;6310
252;6241
252;6331
252;3354
252;3490
252;3496
252;3349
252;3503
252;3411
252;3565
252;3319
252;3341
252;3561
252;3546
253;8369
253;8314
253;8459
253;8387
253;8258
253;8309
253;8385
253;8389
253;8243
253;8272
253;8303
253;6111
253;6040
253;6073
253;6125
253;5998
253;6123
253;6108
253;6023
253;6064
253;6145
253;6098
254;196
254;65
254;162
254;180
254;26
254;134
254;246
254;206
254;270
254;214
254;142
254;3354
254;3490
254;3496
254;3349
254;3503
254;3411
254;3565
254;3319
254;3341
254;3561
254;3486
255;8369
255;8340
255;8314
255;8306
255;8387
255;8258
255;8389
255;8243
255;8272
255;8441
255;8303
255;40
255;65
255;7
255;180
255;26
255;124
255;134
255;246
255;206
255;192
255;41
256;6111
256;6132
256;6040
256;6073
256;6125
256;6123
256;6016
256;6108
256;6064
256;6145
256;6098
256;3354
256;3490
256;3496
256;3349
256;3503
256;3411
256;3565
256;3319
256;3341
256;3561
256;3486
257;163
257;65
257;162
257;180
257;181
257;246
257;66
257;30
257;239
257;142
257;214
257;2648
257;2629
257;2664
257;2632
257;2614
257;2606
257;2660
257;2591
257;2657
257;2671
257;2612
258;6448
258;6494
258;6442
258;6440
258;6595
258;6569
258;6514
258;6579
258;6567
258;6558
258;6600
258;2945
258;2932
258;2917
258;2921
258;2959
258;2941
258;2913
258;2969
258;2966
258;2918
258;2965
259;4614
259;4590
259;4486
259;4507
259;4648
259;4519
259;4452
259;4557
259;4487
259;4595
259;4492
259;6338
259;6327
259;6264
259;6231
259;6238
259;6224
259;6194
259;6302
259;6310
259;6318
259;6331
260;8034
260;8037
260;8043
260;8041
260;8033
260;8028
260;8031
260;8045
260;8042
260;8038
260;8049
260;7775
260;7730
260;7723
260;7641
260;7718
260;7598
260;7784
260;7721
260;7802
260;7678
260;7707
261;511
261;533
261;775
261;643
261;562
261;569
261;678
261;740
261;745
261;765
261;589
261;2561
261;2529
261;2562
261;2556
261;2540
261;2523
261;2569
261;2550
261;2563
261;2548
261;2539
262;7367
262;7332
262;7343
262;7324
262;7394
262;7335
262;7495
262;7325
262;7436
262;7381
262;7423
262;6129
262;6073
262;6125
262;6082
262;6040
262;6004
262;6123
262;6108
262;6144
262;6098
262;6145
263;5748
263;5741
263;5656
263;5692
263;5705
263;5663
263;5759
263;5695
263;5541
263;5600
263;5544
263;4747
263;4712
263;4768
263;4727
263;4758
263;4742
263;4756
263;4729
263;4782
263;4718
263;4696
264;325
264;324
264;326
264;329
264;320
264;322
264;318
264;335
264;336
264;339
264;317
264;6718
264;6646
264;6683
264;6694
264;6719
264;6711
264;6735
264;6648
264;6699
264;6731
264;6721
265;5002
265;5235
265;5095
265;5011
265;5149
265;5048
265;5222
265;5172
265;5176
265;5220
265;5090
265;4088
265;4090
265;4095
265;4106
265;4105
265;4083
265;4068
265;4098
265;4053
265;4084
265;4066
266;3662
266;3677
266;3604
266;3670
266;3695
266;3700
266;3707
266;3610
266;3585
266;3625
266;3679
266;6785
266;6801
266;6818
266;6921
266;6898
266;6799
266;6887
266;6897
266;6868
266;6885
266;6834
267;894
267;877
267;874
267;825
267;827
267;835
267;841
267;911
267;820
267;906
267;855
267;5295
267;5299
267;5311
267;5347
267;5362
267;5328
267;5325
267;5323
267;5272
267;5355
267;5370
129;1419
129;1390
129;1522
129;1500
129;1618
129;1444
129;1513
129;1628
129;1672
129;1345
129;1629
129;2745
129;2708
129;2759
129;2744
129;2677
129;2707
129;2712
129;2736
129;2706
269;3758
269;3746
269;3843
269;3977
269;3957
269;3994
269;3908
269;4001
269;3947
269;3997
269;3863
269;8003
269;7915
269;7958
269;7924
269;7841
269;7982
269;7834
269;7993
269;7817
269;7863
269;7972
270;2476
270;2446
270;2365
270;2426
270;2479
270;2510
270;2496
270;2460
270;2462
270;2457
270;2353
270;8006
270;8018
270;8004
270;8025
270;8009
270;8016
270;8021
270;8005
270;8022
270;8017
270;8023
271;3354
271;3488
271;3496
271;3503
271;3480
271;3565
271;3319
271;3451
271;3546
271;3391
271;3561
271;8222
271;8215
271;8229
271;8219
271;8226
271;8225
271;8209
271;8210
271;8218
271;8221
271;8228
272;8076
272;8102
272;8158
272;8107
272;8114
272;8139
272;8074
272;8081
272;8144
272;8110
272;8084
272;436
272;352
272;435
272;367
272;377
272;355
272;430
272;424
272;414
272;379
272;364
273;163
273;65
273;162
273;180
273;181
273;246
273;66
273;13
273;239
273;142
273;214
273;6448
273;6442
273;6440
273;6595
273;6449
273;6569
273;6514
273;6567
273;6558
273;6600
273;6493
274;2945
274;2932
274;2917
274;2921
274;2959
274;2941
274;2913
274;2969
274;2966
274;2918
274;2965
274;2648
274;2629
274;2664
274;2614
274;2669
274;2606
274;2660
274;2591
274;2657
274;2671
274;2612
275;4614
275;4486
275;4507
275;4648
275;4473
275;4519
275;4452
275;4557
275;4487
275;4595
275;4492
275;8034
275;8043
275;8041
275;8033
275;8028
275;8046
275;8031
275;8045
275;8038
275;8039
275;8049
276;7680
276;7730
276;7723
276;7641
276;7718
276;7598
276;7721
276;7696
276;7802
276;7678
276;7707
276;6223
276;6296
276;6264
276;6231
276;6238
276;6224
276;6194
276;6302
276;6310
276;6318
276;6331
277;511
277;533
277;775
277;643
277;562
277;678
277;740
277;745
277;638
277;765
277;589
277;7367
277;7343
277;7334
277;7394
277;7335
277;7384
277;7495
277;7325
277;7436
277;7381
277;7423
278;6129
278;6073
278;6125
278;6082
278;6040
278;6004
278;6123
278;6108
278;6144
278;6098
278;6145
278;2561
278;2529
278;2562
278;2556
278;2540
278;2569
278;2563
278;2557
278;2551
278;2539
278;2552
279;5748
279;5741
279;5656
279;5692
279;5705
279;5663
279;5759
279;5779
279;5695
279;5600
279;5544
279;325
279;324
279;326
279;329
279;320
279;322
279;318
279;335
279;336
279;339
279;317
280;6718
280;6646
280;6683
280;6694
280;6719
280;6627
280;6676
280;6634
280;6648
280;6699
280;6721
280;4747
280;4712
280;4768
280;4727
280;4758
280;4742
280;4756
280;4729
280;4782
280;4741
280;4718
281;5002
281;5235
281;5011
281;5149
281;5237
281;5048
281;5222
281;5172
281;5176
281;5220
281;5090
281;3662
281;3591
281;3677
281;3604
281;3695
281;3700
281;3619
281;3707
281;3610
281;3625
281;3679
282;6785
282;6801
282;6818
282;6921
282;6898
282;6799
282;6887
282;6897
282;6868
282;6885
282;6853
282;4088
282;4095
282;4116
282;4097
282;4105
282;4083
282;4068
282;4098
282;4054
282;4084
282;4066
283;1419
283;1390
283;1522
283;1500
283;1618
283;1444
283;1513
283;1628
283;1672
283;1345
283;1629
283;894
283;877
283;874
283;881
283;825
283;822
283;827
283;835
283;841
283;898
283;906
53;5295
53;5311
53;5347
53;5292
53;5328
53;5325
53;5334
53;5323
53;5272
53;5355
53;5370
53;2733
53;2745
53;2708
53;2759
53;2744
53;2748
53;2677
53;2707
53;2712
53;2736
53;2706
285;3758
285;3746
285;3843
285;3977
285;3957
285;3994
285;3908
285;3909
285;4001
285;3997
285;3863
285;2476
285;2446
285;2422
285;2365
285;2479
285;2435
285;2496
285;2460
285;2462
285;2457
285;2353
286;8006
286;8018
286;8025
286;8026
286;8007
286;8012
286;8016
286;8021
286;8005
286;8014
286;8017
286;8003
286;7915
286;7958
286;7924
286;7841
286;7982
286;7834
286;7993
286;7817
286;7863
286;7881
287;3354
287;3488
287;3496
287;3503
287;3480
287;3565
287;3319
287;3451
287;3546
287;3391
287;3561
287;8076
287;8102
287;8158
287;8107
287;8052
287;8141
287;8139
287;8074
287;8081
287;8144
287;8110
288;436
288;352
288;435
288;367
288;377
288;355
288;410
288;430
288;424
288;414
288;364
288;8222
288;8215
288;8219
288;8224
288;8225
288;8220
288;8209
288;8217
288;8212
288;8221
288;8228
289;2945
289;2929
289;2917
289;2897
289;2921
289;2941
289;2903
289;2969
289;2966
289;2909
289;2936
289;163
289;65
289;117
289;162
289;180
289;246
289;66
289;13
289;239
289;142
289;214
290;2648
290;2603
290;2629
290;2664
290;2614
290;2576
290;2581
290;2660
290;2591
290;2671
290;2612
290;6448
290;6442
290;6440
290;6595
290;6449
290;6514
290;6579
290;6567
290;6558
290;6600
290;6493
124;7680
124;7730
124;7723
124;7641
124;7718
124;7598
124;7721
124;7696
124;7707
124;7692
124;7599
124;4614
124;4486
124;4507
124;4648
124;4473
124;4452
124;4557
124;4487
124;4524
124;4617
124;4595
292;6223
292;6296
292;6264
292;6231
292;6238
292;6214
292;6194
292;6302
292;6255
292;6318
292;6331
292;8036
292;8037
292;8043
292;8041
292;8028
292;8046
292;8031
292;8045
292;8032
292;8038
292;8049
57;6129
57;6047
57;5998
57;6082
57;6010
57;6004
57;6130
57;6144
57;511
57;533
57;685
57;593
57;562
57;569
57;740
57;745
57;786
294;2528
294;2529
294;2554
294;2537
294;2540
294;2523
294;2569
294;2550
294;2563
294;2551
294;2534
294;7367
294;7343
294;7324
294;7334
294;7394
294;7340
294;7335
294;7495
294;7325
294;7355
294;7532
295;6718
295;6618
295;6646
295;6683
295;6719
295;6711
295;6676
295;6735
295;6648
295;6731
295;6712
295;5748
295;5741
295;5656
295;5692
295;5705
295;5663
295;5725
295;5695
295;5700
295;5598
295;5544
296;4747
296;4688
296;4768
296;4727
296;4758
296;4742
296;4784
296;4782
296;4741
296;4718
296;4696
296;325
296;324
296;326
296;329
296;320
296;337
296;322
296;335
296;336
296;339
296;317
297;6785
297;6801
297;6818
297;6898
297;6841
297;6887
297;6897
297;6868
297;6888
297;6885
297;6768
297;5002
297;5095
297;5011
297;5149
297;5237
297;5084
297;5222
297;5008
297;5172
297;5176
297;5090
142;4088
142;4095
142;4116
142;4097
142;4105
142;4083
142;4075
142;4068
142;4082
142;4066
142;4108
142;3662
142;3591
142;3604
142;3670
142;3609
142;3695
142;3707
142;3625
142;3679
299;5295
299;5347
299;5362
299;5292
299;5328
299;5325
299;5334
299;5323
299;5282
299;5305
299;5356
299;1419
299;1522
299;1500
299;1406
299;1468
299;1513
299;1628
299;1469
299;1507
299;1629
299;1621
300;2733
300;2745
300;2759
300;2744
300;2758
300;2748
300;2677
300;2707
300;2712
300;2736
300;2726
300;852
300;877
300;874
300;825
300;822
300;827
300;835
300;841
300;898
300;906
300;855
301;8006
301;8018
301;8004
301;8025
301;8011
301;8016
301;8005
301;8022
301;8014
301;8017
301;8023
301;3758
301;3843
301;3965
301;3977
301;3957
301;3994
301;3908
301;3909
301;3947
301;3863
301;3983
302;8003
302;7958
302;7966
302;7924
302;7841
302;7982
302;7834
302;7993
302;7817
302;7999
302;7863
302;2476
302;2422
302;2365
302;2426
302;2479
302;2435
302;2496
302;2462
302;2493
302;2457
302;2353
303;436
303;352
303;435
303;367
303;425
303;377
303;430
303;424
303;414
303;361
303;358
303;3348
303;3522
303;3450
303;3440
303;3424
303;3313
303;3511
303;3411
303;3418
303;3379
303;3504
304;8222
304;8215
304;8219
304;8224
304;8225
304;8220
304;8209
304;8217
304;8212
304;8221
304;8228
304;8076
304;8102
304;8158
304;8107
304;8052
304;8141
304;8139
304;8074
304;8081
304;8144
304;8110
91;163
91;65
91;162
91;180
91;181
91;246
91;66
91;13
91;239
91;142
91;214
91;7680
91;7730
91;7723
91;7641
91;7718
91;7598
91;7721
91;7696
91;7678
91;7707
91;7692
24;511
24;533
24;775
24;766
24;569
24;740
24;765
24;589
24;5748
24;5563
24;5663
24;5695
24;5541
24;5671
24;5598
307;4614
307;4486
307;4507
307;4648
307;4519
307;4452
307;4557
307;4487
307;4524
307;4474
307;4617
307;2945
307;2932
307;2917
307;2921
307;2959
307;2941
307;2913
307;2969
307;2966
307;2918
307;2965
308;6718
308;6646
308;6683
308;6694
308;6719
308;6627
308;6676
308;6634
308;6648
308;6699
308;6721
308;6129
308;5998
308;6073
308;6125
308;6082
308;6004
308;6123
308;6108
308;6064
308;6098
308;6145
309;5002
309;5095
309;5011
309;5237
309;5129
309;5084
309;5172
309;5176
309;5052
309;5220
309;5090
309;894
309;877
309;874
309;825
309;822
309;827
309;841
309;911
309;898
309;820
309;906
310;8003
310;7843
310;7915
310;7924
310;7841
310;7982
310;7834
310;7993
310;7817
310;7999
310;7863
310;8222
310;8215
310;8226
310;8225
310;8220
310;8209
310;8210
310;8212
310;8221
310;8228
310;8227
311;1419
311;1390
311;1522
311;1500
311;1618
311;1444
311;1513
311;1628
311;1672
311;1345
311;1629
311;4088
311;4095
311;4106
311;4116
311;4105
311;4068
311;4098
311;4053
311;4082
311;4084
311;4066
312;3354
312;3488
312;3496
312;3503
312;3480
312;3565
312;3319
312;3379
312;3504
312;3546
312;3561
312;3758
312;3746
312;3843
312;3977
312;3957
312;3994
312;3908
312;3909
312;4001
312;3947
312;3863
192;163
192;65
192;180
192;181
192;66
192;13
192;239
192;214
192;511
192;533
192;775
192;585
192;643
192;740
192;745
192;638
192;589
192;786
314;5002
314;5095
314;5011
314;4983
314;5237
314;5084
314;5222
314;5008
314;5172
314;5176
314;5220
314;8222
314;8215
314;8219
314;8224
314;8225
314;8220
314;8209
314;8210
314;8212
314;8221
314;8213
315;4614
315;4590
315;4486
315;4507
315;4648
315;4519
315;4452
315;4557
315;4487
315;4524
315;4617
315;6718
315;6646
315;6683
315;6694
315;6719
315;6711
315;6676
315;6735
315;6648
315;6699
315;6721
316;1419
316;1390
316;1522
316;1500
316;1618
316;1513
316;1628
316;1672
316;1469
316;1507
316;1629
316;3758
316;3746
316;3843
316;3977
316;3957
316;3994
316;3908
316;3909
316;4001
316;3947
316;3863
317;163
317;65
317;162
317;180
317;181
317;131
317;13
317;30
317;239
317;142
317;214
317;5002
317;5095
317;5011
317;5237
317;5129
317;5084
317;5222
317;5008
317;5172
317;5176
317;5220
318;6718
318;6646
318;6683
318;6694
318;6719
318;6627
318;6676
318;6634
318;6648
318;6699
318;6721
318;3758
318;3746
318;3843
318;3977
318;3957
318;3994
318;3908
318;3909
318;4001
318;3947
318;3863
141;127
141;124
141;202
141;181
141;131
141;246
141;66
141;239
141;142
141;214
141;6718
141;6701
141;6626
141;6646
141;6694
141;6627
141;6676
141;6634
141;6699
141;6731
320;5002
320;5095
320;5011
320;5237
320;5129
320;5084
320;5222
320;5008
320;5172
320;5176
320;5220
320;3758
320;3746
320;3843
320;3977
320;3957
320;3994
320;3908
320;3909
320;4001
320;3947
320;3863
321;3758
321;3900
321;3820
321;3977
321;3895
321;3994
321;3831
321;3931
321;3997
321;3863
321;3983
321;7294
321;7242
321;7254
321;7238
321;7249
321;7241
321;7257
321;7283
321;7247
321;7253
321;7255
322;4821
322;4822
322;4854
322;4811
322;4830
322;4837
322;4823
322;4835
322;4818
322;4827
322;4834
322;1815
322;1918
322;1925
322;1913
322;1850
322;1842
322;1900
322;1857
322;1841
322;1835
322;1873
323;8267
323;8355
323;8360
323;8410
323;8435
323;8308
323;8326
323;8455
323;8429
323;8231
323;8399
323;2886
323;2821
323;2846
323;2819
323;2820
323;2888
323;2817
323;2818
323;2889
323;2876
323;2874
324;127
324;167
324;291
324;181
324;219
324;86
324;13
324;239
324;66
324;122
324;142
324;349
324;435
324;437
324;352
324;377
324;430
324;354
324;373
324;379
324;361
324;381
325;4623
325;4581
325;4486
325;4507
325;4472
325;4452
325;4621
325;4524
325;4595
325;4529
325;4653
325;7673
325;7730
325;7732
325;7682
325;7723
325;7718
325;7598
325;7721
325;7788
325;7599
325;7707
326;6326
326;6205
326;6264
326;6210
326;6231
326;6238
326;6325
326;6203
326;6194
326;6318
326;6235
326;7536
326;7581
326;7542
326;7569
326;7550
326;7586
326;7588
326;7547
326;7570
326;7594
326;7563
195;577
195;732
195;731
195;775
195;807
195;701
195;772
195;663
195;545
195;5869
195;5801
195;5856
195;5880
195;5871
195;5855
195;5834
195;5832
195;5850
195;5786
328;3354
328;3421
328;3496
328;3408
328;3469
328;3336
328;3370
328;3556
328;3442
328;3504
328;3549
328;3300
328;3288
328;3274
328;3281
328;3290
328;3265
328;3306
328;3293
328;3279
328;3292
328;3297
162;2745
162;2758
162;2769
162;2698
162;2708
162;2735
162;2707
162;2746
162;2755
162;2683
162;5704
162;5774
162;5556
162;5759
162;5671
162;5653
162;5666
162;5548
162;5541
162;5538
330;1539
330;1390
330;1522
330;1630
330;1437
330;1618
330;1469
330;1614
330;1628
330;1506
330;1629
330;8198
330;8187
330;8164
330;8194
330;8195
330;8206
330;8185
330;8168
330;8169
330;8204
330;8201
331;5002
331;5161
331;5117
331;5011
331;5149
331;5063
331;5055
331;5219
331;5237
331;5222
331;5230
331;2914
331;2953
331;2932
331;2917
331;2930
331;2947
331;2896
331;2915
331;2941
331;2966
331;2918
332;2178
332;2189
332;2175
332;2188
332;2180
332;2190
332;2179
332;2182
332;2181
332;2177
332;2191
332;2625
332;2629
332;2674
332;2632
332;2669
332;2589
332;2660
332;2591
332;2607
332;2671
332;2612
333;5331
333;5307
333;5314
333;5326
333;5282
333;5325
333;5340
333;5360
333;5280
333;5354
333;5370
333;1094
333;1224
333;1215
333;1176
333;1208
333;1193
333;1124
333;1253
333;1238
333;1233
333;1256
334;2476
334;2365
334;2443
334;2392
334;2435
334;2516
334;2460
334;2496
334;2510
334;2505
334;2398
334;6463
334;6595
334;6487
334;6585
334;6440
334;6571
334;6497
334;6514
334;6511
334;6546
334;6600
335;7165
335;7132
335;7166
335;7169
335;7205
335;7192
335;7115
335;7211
335;7111
335;7060
335;7172
335;8076
335;8053
335;8137
335;8158
335;8077
335;8107
335;8095
335;8074
335;8071
335;8110
335;8092
158;3636
158;3650
158;3677
158;3575
158;3713
158;3700
158;3692
158;3722
158;3625
158;3679
158;6742
158;6666
158;6645
158;6614
158;6724
158;6723
158;6711
158;6648
158;6663
158;6699
158;6726
337;127
337;167
337;291
337;181
337;219
337;86
337;13
337;239
337;66
337;122
337;142
337;4821
337;4820
337;4822
337;4854
337;4811
337;4830
337;4823
337;4835
337;4818
337;4827
337;4834
338;3758
338;3900
338;3820
338;3977
338;3895
338;3994
338;3931
338;3921
338;3997
338;3863
338;3983
338;8267
338;8336
338;8360
338;8410
338;8435
338;8308
338;8455
338;8415
338;8429
338;8231
338;8399
339;1815
339;1918
339;1925
339;1913
339;1850
339;1842
339;1857
339;1841
339;1854
339;1835
339;1873
339;349
339;362
339;435
339;437
339;376
339;377
339;374
339;425
339;373
339;379
339;353
340;2886
340;2821
340;2846
340;2819
340;2820
340;2888
340;2817
340;2818
340;2889
340;2876
340;2874
340;7294
340;7242
340;7254
340;7249
340;7241
340;7291
340;7257
340;7283
340;7247
340;7253
340;7255
341;7673
341;7730
341;7732
341;7682
341;7723
341;7718
341;7598
341;7784
341;7721
341;7599
341;7707
341;5869
341;5801
341;5856
341;5880
341;5876
341;5882
341;5855
341;5804
341;5850
341;5786
341;5877
342;3354
342;3421
342;3496
342;3408
342;3469
342;3336
342;3370
342;3556
342;3442
342;3504
342;3549
342;6246
342;6205
342;6264
342;6210
342;6231
342;6238
342;6194
342;6302
342;6267
342;6318
342;6240
343;577
343;732
343;760
343;731
343;775
343;807
343;701
343;800
343;772
343;545
343;637
343;4623
343;4581
343;4486
343;4507
343;4472
343;4452
343;4621
343;4524
343;4467
343;4595
343;4529
344;7536
344;7581
344;7542
344;7569
344;7586
344;7588
344;7547
344;7570
344;7594
344;7579
344;7563
344;3300
344;3288
344;3305
344;3281
344;3290
344;3265
344;3293
344;3261
344;3279
344;3297
344;3268
345;5002
345;5161
345;5117
345;5011
345;5149
345;5238
345;5063
345;5219
345;5237
345;5222
345;5230
345;2733
345;2745
345;2758
345;2741
345;2698
345;2708
345;2738
345;2766
345;2707
345;2746
345;2683
346;1539
346;1390
346;1522
346;1630
346;1618
346;1359
346;1469
346;1614
346;1628
346;1506
346;1629
346;2178
346;2189
346;2180
346;2174
346;2190
346;2179
346;2182
346;2195
346;2181
346;2184
346;2177
347;5704
347;5774
347;5556
347;5656
347;5759
347;5671
347;5653
347;5728
347;5541
347;5538
347;5525
347;2914
347;2953
347;2932
347;2917
347;2930
347;2947
347;2915
347;2941
347;2966
347;2936
347;2918
348;2625
348;2629
348;2674
348;2632
348;2669
348;2589
348;2627
348;2660
348;2591
348;2671
348;2612
348;8198
348;8166
348;8164
348;8195
348;8185
348;8168
348;8197
348;8169
348;8176
348;8204
348;8201
349;5331
349;5307
349;5326
349;5311
349;5282
349;5325
349;5340
349;5319
349;5360
349;5354
349;5370
349;7165
349;7132
349;7166
349;7169
349;7202
349;7205
349;7192
349;7115
349;7211
349;7111
349;7172
350;2476
350;2365
350;2443
350;2392
350;2435
350;2516
350;2460
350;2496
350;2510
350;2505
350;2398
350;3636
350;3650
350;3575
350;3713
350;3700
350;3692
350;3707
350;3585
350;3625
350;3678
350;3679
351;8076
351;8053
351;8158
351;8077
351;8107
351;8095
351;8098
351;8074
351;8071
351;8133
351;8110
351;1094
351;1100
351;1086
351;1215
351;1208
351;1193
351;1124
351;1238
351;1233
351;1256
351;1198
352;6742
352;6666
352;6645
352;6650
352;6724
352;6700
352;6711
352;6648
352;6663
352;6699
352;6726
352;6463
352;6595
352;6487
352;6585
352;6571
352;6497
352;6514
352;6511
352;6513
352;6546
352;6600
101;2886
101;2821
101;2846
101;2820
101;2829
101;2888
101;2817
101;2868
101;2889
101;2830
101;2874
101;3758
101;3788
101;3900
101;3820
101;3977
101;3994
101;3908
101;4001
101;3997
101;3983
101;3834
354;7294
354;7242
354;7254
354;7285
354;7238
354;7249
354;7241
354;7257
354;7253
354;7235
354;7255
354;8267
354;8336
354;8360
354;8410
354;8435
354;8308
354;8455
354;8415
354;8429
354;8231
354;8399
355;1815
355;1918
355;1925
355;1913
355;1850
355;1842
355;1900
355;1857
355;1841
355;1835
355;1873
355;127
355;167
355;291
355;181
355;219
355;86
355;13
355;239
355;66
355;122
355;142
356;349
356;362
356;435
356;437
356;376
356;377
356;374
356;425
356;354
356;379
356;381
356;4821
356;4820
356;4822
356;4854
356;4811
356;4830
356;4823
356;4835
356;4818
356;4827
356;4834
357;7673
357;7730
357;7732
357;7682
357;7723
357;7718
357;7598
357;7784
357;7788
357;7599
357;7707
357;577
357;732
357;760
357;580
357;775
357;520
357;807
357;701
357;516
357;663
357;545
358;5815
358;5856
358;5876
358;5871
358;5882
358;5855
358;5804
358;5845
358;5786
358;5791
358;5863
358;4623
358;4581
358;4486
358;4507
358;4472
358;4630
358;4452
358;4621
358;4467
358;4595
358;4529
359;7536
359;7581
359;7542
359;7569
359;7586
359;7588
359;7547
359;7570
359;7594
359;7579
359;7563
359;3354
359;3366
359;3518
359;3565
359;3469
359;3407
359;3313
359;3456
359;3418
359;3504
359;3466
360;3269
360;3288
360;3264
360;3290
360;3265
360;3293
360;3303
360;3261
360;3279
360;3292
360;3268
360;6246
360;6205
360;6264
360;6210
360;6231
360;6238
360;6203
360;6194
360;6302
360;6318
360;6240
361;2625
361;2629
361;2674
361;2632
361;2669
361;2589
361;2627
361;2660
361;2591
361;2671
361;2612
361;1539
361;1390
361;1522
361;1437
361;1359
361;1509
361;1469
361;1614
361;1506
361;1629
361;1434
362;8198
362;8166
362;8187
362;8164
362;8206
362;8185
362;8168
362;8169
362;8176
362;8204
362;8201
362;2178
362;2192
362;2189
362;2180
362;2174
362;2190
362;2179
362;2195
362;2181
362;2177
362;2191
363;5704
363;5774
363;5556
363;5656
363;5759
363;5671
363;5653
363;5728
363;5541
363;5538
363;5525
363;5002
363;5161
363;5117
363;5011
363;5149
363;5238
363;5219
363;5237
363;5102
363;5222
363;5230
364;2914
364;2953
364;2932
364;2917
364;2930
364;2903
364;2947
364;2915
364;2941
364;2918
364;2965
364;2733
364;2745
364;2758
364;2741
364;2698
364;2744
364;2708
364;2738
364;2707
364;2683
364;2726
365;8076
365;8053
365;8158
365;8077
365;8107
365;8086
365;8098
365;8074
365;8071
365;8133
365;8110
365;5331
365;5307
365;5326
365;5311
365;5282
365;5325
365;5340
365;5319
365;5360
365;5354
365;5370
159;1094
159;1086
159;1222
159;1176
159;1124
159;1253
159;1238
159;1233
159;1256
159;1163
159;7165
159;7132
159;7166
159;7169
159;7202
159;7205
159;7115
159;7211
159;7049
159;7123
159;7060
367;6742
367;6666
367;6645
367;6614
367;6724
367;6700
367;6711
367;6648
367;6663
367;6699
367;6726
367;2476
367;2365
367;2443
367;2392
367;2435
367;2516
367;2479
367;2345
367;2496
367;2510
367;2505
368;6531
368;6504
368;6597
368;6478
368;6542
368;6514
368;6511
368;6516
368;6513
368;6546
368;6600
368;3636
368;3650
368;3575
368;3713
368;3700
368;3692
368;3722
368;3707
368;3625
368;3678
368;3679
369;127
369;167
369;221
369;181
369;13
369;125
369;239
369;66
369;198
369;142
369;27
369;6246
369;6205
369;6264
369;6210
369;6231
369;6238
369;6325
369;6194
369;6224
369;6318
369;6240
370;2886
370;2821
370;2846
370;2820
370;2829
370;2888
370;2817
370;2818
370;2889
370;2876
370;2874
370;4623
370;4581
370;4486
370;4507
370;4472
370;4630
370;4452
370;4621
370;4467
370;4595
370;4529
371;7673
371;7730
371;7732
371;7682
371;7723
371;7718
371;7598
371;7784
371;7788
371;7599
371;7707
371;7294
371;7242
371;7254
371;7238
371;7249
371;7241
371;7258
371;7253
371;7235
371;7255
371;7295
372;3354
372;3421
372;3496
372;3408
372;3407
372;3336
372;3370
372;3556
372;3442
372;3504
372;3466
372;4821
372;4820
372;4822
372;4854
372;4811
372;4830
372;4823
372;4835
372;4818
372;4827
372;4834
373;5704
373;5774
373;5556
373;5656
373;5759
373;5671
373;5653
373;5728
373;5541
373;5538
373;5525
373;3636
373;3588
373;3677
373;3713
373;3700
373;3692
373;3670
373;3707
373;3625
373;3737
373;3679
122;1539
122;1390
122;1522
122;1630
122;1437
122;1618
122;1469
122;1614
122;1628
122;1506
122;1629
122;1094
122;1222
122;1176
122;1208
122;1193
122;1124
122;1253
122;1238
122;1233
122;1256
122;1163
375;5331
375;5307
375;5326
375;5311
375;5282
375;5325
375;5347
375;5340
375;5319
375;5360
375;5333
375;8198
375;8187
375;8164
375;8194
375;8206
375;8185
375;8168
375;8197
375;8176
375;8204
375;8201
376;2476
376;2365
376;2443
376;2392
376;2435
376;2516
376;2479
376;2345
376;2496
376;2510
376;2505
376;5002
376;5161
376;5117
376;5032
376;5103
376;5238
376;5219
376;5237
376;5052
376;5222
376;5230
377;4623
377;4581
377;4486
377;4507
377;4472
377;4630
377;4452
377;4621
377;4467
377;4595
377;4529
377;1539
377;1390
377;1522
377;1630
377;1437
377;1618
377;1469
377;1614
377;1628
377;1514
377;1629
378;127
378;167
378;291
378;131
378;181
378;86
378;13
378;239
378;66
378;198
378;142
378;3636
378;3650
378;3588
378;3677
378;3713
378;3700
378;3692
378;3670
378;3707
378;3625
378;3679
379;3354
379;3496
379;3408
379;3518
379;3469
379;3407
379;3336
379;3370
379;3556
379;3418
379;3466
379;2476
379;2365
379;2443
379;2392
379;2435
379;2516
379;2479
379;2345
379;2496
379;2510
379;2505
380;7294
380;7242
380;7254
380;7238
380;7249
380;7241
380;7257
380;7247
380;7253
380;7235
380;7255
380;7246
380;7240
380;7285
380;7234
380;7291
380;7258
380;7283
380;7284
380;7282
380;7296
380;7236
380;7295
380;8198
380;8187
380;8164
380;8194
380;8185
380;8168
380;8197
380;8169
380;8176
380;8204
380;8201
381;127
381;167
381;181
381;219
381;86
381;13
381;239
381;66
381;198
381;142
381;27
381;2476
381;2365
381;2443
381;2392
381;2516
381;2479
381;2496
381;2510
381;2457
381;2350
381;2398
330;1514
330;1434
330;8197
330;8176
383;2476
383;2469
383;2392
383;2516
383;2479
383;2460
383;2345
383;2496
383;2510
383;2505
383;2457
383;8198
383;8187
383;8164
383;8194
383;8185
383;8168
383;8197
383;8169
383;8176
383;8204
383;8189
384;127
384;167
384;181
384;219
384;86
384;125
384;239
384;66
384;198
384;142
384;27
384;1539
384;1390
384;1522
384;1630
384;1437
384;1618
384;1469
384;1614
384;1628
384;1514
384;1629
385;1641
385;1390
385;1348
385;1510
385;1618
385;1403
385;1472
385;1430
385;1614
385;1629
385;1374
385;3180
385;3111
385;3120
385;3163
385;3132
385;3117
385;3124
385;3177
385;3146
385;3138
385;3168
386;5414
386;5498
386;5451
386;5497
386;5489
386;5454
386;5450
386;5431
386;5432
386;5465
386;5411
386;5901
386;5916
386;5888
386;5889
386;5894
386;5924
386;5920
386;5928
386;5899
386;5897
386;5933
387;1914
387;1925
387;1913
387;1850
387;1892
387;1806
387;1911
387;1885
387;1902
387;1873
387;1846
387;970
387;1013
387;991
387;932
387;992
387;949
387;926
387;1036
387;980
387;977
387;996
388;5157
388;5117
388;5011
388;5040
388;5149
388;4959
388;4975
388;5057
388;5058
388;4976
388;5230
388;2146
388;2056
388;2128
388;2080
388;2119
388;2168
388;2105
388;2003
388;2045
388;2172
388;2135
389;349
389;362
389;365
389;437
389;377
389;411
389;374
389;368
389;354
389;361
389;369
389;2879
389;2877
389;2873
389;2822
389;2820
389;2803
389;2844
389;2892
389;2830
389;2843
389;2876
226;3758
226;3900
226;3774
226;3820
226;3977
226;3831
226;3821
226;4001
226;3931
226;3860
226;3863
226;7592
226;7580
226;7551
226;7546
226;7586
226;7550
226;7547
226;7575
226;7537
226;7562
226;7563
391;6246
391;6264
391;6210
391;6320
391;6194
391;6302
391;6257
391;6292
391;6240
391;6218
391;6235
391;1796
391;1727
391;1722
391;1763
391;1790
391;1788
391;1690
391;1717
391;1753
391;1774
391;1762
392;6129
392;6110
392;6007
392;6081
392;6009
392;6105
392;6004
392;6164
392;6056
392;6085
392;6039
392;1096
392;1081
392;1197
392;1053
392;1076
392;1245
392;1213
392;1256
392;1052
392;1168
392;1166
92;2417
92;2469
92;2516
92;2443
92;2392
92;2421
92;2486
92;2451
92;2472
92;2385
92;2420
92;5552
92;5755
92;5579
92;5695
92;5714
92;5607
92;5643
92;5653
92;5688
92;5538
92;5633
394;3571
394;3383
394;3317
394;3408
394;3535
394;3415
394;3469
394;3442
394;3504
394;3316
394;3428
394;5867
394;5864
394;5801
394;5854
394;5880
394;5821
394;5782
394;5855
394;5834
394;5860
394;5828
395;5242
395;5252
395;5250
395;5261
395;5260
395;5246
395;5262
395;5249
395;5255
395;5245
395;5253
395;2714
395;2751
395;2681
395;2746
395;2744
395;2676
395;2735
395;2682
395;2749
395;2698
395;2755
396;7390
396;7427
396;7326
396;7313
396;7416
396;7368
396;7374
396;7502
396;7464
396;7417
396;7423
396;4753
396;4734
396;4785
396;4763
396;4742
396;4687
396;4704
396;4736
396;4696
396;4685
396;4746
397;741
397;533
397;769
397;802
397;807
397;520
397;772
397;800
397;663
397;545
397;701
397;5295
397;5330
397;5352
397;5281
397;5265
397;5324
397;5368
397;5325
397;5329
397;5327
397;5290
378;145
378;287
378;93
378;146
378;267
378;224
378;185
378;83
378;125
378;140
378;24
378;3662
378;3599
378;3626
378;3706
378;3722
378;3660
378;3617
378;3675
378;3741
399;7036
399;7009
399;7012
399;6950
399;6973
399;6974
399;6999
399;6977
399;7011
399;6996
399;6978
399;2257
399;2264
399;2283
399;2209
399;2212
399;2284
399;2251
399;2289
399;2278
399;2206
399;2204
400;4623
400;4472
400;4558
400;4430
400;4634
400;4542
400;4449
400;4435
400;4621
400;4626
400;4627
400;8091
400;8159
400;8075
400;8158
400;8086
400;8053
400;8098
400;8083
400;8154
400;8092
400;8067
401;3180
401;3111
401;3120
401;3163
401;3132
401;3117
401;3124
401;3177
401;3146
401;3138
401;3168
401;5901
401;5916
401;5888
401;5889
401;5894
401;5932
401;5928
401;5930
401;5935
401;5899
401;5897
402;1641
402;1390
402;1348
402;1510
402;1618
402;1403
402;1430
402;1614
402;1518
402;1629
402;1374
402;5414
402;5498
402;5451
402;5497
402;5489
402;5454
402;5450
402;5431
402;5432
402;5465
402;5411
403;2146
403;2056
403;2128
403;2080
403;2119
403;2168
403;2105
403;2003
403;2045
403;2172
403;2135
403;970
403;1013
403;991
403;932
403;992
403;926
403;1036
403;980
403;977
403;938
403;996
404;5157
404;5117
404;5011
404;5040
404;5149
404;4959
404;4975
404;5055
404;5141
404;4976
404;5230
404;1914
404;1925
404;1913
404;1850
404;1892
404;1806
404;1885
404;1900
404;1902
404;1873
404;1846
405;3758
405;3900
405;3774
405;3820
405;3977
405;3821
405;4001
405;3828
405;3775
405;3863
405;3834
405;349
405;362
405;365
405;437
405;377
405;411
405;374
405;354
405;432
405;361
405;369
406;7592
406;7580
406;7546
406;7586
406;7550
406;7547
406;7575
406;7564
406;7537
406;7539
406;7563
406;2879
406;2877
406;2873
406;2822
406;2820
406;2803
406;2861
406;2844
406;2830
406;2843
406;2876
407;5867
407;5801
407;5854
407;5880
407;5821
407;5782
407;5855
407;5834
407;5860
407;5794
407;5828
407;1796
407;1727
407;1722
407;1763
407;1710
407;1788
407;1690
407;1717
407;1715
407;1733
407;1774
342;3571
342;3317
342;3307
342;3535
342;3311
342;3321
342;3493
342;3377
342;6320
342;6257
342;6311
342;6218
342;6235
409;6129
409;6110
409;6007
409;6081
409;6052
409;6009
409;6004
409;6006
409;6164
409;5989
409;6085
409;2417
409;2372
409;2469
409;2516
409;2392
409;2369
409;2421
409;2472
409;2420
409;2371
409;2504
410;1096
410;1197
410;1250
410;1053
410;1100
410;1213
410;1256
410;1189
410;1052
410;1168
410;1166
410;5552
410;5755
410;5746
410;5579
410;5695
410;5714
410;5607
410;5688
410;5538
410;5633
410;5694
53;5330
53;5352
53;5281
53;5265
53;5324
53;5368
53;5329
53;5327
53;5290
53;2714
53;2751
53;2681
53;2746
53;2676
53;2735
53;2749
53;2698
53;2702
53;2755
412;741
412;533
412;580
412;769
412;807
412;520
412;772
412;800
412;663
412;545
412;701
412;5242
412;5256
412;5252
412;5250
412;5261
412;5247
412;5260
412;5262
412;5257
412;5245
412;5253
413;145
413;287
413;93
413;146
413;267
413;185
413;125
413;86
413;291
413;140
413;24
413;7390
413;7326
413;7416
413;7383
413;7368
413;7374
413;7502
413;7464
413;7495
413;7417
413;7386
414;3662
414;3700
414;3626
414;3706
414;3650
414;3734
414;3703
414;3660
414;3707
414;3685
414;3679
414;4678
414;4734
414;4785
414;4763
414;4742
414;4687
414;4704
414;4736
414;4696
414;4685
414;4746
415;2257
415;2264
415;2283
415;2209
415;2212
415;2284
415;2251
415;2289
415;2278
415;2223
415;2291
415;8091
415;8159
415;8085
415;8157
415;8086
415;8073
415;8074
415;8083
415;8154
415;8092
415;8067
416;7036
416;7009
416;7012
416;6950
416;6973
416;6974
416;6999
416;6977
416;7011
416;6996
416;6978
416;4623
416;4472
416;4558
416;4430
416;4590
416;4542
416;4449
416;4435
416;4621
416;4626
416;4627
417;5157
417;5117
417;5011
417;5040
417;5149
417;5174
417;4975
417;5055
417;5057
417;5052
417;5230
417;970
417;1013
417;991
417;932
417;992
417;1036
417;980
417;977
417;1029
417;1002
417;996
418;3180
418;3203
418;3111
418;3163
418;3233
418;3132
418;3117
418;3124
418;3177
418;3146
418;3138
418;5446
418;5498
418;5509
418;5489
418;5397
418;5454
418;5450
418;5405
418;5432
418;5465
418;5411
420;2146
420;2056
420;2128
420;2080
420;2119
420;2168
420;2105
420;2003
420;2140
420;2172
420;2135
420;1914
420;1925
420;1913
420;1892
420;1909
420;1885
420;1861
420;1900
420;1902
420;1873
420;1848
421;3571
421;3317
421;3408
421;3535
421;3311
421;3469
421;3321
421;3442
421;3466
421;3316
421;3377
421;1796
421;1727
421;1722
421;1710
421;1790
421;1690
421;1753
421;1692
421;1689
421;1733
421;1774
23;3758
23;3788
23;3820
23;3895
23;3994
23;3831
23;3935
23;3828
23;3931
23;3875
23;3983
23;2879
23;2877
23;2873
23;2822
23;2819
23;2820
23;2845
23;2861
23;2844
23;2830
23;2843
423;5867
423;5880
423;5853
423;5808
423;5829
423;5834
423;5860
423;5865
423;5832
423;5881
423;5799
423;6246
423;6205
423;6264
423;6210
423;6320
423;6238
423;6302
423;6257
423;6240
423;6218
423;6225
424;7592
424;7580
424;7551
424;7546
424;7586
424;7550
424;7547
424;7575
424;7564
424;7539
424;7563
424;349
424;362
424;437
424;377
424;411
424;354
424;379
424;432
424;361
424;366
424;380
425;1228
425;1197
425;1250
425;1053
425;1076
425;1100
425;1256
425;1222
425;1189
425;1168
425;1166
425;2417
425;2469
425;2516
425;2470
425;2443
425;2392
425;2369
425;2421
425;2385
425;2371
425;2504
179;6129
179;6093
179;6110
179;6007
179;6081
179;6052
179;6009
179;6004
179;6006
179;5989
179;6085
179;5552
179;5755
179;5746
179;5579
179;5556
179;5775
179;5714
179;5607
179;5653
179;5538
179;5633
427;145
427;287
427;93
427;146
427;95
427;267
427;178
427;83
427;264
427;140
427;24
427;4678
427;4734
427;4785
427;4763
427;4742
427;4687
427;4704
427;4736
427;4696
427;4685
427;4746
428;3636
428;3599
428;3626
428;3706
428;3650
428;3722
428;3660
428;3675
428;3707
428;3685
428;3679
428;7390
428;7326
428;7416
428;7383
428;7368
428;7374
428;7502
428;7464
428;7495
428;7417
428;7423
429;7036
429;7009
429;6967
429;6964
429;6950
429;6974
429;6999
429;6977
429;6992
429;6984
429;6969
429;8091
429;8159
429;8075
429;8085
429;8073
429;8098
429;8074
429;8083
429;8154
429;8092
429;8067
120;2257
120;2264
120;2209
120;2212
120;2258
120;2284
120;2251
120;2289
120;2278
120;2223
120;2272
120;4623
120;4472
120;4558
120;4430
120;4590
120;4542
120;4452
120;4435
120;4621
120;4626
120;4595
431;5295
431;5330
431;5352
431;5281
431;5339
431;5265
431;5368
431;5325
431;5329
431;5327
431;5290
431;5254
431;5256
431;5252
431;5250
431;5261
431;5247
431;5260
431;5262
431;5251
431;5255
431;5253
61;741
61;533
61;730
61;719
61;802
61;807
61;520
61;800
61;625
61;545
61;701
61;2714
61;2681
61;2746
61;2744
61;2676
61;2735
61;2682
61;2723
61;2749
61;2698
61;2755
177;1641
177;1390
177;1348
177;1510
177;1618
177;1403
177;1430
177;1614
177;1518
177;1629
177;1374
177;2146
177;2056
177;2080
177;2119
177;2116
177;2012
177;2003
177;2140
177;2032
177;2172
177;2135
434;5157
434;4987
434;5117
434;5011
434;5040
434;4959
434;4975
434;5055
434;5141
434;5052
434;5230
434;5901
434;5916
434;5888
434;5889
434;5894
434;5924
434;5920
434;5928
434;5930
434;5899
434;5897
435;5867
435;5801
435;5854
435;5880
435;5821
435;5782
435;5855
435;5834
435;5860
435;5832
435;5828
435;2879
435;2873
435;2822
435;2819
435;2820
435;2803
435;2861
435;2844
435;2830
435;2843
435;2857
436;3758
436;3900
436;3774
436;3820
436;3977
436;3831
436;3821
436;3828
436;3931
436;3863
436;3983
436;6246
436;6205
436;6264
436;6210
436;6320
436;6194
436;6302
436;6257
436;6240
436;6218
436;6235
75;145
75;287
75;93
75;95
75;11
75;178
75;83
75;86
75;264
75;140
75;24
75;5552
75;5755
75;5579
75;5695
75;5775
75;5536
75;5607
75;5643
75;5538
75;5633
75;5694
438;6129
438;6093
438;6110
438;6007
438;6081
438;6009
438;6105
438;6004
438;6006
438;5989
438;6085
438;6011
438;6041
438;6082
438;5994
438;6052
438;6168
438;6125
438;6164
438;6056
438;6138
438;6039
438;7390
438;7427
438;7326
438;7313
438;7416
438;7383
438;7368
438;7374
438;7502
438;7464
438;7417
343;741
343;533
343;580
343;802
343;520
343;663
343;4558
343;4430
343;4590
343;4542
343;4435
343;4626
440;7036
440;7009
440;7012
440;6950
440;6973
440;6974
440;6999
440;6977
440;7011
440;6996
440;6978
440;2714
440;2751
440;2681
440;2744
440;2676
440;2682
440;2749
440;2698
440;2702
440;2755
440;2762
320;5157
320;4987
320;5117
320;5040
320;5174
320;4975
320;5055
320;5141
320;5052
320;5230
320;3900
320;3774
320;3820
320;3831
320;3821
320;3931
320;3875
320;3860
442;1641
442;1390
442;1348
442;1510
442;1618
442;1403
442;1430
442;1614
442;1518
442;1629
442;1374
442;2879
442;2873
442;2822
442;2819
442;2820
442;2803
442;2861
442;2844
442;2830
442;2843
442;2857
443;145
443;287
443;93
443;146
443;178
443;83
443;125
443;86
443;264
443;140
443;24
443;2714
443;2751
443;2681
443;2746
443;2744
443;2676
443;2682
443;2749
443;2698
443;2755
443;2762
57;6093
57;6110
57;6007
57;6081
57;6052
57;6009
57;6006
57;5989
57;6056
57;741
57;580
57;769
57;807
57;520
57;772
57;800
57;663
57;545
57;701
191;1641
191;1348
191;1510
191;1618
191;1403
191;1430
191;1614
191;1669
191;1518
191;1629
191;1374
191;6129
191;6093
191;6110
191;6007
191;6052
191;6009
191;6004
191;6168
191;6006
191;5989
191;6056
128;3758
128;3900
128;3774
128;3820
128;3977
128;3831
128;3821
128;4001
128;3931
128;3875
128;3860
128;2714
128;2751
128;2681
128;2746
128;2744
128;2676
128;2682
128;2749
128;2698
128;2755
128;2762
447;6129
447;6110
447;6007
447;6081
447;6052
447;6105
447;6004
447;6168
447;6006
447;5989
447;6056
447;2714
447;2751
447;2681
447;2746
447;2676
447;2735
447;2682
447;2749
447;2698
447;2702
447;2755
316;1641
316;1348
316;1510
316;1403
316;1430
316;1614
316;1518
316;1374
316;3900
316;3820
316;3895
316;3831
316;3821
316;3931
316;3875
316;3860
449;118
449;32
449;146
449;23
449;185
449;83
449;178
449;232
449;53
449;226
449;140
449;1313
449;1309
449;1303
449;1298
449;1276
449;1267
449;1289
449;1310
449;1307
449;1265
449;1299
379;3348
379;3383
379;3307
379;3535
379;3317
379;3395
379;3404
379;3442
379;3426
379;2364
379;2436
379;2499
379;2506
379;2372
379;2478
379;2486
379;2430
379;2450
379;2398
451;3684
451;3665
451;3626
451;3583
451;3600
451;3667
451;3649
451;3703
451;3718
451;3722
451;3741
451;7935
451;7886
451;7941
451;7883
451;7873
451;7827
451;7976
451;7929
451;7959
451;7822
451;7836
452;5157
452;5040
452;5117
452;4979
452;5216
452;4959
452;4975
452;5061
452;5065
452;4976
452;5208
452;4810
452;4826
452;4847
452;4839
452;4854
452;4809
452;4828
452;4855
452;4824
452;4851
452;4816
26;1183
26;1195
26;1126
26;1098
26;1197
26;1213
26;1189
26;1052
26;1166
26;1090
26;1254
26;5407
26;5395
26;5451
26;5509
26;5489
26;5450
26;5408
26;5448
26;5436
26;5443
26;5429
455;5936
455;5891
455;5889
455;5902
455;5888
455;5924
455;5920
455;5890
455;5898
455;5896
455;5912
455;5552
455;5755
455;5713
455;5520
455;5714
455;5623
455;5584
455;5745
455;5605
455;5777
455;5763
456;1813
456;1913
456;1850
456;1916
456;1803
456;1858
456;1874
456;1876
456;1841
456;1902
456;1829
456;7763
456;7740
456;7612
456;7629
456;7720
456;7772
456;7679
456;7793
456;7630
456;7638
456;7633
457;1641
457;1497
457;1611
457;1537
457;1548
457;1430
457;1678
457;1600
457;1518
457;1374
457;1625
457;7119
457;7139
457;7103
457;7166
457;7209
457;7121
457;7171
457;7115
457;7214
457;7179
457;7226
458;6011
458;6007
458;6058
458;6135
458;6096
458;6167
458;6052
458;6009
458;6085
458;5989
458;6099
458;349
458;350
458;365
458;427
458;340
458;411
458;346
458;368
458;422
458;342
458;369
459;652
459;580
459;769
459;754
459;566
459;739
459;671
459;772
459;572
459;545
459;536
459;4159
459;4129
459;4150
459;4157
459;4140
459;4178
459;4164
459;4179
459;4149
459;4172
459;4153
254;118
254;32
254;146
254;23
254;259
254;185
254;83
254;178
254;232
254;53
254;140
254;3571
254;3383
254;3307
254;3408
254;3535
254;3317
254;3395
254;3403
254;3346
254;3442
254;3426
407;5808
407;5829
407;5840
407;5795
407;5881
407;5870
407;1747
407;1739
407;1777
407;1714
407;1741
407;1692
462;7036
462;7009
462;7015
462;6941
462;7012
462;6994
462;6989
462;6999
462;6977
462;7019
462;6969
462;7935
462;7886
462;7941
462;7883
462;7873
462;7827
462;7976
462;7929
462;7959
462;7900
462;7836
463;3684
463;3626
463;3583
463;3600
463;3607
463;3667
463;3649
463;3703
463;3718
463;3722
463;3741
463;2219
463;2226
463;2242
463;2267
463;2271
463;2233
463;2289
463;2198
463;2278
463;2223
463;2206
434;4985
434;4979
434;4988
434;4976
434;5018
434;5208
434;5936
434;5891
434;5902
434;5890
434;5898
434;5896
434;5931
465;2364
465;2436
465;2499
465;2506
465;2392
465;2478
465;2486
465;2430
465;2450
465;2504
465;2398
465;1313
465;1309
465;1303
465;1298
465;1276
465;1267
465;1289
465;1310
465;1307
465;1265
465;1299
466;5552
466;5755
466;5713
466;5520
466;5536
466;5607
466;5584
466;5729
466;5626
466;5605
466;5777
466;4810
466;4826
466;4847
466;4839
466;4854
466;4809
466;4828
466;4855
466;4824
466;4851
466;4816
467;1641
467;1497
467;1348
467;1537
467;1548
467;1430
467;1678
467;1600
467;1518
467;1374
467;1625
467;1813
467;1913
467;1850
467;1916
467;1803
467;1858
467;1874
467;1876
467;1841
467;1902
467;1829
468;7763
468;7740
468;7612
468;7629
468;7720
468;7772
468;7679
468;7793
468;7638
468;7633
468;7609
468;7119
468;7139
468;7103
468;7166
468;7169
468;7121
468;7175
468;7064
468;7162
468;7185
468;7179
469;1183
469;1053
469;1042
469;1126
469;1098
469;1115
469;1197
469;1213
469;1189
469;1090
469;1254
469;6011
469;6007
469;6058
469;6119
469;6096
469;6167
469;6052
469;6009
469;5989
469;6099
469;6114
470;349
470;365
470;427
470;340
470;411
470;346
470;368
470;422
470;344
470;369
470;361
470;5407
470;5395
470;5451
470;5454
470;5509
470;5489
470;5408
470;5436
470;5443
470;5429
470;5409
195;652
195;580
195;769
195;754
195;566
195;739
195;671
195;572
195;536
195;5867
195;5808
195;5854
195;5840
195;5813
195;5795
195;5860
195;5821
195;5881
195;5870
195;5794
472;1747
472;1739
472;1722
472;1777
472;1714
472;1788
472;1741
472;1690
472;1733
472;1774
472;1771
472;4130
472;4129
472;4140
472;4143
472;4145
472;4164
472;4158
472;4138
472;4149
472;4153
472;4128
473;3684
473;3626
473;3583
473;3600
473;3607
473;3667
473;3649
473;3703
473;3718
473;3722
473;3741
473;7016
473;7009
473;7015
473;6941
473;7012
473;7029
473;6989
473;6999
473;6977
473;7019
473;6969
474;7935
474;7886
474;7941
474;7883
474;7873
474;7827
474;7976
474;7929
474;7959
474;7900
474;7836
474;2219
474;2226
474;2254
474;2242
474;2271
474;2233
474;2289
474;2198
474;2278
474;2291
474;2206
475;1313
475;1296
475;1309
475;1303
475;1311
475;1267
475;1289
475;1300
475;1310
475;1307
475;1299
475;3571
475;3383
475;3307
475;3535
475;3563
475;3395
475;3404
475;3403
475;3346
475;3460
475;3426
381;118
381;32
381;146
381;37
381;23
381;83
381;178
381;232
381;53
381;226
381;140
381;2364
381;2436
381;2499
381;2506
381;2372
381;2478
381;2430
381;2450
381;2354
477;4810
477;4839
477;4854
477;4830
477;4809
477;4828
477;4855
477;4824
477;4851
477;4837
477;4808
477;5936
477;5903
477;5915
477;5891
477;5889
477;5888
477;5924
477;5920
477;5928
477;5898
477;5934
478;5120
478;4972
478;4985
478;5040
478;5117
478;4959
478;4975
478;4988
478;4976
478;5018
478;5208
478;5552
478;5755
478;5713
478;5520
478;5536
478;5607
478;5584
478;5729
478;5626
478;5605
478;5777
479;7073
479;7166
479;7209
479;7210
479;7169
479;7121
479;7115
479;7130
479;7214
479;7143
479;7185
479;1914
479;1882
479;1850
479;1916
479;1803
479;1853
479;1858
479;1876
479;1841
479;1902
479;1829
480;1641
480;1497
480;1348
480;1537
480;1548
480;1430
480;1678
480;1600
480;1518
480;1374
480;1625
480;7763
480;7740
480;7612
480;7720
480;7697
480;7772
480;7679
480;7793
480;7707
480;7633
480;7609
481;5441
481;5451
481;5454
481;5509
481;5490
481;5408
481;5443
481;5426
481;5409
481;5488
481;5504
481;6011
481;6007
481;6058
481;6119
481;6166
481;6167
481;6052
481;6164
481;6085
481;5989
481;6149
482;1183
482;1150
482;1042
482;1195
482;1098
482;1197
482;1213
482;1189
482;1052
482;1256
482;1090
482;349
482;365
482;437
482;427
482;340
482;346
482;422
482;432
482;342
482;369
482;417
211;4146
211;4140
211;4143
211;4127
211;4178
211;4164
211;4161
211;4138
211;4149
211;4153
211;4126
211;5867
211;5833
211;5854
211;5840
211;5813
211;5795
211;5860
211;5821
211;5881
211;5870
211;5794
484;652
484;580
484;754
484;566
484;603
484;739
484;772
484;744
484;572
484;545
484;536
484;1747
484;1739
484;1722
484;1777
484;1714
484;1788
484;1741
484;1690
484;1733
484;1774
484;1771
485;118
485;146
485;95
485;37
485;23
485;276
485;83
485;178
485;232
485;272
485;140
485;1183
485;1042
485;1195
485;1126
485;1098
485;1115
485;1197
485;1213
485;1189
485;1166
485;1254
208;3571
208;3383
208;3345
208;3307
208;3408
208;3535
208;3317
208;3469
208;3395
208;3334
208;3442
208;7935
208;7886
208;7941
208;7883
208;7873
208;7827
208;7929
208;7959
208;7822
208;7900
208;7836
487;349
487;365
487;437
487;427
487;340
487;411
487;346
487;432
487;369
487;361
487;417
487;7763
487;7740
487;7612
487;7629
487;7720
487;7772
487;7679
487;7793
487;7638
487;7633
487;7609
488;7016
488;7009
488;7015
488;6941
488;7012
488;7029
488;6994
488;6989
488;6999
488;6977
488;6969
488;652
488;580
488;769
488;754
488;566
488;739
488;543
488;772
488;545
488;701
488;536
489;6011
489;6007
489;6058
489;6119
489;6096
489;6166
489;6052
489;6164
489;6085
489;5989
489;6149
489;4810
489;4847
489;4839
489;4854
489;4830
489;4809
489;4828
489;4855
489;4824
489;4851
489;4816
490;1641
490;1497
490;1348
490;1537
490;1548
490;1430
490;1678
490;1518
490;1550
490;1374
490;1625
490;3684
490;3626
490;3583
490;3600
490;3607
490;3667
490;3698
490;3703
490;3660
490;3718
490;3722
491;5867
491;5808
491;5854
491;5840
491;5813
491;5855
491;5795
491;5860
491;5821
491;5881
491;5794
491;5120
491;4985
491;5040
491;5117
491;5146
491;4959
491;4988
491;5061
491;4976
491;5128
491;5208
492;5552
492;5755
492;5713
492;5520
492;5714
492;5536
492;5607
492;5603
492;5729
492;5605
492;5777
492;5593
492;5565
492;5742
492;5623
492;5566
492;5584
492;5590
492;5626
492;5745
492;5763
492;5743
492;1747
492;1739
492;1714
492;1726
492;1741
492;1692
492;1790
492;1690
492;1733
492;1774
492;1771
493;5157
493;4985
493;5040
493;5117
493;5216
493;4959
493;4975
493;5037
493;5061
493;4976
493;5128
493;3571
493;3383
493;3479
493;3307
493;3535
493;3317
493;3469
493;3395
493;3334
493;3346
493;3442
249;6011
249;6058
249;6119
249;6096
249;6166
249;6167
249;6052
249;6164
249;6085
249;5989
249;6149
249;1641
249;1497
249;1382
249;1348
249;1537
249;1548
249;1430
249;1678
249;1550
249;1374
249;1625
495;1747
495;1722
495;1777
495;1714
495;1726
495;1788
495;1741
495;1690
495;1733
495;1774
495;1771
495;118
495;146
495;95
495;37
495;23
495;276
495;185
495;83
495;178
495;272
495;140
496;7016
496;7009
496;7015
496;6941
496;7012
496;7029
496;6989
496;6999
496;6977
496;7019
496;6969
496;7763
496;7740
496;7612
496;7629
496;7720
496;7772
496;7679
496;7731
496;7638
496;7633
496;7609
497;1747
497;1722
497;1777
497;1714
497;1726
497;1788
497;1741
497;1690
497;1733
497;1774
497;1771
497;5157
497;4985
497;5040
497;5117
497;5146
497;4959
497;4975
497;4988
497;5061
497;4976
497;5018
498;7763
498;7740
498;7612
498;7629
498;7720
498;7679
498;7793
498;7731
498;7638
498;7633
498;7609
498;1641
498;1497
498;1382
498;1348
498;1537
498;1548
498;1430
498;1678
498;1550
498;1374
498;1625
499;7763
499;7740
499;7612
499;7629
499;7697
499;7772
499;7679
499;7731
499;7707
499;7633
499;7609
499;1747
499;1722
499;1777
499;1714
499;1726
499;1788
499;1741
499;1690
499;1733
499;1774
499;1771
500;1641
500;1497
500;1382
500;1348
500;1537
500;1548
500;1430
500;1678
500;1550
500;1374
500;1625
500;5157
500;4985
500;5117
500;4979
500;5146
500;4959
500;4975
500;4988
500;5061
500;4976
500;5128
501;736
501;611
501;667
501;769
501;754
501;773
501;544
501;543
501;564
501;671
501;536
501;1893
501;1866
501;1824
501;1855
501;1916
501;1882
501;1853
501;1874
501;1876
501;1902
501;1862
502;7082
502;7061
502;7120
502;7140
502;7103
502;7180
502;7048
502;7144
502;7227
502;7177
502;7085
502;6988
502;7022
502;6981
502;6936
502;7024
502;7012
502;7025
502;6989
502;6984
502;7019
502;7039
417;5239
417;4979
417;4987
417;5074
417;4967
417;5047
417;5089
417;5061
417;5016
417;5228
417;978
417;915
417;987
417;1006
417;917
417;1023
417;979
417;949
417;986
504;3094
504;3090
504;3078
504;3088
504;3083
504;3097
504;3089
504;3095
504;3085
504;3082
504;3087
504;2243
504;2226
504;2235
504;2242
504;2267
504;2234
504;2289
504;2276
504;2198
504;2246
504;2278
505;3684
505;3727
505;3735
505;3580
505;3600
505;3649
505;3703
505;3723
505;3731
505;3741
505;3689
505;6914
505;6827
505;6833
505;6916
505;6773
505;6803
505;6788
505;6848
505;6866
505;6909
505;6832
480;1610
480;1382
480;1559
480;1546
480;1349
480;1651
480;1392
480;1560
480;7709
480;7713
480;7737
480;7726
507;118
507;224
507;32
507;9
507;37
507;23
507;83
507;178
507;19
507;272
507;140
507;7360
507;7492
507;7528
507;7349
507;7373
507;7379
507;7304
507;7508
507;7502
507;7524
507;7482
508;2597
508;2605
508;2615
508;2594
508;2637
508;2593
508;2650
508;2611
508;2628
508;2623
508;2590
508;3180
508;3200
508;3151
508;3186
508;3204
508;3100
508;3206
508;3106
508;3192
508;3170
508;3196
509;4628
509;4640
509;4601
509;4656
509;4465
509;4616
509;4654
509;4447
509;4518
509;4450
509;4562
509;4810
509;4842
509;4854
509;4836
509;4841
509;4839
509;4824
509;4850
509;4855
509;4808
509;4814
425;1183
425;1121
425;1077
425;1104
425;1098
425;1244
425;1115
425;1213
425;1090
425;1218
425;2364
425;2501
425;2366
425;2380
425;2383
425;2487
425;2430
425;2478
425;2368
425;2398
511;6124
511;6121
511;6058
511;6148
511;6100
511;6096
511;6167
511;6057
511;6150
511;6036
511;6122
511;3025
511;2998
511;3033
511;3018
511;3032
511;3034
511;2976
511;2974
511;2997
511;3017
511;2983
512;8236
512;8327
512;8286
512;8329
512;8291
512;8383
512;8305
512;8381
512;8388
512;8237
512;8437
512;3571
512;3359
512;3416
512;3322
512;3527
512;3453
512;3562
512;3515
512;3457
512;3342
512;3446
513;736
513;689
513;770
513;773
513;544
513;543
513;564
513;671
513;695
513;789
513;572
513;7215
513;7061
513;7120
513;7140
513;7231
513;7103
513;7048
513;7227
513;7195
513;7177
513;7085
514;7360
514;7496
514;7492
514;7349
514;7373
514;7379
514;7314
514;7508
514;7502
514;7479
514;7524
514;2243
514;2226
514;2235
514;2242
514;2267
514;2234
514;2289
514;2276
514;2198
514;2246
514;2278
281;5239
281;4979
281;4987
281;5074
281;5117
281;4988
281;5047
281;5089
281;5061
281;5016
281;5228
281;3684
281;3628
281;3584
281;3735
281;3580
281;3583
281;3600
281;3649
281;3703
281;3731
281;3689
516;1893
516;1905
516;1824
516;1855
516;1916
516;1882
516;1874
516;1876
516;1860
516;1902
516;1862
516;6988
516;7022
516;6981
516;6936
516;7024
516;7012
516;7025
516;6977
516;6984
516;7019
516;7039
517;978
517;915
517;987
517;991
517;1013
517;1006
517;1040
517;955
517;949
517;996
517;1005
517;6914
517;6827
517;6833
517;6773
517;6803
517;6788
517;6848
517;6866
517;6872
517;6909
517;6832
518;118
518;224
518;32
518;9
518;37
518;23
518;83
518;178
518;19
518;272
518;140
518;3094
518;3090
518;3078
518;3088
518;3083
518;3097
518;3089
518;3091
518;3095
518;3082
518;3087
89;1641
89;1497
89;1610
89;1382
89;1559
89;1546
89;1430
89;1349
89;1651
89;1392
89;1560
89;2597
89;2605
89;2615
89;2594
89;2637
89;2593
89;2650
89;2611
89;2628
89;2623
89;2590
520;7763
520;7677
520;7709
520;7740
520;7772
520;7679
520;7713
520;7737
520;7793
520;7633
520;7761
520;3180
520;3200
520;3186
520;3181
520;3204
520;3100
520;3201
520;3192
520;3170
520;3138
520;3143
521;4628
521;4601
521;4656
521;4465
521;4599
521;4673
521;4616
521;4654
521;4447
521;4518
521;4562
521;6124
521;6121
521;6058
521;6148
521;6096
521;6167
521;6036
521;6165
521;6120
521;6122
521;6034
522;4810
522;4842
522;4854
522;4836
522;4841
522;4839
522;4824
522;4850
522;4855
522;4808
522;4814
522;3025
522;2998
522;3033
522;3018
522;3032
522;3034
522;2976
522;3029
522;3014
522;2997
522;2983
523;1183
523;1121
523;1077
523;1104
523;1126
523;1098
523;1244
523;1213
523;1189
523;1090
523;1070
523;8236
523;8327
523;8286
523;8329
523;8291
523;8383
523;8377
523;8305
523;8381
523;8237
523;8437
524;2364
524;2501
524;2366
524;2517
524;2383
524;2392
524;2375
524;2394
524;2430
524;2348
524;2368
524;3571
524;3359
524;3322
524;3527
524;3401
524;3453
524;3562
524;3515
524;3457
524;3342
524;3426
525;639
525;689
525;770
525;773
525;544
525;543
525;564
525;671
525;695
525;789
525;572
525;6988
525;7022
525;6981
525;6936
525;7024
525;7012
525;7025
525;6977
525;6989
525;6984
525;6937
526;1893
526;1905
526;1824
526;1855
526;1916
526;1882
526;1853
526;1874
526;1876
526;1902
526;1862
526;7215
526;7120
526;7140
526;7083
526;7231
526;7103
526;7048
526;7144
526;7195
526;7177
526;7085
527;118
527;224
527;9
527;37
527;23
527;212
527;83
527;178
527;19
527;272
527;140
527;2243
527;2226
527;2235
527;2242
527;2267
527;2234
527;2289
527;2198
527;2230
527;2229
527;2278
528;7360
528;7496
528;7492
528;7349
528;7373
528;7314
528;7508
528;7502
528;7479
528;7448
528;7524
528;3094
528;3090
528;3078
528;3088
528;3083
528;3081
528;3089
528;3091
528;3095
528;3082
528;3087
529;5239
529;4979
529;4987
529;5074
529;5117
529;4988
529;5047
529;5089
529;5061
529;4976
529;5201
529;6914
529;6827
529;6773
529;6830
529;6803
529;6788
529;6866
529;6929
529;6872
529;6909
529;6832
530;978
530;915
530;987
530;991
530;917
530;1023
530;1040
530;949
530;996
530;986
530;1005
530;3684
530;3628
530;3584
530;3735
530;3580
530;3583
530;3600
530;3649
530;3703
530;3731
530;3689
385;1497
385;1610
385;1382
385;1611
385;1546
385;1349
385;1651
385;1392
385;1625
385;3200
385;3186
385;3197
385;3204
385;3100
385;3206
385;3201
385;3192
385;3170
385;3193
532;7763
532;7677
532;7709
532;7740
532;7772
532;7679
532;7737
532;7781
532;7633
532;7645
532;7761
532;2597
532;2605
532;2615
532;2594
532;2637
532;2593
532;2650
532;2611
532;2628
532;2623
532;2590
533;1183
533;1042
533;1104
533;1098
533;1248
533;1115
533;1213
533;1189
533;1197
533;1090
533;1070
533;3571
533;3359
533;3322
533;3527
533;3401
533;3453
533;3562
533;3515
533;3457
533;3342
533;3426
534;2364
534;2501
534;2366
534;2517
534;2377
534;2392
534;2394
534;2461
534;2430
534;2348
534;2368
534;8236
534;8327
534;8286
534;8329
534;8291
534;8383
534;8377
534;8305
534;8381
534;8437
534;8347
535;4628
535;4601
535;4656
535;4599
535;4673
535;4654
535;4447
535;4576
535;4518
535;4562
535;4463
535;3025
535;2998
535;3033
535;3018
535;3032
535;3034
535;2976
535;2974
535;2997
535;3017
535;2983
536;4810
536;4842
536;4854
536;4836
536;4841
536;4839
536;4824
536;4850
536;4855
536;4808
536;4848
536;6124
536;6121
536;6058
536;6148
536;6096
536;6167
536;6036
536;6165
536;6122
536;6054
536;6034
537;1893
537;1905
537;1824
537;1916
537;1882
537;1853
537;1874
537;1876
537;1860
537;1902
537;1862
537;2243
537;2226
537;2235
537;2242
537;2267
537;2234
537;2289
537;2198
537;2230
537;2229
537;2278
538;6914
538;6827
538;6833
538;6916
538;6773
538;6803
538;6788
538;6848
538;6866
538;6909
538;6832
538;6863
538;6876
538;6772
538;6796
538;6830
538;6871
538;6929
538;6815
538;6872
538;6855
538;6800
538;2577
538;2605
538;2615
538;2644
538;2594
538;2637
538;2593
538;2650
538;2628
538;2623
538;2590
539;1641
539;1497
539;1610
539;1382
539;1611
539;1546
539;1430
539;1349
539;1651
539;1392
539;1560
539;639
539;689
539;754
539;773
539;543
539;564
539;671
539;633
539;695
539;789
539;572
540;118
540;224
540;32
540;146
540;9
540;37
540;23
540;168
540;178
540;272
540;140
540;6124
540;6121
540;6058
540;6148
540;6096
540;6167
540;6036
540;6165
540;6120
540;6164
540;6122
541;4810
541;4842
541;4854
541;4836
541;4841
541;4839
541;4824
541;4850
541;4855
541;4808
541;4848
541;6988
541;7022
541;6981
541;6936
541;7024
541;7012
541;7025
541;6977
541;6989
541;7019
541;6937
167;5239
167;4979
167;4987
167;5046
167;5074
167;5117
167;4988
167;5047
167;5089
167;4976
167;5201
167;8236
167;8327
167;8286
167;8291
167;8394
167;8383
167;8377
167;8305
167;8388
167;8233
167;8301
543;3571
543;3359
543;3322
543;3527
543;3401
543;3453
543;3562
543;3515
543;3457
543;3342
543;3426
543;7360
543;7492
543;7349
543;7373
543;7379
543;7314
543;7508
543;7502
543;7479
543;7448
543;7524
109;4628
109;4601
109;4656
109;4465
109;4599
109;4673
109;4654
109;4447
109;4576
109;4518
109;4562
109;1183
109;1121
109;1077
109;1104
109;1126
109;1098
109;1244
109;1213
109;1189
109;1090
109;1070
545;639
545;770
545;754
545;773
545;543
545;567
545;564
545;671
545;633
545;695
545;572
545;7360
545;7492
545;7528
545;7349
545;7373
545;7314
545;7508
545;7502
545;2735
545;7479
545;7524
452;5239
452;4987
452;5046
452;5074
452;5047
452;5089
452;5201
452;4842
452;4836
452;4841
452;4850
452;4808
452;4848
547;118
547;32
547;146
547;9
547;37
547;23
547;168
547;178
547;19
547;226
547;140
547;6914
547;6827
547;6833
547;6916
547;6773
547;6803
547;6788
547;6848
547;6866
547;6909
547;6832
548;1893
548;1866
548;1824
548;1855
548;1916
548;1876
548;1908
548;1858
548;1860
548;1902
548;1862
548;4628
548;4601
548;4656
548;4465
548;4599
548;4673
548;4654
548;4447
548;4605
548;4518
548;4562
549;5239
549;4979
549;4987
549;5046
549;5074
549;5117
549;5047
549;5089
549;5061
549;5201
549;5228
549;639
549;770
549;754
549;773
549;543
549;567
549;564
549;671
549;633
549;695
549;572
550;4628
550;4601
550;4656
550;4465
550;4599
550;4673
550;4654
550;4605
550;4518
550;4450
550;4562
550;118
550;32
550;146
550;9
550;37
550;23
550;83
550;178
550;267
550;272
550;140
551;5239
551;4979
551;4987
551;5046
551;5069
551;5117
551;5229
551;4967
551;5089
551;4976
551;5201
551;4628
551;4640
551;4656
551;4599
551;4673
551;4499
551;4576
551;4605
551;4639
551;4450
551;4562
552;639
552;667
552;769
552;770
552;754
552;773
552;543
552;564
552;671
552;789
552;601
552;118
552;32
552;146
552;9
552;37
552;23
552;168
552;83
552;178
552;272
552;140
497;1687
497;1699
497;1795
497;1743
497;1768
497;1712
497;1709
497;1719
497;1751
497;5083
497;4987
497;5006
497;5202
497;5229
497;4977
497;5047
497;5056
497;5038
497;4963
497;5081
554;3571
554;3545
554;3344
554;3445
554;3396
554;3425
554;3560
554;3384
554;3457
554;3342
554;3426
554;1393
554;1439
554;1435
554;1508
554;1504
554;1382
554;1349
554;1639
554;1443
554;1398
554;1392
555;1938
555;1952
555;1975
555;1931
555;1966
555;1965
555;1969
555;1946
555;1960
555;1971
555;1973
555;3761
555;3748
555;3762
555;3778
555;3984
555;3838
555;3938
555;3848
555;3979
555;3928
555;3951
212;736
212;561
212;584
212;631
212;754
212;544
212;564
212;671
212;633
212;794
212;713
212;2490
212;2501
212;2380
212;2438
212;2356
212;2368
212;2393
212;2492
212;2349
212;2430
212;2448
557;7082
557;7061
557;7083
557;7140
557;7142
557;7219
557;7218
557;7227
557;7048
557;7180
557;7057
557;4291
557;4368
557;4367
557;4316
557;4300
557;4350
557;4358
557;4289
557;4322
557;4293
557;4276
558;5510
558;5478
558;5482
558;5444
558;5425
558;5440
558;5448
558;5419
558;5508
558;5479
558;5487
558;6540
558;6547
558;6592
558;6532
558;6515
558;6536
558;6506
558;6453
558;6466
558;6568
558;6447
410;1178
410;1121
410;1098
410;1061
410;1237
410;1232
410;1070
410;1230
410;1106
410;5644
410;5762
410;5712
410;5575
410;5751
410;5543
410;5676
410;5683
410;5745
410;5514
410;5597
560;6613
560;6606
560;6651
560;6695
560;6660
560;6611
560;6620
560;6696
560;6610
560;6654
560;6635
560;4628
560;4640
560;4620
560;4465
560;4505
560;4531
560;4616
560;4663
560;4654
560;4526
560;4562
561;464
561;472
561;479
561;491
561;487
561;476
561;489
561;510
561;445
561;440
561;484
561;4883
561;4896
561;4872
561;4897
561;4888
561;4911
561;4886
561;4890
561;4900
561;4910
561;4879
562;3180
562;3151
562;3186
562;3200
562;3207
562;3214
562;3225
562;3227
562;3100
562;3213
562;3228
562;2872
562;2798
562;2867
562;2863
562;2795
562;2848
562;2866
562;2794
562;2844
562;2789
562;2809
563;8236
563;8327
563;8232
563;8290
563;8247
563;8253
563;8246
563;8305
563;8422
563;8237
563;8282
563;242
563;34
563;32
563;62
563;52
563;23
563;9
563;178
563;172
563;272
563;5
564;6259
564;6328
564;6340
564;6321
564;6251
564;6297
564;6260
564;6315
564;6236
564;6227
564;6288
564;4790
564;4797
564;4806
564;4807
564;4791
564;4787
564;4792
564;4799
564;4789
564;4803
564;4805
565;3761
565;3748
565;3755
565;3762
565;3778
565;3838
565;3938
565;3848
565;3979
565;3928
565;3971
565;7082
565;7061
565;7083
565;7140
565;7142
565;7219
565;7218
565;7227
565;7048
565;7180
565;7057
566;2490
566;2501
566;2380
566;2355
566;2359
566;2487
566;2393
566;2348
566;2492
566;2349
566;2430
566;1747
566;1687
566;1765
566;1699
566;1795
566;1771
566;1768
566;1712
566;1709
566;1719
566;1751
549;5083
549;5006
549;5202
549;5229
549;4977
549;5056
549;5038
549;4963
549;5081
549;736
549;561
549;592
549;631
549;544
549;557
549;794
568;4382
568;4368
568;4403
568;4316
568;4300
568;4350
568;4289
568;4280
568;4322
568;4293
568;4276
568;1953
568;1952
568;1975
568;1931
568;1966
568;1965
568;1941
568;1946
568;1960
568;1971
568;1973
569;1393
569;1439
569;1435
569;1508
569;1504
569;1382
569;1349
569;1639
569;1443
569;1398
569;1392
569;463
569;472
569;491
569;487
569;493
569;476
569;444
569;445
569;440
569;494
569;484
570;4628
570;4640
570;4620
570;4465
570;4505
570;4531
570;4616
570;4663
570;4654
570;4526
570;4562
570;5510
570;5478
570;5482
570;5444
570;5425
570;5440
570;5419
570;5508
570;5477
570;5479
570;5487
571;5644
571;5762
571;5712
571;5575
571;5751
571;5543
571;5676
571;5683
571;5745
571;5514
571;5597
571;6259
571;6328
571;6340
571;6321
571;6251
571;6297
571;6260
571;6315
571;6236
571;6227
571;6288
572;6540
572;6547
572;6592
572;6532
572;6549
572;6536
572;6506
572;6466
572;6584
572;6568
572;6447
572;6631
572;6606
572;6651
572;6695
572;6660
572;6611
572;6620
572;6696
572;6610
572;6654
572;6635
573;4883
573;4896
573;4872
573;4897
573;4888
573;4911
573;4886
573;4890
573;4900
573;4910
573;4867
573;3571
573;3545
573;3344
573;3396
573;3560
573;3399
573;3388
573;3384
573;3457
573;3342
573;3426
574;4790
574;4797
574;4806
574;4807
574;4791
574;4787
574;4792
574;4799
574;4789
574;4803
574;4804
574;1178
574;1121
574;1213
574;1098
574;1104
574;1237
574;1232
574;1189
574;1070
574;1106
574;1074
575;242
575;34
575;62
575;52
575;23
575;9
575;168
575;178
575;172
575;272
575;5
575;3180
575;3151
575;3186
575;3207
575;3214
575;3212
575;3225
575;3227
575;3100
575;3105
575;3103
576;2872
576;2798
576;2867
576;2863
576;2795
576;2786
576;2848
576;2794
576;2844
576;2789
576;2809
576;8236
576;8327
576;8232
576;8290
576;8247
576;8253
576;8305
576;8422
576;8424
576;8237
576;8282
577;7072
577;7161
577;7067
577;7140
577;7053
577;7144
577;7048
577;7063
577;7181
577;7225
577;7177
577;1953
577;1952
577;1975
577;1931
577;1966
577;1965
577;1941
577;1946
577;1960
577;1971
577;1958
578;4291
578;4368
578;4367
578;4403
578;4316
578;4300
578;4288
578;4289
578;4311
578;4293
578;4331
578;3761
578;3748
578;3755
578;3762
578;3778
578;3838
578;3938
578;3848
578;3979
578;3928
578;3971
376;2490
376;2501
376;2380
376;2355
376;2359
376;2368
376;2393
376;2348
376;2492
376;2349
376;2430
376;5083
376;5006
376;5035
376;5202
376;5229
376;4977
376;5047
376;5056
376;5038
376;4963
376;5081
484;736
484;561
484;592
484;631
484;544
484;557
484;564
484;671
484;633
484;794
484;1765
484;1699
484;1743
484;1799
484;1768
484;1709
484;1744
484;1789
484;1751
581;6259
581;6328
581;6340
581;6251
581;6297
581;6260
581;6315
581;6236
581;6274
581;6227
581;6288
581;1178
581;1187
581;1126
581;1061
581;1104
581;1248
581;1237
581;1189
581;1070
581;1074
581;1249
582;4628
582;4640
582;4620
582;4465
582;4505
582;4531
582;4611
582;4639
582;4532
582;4562
582;4450
582;6540
582;6547
582;6592
582;6532
582;6549
582;6536
582;6506
582;6466
582;6584
582;6568
582;6447
83;6631
83;6606
83;6651
83;6695
83;6660
83;6611
83;6620
83;6696
83;6662
83;6654
83;6652
83;5510
83;5478
83;5482
83;5444
83;5425
83;5440
83;5448
83;5419
83;5508
83;5477
83;5479
584;4794
584;4793
584;4797
584;4806
584;4791
584;4801
584;4787
584;4792
584;4802
584;4803
584;4804
584;5644
584;5712
584;5575
584;5751
584;5519
584;5581
584;5589
584;5543
584;5683
584;5514
584;5597
585;4883
585;4896
585;4872
585;4897
585;4888
585;4886
585;4890
585;4862
585;4910
585;4907
585;4867
585;1393
585;1435
585;1508
585;1498
585;1504
585;1382
585;1349
585;1639
585;1443
585;1560
585;1392
586;463
586;472
586;479
586;487
586;493
586;476
586;489
586;444
586;510
586;484
586;474
586;3571
586;3545
586;3344
586;3396
586;3560
586;3388
586;3384
586;3343
586;3457
586;3342
586;3426
587;2823
587;2883
587;2798
587;2867
587;2786
587;2848
587;2856
587;2866
587;2844
587;2789
587;2809
587;242
587;32
587;62
587;96
587;52
587;23
587;121
587;178
587;227
587;272
587;5
588;3180
588;3151
588;3207
588;3214
588;3212
588;3101
588;3227
588;3100
588;3206
588;3224
588;3228
588;8236
588;8327
588;8232
588;8290
588;8247
588;8384
588;8246
588;8305
588;8422
588;8398
588;8257
589;7082
589;7061
589;7083
589;7140
589;7219
589;7218
589;7227
589;7053
589;7048
589;7180
589;7057
589;1178
589;1121
589;1187
589;1126
589;1104
589;1248
589;1237
589;1189
589;1070
589;1074
589;1249
492;5644
492;5712
492;5575
492;5751
492;5519
492;5589
492;5543
492;5676
492;5683
492;5514
492;1687
492;1765
492;1699
492;1795
492;1768
492;1712
492;1709
492;1789
492;1760
492;1734
591;1393
591;1435
591;1508
591;1498
591;1504
591;1382
591;1349
591;1639
591;1443
591;1560
591;1392
591;6540
591;6557
591;6547
591;6592
591;6532
591;6580
591;6500
591;6466
591;6584
591;6568
591;6447
592;736
592;561
592;592
592;631
592;754
592;544
592;564
592;671
592;633
592;794
592;713
592;8236
592;8327
592;8232
592;8384
592;8406
592;8253
592;8246
592;8305
592;8422
592;8398
592;8257
593;5510
593;5478
593;5482
593;5425
593;5492
593;5440
593;5448
593;5419
593;5508
593;5477
593;5479
593;5470
593;5471
593;5444
593;5474
593;5418
593;5449
593;5402
593;5506
593;5487
593;5495
593;5500
593;242
593;34
593;62
593;52
593;23
593;121
593;178
593;172
593;272
593;231
593;5
320;5083
320;5006
320;5202
320;5229
320;4977
320;4980
320;5047
320;5038
320;4963
320;5081
320;3761
320;3748
320;3755
320;3762
320;3778
320;3838
320;3938
320;3848
320;3979
320;3951
320;3971
595;2823
595;2798
595;2867
595;2863
595;2795
595;2786
595;2848
595;2866
595;2794
595;2844
595;2809
595;3571
595;3545
595;3344
595;3396
595;3425
595;3560
595;3388
595;3343
595;3457
595;3342
595;3426
259;4628
259;4640
259;4620
259;4570
259;4465
259;4531
259;4611
259;4639
259;4532
259;4562
259;4450
259;6259
259;6328
259;6340
259;6321
259;6251
259;6297
259;6260
259;6315
259;6236
259;6227
259;6288
597;5644
597;5712
597;5575
597;5751
597;5519
597;5589
597;5543
597;5676
597;5683
597;5745
597;5514
597;242
597;34
597;32
597;62
597;52
597;23
597;121
597;178
597;172
597;231
597;5
316;1393
316;1435
316;1508
316;1498
316;1504
316;1382
316;1349
316;1639
316;1443
316;1560
316;1392
316;3761
316;3748
316;3762
316;3778
316;3984
316;3838
316;3938
316;3848
316;3979
316;3951
316;3971
533;1178
533;1121
533;1187
533;1126
533;1237
533;1074
533;1249
533;3545
533;3344
533;3425
533;3560
533;3388
533;3343
343;736
343;561
343;592
343;695
343;754
343;544
343;564
343;671
343;608
343;633
343;794
343;4628
343;4640
343;4620
343;4465
343;4505
343;4531
343;4611
343;4639
343;4532
343;4562
343;4450
188;736
188;561
188;592
188;695
188;754
188;544
188;564
188;671
188;608
188;633
188;794
188;1178
188;1121
188;1187
188;1126
188;1104
188;1248
188;1237
188;1189
188;1070
188;1074
188;1249
602;242
602;34
602;32
602;62
602;52
602;121
602;178
602;172
602;227
602;231
602;5
602;3761
602;3748
602;3755
602;3762
602;3778
602;3838
602;3938
602;3848
602;3979
602;3764
602;3971
603;1178
603;1121
603;1187
603;1126
603;1104
603;1248
603;1189
603;1070
603;1161
603;1074
603;1249
603;3955
603;3748
603;3762
603;3772
603;3893
603;3839
603;3844
603;3979
603;3991
603;3764
603;3928
552;736
552;561
552;592
552;695
552;544
552;608
552;633
552;794
552;242
552;34
552;62
552;52
552;121
552;172
552;231
552;5
188;619
188;627
188;697
188;714
188;784
188;527
188;626
188;550
188;604
188;654
188;1157
188;1048
188;1093
188;1078
188;1230
188;1234
188;1083
606;1661
606;1515
606;1574
606;1530
606;1508
606;1639
606;1677
606;1431
606;1448
606;1635
606;1423
606;7082
606;7206
606;7076
606;7054
606;7083
606;7061
606;7098
606;7053
606;7081
606;7197
606;7063
608;6413
608;6369
608;6423
608;6368
608;6407
608;6436
608;6362
608;6433
608;6361
608;6392
608;6406
608;1893
608;1849
608;1883
608;1904
608;1855
608;1872
608;1807
608;1871
608;1801
608;1877
608;1891
609;3221
609;3195
609;3153
609;3157
609;3140
609;3225
609;3227
609;3232
609;3133
609;3112
609;3220
609;5977
609;5938
609;5959
609;5953
609;5956
609;5974
609;5962
609;5950
609;5942
609;5969
609;5981
610;4344
610;4340
610;4267
610;4398
610;4300
610;4368
610;4348
610;4354
610;4295
610;4394
610;4361
610;3047
610;3040
610;3051
610;3067
610;3070
610;3075
610;3072
610;3050
610;3048
610;3046
610;3068
611;242
611;34
611;62
611;253
611;128
611;33
611;49
611;168
611;172
611;115
611;231
611;456
611;472
611;479
611;495
611;487
611;466
611;444
611;510
611;460
611;440
611;484
224;3327
224;3344
224;3399
224;3543
224;3315
224;3318
224;3419
224;3567
224;3423
224;3531
224;3441
224;4207
224;4235
224;4260
224;4214
224;4220
224;4239
224;4263
224;4262
224;4212
224;4228
224;4247
59;4628
59;4465
59;4582
59;4620
59;4649
59;4490
59;4613
59;4616
59;4663
59;4516
59;4569
59;3835
59;3762
59;3778
59;3903
59;3982
59;3938
59;3847
59;3848
59;3890
59;3951
59;3969
614;6814
614;6795
614;6825
614;6767
614;6849
614;6877
614;6770
614;6926
614;6847
614;6869
614;6817
614;5384
614;5386
614;5392
614;5381
614;5390
614;5380
614;5375
614;5388
614;5394
614;5374
614;5376
403;2102
403;2061
403;2159
403;2017
403;2052
403;2040
403;2018
403;2096
403;2088
403;2027
403;2170
403;968
403;974
403;984
403;928
403;990
403;1034
403;946
403;999
403;952
403;1008
403;973
617;619
617;627
617;697
617;714
617;784
617;527
617;626
617;671
617;550
617;654
617;794
617;4344
617;4340
617;4267
617;4398
617;4300
617;4365
617;4368
617;4403
617;4354
617;4324
617;4361
618;5240
618;5006
618;5035
618;5086
618;5202
618;4970
618;5124
618;5215
618;5038
618;5094
618;5195
618;6413
618;6369
618;6423
618;6368
618;6407
618;6436
618;6362
618;6433
618;6361
618;6347
618;6406
385;1661
385;1515
385;1574
385;1530
385;1508
385;1649
385;1639
385;1677
385;1431
385;1448
385;1635
385;3221
385;3153
385;3157
385;3207
385;3212
385;3225
385;3227
385;3232
385;3159
385;3220
385;3103
620;6540
620;6491
620;6490
620;6599
620;6532
620;6453
620;6548
620;6568
620;6522
620;6488
620;6447
620;1893
620;1849
620;1883
620;1904
620;1855
620;1872
620;1807
620;1871
620;1801
620;1877
620;1891
621;1178
621;1121
621;1157
621;1152
621;1048
621;1237
621;1078
621;1230
621;1070
621;1234
621;1083
621;3047
621;3051
621;3067
621;3043
621;3061
621;3070
621;3075
621;3050
621;3046
621;3068
621;3066
622;7082
622;7206
622;7076
622;7054
622;7083
622;7061
622;7098
622;7053
622;7081
622;7197
622;7063
622;5977
622;5951
622;5955
622;5953
622;5949
622;5974
622;5962
622;5950
622;5942
622;5969
622;5981
543;3327
543;3344
543;3399
543;3543
543;3315
543;3318
543;3567
543;3524
543;3423
543;3531
543;3441
543;7449
543;7529
543;7503
543;7393
543;7371
543;7346
543;7463
543;7488
543;7507
624;4628
624;4465
624;4582
624;4620
624;4649
624;4490
624;4613
624;4616
624;4663
624;4516
624;4569
624;6904
624;6795
624;6825
624;6767
624;6928
624;6894
624;6770
624;6787
624;6926
624;6869
624;6817
625;242
625;34
625;62
625;253
625;128
625;33
625;49
625;168
625;172
625;115
625;231
625;2102
625;2061
625;2159
625;2017
625;2052
625;2143
625;2040
625;2018
625;2088
625;2170
625;2059
626;4207
626;4235
626;4260
626;4220
626;4222
626;4239
626;4263
626;4262
626;4212
626;4228
626;4247
626;4883
626;4896
626;4872
626;4895
626;4885
626;4886
626;4898
626;4890
626;4857
626;4879
626;4910
627;3835
627;3748
627;3778
627;3869
627;3982
627;3844
627;3938
627;3848
627;3885
627;3968
627;3969
627;5384
627;5386
627;5392
627;5381
627;5390
627;5380
627;5375
627;5388
627;5394
627;5374
627;5376
628;456
628;472
628;479
628;495
628;487
628;466
628;444
628;510
628;460
628;440
628;484
628;968
628;974
628;984
628;928
628;990
628;946
628;999
628;952
628;919
628;1008
628;973
629;7082
629;7206
629;7076
629;7054
629;7083
629;7065
629;7061
629;7098
629;7053
629;7197
629;7063
629;3221
629;3153
629;3157
629;3207
629;3212
629;3225
629;3227
629;3232
629;3220
629;3175
629;3103
630;1178
630;1121
630;1157
630;1152
630;1048
630;1237
630;1078
630;1230
630;1070
630;1234
630;1083
630;4344
630;4340
630;4300
630;4320
630;4403
630;4348
630;4354
630;4295
630;4394
630;4324
630;4361
631;6540
631;6518
631;6491
631;6490
631;6599
631;6532
631;6536
631;6453
631;6568
631;6522
631;6447
631;6413
631;6369
631;6423
631;6368
631;6407
631;6436
631;6362
631;6361
631;6392
631;6406
631;6389
633;619
633;627
633;697
633;714
633;784
633;527
633;626
633;671
633;550
633;567
633;654
633;3047
633;3051
633;3067
633;3061
633;3070
633;3075
633;3072
633;3050
633;3046
633;3068
633;3066
634;1661
634;1515
634;1574
634;1530
634;1508
634;1649
634;1639
634;1677
634;1431
634;1448
634;1635
634;5977
634;5951
634;5955
634;5938
634;5953
634;5974
634;5962
634;5950
634;5942
634;5969
634;5981
635;4207
635;4260
635;4214
635;4220
635;4225
635;4239
635;4223
635;4263
635;4262
635;4212
635;4228
635;7449
635;7529
635;7503
635;7393
635;7371
635;7346
635;7463
635;7488
635;7524
635;7508
635;7507
636;3835
636;3748
636;3778
636;3869
636;3982
636;3844
636;3938
636;3848
636;3885
636;3968
636;3969
636;6917
636;6795
636;6767
636;6928
636;6894
636;6771
636;6913
636;6926
636;6847
636;6869
636;6817
637;456
637;472
637;479
637;495
637;482
637;487
637;466
637;440
637;448
637;484
637;453
637;2102
637;2159
637;2017
637;2052
637;2058
637;2040
637;2018
637;2096
637;2088
637;2027
637;2170
573;4895
573;4885
573;4898
573;4857
573;4879
573;3327
573;3543
573;3315
573;3318
573;3532
573;3524
573;3423
573;3531
573;3441
639;242
639;34
639;62
639;253
639;128
639;33
639;49
639;168
639;172
639;115
639;231
639;968
639;974
639;984
639;928
639;990
639;1034
639;946
639;999
639;952
639;1008
639;973
641;968
641;974
641;984
641;928
641;990
641;946
641;999
641;952
641;958
641;1008
641;973
641;3835
641;3762
641;3778
641;3869
641;3982
641;3844
641;3848
641;3979
641;3885
641;3968
641;3969
642;6540
642;6467
642;6518
642;6491
642;6599
642;6532
642;6536
642;6453
642;6568
642;6522
642;6447
642;1082
642;1157
642;1152
642;1187
642;1180
642;1237
642;1225
642;1078
642;1230
642;1070
642;1083
643;242
643;34
643;62
643;61
643;253
643;128
643;33
643;49
643;190
643;231
643;222
643;4628
643;4465
643;4582
643;4620
643;4649
643;4490
643;4613
643;4616
643;4663
643;4516
643;4569
549;5240
549;5035
549;5086
549;4970
549;5155
549;5215
549;5094
549;5195
549;619
549;627
549;697
549;714
549;784
549;527
549;626
549;550
549;604
549;654
645;1164
645;1157
645;1152
645;1187
645;1093
645;1237
645;1078
645;1240
645;1230
645;1070
645;1234
645;7082
645;7076
645;7054
645;7083
645;7065
645;7061
645;7098
645;7168
645;7053
645;7197
645;7063
646;968
646;974
646;984
646;990
646;997
646;999
646;993
646;919
646;1008
646;939
646;959
646;4901
646;4896
646;4895
646;4885
646;4894
646;4886
646;4898
646;4890
646;4857
646;4879
646;4910
647;619
647;627
647;697
647;714
647;784
647;527
647;540
647;671
647;550
647;567
647;654
647;1661
647;1515
647;1574
647;1530
647;1508
647;1649
647;1639
647;1677
647;1431
647;1448
647;1635
648;242
648;34
648;62
648;61
648;253
648;128
648;33
648;49
648;168
648;59
648;231
648;3327
648;3344
648;3399
648;3543
648;3315
648;3553
648;3318
648;3567
648;3423
648;3529
648;3498
649;3835
649;3748
649;3778
649;3869
649;3982
649;3844
649;3938
649;3848
649;3979
649;3951
649;3969
649;4883
649;4896
649;4872
649;4895
649;4885
649;4886
649;4898
649;4890
649;4857
649;4879
649;4910
650;6540
650;6467
650;6518
650;6491
650;6599
650;6532
650;6536
650;6453
650;6568
650;6522
650;6447
650;7082
650;7206
650;7076
650;7054
650;7083
650;7065
650;7061
650;7098
650;7168
650;7197
650;7063
651;5240
651;5006
651;5035
651;5086
651;5202
651;4970
651;5155
651;5215
651;5038
651;5094
651;5195
651;1661
651;1515
651;1574
651;1530
651;1508
651;1649
651;1639
651;1677
651;1431
651;1448
651;1635
652;3327
652;3344
652;3399
652;3543
652;3315
652;3553
652;3318
652;3567
652;3532
652;3531
652;3529
652;4628
652;4465
652;4582
652;4620
652;4649
652;4613
652;4616
652;4663
652;4516
652;4569
652;4670
602;61
602;253
602;128
602;33
602;49
602;168
602;59
602;3835
602;3869
602;3982
602;3844
602;3951
602;3968
654;6540
654;6467
654;6518
654;6491
654;6599
654;6532
654;6536
654;6453
654;6457
654;6568
654;6522
654;5240
654;4987
654;5006
654;5035
654;5202
654;4970
654;5155
654;5215
654;5038
654;5094
654;5195
655;6540
655;6467
655;6518
655;6491
655;6599
655;6532
655;6536
655;6453
655;6522
655;6572
655;6447
655;3792
655;3748
655;3869
655;3906
655;3982
655;3847
655;3890
655;3979
655;3764
655;3807
655;3969
656;5240
656;4987
656;5006
656;5035
656;5086
656;5202
656;5155
656;5215
656;5038
656;5094
656;5195
656;242
656;34
656;62
656;61
656;253
656;128
656;33
656;49
656;168
656;59
656;231
658;8143
658;8089
658;8115
658;8125
658;8112
658;8099
658;8063
658;8088
658;8127
658;8051
658;8060
658;5719
658;5757
658;5715
658;5767
658;5658
658;5664
658;5580
658;5578
658;5716
658;5745
658;5635
320;5240
320;4984
320;5086
320;4970
320;4986
320;5215
320;5022
320;4992
320;5195
320;3771
320;3869
320;3948
320;3982
320;3859
320;3920
320;3810
320;3885
320;3968
617;647
617;795
617;668
617;4306
617;4395
617;4325
617;4321
617;4409
617;4359
617;4282
617;4353
617;4394
661;6051
661;6061
661;6097
661;6113
661;6049
661;6037
661;6127
661;6079
661;6126
661;6094
661;6095
661;4719
661;4755
661;4703
661;4733
661;4752
661;4762
661;4731
661;4774
661;4725
661;4706
661;4677
662;968
662;1007
662;984
662;924
662;990
662;950
662;999
662;975
662;958
662;973
662;1008
662;3458
662;3369
662;3459
662;3448
662;3491
662;3329
662;3350
662;3523
662;3367
662;3510
662;3520
663;6413
663;6369
663;6397
663;6356
663;6368
663;6436
663;6362
663;6401
663;6361
663;6406
663;6389
663;3221
663;3116
663;3176
663;3145
663;3119
663;3218
663;3188
663;3159
663;3133
663;3175
663;3171
498;7675
498;7631
498;7614
498;7747
498;7652
498;7792
498;7717
498;7706
498;7708
498;7778
498;7799
498;1516
498;1648
498;1574
498;1357
498;1435
498;1649
498;1677
498;1615
498;1372
498;1603
498;1467
64;619
64;627
64;697
64;714
64;784
64;527
64;626
64;647
64;795
64;654
64;668
64;3771
64;3762
64;3778
64;3903
64;3982
64;3760
64;3920
64;3938
64;3885
64;3951
64;3968
667;6582
667;6529
667;6576
667;6481
667;6599
667;6544
667;6501
667;6460
667;6522
667;6572
667;6527
667;8143
667;8089
667;8115
667;8112
667;8096
667;8099
667;8063
667;8088
667;8124
667;8127
667;8051
668;5240
668;4984
668;5006
668;5086
668;5202
668;4970
668;4986
668;5215
668;5022
668;4992
668;5195
668;4344
668;4325
668;4398
668;4321
668;4340
668;4409
668;4359
668;4282
668;4353
668;4295
668;4364
669;6051
669;6091
669;6061
669;6097
669;6113
669;6049
669;6037
669;6127
669;6079
669;6126
669;6094
669;6413
669;6369
669;6397
669;6356
669;6368
669;6436
669;6362
669;6401
669;6361
669;6406
669;6389
670;1516
670;1648
670;1574
670;1357
670;1435
670;1562
670;1649
670;1677
670;1423
670;1372
670;1603
670;3458
670;3552
670;3459
670;3477
670;3448
670;3329
670;3350
670;3434
670;3523
670;3423
670;3529
671;3221
671;3169
671;3136
671;3116
671;3119
671;3159
671;3147
671;3183
671;3133
671;3175
671;3220
671;4719
671;4755
671;4703
671;4733
671;4697
671;4762
671;4731
671;4774
671;4725
671;4706
671;4677
672;968
672;1007
672;984
672;924
672;990
672;950
672;999
672;975
672;958
672;976
672;973
672;7675
672;7631
672;7614
672;7747
672;7652
672;7792
672;7717
672;7706
672;7708
672;7778
672;7799
549;4984
549;4986
549;5022
549;4992
549;795
549;702
675;3833
675;3869
675;3781
675;3903
675;3982
675;3760
675;3927
675;3932
675;3769
675;3951
675;3952
675;4306
675;4398
675;4321
675;4340
675;4267
675;4409
675;4354
675;4359
675;4353
675;4394
675;4364
676;6582
676;6576
676;6481
676;6599
676;6560
676;6501
676;6534
676;6460
676;6488
676;6522
676;6447
676;5754
676;5767
676;5569
676;5611
676;5596
676;5580
676;5554
676;5578
676;5716
676;5689
676;5745
677;6413
677;6369
677;6397
677;6356
677;6368
677;6436
677;6362
677;6401
677;6361
677;6406
677;6389
677;4719
677;4681
677;4755
677;4733
677;4697
677;4762
677;4731
677;4774
677;4771
677;4706
677;4677
678;3458
678;3552
678;3340
678;3477
678;3448
678;3329
678;3350
678;3434
678;3523
678;3423
678;3529
678;7675
678;7631
678;7614
678;7747
678;7652
678;7706
678;7708
678;7746
678;7778
678;7742
678;7642
680;1516
680;1648
680;1574
680;1357
680;1622
680;1649
680;1423
680;1372
680;1467
680;1496
680;1619
680;968
680;1007
680;984
680;924
680;990
680;950
680;999
680;975
680;958
680;976
680;973
681;6104
681;6091
681;6061
681;6163
681;6000
681;6049
681;6037
681;6127
681;6126
681;6094
681;6095
681;968
681;1007
681;984
681;924
681;990
681;950
681;999
681;975
681;958
681;976
681;973
682;174
682;273
682;47
682;230
682;128
682;294
682;29
682;60
682;59
682;231
682;106
682;5240
682;4984
682;5006
682;5086
682;5202
682;4970
682;4986
682;5215
682;5022
682;4992
682;5195
683;1516
683;1648
683;1574
683;1357
683;1622
683;1649
683;1423
683;1372
683;1467
683;1496
683;1619
683;6413
683;6369
683;6397
683;6356
683;6368
683;6436
683;6362
683;6401
683;6361
683;6406
683;6389
684;619
684;627
684;697
684;714
684;784
684;527
684;626
684;647
684;795
684;550
684;654
684;6582
684;6529
684;6576
684;6599
684;6544
684;6501
684;6534
684;6460
684;6522
684;6572
684;6447
647;626
647;668
647;702
647;1516
647;1648
647;1357
647;1622
647;1423
647;1372
647;1404
647;1467
647;1496
647;1619
631;6517
631;6529
631;6576
631;6481
631;6544
631;6534
631;6460
631;6572
631;6397
631;6356
631;6403
631;6411
631;6401
417;5240
417;4984
417;5006
417;5086
417;5202
417;4986
417;5215
417;5236
417;5022
417;4992
417;5195
417;968
417;1007
417;984
417;990
417;1022
417;950
417;999
417;975
417;976
417;973
417;1008
689;619
689;627
689;697
689;714
689;784
689;626
689;658
689;550
689;654
689;668
689;702
689;6413
689;6369
689;6397
689;6356
689;6420
689;6436
689;6362
689;6411
689;6401
689;6361
689;6406
690;6104
690;6091
690;6061
690;6000
690;6049
690;6037
690;6127
690;6079
690;6126
690;6094
690;6095
690;5240
690;5006
690;5043
690;5086
690;5202
690;4986
690;5215
690;5236
690;5022
690;4992
690;5195
591;1516
591;1648
591;1574
591;1357
591;1562
591;1649
591;1677
591;1423
591;1372
591;1467
591;1619
591;6517
591;6529
591;6576
591;6481
591;6599
591;6544
591;6501
591;6460
591;6522
591;6572
692;968
692;1007
692;984
692;990
692;1022
692;950
692;999
692;975
692;976
692;973
692;1008
692;174
692;273
692;47
692;230
692;128
692;29
692;18
692;1
692;231
692;188
692;106
500;1516
500;1574
500;1357
500;1562
500;1622
500;1649
500;1423
500;1372
500;1467
500;1496
500;1619
500;5240
500;5006
500;5043
500;5086
500;5115
500;5202
500;4970
500;5198
500;5022
500;4992
500;5195
694;619
694;627
694;697
694;714
694;784
694;527
694;626
694;550
694;654
694;668
694;702
694;6051
694;6091
694;6061
694;6000
694;6049
694;6037
694;6127
694;6079
694;6126
694;6094
694;6095
625;174
625;273
625;245
625;17
625;44
625;205
625;108
625;78
625;102
625;189
625;2160
625;2060
625;2112
625;2011
625;2124
625;2155
625;2118
625;2103
625;2027
625;2005
697;297
697;296
697;316
697;315
697;304
697;309
697;312
697;303
697;308
697;313
697;314
697;883
697;903
697;913
697;893
697;829
697;884
697;887
697;864
697;908
697;812
697;821
698;6757
698;6747
698;6758
698;6763
698;6744
698;6755
698;6753
698;6754
698;6759
698;6752
698;6746
698;3160
698;3169
698;3195
698;3165
698;3108
698;3113
698;3161
698;3133
698;3175
698;3182
698;3178
499;7675
499;7754
499;7698
499;7605
499;7658
499;7706
499;7702
499;7792
499;7796
499;7642
499;7771
499;1711
499;1783
499;1761
499;1754
499;1780
499;1723
499;1729
499;1691
499;1784
499;1695
499;1758
40;6582
40;6576
40;6481
40;6599
40;6543
40;6460
40;6501
40;6533
40;6522
40;6572
40;6472
40;574
40;541
40;644
40;725
40;756
40;804
40;560
40;534
40;535
40;537
40;654
701;5240
701;5212
701;5066
701;5142
701;5005
701;4986
701;5131
701;5012
701;5190
701;5030
701;5189
701;4192
701;4186
701;4189
701;4194
701;4199
701;4205
701;4190
701;4185
701;4193
701;4202
701;4204
253;8353
253;8332
253;8350
253;8304
253;8361
253;8379
253;8280
253;8296
253;8407
253;8346
253;8365
253;6051
253;6061
253;6097
253;6113
253;6037
253;6136
253;6049
253;6079
253;6005
253;6094
253;6095
704;883
704;903
704;913
704;893
704;829
704;884
704;887
704;864
704;812
704;823
704;821
704;174
704;273
704;33
704;245
704;17
704;44
704;205
704;108
704;78
704;102
704;189
706;2160
706;2060
706;2112
706;2011
706;2052
706;2155
706;2118
706;2103
706;2142
706;2005
706;2163
706;297
706;296
706;316
706;315
706;304
706;312
706;303
706;311
706;313
706;314
706;302
707;6051
707;6061
707;6097
707;6113
707;6037
707;6136
707;6049
707;6079
707;6053
707;6005
707;6095
707;7675
707;7754
707;7698
707;7747
707;7605
707;7658
707;7706
707;7792
707;7643
707;7642
707;7771
708;574
708;644
708;725
708;756
708;804
708;785
708;534
708;535
708;647
708;654
708;805
708;5240
708;5212
708;5066
708;5142
708;5005
708;4986
708;5131
708;5012
708;5190
708;5189
708;4966
709;4192
709;4186
709;4184
709;4189
709;4199
709;4205
709;4190
709;4185
709;4193
709;4203
709;4204
709;6582
709;6576
709;6481
709;6599
709;6543
709;6460
709;6501
709;6533
709;6522
709;6572
709;6472
710;1711
710;1783
710;1761
710;1754
710;1780
710;1723
710;1729
710;1691
710;1784
710;1695
710;1758
710;8353
710;8332
710;8304
710;8379
710;8310
710;8296
710;8407
710;8346
710;8365
710;8275
710;8359
711;6757
711;6747
711;6758
711;6763
711;6744
711;6764
711;6753
711;6754
711;6750
711;6752
711;6748
711;1516
711;1524
711;1541
711;1666
711;1540
711;1562
711;1615
711;1396
711;1489
711;1517
711;1440
712;297
712;306
712;296
712;316
712;315
712;304
712;305
712;307
712;312
712;303
712;302
712;174
712;273
712;33
712;245
712;17
712;44
712;205
712;108
712;60
712;78
712;189
713;883
713;903
713;913
713;893
713;829
713;884
713;887
713;864
713;810
713;812
713;821
713;2160
713;2060
713;2112
713;2011
713;2052
713;2155
713;2118
713;2103
713;2027
713;2005
713;2163
714;3160
714;3169
714;3195
714;3165
714;3116
714;3113
714;3161
714;3133
714;3175
714;3182
714;3209
714;7407
714;7316
714;7348
714;7378
714;7310
714;7459
714;7440
714;7298
714;7507
714;7338
714;7303
654;6582
654;6576
654;6481
654;6543
654;6460
654;6501
654;6533
654;6572
654;6472
654;5212
654;5066
654;5142
654;5005
654;4986
654;5131
654;5012
654;5022
654;5030
654;4966
716;574
716;644
716;725
716;756
716;804
716;785
716;534
716;535
716;647
716;654
716;805
716;4192
716;4191
716;4189
716;4199
716;4198
716;4205
716;4190
716;4185
716;4201
716;4202
716;4204
717;1773
717;1783
717;1761
717;1780
717;1723
717;1729
717;1691
717;1776
717;1784
717;1695
717;1758
717;6051
717;6061
717;6097
717;6113
717;6037
717;6136
717;6049
717;6079
717;6005
717;6094
717;6095
718;7675
718;7698
718;7747
718;7605
718;7663
718;7658
718;7706
718;7702
718;7642
718;7771
718;7725
718;8353
718;8332
718;8304
718;8379
718;8310
718;8296
718;8407
718;8346
718;8365
718;8275
718;8359
719;7675
719;7698
719;7747
719;7605
719;7663
719;7658
719;7706
719;7792
719;7796
719;7642
719;7771
719;6582
719;6576
719;6485
719;6481
719;6599
719;6460
719;6501
719;6533
719;6522
719;6572
719;6472
720;7407
720;7316
720;7348
720;7435
720;7378
720;7440
720;7298
720;7507
720;7338
720;7465
720;7377
720;174
720;273
720;33
720;245
720;17
720;286
720;205
720;29
720;189
720;106
720;101
57;6051
57;6061
57;6097
57;6113
57;6037
57;6136
57;6049
57;6079
57;6005
57;6094
57;6095
57;574
57;644
57;725
57;756
57;778
57;804
57;785
57;534
57;537
57;647
57;805
723;297
723;306
723;296
723;316
723;304
723;310
723;309
723;307
723;312
723;308
723;302
723;6051
723;6061
723;6097
723;6113
723;6037
723;6136
723;6049
723;6079
723;6005
723;6094
723;6095
647;574
647;541
647;634
647;644
647;756
647;778
647;560
647;534
647;535
647;537
647;1524
647;1541
647;1671
647;1540
647;1615
647;1582
647;1396
647;1489
647;1652
725;6582
725;6576
725;6481
725;6599
725;6543
725;6460
725;6501
725;6533
725;6522
725;6572
725;6472
725;7407
725;7316
725;7348
725;7378
725;7310
725;7459
725;7440
725;7298
725;7507
725;7377
725;7303
726;174
726;273
726;33
726;245
726;17
726;205
726;108
726;29
726;189
726;106
726;101
726;7675
726;7754
726;7698
726;7747
726;7621
726;7658
726;7706
726;7792
726;7796
726;7642
726;7771
729;6582
729;6576
729;6481
729;6599
729;6543
729;6460
729;6501
729;6533
729;6522
729;6472
729;6462
729;174
729;273
729;33
729;245
729;17
729;205
729;108
729;29
729;78
729;189
729;106
249;6051
249;6061
249;6097
249;6113
249;6037
249;6136
249;6049
249;6079
249;6005
249;6094
249;6095
249;1516
249;1524
249;1541
249;1671
249;1540
249;1615
249;1582
249;1396
249;1423
249;1489
249;1652
591;1541
591;1671
591;1540
591;1350
591;1615
591;1396
591;1343
591;1489
591;1652
591;6582
591;6543
591;6533
591;6472
732;6051
732;6061
732;6097
732;6113
732;6037
732;6136
732;6049
732;6079
732;6005
732;6094
732;6095
732;174
732;273
732;33
732;245
732;17
732;205
732;108
732;29
732;78
732;189
732;106
733;5549
733;5698
733;5702
733;5629
733;5765
733;5624
733;5711
733;5772
733;5649
733;5764
733;5599
733;7116
733;7114
733;7148
733;7147
733;7198
733;7052
733;7163
733;7194
733;7062
733;7224
733;7167
734;4444
734;4591
734;4489
734;4554
734;4584
734;4588
734;4443
734;4476
734;4559
734;4541
734;4602
734;7018
734;7028
734;6990
734;6995
734;6962
734;6960
734;7004
734;6970
734;6968
734;6987
734;7038
735;8353
735;8239
735;8352
735;8448
735;8366
735;8361
735;8280
735;8407
735;8296
735;8344
735;8339
735;4956
735;4944
735;4946
735;4947
735;4949
735;4948
735;4952
735;4940
735;4953
735;4950
735;4954
736;6421
736;6351
736;6364
736;6356
736;6374
736;6399
736;6355
736;6348
736;6393
736;6361
736;6376
736;1770
736;1769
736;1700
736;1683
736;1761
736;1694
736;1691
736;1696
736;1766
736;1798
736;1786
737;4960
737;5005
737;5066
737;5024
737;5151
737;4989
737;5131
737;5051
737;5189
737;5060
737;4996
737;7675
737;7623
737;7747
737;7663
737;7754
737;7790
737;7706
737;7651
737;7702
737;7658
737;7637
738;174
738;109
738;17
738;241
738;273
738;58
738;85
738;205
738;247
738;94
738;189
738;5413
738;5481
738;5416
738;5476
738;5505
738;5483
738;5501
738;5410
738;5447
738;5464
738;5473
621;1179
621;1133
621;1202
621;1108
621;1111
621;1190
621;1225
621;1107
621;1219
621;1184
621;1143
621;3052
621;3069
621;3054
621;3060
621;3053
621;3064
621;3071
621;3074
621;3055
621;3045
621;3037
740;1451
740;1387
740;1666
740;1394
740;1445
740;1407
740;1466
740;1650
740;1615
740;1489
740;1591
740;6925
740;6791
740;6862
740;6802
740;6810
740;6850
740;6812
740;6924
740;6881
740;6765
740;6822
741;6421
741;6364
741;6356
741;6374
741;6382
741;6399
741;6355
741;6393
741;6361
741;6376
741;6429
741;5413
741;5481
741;5416
741;5476
741;5505
741;5483
741;5501
741;5410
741;5447
741;5464
741;5473
742;6934
742;7028
742;6990
742;6995
742;6962
742;6960
742;7004
742;6970
742;7002
742;6968
742;6987
742;6922
742;6791
742;6862
742;6810
742;6933
742;6851
742;6923
742;6850
742;6881
742;6822
742;6824
589;7116
589;7046
589;7088
589;7114
589;7124
589;7198
589;7052
589;7163
589;7062
589;7224
589;7122
589;1179
589;1133
589;1202
589;1108
589;1140
589;1111
589;1190
589;1225
589;1219
589;1184
589;1143
744;8353
744;8239
744;8352
744;8448
744;8366
744;8361
744;8280
744;8296
744;8344
744;8278
744;8245
744;4960
744;5005
744;5066
744;5024
744;5193
744;4989
744;5131
744;5051
744;5189
744;5060
744;4996
745;7711
745;7773
745;7623
745;7663
745;7754
745;7790
745;7706
745;7760
745;7744
745;7702
745;7797
745;4956
745;4935
745;4944
745;4946
745;4947
745;4949
745;4955
745;4948
745;4952
745;4940
745;4953
746;5549
746;5698
746;5702
746;5765
746;5624
746;5675
746;5616
746;5542
746;5693
746;5764
746;5599
746;3052
746;3069
746;3054
746;3057
746;3060
746;3064
746;3071
746;3074
746;3055
746;3045
746;3037
747;174
747;109
747;240
747;17
747;273
747;58
747;205
747;247
747;189
747;165
747;169
747;1770
747;1761
747;1706
747;1797
747;1705
747;1691
747;1696
747;1754
747;1732
747;1742
747;1688
748;1451
748;1387
748;1666
748;1394
748;1445
748;1407
748;1650
748;1615
748;1582
748;1489
748;1591
748;4444
748;4489
748;4554
748;4584
748;4674
748;4588
748;4443
748;4476
748;4559
748;4541
748;4602
749;7116
749;7046
749;7088
749;7124
749;7198
749;7126
749;7163
749;7194
749;7062
749;7178
749;7122
749;3052
749;3069
749;3054
749;3060
749;3041
749;3071
749;3074
749;3058
749;3056
749;3045
749;3063
718;7711
718;7773
718;7623
718;7790
718;7651
718;7760
718;7734
718;8239
718;8352
718;8448
718;8366
718;8361
718;8344
718;8278
718;8465
718;8339
751;174
751;109
751;240
751;17
751;273
751;58
751;205
751;247
751;189
751;165
751;169
751;6421
751;6364
751;6356
751;6374
751;6382
751;6399
751;6355
751;6393
751;6361
751;6376
751;6429
752;1451
752;1387
752;1666
752;1394
752;1456
752;1445
752;1407
752;1650
752;1582
752;1489
752;1591
752;6934
752;7028
752;6990
752;6995
752;6962
752;6960
752;7004
752;6970
752;7002
752;6968
752;6987
753;1791
753;1769
753;1761
753;1706
753;1797
753;1754
753;1732
753;1766
753;1786
753;1688
753;1750
753;5469
753;5416
753;5476
753;5505
753;5461
753;5483
753;5501
753;5410
753;5447
753;5464
753;5400
624;4444
624;4591
624;4489
624;4584
624;4477
624;4588
624;4476
624;4453
624;4602
624;4480
624;4438
624;6925
624;6791
624;6862
624;6802
624;6813
624;6850
624;6889
624;6924
624;6881
624;6765
624;6784
755;5549
755;5698
755;5702
755;5765
755;5624
755;5675
755;5711
755;5616
755;5693
755;5764
755;5599
755;1179
755;1133
755;1202
755;1108
755;1140
755;1111
755;1190
755;1225
755;1219
755;1184
755;1182
756;4960
756;5005
756;5066
756;5024
756;5193
756;4989
756;5131
756;5051
756;5189
756;5060
756;4996
756;4956
756;4935
756;4936
756;4944
756;4946
756;4947
756;4949
756;4948
756;4952
756;4940
756;4953
643;174
643;109
643;240
643;17
643;273
643;58
643;205
643;247
643;189
643;165
643;169
643;4456
643;4591
643;4489
643;4554
643;4584
643;4588
643;4443
643;4476
643;4559
643;4541
643;4602
478;4960
478;5005
478;5066
478;5024
478;5193
478;4989
478;5131
478;5051
478;5189
478;5060
478;4996
478;5549
478;5698
478;5702
478;5765
478;5624
478;5675
478;5711
478;5616
478;5693
478;5764
478;5599
759;8353
759;8239
759;8352
759;8448
759;8366
759;8361
759;8280
759;8344
759;8278
759;8362
759;8302
759;7116
759;7046
759;7088
759;7114
759;7124
759;7198
759;7052
759;7163
759;7062
759;7224
759;7122
683;1451
683;1387
683;1666
683;1394
683;1538
683;1407
683;1466
683;1650
683;1615
683;1489
683;1591
683;6421
683;6351
683;6374
683;6372
683;6399
683;6355
683;6348
683;6393
683;6376
761;8353
761;8239
761;8352
761;8448
761;8366
761;8361
761;8280
761;8344
761;8278
761;8362
761;8302
761;1451
761;1387
761;1666
761;1394
761;1445
761;1407
761;1466
761;1650
761;1615
761;1489
761;1591
656;4960
656;5005
656;5066
656;5024
656;5193
656;4989
656;5131
656;5051
656;5189
656;5060
656;4996
656;174
656;240
656;17
656;241
656;273
656;207
656;205
656;247
656;189
656;169
656;78
563;8353
563;8239
563;8352
563;8448
563;8366
563;8361
563;8280
563;8344
563;8278
563;8362
563;8302
563;288
563;240
563;279
563;273
563;58
563;207
563;205
563;247
563;94
563;189
563;165
500;1451
500;1387
500;1666
500;1394
500;1445
500;1407
500;1466
500;1650
500;1615
500;1489
500;1591
500;1344
500;1538
500;1368
500;1456
500;1495
500;1671
500;1582
500;1616
500;1440
500;1413
500;4960
500;5005
500;5066
500;5024
500;5193
500;4989
500;5131
500;5051
500;5189
500;5060
500;4996
222;6671
222;6739
222;6657
222;6685
222;6603
222;6624
222;6661
222;6732
222;6669
222;6641
222;6736
222;6608
222;6621
222;6653
222;6628
222;6670
222;6647
222;6710
222;6629
222;6640
222;6675
222;6677
222;2322
222;2343
222;2326
222;2325
222;2308
222;2331
222;2306
222;2329
222;2305
222;2335
222;2344
222;2323
222;2332
222;2311
222;2312
222;2319
222;2314
222;2313
222;2321
222;2342
222;2301
222;2324
790;4444
790;4485
790;4668
790;4477
790;4584
790;4642
790;4443
790;4602
790;4476
790;4541
790;4539
790;4635
790;4456
790;4436
790;4468
790;4540
790;4509
790;4471
790;4521
790;4488
790;4598
790;4503
790;748
790;725
790;676
790;618
790;738
790;518
790;774
790;636
790;529
790;698
790;677
790;651
790;632
790;568
790;665
790;797
790;771
790;716
790;764
790;579
790;746
790;783
791;268
791;109
791;240
791;241
791;279
791;17
791;85
791;205
791;247
791;94
791;54
791;22
791;174
791;171
791;207
791;208
791;248
791;35
791;170
791;113
791;150
791;78
791;8353
791;8447
791;8345
791;8318
791;8448
791;8259
791;8278
791;8431
791;8407
791;8390
791;8418
791;8436
791;8442
791;8304
791;8289
791;8397
791;8235
791;8234
791;8296
791;8452
791;8425
791;8461
557;7220
557;7174
557;7198
557;7080
557;7184
557;7217
557;7075
557;7125
557;7176
557;7055
557;7150
557;7116
557;7056
557;7170
557;7046
557;7100
557;7129
557;7124
557;7200
557;7194
557;7157
557;7153
557;4302
557;4315
557;4342
557;4345
557;4385
557;4374
557;4351
557;4270
557;4264
557;4294
557;4366
557;4384
557;4301
557;4377
557;4313
557;4404
557;4341
557;4296
557;4346
557;4391
557;4363
557;4349
793;268
793;240
793;241
793;279
793;171
793;17
793;85
793;205
793;247
793;94
793;54
793;22
793;174
793;109
793;207
793;208
793;248
793;35
793;170
793;113
793;150
793;78
793;7220
793;7174
793;7198
793;7080
793;7184
793;7217
793;7075
793;7125
793;7176
793;7055
793;7150
793;7116
793;7056
793;7170
793;7046
793;7100
793;7129
793;7124
793;7200
793;7194
793;7157
793;7153
315;4444
315;4485
315;4668
315;4477
315;4584
315;4642
315;4443
315;4602
315;4476
315;4541
315;4539
315;4635
315;4456
315;4436
315;4468
315;4540
315;4509
315;4471
315;4521
315;4488
315;4598
315;4503
315;6671
315;6657
315;6603
315;6670
315;6647
315;6624
315;6661
315;6732
315;6669
315;6641
315;6736
315;6608
315;6621
315;6739
315;6653
315;6628
315;6685
315;6710
315;6629
315;6640
315;6675
315;6677
795;6671
795;6657
795;6603
795;6670
795;6647
795;6624
795;6661
795;6732
795;6669
795;6641
795;6736
795;6608
795;6621
795;6739
795;6653
795;6628
795;6685
795;6710
795;6629
795;6640
795;6675
795;6677
795;7220
795;7174
795;7080
795;7129
795;7124
795;7217
795;7200
795;7194
795;7157
795;7055
795;7150
795;7116
795;7056
795;7170
795;7046
795;7198
795;7100
795;7184
795;7075
795;7125
795;7176
795;7153
550;4444
550;4485
550;4668
550;4477
550;4584
550;4642
550;4443
550;4602
550;4476
550;4541
550;4539
550;4635
550;4456
550;4436
550;4468
550;4540
550;4509
550;4471
550;4521
550;4488
550;4598
550;4503
550;268
550;109
550;240
550;241
550;279
550;17
550;85
550;205
550;247
550;94
550;54
550;22
550;174
550;171
550;207
550;208
550;248
550;35
550;170
550;113
550;150
550;78
748;1470
748;1424
748;1547
748;1681
748;1568
748;1679
748;1421
748;1463
748;1654
748;1358
748;1667
748;1401
748;1488
748;1376
748;1511
748;1355
748;1674
748;1551
748;1408
748;1592
748;1487
748;4635
748;4436
748;4668
748;4593
748;4509
748;4521
748;4530
748;4527
748;4500
748;4533
748;4536
748;4645
748;4433
748;4503
748;4615
748;4488
748;4552
748;4539
748;4600
822;6903
822;6852
822;6890
822;6873
822;6886
822;6861
822;6851
822;6901
822;6820
822;6891
822;6828
822;6902
822;6840
822;6919
822;6775
822;6915
822;6779
822;6864
822;6765
822;6859
822;6837
822;6776
822;4305
822;4342
822;4345
822;4372
822;4375
822;4374
822;4369
822;4264
822;4391
822;4296
822;4366
822;4384
822;4314
822;4377
822;4313
822;4304
822;4351
822;4343
822;4294
822;4347
822;4333
822;4275
720;7489
720;7336
720;7375
720;7409
720;7471
720;7466
720;7483
720;7364
720;7342
720;7487
720;7388
720;7392
720;7501
720;7510
720;7486
720;7438
720;7299
720;7411
720;7434
720;7361
720;7412
720;7499
720;57
720;56
720;240
720;241
720;201
720;263
720;85
720;35
720;71
720;247
720;235
720;268
720;234
720;285
720;159
720;281
720;260
720;149
720;152
720;98
720;256
720;274
824;2043
824;2047
824;2138
824;2093
824;2030
824;2127
824;2150
824;2114
824;2072
824;2137
824;2149
824;2062
824;2013
824;2156
824;2074
824;2125
824;2036
824;2054
824;2101
824;2087
824;2092
824;2021
824;7220
824;7077
824;7170
824;7155
824;7164
824;7217
824;7110
824;7151
824;7156
824;7173
824;7075
824;7154
824;7131
824;7086
824;7198
824;7152
824;7184
824;7105
824;7112
824;7157
824;7194
824;7125
825;7489
825;7336
825;7375
825;7409
825;7486
825;7471
825;7466
825;7483
825;7364
825;7342
825;7487
825;7392
825;7501
825;7510
825;7438
825;7299
825;7411
825;7434
825;7361
825;7412
825;7388
825;7499
825;6903
825;6852
825;6890
825;6873
825;6886
825;6861
825;6851
825;6901
825;6820
825;6891
825;6828
825;6902
825;6840
825;6919
825;6775
825;6915
825;6779
825;6864
825;6765
825;6859
825;6837
825;6776
826;2043
826;2047
826;2138
826;2030
826;2125
826;2127
826;2150
826;2114
826;2072
826;2137
826;2149
826;2062
826;2013
826;2093
826;2156
826;2074
826;2036
826;2054
826;2101
826;2087
826;2092
826;2021
826;1470
826;1424
826;1547
826;1681
826;1568
826;1679
826;1421
826;1463
826;1654
826;1358
826;1667
826;1401
826;1488
826;1376
826;1511
826;1355
826;1674
826;1551
826;1408
826;1591
826;1592
826;1487
827;2062
827;2047
827;2138
827;2125
827;2036
827;2127
827;2150
827;2114
827;2137
827;2021
827;2149
827;2043
827;2013
827;2093
827;2030
827;2156
827;2074
827;2054
827;2101
827;2072
827;2087
827;2092
827;7489
827;7336
827;7409
827;7510
827;7471
827;7466
827;7483
827;7364
827;7342
827;7487
827;7388
827;7392
827;7501
827;7375
827;7486
827;7438
827;7299
827;7411
827;7434
827;7361
827;7412
827;7499
740;1470
740;1424
740;1547
740;1681
740;1568
740;1679
740;1421
740;1463
740;1654
740;1358
740;1667
740;1401
740;1488
740;1376
740;1511
740;1355
740;1674
740;1551
740;1408
740;1592
740;1487
740;6903
740;6890
740;6873
740;6886
740;6919
740;6861
740;6851
740;6901
740;6820
740;6891
740;6828
740;6902
740;6840
740;6852
740;6775
740;6915
740;6779
740;6864
740;6859
740;6837
740;6776
649;3745
649;3873
649;3897
649;3871
649;3912
649;3930
649;3841
649;3880
649;3933
649;3996
649;3998
649;3802
649;3944
649;3913
649;3922
649;3796
649;3868
649;3886
649;3926
649;3765
649;3782
649;3832
649;4877
649;4870
649;4891
649;4884
649;4859
649;4889
649;4858
649;4871
649;4893
649;4863
649;4905
649;4909
649;4904
649;4876
649;4878
649;4899
649;4866
649;4906
649;4887
649;4873
649;4869
649;4908
507;97
507;56
507;126
507;254
507;51
507;263
507;277
507;238
507;217
507;235
507;247
507;234
507;160
507;283
507;240
507;110
507;203
507;141
507;42
507;133
507;260
507;210
507;7392
507;7486
507;7320
507;7530
507;7395
507;7312
507;7426
507;7457
507;7519
507;7475
507;7443
507;7306
507;7356
507;7514
507;7473
507;7480
507;7466
507;7425
507;7483
507;7452
507;7400
507;7364
858;1470
858;1376
858;1568
858;1415
858;1572
858;1421
858;1679
858;1667
858;1591
858;1463
858;1354
858;1401
858;1424
858;1571
858;1681
858;1547
858;1422
858;1557
858;1493
858;1654
858;1420
858;1592
858;4028
858;4048
858;4023
858;4040
858;4012
858;4009
858;4032
858;4022
858;4002
858;4026
858;4045
858;4027
858;4042
858;4017
858;4006
858;4014
858;4018
858;4007
858;4011
858;4029
858;4043
858;4003
859;7786
859;7626
859;7622
859;7712
859;7758
859;7661
859;7665
859;7632
859;7669
859;7776
859;7779
859;7791
859;7672
859;7687
859;7750
859;7668
859;7774
859;7722
859;7694
859;7729
859;7628
859;7751
859;7220
859;7118
859;7135
859;7138
859;7216
859;7212
859;7110
859;7201
859;7186
859;7107
859;7109
859;7154
859;7058
859;7170
859;7155
859;7222
859;7164
859;7051
859;7068
859;7105
859;7091
859;7092
726;97
726;56
726;126
726;254
726;51
726;263
726;277
726;217
726;235
726;247
726;42
726;234
726;160
726;283
726;240
726;110
726;203
726;238
726;141
726;133
726;260
726;210
726;7786
726;7626
726;7622
726;7712
726;7758
726;7661
726;7665
726;7632
726;7669
726;7776
726;7779
726;7791
726;7672
726;7687
726;7750
726;7668
726;7774
726;7722
726;7694
726;7729
726;7628
726;7751
861;3745
861;3873
861;3897
861;3871
861;3912
861;3930
861;3841
861;3880
861;3933
861;3996
861;3998
861;3802
861;3944
861;3913
861;3922
861;3796
861;3868
861;3886
861;3926
861;3765
861;3782
861;3832
861;1470
861;1376
861;1568
861;1415
861;1572
861;1421
861;1679
861;1667
861;1591
861;1463
861;1654
861;1401
861;1424
861;1571
861;1681
861;1547
861;1422
861;1557
861;1493
861;1354
861;1420
861;1592
602;160
602;56
602;283
602;254
602;240
602;263
602;217
602;235
602;42
602;133
602;260
602;97
602;234
602;126
602;110
602;203
602;51
602;277
602;238
602;247
602;141
602;210
602;3745
602;3873
602;3897
602;3886
602;3912
602;3930
602;3832
602;3841
602;3880
602;3996
602;3998
602;3802
602;3944
602;3913
602;3922
602;3796
602;3868
602;3871
602;3926
602;3765
602;3782
602;3933
498;7786
498;7626
498;7622
498;7712
498;7758
498;7661
498;7665
498;7632
498;7669
498;7776
498;7779
498;7791
498;7672
498;7687
498;7750
498;7668
498;7774
498;7722
498;7694
498;7729
498;7628
498;7751
498;1470
498;1376
498;1424
498;1568
498;1572
498;1421
498;1679
498;1667
498;1591
498;1463
498;1654
498;1401
498;1571
498;1681
498;1415
498;1547
498;1422
498;1557
498;1493
498;1354
498;1420
498;1592
151;8351
151;3528
151;8348
151;8413
151;8456
151;8279
151;8230
151;8358
151;8427
151;8252
151;8238
151;8341
151;8283
151;8444
151;8265
151;8337
151;8405
151;8330
151;8439
151;8357
151;8391
151;8270
151;4578
151;4636
151;4469
151;4672
151;4495
151;4575
151;4572
151;4460
151;4564
151;4508
151;4665
151;4464
151;4596
151;4522
151;4478
151;4437
151;4647
151;4607
151;4587
151;4546
151;4527
151;4534
883;1012
883;942
883;943
883;918
883;985
883;966
883;964
883;1032
883;998
883;963
883;1020
883;988
883;1038
883;967
883;940
883;1021
883;936
883;1027
883;1004
883;1010
883;929
883;947
883;7934
883;7825
883;7926
883;7848
883;7898
883;7835
883;7812
883;7816
883;7857
883;7888
883;7986
883;7850
883;7973
883;7861
883;7917
883;7823
883;7860
883;7870
883;7855
883;7918
883;7920
883;7947
774;4305
774;4281
774;4335
774;4337
774;4277
774;4408
774;4397
774;4326
774;4312
774;4287
774;4399
774;4303
774;4307
774;4317
774;4405
774;4330
774;4387
774;3495
774;4278
774;4338
774;4285
774;4357
774;1401
774;1424
774;1568
774;1384
774;1373
774;1596
774;1421
774;1501
774;1545
774;1482
774;1483
774;1656
774;1389
774;1581
774;1352
774;1547
774;1442
774;1418
774;1369
774;1595
774;1458
774;1631
507;271
507;161
507;147
507;166
507;173
507;186
507;278
507;156
507;15
507;215
507;179
507;182
507;25
507;100
507;211
507;7494
507;7351
507;7318
507;7428
507;7526
507;7309
507;7389
507;7531
507;7424
507;7308
507;7406
507;7490
507;7442
507;7451
507;7337
886;4305
886;4281
886;4335
886;4337
886;4277
886;4408
886;4326
886;4312
886;4287
886;4278
886;4357
886;4303
886;4307
886;4317
886;4405
886;4330
886;4387
886;4397
886;3495
886;4338
886;4285
886;4399
886;8351
886;3528
886;8348
886;8413
886;8265
886;8279
886;8330
886;8427
886;8252
886;8439
886;8238
886;8341
886;8283
886;8444
886;8456
886;8337
886;8405
886;8230
886;8358
886;8357
886;8391
886;8270
639;271
639;147
639;215
639;166
639;173
639;277
639;51
639;217
639;186
639;278
639;235
639;156
639;160
639;161
639;15
639;56
639;179
639;182
639;25
639;141
639;100
639;211
639;1038
639;942
639;943
639;985
639;966
639;964
639;1010
639;1032
639;998
639;963
639;1020
639;1012
639;988
639;918
639;967
639;940
639;1021
639;936
639;1027
639;1004
639;929
639;947
888;8351
888;3528
888;8348
888;8413
888;8265
888;8279
888;8230
888;8330
888;8427
888;8252
888;8357
888;8341
888;8283
888;8444
888;8456
888;8337
888;8405
888;8358
888;8439
888;8238
888;8391
888;8270
888;1012
888;942
888;918
888;967
888;985
888;966
888;964
888;1032
888;998
888;929
888;1020
888;988
888;1038
888;943
888;940
888;1021
888;936
888;1027
888;1004
888;1010
888;963
888;947
876;4305
876;4281
876;4335
876;4337
876;4277
876;4408
876;4326
876;4312
876;3495
876;4287
876;4399
876;4303
876;4307
876;4317
876;4405
876;4330
876;4387
876;4397
876;4278
876;4338
876;4285
876;4357
876;271
876;147
876;215
876;166
876;173
876;277
876;51
876;217
876;186
876;278
876;235
876;156
876;160
876;161
876;15
876;56
876;179
876;182
876;25
876;141
876;100
876;211
480;1370
480;1367
480;1512
480;1373
480;1380
480;1411
480;1680
480;1342
480;1405
480;1486
480;1533
480;1401
480;1442
480;1563
480;1568
480;1569
480;1633
480;1341
480;1351
480;1369
480;1458
480;1461
480;7786
480;7615
480;7735
480;7770
480;7656
480;7743
480;7686
480;7741
480;7756
480;7779
480;7782
480;7714
480;7688
480;7728
480;7597
480;7693
480;7729
480;7769
512;8351
512;8324
512;8444
512;8322
512;8413
512;8456
512;8312
512;8358
512;8391
512;8427
512;8460
512;8380
512;8307
512;8348
512;8462
512;8376
512;8393
512;8414
512;8254
512;8255
512;8364
512;8403
512;3502
512;3386
512;3397
512;3484
512;3398
512;3494
512;3337
512;3410
512;3462
512;3492
512;3569
512;3309
512;3374
512;3323
512;3330
512;3436
512;3537
512;3470
512;3357
512;3427
512;3482
512;3519
908;8380
908;8307
908;8324
908;8444
908;8413
908;8456
908;8312
908;8358
908;8391
908;8427
908;8460
908;8351
908;8348
908;8462
908;8322
908;8376
908;8393
908;8414
908;8254
908;8255
908;8364
908;8403
908;7786
908;7615
908;7688
908;7735
908;7770
908;7656
908;7686
908;7693
908;7729
908;7756
908;7782
908;7714
908;7728
908;7597
908;7743
908;7741
908;7769
908;7779
670;1370
670;1367
670;1512
670;1373
670;1380
670;1411
670;1680
670;1342
670;1405
670;1461
670;1486
670;1401
670;1442
670;1563
670;1568
670;1569
670;1633
670;1341
670;1351
670;1369
670;1458
670;1533
670;3502
670;3386
670;3397
670;3484
670;3398
670;3494
670;3337
670;3410
670;3482
670;3492
670;3569
670;3309
670;3374
670;3323
670;3330
670;3436
670;3537
670;3470
670;3357
670;3427
670;3462
670;3519
910;7786
910;7615
910;7688
910;7735
910;7770
910;7656
910;7693
910;7729
910;7756
910;7769
910;7782
910;7714
910;7728
910;7597
910;7743
910;7686
910;7741
910;7779
910;3374
910;3330
910;3386
910;3484
910;3537
910;3494
910;3337
910;3427
910;3482
910;3519
910;3569
910;3309
910;3502
910;3323
910;3397
910;3436
910;3398
910;3470
910;3357
910;3410
910;3462
910;3492
761;8351
761;8307
761;8324
761;8444
761;8413
761;8456
761;8312
761;8358
761;8364
761;8391
761;8427
761;8380
761;8348
761;8462
761;8322
761;8376
761;8393
761;8414
761;8254
761;8255
761;8403
761;8460
761;1370
761;1367
761;1512
761;1373
761;1380
761;1411
761;1680
761;1342
761;1405
761;1461
761;1486
761;1401
761;1442
761;1563
761;1568
761;1569
761;1633
761;1341
761;1351
761;1369
761;1458
761;1533
912;7887
912;7906
912;7921
912;7911
912;7965
912;7981
912;7803
912;7806
912;7810
912;7821
912;7989
912;7815
912;7824
912;7968
912;7880
912;7943
912;7804
912;7868
912;7877
912;7899
912;7951
912;7988
912;216
912;123
912;237
912;138
912;158
912;184
912;68
912;70
912;84
912;164
912;209
912;36
912;120
912;191
912;257
912;74
912;250
912;275
912;197
912;249
912;258
912;262
125;3823
125;3793
125;3825
125;3915
125;3759
125;3816
125;3862
125;3872
125;3990
125;3753
125;3924
125;3811
125;3901
125;3766
125;3780
125;3940
125;3988
125;3870
125;3783
125;3808
125;3884
125;4000
125;1047
125;1173
125;1191
125;1097
125;1199
125;1206
125;1059
125;1062
125;1137
125;1236
125;1252
125;1057
125;1235
125;1123
125;1177
125;1194
125;1084
125;1130
125;1063
125;1069
125;1119
125;1165
434;5153
434;5139
434;5186
434;4968
434;5070
434;5108
434;5206
434;5073
434;5132
434;5165
434;5175
434;5026
434;5127
434;5077
434;5062
434;5085
434;5154
434;5170
434;4991
434;4993
434;5031
434;5034
434;5914
434;5909
434;5913
434;5895
434;5906
434;5908
434;5892
434;5893
434;5900
434;5911
434;5919
434;5918
434;5926
434;5883
434;5884
434;5917
434;5885
434;5904
434;5886
434;5910
434;5922
591;1371
591;1426
591;1531
591;1346
591;1543
591;1676
591;1478
591;1519
591;1521
591;1593
591;1626
591;1663
591;1490
591;1561
591;1363
591;1383
591;1388
591;1526
591;1565
591;1579
591;1617
591;1645
591;6530
591;6473
591;6575
591;6465
591;6479
591;6545
591;6553
591;6555
591;6574
591;6590
591;6591
591;6450
591;6475
591;6583
591;6526
591;6554
591;6587
591;6441
591;6456
591;6486
591;6507
591;6528
916;4308
916;4273
916;4328
916;4268
916;4336
916;4400
916;4327
916;4371
916;4373
916;4393
916;4410
916;4355
916;4379
916;4360
916;4292
916;4370
916;4381
916;4388
916;4272
916;4283
916;4392
916;4407
916;4424
916;4414
916;4417
916;4418
916;4415
916;4416
916;4421
916;4419
916;4420
916;4422
916;4423
916;4413
916;4411
916;4428
916;4412
916;4425
916;4426
916;4427
917;6884
917;6780
917;6790
917;6777
917;6836
917;6839
917;6870
917;6896
917;6899
917;6907
917;6930
917;6781
917;6875
917;6786
917;6835
917;6874
917;6778
917;6809
917;6846
917;6854
917;6893
917;6905
917;6142
917;6001
917;6159
917;5984
917;6086
917;6137
917;6013
917;6107
917;6131
917;6153
917;6161
917;6075
917;5987
917;6090
917;6043
917;6089
917;6008
917;6021
917;6026
917;6083
917;6092
917;6147
918;2775
918;2773
918;2776
918;2771
918;2774
918;2777
918;2781
918;2779
918;2782
918;2783
918;2784
918;2772
918;2770
918;2778
918;2780
918;7007
918;6946
918;6949
918;6953
918;7020
918;7021
918;6938
918;6942
918;6943
918;6963
918;6983
918;6957
918;7026
918;6972
918;7031
918;6940
918;6944
918;6945
918;6997
918;7001
918;7013
921;2775
921;2773
921;2776
921;2771
921;2774
921;2777
921;2781
921;2770
921;2778
921;2782
921;2784
921;2772
921;2779
921;2780
921;2783
921;7595
921;7648
921;7695
921;7600
921;7681
921;7783
921;7608
921;7691
921;7699
921;7748
921;7800
921;7777
921;7735
921;7736
921;7657
921;7716
921;7603
921;7627
921;7634
921;7670
921;7759
921;7798
320;5153
320;5077
320;5186
320;4968
320;5070
320;5108
320;5206
320;4993
320;5034
320;5132
320;5175
320;5026
320;5127
320;5139
320;5062
320;5085
320;5154
320;5170
320;4991
320;5031
320;5073
320;5165
320;3823
320;3793
320;3825
320;3915
320;3759
320;3816
320;3862
320;3872
320;3990
320;3753
320;3924
320;3811
320;3901
320;3766
320;3780
320;3940
320;3988
320;3870
320;3783
320;3808
320;3884
320;4000
923;4379
923;4273
923;4328
923;4336
923;4381
923;4400
923;4327
923;4371
923;4373
923;4407
923;4410
923;4308
923;4355
923;4360
923;4268
923;4292
923;4370
923;4388
923;4272
923;4283
923;4392
923;4393
923;7887
923;7906
923;7968
923;7911
923;7965
923;7981
923;7803
923;7810
923;7821
923;7877
923;7989
923;7815
923;7824
923;7921
923;7880
923;7943
923;7804
923;7806
923;7868
923;7899
923;7951
923;7988
740;1663
740;1426
740;1531
740;1346
740;1543
740;1676
740;1478
740;1519
740;1521
740;1593
740;1626
740;1371
740;1490
740;1561
740;1363
740;1383
740;1388
740;1526
740;1565
740;1579
740;1617
740;1645
740;6884
740;6780
740;6790
740;6777
740;6836
740;6839
740;6854
740;6870
740;6893
740;6896
740;6907
740;6781
740;6875
740;6786
740;6835
740;6874
740;6778
740;6809
740;6846
740;6899
740;6905
740;6930
926;4379
926;4273
926;4328
926;4336
926;4381
926;4400
926;4371
926;4373
926;4392
926;4393
926;4410
926;4308
926;4355
926;4360
926;4268
926;4292
926;4370
926;4388
926;4272
926;4283
926;4327
926;4407
926;7595
926;7648
926;7695
926;7600
926;7681
926;7783
926;7608
926;7691
926;7699
926;7748
926;7800
926;7777
926;7735
926;7736
926;7657
926;7716
926;7603
926;7627
926;7634
926;7670
926;7759
926;7798
500;1663
500;1426
500;1531
500;1346
500;1543
500;1676
500;1521
500;1526
500;1579
500;1593
500;1626
500;1371
500;1490
500;1561
500;1363
500;1383
500;1388
500;1478
500;1519
500;1565
500;1617
500;1645
500;5153
500;5077
500;5186
500;4968
500;5070
500;5108
500;5206
500;4993
500;5034
500;5132
500;5175
500;5026
500;5127
500;5139
500;5062
500;5085
500;5154
500;5170
500;4991
500;5031
500;5073
500;5165
480;1371
480;1426
480;1531
480;1346
480;1383
480;1676
480;1519
480;1579
480;1593
480;1617
480;1626
480;1663
480;1490
480;1561
480;1363
480;1388
480;1543
480;1478
480;1521
480;1526
480;1565
480;1645
480;7595
480;7648
480;7600
480;7716
480;7783
480;7603
480;7608
480;7691
480;7748
480;7759
480;7777
480;7695
480;7736
480;7657
480;7681
480;7627
480;7634
480;7670
480;7699
480;7798
480;7800
668;5153
668;5077
668;5186
668;4968
668;5070
668;5108
668;5206
668;4993
668;5034
668;5132
668;5175
668;5026
668;5127
668;5139
668;5062
668;5085
668;5154
668;5170
668;4991
668;5031
668;5073
668;5165
668;4379
668;4273
668;4360
668;4336
668;4381
668;4388
668;4371
668;4373
668;4392
668;4407
668;4410
668;4308
668;4355
668;4328
668;4268
668;4292
668;4370
668;4400
668;4272
668;4283
668;4327
668;4393
485;154
485;89
485;123
485;244
485;293
485;43
485;112
485;144
485;164
485;249
485;262
485;36
485;120
485;39
485;191
485;3
485;79
485;255
485;21
485;45
485;92
485;200
485;1235
485;1141
485;1194
485;1075
485;1174
485;1255
485;1063
485;1095
485;1125
485;1131
485;1252
485;1047
485;1172
485;1055
485;1129
485;1185
485;1192
485;1221
485;1060
485;1144
485;1145
485;1246
357;7768
357;7616
357;7624
357;7607
357;7635
357;7766
357;7639
357;7666
357;7691
357;7699
357;7705
357;7801
357;7611
357;7659
357;7689
357;7683
357;7753
357;7794
357;622
357;548
357;720
357;662
357;694
357;791
357;595
357;624
357;650
357;753
357;803
357;640
357;531
357;582
357;517
357;666
357;653
357;724
281;5036
281;4961
281;5194
281;4990
281;5070
281;5132
281;687
281;5179
281;5097
281;5156
281;5200
281;5023
281;5127
281;5007
281;5139
281;5020
281;5072
281;5226
281;4974
281;5000
281;599
281;5096
281;3652
281;3614
281;3687
281;3699
281;3622
281;3624
281;3635
281;3642
281;3683
281;3691
281;3712
281;3648
281;3676
281;3704
281;3578
281;3633
281;3638
281;3669
281;3673
933;4379
933;4299
933;4378
933;4336
933;4356
933;4388
933;4339
933;4380
933;4390
933;4393
933;4407
933;4308
933;4273
933;4401
933;4292
933;4360
933;4376
933;4381
933;4266
933;4319
933;4371
933;4389
933;3008
933;2985
933;3015
933;3022
933;2978
933;3000
933;3003
933;3006
933;3016
933;2992
933;3012
933;2990
933;2995
933;3005
933;3002
933;3007
933;3013
554;3568
554;3361
554;3452
554;3497
554;3360
554;3412
554;3435
554;3467
554;3400
554;3430
554;3431
554;3473
554;3566
554;3409
554;3443
554;3347
554;3358
554;3365
554;3381
554;3506
554;3540
554;3558
554;1590
554;1528
554;1640
554;1391
554;1543
554;1646
554;1365
554;1519
554;1526
554;1579
554;1660
554;1464
554;1570
554;1364
554;1662
554;1366
554;1397
935;6884
935;6789
935;6931
935;6783
935;6839
935;6845
935;6823
935;6870
935;6893
935;6906
935;6910
935;6878
935;6780
935;6777
935;6836
935;6927
935;6829
935;6918
935;7045
935;6935
935;6958
935;6982
935;6998
935;7042
935;6942
935;6943
935;6963
935;6983
935;7030
935;7017
935;7031
935;6955
935;6951
936;7956
936;7921
936;7992
936;7880
936;7889
936;7893
936;7803
936;7826
936;7899
936;7936
936;7984
936;7824
936;7887
936;7874
936;7932
936;7991
936;7866
936;7912
936;7830
936;7831
936;7884
936;7894
936;7895
936;6128
936;6146
936;6159
936;5984
936;6088
936;6137
936;5986
936;6107
936;6143
936;6153
936;6161
936;6038
936;6142
936;6133
936;6084
936;6086
936;6035
936;6067
936;6076
936;6077
936;6102
936;6158
641;995
641;927
641;1016
641;1018
641;1028
641;275
641;922
641;1009
641;1017
641;1030
641;1039
641;934
641;216
641;957
641;1011
641;953
641;923
641;945
641;956
641;960
641;258
641;1033
641;3976
641;3907
641;3915
641;3816
641;3899
641;3949
641;3993
641;3747
641;3753
641;3876
641;3924
641;3815
641;3901
641;3763
641;3853
641;3988
641;3817
641;3842
641;3808
641;3881
641;3892
641;3990
938;6884
938;6789
938;6931
938;6783
938;6839
938;6845
938;6823
938;6870
938;6893
938;6910
938;6918
938;6878
938;6780
938;6777
938;6836
938;6927
938;6829
938;6906
938;7956
938;7921
938;7992
938;7880
938;7889
938;7893
938;7803
938;7894
938;7895
938;7899
938;7984
938;7824
938;7887
938;7874
938;7932
938;7991
938;7866
938;7912
938;7826
938;7830
938;7831
938;7884
938;7936
939;995
939;927
939;1016
939;1018
939;1028
939;275
939;922
939;956
939;1017
939;1030
939;1039
939;934
939;216
939;957
939;1011
939;953
939;923
939;945
939;960
939;1009
939;258
939;1033
939;4379
939;4378
939;4401
939;4356
939;4381
939;4388
939;4266
939;4319
939;4339
939;4371
939;4393
939;4308
939;4273
939;4299
939;4292
939;4336
939;4360
939;4376
939;4380
939;4389
939;4390
939;4407
91;154
91;39
91;89
91;79
91;293
91;43
91;112
91;144
91;164
91;249
91;262
91;36
91;120
91;123
91;191
91;244
91;3
91;255
91;21
91;45
91;92
91;200
91;7768
91;7616
91;7624
91;7607
91;7635
91;7766
91;7639
91;7666
91;7691
91;7699
91;7705
91;7801
91;7611
91;7659
91;7689
91;7683
91;7753
91;7794
493;5036
493;4961
493;5139
493;5020
493;5070
493;5132
493;687
493;5179
493;5096
493;5156
493;5200
493;5023
493;5127
493;5007
493;5194
493;4990
493;5072
493;5226
493;4974
493;5000
493;599
493;5097
493;3568
493;3361
493;3497
493;3360
493;3412
493;3467
493;3381
493;3400
493;3430
493;3431
493;3506
493;3473
493;3452
493;3566
493;3409
493;3435
493;3443
493;3347
493;3358
493;3365
493;3540
493;3558
943;6884
943;6780
943;6789
943;6783
943;6839
943;6845
943;6823
943;6870
943;6893
943;6910
943;6918
943;6878
943;6931
943;6777
943;6836
943;6927
943;6829
943;6906
943;154
943;39
943;89
943;293
943;21
943;43
943;144
943;164
943;200
943;249
943;262
943;36
943;120
943;123
943;191
943;244
943;3
943;79
943;255
943;45
943;92
943;112
417;5036
417;4961
417;5139
417;4990
417;5070
417;5072
417;5132
417;687
417;5096
417;5156
417;5200
417;5023
417;5127
417;5007
417;5194
417;5020
417;5179
417;5226
417;4974
417;5000
417;599
417;5097
417;995
417;927
417;1016
417;1018
417;1028
417;275
417;922
417;1009
417;1017
417;1030
417;1039
417;934
417;216
417;957
417;1011
417;953
417;923
417;945
417;956
417;960
417;258
417;1033
945;995
945;927
945;1016
945;1018
945;1028
945;275
945;922
945;923
945;956
945;1030
945;1039
945;934
945;216
945;957
945;1011
945;953
945;945
945;960
945;1009
945;1017
945;258
945;1033
945;120
945;39
945;123
945;191
945;293
945;21
945;43
945;92
945;164
945;249
945;262
945;36
945;154
945;89
945;244
945;3
945;79
945;255
945;45
945;112
945;144
945;200
529;5036
529;4961
529;5139
529;4990
529;5070
529;5072
529;5132
529;687
529;5096
529;5156
529;5200
529;5023
529;5127
529;5007
529;5194
529;5020
529;5179
529;5226
529;4974
529;5000
529;599
529;5097
529;6884
529;6789
529;6931
529;6783
529;6839
529;6845
529;6823
529;6870
529;6893
529;6910
529;6918
529;6878
529;6780
529;6777
529;6836
529;6927
529;6829
529;6906
962;559
962;597
962;700
962;717
962;609
962;687
962;610
962;617
962;727
962;767
962;779
962;558
962;583
962;692
962;809
962;729
962;780
962;578
962;599
962;726
962;777
962;798
962;3627
962;3687
962;3726
962;3739
962;3638
962;3581
962;3597
962;3635
962;3642
962;3680
962;3697
962;3730
962;3592
962;3693
962;3716
962;3640
963;8244
963;8349
963;8371
963;8240
963;8299
963;8311
963;8241
963;8273
963;8292
963;8331
963;8426
963;8264
963;8400
963;8443
963;8354
963;8395
963;8404
963;8260
963;8269
963;8392
963;8417
963;8450
963;7362
963;7359
963;7414
963;7497
963;7300
963;7323
963;7307
963;7408
963;7484
963;7512
963;7523
963;7500
963;7515
963;7493
963;7352
963;7437
963;7460
592;559
592;597
592;717
592;609
592;687
592;780
592;610
592;617
592;727
592;779
592;798
592;558
592;583
592;692
592;700
592;809
592;729
592;578
592;599
592;726
592;767
592;777
592;8244
592;8349
592;8371
592;8240
592;8299
592;8311
592;8269
592;8273
592;8292
592;8331
592;8426
592;8264
592;8400
592;8443
592;8354
592;8395
592;8404
592;8241
592;8260
592;8392
592;8417
592;8450
961;558
961;597
961;700
961;717
961;609
961;687
961;610
961;617
961;727
961;779
961;798
961;2034
961;2028
961;2086
961;2133
961;2151
961;2152
961;2004
961;2010
961;2145
961;2165
961;2166
64;558
64;597
64;692
64;609
64;687
64;780
64;578
64;610
64;617
64;726
64;798
64;3976
64;3789
64;3915
64;3794
64;3934
64;3995
64;3816
64;3889
64;3892
64;3898
64;3914
24;558
24;583
24;597
24;700
24;717
24;809
24;599
24;727
24;777
24;779
24;798
24;5539
24;5608
24;5609
24;5735
24;5730
24;5734
24;5744
24;5557
24;5610
24;5646
24;5687
959;1655
959;1484
959;1670
959;1449
959;1453
959;1479
959;1377
959;1397
959;1558
959;1599
959;1632
959;1266
959;1275
959;1277
959;1264
959;1287
959;1306
959;1259
959;1270
959;1279
959;1291
959;1301
957;2034
957;2028
957;2122
957;2133
957;2151
957;2152
957;2097
957;2139
957;2145
957;2165
957;2166
957;3976
957;3789
957;3915
957;3794
957;3817
957;3934
957;3995
957;3816
957;3889
957;3898
957;3990
952;2034
952;2086
952;2108
952;2041
952;2133
952;2151
952;2097
952;2139
952;2145
952;2165
952;2166
952;5753
952;5609
952;5735
952;5521
952;5734
952;5744
952;5557
952;5610
952;5646
952;5701
952;5736
948;3627
948;3687
948;3726
948;3739
948;3638
948;3581
948;3597
948;3635
948;3642
948;3680
948;3697
948;1047
948;1135
948;1167
948;1058
948;1088
948;1109
948;1129
948;1041
948;1160
948;1246
948;1252
954;3627
954;3687
954;3726
954;3739
954;3638
954;3581
954;3597
954;3635
954;3642
954;3680
954;3697
954;6252
954;6289
954;6298
954;6199
954;6253
954;6258
954;6221
954;6254
954;6273
954;6295
954;6333
210;3976
210;3789
210;3915
210;3794
210;3934
210;3995
210;3816
210;3889
210;3892
210;3898
210;3914
210;5539
210;5609
210;5735
210;5521
210;5734
210;5744
210;5557
210;5646
210;5662
210;5701
210;5736
581;6219
581;6262
581;6298
581;6220
581;6253
581;6266
581;6221
581;6273
581;6295
581;6313
581;6333
581;1047
581;1089
581;1135
581;1167
581;1058
581;1109
581;1129
581;1041
581;1102
581;1160
581;1246
949;6985
949;6946
949;7035
949;7042
949;6971
949;7020
949;6939
949;6961
949;6983
949;7032
949;7043
949;6434
949;6365
949;6428
949;6367
949;6375
949;6378
949;6391
949;6394
949;6404
949;6430
949;6437
955;8244
955;8371
955;8443
955;8240
955;8299
955;8311
955;8269
955;8273
955;8331
955;8392
955;8450
955;6409
955;6365
955;6398
955;6346
955;6367
955;6375
955;6391
955;6394
955;6404
955;6430
955;6437
960;8244
960;8349
960;8371
960;8240
960;8299
960;8311
960;8241
960;8273
960;8292
960;8331
960;8426
960;6985
960;6946
960;6956
960;7042
960;6971
960;7020
960;7023
960;6939
960;6961
960;6983
960;7043
953;7362
953;7359
953;7414
953;7497
953;7300
953;7323
953;7307
953;7408
953;7437
953;7512
953;7523
953;1266
953;1275
953;1277
953;1262
953;1264
953;1287
953;1259
953;1270
953;1279
953;1282
953;1291
950;7362
950;7359
950;7414
950;7497
950;7300
950;7323
950;7307
950;7408
950;7484
950;7512
950;7523
950;1494
950;1386
950;1484
950;1449
950;1453
950;1479
950;1362
950;1567
950;1598
950;1599
950;1644
117;1370
117;1367
117;1442
117;1512
117;1380
117;1411
117;1342
117;1369
117;1461
117;1486
117;1533
117;5553
117;5668
117;5722
117;5737
117;5778
117;5686
117;5691
117;5559
117;5703
117;5749
117;5773
31;1370
31;1367
31;1512
31;1373
31;1569
31;1633
31;1342
31;1351
31;1369
31;1461
31;1533
31;7973
31;7825
31;7913
31;7926
31;7848
31;7942
31;7813
31;7821
31;7857
31;7867
31;7979
695;1370
695;1367
695;1512
695;1373
695;1380
695;1411
695;1680
695;1342
695;1405
695;1486
695;1533
695;7433
695;7351
695;7494
695;7318
695;7322
695;7370
695;7309
695;7317
695;7428
695;7513
695;7526
904;2076
904;2007
904;2048
904;2078
904;2020
904;2126
904;2035
904;2068
904;2110
904;2120
904;2123
904;3593
904;3663
904;3674
904;3582
904;3608
904;3681
904;3720
904;3637
904;3696
904;3719
904;3732
147;3502
147;3386
147;3397
147;3484
147;3398
147;3494
147;3337
147;3410
147;3482
147;3492
147;3569
147;2076
147;2007
147;2048
147;2132
147;2020
147;2024
147;2035
147;2037
147;2090
147;2110
147;2123
894;3374
894;3323
894;3386
894;3397
894;3398
894;3494
894;3337
894;3410
894;3492
894;3519
894;3569
894;3593
894;3663
894;3674
894;3582
894;3608
894;3681
894;3637
894;3696
894;3719
894;3732
894;3736
652;3502
652;3386
652;3397
652;3484
652;3398
652;3494
652;3337
652;3410
652;3482
652;3492
652;3569
652;4664
652;4504
652;4609
652;4672
652;4495
652;4538
652;4441
652;4508
652;4572
652;4580
652;4585
898;3593
898;3663
898;3674
898;3582
898;3608
898;3681
898;3720
898;3637
898;3696
898;3719
898;3732
898;4664
898;4439
898;4609
898;4672
898;4495
898;4538
898;4455
898;4508
898;4568
898;4585
898;4587
893;4664
893;4439
893;4609
893;4672
893;4495
893;4538
893;4455
893;4508
893;4568
893;4585
893;4587
893;2076
893;2007
893;2048
893;2132
893;2020
893;2024
893;2035
893;2037
893;2082
893;2090
893;2123
203;5143
203;4994
203;5079
203;5188
203;5067
203;5123
203;4964
203;5013
203;5015
203;5145
203;5160
203;6332
203;6244
203;6268
203;6271
203;6239
203;6280
203;6207
203;6279
203;6283
203;6285
203;6330
891;7786
891;7615
891;7735
891;7770
891;7656
891;7743
891;7686
891;7741
891;7756
891;7779
891;7782
891;5205
891;5079
891;5091
891;5162
891;4969
891;5009
891;5113
891;4997
891;5013
891;5015
891;5145
276;7786
276;7615
276;7735
276;7770
276;7656
276;7743
276;7686
276;7693
276;7756
276;7779
276;7782
276;6332
276;6244
276;6268
276;6271
276;6239
276;6280
276;6207
276;6279
276;6283
276;6285
276;6330
902;7890
902;7825
902;7913
902;7926
902;7848
902;7942
902;7812
902;7813
902;7857
902;7867
902;7979
902;5553
902;5612
902;5621
902;5722
902;5594
902;5686
902;5691
902;5540
902;5559
902;5681
902;5773
901;8351
901;8324
901;8444
901;8322
901;8413
901;8456
901;8312
901;8358
901;8391
901;8427
901;8460
901;1286
901;1258
901;1271
901;1280
901;1283
901;1315
901;1260
901;1273
901;1285
901;1288
901;1314
895;7433
895;7351
895;7494
895;7318
895;7322
895;7370
895;7309
895;7317
895;7415
895;7428
895;7513
895;5553
895;5612
895;5621
895;5722
895;5577
895;5691
895;5559
895;5680
895;5703
895;5749
895;5773
892;7433
892;7351
892;7494
892;7322
892;7370
892;7309
892;7317
892;7428
892;7442
892;7513
892;7526
892;7973
892;7825
892;7913
892;7926
892;7848
892;7942
892;7812
892;7813
892;7821
892;7857
892;7979
870;271
870;161
870;147
870;215
870;173
870;277
870;51
870;186
870;141
870;278
870;235
870;8205
870;8199
870;8167
870;8179
870;8174
870;8200
870;8186
870;8202
870;8180
870;8171
870;8188
517;1012
517;942
517;943
517;918
517;985
517;966
517;964
517;1032
517;998
517;963
517;1020
517;6911
517;6900
517;6873
517;6920
517;6886
517;6806
517;6807
517;6805
517;6879
517;6826
517;6844
865;1012
865;942
865;943
865;918
865;985
865;966
865;964
865;1010
865;998
865;963
865;929
865;3187
865;3131
865;3099
865;3134
865;3135
865;3129
865;3185
865;3114
865;3208
865;3142
865;3215
117;1401
117;1424
117;1568
117;1384
117;1373
117;1596
117;1421
117;1501
117;1595
117;1458
117;5674
117;5648
117;5732
117;5614
117;5555
117;5528
117;5760
117;5680
117;5642
117;5531
117;5526
695;1401
695;1424
695;1568
695;1384
695;1596
695;1421
695;1501
695;1369
695;1595
695;1458
695;7306
695;7320
695;7312
695;7530
695;7426
695;7337
210;3944
210;3845
210;3873
210;3913
210;3912
210;3905
210;3767
210;3819
210;3880
210;3972
210;3996
210;5553
210;5648
210;5732
210;5659
210;5555
210;5528
210;5760
210;5680
210;5642
210;5531
210;5526
868;4305
868;4281
868;4335
868;4337
868;4277
868;4387
868;4326
868;3495
868;4287
868;4278
868;4357
868;2390
868;2500
868;2502
868;2483
868;2412
868;2379
868;2374
868;2361
868;2513
868;2512
868;2495
109;4578
109;4636
109;4469
109;4672
109;4596
109;4495
109;4572
109;4460
109;4564
109;4647
109;4508
109;1122
109;1113
109;1207
109;1136
109;1065
109;1151
109;1134
109;1079
109;1044
109;1153
109;1209
878;4578
878;4636
878;4469
878;4672
878;4495
878;4575
878;4460
878;4647
878;4508
878;4665
878;4587
878;7934
878;7825
878;7926
878;7848
878;7898
878;7823
878;7812
878;7816
878;7857
878;7920
878;7986
879;5087
879;5088
879;5114
879;5148
879;5217
879;5150
879;5160
879;5082
879;5013
879;5110
879;5078
879;1122
879;1113
879;1207
879;1136
879;1065
879;1151
879;1079
879;1044
879;1153
879;1210
879;1209
871;7934
871;7825
871;7861
871;7926
871;7898
871;7835
871;7816
871;7857
871;7888
871;7920
871;7986
871;5087
871;5232
871;5088
871;5148
871;5217
871;5150
871;5145
871;5160
871;5082
871;5110
871;4997
877;8205
877;8199
877;8167
877;8179
877;8174
877;8200
877;8186
877;8202
877;8180
877;8171
877;8188
877;2390
877;2500
877;2480
877;2386
877;2412
877;2425
877;2482
877;2513
877;2373
877;2481
877;2522
866;8351
866;3528
866;8348
866;8413
866;8456
866;8279
866;8230
866;8358
866;8427
866;8252
866;8238
866;6895
866;6900
866;6873
866;6920
866;6808
866;6806
866;6807
866;6805
866;6879
866;6880
866;6826
875;8351
875;3528
875;8348
875;8413
875;8456
875;8279
875;8230
875;8358
875;8427
875;8252
875;8238
875;3187
875;3131
875;3099
875;3134
875;3135
875;3129
875;3185
875;3114
875;3208
875;3142
875;3215
837;7306
837;7494
837;7320
837;7351
837;7318
837;7312
837;7530
837;7428
837;7526
837;7309
837;7426
837;3944
837;3845
837;3873
837;3871
837;3930
837;3912
837;3819
837;3851
837;3880
837;3972
837;3996
547;97
547;56
547;126
547;254
547;240
547;263
547;277
547;217
547;235
547;247
547;141
547;6792
547;6867
547;6873
547;6890
547;6861
547;6886
547;6793
547;6864
547;6932
547;6811
547;6794
847;97
847;56
847;126
847;254
847;51
847;263
847;277
847;217
847;235
847;247
847;141
847;4877
847;4870
847;4891
847;4884
847;4859
847;4899
847;4889
847;4858
847;4871
847;4893
847;4863
552;576
552;793
552;661
552;598
552;751
552;797
552;587
552;735
552;680
552;746
552;591
552;97
552;56
552;126
552;254
552;51
552;263
552;277
552;238
552;217
552;235
552;247
842;576
842;793
842;661
842;598
842;751
842;797
842;587
842;680
842;657
842;553
842;532
842;4877
842;4870
842;4891
842;4884
842;4859
842;4899
842;4889
842;4858
842;4871
842;4893
842;4869
680;1470
680;1376
680;1568
680;1415
680;1572
680;1422
680;1421
680;1667
680;1493
680;1354
680;1420
680;1026
680;940
680;943
680;1025
680;942
680;966
680;954
680;925
680;963
680;1015
680;1010
748;1415
748;1572
748;1422
748;1493
748;1354
748;4573
748;4445
748;4479
748;4672
748;4631
748;4429
606;1470
606;1376
606;1568
606;1415
606;1572
606;1421
606;1679
606;1667
606;1591
606;1463
606;1654
606;7220
606;7118
606;7135
606;7138
606;7216
606;7164
606;7212
606;7110
606;7201
606;7107
606;7109
852;6792
852;6867
852;6873
852;6890
852;6861
852;6793
852;6864
852;6776
852;6932
852;6811
852;6794
852;576
852;793
852;661
852;598
852;751
852;797
852;587
852;680
852;657
852;532
852;591
845;3745
845;3873
845;3897
845;3871
845;3912
845;3930
845;3841
845;3880
845;3933
845;3996
845;3998
845;3115
845;3121
845;3164
845;3141
845;3184
845;3104
845;3231
845;3211
845;3210
845;3123
845;3167
436;3944
436;3873
436;3897
436;3871
436;3912
436;3930
436;3841
436;3880
436;3933
436;3996
436;3998
436;6287
436;6206
436;6282
436;6193
436;6290
436;6337
436;6195
436;6304
436;6314
436;6204
436;6307
854;4028
854;4048
854;4023
854;4040
854;4012
854;4009
854;4032
854;4022
854;4011
854;4002
854;4026
854;4305
854;4342
854;4374
854;4372
854;4277
854;4329
854;4278
854;4391
854;4279
854;4269
854;4296
829;4305
829;4342
829;4374
829;4372
829;4277
829;4271
829;4391
829;4312
829;4279
829;4369
829;4296
829;4028
829;4048
829;4023
829;4040
829;4012
829;4009
829;4032
829;4011
829;4002
829;4026
829;4045
851;4314
851;4342
851;4374
851;4372
851;4387
851;4329
851;4278
851;4391
851;4312
851;4369
851;4269
851;5553
851;5583
851;5622
851;5750
851;5595
851;5555
851;5537
851;5720
851;5752
851;5535
851;5615
850;4573
850;4536
850;4445
850;4479
850;4672
850;4631
850;4500
850;4615
850;4552
850;4527
850;4429
850;1026
850;943
850;1025
850;942
850;967
850;966
850;971
850;972
850;925
850;963
850;1015
830;4877
830;4870
830;4891
830;4884
830;4859
830;4899
830;4889
830;4858
830;4871
830;4893
830;4873
830;6792
830;6867
830;6873
830;6782
830;6861
830;6886
830;6806
830;6793
830;6776
830;6844
830;6811
839;5553
839;5583
839;5732
839;5622
839;5595
839;5555
839;5537
839;5720
839;5752
839;5535
839;5615
839;4028
839;4048
839;4023
839;4012
839;4009
839;4006
839;4032
839;4011
839;4002
839;4026
839;4045
838;6196
838;6206
838;6282
838;6193
838;6256
838;6337
838;6195
838;6304
838;6314
838;6204
838;6307
838;3237
838;3216
838;3121
838;3141
838;3129
838;3231
838;3179
838;3210
838;3123
838;3219
838;3142
848;6196
848;6206
848;6282
848;6193
848;6256
848;6337
848;6195
848;6304
848;6314
848;6204
848;6307
848;7306
848;7320
848;7514
848;7530
848;7395
848;7312
848;7483
848;7457
848;7519
848;7475
848;7443
846;7786
846;7626
846;7622
846;7758
846;7665
846;7632
846;7774
846;7779
846;7722
846;7694
846;7628
846;4028
846;4048
846;4023
846;4040
846;4012
846;4009
846;4022
846;4011
846;4002
846;4026
846;4043
844;7786
844;7626
844;7622
844;7712
844;7758
844;7661
844;7665
844;7669
844;7776
844;7779
844;7729
844;4305
844;4342
844;4374
844;4372
844;4387
844;4277
844;4271
844;4391
844;4279
844;4369
844;4296
836;7786
836;7626
836;7622
836;7712
836;7758
836;7661
836;7665
836;7669
836;7776
836;7779
836;7729
836;5553
836;5583
836;5732
836;5776
836;5708
836;5595
836;5627
836;5720
836;5550
836;5619
836;5752
841;7220
841;7118
841;7135
841;7138
841;7216
841;7212
841;7110
841;7201
841;7186
841;7107
841;7109
841;1012
841;1025
841;942
841;966
841;1021
841;971
841;954
841;972
841;925
841;963
841;1015
834;7220
834;7118
834;7135
834;7138
834;7216
834;7212
834;7110
834;7201
834;7186
834;7107
834;7109
834;4573
834;4536
834;4445
834;4479
834;4672
834;4631
834;4500
834;4615
834;4552
834;4527
834;4508
835;7306
835;7486
835;7320
835;7530
835;7395
835;7312
835;7483
835;7426
835;7457
835;7519
835;7475
835;3237
835;3121
835;3164
835;3141
835;3129
835;3231
835;3179
835;3211
835;3210
835;3123
835;3167
837;7514
837;7395
837;7483
837;7457
837;7519
837;7475
837;3897
837;3913
837;3841
837;3933
837;3998
625;57
625;56
625;240
625;241
625;201
625;263
625;35
625;71
625;247
625;235
625;152
625;2043
625;2047
625;2138
625;2093
625;2030
625;2127
625;2114
625;2072
625;2137
625;2087
625;2149
682;57
682;56
682;240
682;241
682;201
682;263
682;85
682;35
682;260
682;247
682;235
682;5003
682;5111
682;5199
682;5116
682;5192
682;5185
682;5075
682;1354
682;5210
682;5133
682;5190
766;57
766;56
766;240
766;241
766;201
766;263
766;85
766;35
766;149
766;247
766;235
766;7852
766;7954
766;7978
766;7879
766;7990
766;7845
766;7996
766;7808
766;7812
766;7855
766;7986
484;748
484;676
484;758
484;705
484;693
484;757
484;752
484;612
484;706
484;761
484;547
484;1752
484;1767
484;1700
484;1728
484;1736
484;1738
484;1698
484;1716
484;1731
484;1786
484;1782
670;1470
670;1424
670;1547
670;1681
670;1679
670;1421
670;1463
670;1654
670;1358
670;1667
670;3325
670;3373
670;3402
670;3481
670;3517
670;3559
670;3362
670;3393
670;3487
670;3495
670;3310
117;1470
117;1547
117;1681
117;1679
117;1463
117;1591
117;1654
117;1667
117;5583
117;5750
117;5776
117;5679
117;5582
117;5720
117;5630
117;5585
117;5637
801;6903
801;6852
801;6890
801;6873
801;6886
801;6861
801;6915
801;6851
801;6901
801;6765
801;6820
801;3351
801;3514
801;3507
801;3528
801;3533
801;3371
801;3389
801;3542
801;3393
801;3495
801;3378
805;2043
805;2047
805;2138
805;2093
805;2030
805;2127
805;2150
805;2054
805;2114
805;2072
805;2137
805;5130
805;5199
805;5192
805;5045
805;5104
805;5225
805;5075
805;5140
805;5126
805;1354
805;5133
223;2043
223;2047
223;2138
223;2093
223;2030
223;2127
223;2150
223;2054
223;2114
223;2072
223;2137
223;7852
223;7922
223;7954
223;7978
223;7879
223;7990
223;7996
223;7808
223;7812
223;7855
223;7938
811;3351
811;3402
811;3481
811;3517
811;3528
811;3371
811;3542
811;3559
811;3393
811;3487
811;3495
811;5553
811;5583
811;5750
811;5638
811;5555
811;5679
811;5582
811;5720
811;5630
811;5585
811;5637
814;4305
814;4342
814;4345
814;4372
814;4375
814;4374
814;4304
814;4391
814;4366
814;4347
814;4333
814;605
814;737
814;676
814;758
814;573
814;757
814;612
814;711
814;706
814;696
814;636
788;4314
788;4342
788;4345
788;4372
788;4375
788;4374
788;4304
788;4369
788;4264
788;4391
788;4296
788;1752
788;1767
788;1700
788;1728
788;1736
788;1738
788;1731
788;1782
788;1772
788;1688
788;1696
803;4305
803;4342
803;4345
803;4372
803;4375
803;4374
803;4369
803;4264
803;4391
803;4296
803;4366
803;4635
803;4436
803;4668
803;4593
803;4584
803;4509
803;4521
803;4530
803;4527
803;4476
803;4500
790;4593
790;4527
790;4500
790;4600
790;705
790;693
790;573
790;757
790;761
790;547
790;776
790;696
820;4635
820;4436
820;4668
820;4593
820;4584
820;4509
820;4521
820;4527
820;4476
820;4500
820;4600
820;1752
820;1700
820;1736
820;1702
820;1797
820;1738
820;1735
820;1731
820;1782
820;1772
820;1696
819;5003
819;5111
819;5199
819;5116
819;5192
819;5185
819;5140
819;5210
819;5211
819;5164
819;5004
819;7852
819;7954
819;7978
819;7879
819;7920
819;7990
819;7845
819;7996
819;7808
819;7812
819;7986
818;5553
818;5583
818;5750
818;5638
818;5555
818;5679
818;5627
818;5582
818;5720
818;5630
818;5585
818;6903
818;6852
818;6890
818;6873
818;6886
818;6861
818;6915
818;6851
818;6901
818;6765
818;6859
810;7220
810;7077
810;7170
810;7155
810;7164
810;7217
810;7110
810;7112
810;7156
810;7173
810;7075
810;2282
810;2200
810;2237
810;2225
810;2250
810;2285
810;2217
810;2196
810;2248
810;2274
810;2236
815;7220
815;7077
815;7170
815;7155
815;7164
815;7217
815;7110
815;7151
815;7173
815;7125
815;7075
815;8436
815;8447
815;8235
815;8356
815;8318
815;8234
815;8278
815;8256
815;8390
815;8425
815;8280
802;7220
802;7086
802;7170
802;7155
802;7164
802;7217
802;7110
802;7112
802;7156
802;7157
802;7173
802;7489
802;7336
802;7375
802;7409
802;7466
802;7483
802;7411
802;7434
802;7364
802;7342
802;7487
797;8436
797;8447
797;8235
797;8356
797;8318
797;8234
797;8407
797;8390
797;8425
797;8280
797;8334
797;2282
797;2298
797;2237
797;2225
797;2250
797;2286
797;2217
797;2196
797;2248
797;2232
797;2202
514;7489
514;7336
514;7375
514;7409
514;7471
514;7466
514;7299
514;7483
514;7364
514;7342
514;7412
514;2282
514;2200
514;2237
514;2225
514;2250
514;2285
514;2217
514;2196
514;2248
514;2274
514;2236
807;7489
807;7336
807;7375
807;7409
807;7471
807;7466
807;7483
807;7364
807;7342
807;7487
807;7412
807;8436
807;8447
807;8235
807;8356
807;8318
807;8234
807;8407
807;8256
807;8390
807;8425
807;8250
778;268
778;109
778;240
778;241
778;279
778;17
778;35
778;85
778;205
778;247
778;94
778;748
778;725
778;676
778;618
778;738
778;518
778;774
778;636
778;529
778;698
778;677
648;268
648;109
648;240
648;241
648;279
648;17
648;205
648;247
648;94
648;54
648;150
648;3413
648;3526
648;3507
648;3310
648;3570
648;3394
648;3387
648;3320
648;3449
648;3385
648;3432
766;268
766;109
766;279
766;17
766;205
766;94
766;7871
766;7814
766;7928
766;7885
766;7903
766;7953
772;748
772;725
772;676
772;618
772;738
772;518
772;774
772;636
772;529
772;698
772;677
772;3413
772;3526
772;3375
772;3371
772;3570
772;3542
772;3387
772;3491
772;3550
772;3393
772;3487
183;748
183;725
183;568
183;676
183;618
183;738
183;774
183;636
183;529
183;698
183;677
183;7851
183;7811
183;7828
183;7871
183;7970
183;7814
183;7904
183;7875
183;7885
183;7903
183;7940
768;1470
768;1424
768;1376
768;1355
768;1583
768;1417
768;1520
768;1591
768;1463
768;1489
768;1347
768;1752
768;1769
768;1785
768;1705
768;1761
768;1696
768;1728
768;1797
768;1688
768;1731
768;1786
776;2322
776;2332
776;2343
776;2326
776;2325
776;2308
776;2331
776;2306
776;2329
776;2335
776;2319
776;2098
776;2052
776;2158
776;2167
776;2036
776;2054
776;2079
776;2111
776;2137
776;2009
776;2072
784;2322
784;2343
784;2326
784;2308
784;2331
784;2306
784;2329
784;2305
784;2335
784;2344
784;2314
784;4960
784;5066
784;5098
784;5104
784;5106
784;5004
784;5076
784;5131
784;5190
784;4981
784;5169
208;3413
208;3526
208;3507
208;3371
208;3570
208;3542
208;3387
208;3491
208;3320
208;3393
208;3487
208;7852
208;7811
208;7828
208;7871
208;7908
208;7970
208;7814
208;7904
208;7875
208;7885
208;7940
210;3754
210;3777
210;3784
210;3813
210;3830
210;3752
210;3776
210;3865
210;3804
210;3852
210;3861
210;5549
210;5564
210;5698
210;5684
210;5585
210;5629
210;5665
210;5693
210;5599
210;5720
210;5542
774;4302
774;4315
774;4342
774;4345
774;4385
774;4374
774;4341
774;4270
774;4264
774;4294
774;4366
774;1470
774;1376
774;1355
774;1583
774;1466
774;1520
774;1650
774;1463
774;1489
774;1347
788;4302
788;4315
788;4385
788;4341
788;4270
788;4294
788;4366
788;1770
788;1785
788;1705
788;1761
788;1740
788;1694
788;1797
788;1786
788;1737
59;4444
59;4485
59;4668
59;4477
59;4584
59;4642
59;4602
59;4471
59;4521
59;4476
59;4539
59;3754
59;3777
59;3784
59;3830
59;3752
59;3776
59;3864
59;3865
59;3852
59;3861
59;3966
780;4444
780;4485
780;4668
780;4477
780;4584
780;4642
780;4602
780;4521
780;4476
780;4598
780;4539
780;5549
780;5564
780;5698
780;5583
780;5638
780;5684
780;5585
780;5629
780;5693
780;5720
780;5542
765;4444
765;4485
765;4668
765;4477
765;4584
765;4642
765;4443
765;4521
765;4476
765;4488
765;4539
765;8353
765;8447
765;8345
765;8318
765;8448
765;8259
765;8278
765;8431
765;8407
765;8390
765;8461
388;4960
388;5005
388;5066
388;5193
388;5199
388;5004
388;5109
388;5131
388;5190
388;4981
388;5169
388;2098
388;2047
388;2052
388;2167
388;2036
388;2054
388;2079
388;2111
388;2137
388;2009
388;2149
237;6671
237;6739
237;6657
237;6685
237;6603
237;6624
237;6661
237;6732
237;6669
237;6641
237;6736
237;1534
237;1454
237;1387
237;1572
237;1613
237;1417
237;1520
237;1591
237;1489
237;1637
237;1578
777;6671
777;6739
777;6653
777;6657
777;6647
777;6624
777;6661
777;6732
777;6669
777;6641
777;6736
777;1752
777;1769
777;1785
777;1705
777;1761
777;1696
777;1797
777;1688
777;1798
777;1786
777;1735
771;6621
771;6739
771;6657
771;6685
771;6603
771;6624
771;6661
771;6732
771;6669
771;6641
771;6736
771;4384
771;4315
771;4342
771;4377
771;4345
771;4374
771;4351
771;4270
771;4264
771;4294
771;4366
787;7116
787;7170
787;7046
787;7198
787;7100
787;7129
787;7217
787;7194
787;7157
787;7176
787;7153
787;2098
787;2052
787;2158
787;2167
787;2036
787;2079
787;2111
787;2137
787;2009
787;2072
787;2171
767;7116
767;7170
767;7174
767;7198
767;7124
767;7184
767;7200
767;7075
767;7125
767;7055
767;7150
767;2322
767;2332
767;2343
767;2311
767;2326
767;2308
767;2331
767;2312
767;2306
767;2335
767;2319
779;7220
779;7174
779;7198
779;7080
779;7124
779;7184
779;7217
779;7075
779;7125
779;7055
779;7150
779;4960
779;5005
779;5066
779;5193
779;5199
779;5004
779;5107
779;5109
779;5131
779;5134
779;5164
121;8353
121;8447
121;8345
121;8318
121;8448
121;8259
121;8278
121;8425
121;8407
121;8390
121;8461
121;3754
121;3777
121;3784
121;3830
121;3752
121;3776
121;3864
121;3812
121;3852
121;3861
121;3966
782;8353
782;8447
782;8345
782;8318
782;8448
782;8259
782;8278
782;8425
782;8407
782;8390
782;8461
782;5553
782;5564
782;5698
782;5684
782;5585
782;5568
782;5629
782;5665
782;5693
782;5720
782;5542
728;619
728;541
728;575
728;644
728;804
728;560
728;785
728;534
728;535
728;647
728;654
728;297
728;306
728;296
728;316
728;304
728;310
728;309
728;312
728;308
728;313
728;302
722;1516
722;1524
722;1541
722;1671
722;1540
722;1615
722;1582
722;1396
722;1423
722;1489
722;1652
722;297
722;306
722;296
722;316
722;315
722;304
722;307
722;312
722;301
722;313
722;302
695;1516
695;1524
695;1541
695;1666
695;1540
695;1562
695;1615
695;1582
695;1489
695;1517
695;1652
695;7407
695;7316
695;7348
695;7435
695;7378
695;7310
695;7459
695;7440
695;7298
695;7507
695;7338
703;3160
703;3169
703;3195
703;3165
703;3116
703;3113
703;3161
703;3133
703;3175
703;3182
703;3209
703;1516
703;1524
703;1541
703;1666
703;1540
703;1562
703;1615
703;1582
703;1489
703;1517
703;1556
727;7675
727;7754
727;7698
727;7747
727;7621
727;7658
727;7792
727;7760
727;7796
727;7642
727;7771
727;7407
727;7316
727;7348
727;7378
727;7310
727;7298
727;7365
727;7454
727;7463
727;7507
727;7338
705;7407
705;7316
705;7348
705;7378
705;7310
705;7459
705;7440
705;7298
705;7507
705;7338
705;7303
705;6757
705;6747
705;6758
705;6763
705;6744
705;6755
705;6753
705;6749
705;6754
705;6759
705;6746
665;174
665;273
665;47
665;230
665;128
665;29
665;60
665;190
665;59
665;231
665;188
665;5719
665;5757
665;5715
665;5767
665;5658
665;5664
665;5580
665;5578
665;5650
665;5716
665;5745
540;174
540;273
540;47
540;230
540;128
540;29
540;18
540;1
540;231
540;188
540;106
540;6104
540;6091
540;6061
540;6163
540;6000
540;6049
540;6037
540;6127
540;6126
540;6094
540;6095
657;174
657;273
657;230
657;128
657;294
657;29
657;60
657;18
657;190
657;1
657;59
657;6582
657;6529
657;6576
657;6481
657;6599
657;6544
657;6534
657;6460
657;6522
657;6572
657;6527
674;174
674;273
674;47
674;230
674;128
674;29
674;60
674;190
674;59
674;231
674;188
674;8143
674;8089
674;8115
674;8112
674;8096
674;8099
674;8063
674;8088
674;8124
674;8127
674;8051
679;3221
679;3136
679;3116
679;3176
679;3145
679;3218
679;3159
679;3147
679;3225
679;3133
679;3175
679;6051
679;6091
679;6061
679;6097
679;6113
679;6049
679;6127
679;6079
679;6126
679;6094
679;6095
640;4628
640;4514
640;4582
640;4589
640;4649
640;4490
640;4531
640;4613
640;4663
640;4516
640;4569
640;5384
640;5386
640;5392
640;5381
640;5390
640;5380
640;5389
640;5375
640;5387
640;5374
640;5376
404;5240
404;5006
404;5035
404;5086
404;5202
404;4970
404;5155
404;5215
404;5038
404;5094
404;5195
404;1893
404;1849
404;1883
404;1904
404;1855
404;1872
404;1807
404;1871
404;1801
404;1877
404;1921
607;5240
607;5006
607;5035
607;5086
607;5202
607;4970
607;5124
607;5215
607;5038
607;5094
607;5195
607;6540
607;6491
607;6490
607;6599
607;6532
607;6536
607;6453
607;6568
607;6522
607;6488
607;6447
615;7449
615;7529
615;7503
615;7371
615;7353
615;7346
615;7463
615;7488
615;7524
615;7508
615;7507
615;4883
615;4896
615;4872
615;4895
615;4885
615;4886
615;4898
615;4890
615;4857
615;4879
615;4910
453;2219
453;2226
453;2242
453;2267
453;2271
453;2234
453;2289
453;2198
453;2278
453;2291
453;2206
453;7036
453;7009
453;7015
453;6941
453;7012
453;6994
453;6989
453;6999
453;6977
453;7019
453;6969
419;1641
419;1390
419;1510
419;1618
419;1474
419;1430
419;1614
419;1518
419;1416
419;1629
419;1374
419;5901
419;5916
419;5888
419;5889
419;5894
419;5920
419;5928
419;5930
419;5935
419;5899
419;5897
