id_plantel;id_jugador;num_camisa;posicion
1;1979;1;Arquero
1;1991;21;Arquero
1;1987;22;Arquero
1;1996;2;Defensor
1;2002;4;Defensor
1;2000;5;Defensor
1;1993;13;Defensor
1;1978;14;Defensor
1;1983;15;Defensor
1;1994;16;Defensor
1;1997;17;Defensor
1;1990;3;Mediocampista
1;1992;6;Mediocampista
1;1986;8;Mediocampista
1;1982;10;Mediocampista
1;1988;12;Mediocampista
1;1981;20;Mediocampista
1;1995;23;Mediocampista
1;1980;24;Mediocampista
1;1989;25;Mediocampista
1;2001;26;Mediocampista
1;1984;7;Delantero
1;1999;9;Delantero
1;1977;11;Delantero
1;1998;18;Delantero
1;1985;19;Delantero
2;2926;1;Arquero
2;2957;12;Arquero
2;2919;22;Arquero
2;2967;2;Defensor
2;2931;3;Defensor
2;2898;4;Defensor
2;2948;6;Defensor
2;2923;7;Defensor
2;2899;14;Defensor
2;2955;17;Defensor
2;2949;18;Defensor
2;2954;25;Defensor
2;2916;5;Mediocampista
2;2928;8;Mediocampista
2;2956;9;Mediocampista
2;2935;10;Mediocampista
2;2940;15;Mediocampista
2;2964;16;Mediocampista
2;2952;19;Mediocampista
2;2942;20;Mediocampista
2;2925;21;Mediocampista
2;2912;23;Mediocampista
2;2922;11;Delantero
2;2970;13;Delantero
2;2958;24;Delantero
2;2960;26;Delantero
3;6087;1;Arquero
3;5991;13;Arquero
3;6080;23;Arquero
3;6116;2;Defensor
3;6018;3;Defensor
3;6134;4;Defensor
3;5983;5;Defensor
3;6020;6;Defensor
3;6071;16;Defensor
3;5992;17;Defensor
3;6027;22;Defensor
3;6031;26;Defensor
3;5988;11;Mediocampista
3;6055;14;Mediocampista
3;6019;15;Mediocampista
3;6060;20;Mediocampista
3;6014;21;Mediocampista
3;6115;24;Mediocampista
3;6106;25;Mediocampista
3;5990;7;Delantero
3;6032;8;Delantero
3;6015;9;Delantero
3;6024;10;Delantero
3;6066;12;Delantero
3;6050;18;Delantero
3;6160;19;Delantero
4;7252;1;Arquero
4;7272;16;Arquero
4;7260;23;Arquero
4;7273;2;Defensor
4;7266;3;Defensor
4;7239;4;Defensor
4;7267;8;Defensor
4;7278;10;Defensor
4;7233;12;Defensor
4;7264;14;Defensor
4;7287;21;Defensor
4;7244;22;Defensor
4;7280;24;Defensor
4;7261;5;Mediocampista
4;7274;6;Mediocampista
4;7237;11;Mediocampista
4;7248;15;Mediocampista
4;7292;17;Mediocampista
4;7268;25;Mediocampista
4;7262;26;Mediocampista
4;7263;7;Delantero
4;7243;9;Delantero
4;7281;13;Delantero
4;7290;18;Delantero
4;7250;19;Delantero
4;7251;20;Delantero
5;3728;1;Arquero
5;3654;12;Arquero
5;3659;25;Arquero
5;3620;2;Defensor
5;3743;3;Defensor
5;3710;5;Defensor
5;3705;13;Defensor
5;3672;15;Defensor
5;3686;18;Defensor
5;3602;20;Defensor
5;3742;22;Defensor
5;3715;26;Defensor
5;3574;4;Mediocampista
5;3690;6;Mediocampista
5;3682;8;Mediocampista
5;3616;14;Mediocampista
5;3711;17;Mediocampista
5;3573;23;Mediocampista
5;3708;7;Delantero
5;3632;9;Delantero
5;3701;10;Delantero
5;3572;11;Delantero
5;3688;16;Delantero
5;3740;19;Delantero
5;3733;21;Delantero
5;3714;24;Delantero
6;4021;1;Arquero
6;4044;12;Arquero
6;4015;21;Arquero
6;4019;2;Defensor
6;4047;3;Defensor
6;4016;4;Defensor
6;4033;5;Defensor
6;4038;6;Defensor
6;4037;14;Defensor
6;4005;15;Defensor
6;4031;17;Defensor
6;4010;24;Defensor
6;4013;25;Defensor
6;4004;7;Mediocampista
6;4049;8;Mediocampista
6;4036;10;Mediocampista
6;4035;16;Mediocampista
6;4046;18;Mediocampista
6;4041;22;Mediocampista
6;4030;23;Mediocampista
6;4039;26;Mediocampista
6;4025;9;Delantero
6;4008;11;Delantero
6;4034;13;Delantero
6;4020;19;Delantero
6;4024;20;Delantero
7;4604;1;Arquero
7;4606;13;Arquero
7;4608;23;Arquero
7;4657;2;Defensor
7;4625;3;Defensor
7;4643;5;Defensor
7;4567;6;Defensor
7;4650;12;Defensor
7;4496;15;Defensor
7;4483;16;Defensor
7;4431;18;Defensor
7;4662;21;Defensor
7;4612;4;Mediocampista
7;4528;8;Mediocampista
7;4603;14;Mediocampista
7;4586;19;Mediocampista
7;4511;20;Mediocampista
7;4454;22;Mediocampista
7;4566;25;Mediocampista
7;4517;26;Mediocampista
7;4520;7;Delantero
7;4549;9;Delantero
7;4638;10;Delantero
7;4610;11;Delantero
7;4619;17;Delantero
7;4667;24;Delantero
8;4690;1;Arquero
8;4757;12;Arquero
8;4679;22;Arquero
8;4721;24;Arquero
8;4749;2;Defensor
8;4716;3;Defensor
8;4735;4;Defensor
8;4748;5;Defensor
8;4766;8;Defensor
8;4728;13;Defensor
8;4695;15;Defensor
8;4723;19;Defensor
8;4769;23;Defensor
8;4726;25;Defensor
8;4705;6;Mediocampista
8;4724;7;Mediocampista
8;4683;11;Mediocampista
8;4709;14;Mediocampista
8;4783;16;Mediocampista
8;4710;17;Mediocampista
8;4730;18;Mediocampista
8;4759;21;Mediocampista
8;4780;9;Delantero
8;4684;10;Delantero
8;4686;20;Delantero
9;371;1;Arquero
9;404;21;Arquero
9;385;22;Arquero
9;392;2;Defensor
9;428;3;Defensor
9;384;4;Defensor
9;387;5;Defensor
9;386;6;Defensor
9;341;12;Defensor
9;406;13;Defensor
9;434;17;Defensor
9;391;7;Mediocampista
9;398;8;Mediocampista
9;431;14;Mediocampista
9;394;15;Mediocampista
9;403;16;Mediocampista
9;382;18;Mediocampista
9;423;23;Mediocampista
9;389;24;Mediocampista
9;433;26;Mediocampista
9;388;9;Delantero
9;390;10;Delantero
9;407;11;Delantero
9;416;19;Delantero
9;383;20;Delantero
9;412;25;Delantero
10;528;1;Arquero
10;755;12;Arquero
10;673;23;Arquero
10;620;2;Defensor
10;781;3;Defensor
10;688;4;Defensor
10;728;6;Defensor
10;749;13;Defensor
10;703;19;Defensor
10;675;25;Defensor
10;686;26;Defensor
10;712;5;Mediocampista
10;594;7;Mediocampista
10;514;8;Mediocampista
10;709;14;Mediocampista
10;519;16;Mediocampista
10;635;17;Mediocampista
10;743;18;Mediocampista
10;669;20;Mediocampista
10;615;24;Mediocampista
10;523;9;Delantero
10;682;10;Delantero
10;602;11;Delantero
10;588;15;Delantero
10;606;21;Delantero
10;674;22;Delantero
11;5756;1;Arquero
11;5574;12;Arquero
11;5685;13;Arquero
11;5524;2;Defensor
11;5669;3;Defensor
11;5517;4;Defensor
11;5768;5;Defensor
11;5527;6;Defensor
11;5672;15;Defensor
11;5747;19;Defensor
11;5604;23;Defensor
11;5518;26;Defensor
11;5733;7;Mediocampista
11;5724;8;Mediocampista
11;5620;14;Mediocampista
11;5634;16;Mediocampista
11;5617;18;Mediocampista
11;5567;24;Mediocampista
11;5639;9;Delantero
11;5770;10;Delantero
11;5601;11;Delantero
11;5706;17;Delantero
11;5657;20;Delantero
11;5522;21;Delantero
11;5651;22;Delantero
11;5516;25;Delantero
12;6573;1;Arquero
12;6565;12;Arquero
12;6482;22;Arquero
12;6455;2;Defensor
12;6492;3;Defensor
12;6589;4;Defensor
12;6443;5;Defensor
12;6503;14;Defensor
12;6477;15;Defensor
12;6444;18;Defensor
12;6484;25;Defensor
12;6446;6;Mediocampista
12;6577;8;Mediocampista
12;6512;10;Mediocampista
12;6483;11;Mediocampista
12;6498;13;Mediocampista
12;6601;17;Mediocampista
12;6578;19;Mediocampista
12;6598;20;Mediocampista
12;6593;21;Mediocampista
12;6470;24;Mediocampista
12;6564;26;Mediocampista
12;6539;7;Delantero
12;6524;9;Delantero
12;6570;16;Delantero
12;6552;23;Delantero
13;891;1;Arquero
13;882;12;Arquero
13;907;18;Arquero
13;831;2;Defensor
13;814;3;Defensor
13;888;4;Defensor
13;853;5;Defensor
13;914;8;Defensor
13;817;16;Defensor
13;896;19;Defensor
13;832;20;Defensor
13;856;24;Defensor
13;846;10;Mediocampista
13;875;13;Mediocampista
13;869;14;Mediocampista
13;833;17;Mediocampista
13;847;22;Mediocampista
13;815;26;Mediocampista
13;818;6;Delantero
13;861;7;Delantero
13;865;9;Delantero
13;863;11;Delantero
13;834;15;Delantero
13;858;21;Delantero
13;840;23;Delantero
13;828;25;Delantero
14;2878;1;Arquero
14;2801;16;Arquero
14;2875;22;Arquero
14;2787;2;Defensor
14;2860;3;Defensor
14;2835;4;Defensor
14;2854;5;Defensor
14;2799;6;Defensor
14;2837;13;Defensor
14;2887;17;Defensor
14;2891;18;Defensor
14;2790;26;Defensor
14;2828;7;Mediocampista
14;2807;8;Mediocampista
14;2811;10;Mediocampista
14;2885;11;Mediocampista
14;2806;14;Mediocampista
14;2865;15;Mediocampista
14;2824;23;Mediocampista
14;2884;24;Mediocampista
14;2849;25;Mediocampista
14;2797;9;Delantero
14;2808;12;Delantero
14;2893;19;Delantero
14;2894;20;Delantero
14;2804;21;Delantero
15;3902;1;Arquero
15;3910;16;Arquero
15;3751;23;Arquero
15;3929;2;Defensor
15;3829;3;Defensor
15;3989;4;Defensor
15;3883;5;Defensor
15;3840;13;Defensor
15;3960;17;Defensor
15;3986;18;Defensor
15;3866;21;Defensor
15;3867;22;Defensor
15;3879;24;Defensor
15;3858;6;Mediocampista
15;3974;8;Mediocampista
15;3941;14;Mediocampista
15;3992;15;Mediocampista
15;3787;25;Mediocampista
15;3856;7;Delantero
15;3849;9;Delantero
15;3918;10;Delantero
15;3818;11;Delantero
15;3878;12;Delantero
15;3768;19;Delantero
15;3803;20;Delantero
15;3978;26;Delantero
16;8131;1;Arquero
16;8087;16;Arquero
16;8066;22;Arquero
16;8104;26;Arquero
16;8105;2;Defensor
16;8156;3;Defensor
16;8135;4;Defensor
16;8078;6;Defensor
16;8129;12;Defensor
16;8090;20;Defensor
16;8118;21;Defensor
16;8050;24;Defensor
16;8097;5;Mediocampista
16;8132;8;Mediocampista
16;8150;13;Mediocampista
16;8126;14;Mediocampista
16;8064;15;Mediocampista
16;8151;17;Mediocampista
16;8079;18;Mediocampista
16;8140;7;Delantero
16;8111;9;Delantero
16;8122;10;Delantero
16;8123;11;Delantero
16;8109;19;Delantero
16;8153;23;Delantero
16;8152;25;Delantero
17;196;1;Arquero
17;269;12;Arquero
17;266;22;Arquero
17;228;2;Defensor
17;220;3;Defensor
17;72;4;Defensor
17;132;5;Defensor
17;261;15;Defensor
17;143;16;Defensor
17;82;20;Defensor
17;236;23;Defensor
17;20;25;Defensor
17;136;6;Mediocampista
17;76;8;Mediocampista
17;77;11;Mediocampista
17;192;13;Mediocampista
17;193;14;Mediocampista
17;31;17;Mediocampista
17;111;18;Mediocampista
17;233;19;Mediocampista
17;81;21;Mediocampista
17;90;7;Delantero
17;67;9;Delantero
17;73;10;Delantero
17;2;24;Delantero
17;187;26;Delantero
18;2642;1;Arquero
18;2574;18;Arquero
18;2658;23;Arquero
18;2667;3;Defensor
18;2609;4;Defensor
18;2604;6;Defensor
18;2645;8;Defensor
18;2586;15;Defensor
18;2631;16;Defensor
18;2672;19;Defensor
18;2633;22;Defensor
18;2592;2;Mediocampista
18;2582;5;Mediocampista
18;2579;9;Mediocampista
18;2653;10;Mediocampista
18;2663;13;Mediocampista
18;2655;14;Mediocampista
18;2662;17;Mediocampista
18;2572;20;Mediocampista
18;2626;21;Mediocampista
18;2673;24;Mediocampista
18;2620;25;Mediocampista
18;2675;26;Mediocampista
18;2598;7;Delantero
18;2668;11;Delantero
18;2588;12;Delantero
19;3525;1;Arquero
19;3505;13;Arquero
19;3539;23;Arquero
19;3333;2;Defensor
19;3390;3;Defensor
19;3548;4;Defensor
19;3335;14;Defensor
19;3405;15;Defensor
19;3312;18;Defensor
19;3353;20;Defensor
19;3433;24;Defensor
19;3341;5;Mediocampista
19;3438;6;Mediocampista
19;3429;8;Mediocampista
19;3392;9;Mediocampista
19;3516;16;Mediocampista
19;3541;19;Mediocampista
19;3485;26;Mediocampista
19;3464;7;Delantero
19;3331;10;Delantero
19;3547;11;Delantero
19;3564;12;Delantero
19;3489;17;Delantero
19;3478;21;Delantero
19;3530;22;Delantero
19;3380;25;Delantero
20;5296;1;Arquero
20;5273;12;Arquero
20;5348;23;Arquero
20;5369;2;Defensor
20;5359;3;Defensor
20;5285;4;Defensor
20;5320;5;Defensor
20;5361;16;Defensor
20;5346;19;Defensor
20;5372;22;Defensor
20;5286;26;Defensor
20;5270;6;Mediocampista
20;5349;7;Mediocampista
20;5268;8;Mediocampista
20;5310;9;Mediocampista
20;5309;10;Mediocampista
20;5301;11;Mediocampista
20;5317;13;Mediocampista
20;5287;14;Mediocampista
20;5294;15;Mediocampista
20;5357;17;Mediocampista
20;5353;24;Mediocampista
20;5267;18;Delantero
20;5303;20;Delantero
20;5364;21;Delantero
20;5304;25;Delantero
21;1080;1;Arquero
21;1156;12;Arquero
21;1068;13;Arquero
21;1043;2;Defensor
21;1200;3;Defensor
21;1117;4;Defensor
21;1247;5;Defensor
21;1105;19;Defensor
21;1099;26;Defensor
21;1257;6;Mediocampista
21;1087;7;Mediocampista
21;1203;8;Mediocampista
21;1155;15;Mediocampista
21;1128;16;Mediocampista
21;1169;18;Mediocampista
21;1227;20;Mediocampista
21;1067;21;Mediocampista
21;1147;9;Delantero
21;1127;10;Delantero
21;1064;11;Delantero
21;1154;14;Delantero
21;1205;17;Delantero
21;1091;22;Delantero
21;1049;23;Delantero
21;1170;24;Delantero
21;1112;25;Delantero
22;1968;1;Arquero
22;1963;16;Arquero
22;1930;18;Arquero
22;1947;2;Defensor
22;1929;3;Defensor
22;1957;4;Defensor
22;1972;5;Defensor
22;1951;22;Defensor
22;1934;25;Defensor
22;1974;26;Defensor
22;1964;6;Mediocampista
22;1939;7;Mediocampista
22;1940;8;Mediocampista
22;1943;10;Mediocampista
22;1944;13;Mediocampista
22;1948;14;Mediocampista
22;1949;15;Mediocampista
22;1961;21;Mediocampista
22;1955;23;Mediocampista
22;1976;24;Mediocampista
22;1933;9;Delantero
22;1932;11;Delantero
22;1970;12;Delantero
22;1950;17;Delantero
22;1936;19;Delantero
22;1935;20;Delantero
23;2718;1;Arquero
23;2694;12;Arquero
23;2696;23;Arquero
23;2750;2;Defensor
23;2680;3;Defensor
23;2693;5;Defensor
23;2719;6;Defensor
23;2747;19;Defensor
23;2695;20;Defensor
23;2761;21;Defensor
23;2701;22;Defensor
23;2756;24;Defensor
23;2720;7;Mediocampista
23;2709;8;Mediocampista
23;2724;10;Mediocampista
23;2686;11;Mediocampista
23;2763;13;Mediocampista
23;2728;15;Mediocampista
23;2754;25;Mediocampista
23;2697;26;Mediocampista
23;2729;4;Delantero
23;2711;9;Delantero
23;2717;14;Delantero
23;2730;16;Delantero
23;2687;17;Delantero
23;2727;18;Delantero
24;5422;1;Arquero
24;5453;12;Arquero
24;5507;22;Arquero
24;5466;2;Defensor
24;5485;3;Defensor
24;5398;5;Defensor
24;5502;6;Defensor
24;5458;18;Defensor
24;5437;20;Defensor
24;5417;24;Defensor
24;5406;25;Defensor
24;5404;4;Mediocampista
24;5512;7;Mediocampista
24;5493;8;Mediocampista
24;5511;10;Mediocampista
24;5428;13;Mediocampista
24;5396;14;Mediocampista
24;5401;15;Mediocampista
24;5420;17;Mediocampista
24;5455;23;Mediocampista
24;5472;26;Mediocampista
24;5467;9;Delantero
24;5499;11;Delantero
24;5460;16;Delantero
24;5459;19;Delantero
24;5430;21;Delantero
25;1353;1;Arquero
25;1664;12;Arquero
25;1432;23;Arquero
25;1410;2;Defensor
25;1638;3;Defensor
25;1542;4;Defensor
25;1634;6;Defensor
25;1356;13;Defensor
25;1553;14;Defensor
25;1643;16;Defensor
25;1385;24;Defensor
25;1399;5;Mediocampista
25;1577;7;Mediocampista
25;1460;8;Mediocampista
25;1446;15;Mediocampista
25;1476;17;Mediocampista
25;1608;22;Mediocampista
25;1612;9;Delantero
25;1564;10;Delantero
25;1602;11;Delantero
25;1462;18;Delantero
25;1361;19;Delantero
25;1658;20;Delantero
25;1623;21;Delantero
25;1589;25;Delantero
25;1544;26;Delantero
26;1889;1;Arquero
26;1834;16;Arquero
26;1903;23;Arquero
26;1895;3;Defensor
26;1926;4;Defensor
26;1868;17;Defensor
26;1837;19;Defensor
26;1816;21;Defensor
26;1823;24;Defensor
26;1922;25;Defensor
26;1906;5;Mediocampista
26;1894;7;Mediocampista
26;1928;8;Mediocampista
26;1907;14;Mediocampista
26;1856;15;Mediocampista
26;1844;18;Mediocampista
26;1898;22;Mediocampista
26;1865;26;Mediocampista
26;1890;2;Delantero
26;1888;6;Delantero
26;1897;9;Delantero
26;1802;10;Delantero
26;1810;11;Delantero
26;1920;12;Delantero
26;1818;13;Delantero
26;1869;20;Delantero
27;7330;1;Arquero
27;7476;12;Arquero
27;7421;23;Arquero
27;7455;2;Defensor
27;7339;3;Defensor
27;7418;4;Defensor
27;7518;5;Defensor
27;7430;13;Defensor
27;7302;15;Defensor
27;7431;25;Defensor
27;7405;6;Mediocampista
27;7347;8;Mediocampista
27;7533;14;Mediocampista
27;7403;16;Mediocampista
27;7385;17;Mediocampista
27;7470;19;Mediocampista
27;7420;20;Mediocampista
27;7398;22;Mediocampista
27;7354;24;Mediocampista
27;7345;26;Mediocampista
27;7472;7;Delantero
27;7429;9;Delantero
27;7511;10;Delantero
27;7372;11;Delantero
27;7522;18;Delantero
27;7329;21;Delantero
28;7963;1;Arquero
28;7931;12;Arquero
28;7901;21;Arquero
28;7902;24;Arquero
28;7858;2;Defensor
28;7994;3;Defensor
28;7853;4;Defensor
28;7807;5;Defensor
28;7967;11;Defensor
28;7948;13;Defensor
28;7838;18;Defensor
28;7952;22;Defensor
28;8000;6;Mediocampista
28;7865;8;Mediocampista
28;7998;10;Mediocampista
28;7805;14;Mediocampista
28;7964;15;Mediocampista
28;7856;16;Mediocampista
28;7864;20;Mediocampista
28;7960;23;Mediocampista
28;7946;25;Mediocampista
28;7896;26;Mediocampista
28;7854;7;Delantero
28;7957;9;Delantero
28;7980;17;Delantero
28;7930;19;Delantero
29;2441;1;Arquero
29;2509;12;Arquero
29;2406;21;Arquero
29;2519;2;Defensor
29;2428;3;Defensor
29;2432;4;Defensor
29;2389;14;Defensor
29;2434;15;Defensor
29;2449;19;Defensor
29;2455;20;Defensor
29;2444;23;Defensor
29;2360;24;Defensor
29;2411;5;Mediocampista
29;2396;6;Mediocampista
29;2507;7;Mediocampista
29;2491;8;Mediocampista
29;2463;10;Mediocampista
29;2395;11;Mediocampista
29;2508;13;Mediocampista
29;2485;17;Mediocampista
29;2466;18;Mediocampista
29;2454;22;Mediocampista
29;2404;25;Mediocampista
29;2511;26;Mediocampista
29;2352;9;Delantero
29;2399;16;Delantero
30;4070;1;Arquero
30;4079;12;Arquero
30;4099;16;Arquero
30;4093;2;Defensor
30;4100;3;Defensor
30;4112;4;Defensor
30;4094;14;Defensor
30;4064;15;Defensor
30;4111;17;Defensor
30;4065;18;Defensor
30;4081;23;Defensor
30;4114;26;Defensor
30;4107;5;Mediocampista
30;4103;6;Mediocampista
30;4087;7;Mediocampista
30;4092;8;Mediocampista
30;4078;11;Mediocampista
30;4060;13;Mediocampista
30;4089;20;Mediocampista
30;4050;21;Mediocampista
30;4118;22;Mediocampista
30;4117;24;Mediocampista
30;4074;9;Delantero
30;4072;10;Delantero
30;4125;19;Delantero
30;4115;25;Delantero
31;6698;1;Arquero
31;6725;12;Arquero
31;6625;22;Arquero
31;6630;2;Defensor
31;6706;3;Defensor
31;6636;4;Defensor
31;6656;5;Defensor
31;6707;13;Defensor
31;6682;19;Defensor
31;6617;20;Defensor
31;6729;24;Defensor
31;6697;6;Mediocampista
31;6643;8;Mediocampista
31;6622;14;Mediocampista
31;6741;16;Mediocampista
31;6678;17;Mediocampista
31;6691;18;Mediocampista
31;6692;23;Mediocampista
31;6684;25;Mediocampista
31;6721;7;Delantero
31;6728;9;Delantero
31;6730;10;Delantero
31;6642;11;Delantero
31;6672;15;Delantero
31;6658;21;Delantero
31;6716;26;Delantero
32;8369;1;Arquero
32;8438;12;Arquero
32;8408;23;Arquero
32;8313;2;Defensor
32;8314;3;Defensor
32;8242;4;Defensor
32;8454;13;Defensor
32;8374;16;Defensor
32;8463;17;Defensor
32;8274;19;Defensor
32;8258;22;Defensor
32;8411;26;Defensor
32;8457;5;Mediocampista
32;8249;6;Mediocampista
32;8285;7;Mediocampista
32;8284;10;Mediocampista
32;8445;14;Mediocampista
32;8453;15;Mediocampista
32;8263;24;Mediocampista
32;8449;25;Mediocampista
32;8382;8;Delantero
32;8441;9;Delantero
32;8372;11;Delantero
32;8317;18;Delantero
32;8446;20;Delantero
32;8272;21;Delantero
33;399;1;Arquero
33;401;21;Arquero
33;404;22;Arquero
33;393;2;Defensor
33;421;3;Defensor
33;387;4;Defensor
33;420;5;Defensor
33;386;6;Defensor
33;406;13;Defensor
33;419;23;Defensor
33;391;7;Mediocampista
33;408;8;Mediocampista
33;416;9;Mediocampista
33;397;11;Mediocampista
33;423;12;Mediocampista
33;431;14;Mediocampista
33;396;15;Mediocampista
33;400;16;Mediocampista
33;395;17;Mediocampista
33;390;18;Mediocampista
33;405;10;Delantero
33;402;19;Delantero
33;413;20;Delantero
34;2984;1;Arquero
34;2981;16;Arquero
34;2986;23;Arquero
34;2994;2;Defensor
34;2988;3;Defensor
34;2999;6;Defensor
34;2991;7;Defensor
34;2979;12;Defensor
34;2973;13;Defensor
34;2987;15;Defensor
34;3021;20;Defensor
34;2993;4;Mediocampista
34;3011;5;Mediocampista
34;2996;8;Mediocampista
34;2989;17;Mediocampista
34;3019;19;Mediocampista
34;3030;21;Mediocampista
34;3010;9;Delantero
34;3020;10;Delantero
34;3001;11;Delantero
34;3026;14;Delantero
34;3024;18;Delantero
34;3031;22;Delantero
35;7047;1;Arquero
35;7149;12;Arquero
35;7096;20;Arquero
35;7093;2;Defensor
35;7137;3;Defensor
35;7106;4;Defensor
35;7191;5;Defensor
35;7136;13;Defensor
35;7104;14;Defensor
35;7203;23;Defensor
35;7074;6;Mediocampista
35;7141;7;Mediocampista
35;7099;8;Mediocampista
35;7087;9;Mediocampista
35;7230;11;Mediocampista
35;7158;15;Mediocampista
35;7159;16;Mediocampista
35;7102;17;Mediocampista
35;7228;18;Mediocampista
35;7187;19;Mediocampista
35;7221;21;Mediocampista
35;7204;10;Delantero
35;7089;22;Delantero
36;8369;1;Arquero
36;8262;12;Arquero
36;8433;23;Arquero
36;8313;2;Defensor
36;8314;3;Defensor
36;8454;4;Defensor
36;8430;13;Defensor
36;8387;16;Defensor
36;8274;19;Defensor
36;8258;22;Defensor
36;8419;5;Mediocampista
36;8249;6;Mediocampista
36;8409;7;Mediocampista
36;8370;8;Mediocampista
36;8445;14;Mediocampista
36;8457;15;Mediocampista
36;8335;17;Mediocampista
36;8441;9;Delantero
36;8284;10;Delantero
36;8440;11;Delantero
36;8317;18;Delantero
36;8451;20;Delantero
36;8272;21;Delantero
37;3368;1;Arquero
37;3328;13;Arquero
37;3509;23;Arquero
37;3353;2;Defensor
37;3490;3;Defensor
37;3468;4;Defensor
37;3475;12;Defensor
37;3333;14;Defensor
37;3503;15;Defensor
37;3463;16;Defensor
37;3312;18;Defensor
37;3341;5;Mediocampista
37;3411;6;Mediocampista
37;3472;7;Mediocampista
37;3429;8;Mediocampista
37;3544;10;Mediocampista
37;3331;20;Mediocampista
37;3414;22;Mediocampista
37;3465;9;Delantero
37;3557;11;Delantero
37;3332;17;Delantero
37;3364;19;Delantero
37;3538;21;Delantero
38;4690;1;Arquero
38;4745;12;Arquero
38;4679;22;Arquero
38;4716;3;Defensor
38;4695;4;Defensor
38;4748;5;Defensor
38;4766;8;Defensor
38;4737;13;Defensor
38;4750;15;Defensor
38;4723;19;Defensor
38;4769;23;Defensor
38;4783;2;Mediocampista
38;4705;6;Mediocampista
38;4778;7;Mediocampista
38;4701;9;Mediocampista
38;4683;11;Mediocampista
38;4684;10;Delantero
38;4709;14;Delantero
38;4711;16;Delantero
38;4780;17;Delantero
38;4724;18;Delantero
38;4686;20;Delantero
38;4699;21;Delantero
39;5422;1;Arquero
39;5453;12;Arquero
39;5507;22;Arquero
39;5466;2;Defensor
39;5486;3;Defensor
39;5434;4;Defensor
39;5415;5;Defensor
39;5502;6;Defensor
39;5439;17;Defensor
39;5512;7;Mediocampista
39;5442;8;Mediocampista
39;5412;10;Mediocampista
39;5462;11;Mediocampista
39;5423;14;Mediocampista
39;5399;15;Mediocampista
39;5403;16;Mediocampista
39;5468;18;Mediocampista
39;5404;21;Mediocampista
39;5427;23;Mediocampista
39;5452;9;Delantero
39;5424;13;Delantero
39;5459;19;Delantero
39;5421;20;Delantero
40;6698;1;Arquero
40;6674;12;Arquero
40;6615;22;Arquero
40;6607;2;Defensor
40;6706;3;Defensor
40;6656;5;Defensor
40;6649;6;Defensor
40;6636;13;Defensor
40;6709;15;Defensor
40;6679;19;Defensor
40;6733;21;Defensor
40;6644;4;Mediocampista
40;6687;8;Mediocampista
40;6678;10;Mediocampista
40;6730;11;Mediocampista
40;6622;14;Mediocampista
40;6643;16;Mediocampista
40;6727;23;Mediocampista
40;6721;7;Delantero
40;6728;9;Delantero
40;6655;17;Delantero
40;6680;18;Delantero
40;6713;20;Delantero
41;891;1;Arquero
41;849;12;Arquero
41;907;18;Arquero
41;831;2;Defensor
41;871;3;Defensor
41;873;5;Defensor
41;851;6;Defensor
41;817;16;Defensor
41;885;19;Defensor
41;892;20;Defensor
41;862;8;Mediocampista
41;875;13;Mediocampista
41;848;15;Mediocampista
41;847;22;Mediocampista
41;886;23;Mediocampista
41;822;4;Delantero
41;861;7;Delantero
41;850;9;Delantero
41;857;10;Delantero
41;876;11;Delantero
41;865;14;Delantero
41;813;17;Delantero
41;880;21;Delantero
42;2878;1;Arquero
42;2850;16;Arquero
42;2875;22;Arquero
42;2890;3;Defensor
42;2835;4;Defensor
42;2836;5;Defensor
42;2799;6;Defensor
42;2831;13;Defensor
42;2805;14;Defensor
42;2887;17;Defensor
42;2839;2;Mediocampista
42;2841;7;Mediocampista
42;2807;8;Mediocampista
42;2811;10;Mediocampista
42;2847;18;Mediocampista
42;2880;19;Mediocampista
42;2832;9;Delantero
42;2797;11;Delantero
42;2808;12;Delantero
42;2813;15;Delantero
42;2894;20;Delantero
42;2804;21;Delantero
42;2882;23;Delantero
43;3902;1;Arquero
43;3910;16;Arquero
43;3751;23;Arquero
43;3929;2;Defensor
43;3877;3;Defensor
43;3989;4;Defensor
43;3985;5;Defensor
43;3943;17;Defensor
43;3964;19;Defensor
43;3866;21;Defensor
43;3919;22;Defensor
43;3939;6;Mediocampista
43;3980;12;Mediocampista
43;3874;13;Mediocampista
43;3916;14;Mediocampista
43;3925;15;Mediocampista
43;3856;7;Delantero
43;3896;8;Delantero
43;3849;9;Delantero
43;3918;10;Delantero
43;3818;11;Delantero
43;3837;18;Delantero
43;3975;20;Delantero
44;6377;1;Arquero
44;6349;12;Arquero
44;6354;21;Arquero
44;6418;2;Defensor
44;6359;3;Defensor
44;6425;4;Defensor
44;6344;5;Defensor
44;6432;6;Defensor
44;6415;15;Defensor
44;6342;17;Defensor
44;6395;22;Defensor
44;6388;7;Mediocampista
44;6363;8;Mediocampista
44;6431;13;Mediocampista
44;6410;14;Mediocampista
44;6353;16;Mediocampista
44;6438;19;Mediocampista
44;6343;23;Mediocampista
44;6386;9;Delantero
44;6370;10;Delantero
44;6422;11;Delantero
44;6352;18;Delantero
44;6373;20;Delantero
45;642;1;Arquero
45;528;12;Arquero
45;565;23;Arquero
45;681;2;Defensor
45;781;3;Defensor
45;526;4;Defensor
45;613;6;Defensor
45;514;8;Defensor
45;747;16;Defensor
45;703;17;Defensor
45;759;18;Defensor
45;551;5;Mediocampista
45;539;7;Mediocampista
45;602;11;Mediocampista
45;683;13;Mediocampista
45;678;14;Mediocampista
45;722;15;Mediocampista
45;660;20;Mediocampista
45;718;22;Mediocampista
45;646;9;Delantero
45;682;10;Delantero
45;515;19;Delantero
45;606;21;Delantero
46;2718;1;Arquero
46;2704;12;Arquero
46;2753;23;Arquero
46;2765;2;Defensor
46;2752;3;Defensor
46;2690;5;Defensor
46;2719;6;Defensor
46;2699;13;Defensor
46;2689;15;Defensor
46;2761;21;Defensor
46;2731;22;Defensor
46;2737;7;Mediocampista
46;2709;8;Mediocampista
46;2724;10;Mediocampista
46;2686;11;Mediocampista
46;2685;14;Mediocampista
46;2678;19;Mediocampista
46;2729;4;Delantero
46;2711;9;Delantero
46;2705;16;Delantero
46;2722;17;Delantero
46;2739;18;Delantero
46;2732;20;Delantero
47;4922;1;Arquero
47;4928;12;Arquero
47;4926;13;Arquero
47;4927;2;Defensor
47;4924;5;Defensor
47;4930;6;Defensor
47;4912;14;Defensor
47;4915;15;Defensor
47;4925;18;Defensor
47;4932;23;Defensor
47;4917;3;Mediocampista
47;4919;4;Mediocampista
47;4920;7;Mediocampista
47;4913;8;Mediocampista
47;4929;10;Mediocampista
47;4933;16;Mediocampista
47;4921;17;Mediocampista
47;4918;19;Mediocampista
47;4923;20;Mediocampista
47;4934;21;Mediocampista
47;4931;9;Delantero
47;4916;11;Delantero
47;4914;22;Delantero
48;5818;1;Arquero
48;5790;16;Arquero
48;5879;23;Arquero
48;5824;2;Defensor
48;5806;3;Defensor
48;5873;5;Defensor
48;5802;6;Defensor
48;5780;12;Defensor
48;5796;20;Defensor
48;5805;21;Defensor
48;5861;22;Defensor
48;5838;4;Mediocampista
48;5816;8;Mediocampista
48;5843;10;Mediocampista
48;5842;15;Mediocampista
48;5862;17;Mediocampista
48;5852;19;Mediocampista
48;5837;7;Delantero
48;5825;9;Delantero
48;5836;11;Delantero
48;5839;13;Delantero
48;5826;14;Delantero
48;5830;18;Delantero
49;1353;1;Arquero
49;1400;16;Arquero
49;1432;23;Arquero
49;1638;2;Defensor
49;1555;3;Defensor
49;1465;4;Defensor
49;1455;6;Defensor
49;1536;12;Defensor
49;1542;13;Defensor
49;1410;14;Defensor
49;1447;22;Defensor
49;1399;5;Mediocampista
49;1606;8;Mediocampista
49;1594;11;Mediocampista
49;1580;15;Mediocampista
49;1452;17;Mediocampista
49;1460;18;Mediocampista
49;1665;19;Mediocampista
49;1429;7;Delantero
49;1462;9;Delantero
49;1564;10;Delantero
49;1620;20;Delantero
49;1642;21;Delantero
50;2642;1;Arquero
50;2647;18;Arquero
50;2638;23;Arquero
50;2571;2;Defensor
50;2613;3;Defensor
50;2659;4;Defensor
50;2604;6;Defensor
50;2645;8;Defensor
50;2586;15;Defensor
50;2610;16;Defensor
50;2672;19;Defensor
50;2618;22;Defensor
50;2582;5;Mediocampista
50;2581;7;Mediocampista
50;2596;9;Mediocampista
50;2653;10;Mediocampista
50;2670;13;Mediocampista
50;2575;14;Mediocampista
50;2662;17;Mediocampista
50;2619;20;Mediocampista
50;2668;11;Delantero
50;2588;12;Delantero
50;2665;21;Delantero
51;7504;1;Arquero
51;7476;12;Arquero
51;7330;23;Arquero
51;7478;2;Defensor
51;7516;3;Defensor
51;7491;5;Defensor
51;7358;6;Defensor
51;7382;11;Defensor
51;7518;13;Defensor
51;7477;14;Defensor
51;7418;15;Defensor
51;7422;4;Mediocampista
51;7533;7;Mediocampista
51;7511;10;Mediocampista
51;7345;16;Mediocampista
51;7385;17;Mediocampista
51;7420;20;Mediocampista
51;7410;21;Mediocampista
51;7401;22;Mediocampista
51;7467;8;Delantero
51;7429;9;Delantero
51;7472;18;Delantero
51;7372;19;Delantero
52;7963;1;Arquero
52;7925;12;Arquero
52;7833;21;Arquero
52;7910;2;Defensor
52;7923;3;Defensor
52;7853;4;Defensor
52;7807;5;Defensor
52;7905;6;Defensor
52;7948;13;Defensor
52;7843;20;Defensor
52;7952;22;Defensor
52;7865;8;Mediocampista
52;7998;10;Mediocampista
52;7819;11;Mediocampista
52;8002;14;Mediocampista
52;7846;15;Mediocampista
52;7859;16;Mediocampista
52;8000;17;Mediocampista
52;7960;23;Mediocampista
52;7854;7;Delantero
52;7957;9;Delantero
52;7872;18;Delantero
52;7844;19;Delantero
53;196;1;Arquero
53;269;12;Arquero
53;266;22;Arquero
53;213;2;Defensor
53;91;3;Defensor
53;72;4;Defensor
53;116;5;Defensor
53;261;15;Defensor
53;228;16;Defensor
53;26;17;Defensor
53;136;18;Defensor
53;134;6;Mediocampista
53;48;7;Mediocampista
53;155;8;Mediocampista
53;206;10;Mediocampista
53;192;13;Mediocampista
53;76;14;Mediocampista
53;229;19;Mediocampista
53;31;20;Mediocampista
53;81;21;Mediocampista
53;282;9;Delantero
53;223;11;Delantero
53;75;23;Delantero
54;2441;1;Arquero
54;2427;21;Arquero
54;2406;23;Arquero
54;2477;2;Defensor
54;2408;3;Defensor
54;2488;4;Defensor
54;2521;5;Defensor
54;2498;6;Defensor
54;2433;12;Defensor
54;2389;14;Defensor
54;2449;19;Defensor
54;2401;20;Defensor
54;2382;22;Defensor
54;2407;8;Mediocampista
54;2474;10;Mediocampista
54;2452;13;Mediocampista
54;2410;15;Mediocampista
54;2415;16;Mediocampista
54;2463;17;Mediocampista
54;2484;18;Mediocampista
54;2507;7;Delantero
54;2442;9;Delantero
54;2395;11;Delantero
55;5572;1;Arquero
55;5756;12;Arquero
55;5685;13;Arquero
55;5529;2;Defensor
55;5740;3;Defensor
55;5656;4;Defensor
55;5672;15;Defensor
55;5634;16;Defensor
55;5517;21;Defensor
55;5620;5;Mediocampista
55;5588;6;Mediocampista
55;5645;7;Mediocampista
55;5587;10;Mediocampista
55;5617;18;Mediocampista
55;5523;20;Mediocampista
55;5604;23;Mediocampista
55;5591;8;Delantero
55;5639;9;Delantero
55;5771;11;Delantero
55;5632;14;Delantero
55;5571;17;Delantero
55;5699;19;Delantero
55;5651;22;Delantero
56;7752;1;Arquero
56;7690;12;Arquero
56;7745;23;Arquero
56;7724;2;Defensor
56;7715;3;Defensor
56;7660;4;Defensor
56;7755;5;Defensor
56;7620;6;Defensor
56;7674;14;Defensor
56;7704;16;Defensor
56;7684;18;Defensor
56;7710;7;Mediocampista
56;7644;8;Mediocampista
56;7655;10;Mediocampista
56;7785;13;Mediocampista
56;7676;15;Mediocampista
56;7636;17;Mediocampista
56;7765;19;Mediocampista
56;7640;21;Mediocampista
56;7625;9;Delantero
56;7664;11;Delantero
56;7795;20;Delantero
56;7700;22;Delantero
57;1080;1;Arquero
57;1156;12;Arquero
57;1068;13;Arquero
57;1043;2;Defensor
57;1242;3;Defensor
57;1142;4;Defensor
57;1247;5;Defensor
57;1155;15;Defensor
57;1056;20;Defensor
57;1105;23;Defensor
57;1257;6;Mediocampista
57;1087;7;Mediocampista
57;1118;8;Mediocampista
57;1064;11;Mediocampista
57;1128;16;Mediocampista
57;1203;17;Mediocampista
57;1103;19;Mediocampista
57;1071;22;Mediocampista
57;1147;9;Delantero
57;1127;10;Delantero
57;1154;14;Delantero
57;1139;18;Delantero
57;1049;21;Delantero
58;4604;1;Arquero
58;4466;13;Arquero
58;4606;23;Arquero
58;4657;2;Defensor
58;4618;3;Defensor
58;4643;5;Defensor
58;4567;6;Defensor
58;4650;12;Defensor
58;4470;15;Defensor
58;4548;16;Defensor
58;4494;17;Defensor
58;4676;18;Defensor
58;4431;22;Defensor
58;4496;4;Mediocampista
58;4563;7;Mediocampista
58;4528;8;Mediocampista
58;4432;20;Mediocampista
58;4565;21;Mediocampista
58;4549;9;Delantero
58;4638;10;Delantero
58;4652;11;Delantero
58;4661;14;Delantero
58;4610;19;Delantero
59;6184;1;Arquero
59;6174;12;Arquero
59;6187;22;Arquero
59;6169;2;Defensor
59;6176;3;Defensor
59;6179;4;Defensor
59;6191;5;Defensor
59;6182;13;Defensor
59;6177;15;Defensor
59;6183;17;Defensor
59;6172;23;Defensor
59;6181;6;Mediocampista
59;6173;8;Mediocampista
59;6175;11;Mediocampista
59;6186;14;Mediocampista
59;6171;19;Mediocampista
59;6180;20;Mediocampista
59;6188;21;Mediocampista
59;6185;7;Delantero
59;6190;9;Delantero
59;6178;10;Delantero
59;6170;16;Delantero
59;6189;18;Delantero
60;8062;1;Arquero
60;8131;16;Arquero
60;8104;22;Arquero
60;8070;2;Defensor
60;8072;3;Defensor
60;8135;4;Defensor
60;8101;5;Defensor
60;8055;6;Defensor
60;8078;11;Defensor
60;8129;12;Defensor
60;8142;21;Defensor
60;8054;9;Mediocampista
60;8150;13;Mediocampista
60;8058;14;Mediocampista
60;8151;17;Mediocampista
60;8121;7;Delantero
60;8069;8;Delantero
60;8122;10;Delantero
60;8120;15;Delantero
60;8155;18;Delantero
60;8119;19;Delantero
60;8079;20;Delantero
60;8153;23;Delantero
61;2263;1;Arquero
61;2293;12;Arquero
61;2221;22;Arquero
61;2297;2;Defensor
61;2260;3;Defensor
61;2203;4;Defensor
61;2255;13;Defensor
61;2256;17;Defensor
61;2224;18;Defensor
61;2281;23;Defensor
61;2208;5;Mediocampista
61;2280;6;Mediocampista
61;2197;8;Mediocampista
61;2279;10;Mediocampista
61;2222;11;Mediocampista
61;2288;15;Mediocampista
61;2249;16;Mediocampista
61;2273;20;Mediocampista
61;2207;7;Delantero
61;2231;9;Delantero
61;2259;14;Delantero
61;2211;19;Delantero
61;2247;21;Delantero
62;5296;1;Arquero
62;5277;12;Arquero
62;5322;23;Arquero
62;5365;2;Defensor
62;5350;3;Defensor
62;5320;5;Defensor
62;5270;6;Defensor
62;5346;19;Defensor
62;5306;20;Defensor
62;5345;21;Defensor
62;5372;22;Defensor
62;5279;4;Mediocampista
62;5349;7;Mediocampista
62;5274;8;Mediocampista
62;5291;10;Mediocampista
62;5366;11;Mediocampista
62;5284;14;Mediocampista
62;5367;16;Mediocampista
62;5275;17;Mediocampista
62;5342;18;Mediocampista
62;5337;9;Delantero
62;5318;13;Delantero
62;5341;15;Delantero
63;6573;1;Arquero
63;6445;12;Arquero
63;6468;22;Arquero
63;6550;2;Defensor
63;6492;3;Defensor
63;6458;4;Defensor
63;6443;5;Defensor
63;6477;15;Defensor
63;6444;18;Defensor
63;6556;20;Defensor
63;6480;6;Mediocampista
63;6525;8;Mediocampista
63;6512;10;Mediocampista
63;6483;11;Mediocampista
63;6561;13;Mediocampista
63;6454;16;Mediocampista
63;6551;17;Mediocampista
63;6598;19;Mediocampista
63;6519;21;Mediocampista
63;6539;7;Delantero
63;6524;9;Delantero
63;6581;14;Delantero
63;6510;23;Delantero
64;7245;1;Arquero
64;7277;16;Arquero
64;7260;23;Arquero
64;7270;2;Defensor
64;7266;3;Defensor
64;7271;4;Defensor
64;7287;12;Defensor
64;7259;21;Defensor
64;7297;22;Defensor
64;7261;5;Mediocampista
64;7289;6;Mediocampista
64;7267;8;Mediocampista
64;7279;11;Mediocampista
64;7275;13;Mediocampista
64;7276;17;Mediocampista
64;7293;7;Delantero
64;7256;9;Delantero
64;7269;10;Delantero
64;7265;14;Delantero
64;7288;15;Delantero
64;7290;18;Delantero
64;7286;19;Delantero
64;7232;20;Delantero
65;1491;1;Arquero
65;1503;12;Arquero
65;1657;22;Arquero
65;1356;2;Defensor
65;1638;3;Defensor
65;1414;4;Defensor
65;1536;6;Defensor
65;1412;13;Defensor
65;1549;14;Defensor
65;1477;15;Defensor
65;1532;23;Defensor
65;1452;5;Mediocampista
65;1580;8;Mediocampista
65;1573;11;Mediocampista
65;1601;16;Mediocampista
65;1527;17;Mediocampista
65;1480;18;Mediocampista
65;1665;19;Mediocampista
65;1379;20;Mediocampista
65;1481;7;Delantero
65;1459;9;Delantero
65;1564;10;Delantero
65;1492;21;Delantero
66;1838;1;Arquero
66;1847;16;Arquero
66;1884;23;Arquero
66;1808;2;Defensor
66;1895;3;Defensor
66;1820;4;Defensor
66;1896;5;Defensor
66;1812;12;Defensor
66;1817;14;Defensor
66;1870;17;Defensor
66;1899;22;Defensor
66;1912;6;Mediocampista
66;1880;7;Mediocampista
66;1863;11;Mediocampista
66;1831;18;Mediocampista
66;1867;21;Mediocampista
66;1878;8;Delantero
66;1835;9;Delantero
66;1802;10;Delantero
66;1818;13;Delantero
66;1924;15;Delantero
66;1901;19;Delantero
66;1910;20;Delantero
67;2733;1;Arquero
67;2768;12;Arquero
67;2753;23;Arquero
67;2765;2;Defensor
67;2734;3;Defensor
67;2690;5;Defensor
67;2719;6;Defensor
67;2748;11;Defensor
67;2742;13;Defensor
67;2761;21;Defensor
67;2729;4;Mediocampista
67;2737;7;Mediocampista
67;2767;8;Mediocampista
67;2724;10;Mediocampista
67;2686;14;Mediocampista
67;2678;15;Mediocampista
67;2740;19;Mediocampista
67;2709;20;Mediocampista
67;2700;9;Delantero
67;2739;16;Delantero
67;2722;17;Delantero
67;2726;18;Delantero
67;2692;22;Delantero
68;5572;1;Arquero
68;5756;12;Arquero
68;5685;13;Arquero
68;5725;2;Defensor
68;5741;3;Defensor
68;5656;4;Defensor
68;5718;5;Defensor
68;5645;7;Defensor
68;5672;15;Defensor
68;5707;16;Defensor
68;5513;22;Defensor
68;5634;6;Mediocampista
68;5591;8;Mediocampista
68;5587;10;Mediocampista
68;5546;17;Mediocampista
68;5617;18;Mediocampista
68;5523;20;Mediocampista
68;5697;21;Mediocampista
68;5769;23;Mediocampista
68;5639;9;Delantero
68;5710;11;Delantero
68;5632;14;Delantero
68;5699;19;Delantero
69;891;1;Arquero
69;859;12;Arquero
69;838;18;Arquero
69;837;2;Defensor
69;830;3;Defensor
69;897;6;Defensor
69;914;8;Defensor
69;868;19;Defensor
69;910;22;Defensor
69;873;5;Mediocampista
69;842;10;Mediocampista
69;878;11;Mediocampista
69;819;13;Mediocampista
69;902;14;Mediocampista
69;848;15;Mediocampista
69;844;16;Mediocampista
69;870;17;Mediocampista
69;905;20;Mediocampista
69;862;21;Mediocampista
69;820;23;Mediocampista
69;822;4;Delantero
69;861;7;Delantero
69;899;9;Delantero
70;2019;1;Arquero
70;2153;12;Arquero
70;2066;23;Arquero
70;2084;2;Defensor
70;2006;3;Defensor
70;2070;4;Defensor
70;2129;13;Defensor
70;2083;17;Defensor
70;2071;18;Defensor
70;2141;5;Mediocampista
70;2023;6;Mediocampista
70;2164;8;Mediocampista
70;2157;10;Mediocampista
70;2015;15;Mediocampista
70;2065;16;Mediocampista
70;2057;19;Mediocampista
70;2008;20;Mediocampista
70;2038;21;Mediocampista
70;2136;7;Delantero
70;2106;9;Delantero
70;2161;11;Delantero
70;2099;14;Delantero
70;2104;22;Delantero
71;3354;1;Arquero
71;3368;12;Arquero
71;3509;23;Arquero
71;3314;2;Defensor
71;3490;3;Defensor
71;3422;5;Defensor
71;3503;15;Defensor
71;3312;18;Defensor
71;3333;22;Defensor
71;3454;4;Mediocampista
71;3411;6;Mediocampista
71;3565;8;Mediocampista
71;3379;10;Mediocampista
71;3319;14;Mediocampista
71;3341;16;Mediocampista
71;3429;17;Mediocampista
71;3355;20;Mediocampista
71;3538;21;Mediocampista
71;3561;7;Delantero
71;3546;9;Delantero
71;3486;11;Delantero
71;3455;13;Delantero
71;3364;19;Delantero
72;6002;1;Arquero
72;6156;22;Arquero
72;6063;23;Arquero
72;6155;2;Defensor
72;6020;3;Defensor
72;6072;4;Defensor
72;5992;5;Defensor
72;6048;7;Defensor
72;6154;12;Defensor
72;6151;13;Defensor
72;6059;14;Defensor
72;6016;6;Mediocampista
72;6012;8;Mediocampista
72;6108;10;Mediocampista
72;6003;16;Mediocampista
72;6029;18;Mediocampista
72;6162;20;Mediocampista
72;6145;9;Delantero
72;6098;11;Delantero
72;6064;15;Delantero
72;6068;17;Delantero
72;6045;19;Delantero
72;6024;21;Delantero
73;2263;1;Arquero
73;2293;12;Arquero
73;2257;22;Arquero
73;2297;2;Defensor
73;2296;3;Defensor
73;2203;4;Defensor
73;2205;7;Defensor
73;2199;16;Defensor
73;2299;18;Defensor
73;2290;23;Defensor
73;2215;5;Mediocampista
73;2280;6;Mediocampista
73;2197;8;Mediocampista
73;2279;10;Mediocampista
73;2222;11;Mediocampista
73;2238;13;Mediocampista
73;2245;14;Mediocampista
73;2253;15;Mediocampista
73;2273;20;Mediocampista
73;2240;9;Delantero
73;2207;17;Delantero
73;2275;19;Delantero
73;2252;21;Delantero
74;2528;1;Arquero
74;2542;16;Arquero
74;2555;23;Arquero
74;2564;2;Defensor
74;2529;3;Defensor
74;2562;4;Defensor
74;2524;7;Defensor
74;2526;17;Defensor
74;2536;18;Defensor
74;2527;22;Defensor
74;2569;5;Mediocampista
74;2530;6;Mediocampista
74;2560;9;Mediocampista
74;2535;14;Mediocampista
74;2547;15;Mediocampista
74;2563;19;Mediocampista
74;2533;20;Mediocampista
74;2549;8;Delantero
74;2543;10;Delantero
74;2539;11;Delantero
74;2531;12;Delantero
74;2565;13;Delantero
74;2558;21;Delantero
75;4147;1;Arquero
75;4137;12;Arquero
75;4142;13;Arquero
75;4180;3;Defensor
75;4156;4;Defensor
75;4162;5;Defensor
75;4183;11;Defensor
75;4177;15;Defensor
75;4166;19;Defensor
75;4139;20;Defensor
75;4155;2;Mediocampista
75;4181;6;Mediocampista
75;4151;8;Mediocampista
75;4144;10;Mediocampista
75;4133;16;Mediocampista
75;4135;18;Mediocampista
75;4148;21;Mediocampista
75;4171;22;Mediocampista
75;4176;23;Mediocampista
75;4170;7;Delantero
75;4160;9;Delantero
75;4169;14;Delantero
75;4136;17;Delantero
76;5296;1;Arquero
76;5332;12;Arquero
76;5273;23;Arquero
76;5363;2;Defensor
76;5345;3;Defensor
76;5320;5;Defensor
76;5315;6;Defensor
76;5266;14;Defensor
76;5300;15;Defensor
76;5283;19;Defensor
76;5346;21;Defensor
76;5372;22;Defensor
76;5271;7;Mediocampista
76;5297;8;Mediocampista
76;5291;10;Mediocampista
76;5367;16;Mediocampista
76;5275;17;Mediocampista
76;5279;4;Delantero
76;5337;9;Delantero
76;5293;11;Delantero
76;5338;13;Delantero
76;5341;18;Delantero
76;5343;20;Delantero
77;2642;1;Arquero
77;2647;18;Arquero
77;2587;23;Arquero
77;2571;2;Defensor
77;2613;3;Defensor
77;2664;4;Defensor
77;2604;6;Defensor
77;2641;8;Defensor
77;2608;12;Defensor
77;2602;15;Defensor
77;2610;16;Defensor
77;2636;19;Defensor
77;2582;5;Mediocampista
77;2581;7;Mediocampista
77;2578;11;Mediocampista
77;2616;13;Mediocampista
77;2662;17;Mediocampista
77;2585;20;Mediocampista
77;2600;22;Mediocampista
77;2588;9;Delantero
77;2653;10;Delantero
77;2583;14;Delantero
77;2665;21;Delantero
78;4525;1;Arquero
78;4513;13;Arquero
78;4512;22;Arquero
78;4547;2;Defensor
78;4442;3;Defensor
78;4470;5;Defensor
78;4543;6;Defensor
78;4632;12;Defensor
78;4548;16;Defensor
78;4625;23;Defensor
78;4519;4;Mediocampista
78;4666;7;Mediocampista
78;4557;8;Mediocampista
78;4528;14;Mediocampista
78;4597;15;Mediocampista
78;4583;17;Mediocampista
78;4555;20;Mediocampista
78;4446;21;Mediocampista
78;4644;9;Delantero
78;4617;10;Delantero
78;4661;11;Delantero
78;4556;18;Delantero
78;4638;19;Delantero
79;5002;1;Arquero
79;5209;12;Arquero
79;5171;13;Arquero
79;5050;2;Defensor
79;5028;3;Defensor
79;5044;4;Defensor
79;4957;7;Defensor
79;4983;15;Defensor
79;4998;19;Defensor
79;5158;20;Defensor
79;5144;5;Mediocampista
79;5010;6;Mediocampista
79;5122;8;Mediocampista
79;4973;14;Mediocampista
79;5048;16;Mediocampista
79;5163;18;Mediocampista
79;5176;21;Mediocampista
79;5227;23;Mediocampista
79;4978;9;Delantero
79;5019;10;Delantero
79;5025;11;Delantero
79;5100;17;Delantero
79;5101;22;Delantero
80;8369;1;Arquero
80;8367;12;Arquero
80;8433;23;Arquero
80;8340;2;Defensor
80;8314;3;Defensor
80;8306;4;Defensor
80;8313;13;Defensor
80;8387;16;Defensor
80;8274;19;Defensor
80;8258;22;Defensor
80;8309;5;Mediocampista
80;8385;6;Mediocampista
80;8409;7;Mediocampista
80;8338;14;Mediocampista
80;8389;15;Mediocampista
80;8243;17;Mediocampista
80;8396;18;Mediocampista
80;8319;20;Mediocampista
80;8328;8;Delantero
80;8441;9;Delantero
80;8303;10;Delantero
80;8440;11;Delantero
80;8272;21;Delantero
81;2906;1;Arquero
81;2908;12;Arquero
81;2919;22;Arquero
81;2929;2;Defensor
81;2920;3;Defensor
81;2950;4;Defensor
81;2904;10;Defensor
81;2905;18;Defensor
81;2895;21;Defensor
81;2934;5;Mediocampista
81;2946;6;Mediocampista
81;2944;7;Mediocampista
81;2941;8;Mediocampista
81;2943;14;Mediocampista
81;2900;15;Mediocampista
81;2969;16;Mediocampista
81;2963;19;Mediocampista
81;2939;20;Mediocampista
81;2928;23;Mediocampista
81;2961;9;Delantero
81;2911;11;Delantero
81;2970;13;Delantero
81;2902;17;Delantero
82;3902;1;Arquero
82;3953;16;Arquero
82;3888;23;Arquero
82;3814;2;Defensor
82;3836;3;Defensor
82;3989;4;Defensor
82;3959;5;Defensor
82;3911;13;Defensor
82;3956;15;Defensor
82;3827;17;Defensor
82;3882;21;Defensor
82;3785;6;Mediocampista
82;3786;7;Mediocampista
82;3987;8;Mediocampista
82;3856;11;Mediocampista
82;3917;12;Mediocampista
82;3916;14;Mediocampista
82;3967;18;Mediocampista
82;3939;19;Mediocampista
82;3961;22;Mediocampista
82;3849;9;Delantero
82;3768;10;Delantero
82;3945;20;Delantero
83;4238;1;Arquero
83;4259;18;Arquero
83;4226;22;Arquero
83;4218;2;Defensor
83;4229;3;Defensor
83;4244;4;Defensor
83;4211;5;Defensor
83;4230;6;Defensor
83;4236;7;Defensor
83;4209;21;Defensor
83;4251;8;Mediocampista
83;4240;10;Mediocampista
83;4224;12;Mediocampista
83;4231;14;Mediocampista
83;4227;15;Mediocampista
83;4245;17;Mediocampista
83;4232;19;Mediocampista
83;4219;20;Mediocampista
83;4217;23;Mediocampista
83;4249;9;Delantero
83;4210;11;Delantero
83;4221;13;Delantero
83;4241;16;Delantero
84;7820;1;Arquero
84;7963;12;Arquero
84;7833;21;Arquero
84;7910;2;Defensor
84;8001;3;Defensor
84;7958;4;Defensor
84;7983;5;Defensor
84;7905;6;Defensor
84;7948;13;Defensor
84;7843;20;Defensor
84;7952;22;Defensor
84;7817;7;Mediocampista
84;7892;8;Mediocampista
84;7998;10;Mediocampista
84;7819;11;Mediocampista
84;7971;14;Mediocampista
84;7846;15;Mediocampista
84;7859;16;Mediocampista
84;7960;23;Mediocampista
84;7957;9;Delantero
84;7872;17;Delantero
84;7919;18;Delantero
84;7844;19;Delantero
85;750;1;Arquero
85;699;12;Arquero
85;525;21;Arquero
85;629;2;Defensor
85;570;3;Defensor
85;806;4;Defensor
85;600;15;Defensor
85;747;16;Defensor
85;616;17;Defensor
85;542;23;Defensor
85;623;5;Mediocampista
85;551;6;Mediocampista
85;602;7;Mediocampista
85;722;8;Mediocampista
85;745;11;Mediocampista
85;614;13;Mediocampista
85;678;14;Mediocampista
85;524;19;Mediocampista
85;646;9;Delantero
85;682;10;Delantero
85;708;18;Delantero
85;515;20;Delantero
85;659;22;Delantero
86;1317;1;Arquero
86;1321;12;Arquero
86;1316;22;Arquero
86;1319;3;Defensor
86;1333;4;Defensor
86;1326;5;Defensor
86;1337;6;Defensor
86;1318;7;Defensor
86;1334;15;Defensor
86;1338;2;Mediocampista
86;1331;8;Mediocampista
86;1329;10;Mediocampista
86;1330;13;Mediocampista
86;1335;14;Mediocampista
86;1327;16;Mediocampista
86;1325;17;Mediocampista
86;1328;18;Mediocampista
86;1323;20;Mediocampista
86;1322;21;Mediocampista
86;1332;23;Mediocampista
86;1324;9;Delantero
86;1320;11;Delantero
86;1336;19;Delantero
87;4680;1;Arquero
87;4714;12;Arquero
87;4698;22;Arquero
87;4722;4;Defensor
87;4773;5;Defensor
87;4743;13;Defensor
87;4750;15;Defensor
87;4682;17;Defensor
87;4689;19;Defensor
87;4691;20;Defensor
87;4765;23;Defensor
87;4720;2;Mediocampista
87;4716;3;Mediocampista
87;4756;6;Mediocampista
87;4778;7;Mediocampista
87;4715;8;Mediocampista
87;4713;11;Mediocampista
87;4782;14;Mediocampista
87;4767;18;Mediocampista
87;4699;21;Mediocampista
87;4724;9;Delantero
87;4684;10;Delantero
87;4711;16;Delantero
88;5815;1;Arquero
88;5810;16;Arquero
88;5784;21;Arquero
88;5882;2;Defensor
88;5792;5;Defensor
88;5809;6;Defensor
88;5849;12;Defensor
88;5866;13;Defensor
88;5846;14;Defensor
88;5861;22;Defensor
88;5878;3;Mediocampista
88;5820;4;Mediocampista
88;5843;10;Mediocampista
88;5798;15;Mediocampista
88;5862;17;Mediocampista
88;5800;18;Mediocampista
88;5837;7;Delantero
88;5847;8;Delantero
88;5814;9;Delantero
88;5836;11;Delantero
88;5841;19;Delantero
88;5875;20;Delantero
88;5793;23;Delantero
89;196;1;Arquero
89;292;12;Arquero
89;280;22;Arquero
89;80;2;Defensor
89;72;3;Defensor
89;114;4;Defensor
89;116;5;Defensor
89;50;15;Defensor
89;180;17;Defensor
89;26;20;Defensor
89;194;21;Defensor
89;134;6;Mediocampista
89;246;7;Mediocampista
89;206;8;Mediocampista
89;48;14;Mediocampista
89;162;16;Mediocampista
89;155;18;Mediocampista
89;151;23;Mediocampista
89;243;9;Delantero
89;214;10;Delantero
89;142;11;Delantero
89;192;13;Delantero
89;77;19;Delantero
90;3655;1;Arquero
90;3646;12;Arquero
90;3709;22;Arquero
90;3742;2;Defensor
90;3643;3;Defensor
90;3589;5;Defensor
90;3596;6;Defensor
90;3585;7;Defensor
90;3601;20;Defensor
90;3603;21;Defensor
90;3658;23;Defensor
90;3595;4;Mediocampista
90;3623;10;Mediocampista
90;3587;11;Mediocampista
90;3661;13;Mediocampista
90;3615;14;Mediocampista
90;3586;15;Mediocampista
90;3645;16;Mediocampista
90;3744;19;Mediocampista
90;3619;8;Delantero
90;3656;9;Delantero
90;3577;17;Delantero
90;3738;18;Delantero
91;4052;1;Arquero
91;4091;12;Arquero
91;4080;16;Arquero
91;4085;2;Defensor
91;4101;4;Defensor
91;4119;15;Defensor
91;4096;19;Defensor
91;4077;21;Defensor
91;4059;23;Defensor
91;4083;5;Mediocampista
91;4051;6;Mediocampista
91;4071;7;Mediocampista
91;4062;8;Mediocampista
91;4072;10;Mediocampista
91;4098;11;Mediocampista
91;4058;14;Mediocampista
91;4110;17;Mediocampista
91;4069;20;Mediocampista
91;4123;22;Mediocampista
91;4084;3;Delantero
91;4076;9;Delantero
91;4074;13;Delantero
91;4124;18;Delantero
92;6639;1;Arquero
92;6698;12;Arquero
92;6615;22;Arquero
92;6607;2;Defensor
92;6623;5;Defensor
92;6626;13;Defensor
92;6690;14;Defensor
92;6604;19;Defensor
92;6708;21;Defensor
92;6706;3;Mediocampista
92;6738;4;Mediocampista
92;6622;6;Mediocampista
92;6687;8;Mediocampista
92;6740;10;Mediocampista
92;6715;15;Mediocampista
92;6681;16;Mediocampista
92;6688;17;Mediocampista
92;6609;20;Mediocampista
92;6721;7;Delantero
92;6605;9;Delantero
92;6638;11;Delantero
92;6737;18;Delantero
92;6712;23;Delantero
93;500;1;Arquero
93;508;16;Arquero
93;483;23;Arquero
93;452;2;Defensor
93;470;3;Defensor
93;442;4;Defensor
93;473;5;Defensor
93;496;6;Defensor
93;492;12;Defensor
93;455;17;Defensor
93;486;20;Defensor
93;507;7;Mediocampista
93;480;8;Mediocampista
93;454;11;Mediocampista
93;450;14;Mediocampista
93;461;18;Mediocampista
93;503;19;Mediocampista
93;497;22;Mediocampista
93;469;9;Delantero
93;465;10;Delantero
93;501;13;Delantero
93;502;15;Delantero
93;485;21;Delantero
94;1080;1;Arquero
94;1156;12;Arquero
94;1054;13;Arquero
94;1043;2;Defensor
94;1242;3;Defensor
94;1142;4;Defensor
94;1247;5;Defensor
94;1208;15;Defensor
94;1146;18;Defensor
94;1229;21;Defensor
94;1073;23;Defensor
94;1257;6;Mediocampista
94;1087;7;Mediocampista
94;1118;8;Mediocampista
94;1127;10;Mediocampista
94;1154;14;Mediocampista
94;1101;16;Mediocampista
94;1103;19;Mediocampista
94;1139;20;Mediocampista
94;1071;22;Mediocampista
94;1147;9;Delantero
94;1159;11;Delantero
94;1171;17;Delantero
95;2409;1;Arquero
95;2441;21;Arquero
95;2456;23;Arquero
95;2418;2;Defensor
95;2520;3;Defensor
95;2453;4;Defensor
95;2449;5;Defensor
95;2397;6;Defensor
95;2477;12;Defensor
95;2391;20;Defensor
95;2498;22;Defensor
95;2416;7;Mediocampista
95;2384;8;Mediocampista
95;2452;13;Mediocampista
95;2388;14;Mediocampista
95;2497;15;Mediocampista
95;2415;16;Mediocampista
95;2458;17;Mediocampista
95;2507;9;Delantero
95;2493;10;Delantero
95;2467;11;Delantero
95;2442;18;Delantero
95;2405;19;Delantero
96;7047;1;Arquero
96;7146;12;Arquero
96;7183;16;Arquero
96;7133;2;Defensor
96;7188;3;Defensor
96;7106;4;Defensor
96;7190;5;Defensor
96;7104;13;Defensor
96;7059;14;Defensor
96;7223;22;Defensor
96;7084;7;Mediocampista
96;7101;8;Mediocampista
96;7087;10;Mediocampista
96;7160;15;Mediocampista
96;7196;17;Mediocampista
96;7228;18;Mediocampista
96;7187;19;Mediocampista
96;7090;20;Mediocampista
96;7108;21;Mediocampista
96;7128;23;Mediocampista
96;7113;6;Delantero
96;7127;9;Delantero
96;7117;11;Delantero
97;3902;1;Arquero
97;3910;16;Arquero
97;3791;23;Arquero
97;3956;2;Defensor
97;3746;3;Defensor
97;3946;4;Defensor
97;3843;5;Defensor
97;3937;6;Defensor
97;3836;13;Defensor
97;3970;17;Defensor
97;3801;22;Defensor
97;3854;8;Mediocampista
97;3981;14;Mediocampista
97;3909;15;Mediocampista
97;3826;18;Mediocampista
97;3824;19;Mediocampista
97;3947;7;Delantero
97;3800;9;Delantero
97;3855;10;Delantero
97;3846;11;Delantero
97;3863;12;Delantero
97;3987;20;Delantero
97;3750;21;Delantero
98;5704;1;Arquero
98;5685;13;Arquero
98;5667;23;Arquero
98;5725;2;Defensor
98;5741;3;Defensor
98;5656;4;Defensor
98;5692;5;Defensor
98;5513;12;Defensor
98;5672;15;Defensor
98;5641;16;Defensor
98;5654;19;Defensor
98;5759;6;Mediocampista
98;5561;8;Mediocampista
98;5617;18;Mediocampista
98;5761;20;Mediocampista
98;5532;7;Delantero
98;5600;9;Delantero
98;5538;10;Delantero
98;5771;11;Delantero
98;5632;14;Delantero
98;5587;17;Delantero
98;5534;21;Delantero
98;5660;22;Delantero
99;7552;1;Arquero
99;7556;16;Arquero
99;7593;22;Arquero
99;7548;2;Defensor
99;7561;3;Defensor
99;7569;4;Defensor
99;7578;5;Defensor
99;7540;14;Defensor
99;7590;15;Defensor
99;7554;20;Defensor
99;7587;21;Defensor
99;7588;6;Mediocampista
99;7543;7;Mediocampista
99;7591;8;Mediocampista
99;7584;10;Mediocampista
99;7568;11;Mediocampista
99;7559;12;Mediocampista
99;7544;13;Mediocampista
99;7573;19;Mediocampista
99;7553;23;Mediocampista
99;7576;9;Delantero
99;7582;17;Delantero
99;7579;18;Delantero
100;8369;1;Arquero
100;8268;12;Arquero
100;8433;23;Arquero
100;8340;2;Defensor
100;8314;3;Defensor
100;8306;4;Defensor
100;8459;6;Defensor
100;8387;16;Defensor
100;8428;19;Defensor
100;8258;22;Defensor
100;8309;5;Mediocampista
100;8293;8;Mediocampista
100;8385;11;Mediocampista
100;8338;14;Mediocampista
100;8389;15;Mediocampista
100;8243;17;Mediocampista
100;8321;18;Mediocampista
100;8297;20;Mediocampista
100;8272;7;Delantero
100;8441;9;Delantero
100;8303;10;Delantero
100;8231;13;Delantero
100;8300;21;Delantero
101;734;1;Arquero
101;525;21;Arquero
101;750;22;Arquero
101;600;2;Defensor
101;742;3;Defensor
101;562;4;Defensor
101;643;6;Defensor
101;630;12;Defensor
101;760;13;Defensor
101;703;15;Defensor
101;554;5;Mediocampista
101;602;7;Mediocampista
101;800;8;Mediocampista
101;678;14;Mediocampista
101;641;17;Mediocampista
101;745;20;Mediocampista
101;715;23;Mediocampista
101;646;9;Delantero
101;682;10;Delantero
101;786;11;Delantero
101;515;16;Delantero
101;710;18;Delantero
101;684;19;Delantero
102;2476;1;Arquero
102;2409;18;Arquero
102;2447;21;Arquero
102;2489;2;Defensor
102;2423;3;Defensor
102;2358;4;Defensor
102;2479;12;Defensor
102;2465;14;Defensor
102;2422;15;Defensor
102;2350;22;Defensor
102;2414;23;Defensor
102;2435;5;Mediocampista
102;2416;6;Mediocampista
102;2496;7;Mediocampista
102;2431;8;Mediocampista
102;2424;13;Mediocampista
102;2415;16;Mediocampista
102;2458;17;Mediocampista
102;2514;19;Mediocampista
102;2345;9;Delantero
102;2493;10;Delantero
102;2473;11;Delantero
102;2459;20;Delantero
103;4131;1;Arquero
103;4182;12;Arquero
103;4174;13;Arquero
103;4173;2;Defensor
103;4167;3;Defensor
103;4175;4;Defensor
103;4162;5;Defensor
103;4165;8;Defensor
103;4183;11;Defensor
103;4177;15;Defensor
103;4152;16;Defensor
103;4166;19;Defensor
103;4154;22;Defensor
103;4181;6;Mediocampista
103;4144;10;Mediocampista
103;4163;18;Mediocampista
103;4148;21;Mediocampista
103;4168;23;Mediocampista
103;4170;7;Delantero
103;4132;9;Delantero
103;4169;14;Delantero
103;4136;17;Delantero
103;4141;20;Delantero
104;5815;1;Arquero
104;5810;16;Arquero
104;5789;23;Arquero
104;5882;2;Defensor
104;5872;3;Defensor
104;5783;5;Defensor
104;5868;6;Defensor
104;5848;17;Defensor
104;5807;21;Defensor
104;5781;22;Defensor
104;5832;4;Mediocampista
104;5874;12;Mediocampista
104;5797;13;Mediocampista
104;5831;14;Mediocampista
104;5822;15;Mediocampista
104;5817;20;Mediocampista
104;5877;7;Delantero
104;5788;8;Delantero
104;5835;9;Delantero
104;5823;10;Delantero
104;5847;11;Delantero
104;5844;18;Delantero
104;5851;19;Delantero
105;467;1;Arquero
105;458;16;Arquero
105;483;23;Arquero
105;452;2;Defensor
105;441;3;Defensor
105;506;4;Defensor
105;473;5;Defensor
105;443;12;Defensor
105;481;14;Defensor
105;492;18;Defensor
105;496;20;Defensor
105;488;6;Mediocampista
105;451;7;Mediocampista
105;480;8;Mediocampista
105;490;13;Mediocampista
105;509;15;Mediocampista
105;471;17;Mediocampista
105;507;19;Mediocampista
105;477;21;Mediocampista
105;438;22;Mediocampista
105;468;9;Delantero
105;499;10;Delantero
105;462;11;Delantero
106;3276;1;Arquero
106;3275;12;Arquero
106;3299;16;Arquero
106;3263;2;Defensor
106;3271;3;Defensor
106;3302;4;Defensor
106;3267;5;Defensor
106;3277;6;Defensor
106;3278;13;Defensor
106;3272;19;Defensor
106;3287;22;Defensor
106;3283;8;Mediocampista
106;3262;10;Mediocampista
106;3284;15;Mediocampista
106;3280;17;Mediocampista
106;3296;18;Mediocampista
106;3282;20;Mediocampista
106;3301;21;Mediocampista
106;3295;7;Delantero
106;3285;9;Delantero
106;3291;11;Delantero
106;3270;14;Delantero
106;3286;23;Delantero
107;3655;1;Arquero
107;3646;18;Arquero
107;3647;23;Arquero
107;3721;2;Defensor
107;3591;3;Defensor
107;3695;5;Defensor
107;3604;6;Defensor
107;3594;12;Defensor
107;3618;15;Defensor
107;3644;21;Defensor
107;3595;4;Mediocampista
107;3585;7;Mediocampista
107;3619;8;Mediocampista
107;3625;10;Mediocampista
107;3653;11;Mediocampista
107;3606;13;Mediocampista
107;3725;16;Mediocampista
107;3629;19;Mediocampista
107;3631;22;Mediocampista
107;3641;9;Delantero
107;3598;14;Delantero
107;3577;17;Delantero
107;3634;20;Delantero
108;4544;1;Arquero
108;4523;12;Arquero
108;4525;23;Arquero
108;4547;2;Defensor
108;4486;3;Defensor
108;4507;5;Defensor
108;4648;6;Defensor
108;4658;13;Defensor
108;4651;15;Defensor
108;4473;18;Defensor
108;4553;20;Defensor
108;4519;4;Mediocampista
108;4561;7;Mediocampista
108;4557;8;Mediocampista
108;4487;11;Mediocampista
108;4448;14;Mediocampista
108;4583;16;Mediocampista
108;4675;17;Mediocampista
108;4474;22;Mediocampista
108;4492;9;Delantero
108;4617;10;Delantero
108;4493;19;Delantero
108;4529;21;Delantero
109;196;1;Arquero
109;284;12;Arquero
109;40;22;Arquero
109;65;3;Defensor
109;7;4;Defensor
109;265;5;Defensor
109;12;14;Defensor
109;162;16;Defensor
109;180;17;Defensor
109;26;20;Defensor
109;124;2;Mediocampista
109;134;6;Mediocampista
109;246;7;Mediocampista
109;206;8;Mediocampista
109;192;13;Mediocampista
109;270;15;Mediocampista
109;155;18;Mediocampista
109;176;21;Mediocampista
109;135;9;Delantero
109;214;10;Delantero
109;142;11;Delantero
109;41;19;Delantero
109;75;23;Delantero
110;894;1;Arquero
110;836;12;Arquero
110;849;18;Arquero
110;877;2;Defensor
110;874;3;Defensor
110;816;6;Defensor
110;911;8;Defensor
110;825;11;Defensor
110;873;20;Defensor
110;824;21;Defensor
110;827;5;Mediocampista
110;835;7;Mediocampista
110;841;13;Mediocampista
110;848;15;Mediocampista
110;904;16;Mediocampista
110;905;22;Mediocampista
110;822;4;Delantero
110;854;9;Delantero
110;855;10;Delantero
110;845;14;Delantero
110;890;17;Delantero
110;839;19;Delantero
110;820;23;Delantero
111;4061;1;Arquero
111;4063;16;Arquero
111;4088;22;Arquero
111;4113;2;Defensor
111;4105;4;Defensor
111;4095;5;Defensor
111;4085;7;Defensor
111;4096;8;Defensor
111;4122;15;Defensor
111;4073;17;Defensor
111;4055;19;Defensor
111;4067;6;Mediocampista
111;4075;9;Mediocampista
111;4068;10;Mediocampista
111;4098;11;Mediocampista
111;4072;13;Mediocampista
111;4069;21;Mediocampista
111;4084;3;Delantero
111;4121;12;Delantero
111;4066;14;Delantero
111;4056;18;Delantero
111;4104;20;Delantero
111;4076;23;Delantero
112;7504;1;Arquero
112;7357;12;Arquero
112;7328;23;Arquero
112;7478;2;Defensor
112;7382;3;Defensor
112;7520;5;Defensor
112;7358;6;Defensor
112;7404;13;Defensor
112;7441;16;Defensor
112;7505;20;Defensor
112;7376;4;Mediocampista
112;7517;7;Mediocampista
112;7495;10;Mediocampista
112;7419;11;Mediocampista
112;7369;14;Mediocampista
112;7391;17;Mediocampista
112;7439;18;Mediocampista
112;7462;19;Mediocampista
112;7396;22;Mediocampista
112;7397;8;Delantero
112;7450;9;Delantero
112;7532;15;Delantero
112;7432;21;Delantero
113;1851;1;Arquero
113;1843;16;Arquero
113;1887;22;Arquero
113;1808;2;Defensor
113;1895;3;Defensor
113;1913;4;Defensor
113;1811;5;Defensor
113;1842;8;Defensor
113;1814;12;Defensor
113;1817;14;Defensor
113;1870;19;Defensor
113;1912;6;Mediocampista
113;1880;7;Mediocampista
113;1863;11;Mediocampista
113;1831;18;Mediocampista
113;1864;20;Mediocampista
113;1867;21;Mediocampista
113;1835;9;Delantero
113;1828;10;Delantero
113;1818;13;Delantero
113;1924;15;Delantero
113;1845;17;Delantero
113;1802;23;Delantero
114;2886;1;Arquero
114;2788;16;Arquero
114;2802;22;Arquero
114;2835;3;Defensor
114;2785;4;Defensor
114;2825;6;Defensor
114;2840;13;Defensor
114;2870;15;Defensor
114;2859;23;Defensor
114;2868;2;Mediocampista
114;2841;5;Mediocampista
114;2827;7;Mediocampista
114;2830;10;Mediocampista
114;2833;12;Mediocampista
114;2869;14;Mediocampista
114;2810;20;Mediocampista
114;2811;21;Mediocampista
114;2818;8;Delantero
114;2889;9;Delantero
114;2793;11;Delantero
114;2792;17;Delantero
114;2842;18;Delantero
114;2874;19;Delantero
115;5331;1;Arquero
115;5296;21;Arquero
115;5295;23;Arquero
115;5299;3;Defensor
115;5358;4;Defensor
115;5320;5;Defensor
115;5363;6;Defensor
115;5289;13;Defensor
115;5300;15;Defensor
115;5328;22;Defensor
115;5264;2;Mediocampista
115;5271;7;Mediocampista
115;5308;8;Mediocampista
115;5323;10;Mediocampista
115;5321;14;Mediocampista
115;5275;17;Mediocampista
115;5279;18;Mediocampista
115;5282;20;Mediocampista
115;5337;9;Delantero
115;5356;11;Delantero
115;5371;12;Delantero
115;5338;16;Delantero
115;5313;19;Delantero
116;6111;1;Arquero
116;6156;16;Arquero
116;5995;22;Arquero
116;6132;2;Defensor
116;6040;3;Defensor
116;6073;4;Defensor
116;6125;5;Defensor
116;5998;12;Defensor
116;6082;13;Defensor
116;5999;15;Defensor
116;6123;6;Mediocampista
116;6016;8;Mediocampista
116;6108;10;Mediocampista
116;6023;14;Mediocampista
116;6101;18;Mediocampista
116;5982;20;Mediocampista
116;6130;23;Mediocampista
116;6064;7;Delantero
116;6145;9;Delantero
116;6098;11;Delantero
116;6028;17;Delantero
116;5985;19;Delantero
116;6045;21;Delantero
117;3248;1;Arquero
117;3250;12;Arquero
117;3246;23;Arquero
117;3249;2;Defensor
117;3255;3;Defensor
117;3238;4;Defensor
117;3260;5;Defensor
117;3239;16;Defensor
117;3252;21;Defensor
117;3251;22;Defensor
117;3257;6;Mediocampista
117;3259;7;Mediocampista
117;3245;8;Mediocampista
117;3253;10;Mediocampista
117;3256;15;Mediocampista
117;3240;17;Mediocampista
117;3247;19;Mediocampista
117;3244;20;Mediocampista
117;3254;9;Delantero
117;3258;11;Delantero
117;3241;13;Delantero
117;3242;14;Delantero
117;3243;18;Delantero
118;5002;1;Arquero
118;5121;12;Arquero
118;5049;14;Arquero
118;5112;2;Defensor
118;5042;3;Defensor
118;5028;4;Defensor
118;5011;5;Defensor
118;4995;13;Defensor
118;5237;19;Defensor
118;4998;23;Defensor
118;5048;6;Mediocampista
118;5168;7;Mediocampista
118;5084;8;Mediocampista
118;5122;15;Mediocampista
118;5008;16;Mediocampista
118;5159;17;Mediocampista
118;5176;21;Mediocampista
118;5138;22;Mediocampista
118;5099;9;Delantero
118;5059;10;Delantero
118;5090;11;Delantero
118;5184;18;Delantero
118;5166;20;Delantero
119;5966;1;Arquero
119;5963;12;Arquero
119;5939;23;Arquero
119;5970;2;Defensor
119;5958;3;Defensor
119;5968;4;Defensor
119;5978;5;Defensor
119;5965;6;Defensor
119;5943;18;Defensor
119;5973;19;Defensor
119;5952;7;Mediocampista
119;5946;8;Mediocampista
119;5941;11;Mediocampista
119;5940;13;Mediocampista
119;5961;15;Mediocampista
119;5948;16;Mediocampista
119;5964;17;Mediocampista
119;5947;21;Mediocampista
119;5972;9;Delantero
119;5957;10;Delantero
119;5954;14;Delantero
119;5980;20;Delantero
119;5945;22;Delantero
120;6338;1;Arquero
120;6213;12;Arquero
120;6223;22;Arquero
120;6335;2;Defensor
120;6293;3;Defensor
120;6238;4;Defensor
120;6231;5;Defensor
120;6250;14;Defensor
120;6329;17;Defensor
120;6200;21;Defensor
120;6224;6;Mediocampista
120;6214;8;Mediocampista
120;6319;11;Mediocampista
120;6334;13;Mediocampista
120;6232;15;Mediocampista
120;6310;16;Mediocampista
120;6300;20;Mediocampista
120;6241;7;Delantero
120;6318;9;Delantero
120;6217;10;Delantero
120;6331;18;Delantero
120;6215;19;Delantero
120;6265;23;Delantero
121;1503;1;Arquero
121;1473;12;Arquero
121;1427;22;Arquero
121;1532;2;Defensor
121;1522;3;Defensor
121;1500;4;Defensor
121;1552;6;Defensor
121;1356;13;Defensor
121;1525;14;Defensor
121;1638;15;Defensor
121;1468;16;Defensor
121;1450;5;Mediocampista
121;1441;7;Mediocampista
121;1469;8;Mediocampista
121;1513;10;Mediocampista
121;1499;17;Mediocampista
121;1601;18;Mediocampista
121;1502;19;Mediocampista
121;1514;20;Mediocampista
121;1523;9;Delantero
121;1621;11;Delantero
121;1566;21;Delantero
121;1475;23;Delantero
122;2341;1;Arquero
122;2317;18;Arquero
122;2318;20;Arquero
122;2303;2;Defensor
122;2338;3;Defensor
122;2339;5;Defensor
122;2309;8;Defensor
122;2330;13;Defensor
122;2334;14;Defensor
122;2328;16;Defensor
122;2340;21;Defensor
122;2333;4;Mediocampista
122;2315;6;Mediocampista
122;2327;11;Mediocampista
122;2320;15;Mediocampista
122;2302;17;Mediocampista
122;2337;19;Mediocampista
122;2316;22;Mediocampista
122;2336;23;Mediocampista
122;2300;7;Delantero
122;2310;9;Delantero
122;2307;10;Delantero
122;2304;12;Delantero
123;2528;1;Arquero
123;2568;16;Arquero
123;2567;23;Arquero
123;2525;2;Defensor
123;2529;3;Defensor
123;2562;4;Defensor
123;2545;6;Defensor
123;2559;17;Defensor
123;2532;20;Defensor
123;2540;21;Defensor
123;2527;22;Defensor
123;2569;5;Mediocampista
123;2560;9;Mediocampista
123;2546;12;Mediocampista
123;2557;13;Mediocampista
123;2553;14;Mediocampista
123;2563;19;Mediocampista
123;2538;7;Delantero
123;2549;8;Delantero
123;2543;10;Delantero
123;2539;11;Delantero
123;2534;15;Delantero
123;2550;18;Delantero
124;6639;1;Arquero
124;6615;12;Arquero
124;6632;22;Arquero
124;6607;2;Defensor
124;6701;3;Defensor
124;6720;4;Defensor
124;6637;5;Defensor
124;6719;6;Defensor
124;6683;13;Defensor
124;6626;21;Defensor
124;6623;23;Defensor
124;6705;8;Mediocampista
124;6738;14;Mediocampista
124;6706;15;Mediocampista
124;6681;16;Mediocampista
124;6609;17;Mediocampista
124;6735;19;Mediocampista
124;6634;20;Mediocampista
124;6721;7;Delantero
124;6673;9;Delantero
124;6633;10;Delantero
124;6731;11;Delantero
124;6605;18;Delantero
125;2019;1;Arquero
125;2107;12;Arquero
125;2081;23;Arquero
125;2055;2;Defensor
125;2109;3;Defensor
125;2070;4;Defensor
125;2031;5;Defensor
125;2083;17;Defensor
125;2071;18;Defensor
125;2023;6;Mediocampista
125;2164;8;Mediocampista
125;2157;10;Mediocampista
125;2046;13;Mediocampista
125;2050;14;Mediocampista
125;2051;19;Mediocampista
125;2085;20;Mediocampista
125;2148;21;Mediocampista
125;2136;7;Delantero
125;2144;9;Delantero
125;2063;11;Delantero
125;2015;15;Delantero
125;2099;16;Delantero
125;2104;22;Delantero
126;3354;1;Arquero
126;3555;12;Arquero
126;3509;23;Arquero
126;3314;2;Defensor
126;3490;3;Defensor
126;3450;4;Defensor
126;3496;5;Defensor
126;3349;11;Defensor
126;3503;15;Defensor
126;3326;17;Defensor
126;3411;6;Mediocampista
126;3565;8;Mediocampista
126;3379;10;Mediocampista
126;3319;14;Mediocampista
126;3341;16;Mediocampista
126;3454;20;Mediocampista
126;3538;21;Mediocampista
126;3561;7;Delantero
126;3546;9;Delantero
126;3455;13;Delantero
126;3486;18;Delantero
126;3437;19;Delantero
126;3471;22;Delantero
127;4216;1;Arquero
127;4259;18;Arquero
127;4226;22;Arquero
127;4218;2;Defensor
127;4229;3;Defensor
127;4250;4;Defensor
127;4211;5;Defensor
127;4231;14;Defensor
127;4253;16;Defensor
127;4236;21;Defensor
127;4243;23;Defensor
127;4256;6;Mediocampista
127;4248;7;Mediocampista
127;4251;8;Mediocampista
127;4206;17;Mediocampista
127;4258;19;Mediocampista
127;4233;20;Mediocampista
127;4252;9;Delantero
127;4249;10;Delantero
127;4255;11;Delantero
127;4261;12;Delantero
127;4227;13;Delantero
127;4242;15;Delantero
128;7820;1;Arquero
128;7995;12;Arquero
128;7909;21;Arquero
128;7910;2;Defensor
128;7915;3;Defensor
128;7958;4;Defensor
128;7983;5;Defensor
128;7878;13;Defensor
128;8001;17;Defensor
128;7847;22;Defensor
128;7891;6;Mediocampista
128;7817;7;Mediocampista
128;7892;8;Mediocampista
128;7819;11;Mediocampista
128;7933;14;Mediocampista
128;7999;15;Mediocampista
128;7859;16;Mediocampista
128;7955;20;Mediocampista
128;7960;23;Mediocampista
128;7863;9;Delantero
128;7927;10;Delantero
128;7832;18;Delantero
128;7842;19;Delantero
129;163;1;Arquero
129;127;12;Arquero
129;104;23;Arquero
129;124;2;Defensor
129;65;3;Defensor
129;117;4;Defensor
129;202;6;Defensor
129;162;16;Defensor
129;180;17;Defensor
129;181;21;Defensor
129;131;5;Mediocampista
129;246;7;Mediocampista
129;66;8;Mediocampista
129;13;13;Mediocampista
129;105;15;Mediocampista
129;30;18;Mediocampista
129;239;19;Mediocampista
129;204;22;Mediocampista
129;87;9;Delantero
129;198;10;Delantero
129;142;11;Delantero
129;8;14;Delantero
129;214;20;Delantero
130;2635;1;Arquero
130;2648;18;Arquero
130;2573;23;Arquero
130;2603;2;Defensor
130;2629;3;Defensor
130;2664;4;Defensor
130;2632;5;Defensor
130;2614;12;Defensor
130;2669;15;Defensor
130;2576;17;Defensor
130;2652;22;Defensor
130;2606;6;Mediocampista
130;2581;7;Mediocampista
130;2660;8;Mediocampista
130;2591;10;Mediocampista
130;2575;14;Mediocampista
130;2621;16;Mediocampista
130;2657;20;Mediocampista
130;2671;9;Delantero
130;2612;11;Delantero
130;2580;13;Delantero
130;2654;19;Delantero
130;2643;21;Delantero
131;2971;1;Arquero
131;2945;12;Arquero
131;2937;22;Arquero
131;2929;2;Defensor
131;2932;3;Defensor
131;2917;4;Defensor
131;2951;5;Defensor
131;2897;13;Defensor
131;2921;17;Defensor
131;2959;18;Defensor
131;2968;6;Mediocampista
131;2938;7;Mediocampista
131;2941;8;Mediocampista
131;2913;14;Mediocampista
131;2903;15;Mediocampista
131;2969;16;Mediocampista
131;2963;19;Mediocampista
131;2966;20;Mediocampista
131;2909;9;Delantero
131;2936;10;Delantero
131;2918;11;Delantero
131;2965;21;Delantero
131;2907;23;Delantero
132;6448;1;Arquero
132;6521;12;Arquero
132;6468;22;Arquero
132;6494;2;Defensor
132;6474;3;Defensor
132;6442;4;Defensor
132;6440;6;Defensor
132;6595;14;Defensor
132;6464;17;Defensor
132;6523;18;Defensor
132;6449;19;Defensor
132;6508;5;Mediocampista
132;6569;7;Mediocampista
132;6514;8;Mediocampista
132;6579;10;Mediocampista
132;6538;13;Mediocampista
132;6567;15;Mediocampista
132;6558;16;Mediocampista
132;6476;20;Mediocampista
132;6600;9;Delantero
132;6559;11;Delantero
132;6493;21;Delantero
132;6451;23;Delantero
133;4614;1;Arquero
133;4544;13;Arquero
133;4475;22;Arquero
133;4590;2;Defensor
133;4486;3;Defensor
133;4507;5;Defensor
133;4648;6;Defensor
133;4472;12;Defensor
133;4458;14;Defensor
133;4473;15;Defensor
133;4519;4;Mediocampista
133;4452;7;Mediocampista
133;4557;8;Mediocampista
133;4487;11;Mediocampista
133;4524;16;Mediocampista
133;4545;17;Mediocampista
133;4474;18;Mediocampista
133;4561;19;Mediocampista
133;4501;20;Mediocampista
133;4617;9;Delantero
133;4595;10;Delantero
133;4492;21;Delantero
133;4655;23;Delantero
134;6338;1;Arquero
134;6270;12;Arquero
134;6223;22;Arquero
134;6296;2;Defensor
134;6327;3;Defensor
134;6264;4;Defensor
134;6231;5;Defensor
134;6250;14;Defensor
134;6286;15;Defensor
134;6238;21;Defensor
134;6224;6;Mediocampista
134;6228;7;Mediocampista
134;6214;8;Mediocampista
134;6194;10;Mediocampista
134;6267;11;Mediocampista
134;6302;13;Mediocampista
134;6310;16;Mediocampista
134;6291;17;Mediocampista
134;6255;19;Mediocampista
134;6318;9;Delantero
134;6331;18;Delantero
134;6284;20;Delantero
134;6249;23;Delantero
135;7680;1;Arquero
135;7601;12;Arquero
135;7775;23;Arquero
135;7738;2;Defensor
135;7730;3;Defensor
135;7723;4;Defensor
135;7641;5;Defensor
135;7671;13;Defensor
135;7780;14;Defensor
135;7787;15;Defensor
135;7718;6;Mediocampista
135;7598;7;Mediocampista
135;7784;8;Mediocampista
135;7721;9;Mediocampista
135;7696;16;Mediocampista
135;7606;19;Mediocampista
135;7802;21;Mediocampista
135;7678;10;Delantero
135;7707;11;Delantero
135;7646;17;Delantero
135;7692;18;Delantero
135;7599;20;Delantero
135;7767;22;Delantero
136;8034;1;Arquero
136;8036;21;Arquero
136;8035;22;Arquero
136;8030;2;Defensor
136;8037;3;Defensor
136;8027;4;Defensor
136;8043;5;Defensor
136;8041;6;Defensor
136;8033;8;Defensor
136;8029;17;Defensor
136;8028;7;Mediocampista
136;8046;9;Mediocampista
136;8031;11;Mediocampista
136;8045;18;Mediocampista
136;8048;23;Mediocampista
136;8040;10;Delantero
136;8042;12;Delantero
136;8032;13;Delantero
136;8038;14;Delantero
136;8039;15;Delantero
136;8047;16;Delantero
136;8049;19;Delantero
136;8044;20;Delantero
137;511;1;Arquero
137;621;12;Arquero
137;792;23;Arquero
137;533;2;Defensor
137;775;3;Defensor
137;585;4;Defensor
137;643;6;Defensor
137;766;13;Defensor
137;685;15;Defensor
137;593;17;Defensor
137;562;21;Defensor
137;569;5;Mediocampista
137;678;8;Mediocampista
137;740;10;Mediocampista
137;516;16;Mediocampista
137;745;18;Mediocampista
137;638;22;Mediocampista
137;765;7;Delantero
137;589;9;Delantero
137;786;11;Delantero
137;708;14;Delantero
137;682;19;Delantero
137;590;20;Delantero
138;2561;1;Arquero
138;2544;16;Arquero
138;2528;23;Arquero
138;2529;3;Defensor
138;2562;4;Defensor
138;2554;6;Defensor
138;2556;12;Defensor
138;2570;13;Defensor
138;2537;17;Defensor
138;2540;21;Defensor
138;2523;2;Mediocampista
138;2569;5;Mediocampista
138;2541;7;Mediocampista
138;2566;10;Mediocampista
138;2550;18;Mediocampista
138;2563;19;Mediocampista
138;2532;20;Mediocampista
138;2557;22;Mediocampista
138;2548;8;Delantero
138;2551;9;Delantero
138;2539;11;Delantero
138;2552;14;Delantero
138;2534;15;Delantero
139;6129;1;Arquero
139;6117;22;Arquero
139;6111;23;Arquero
139;6047;2;Defensor
139;5998;3;Defensor
139;6073;4;Defensor
139;6125;5;Defensor
139;6062;12;Defensor
139;6082;13;Defensor
139;6040;14;Defensor
139;6010;15;Defensor
139;6065;6;Mediocampista
139;6004;8;Mediocampista
139;6130;10;Mediocampista
139;6070;16;Mediocampista
139;6123;18;Mediocampista
139;6108;20;Mediocampista
139;6064;7;Delantero
139;6144;9;Delantero
139;6098;11;Delantero
139;6145;17;Delantero
139;6152;19;Delantero
139;5985;21;Delantero
140;7367;1;Arquero
140;7387;12;Arquero
140;7504;23;Arquero
140;7332;3;Defensor
140;7520;5;Defensor
140;7343;6;Defensor
140;7305;13;Defensor
140;7324;14;Defensor
140;7334;15;Defensor
140;7458;16;Defensor
140;7394;20;Defensor
140;7340;2;Mediocampista
140;7335;4;Mediocampista
140;7384;7;Mediocampista
140;7495;10;Mediocampista
140;7325;11;Mediocampista
140;7436;17;Mediocampista
140;7527;18;Mediocampista
140;7355;22;Mediocampista
140;7381;8;Delantero
140;7423;9;Delantero
140;7532;19;Delantero
140;7402;21;Delantero
141;325;1;Arquero
141;327;12;Arquero
141;334;22;Arquero
141;333;2;Defensor
141;324;3;Defensor
141;328;4;Defensor
141;326;5;Defensor
141;338;15;Defensor
141;329;20;Defensor
141;320;21;Defensor
141;332;23;Defensor
141;337;6;Mediocampista
141;322;7;Mediocampista
141;318;8;Mediocampista
141;335;11;Mediocampista
141;321;13;Mediocampista
141;336;14;Mediocampista
141;339;17;Mediocampista
141;331;9;Delantero
141;317;10;Delantero
141;323;16;Delantero
141;330;18;Delantero
141;319;19;Delantero
142;4747;1;Arquero
142;4770;12;Arquero
142;4779;22;Arquero
142;4688;3;Defensor
142;4712;4;Defensor
142;4768;5;Defensor
142;4727;13;Defensor
142;4773;19;Defensor
142;4758;20;Defensor
142;4742;2;Mediocampista
142;4756;6;Mediocampista
142;4784;7;Mediocampista
142;4729;8;Mediocampista
142;4782;14;Mediocampista
142;4754;18;Mediocampista
142;4741;21;Mediocampista
142;4778;23;Mediocampista
142;4718;9;Delantero
142;4696;10;Delantero
142;4738;11;Delantero
142;4693;15;Delantero
142;4702;16;Delantero
142;4732;17;Delantero
143;5748;1;Arquero
143;5572;12;Arquero
143;5685;13;Arquero
143;5755;2;Defensor
143;5741;3;Defensor
143;5656;4;Defensor
143;5692;5;Defensor
143;5705;14;Defensor
143;5563;15;Defensor
143;5663;16;Defensor
143;5617;18;Defensor
143;5725;22;Defensor
143;5759;6;Mediocampista
143;5779;7;Mediocampista
143;5695;8;Mediocampista
143;5606;20;Mediocampista
143;5700;23;Mediocampista
143;5541;9;Delantero
143;5600;10;Delantero
143;5671;11;Delantero
143;5598;17;Delantero
143;5544;19;Delantero
143;5525;21;Delantero
144;6718;1;Arquero
144;6714;12;Arquero
144;6702;22;Arquero
144;6701;2;Defensor
144;6618;3;Defensor
144;6626;4;Defensor
144;6646;5;Defensor
144;6683;13;Defensor
144;6694;14;Defensor
144;6719;16;Defensor
144;6627;6;Mediocampista
144;6711;8;Mediocampista
144;6659;10;Mediocampista
144;6676;18;Mediocampista
144;6735;19;Mediocampista
144;6634;20;Mediocampista
144;6648;7;Delantero
144;6699;9;Delantero
144;6731;11;Delantero
144;6616;15;Delantero
144;6721;17;Delantero
144;6693;21;Delantero
144;6712;23;Delantero
145;3655;1;Arquero
145;3662;18;Arquero
145;3647;19;Arquero
145;3576;2;Defensor
145;3591;3;Defensor
145;3677;4;Defensor
145;3604;6;Defensor
145;3670;7;Defensor
145;3588;12;Defensor
145;3609;13;Defensor
145;3695;22;Defensor
145;3700;23;Defensor
145;3692;5;Mediocampista
145;3619;8;Mediocampista
145;3707;10;Mediocampista
145;3694;14;Mediocampista
145;3610;15;Mediocampista
145;3585;17;Mediocampista
145;3625;21;Mediocampista
145;3657;9;Delantero
145;3605;11;Delantero
145;3737;16;Delantero
145;3679;20;Delantero
146;4057;1;Arquero
146;4102;16;Arquero
146;4088;22;Arquero
146;4113;2;Defensor
146;4090;4;Defensor
146;4095;5;Defensor
146;4106;6;Defensor
146;4116;7;Defensor
146;4097;13;Defensor
146;4105;15;Defensor
146;4109;17;Defensor
146;4086;21;Defensor
146;4083;8;Mediocampista
146;4075;9;Mediocampista
146;4068;10;Mediocampista
146;4098;11;Mediocampista
146;4053;18;Mediocampista
146;4054;20;Mediocampista
146;4082;23;Mediocampista
146;4084;3;Delantero
146;4120;12;Delantero
146;4066;14;Delantero
146;4108;19;Delantero
147;5002;1;Arquero
147;5173;12;Arquero
147;4965;14;Arquero
147;5235;2;Defensor
147;5095;3;Defensor
147;5011;5;Defensor
147;4983;6;Defensor
147;5149;13;Defensor
147;5237;19;Defensor
147;5152;22;Defensor
147;5129;23;Defensor
147;5048;4;Mediocampista
147;5084;8;Mediocampista
147;5222;10;Mediocampista
147;5008;16;Mediocampista
147;4982;17;Mediocampista
147;5172;20;Mediocampista
147;5176;21;Mediocampista
147;5052;7;Delantero
147;5220;9;Delantero
147;5090;11;Delantero
147;5099;15;Delantero
147;5102;18;Delantero
148;6785;1;Arquero
148;6774;16;Arquero
148;6831;23;Arquero
148;6801;2;Defensor
148;6858;3;Defensor
148;6818;6;Defensor
148;6821;13;Defensor
148;6921;21;Defensor
148;6898;22;Defensor
148;6799;4;Mediocampista
148;6841;5;Mediocampista
148;6887;8;Mediocampista
148;6897;10;Mediocampista
148;6868;11;Mediocampista
148;6819;14;Mediocampista
148;6912;17;Mediocampista
148;6888;19;Mediocampista
148;6885;20;Mediocampista
148;6908;7;Delantero
148;6834;9;Delantero
148;6853;12;Delantero
148;6768;15;Delantero
148;6804;18;Delantero
149;894;1;Arquero
149;826;12;Arquero
149;852;18;Arquero
149;877;2;Defensor
149;874;3;Defensor
149;881;6;Defensor
149;825;14;Defensor
149;816;16;Defensor
149;873;22;Defensor
149;822;4;Mediocampista
149;827;5;Mediocampista
149;835;7;Mediocampista
149;895;8;Mediocampista
149;860;11;Mediocampista
149;841;13;Mediocampista
149;911;20;Mediocampista
149;898;21;Mediocampista
149;820;23;Mediocampista
149;906;9;Delantero
149;855;10;Delantero
149;811;15;Delantero
149;900;17;Delantero
149;854;19;Delantero
150;1419;1;Arquero
150;1624;12;Arquero
150;1503;22;Arquero
150;1390;2;Defensor
150;1522;3;Defensor
150;1500;4;Defensor
150;1618;6;Defensor
150;1406;13;Defensor
150;1525;14;Defensor
150;1409;15;Defensor
150;1468;16;Defensor
150;1444;5;Mediocampista
150;1513;8;Mediocampista
150;1628;10;Mediocampista
150;1672;11;Mediocampista
150;1469;17;Mediocampista
150;1554;18;Mediocampista
150;1507;19;Mediocampista
150;1609;20;Mediocampista
150;1345;7;Delantero
150;1629;9;Delantero
150;1459;21;Delantero
150;1621;23;Delantero
151;2733;1;Arquero
151;2691;12;Arquero
151;2688;23;Arquero
151;2745;3;Defensor
151;2708;4;Defensor
151;2759;5;Defensor
151;2744;7;Defensor
151;2757;11;Defensor
151;2758;13;Defensor
151;2748;2;Mediocampista
151;2764;6;Mediocampista
151;2677;8;Mediocampista
151;2707;10;Mediocampista
151;2724;14;Mediocampista
151;2715;15;Mediocampista
151;2716;16;Mediocampista
151;2712;19;Mediocampista
151;2743;20;Mediocampista
151;2736;9;Delantero
151;2706;17;Delantero
151;2726;18;Delantero
151;2679;21;Delantero
151;2684;22;Delantero
152;5331;1;Arquero
152;5269;12;Arquero
152;5295;23;Arquero
152;5312;2;Defensor
152;5299;3;Defensor
152;5311;5;Defensor
152;5326;6;Defensor
152;5347;14;Defensor
152;5362;19;Defensor
152;5292;21;Defensor
152;5328;22;Defensor
152;5271;4;Mediocampista
152;5325;7;Mediocampista
152;5334;8;Mediocampista
152;5323;10;Mediocampista
152;5272;15;Mediocampista
152;5282;17;Mediocampista
152;5340;18;Mediocampista
152;5355;9;Delantero
152;5305;11;Delantero
152;5370;13;Delantero
152;5335;16;Delantero
152;5356;20;Delantero
153;2476;1;Arquero
153;2445;20;Arquero
153;2447;21;Arquero
153;2446;2;Defensor
153;2422;3;Defensor
153;2365;4;Defensor
153;2426;6;Defensor
153;2479;12;Defensor
153;2440;18;Defensor
153;2510;22;Defensor
153;2357;23;Defensor
153;2435;5;Mediocampista
153;2496;7;Mediocampista
153;2419;8;Mediocampista
153;2460;13;Mediocampista
153;2347;15;Mediocampista
153;2462;17;Mediocampista
153;2345;9;Delantero
153;2493;10;Delantero
153;2505;11;Delantero
153;2457;14;Delantero
153;2378;16;Delantero
153;2353;19;Delantero
154;3888;1;Arquero
154;3758;16;Arquero
154;3806;23;Arquero
154;3779;2;Defensor
154;3746;3;Defensor
154;3843;5;Defensor
154;3965;13;Defensor
154;3977;15;Defensor
154;3850;17;Defensor
154;3957;19;Defensor
154;3797;21;Defensor
154;3994;4;Mediocampista
154;3908;6;Mediocampista
154;3909;7;Mediocampista
154;3822;8;Mediocampista
154;4001;10;Mediocampista
154;3826;18;Mediocampista
154;3947;22;Mediocampista
154;3855;9;Delantero
154;3997;11;Delantero
154;3863;12;Delantero
154;3958;14;Delantero
154;3983;20;Delantero
155;8003;1;Arquero
155;7820;12;Arquero
155;7837;21;Arquero
155;7843;2;Defensor
155;7915;3;Defensor
155;7958;4;Defensor
155;7878;13;Defensor
155;7966;17;Defensor
155;7924;20;Defensor
155;7841;23;Defensor
155;7916;5;Mediocampista
155;7982;6;Mediocampista
155;7834;7;Mediocampista
155;7993;8;Mediocampista
155;7846;15;Mediocampista
155;7817;16;Mediocampista
155;7819;19;Mediocampista
155;7999;22;Mediocampista
155;7863;9;Delantero
155;7881;10;Delantero
155;7972;11;Delantero
155;7840;14;Delantero
155;7914;18;Delantero
156;8024;1;Arquero
156;8006;16;Arquero
156;8019;22;Arquero
156;8018;2;Defensor
156;8004;3;Defensor
156;8025;5;Defensor
156;8008;12;Defensor
156;8009;19;Defensor
156;8026;23;Defensor
156;8011;6;Mediocampista
156;8007;8;Mediocampista
156;8012;9;Mediocampista
156;8016;10;Mediocampista
156;8021;15;Mediocampista
156;8013;20;Mediocampista
156;8010;21;Mediocampista
156;8005;4;Delantero
156;8022;7;Delantero
156;8015;11;Delantero
156;8014;13;Delantero
156;8020;14;Delantero
156;8017;17;Delantero
156;8023;18;Delantero
157;349;1;Arquero
157;436;21;Arquero
157;426;22;Arquero
157;352;2;Defensor
157;435;3;Defensor
157;367;4;Defensor
157;370;5;Defensor
157;425;12;Defensor
157;377;13;Defensor
157;345;15;Defensor
157;347;17;Defensor
157;355;6;Mediocampista
157;410;7;Mediocampista
157;430;8;Mediocampista
157;375;10;Mediocampista
157;424;14;Mediocampista
157;414;16;Mediocampista
157;379;18;Mediocampista
157;429;19;Mediocampista
157;361;9;Delantero
157;358;11;Delantero
157;364;20;Delantero
157;359;23;Delantero
158;3354;1;Arquero
158;3348;19;Arquero
158;3509;23;Arquero
158;3522;2;Defensor
158;3488;3;Defensor
158;3450;4;Defensor
158;3496;5;Defensor
158;3440;12;Defensor
158;3503;15;Defensor
158;3424;20;Defensor
158;3480;22;Defensor
158;3313;6;Mediocampista
158;3565;8;Mediocampista
158;3511;10;Mediocampista
158;3411;13;Mediocampista
158;3319;14;Mediocampista
158;3451;16;Mediocampista
158;3418;17;Mediocampista
158;3379;18;Mediocampista
158;3504;7;Delantero
158;3546;9;Delantero
158;3391;11;Delantero
158;3561;21;Delantero
159;8076;1;Arquero
159;8145;16;Arquero
159;8117;22;Arquero
159;8102;3;Defensor
159;8160;4;Defensor
159;8158;6;Defensor
159;8107;15;Defensor
159;8114;18;Defensor
159;8052;19;Defensor
159;8147;21;Defensor
159;8141;8;Mediocampista
159;8098;10;Mediocampista
159;8139;12;Mediocampista
159;8074;13;Mediocampista
159;8081;14;Mediocampista
159;8144;20;Mediocampista
159;8134;23;Mediocampista
159;8094;2;Delantero
159;8110;5;Delantero
159;8100;7;Delantero
159;8084;9;Delantero
159;8149;11;Delantero
159;8065;17;Delantero
160;8222;1;Arquero
160;8216;12;Arquero
160;8223;23;Arquero
160;8215;2;Defensor
160;8211;3;Defensor
160;8229;5;Defensor
160;8219;6;Defensor
160;8208;13;Defensor
160;8226;17;Defensor
160;8224;22;Defensor
160;8225;4;Mediocampista
160;8220;8;Mediocampista
160;8209;9;Mediocampista
160;8217;11;Mediocampista
160;8210;14;Mediocampista
160;8214;18;Mediocampista
160;8212;19;Mediocampista
160;8218;21;Mediocampista
160;8221;7;Delantero
160;8228;10;Delantero
160;8213;15;Delantero
160;8227;16;Delantero
160;8207;20;Delantero
161;2886;1;Arquero
161;2834;16;Arquero
161;2802;22;Arquero
161;2821;3;Defensor
161;2846;4;Defensor
161;2819;5;Defensor
161;2820;6;Defensor
161;2829;12;Defensor
161;2852;13;Defensor
161;2796;20;Defensor
161;2888;2;Mediocampista
161;2817;7;Mediocampista
161;2826;14;Mediocampista
161;2855;15;Mediocampista
161;2868;17;Mediocampista
161;2862;23;Mediocampista
161;2818;8;Delantero
161;2889;9;Delantero
161;2830;10;Delantero
161;2876;11;Delantero
161;2851;18;Delantero
161;2874;19;Delantero
161;2853;21;Delantero
162;3942;1;Arquero
162;3758;16;Arquero
162;3806;23;Arquero
162;3788;2;Defensor
162;3900;3;Defensor
162;3799;5;Defensor
162;3820;8;Defensor
162;3965;13;Defensor
162;3977;15;Defensor
162;3895;18;Defensor
162;3957;19;Defensor
162;3994;4;Mediocampista
162;3831;6;Mediocampista
162;3908;7;Mediocampista
162;4001;10;Mediocampista
162;3775;14;Mediocampista
162;3931;17;Mediocampista
162;3921;22;Mediocampista
162;3800;9;Delantero
162;3997;11;Delantero
162;3863;12;Delantero
162;3983;20;Delantero
162;3834;21;Delantero
163;7294;1;Arquero
163;7246;16;Arquero
163;7240;22;Arquero
163;7242;2;Defensor
163;7254;4;Defensor
163;7285;5;Defensor
163;7238;6;Defensor
163;7249;13;Defensor
163;7241;17;Defensor
163;7234;21;Defensor
163;7291;3;Mediocampista
163;7257;10;Mediocampista
163;7258;12;Mediocampista
163;7283;14;Mediocampista
163;7247;15;Mediocampista
163;7253;19;Mediocampista
163;7284;20;Mediocampista
163;7282;23;Mediocampista
163;7235;7;Delantero
163;7296;8;Delantero
163;7236;9;Delantero
163;7255;11;Delantero
163;7295;18;Delantero
164;8267;1;Arquero
164;8368;12;Arquero
164;8294;23;Arquero
164;8355;2;Defensor
164;8336;3;Defensor
164;8360;4;Defensor
164;8410;6;Defensor
164;8435;14;Defensor
164;8251;19;Defensor
164;8308;5;Mediocampista
164;8326;7;Mediocampista
164;8455;8;Mediocampista
164;8375;15;Mediocampista
164;8415;16;Mediocampista
164;8287;22;Mediocampista
164;8429;9;Delantero
164;8373;10;Delantero
164;8342;11;Delantero
164;8231;13;Delantero
164;8401;17;Delantero
164;8363;18;Delantero
164;8399;20;Delantero
164;8303;21;Delantero
165;3300;1;Arquero
165;3269;12;Arquero
165;3289;22;Arquero
165;3298;2;Defensor
165;3288;3;Defensor
165;3305;4;Defensor
165;3274;5;Defensor
165;3281;6;Defensor
165;3264;23;Defensor
165;3290;7;Mediocampista
165;3265;8;Mediocampista
165;3306;10;Mediocampista
165;3293;11;Mediocampista
165;3273;14;Mediocampista
165;3303;15;Mediocampista
165;3294;17;Mediocampista
165;3261;18;Mediocampista
165;3279;19;Mediocampista
165;3266;20;Mediocampista
165;3292;9;Delantero
165;3297;13;Delantero
165;3304;16;Delantero
165;3268;21;Delantero
166;3354;1;Arquero
166;3512;13;Arquero
166;3363;23;Arquero
166;3366;2;Defensor
166;3421;3;Defensor
166;3496;5;Defensor
166;3408;6;Defensor
166;3518;15;Defensor
166;3565;19;Defensor
166;3469;20;Defensor
166;3407;4;Mediocampista
166;3336;8;Mediocampista
166;3370;11;Mediocampista
166;3313;14;Mediocampista
166;3456;16;Mediocampista
166;3556;17;Mediocampista
166;3536;18;Mediocampista
166;3442;21;Mediocampista
166;3418;22;Mediocampista
166;3504;7;Delantero
166;3466;9;Delantero
166;3549;10;Delantero
166;3444;12;Delantero
167;6246;1;Arquero
167;6338;12;Arquero
167;6326;22;Arquero
167;6205;2;Defensor
167;6320;3;Defensor
167;6264;4;Defensor
167;6210;5;Defensor
167;6263;17;Defensor
167;6231;18;Defensor
167;6317;19;Defensor
167;6238;21;Defensor
167;6325;6;Mediocampista
167;6203;8;Mediocampista
167;6194;10;Mediocampista
167;6302;13;Mediocampista
167;6267;14;Mediocampista
167;6224;15;Mediocampista
167;6294;16;Mediocampista
167;6212;7;Delantero
167;6318;9;Delantero
167;6235;11;Delantero
167;6240;20;Delantero
167;6249;23;Delantero
168;7592;1;Arquero
168;7536;16;Arquero
168;7560;20;Arquero
168;7581;2;Defensor
168;7542;3;Defensor
168;7569;4;Defensor
168;7558;5;Defensor
168;7550;13;Defensor
168;7586;19;Defensor
168;7572;22;Defensor
168;7588;6;Mediocampista
168;7547;7;Mediocampista
168;7565;8;Mediocampista
168;7577;9;Mediocampista
168;7566;10;Mediocampista
168;7585;11;Mediocampista
168;7570;12;Mediocampista
168;7594;15;Mediocampista
168;7541;18;Mediocampista
168;7584;21;Mediocampista
168;7579;14;Delantero
168;7563;17;Delantero
168;7557;23;Delantero
169;1539;1;Arquero
169;1419;12;Arquero
169;1624;22;Arquero
169;1390;2;Defensor
169;1522;3;Defensor
169;1630;4;Defensor
169;1437;5;Defensor
169;1618;6;Defensor
169;1375;13;Defensor
169;1359;14;Defensor
169;1509;16;Defensor
169;1609;7;Mediocampista
169;1469;8;Mediocampista
169;1614;10;Mediocampista
169;1628;11;Mediocampista
169;1514;15;Mediocampista
169;1653;18;Mediocampista
169;1506;19;Mediocampista
169;1629;9;Delantero
169;1416;17;Delantero
169;1434;20;Delantero
169;1529;21;Delantero
169;1513;23;Delantero
170;2173;1;Arquero
170;2178;22;Arquero
170;2183;23;Arquero
170;2194;2;Defensor
170;2192;3;Defensor
170;2189;4;Defensor
170;2175;5;Defensor
170;2188;7;Defensor
170;2180;14;Defensor
170;2174;17;Defensor
170;2190;21;Defensor
170;2186;6;Mediocampista
170;2179;8;Mediocampista
170;2182;9;Mediocampista
170;2193;11;Mediocampista
170;2176;13;Mediocampista
170;2195;15;Mediocampista
170;2181;18;Mediocampista
170;2184;19;Mediocampista
170;2177;10;Delantero
170;2187;12;Delantero
170;2185;16;Delantero
170;2191;20;Delantero
171;2625;1;Arquero
171;2635;18;Arquero
171;2639;23;Arquero
171;2603;2;Defensor
171;2629;3;Defensor
171;2674;4;Defensor
171;2632;5;Defensor
171;2651;14;Defensor
171;2669;15;Defensor
171;2595;21;Defensor
171;2589;22;Defensor
171;2627;6;Mediocampista
171;2660;8;Mediocampista
171;2591;10;Mediocampista
171;2666;13;Mediocampista
171;2599;19;Mediocampista
171;2607;7;Delantero
171;2671;9;Delantero
171;2612;11;Delantero
171;2646;12;Delantero
171;2584;16;Delantero
171;2634;17;Delantero
171;2661;20;Delantero
172;8198;1;Arquero
172;8173;12;Arquero
172;8196;23;Arquero
172;8166;2;Defensor
172;8187;3;Defensor
172;8164;4;Defensor
172;8194;5;Defensor
172;8195;16;Defensor
172;8206;20;Defensor
172;8172;7;Mediocampista
172;8185;8;Mediocampista
172;8168;10;Mediocampista
172;8182;13;Mediocampista
172;8181;14;Mediocampista
172;8197;18;Mediocampista
172;8177;19;Mediocampista
172;8169;21;Mediocampista
172;8176;22;Mediocampista
172;8178;6;Delantero
172;8204;9;Delantero
172;8201;11;Delantero
172;8184;15;Delantero
172;8189;17;Delantero
173;2476;1;Arquero
173;2417;12;Arquero
173;2363;23;Arquero
173;2400;2;Defensor
173;2365;4;Defensor
173;2443;7;Defensor
173;2469;15;Defensor
173;2392;20;Defensor
173;2369;3;Mediocampista
173;2435;5;Mediocampista
173;2516;6;Mediocampista
173;2479;10;Mediocampista
173;2460;13;Mediocampista
173;2518;17;Mediocampista
173;2345;19;Mediocampista
173;2496;21;Mediocampista
173;2510;22;Mediocampista
173;2370;8;Delantero
173;2505;9;Delantero
173;2371;11;Delantero
173;2457;14;Delantero
173;2350;16;Delantero
173;2398;18;Delantero
174;3636;1;Arquero
174;3662;18;Arquero
174;3684;19;Arquero
174;3650;2;Defensor
174;3588;3;Defensor
174;3677;4;Defensor
174;3706;6;Defensor
174;3575;12;Defensor
174;3604;14;Defensor
174;3671;16;Defensor
174;3713;22;Defensor
174;3700;23;Defensor
174;3692;5;Mediocampista
174;3670;7;Mediocampista
174;3722;8;Mediocampista
174;3707;10;Mediocampista
174;3660;13;Mediocampista
174;3585;17;Mediocampista
174;3625;21;Mediocampista
174;3685;9;Delantero
174;3678;11;Delantero
174;3737;15;Delantero
174;3679;20;Delantero
175;6463;1;Arquero
175;6531;12;Arquero
175;6535;22;Arquero
175;6504;2;Defensor
175;6597;3;Defensor
175;6595;4;Defensor
175;6487;6;Defensor
175;6478;13;Defensor
175;6585;15;Defensor
175;6440;20;Defensor
175;6562;5;Mediocampista
175;6571;7;Mediocampista
175;6497;10;Mediocampista
175;6542;16;Mediocampista
175;6439;17;Mediocampista
175;6514;18;Mediocampista
175;6511;21;Mediocampista
175;6563;23;Mediocampista
175;6516;8;Delantero
175;6513;9;Delantero
175;6546;11;Delantero
175;6594;14;Delantero
175;6600;19;Delantero
176;6742;1;Arquero
176;6689;15;Arquero
176;6718;16;Arquero
176;6666;2;Defensor
176;6602;3;Defensor
176;6618;4;Defensor
176;6645;5;Defensor
176;6665;13;Defensor
176;6650;18;Defensor
176;6614;22;Defensor
176;6724;23;Defensor
176;6703;6;Mediocampista
176;6723;10;Mediocampista
176;6659;12;Mediocampista
176;6704;14;Mediocampista
176;6700;17;Mediocampista
176;6711;20;Mediocampista
176;6648;7;Delantero
176;6663;8;Delantero
176;6699;9;Delantero
176;6726;11;Delantero
176;6619;19;Delantero
176;6693;21;Delantero
177;127;1;Arquero
177;163;12;Arquero
177;40;23;Arquero
177;167;2;Defensor
177;221;3;Defensor
177;16;4;Defensor
177;291;6;Defensor
177;131;15;Defensor
177;28;18;Defensor
177;181;21;Defensor
177;219;5;Mediocampista
177;86;8;Mediocampista
177;225;10;Mediocampista
177;13;13;Mediocampista
177;125;16;Mediocampista
177;239;19;Mediocampista
177;66;22;Mediocampista
177;198;7;Delantero
177;122;9;Delantero
177;142;11;Delantero
177;8;14;Delantero
177;27;17;Delantero
177;24;20;Delantero
178;349;1;Arquero
178;436;21;Arquero
178;415;22;Arquero
178;362;2;Defensor
178;435;3;Defensor
178;437;4;Defensor
178;418;5;Defensor
178;376;6;Defensor
178;352;12;Defensor
178;377;13;Defensor
178;409;23;Defensor
178;374;7;Mediocampista
178;430;8;Mediocampista
178;375;10;Mediocampista
178;425;14;Mediocampista
178;354;16;Mediocampista
178;373;17;Mediocampista
178;379;18;Mediocampista
178;355;19;Mediocampista
178;361;9;Delantero
178;353;11;Delantero
178;351;15;Delantero
178;381;20;Delantero
179;1815;1;Arquero
179;1914;16;Arquero
179;1851;22;Arquero
179;1918;2;Defensor
179;1925;3;Defensor
179;1913;4;Defensor
179;1850;5;Defensor
179;1892;6;Defensor
179;1842;8;Defensor
179;1875;13;Defensor
179;1900;20;Defensor
179;1857;12;Mediocampista
179;1833;14;Mediocampista
179;1804;15;Mediocampista
179;1841;17;Mediocampista
179;1854;23;Mediocampista
179;1885;7;Delantero
179;1835;9;Delantero
179;1873;10;Delantero
179;1881;11;Delantero
179;1915;18;Delantero
179;1819;19;Delantero
179;1848;21;Delantero
180;4821;1;Arquero
180;4833;16;Arquero
180;4831;23;Arquero
180;4820;2;Defensor
180;4822;3;Defensor
180;4817;4;Defensor
180;4854;5;Defensor
180;4811;14;Defensor
180;4819;15;Defensor
180;4830;18;Defensor
180;4844;20;Defensor
180;4828;6;Mediocampista
180;4837;7;Mediocampista
180;4823;8;Mediocampista
180;4835;12;Mediocampista
180;4813;22;Mediocampista
180;4818;9;Delantero
180;4827;10;Delantero
180;4834;11;Delantero
180;4815;13;Delantero
180;4848;17;Delantero
180;4843;19;Delantero
180;4849;21;Delantero
181;563;1;Arquero
181;577;12;Arquero
181;555;23;Arquero
181;533;2;Defensor
181;732;4;Defensor
181;760;6;Defensor
181;731;13;Defensor
181;580;22;Defensor
181;775;3;Mediocampista
181;520;5;Mediocampista
181;807;8;Mediocampista
181;701;10;Mediocampista
181;800;11;Mediocampista
181;772;14;Mediocampista
181;648;15;Mediocampista
181;516;16;Mediocampista
181;625;20;Mediocampista
181;663;7;Delantero
181;545;9;Delantero
181;664;17;Delantero
181;637;18;Delantero
181;589;19;Delantero
181;572;21;Delantero
182;4623;1;Arquero
182;4571;13;Arquero
182;4544;22;Arquero
182;4581;2;Defensor
182;4486;3;Defensor
182;4507;5;Defensor
182;4472;6;Defensor
182;4462;12;Defensor
182;4458;14;Defensor
182;4551;15;Defensor
182;4634;16;Defensor
182;4630;4;Mediocampista
182;4452;7;Mediocampista
182;4621;8;Mediocampista
182;4524;18;Mediocampista
182;4487;19;Mediocampista
182;4467;21;Mediocampista
182;4502;23;Mediocampista
182;4515;9;Delantero
182;4595;10;Delantero
182;4529;11;Delantero
182;4627;17;Delantero
182;4653;20;Delantero
183;5869;1;Arquero
183;5810;12;Arquero
183;5815;22;Arquero
183;5801;3;Defensor
183;5856;5;Defensor
183;5880;6;Defensor
183;5783;13;Defensor
183;5876;14;Defensor
183;5871;16;Defensor
183;5811;19;Defensor
183;5882;2;Mediocampista
183;5782;8;Mediocampista
183;5855;10;Mediocampista
183;5834;11;Mediocampista
183;5804;15;Mediocampista
183;5845;20;Mediocampista
183;5832;4;Delantero
183;5827;7;Delantero
183;5850;9;Delantero
183;5786;17;Delantero
183;5791;18;Delantero
183;5877;21;Delantero
183;5863;23;Delantero
184;7673;1;Arquero
184;7701;12;Arquero
184;7680;23;Arquero
184;7730;2;Defensor
184;7612;3;Defensor
184;7732;4;Defensor
184;7789;5;Defensor
184;7618;13;Defensor
184;7641;14;Defensor
184;7682;15;Defensor
184;7723;16;Defensor
184;7718;6;Mediocampista
184;7598;7;Mediocampista
184;7784;8;Mediocampista
184;7721;9;Mediocampista
184;7788;17;Mediocampista
184;7692;18;Mediocampista
184;7654;19;Mediocampista
184;7606;20;Mediocampista
184;7599;10;Delantero
184;7707;11;Delantero
184;7678;21;Delantero
184;7604;22;Delantero
185;2733;1;Arquero
185;2688;12;Arquero
185;2760;23;Arquero
185;2743;2;Defensor
185;2745;3;Defensor
185;2758;4;Defensor
185;2769;6;Defensor
185;2741;15;Defensor
185;2698;17;Defensor
185;2744;20;Defensor
185;2708;21;Defensor
185;2738;5;Mediocampista
185;2766;7;Mediocampista
185;2735;8;Mediocampista
185;2707;10;Mediocampista
185;2749;13;Mediocampista
185;2746;14;Mediocampista
185;2764;16;Mediocampista
185;2755;9;Delantero
185;2683;11;Delantero
185;2726;18;Delantero
185;2762;19;Delantero
185;2679;22;Delantero
186;2914;1;Arquero
186;2933;12;Arquero
186;2972;22;Arquero
186;2953;2;Defensor
186;2932;3;Defensor
186;2917;4;Defensor
186;2930;6;Defensor
186;2927;8;Defensor
186;2903;15;Defensor
186;2921;17;Defensor
186;2904;23;Defensor
186;2947;5;Mediocampista
186;2901;7;Mediocampista
186;2896;10;Mediocampista
186;2910;14;Mediocampista
186;2915;16;Mediocampista
186;2941;19;Mediocampista
186;2966;20;Mediocampista
186;2962;21;Mediocampista
186;2936;9;Delantero
186;2918;11;Delantero
186;2924;13;Delantero
186;2965;18;Delantero
187;5002;1;Arquero
187;4958;12;Arquero
187;5218;22;Arquero
187;5161;2;Defensor
187;5117;3;Defensor
187;5032;4;Defensor
187;5011;5;Defensor
187;5149;13;Defensor
187;5103;15;Defensor
187;5129;23;Defensor
187;5238;6;Mediocampista
187;5084;8;Mediocampista
187;5063;11;Mediocampista
187;5055;14;Mediocampista
187;5057;16;Mediocampista
187;5219;17;Mediocampista
187;5237;19;Mediocampista
187;5052;7;Delantero
187;5102;9;Delantero
187;5222;10;Delantero
187;5053;18;Delantero
187;5136;20;Delantero
187;5230;21;Delantero
188;5704;1;Arquero
188;5748;12;Arquero
188;5552;23;Arquero
188;5602;2;Defensor
188;5774;5;Defensor
188;5556;16;Defensor
188;5547;20;Defensor
188;5723;22;Defensor
188;5606;3;Mediocampista
188;5656;4;Mediocampista
188;5759;6;Mediocampista
188;5671;7;Mediocampista
188;5607;8;Mediocampista
188;5653;11;Mediocampista
188;5666;13;Mediocampista
188;5775;14;Mediocampista
188;5728;18;Mediocampista
188;5548;19;Mediocampista
188;5541;9;Delantero
188;5538;10;Delantero
188;5633;15;Delantero
188;5694;17;Delantero
188;5525;21;Delantero
189;1094;1;Arquero
189;1231;13;Arquero
189;1132;23;Arquero
189;1100;2;Defensor
189;1086;3;Defensor
189;1224;4;Defensor
189;1222;5;Defensor
189;1215;12;Defensor
189;1176;15;Defensor
189;1208;16;Defensor
189;1193;6;Mediocampista
189;1124;8;Mediocampista
189;1253;10;Mediocampista
189;1238;11;Mediocampista
189;1243;14;Mediocampista
189;1116;17;Mediocampista
189;1233;18;Mediocampista
189;1201;19;Mediocampista
189;1052;21;Mediocampista
189;1256;7;Delantero
189;1196;9;Delantero
189;1198;20;Delantero
189;1163;22;Delantero
190;5295;1;Arquero
190;5331;12;Arquero
190;5351;23;Arquero
190;5265;2;Defensor
190;5307;3;Defensor
190;5314;4;Defensor
190;5276;6;Defensor
190;5326;16;Defensor
190;5311;17;Defensor
190;5282;5;Mediocampista
190;5325;7;Mediocampista
190;5316;8;Mediocampista
190;5347;14;Mediocampista
190;5272;15;Mediocampista
190;5340;18;Mediocampista
190;5334;19;Mediocampista
190;5319;20;Mediocampista
190;5360;21;Mediocampista
190;5280;22;Mediocampista
190;5333;9;Delantero
190;5327;10;Delantero
190;5354;11;Delantero
190;5370;13;Delantero
191;7165;1;Arquero
191;7073;12;Arquero
191;7094;23;Arquero
191;7132;2;Defensor
191;7166;3;Defensor
191;7169;7;Defensor
191;7079;13;Defensor
191;7078;14;Defensor
191;7193;18;Defensor
191;7202;4;Mediocampista
191;7205;5;Mediocampista
191;7192;6;Mediocampista
191;7115;8;Mediocampista
191;7211;9;Mediocampista
191;7162;10;Mediocampista
191;7049;15;Mediocampista
191;7189;17;Mediocampista
191;7111;20;Mediocampista
191;7123;21;Mediocampista
191;7060;11;Delantero
191;7117;16;Delantero
191;7172;19;Delantero
191;7208;22;Delantero
192;8076;1;Arquero
192;8056;16;Arquero
192;8108;22;Arquero
192;8053;2;Defensor
192;8137;4;Defensor
192;8158;6;Defensor
192;8077;12;Defensor
192;8130;14;Defensor
192;8107;15;Defensor
192;8157;17;Defensor
192;8138;19;Defensor
192;8086;23;Defensor
192;8073;3;Mediocampista
192;8095;8;Mediocampista
192;8098;10;Mediocampista
192;8074;13;Mediocampista
192;8071;18;Mediocampista
192;8133;21;Mediocampista
192;8110;5;Delantero
192;8136;7;Delantero
192;8113;9;Delantero
192;8092;11;Delantero
192;8161;20;Delantero
193;1641;1;Arquero
193;1395;12;Arquero
193;1419;22;Arquero
193;1390;2;Defensor
193;1348;3;Defensor
193;1510;4;Defensor
193;1618;6;Defensor
193;1474;14;Defensor
193;1360;15;Defensor
193;1403;5;Mediocampista
193;1472;7;Mediocampista
193;1430;8;Mediocampista
193;1614;10;Mediocampista
193;1444;11;Mediocampista
193;1669;13;Mediocampista
193;1672;16;Mediocampista
193;1428;17;Mediocampista
193;1518;18;Mediocampista
193;1416;19;Mediocampista
193;1629;9;Delantero
193;1374;20;Delantero
193;1438;21;Delantero
194;3180;1;Arquero
194;3229;12;Arquero
194;3152;21;Arquero
194;3203;2;Defensor
194;3111;3;Defensor
194;3120;4;Defensor
194;3163;5;Defensor
194;3199;6;Defensor
194;3233;16;Defensor
194;3139;18;Defensor
194;3234;19;Defensor
194;3132;22;Defensor
194;3117;8;Mediocampista
194;3124;11;Mediocampista
194;3177;14;Mediocampista
194;3148;15;Mediocampista
194;3198;17;Mediocampista
194;3146;7;Delantero
194;3138;9;Delantero
194;3168;10;Delantero
194;3137;13;Delantero
194;3110;20;Delantero
195;5445;1;Arquero
195;5414;12;Arquero
195;5446;22;Arquero
195;5498;2;Defensor
195;5451;3;Defensor
195;5497;4;Defensor
195;5509;5;Defensor
195;5489;6;Defensor
195;5490;13;Defensor
195;5397;15;Defensor
195;5454;20;Defensor
195;5450;7;Mediocampista
195;5431;8;Mediocampista
195;5408;16;Mediocampista
195;5405;17;Mediocampista
195;5432;18;Mediocampista
195;5503;19;Mediocampista
195;5465;9;Delantero
195;5491;10;Delantero
195;5456;11;Delantero
195;5411;14;Delantero
195;5496;21;Delantero
196;5901;1;Arquero
196;5923;12;Arquero
196;5887;13;Arquero
196;5903;2;Defensor
196;5916;3;Defensor
196;5888;4;Defensor
196;5889;5;Defensor
196;5894;15;Defensor
196;5907;19;Defensor
196;5932;6;Mediocampista
196;5924;7;Mediocampista
196;5920;8;Mediocampista
196;5928;10;Mediocampista
196;5912;11;Mediocampista
196;5930;21;Mediocampista
196;5935;22;Mediocampista
196;5899;9;Delantero
196;5905;14;Delantero
196;5898;16;Delantero
196;5897;17;Delantero
196;5927;18;Delantero
196;5933;20;Delantero
197;970;1;Arquero
197;1037;16;Arquero
197;962;21;Arquero
197;1013;3;Defensor
197;991;4;Defensor
197;932;5;Defensor
197;965;6;Defensor
197;951;12;Defensor
197;1014;2;Mediocampista
197;992;8;Mediocampista
197;949;10;Mediocampista
197;916;11;Mediocampista
197;926;13;Mediocampista
197;1036;15;Mediocampista
197;980;17;Mediocampista
197;1019;18;Mediocampista
197;948;20;Mediocampista
197;977;22;Mediocampista
197;938;7;Delantero
197;1029;9;Delantero
197;1002;14;Delantero
197;996;19;Delantero
198;1914;1;Arquero
198;1805;16;Arquero
198;1815;22;Arquero
198;1925;3;Defensor
198;1913;4;Defensor
198;1850;5;Defensor
198;1892;6;Defensor
198;1857;12;Defensor
198;1800;13;Defensor
198;1909;17;Defensor
198;1827;2;Mediocampista
198;1806;8;Mediocampista
198;1911;14;Mediocampista
198;1885;15;Mediocampista
198;1861;19;Mediocampista
198;1900;20;Mediocampista
198;1902;7;Delantero
198;1917;9;Delantero
198;1873;10;Delantero
198;1835;11;Delantero
198;1846;18;Delantero
198;1848;21;Delantero
199;2146;1;Arquero
199;2115;12;Arquero
199;2147;22;Arquero
199;2025;2;Defensor
199;2056;3;Defensor
199;2128;4;Defensor
199;2080;5;Defensor
199;2119;6;Defensor
199;2116;14;Defensor
199;2168;15;Defensor
199;2012;16;Defensor
199;2105;7;Mediocampista
199;2003;8;Mediocampista
199;2140;10;Mediocampista
199;2162;17;Mediocampista
199;2091;18;Mediocampista
199;2032;19;Mediocampista
199;2045;20;Mediocampista
199;2172;9;Delantero
199;2135;11;Delantero
199;2095;13;Delantero
199;2014;21;Delantero
200;5218;1;Arquero
200;5157;12;Arquero
200;5002;22;Arquero
200;4987;2;Defensor
200;5117;3;Defensor
200;5011;4;Defensor
200;5040;5;Defensor
200;5149;6;Defensor
200;5174;7;Defensor
200;5221;8;Defensor
200;4959;9;Mediocampista
200;4975;11;Mediocampista
200;5033;13;Mediocampista
200;5055;14;Mediocampista
200;5057;15;Mediocampista
200;5058;16;Mediocampista
200;5141;17;Mediocampista
200;5052;10;Delantero
200;4976;18;Delantero
200;5102;19;Delantero
200;5029;20;Delantero
200;5230;21;Delantero
201;349;1;Arquero
201;372;21;Arquero
201;343;22;Arquero
201;362;2;Defensor
201;365;3;Defensor
201;437;4;Defensor
201;427;5;Defensor
201;377;13;Defensor
201;352;17;Defensor
201;363;19;Defensor
201;411;6;Mediocampista
201;374;7;Mediocampista
201;357;12;Mediocampista
201;368;14;Mediocampista
201;354;16;Mediocampista
201;379;18;Mediocampista
201;432;20;Mediocampista
201;353;8;Delantero
201;361;9;Delantero
201;369;10;Delantero
201;366;11;Delantero
201;380;15;Delantero
202;2879;1;Arquero
202;2838;16;Arquero
202;2834;22;Arquero
202;2877;2;Defensor
202;2873;3;Defensor
202;2822;4;Defensor
202;2819;5;Defensor
202;2820;6;Defensor
202;2803;12;Defensor
202;2845;13;Defensor
202;2821;20;Defensor
202;2861;7;Mediocampista
202;2814;8;Mediocampista
202;2844;10;Mediocampista
202;2892;14;Mediocampista
202;2888;15;Mediocampista
202;2816;17;Mediocampista
202;2830;21;Mediocampista
202;2858;9;Delantero
202;2843;11;Delantero
202;2857;18;Delantero
202;2876;19;Delantero
203;3887;1;Arquero
203;3758;16;Arquero
203;3795;22;Arquero
203;3788;2;Defensor
203;3900;3;Defensor
203;3774;5;Defensor
203;3820;8;Defensor
203;3977;15;Defensor
203;3895;18;Defensor
203;3994;4;Mediocampista
203;3831;6;Mediocampista
203;3821;7;Mediocampista
203;4001;10;Mediocampista
203;3935;11;Mediocampista
203;3828;13;Mediocampista
203;3775;14;Mediocampista
203;3931;17;Mediocampista
203;3875;19;Mediocampista
203;3860;9;Delantero
203;3863;12;Delantero
203;3983;20;Delantero
203;3834;21;Delantero
204;7592;1;Arquero
204;7538;16;Arquero
204;7545;22;Arquero
204;7549;23;Arquero
204;7567;2;Defensor
204;7580;3;Defensor
204;7551;4;Defensor
204;7546;5;Defensor
204;7586;19;Defensor
204;7550;21;Defensor
204;7547;7;Mediocampista
204;7583;8;Mediocampista
204;7575;10;Mediocampista
204;7564;11;Mediocampista
204;7537;12;Mediocampista
204;7541;13;Mediocampista
204;7555;15;Mediocampista
204;7574;18;Mediocampista
204;7571;20;Mediocampista
204;7562;6;Delantero
204;7539;9;Delantero
204;7589;14;Delantero
204;7563;17;Delantero
205;1796;1;Arquero
205;1747;12;Arquero
205;1727;2;Defensor
205;1722;3;Defensor
205;1763;4;Defensor
205;1710;13;Defensor
205;1793;15;Defensor
205;1725;21;Defensor
205;1790;5;Mediocampista
205;1788;6;Mediocampista
205;1690;10;Mediocampista
205;1717;11;Mediocampista
205;1715;14;Mediocampista
205;1753;16;Mediocampista
205;1775;17;Mediocampista
205;1692;18;Mediocampista
205;1689;19;Mediocampista
205;1764;22;Mediocampista
205;1733;7;Delantero
205;1774;8;Delantero
205;1762;9;Delantero
205;1720;20;Delantero
206;3571;1;Arquero
206;3348;13;Arquero
206;3461;22;Arquero
206;3383;2;Defensor
206;3324;3;Defensor
206;3317;4;Defensor
206;3307;5;Defensor
206;3408;6;Defensor
206;3535;12;Defensor
206;3415;14;Defensor
206;3311;15;Defensor
206;3469;20;Defensor
206;3404;8;Mediocampista
206;3356;16;Mediocampista
206;3321;18;Mediocampista
206;3442;21;Mediocampista
206;3466;7;Delantero
206;3493;9;Delantero
206;3504;10;Delantero
206;3316;11;Delantero
206;3377;17;Delantero
206;3428;19;Delantero
207;5867;1;Arquero
207;5858;12;Arquero
207;5803;22;Arquero
207;5864;2;Defensor
207;5801;3;Defensor
207;5854;5;Defensor
207;5880;6;Defensor
207;5853;16;Defensor
207;5808;17;Defensor
207;5829;19;Defensor
207;5821;7;Mediocampista
207;5782;8;Mediocampista
207;5855;10;Mediocampista
207;5834;11;Mediocampista
207;5860;15;Mediocampista
207;5865;18;Mediocampista
207;5857;21;Mediocampista
207;5832;4;Delantero
207;5881;9;Delantero
207;5799;13;Delantero
207;5794;14;Delantero
207;5828;20;Delantero
208;6246;1;Arquero
208;6192;12;Arquero
208;6316;22;Arquero
208;6205;2;Defensor
208;6308;3;Defensor
208;6264;4;Defensor
208;6210;5;Defensor
208;6320;11;Defensor
208;6312;14;Defensor
208;6238;20;Defensor
208;6197;6;Mediocampista
208;6194;10;Mediocampista
208;6302;13;Mediocampista
208;6257;16;Mediocampista
208;6292;19;Mediocampista
208;6339;7;Delantero
208;6311;8;Delantero
208;6240;9;Delantero
208;6218;15;Delantero
208;6225;17;Delantero
208;6306;18;Delantero
208;6235;21;Delantero
209;1096;1;Arquero
209;1228;12;Arquero
209;1241;13;Arquero
209;1081;2;Defensor
209;1197;3;Defensor
209;1250;4;Defensor
209;1053;5;Defensor
209;1076;15;Defensor
209;1086;16;Defensor
209;1245;17;Defensor
209;1224;19;Defensor
209;1100;22;Defensor
209;1213;6;Mediocampista
209;1256;7;Mediocampista
209;1222;11;Mediocampista
209;1189;14;Mediocampista
209;1238;18;Mediocampista
209;1052;21;Mediocampista
209;1168;8;Delantero
209;1163;9;Delantero
209;1166;10;Delantero
209;1162;20;Delantero
210;2417;1;Arquero
210;2503;22;Arquero
210;2468;3;Defensor
210;2372;4;Defensor
210;2469;5;Defensor
210;2516;6;Defensor
210;2470;12;Defensor
210;2443;13;Defensor
210;2402;16;Defensor
210;2381;19;Defensor
210;2392;20;Defensor
210;2369;2;Mediocampista
210;2421;7;Mediocampista
210;2486;8;Mediocampista
210;2451;14;Mediocampista
210;2472;15;Mediocampista
210;2385;17;Mediocampista
210;2420;9;Delantero
210;2371;10;Delantero
210;2504;11;Delantero
210;2398;18;Delantero
210;2459;21;Delantero
211;5552;1;Arquero
211;5748;12;Arquero
211;5704;22;Arquero
211;5755;2;Defensor
211;5746;3;Defensor
211;5579;5;Defensor
211;5695;13;Defensor
211;5758;16;Defensor
211;5556;18;Defensor
211;5775;4;Mediocampista
211;5536;6;Mediocampista
211;5714;7;Mediocampista
211;5607;8;Mediocampista
211;5643;14;Mediocampista
211;5653;19;Mediocampista
211;5688;20;Mediocampista
211;5696;9;Delantero
211;5605;10;Delantero
211;5538;11;Delantero
211;5633;15;Delantero
211;5694;17;Delantero
211;5525;21;Delantero
212;6129;1;Arquero
212;6011;18;Arquero
212;6041;22;Arquero
212;6093;2;Defensor
212;6110;3;Defensor
212;6007;4;Defensor
212;6081;5;Defensor
212;6082;13;Defensor
212;5994;15;Defensor
212;6052;6;Mediocampista
212;6009;7;Mediocampista
212;6105;10;Mediocampista
212;6004;11;Mediocampista
212;6168;12;Mediocampista
212;6006;16;Mediocampista
212;6125;19;Mediocampista
212;6164;20;Mediocampista
212;5989;8;Delantero
212;6056;9;Delantero
212;6085;14;Delantero
212;6138;17;Delantero
212;6039;21;Delantero
213;145;1;Arquero
213;127;12;Arquero
213;163;22;Arquero
213;287;2;Defensor
213;93;3;Defensor
213;146;4;Defensor
213;95;5;Defensor
213;267;6;Defensor
213;11;14;Defensor
213;224;19;Defensor
213;185;7;Mediocampista
213;178;8;Mediocampista
213;83;10;Mediocampista
213;125;13;Mediocampista
213;64;15;Mediocampista
213;86;16;Mediocampista
213;291;17;Mediocampista
213;264;21;Mediocampista
213;137;9;Delantero
213;177;11;Delantero
213;140;18;Delantero
213;24;20;Delantero
214;3636;1;Arquero
214;3717;16;Arquero
214;3662;18;Arquero
214;3700;3;Defensor
214;3599;4;Defensor
214;3626;5;Defensor
214;3706;6;Defensor
214;3575;12;Defensor
214;3583;17;Defensor
214;3667;22;Defensor
214;3650;2;Mediocampista
214;3734;7;Mediocampista
214;3722;8;Mediocampista
214;3703;10;Mediocampista
214;3660;13;Mediocampista
214;3702;14;Mediocampista
214;3617;15;Mediocampista
214;3675;19;Mediocampista
214;3707;21;Mediocampista
214;3685;9;Delantero
214;3741;11;Delantero
214;3679;20;Delantero
215;4678;1;Arquero
215;4753;12;Arquero
215;4694;22;Arquero
215;4772;3;Defensor
215;4734;4;Defensor
215;4764;5;Defensor
215;4700;8;Defensor
215;4761;15;Defensor
215;4785;17;Defensor
215;4763;20;Defensor
215;4742;2;Mediocampista
215;4687;6;Mediocampista
215;4744;7;Mediocampista
215;4704;9;Mediocampista
215;4736;14;Mediocampista
215;4776;16;Mediocampista
215;4717;18;Mediocampista
215;4696;10;Delantero
215;4685;11;Delantero
215;4740;13;Delantero
215;4775;19;Delantero
215;4746;21;Delantero
216;7390;1;Arquero
216;7399;12;Arquero
216;7427;2;Defensor
216;7326;3;Defensor
216;7327;5;Defensor
216;7313;6;Defensor
216;7416;11;Defensor
216;7383;13;Defensor
216;7481;14;Defensor
216;7368;4;Mediocampista
216;7374;7;Mediocampista
216;7482;8;Mediocampista
216;7502;10;Mediocampista
216;7333;15;Mediocampista
216;7464;16;Mediocampista
216;7344;18;Mediocampista
216;7498;19;Mediocampista
216;7495;20;Mediocampista
216;7417;9;Delantero
216;7423;17;Delantero
216;7444;21;Delantero
216;7386;22;Delantero
217;2219;1;Arquero
217;2213;12;Arquero
217;2257;22;Arquero
217;2218;2;Defensor
217;2264;3;Defensor
217;2283;4;Defensor
217;2209;5;Defensor
217;2212;13;Defensor
217;2258;16;Defensor
217;2284;6;Mediocampista
217;2251;8;Mediocampista
217;2289;10;Mediocampista
217;2210;14;Mediocampista
217;2228;17;Mediocampista
217;2269;18;Mediocampista
217;2278;19;Mediocampista
217;2223;7;Delantero
217;2291;9;Delantero
217;2206;11;Delantero
217;2204;15;Delantero
217;2277;20;Delantero
217;2272;21;Delantero
218;4623;1;Arquero
218;4571;13;Arquero
218;4510;22;Arquero
218;4472;2;Defensor
218;4558;3;Defensor
218;4430;5;Defensor
218;4634;6;Defensor
218;4590;12;Defensor
218;4551;18;Defensor
218;4507;21;Defensor
218;4542;4;Mediocampista
218;4452;7;Mediocampista
218;4449;8;Mediocampista
218;4577;11;Mediocampista
218;4435;14;Mediocampista
218;4579;15;Mediocampista
218;4621;16;Mediocampista
218;4560;17;Mediocampista
218;4626;9;Delantero
218;4627;10;Delantero
218;4506;19;Delantero
218;4595;20;Delantero
219;7034;1;Arquero
219;7036;12;Arquero
219;7016;22;Arquero
219;7009;2;Defensor
219;6967;3;Defensor
219;6964;4;Defensor
219;7012;6;Defensor
219;6950;13;Defensor
219;6973;18;Defensor
219;7029;20;Defensor
219;6974;5;Mediocampista
219;6999;8;Mediocampista
219;6977;10;Mediocampista
219;7003;14;Mediocampista
219;6992;15;Mediocampista
219;7011;16;Mediocampista
219;7033;19;Mediocampista
219;6984;7;Delantero
219;6996;9;Delantero
219;6978;11;Delantero
219;6969;17;Delantero
219;6954;21;Delantero
220;8091;1;Arquero
220;8148;16;Arquero
220;8076;22;Arquero
220;8159;3;Defensor
220;8075;4;Defensor
220;8158;5;Defensor
220;8085;6;Defensor
220;8157;7;Defensor
220;8086;17;Defensor
220;8106;20;Defensor
220;8053;21;Defensor
220;8073;8;Mediocampista
220;8098;10;Mediocampista
220;8074;13;Mediocampista
220;8083;14;Mediocampista
220;8154;15;Mediocampista
220;8057;19;Mediocampista
220;8068;2;Delantero
220;8113;9;Delantero
220;8092;11;Delantero
220;8133;12;Delantero
220;8067;18;Delantero
221;741;1;Arquero
221;563;12;Arquero
221;577;17;Arquero
221;533;2;Defensor
221;580;3;Defensor
221;730;4;Defensor
221;769;6;Defensor
221;719;13;Defensor
221;802;14;Defensor
221;807;22;Defensor
221;520;5;Mediocampista
221;772;8;Mediocampista
221;800;11;Mediocampista
221;530;15;Mediocampista
221;549;16;Mediocampista
221;625;20;Mediocampista
221;663;7;Delantero
221;545;9;Delantero
221;701;10;Delantero
221;536;18;Delantero
221;589;19;Delantero
221;596;21;Delantero
222;2714;1;Arquero
222;2725;12;Arquero
222;2760;22;Arquero
222;2751;4;Defensor
222;2703;5;Defensor
222;2681;6;Defensor
222;2746;14;Defensor
222;2759;15;Defensor
222;2721;18;Defensor
222;2744;20;Defensor
222;2743;3;Mediocampista
222;2676;7;Mediocampista
222;2735;8;Mediocampista
222;2682;10;Mediocampista
222;2723;11;Mediocampista
222;2749;13;Mediocampista
222;2698;17;Mediocampista
222;2702;21;Mediocampista
222;2713;2;Delantero
222;2755;9;Delantero
222;2710;16;Delantero
222;2762;19;Delantero
223;5242;1;Arquero
223;5254;13;Arquero
223;5258;14;Arquero
223;5256;2;Defensor
223;5248;4;Defensor
223;5252;5;Defensor
223;5259;12;Defensor
223;5250;15;Defensor
223;5261;19;Defensor
223;5244;21;Defensor
223;5247;3;Mediocampista
223;5260;6;Mediocampista
223;5246;7;Mediocampista
223;5262;11;Mediocampista
223;5249;16;Mediocampista
223;5257;20;Mediocampista
223;5251;8;Delantero
223;5263;9;Delantero
223;5243;10;Delantero
223;5255;17;Delantero
223;5245;18;Delantero
223;5253;22;Delantero
224;5298;1;Arquero
224;5295;20;Arquero
224;5331;21;Arquero
224;5330;2;Defensor
224;5352;3;Defensor
224;5281;4;Defensor
224;5339;5;Defensor
224;5276;13;Defensor
224;5344;16;Defensor
224;5265;17;Defensor
224;5324;19;Defensor
224;5368;6;Mediocampista
224;5288;7;Mediocampista
224;5325;8;Mediocampista
224;5329;10;Mediocampista
224;5340;11;Mediocampista
224;5316;15;Mediocampista
224;5278;22;Mediocampista
224;5327;9;Delantero
224;5302;12;Delantero
224;5336;14;Delantero
224;5290;18;Delantero
225;2219;1;Arquero
225;2257;12;Arquero
225;2266;22;Arquero
225;2226;2;Defensor
225;2254;3;Defensor
225;2242;4;Defensor
225;2262;13;Defensor
225;2267;15;Defensor
225;2220;18;Defensor
225;2271;20;Defensor
225;2233;5;Mediocampista
225;2234;6;Mediocampista
225;2251;8;Mediocampista
225;2289;10;Mediocampista
225;2198;14;Mediocampista
225;2284;17;Mediocampista
225;2278;19;Mediocampista
225;2223;7;Delantero
225;2292;9;Delantero
225;2291;11;Delantero
225;2204;16;Delantero
225;2206;21;Delantero
226;3684;1;Arquero
226;3717;12;Arquero
226;3636;18;Arquero
226;3668;2;Defensor
226;3599;3;Defensor
226;3665;4;Defensor
226;3626;5;Defensor
226;3583;17;Defensor
226;3600;20;Defensor
226;3607;21;Defensor
226;3667;22;Defensor
226;3649;6;Mediocampista
226;3698;7;Mediocampista
226;3703;9;Mediocampista
226;3660;13;Mediocampista
226;3718;16;Mediocampista
226;3707;19;Mediocampista
226;3722;8;Delantero
226;3734;10;Delantero
226;3741;11;Delantero
226;3664;14;Delantero
226;3685;15;Delantero
227;7016;1;Arquero
227;7036;12;Arquero
227;7014;22;Arquero
227;7009;2;Defensor
227;7015;3;Defensor
227;6941;4;Defensor
227;7012;6;Defensor
227;7029;13;Defensor
227;6994;14;Defensor
227;7006;19;Defensor
227;6989;5;Mediocampista
227;6999;7;Mediocampista
227;6948;8;Mediocampista
227;6977;10;Mediocampista
227;7005;15;Mediocampista
227;6974;18;Mediocampista
227;7033;20;Mediocampista
227;7019;9;Delantero
227;6969;11;Delantero
227;7041;16;Delantero
227;6996;17;Delantero
227;6979;21;Delantero
228;7935;1;Arquero
228;7907;12;Arquero
228;7829;22;Arquero
228;7886;2;Defensor
228;7941;3;Defensor
228;7883;4;Defensor
228;7873;5;Defensor
228;7849;13;Defensor
228;7950;18;Defensor
228;7974;19;Defensor
228;7827;6;Mediocampista
228;7976;7;Mediocampista
228;7929;8;Mediocampista
228;7959;10;Mediocampista
228;7822;16;Mediocampista
228;7862;17;Mediocampista
228;7977;20;Mediocampista
228;7997;21;Mediocampista
228;7900;9;Delantero
228;7836;11;Delantero
228;7975;14;Delantero
228;7876;15;Delantero
229;1641;1;Arquero
229;1675;12;Arquero
229;1471;22;Arquero
229;1497;2;Defensor
229;1611;3;Defensor
229;1627;4;Defensor
229;1382;6;Defensor
229;1348;13;Defensor
229;1390;14;Defensor
229;1537;15;Defensor
229;1548;5;Mediocampista
229;1430;8;Mediocampista
229;1678;9;Mediocampista
229;1600;10;Mediocampista
229;1518;16;Mediocampista
229;1550;17;Mediocampista
229;1374;7;Delantero
229;1625;11;Delantero
229;1586;18;Delantero
229;1560;19;Delantero
229;1629;20;Delantero
229;1659;21;Delantero
230;1813;1;Arquero
230;1893;21;Arquero
230;1914;22;Arquero
230;1913;3;Defensor
230;1826;4;Defensor
230;1882;5;Defensor
230;1850;13;Defensor
230;1916;14;Defensor
230;1803;15;Defensor
230;1853;2;Mediocampista
230;1858;6;Mediocampista
230;1874;8;Mediocampista
230;1876;10;Mediocampista
230;1860;11;Mediocampista
230;1859;12;Mediocampista
230;1841;17;Mediocampista
230;1840;18;Mediocampista
230;1902;7;Delantero
230;1877;9;Delantero
230;1917;16;Delantero
230;1829;19;Delantero
230;1879;20;Delantero
231;7073;1;Arquero
231;7119;16;Arquero
231;7139;2;Defensor
231;7103;3;Defensor
231;7097;4;Defensor
231;7166;5;Defensor
231;7209;6;Defensor
231;7210;12;Defensor
231;7169;18;Defensor
231;7121;21;Defensor
231;7171;7;Mediocampista
231;7175;8;Mediocampista
231;7115;10;Mediocampista
231;7064;13;Mediocampista
231;7130;14;Mediocampista
231;7214;17;Mediocampista
231;7162;19;Mediocampista
231;7143;20;Mediocampista
231;7185;9;Delantero
231;7060;11;Delantero
231;7179;15;Delantero
231;7226;22;Delantero
232;7763;1;Arquero
232;7650;12;Arquero
232;7673;22;Arquero
232;7740;2;Defensor
232;7612;3;Defensor
232;7629;4;Defensor
232;7720;5;Defensor
232;7739;13;Defensor
232;7697;14;Defensor
232;7723;15;Defensor
232;7772;6;Mediocampista
232;7679;8;Mediocampista
232;7793;9;Mediocampista
232;7713;16;Mediocampista
232;7764;17;Mediocampista
232;7731;18;Mediocampista
232;7630;21;Mediocampista
232;7707;7;Delantero
232;7638;10;Delantero
232;7633;11;Delantero
232;7609;19;Delantero
232;7653;20;Delantero
233;118;1;Arquero
233;145;12;Arquero
233;127;22;Arquero
233;32;3;Defensor
233;146;4;Defensor
233;95;5;Defensor
233;37;6;Defensor
233;23;14;Defensor
233;276;17;Defensor
233;259;2;Mediocampista
233;185;7;Mediocampista
233;83;8;Mediocampista
233;178;10;Mediocampista
233;69;15;Mediocampista
233;232;16;Mediocampista
233;53;20;Mediocampista
233;14;21;Mediocampista
233;226;9;Delantero
233;157;11;Delantero
233;272;13;Delantero
233;140;18;Delantero
233;137;19;Delantero
234;1313;1;Arquero
234;1304;12;Arquero
234;1312;19;Arquero
234;1296;2;Defensor
234;1309;3;Defensor
234;1303;4;Defensor
234;1298;5;Defensor
234;1311;13;Defensor
234;1276;16;Defensor
234;1308;17;Defensor
234;1267;6;Mediocampista
234;1297;7;Mediocampista
234;1289;8;Mediocampista
234;1278;10;Mediocampista
234;1300;14;Mediocampista
234;1310;15;Mediocampista
234;1274;20;Mediocampista
234;1307;21;Mediocampista
234;1265;22;Mediocampista
234;1295;9;Delantero
234;1292;11;Delantero
234;1299;18;Delantero
235;2364;1;Arquero
235;2494;21;Arquero
235;2476;22;Arquero
235;2376;2;Defensor
235;2464;3;Defensor
235;2436;4;Defensor
235;2499;5;Defensor
235;2506;7;Defensor
235;2372;12;Defensor
235;2346;13;Defensor
235;2392;20;Defensor
235;2478;6;Mediocampista
235;2486;8;Mediocampista
235;2430;9;Mediocampista
235;2450;10;Mediocampista
235;2362;14;Mediocampista
235;2354;15;Mediocampista
235;2385;16;Mediocampista
235;2383;17;Mediocampista
235;2367;19;Mediocampista
235;2504;11;Delantero
235;2398;18;Delantero
236;3571;1;Arquero
236;3348;13;Arquero
236;3439;22;Arquero
236;3383;2;Defensor
236;3479;3;Defensor
236;3345;4;Defensor
236;3307;5;Defensor
236;3408;6;Defensor
236;3535;12;Defensor
236;3563;17;Defensor
236;3317;18;Defensor
236;3469;20;Defensor
236;3395;7;Mediocampista
236;3404;8;Mediocampista
236;3403;9;Mediocampista
236;3334;10;Mediocampista
236;3346;15;Mediocampista
236;3460;16;Mediocampista
236;3442;21;Mediocampista
236;3338;11;Delantero
236;3420;14;Delantero
236;3426;19;Delantero
237;639;1;Arquero
237;652;12;Arquero
237;768;22;Arquero
237;799;2;Defensor
237;580;3;Defensor
237;769;4;Defensor
237;754;6;Defensor
237;566;13;Defensor
237;556;15;Defensor
237;603;16;Defensor
237;739;5;Mediocampista
237;543;8;Mediocampista
237;671;10;Mediocampista
237;772;14;Mediocampista
237;723;18;Mediocampista
237;744;20;Mediocampista
237;670;21;Mediocampista
237;572;7;Delantero
237;545;9;Delantero
237;679;11;Delantero
237;701;17;Delantero
237;536;19;Delantero
238;1747;1;Arquero
238;1756;12;Arquero
238;1739;2;Defensor
238;1722;3;Defensor
238;1777;4;Defensor
238;1714;5;Defensor
238;1718;15;Defensor
238;1726;16;Defensor
238;1788;6;Mediocampista
238;1741;9;Mediocampista
238;1692;11;Mediocampista
238;1790;13;Mediocampista
238;1707;14;Mediocampista
238;1708;19;Mediocampista
238;1690;20;Mediocampista
238;1733;7;Delantero
238;1774;8;Delantero
238;1771;10;Delantero
238;1748;17;Delantero
238;1684;18;Delantero
238;1792;21;Delantero
238;1685;22;Delantero
239;4159;1;Arquero
239;4146;15;Arquero
239;4130;20;Arquero
239;4129;2;Defensor
239;4150;3;Defensor
239;4157;4;Defensor
239;4140;5;Defensor
239;4143;13;Defensor
239;4145;18;Defensor
239;4127;22;Defensor
239;4178;6;Mediocampista
239;4164;8;Mediocampista
239;4161;10;Mediocampista
239;4179;11;Mediocampista
239;4158;12;Mediocampista
239;4138;17;Mediocampista
239;4149;19;Mediocampista
239;4172;7;Delantero
239;4153;9;Delantero
239;4134;14;Delantero
239;4128;16;Delantero
239;4126;21;Delantero
240;5867;1;Arquero
240;5787;16;Arquero
240;5785;22;Arquero
240;5808;2;Defensor
240;5829;3;Defensor
240;5833;4;Defensor
240;5854;5;Defensor
240;5840;6;Defensor
240;5819;13;Defensor
240;5813;19;Defensor
240;5853;20;Defensor
240;5859;8;Mediocampista
240;5855;10;Mediocampista
240;5795;11;Mediocampista
240;5860;15;Mediocampista
240;5782;21;Mediocampista
240;5821;7;Delantero
240;5881;9;Delantero
240;5870;12;Delantero
240;5794;14;Delantero
240;5828;17;Delantero
240;5812;18;Delantero
241;4810;1;Arquero
241;4831;22;Arquero
241;4826;2;Defensor
241;4847;3;Defensor
241;4841;4;Defensor
241;4839;5;Defensor
241;4854;11;Defensor
241;4830;12;Defensor
241;4832;13;Defensor
241;4809;14;Defensor
241;4828;6;Mediocampista
241;4855;7;Mediocampista
241;4824;8;Mediocampista
241;4851;10;Mediocampista
241;4838;17;Mediocampista
241;4856;18;Mediocampista
241;4840;19;Mediocampista
241;4837;21;Mediocampista
241;4808;9;Delantero
241;4816;15;Delantero
241;4814;16;Delantero
241;4829;20;Delantero
242;5157;1;Arquero
242;5120;12;Arquero
242;5001;22;Arquero
242;4972;2;Defensor
242;4985;3;Defensor
242;5040;4;Defensor
242;5117;5;Defensor
242;4979;6;Defensor
242;5135;7;Defensor
242;5146;8;Defensor
242;5216;9;Defensor
242;4959;11;Mediocampista
242;4975;13;Mediocampista
242;4988;14;Mediocampista
242;5037;15;Mediocampista
242;5061;16;Mediocampista
242;5065;17;Mediocampista
242;5241;21;Mediocampista
242;4976;10;Delantero
242;5018;18;Delantero
242;5128;19;Delantero
242;5208;20;Delantero
243;5552;1;Arquero
243;5593;12;Arquero
243;5565;22;Arquero
243;5755;2;Defensor
243;5713;3;Defensor
243;5520;4;Defensor
243;5714;5;Defensor
243;5742;18;Defensor
243;5623;21;Defensor
243;5536;6;Mediocampista
243;5607;8;Mediocampista
243;5566;13;Mediocampista
243;5584;14;Mediocampista
243;5590;15;Mediocampista
243;5603;17;Mediocampista
243;5729;20;Mediocampista
243;5626;7;Delantero
243;5745;9;Delantero
243;5605;10;Delantero
243;5777;11;Delantero
243;5763;16;Delantero
243;5743;19;Delantero
244;5936;1;Arquero
244;5901;12;Arquero
244;5929;13;Arquero
244;5903;2;Defensor
244;5915;3;Defensor
244;5891;4;Defensor
244;5889;5;Defensor
244;5925;14;Defensor
244;5921;15;Defensor
244;5894;17;Defensor
244;5902;18;Defensor
244;5888;20;Defensor
244;5924;7;Mediocampista
244;5920;8;Mediocampista
244;5928;10;Mediocampista
244;5935;19;Mediocampista
244;5890;22;Mediocampista
244;5898;6;Delantero
244;5896;9;Delantero
244;5912;11;Delantero
244;5934;16;Delantero
244;5931;21;Delantero
245;349;1;Arquero
245;372;21;Arquero
245;360;22;Arquero
245;350;2;Defensor
245;365;3;Defensor
245;437;4;Defensor
245;427;5;Defensor
245;340;13;Defensor
245;348;15;Defensor
245;378;17;Defensor
245;411;6;Mediocampista
245;346;8;Mediocampista
245;368;14;Mediocampista
245;422;16;Mediocampista
245;344;18;Mediocampista
245;432;19;Mediocampista
245;356;7;Delantero
245;342;9;Delantero
245;369;10;Delantero
245;366;11;Delantero
245;361;12;Delantero
245;417;20;Delantero
246;1183;1;Arquero
246;1096;12;Arquero
246;1241;20;Arquero
246;1150;2;Defensor
246;1053;3;Defensor
246;1042;4;Defensor
246;1195;5;Defensor
246;1126;13;Defensor
246;1098;14;Defensor
246;1115;15;Defensor
246;1224;19;Defensor
246;1186;22;Defensor
246;1197;6;Mediocampista
246;1213;7;Mediocampista
246;1189;10;Mediocampista
246;1052;16;Mediocampista
246;1256;18;Mediocampista
246;1216;21;Mediocampista
246;1166;8;Delantero
246;1090;9;Delantero
246;1083;11;Delantero
246;1254;17;Delantero
247;5407;1;Arquero
247;5438;12;Arquero
247;5441;22;Arquero
247;5395;2;Defensor
247;5451;3;Defensor
247;5454;4;Defensor
247;5509;5;Defensor
247;5489;6;Defensor
247;5484;14;Defensor
247;5490;18;Defensor
247;5450;7;Mediocampista
247;5408;8;Mediocampista
247;5448;10;Mediocampista
247;5436;11;Mediocampista
247;5443;15;Mediocampista
247;5426;19;Mediocampista
247;5475;20;Mediocampista
247;5429;9;Delantero
247;5409;13;Delantero
247;5488;16;Delantero
247;5480;17;Delantero
247;5504;21;Delantero
248;6011;1;Arquero
248;6129;13;Arquero
248;6109;22;Arquero
248;6007;2;Defensor
248;6058;4;Defensor
248;6135;14;Defensor
248;5993;15;Defensor
248;6081;16;Defensor
248;6119;18;Defensor
248;6022;21;Defensor
248;6096;3;Mediocampista
248;6166;5;Mediocampista
248;6167;6;Mediocampista
248;6052;8;Mediocampista
248;6009;9;Mediocampista
248;6164;20;Mediocampista
248;6085;7;Delantero
248;5989;10;Delantero
248;6099;11;Delantero
248;5997;12;Delantero
248;6114;17;Delantero
248;6149;19;Delantero
249;978;1;Arquero
249;970;21;Arquero
249;969;22;Arquero
249;915;2;Defensor
249;987;3;Defensor
249;991;4;Defensor
249;1013;5;Defensor
249;1006;7;Defensor
249;917;8;Defensor
249;1023;18;Defensor
249;1040;6;Mediocampista
249;979;10;Mediocampista
249;955;11;Mediocampista
249;921;12;Mediocampista
249;1003;16;Mediocampista
249;937;19;Mediocampista
249;949;20;Mediocampista
249;996;9;Delantero
249;986;13;Delantero
249;1005;14;Delantero
249;961;15;Delantero
249;992;17;Delantero
250;6914;1;Arquero
250;6863;21;Arquero
250;6876;22;Arquero
250;6772;2;Defensor
250;6827;3;Defensor
250;6833;5;Defensor
250;6916;6;Defensor
250;6773;7;Defensor
250;6796;12;Defensor
250;6830;15;Defensor
250;6803;4;Mediocampista
250;6788;8;Mediocampista
250;6848;9;Mediocampista
250;6866;11;Mediocampista
250;6871;13;Mediocampista
250;6929;14;Mediocampista
250;6815;16;Mediocampista
250;6872;20;Mediocampista
250;6909;10;Delantero
250;6832;17;Delantero
250;6855;18;Delantero
250;6800;19;Delantero
251;3684;1;Arquero
251;3662;18;Arquero
251;3729;22;Arquero
251;3727;2;Defensor
251;3628;3;Defensor
251;3584;4;Defensor
251;3735;5;Defensor
251;3666;12;Defensor
251;3580;15;Defensor
251;3583;17;Defensor
251;3600;20;Defensor
251;3649;6;Mediocampista
251;3703;7;Mediocampista
251;3590;8;Mediocampista
251;3723;14;Mediocampista
251;3651;19;Mediocampista
251;3612;21;Mediocampista
251;3724;9;Delantero
251;3731;10;Delantero
251;3741;11;Delantero
251;3630;13;Delantero
251;3689;16;Delantero
252;5239;1;Arquero
252;5213;12;Arquero
252;5157;22;Arquero
252;4979;2;Defensor
252;4987;3;Defensor
252;5046;4;Defensor
252;5069;5;Defensor
252;5074;6;Defensor
252;5117;7;Defensor
252;5229;8;Defensor
252;4967;9;Mediocampista
252;4988;10;Mediocampista
252;5047;11;Mediocampista
252;5089;13;Mediocampista
252;5125;14;Mediocampista
252;5061;17;Mediocampista
252;4976;15;Delantero
252;5016;16;Delantero
252;5118;18;Delantero
252;5201;19;Delantero
252;5207;20;Delantero
252;5228;21;Delantero
253;736;1;Arquero
253;586;1;Arquero
253;639;12;Arquero
253;571;22;Arquero
253;546;5;Defensor
253;611;11;Defensor
253;667;13;Defensor
253;689;15;Defensor
253;769;17;Defensor
253;770;18;Defensor
253;754;19;Defensor
253;773;20;Defensor
253;544;2;Mediocampista
253;543;4;Mediocampista
253;567;6;Mediocampista
253;564;7;Mediocampista
253;671;10;Mediocampista
253;633;14;Mediocampista
253;695;16;Mediocampista
253;789;21;Mediocampista
253;536;3;Delantero
253;572;8;Delantero
253;601;9;Delantero
254;1813;1;Arquero
254;1893;16;Arquero
254;1914;22;Arquero
254;1905;3;Defensor
254;1866;4;Defensor
254;1824;5;Defensor
254;1855;6;Defensor
254;1927;12;Defensor
254;1916;14;Defensor
254;1882;17;Defensor
254;1853;2;Mediocampista
254;1874;8;Mediocampista
254;1876;10;Mediocampista
254;1908;13;Mediocampista
254;1858;15;Mediocampista
254;1839;19;Mediocampista
254;1860;21;Mediocampista
254;1902;7;Delantero
254;1877;9;Delantero
254;1825;11;Delantero
254;1821;18;Delantero
254;1862;20;Delantero
255;6988;1;Arquero
255;7036;12;Arquero
255;6986;22;Arquero
255;7022;2;Defensor
255;6981;3;Defensor
255;6936;4;Defensor
255;7024;5;Defensor
255;7010;13;Defensor
255;7027;19;Defensor
255;7012;6;Mediocampista
255;7025;8;Mediocampista
255;6977;10;Mediocampista
255;6991;11;Mediocampista
255;6993;15;Mediocampista
255;7000;20;Mediocampista
255;6989;21;Mediocampista
255;6984;7;Delantero
255;6947;9;Delantero
255;7019;14;Delantero
255;7039;16;Delantero
255;6969;17;Delantero
255;6937;18;Delantero
256;7082;1;Arquero
256;7072;16;Arquero
256;7215;22;Arquero
256;7061;2;Defensor
256;7120;3;Defensor
256;7140;4;Defensor
256;7083;5;Defensor
256;7213;13;Defensor
256;7231;17;Defensor
256;7095;19;Defensor
256;7103;20;Defensor
256;7180;6;Mediocampista
256;7048;7;Mediocampista
256;7144;8;Mediocampista
256;7227;9;Mediocampista
256;7219;15;Mediocampista
256;7195;18;Mediocampista
256;7066;21;Mediocampista
256;7177;10;Delantero
256;7085;11;Delantero
256;7064;12;Delantero
256;7145;14;Delantero
257;1641;1;Arquero
257;1340;12;Arquero
257;1668;22;Arquero
257;1497;2;Defensor
257;1610;3;Defensor
257;1382;6;Defensor
257;1559;13;Defensor
257;1348;14;Defensor
257;1611;19;Defensor
257;1546;21;Defensor
257;1430;4;Mediocampista
257;1349;5;Mediocampista
257;1381;7;Mediocampista
257;1651;8;Mediocampista
257;1636;10;Mediocampista
257;1550;18;Mediocampista
257;1392;9;Delantero
257;1625;11;Delantero
257;1560;15;Delantero
257;1374;16;Delantero
257;1607;17;Delantero
257;1647;20;Delantero
258;2597;1;Arquero
258;2577;21;Arquero
258;2656;22;Arquero
258;2649;2;Defensor
258;2605;3;Defensor
258;2615;4;Defensor
258;2644;5;Defensor
258;2594;6;Defensor
258;2630;15;Defensor
258;2624;18;Defensor
258;2637;20;Defensor
258;2593;8;Mediocampista
258;2617;9;Mediocampista
258;2650;10;Mediocampista
258;2611;12;Mediocampista
258;2601;13;Mediocampista
258;2628;19;Mediocampista
258;2634;7;Delantero
258;2623;11;Delantero
258;2590;14;Delantero
258;2622;16;Delantero
258;2640;17;Delantero
259;3180;1;Arquero
259;3150;12;Arquero
259;3154;22;Arquero
259;3200;2;Defensor
259;3151;4;Defensor
259;3186;6;Defensor
259;3149;11;Defensor
259;3181;15;Defensor
259;3197;17;Defensor
259;3204;19;Defensor
259;3100;3;Mediocampista
259;3206;5;Mediocampista
259;3106;8;Mediocampista
259;3201;10;Mediocampista
259;3192;16;Mediocampista
259;3124;18;Mediocampista
259;3190;20;Mediocampista
259;3170;7;Delantero
259;3193;9;Delantero
259;3138;13;Delantero
259;3196;14;Delantero
259;3143;21;Delantero
260;7617;1;Arquero
260;7650;12;Arquero
260;7763;22;Arquero
260;7649;2;Defensor
260;7677;3;Defensor
260;7709;4;Defensor
260;7720;5;Defensor
260;7740;6;Defensor
260;7749;7;Defensor
260;7772;8;Defensor
260;7647;9;Mediocampista
260;7679;10;Mediocampista
260;7685;11;Mediocampista
260;7713;13;Mediocampista
260;7737;14;Mediocampista
260;7781;15;Mediocampista
260;7793;16;Mediocampista
260;7662;19;Mediocampista
260;7633;17;Delantero
260;7645;18;Delantero
260;7726;20;Delantero
260;7761;21;Delantero
261;118;1;Arquero
261;10;12;Arquero
261;145;22;Arquero
261;224;2;Defensor
261;32;3;Defensor
261;146;4;Defensor
261;9;5;Defensor
261;37;6;Defensor
261;23;14;Defensor
261;252;16;Defensor
261;212;19;Defensor
261;168;7;Mediocampista
261;83;8;Mediocampista
261;178;10;Mediocampista
261;19;15;Mediocampista
261;185;17;Mediocampista
261;267;20;Mediocampista
261;99;21;Mediocampista
261;272;9;Delantero
261;183;11;Delantero
261;226;13;Delantero
261;140;18;Delantero
262;2243;1;Arquero
262;2261;12;Arquero
262;2226;2;Defensor
262;2235;3;Defensor
262;2242;4;Defensor
262;2294;5;Defensor
262;2244;13;Defensor
262;2267;15;Defensor
262;2216;17;Defensor
262;2254;21;Defensor
262;2270;6;Mediocampista
262;2234;8;Mediocampista
262;2289;10;Mediocampista
262;2276;11;Mediocampista
262;2198;14;Mediocampista
262;2212;18;Mediocampista
262;2230;20;Mediocampista
262;2229;7;Delantero
262;2239;9;Delantero
262;2246;16;Delantero
262;2278;19;Delantero
262;2241;22;Delantero
263;3079;1;Arquero
263;3094;17;Arquero
263;3080;22;Arquero
263;3090;2;Defensor
263;3093;4;Defensor
263;3078;6;Defensor
263;3088;15;Defensor
263;3092;16;Defensor
263;3083;19;Defensor
263;3097;20;Defensor
263;3081;21;Defensor
263;3089;3;Mediocampista
263;3096;5;Mediocampista
263;3091;8;Mediocampista
263;3086;13;Mediocampista
263;3095;14;Mediocampista
263;3084;18;Mediocampista
263;3085;7;Delantero
263;3077;9;Delantero
263;3082;10;Delantero
263;3098;11;Delantero
263;3087;12;Delantero
264;7360;1;Arquero
264;7445;12;Arquero
264;7399;22;Arquero
264;7496;2;Defensor
264;7492;3;Defensor
264;7528;4;Defensor
264;7349;5;Defensor
264;7373;6;Defensor
264;7379;13;Defensor
264;2698;17;Defensor
264;7304;18;Defensor
264;7447;21;Defensor
264;7314;7;Mediocampista
264;7508;8;Mediocampista
264;7502;10;Mediocampista
264;2735;15;Mediocampista
264;7479;16;Mediocampista
264;7448;9;Delantero
264;7524;11;Delantero
264;2683;14;Delantero
264;7482;19;Delantero
264;2755;20;Delantero
265;1183;1;Arquero
265;1051;12;Arquero
265;1096;20;Arquero
265;1121;2;Defensor
265;1042;3;Defensor
265;1077;4;Defensor
265;1104;7;Defensor
265;1126;13;Defensor
265;1092;15;Defensor
265;1098;16;Defensor
265;1181;17;Defensor
265;1248;22;Defensor
265;1244;5;Mediocampista
265;1115;6;Mediocampista
265;1213;8;Mediocampista
265;1189;10;Mediocampista
265;1197;18;Mediocampista
265;1090;9;Delantero
265;1070;11;Delantero
265;1074;14;Delantero
265;1218;19;Delantero
265;1256;21;Delantero
266;2437;1;Arquero
266;2403;19;Arquero
266;2364;21;Arquero
266;2501;2;Defensor
266;2366;3;Defensor
266;2517;4;Defensor
266;2380;5;Defensor
266;2377;13;Defensor
266;2356;15;Defensor
266;2383;17;Defensor
266;2392;20;Defensor
266;2487;7;Mediocampista
266;2375;8;Mediocampista
266;2394;9;Mediocampista
266;2472;10;Mediocampista
266;2461;12;Mediocampista
266;2430;16;Mediocampista
266;2478;22;Mediocampista
266;2475;6;Delantero
266;2348;11;Delantero
266;2368;14;Delantero
266;2398;18;Delantero
267;3571;1;Arquero
267;3308;13;Arquero
267;3474;22;Arquero
267;3359;2;Defensor
267;3416;3;Defensor
267;3322;4;Defensor
267;3527;5;Defensor
267;3499;8;Defensor
267;3317;12;Defensor
267;3401;14;Defensor
267;3408;17;Defensor
267;3453;6;Mediocampista
267;3382;10;Mediocampista
267;3562;11;Mediocampista
267;3515;15;Mediocampista
267;3334;16;Mediocampista
267;3501;18;Mediocampista
267;3457;21;Mediocampista
267;3483;7;Delantero
267;3342;9;Delantero
267;3426;19;Delantero
267;3446;20;Delantero
268;8236;1;Arquero
268;8386;12;Arquero
268;8464;22;Arquero
268;8327;2;Defensor
268;8286;3;Defensor
268;8329;4;Defensor
268;8291;6;Defensor
268;8402;13;Defensor
268;8394;14;Defensor
268;8383;5;Mediocampista
268;8377;8;Mediocampista
268;8305;9;Mediocampista
268;8381;10;Mediocampista
268;8277;15;Mediocampista
268;8248;16;Mediocampista
268;8388;20;Mediocampista
268;8271;21;Mediocampista
268;8237;7;Delantero
268;8437;11;Delantero
268;8347;17;Delantero
268;8233;18;Delantero
268;8301;19;Delantero
269;3025;1;Arquero
269;3028;21;Arquero
269;2982;22;Arquero
269;2998;2;Defensor
269;3033;3;Defensor
269;3018;4;Defensor
269;3004;6;Defensor
269;3032;5;Mediocampista
269;3034;7;Mediocampista
269;2976;8;Mediocampista
269;2974;10;Mediocampista
269;3027;11;Mediocampista
269;2977;12;Mediocampista
269;3009;14;Mediocampista
269;2980;15;Mediocampista
269;3029;16;Mediocampista
269;3014;18;Mediocampista
269;2997;9;Delantero
269;3017;13;Delantero
269;3023;17;Delantero
269;2975;19;Delantero
269;2983;20;Delantero
270;4628;1;Arquero
270;4671;13;Arquero
270;4451;22;Arquero
270;4640;2;Defensor
270;4601;3;Defensor
270;4656;5;Defensor
270;4465;6;Defensor
270;4599;12;Defensor
270;4673;14;Defensor
270;4499;15;Defensor
270;4660;4;Mediocampista
270;4616;7;Mediocampista
270;4654;8;Mediocampista
270;4447;11;Mediocampista
270;4576;16;Mediocampista
270;4605;17;Mediocampista
270;4532;18;Mediocampista
270;4518;19;Mediocampista
270;4639;20;Mediocampista
270;4450;9;Delantero
270;4562;10;Delantero
270;4463;21;Delantero
271;4810;1;Arquero
271;4846;22;Arquero
271;4842;2;Defensor
271;4854;3;Defensor
271;4836;4;Defensor
271;4841;5;Defensor
271;4839;7;Defensor
271;4845;12;Defensor
271;4825;14;Defensor
271;4856;6;Mediocampista
271;4824;8;Mediocampista
271;4850;11;Mediocampista
271;4855;13;Mediocampista
271;4851;16;Mediocampista
271;4840;21;Mediocampista
271;4808;9;Delantero
271;4814;10;Delantero
271;4852;15;Delantero
271;4848;17;Delantero
271;4853;18;Delantero
271;4829;19;Delantero
271;4812;20;Delantero
272;6124;1;Arquero
272;6042;16;Arquero
272;6074;22;Arquero
272;6121;2;Defensor
272;6058;4;Defensor
272;6148;5;Defensor
272;6100;13;Defensor
272;6030;18;Defensor
272;5993;21;Defensor
272;6096;3;Mediocampista
272;6167;6;Mediocampista
272;6057;7;Mediocampista
272;6150;8;Mediocampista
272;6036;10;Mediocampista
272;6165;11;Mediocampista
272;6120;14;Mediocampista
272;6164;20;Mediocampista
272;6122;9;Delantero
272;6054;12;Delantero
272;6099;15;Delantero
272;6034;17;Delantero
272;6141;19;Delantero
273;652;15;Arquero
273;736;18;Arquero
273;808;22;Arquero
273;561;5;Defensor
273;714;6;Defensor
273;584;8;Defensor
273;592;9;Defensor
273;631;13;Defensor
273;695;16;Defensor
273;754;19;Defensor
273;544;2;Mediocampista
273;552;3;Mediocampista
273;557;4;Mediocampista
273;564;7;Mediocampista
273;671;10;Mediocampista
273;608;12;Mediocampista
273;633;14;Mediocampista
273;782;20;Mediocampista
273;788;21;Mediocampista
273;521;1;Delantero
273;794;11;Delantero
273;713;17;Delantero
274;1747;1;Arquero
274;1778;22;Arquero
274;1687;3;Defensor
274;1765;4;Defensor
274;1699;5;Defensor
274;1795;12;Defensor
274;1743;13;Defensor
274;1704;21;Defensor
274;1771;2;Mediocampista
274;1799;6;Mediocampista
274;1768;8;Mediocampista
274;1712;10;Mediocampista
274;1709;11;Mediocampista
274;1744;14;Mediocampista
274;1789;15;Mediocampista
274;1730;17;Mediocampista
274;1760;19;Mediocampista
274;1719;7;Delantero
274;1751;9;Delantero
274;1703;16;Delantero
274;1781;18;Delantero
274;1734;20;Delantero
275;2351;1;Arquero
275;2490;21;Arquero
275;2501;2;Defensor
275;2377;3;Defensor
275;2380;5;Defensor
275;2438;12;Defensor
275;2356;14;Defensor
275;2515;15;Defensor
275;2355;4;Mediocampista
275;2359;8;Mediocampista
275;2368;9;Mediocampista
275;2487;13;Mediocampista
275;2393;17;Mediocampista
275;2439;18;Mediocampista
275;2348;19;Mediocampista
275;2475;6;Delantero
275;2429;7;Delantero
275;2492;10;Delantero
275;2349;11;Delantero
275;2430;16;Delantero
275;2448;20;Delantero
275;2413;22;Delantero
276;5083;1;Arquero
276;5214;12;Arquero
276;5239;22;Arquero
276;4987;2;Defensor
276;5006;3;Defensor
276;5035;4;Defensor
276;5147;5;Defensor
276;5202;6;Defensor
276;5224;7;Defensor
276;5229;8;Defensor
276;4967;9;Mediocampista
276;4977;10;Mediocampista
276;4980;11;Mediocampista
276;5047;13;Mediocampista
276;5056;14;Mediocampista
276;5215;15;Mediocampista
276;5038;16;Delantero
276;5228;17;Delantero
276;4963;18;Delantero
276;5081;19;Delantero
276;5195;20;Delantero
276;5207;21;Delantero
277;1178;1;Arquero
277;1164;12;Arquero
277;1051;20;Arquero
277;1121;2;Defensor
277;1213;3;Defensor
277;1098;4;Defensor
277;1187;5;Defensor
277;1126;13;Defensor
277;1077;14;Defensor
277;1061;19;Defensor
277;1104;21;Defensor
277;1248;22;Defensor
277;1237;6;Mediocampista
277;1232;7;Mediocampista
277;1189;8;Mediocampista
277;1070;11;Mediocampista
277;1214;15;Mediocampista
277;1161;17;Mediocampista
277;1230;9;Delantero
277;1106;10;Delantero
277;1074;16;Delantero
277;1249;18;Delantero
278;4790;1;Arquero
278;4794;20;Arquero
278;4795;21;Arquero
278;4793;2;Defensor
278;4797;3;Defensor
278;4806;4;Defensor
278;4807;5;Defensor
278;4796;13;Defensor
278;4791;15;Defensor
278;4801;17;Defensor
278;4787;22;Defensor
278;4792;6;Mediocampista
278;4799;7;Mediocampista
278;4788;12;Mediocampista
278;4789;14;Mediocampista
278;4798;16;Mediocampista
278;4800;18;Mediocampista
278;4802;19;Mediocampista
278;4803;8;Delantero
278;4804;9;Delantero
278;4805;10;Delantero
278;4786;11;Delantero
279;5644;1;Arquero
279;5727;12;Arquero
279;5625;20;Arquero
279;5762;2;Defensor
279;5712;3;Defensor
279;5655;4;Defensor
279;5575;14;Defensor
279;5751;17;Defensor
279;5519;18;Defensor
279;5581;6;Mediocampista
279;5589;7;Mediocampista
279;5586;8;Mediocampista
279;5543;10;Mediocampista
279;5676;16;Mediocampista
279;5689;21;Mediocampista
279;5683;22;Mediocampista
279;5576;5;Delantero
279;5745;9;Delantero
279;5626;11;Delantero
279;5514;13;Delantero
279;5597;15;Delantero
279;5631;19;Delantero
280;6259;1;Arquero
280;6216;12;Arquero
280;6248;22;Arquero
280;6328;2;Defensor
280;6340;3;Defensor
280;6321;4;Defensor
280;6251;5;Defensor
280;6233;13;Defensor
280;6226;14;Defensor
280;6229;15;Defensor
280;6297;6;Mediocampista
280;6260;7;Mediocampista
280;6315;8;Mediocampista
280;6236;10;Mediocampista
280;6274;16;Mediocampista
280;6201;17;Mediocampista
280;6247;19;Mediocampista
280;6227;9;Delantero
280;6288;11;Delantero
280;6278;18;Delantero
280;6275;20;Delantero
280;6202;21;Delantero
281;1953;1;Arquero
281;1942;21;Arquero
281;1938;22;Arquero
281;1952;2;Defensor
281;1975;3;Defensor
281;1959;5;Defensor
281;1931;6;Defensor
281;1966;12;Defensor
281;1956;20;Defensor
281;1965;4;Mediocampista
281;1941;8;Mediocampista
281;1969;11;Mediocampista
281;1962;13;Mediocampista
281;1946;15;Mediocampista
281;1945;16;Mediocampista
281;1960;17;Mediocampista
281;1954;18;Mediocampista
281;1937;19;Mediocampista
281;1971;7;Delantero
281;1967;9;Delantero
281;1973;10;Delantero
281;1958;14;Delantero
282;3761;1;Arquero
282;3770;21;Arquero
282;3955;22;Arquero
282;3748;2;Defensor
282;3755;3;Defensor
282;3762;4;Defensor
282;3772;5;Defensor
282;3778;6;Defensor
282;3893;7;Defensor
282;3984;8;Defensor
282;3838;9;Mediocampista
282;3938;10;Mediocampista
282;3839;11;Mediocampista
282;3848;12;Mediocampista
282;3844;13;Mediocampista
282;3979;14;Mediocampista
282;3991;15;Mediocampista
282;3764;16;Delantero
282;3928;17;Delantero
282;3951;18;Delantero
282;3971;19;Delantero
282;3999;20;Delantero
283;4291;1;Arquero
283;4382;18;Arquero
283;4265;22;Arquero
283;4368;2;Defensor
283;4367;3;Defensor
283;4403;4;Defensor
283;4316;5;Defensor
283;4300;6;Defensor
283;4350;8;Defensor
283;4286;12;Defensor
283;4290;13;Defensor
283;4358;14;Defensor
283;4288;9;Mediocampista
283;4289;10;Mediocampista
283;4311;15;Mediocampista
283;4352;16;Mediocampista
283;4280;17;Mediocampista
283;4322;7;Delantero
283;4293;11;Delantero
283;4276;19;Delantero
283;4331;20;Delantero
283;4309;21;Delantero
284;7082;1;Arquero
284;7072;16;Arquero
284;7134;22;Arquero
284;7061;2;Defensor
284;7076;3;Defensor
284;7161;4;Defensor
284;7083;5;Defensor
284;7067;6;Defensor
284;7140;10;Defensor
284;7142;15;Defensor
284;7219;7;Mediocampista
284;7218;8;Mediocampista
284;7227;9;Mediocampista
284;7053;12;Mediocampista
284;7144;13;Mediocampista
284;7048;20;Mediocampista
284;7180;21;Mediocampista
284;7063;11;Delantero
284;7181;14;Delantero
284;7225;17;Delantero
284;7177;18;Delantero
284;7057;19;Delantero
285;463;1;Arquero
285;464;21;Arquero
285;439;22;Arquero
285;472;2;Defensor
285;479;4;Defensor
285;491;5;Defensor
285;498;15;Defensor
285;487;16;Defensor
285;457;19;Defensor
285;493;20;Defensor
285;459;3;Mediocampista
285;476;6;Mediocampista
285;489;8;Mediocampista
285;444;10;Mediocampista
285;510;14;Mediocampista
285;447;17;Mediocampista
285;445;18;Mediocampista
285;440;7;Delantero
285;494;9;Delantero
285;484;11;Delantero
285;448;12;Delantero
285;474;13;Delantero
286;1393;1;Arquero
286;1587;12;Arquero
286;1516;22;Arquero
286;1439;2;Defensor
286;1574;3;Defensor
286;1435;4;Defensor
286;1508;6;Defensor
286;1498;13;Defensor
286;1504;14;Defensor
286;1546;16;Defensor
286;1382;17;Defensor
286;1448;5;Mediocampista
286;1677;10;Mediocampista
286;1349;15;Mediocampista
286;1639;18;Mediocampista
286;1443;19;Mediocampista
286;1636;20;Mediocampista
286;1651;21;Mediocampista
286;1560;7;Delantero
286;1398;8;Delantero
286;1392;9;Delantero
286;1436;11;Delantero
287;3571;1;Arquero
287;3554;13;Arquero
287;3308;22;Arquero
287;3545;2;Defensor
287;3344;3;Defensor
287;3445;4;Defensor
287;3396;8;Defensor
287;3425;11;Defensor
287;3359;15;Defensor
287;3560;5;Mediocampista
287;3399;6;Mediocampista
287;3534;7;Mediocampista
287;3388;14;Mediocampista
287;3384;17;Mediocampista
287;3343;18;Mediocampista
287;3457;21;Mediocampista
287;3342;9;Delantero
287;3352;10;Delantero
287;3500;12;Delantero
287;3513;16;Delantero
287;3426;19;Delantero
287;3376;20;Delantero
288;4883;1;Arquero
288;4901;12;Arquero
288;4881;13;Arquero
288;4896;2;Defensor
288;4872;3;Defensor
288;4897;4;Defensor
288;4888;5;Defensor
288;4911;15;Defensor
288;4885;18;Defensor
288;4886;6;Mediocampista
288;4890;8;Mediocampista
288;4903;16;Mediocampista
288;4892;20;Mediocampista
288;4862;21;Mediocampista
288;4900;7;Delantero
288;4902;9;Delantero
288;4910;10;Delantero
288;4907;11;Delantero
288;4857;14;Delantero
288;4867;17;Delantero
288;4879;19;Delantero
288;4865;22;Delantero
289;242;1;Arquero
289;251;12;Arquero
289;119;22;Arquero
289;34;2;Defensor
289;32;3;Defensor
289;62;4;Defensor
289;96;5;Defensor
289;52;6;Defensor
289;23;14;Defensor
289;9;15;Defensor
289;121;17;Defensor
289;168;7;Mediocampista
289;178;8;Mediocampista
289;172;10;Mediocampista
289;4;13;Mediocampista
289;267;16;Mediocampista
289;218;18;Mediocampista
289;227;21;Mediocampista
289;272;9;Delantero
289;231;11;Delantero
289;5;19;Delantero
289;107;20;Delantero
290;2872;1;Arquero
290;2871;16;Arquero
290;2823;22;Arquero
290;2883;2;Defensor
290;2798;3;Defensor
290;2867;4;Defensor
290;2863;5;Defensor
290;2795;12;Defensor
290;2864;17;Defensor
290;2786;21;Defensor
290;2848;6;Mediocampista
290;2856;7;Mediocampista
290;2866;8;Mediocampista
290;2794;9;Mediocampista
290;2844;11;Mediocampista
290;2815;13;Mediocampista
290;2789;15;Mediocampista
290;2791;20;Mediocampista
290;2809;10;Delantero
290;2881;14;Delantero
290;2800;18;Delantero
290;2812;19;Delantero
291;3180;1;Arquero
291;3150;12;Arquero
291;3221;22;Arquero
291;3151;2;Defensor
291;3186;3;Defensor
291;3200;5;Defensor
291;3207;6;Defensor
291;3214;13;Defensor
291;3212;14;Defensor
291;3101;15;Defensor
291;3225;4;Mediocampista
291;3227;7;Mediocampista
291;3100;8;Mediocampista
291;3105;9;Mediocampista
291;3106;10;Mediocampista
291;3206;11;Mediocampista
291;3191;16;Delantero
291;3103;17;Delantero
291;3224;18;Delantero
291;3213;19;Delantero
291;3228;20;Delantero
291;3126;21;Delantero
292;8412;1;Arquero
292;8236;12;Arquero
292;8378;22;Arquero
292;8327;2;Defensor
292;8232;3;Defensor
292;8290;4;Defensor
292;8247;6;Defensor
292;8458;13;Defensor
292;8384;14;Defensor
292;8406;15;Defensor
292;8253;5;Mediocampista
292;8246;8;Mediocampista
292;8305;10;Mediocampista
292;8422;11;Mediocampista
292;8424;16;Mediocampista
292;8416;17;Mediocampista
292;8381;18;Mediocampista
292;8237;7;Delantero
292;8282;9;Delantero
292;8398;19;Delantero
292;8233;20;Delantero
292;8257;21;Delantero
293;4628;1;Arquero
293;4671;13;Arquero
293;4440;22;Arquero
293;4640;2;Defensor
293;4620;3;Defensor
293;4570;5;Defensor
293;4465;6;Defensor
293;4434;12;Defensor
293;4505;14;Defensor
293;4641;15;Defensor
293;4531;4;Mediocampista
293;4616;7;Mediocampista
293;4663;8;Mediocampista
293;4654;11;Mediocampista
293;4611;16;Mediocampista
293;4639;17;Mediocampista
293;4532;18;Mediocampista
293;4447;19;Mediocampista
293;4526;9;Delantero
293;4562;10;Delantero
293;4450;20;Delantero
293;4498;21;Delantero
294;5510;1;Arquero
294;5470;12;Arquero
294;5471;22;Arquero
294;5478;2;Defensor
294;5482;3;Defensor
294;5444;4;Defensor
294;5425;5;Defensor
294;5492;14;Defensor
294;5474;19;Defensor
294;5418;20;Defensor
294;5440;6;Mediocampista
294;5448;7;Mediocampista
294;5419;8;Mediocampista
294;5508;10;Mediocampista
294;5449;15;Mediocampista
294;5402;16;Mediocampista
294;5477;17;Mediocampista
294;5506;21;Mediocampista
294;5479;9;Delantero
294;5487;11;Delantero
294;5495;13;Delantero
294;5500;18;Delantero
295;6540;1;Arquero
295;6502;12;Arquero
295;6586;19;Arquero
295;6557;2;Defensor
295;6599;3;Defensor
295;6547;4;Defensor
295;6592;5;Defensor
295;6532;10;Defensor
295;6515;14;Defensor
295;6549;18;Defensor
295;6536;6;Mediocampista
295;6580;7;Mediocampista
295;6500;9;Mediocampista
295;6506;13;Mediocampista
295;6453;15;Mediocampista
295;6466;21;Mediocampista
295;6584;8;Delantero
295;6568;11;Delantero
295;6548;16;Delantero
295;6596;17;Delantero
295;6447;20;Delantero
295;6471;22;Delantero
296;6613;1;Arquero
296;6667;12;Arquero
296;6631;22;Arquero
296;6664;2;Defensor
296;6606;5;Defensor
296;6651;8;Defensor
296;6612;11;Defensor
296;6686;13;Defensor
296;6695;15;Defensor
296;6668;16;Defensor
296;6734;18;Defensor
296;6660;20;Defensor
296;6611;3;Mediocampista
296;6717;4;Mediocampista
296;6620;6;Mediocampista
296;6696;7;Mediocampista
296;6662;14;Mediocampista
296;6610;21;Mediocampista
296;6654;9;Delantero
296;6652;10;Delantero
296;6635;17;Delantero
296;6722;19;Delantero
297;1893;1;Arquero
297;1813;12;Arquero
297;1919;22;Arquero
297;1849;2;Defensor
297;1832;3;Defensor
297;1883;4;Defensor
297;1904;5;Defensor
297;1855;6;Defensor
297;1872;7;Defensor
297;1886;15;Defensor
297;1807;16;Defensor
297;1871;8;Mediocampista
297;1923;11;Mediocampista
297;1801;14;Mediocampista
297;1852;17;Mediocampista
297;1830;19;Mediocampista
297;1877;9;Delantero
297;1921;10;Delantero
297;1809;13;Delantero
297;1891;18;Delantero
297;1836;20;Delantero
297;1822;21;Delantero
298;5240;1;Arquero
298;4999;12;Arquero
298;5083;22;Arquero
298;4979;2;Defensor
298;4987;3;Defensor
298;5006;4;Defensor
298;5035;5;Defensor
298;5086;6;Defensor
298;5202;7;Defensor
298;5229;8;Defensor
298;4970;9;Mediocampista
298;5064;10;Mediocampista
298;5124;11;Mediocampista
298;5155;13;Mediocampista
298;5215;14;Mediocampista
298;5022;15;Mediocampista
298;5038;16;Mediocampista
298;5128;17;Mediocampista
298;4963;18;Delantero
298;5094;19;Delantero
298;5195;20;Delantero
298;5204;21;Delantero
299;6341;1;Arquero
299;6383;12;Arquero
299;6413;21;Arquero
299;6369;2;Defensor
299;6423;3;Defensor
299;6379;4;Defensor
299;6345;13;Defensor
299;6387;14;Defensor
299;6368;15;Defensor
299;6407;16;Defensor
299;6436;6;Mediocampista
299;6362;8;Mediocampista
299;6433;9;Mediocampista
299;6361;10;Mediocampista
299;6396;18;Mediocampista
299;6419;20;Mediocampista
299;6417;22;Mediocampista
299;6392;5;Delantero
299;6347;7;Delantero
299;6406;11;Delantero
299;6402;17;Delantero
299;6389;19;Delantero
300;6540;1;Arquero
300;6502;21;Arquero
300;6541;22;Arquero
300;6467;2;Defensor
300;6518;3;Defensor
300;6461;4;Defensor
300;6491;5;Defensor
300;6566;6;Defensor
300;6490;7;Defensor
300;6599;9;Defensor
300;6532;10;Defensor
300;6592;12;Defensor
300;6536;8;Mediocampista
300;6453;13;Mediocampista
300;6548;14;Mediocampista
300;6457;15;Mediocampista
300;6568;11;Delantero
300;6522;16;Delantero
300;6572;17;Delantero
300;6520;18;Delantero
300;6488;19;Delantero
300;6447;20;Delantero
301;242;1;Arquero
301;63;21;Arquero
301;119;22;Arquero
301;34;2;Defensor
301;62;4;Defensor
301;61;5;Defensor
301;88;12;Defensor
301;253;15;Defensor
301;103;19;Defensor
301;128;20;Defensor
301;33;3;Mediocampista
301;49;6;Mediocampista
301;168;7;Mediocampista
301;190;10;Mediocampista
301;172;14;Mediocampista
301;55;17;Mediocampista
301;178;18;Mediocampista
301;59;8;Delantero
301;115;9;Delantero
301;231;11;Delantero
301;222;13;Delantero
301;6;16;Delantero
302;456;1;Arquero
302;439;21;Arquero
302;449;22;Arquero
302;472;2;Defensor
302;478;3;Defensor
302;479;4;Defensor
302;495;5;Defensor
302;482;12;Defensor
302;487;16;Defensor
302;475;17;Defensor
302;446;6;Mediocampista
302;466;8;Mediocampista
302;444;10;Mediocampista
302;505;13;Mediocampista
302;510;14;Mediocampista
302;460;15;Mediocampista
302;489;18;Mediocampista
302;504;19;Mediocampista
302;440;7;Delantero
302;448;9;Delantero
302;484;11;Delantero
302;453;20;Delantero
303;968;1;Arquero
303;933;21;Arquero
303;978;22;Arquero
303;974;2;Defensor
303;984;3;Defensor
303;928;4;Defensor
303;990;5;Defensor
303;981;16;Defensor
303;997;17;Defensor
303;1034;19;Defensor
303;946;6;Mediocampista
303;999;8;Mediocampista
303;952;10;Mediocampista
303;958;11;Mediocampista
303;993;12;Mediocampista
303;919;14;Mediocampista
303;930;15;Mediocampista
303;1008;7;Delantero
303;973;9;Delantero
303;939;13;Delantero
303;959;18;Delantero
303;1035;20;Delantero
304;2169;1;Arquero
304;2033;12;Arquero
304;2102;22;Arquero
304;2061;2;Defensor
304;2159;3;Defensor
304;2017;4;Defensor
304;2052;5;Defensor
304;2143;10;Defensor
304;2131;17;Defensor
304;2058;18;Defensor
304;2042;19;Defensor
304;2040;6;Mediocampista
304;2018;7;Mediocampista
304;2121;8;Mediocampista
304;2100;14;Mediocampista
304;2130;16;Mediocampista
304;2096;20;Mediocampista
304;2075;9;Delantero
304;2088;11;Delantero
304;2027;13;Delantero
304;2170;15;Delantero
304;2059;21;Delantero
305;538;2;Arquero
305;619;7;Arquero
305;736;16;Arquero
305;627;8;Defensor
305;695;13;Defensor
305;697;14;Defensor
305;714;15;Defensor
305;784;18;Defensor
305;790;19;Defensor
305;796;22;Defensor
305;527;1;Mediocampista
305;540;3;Mediocampista
305;626;9;Mediocampista
305;671;10;Mediocampista
305;645;12;Mediocampista
305;550;4;Delantero
305;567;5;Delantero
305;604;6;Delantero
305;654;11;Delantero
305;762;17;Delantero
305;794;20;Delantero
305;795;21;Delantero
306;1178;1;Arquero
306;1082;12;Arquero
306;1164;22;Arquero
306;1121;2;Defensor
306;1157;3;Defensor
306;1152;4;Defensor
306;1187;5;Defensor
306;1048;14;Defensor
306;1093;15;Defensor
306;1180;16;Defensor
306;1237;6;Mediocampista
306;1232;7;Mediocampista
306;1225;8;Mediocampista
306;1078;10;Mediocampista
306;1240;17;Mediocampista
306;1161;18;Mediocampista
306;1158;19;Mediocampista
306;1230;9;Delantero
306;1070;11;Delantero
306;1212;13;Delantero
306;1234;20;Delantero
306;1083;21;Delantero
307;3047;1;Arquero
307;3049;19;Arquero
307;3059;20;Arquero
307;3040;2;Defensor
307;3051;3;Defensor
307;3067;4;Defensor
307;3043;5;Defensor
307;3061;12;Defensor
307;3070;15;Defensor
307;3042;18;Defensor
307;3075;6;Mediocampista
307;3038;7;Mediocampista
307;3072;8;Mediocampista
307;3050;10;Mediocampista
307;3036;16;Mediocampista
307;3048;9;Delantero
307;3046;11;Delantero
307;3068;13;Delantero
307;3066;14;Delantero
307;3065;17;Delantero
308;4344;1;Arquero
308;4318;21;Arquero
308;4323;22;Arquero
308;4340;2;Defensor
308;4267;3;Defensor
308;4398;4;Defensor
308;4300;6;Defensor
308;4365;13;Defensor
308;4368;14;Defensor
308;4320;18;Defensor
308;4403;19;Defensor
308;4286;20;Defensor
308;4348;5;Mediocampista
308;4354;8;Mediocampista
308;4284;16;Mediocampista
308;4282;17;Mediocampista
308;4295;7;Delantero
308;4394;9;Delantero
308;4324;10;Delantero
308;4361;11;Delantero
308;4383;12;Delantero
308;4274;15;Delantero
309;6904;1;Arquero
309;6814;21;Arquero
309;6917;22;Arquero
309;6816;2;Defensor
309;6795;3;Defensor
309;6825;4;Defensor
309;6767;5;Defensor
309;6928;6;Defensor
309;6894;14;Defensor
309;6849;15;Defensor
309;6842;7;Mediocampista
309;6877;8;Mediocampista
309;6771;12;Mediocampista
309;6770;13;Mediocampista
309;6787;16;Mediocampista
309;6913;17;Mediocampista
309;6926;9;Delantero
309;6847;10;Delantero
309;6869;11;Delantero
309;6817;18;Delantero
309;6860;19;Delantero
309;6882;20;Delantero
310;3757;1;Arquero
310;3792;21;Arquero
310;3835;22;Arquero
310;3748;2;Defensor
310;3762;3;Defensor
310;3778;4;Defensor
310;3869;5;Defensor
310;3903;6;Defensor
310;3906;7;Defensor
310;3982;8;Defensor
310;3844;9;Mediocampista
310;3938;10;Mediocampista
310;3847;11;Mediocampista
310;3848;12;Mediocampista
310;3890;13;Mediocampista
310;3979;14;Mediocampista
310;3764;15;Delantero
310;3807;16;Delantero
310;3885;17;Delantero
310;3951;18;Delantero
310;3968;19;Delantero
310;3969;20;Delantero
311;4482;1;Arquero
311;4491;13;Arquero
311;4628;22;Arquero
311;4434;2;Defensor
311;4465;4;Defensor
311;4514;6;Defensor
311;4582;12;Defensor
311;4589;14;Defensor
311;4620;17;Defensor
311;4649;18;Defensor
311;4461;3;Mediocampista
311;4490;5;Mediocampista
311;4531;9;Mediocampista
311;4574;10;Mediocampista
311;4613;15;Mediocampista
311;4616;16;Mediocampista
311;4663;19;Mediocampista
311;4550;7;Delantero
311;4516;8;Delantero
311;4569;11;Delantero
311;4669;20;Delantero
311;4670;21;Delantero
312;5384;1;Arquero
312;5373;21;Arquero
312;5385;22;Arquero
312;5386;2;Defensor
312;5392;3;Defensor
312;5382;4;Defensor
312;5381;5;Defensor
312;5393;13;Defensor
312;5390;14;Defensor
312;5379;15;Defensor
312;5383;17;Defensor
312;5380;6;Mediocampista
312;5389;7;Mediocampista
312;5375;8;Mediocampista
312;5377;11;Mediocampista
312;5387;12;Mediocampista
312;5388;18;Mediocampista
312;5394;9;Delantero
312;5374;10;Delantero
312;5376;16;Delantero
312;5378;19;Delantero
312;5391;20;Delantero
313;3327;1;Arquero
313;3554;21;Arquero
313;3458;22;Arquero
313;3344;2;Defensor
313;3399;3;Defensor
313;3543;5;Defensor
313;3315;6;Defensor
313;3553;12;Defensor
313;3417;13;Defensor
313;3445;14;Defensor
313;3318;4;Mediocampista
313;3419;8;Mediocampista
313;3567;10;Mediocampista
313;3532;15;Mediocampista
313;3524;16;Mediocampista
313;3388;17;Mediocampista
313;3423;7;Delantero
313;3531;9;Delantero
313;3441;11;Delantero
313;3551;18;Delantero
313;3529;19;Delantero
313;3498;20;Delantero
314;4246;1;Arquero
314;4207;21;Arquero
314;4254;22;Arquero
314;4235;2;Defensor
314;4260;3;Defensor
314;4214;4;Defensor
314;4220;5;Defensor
314;4225;12;Defensor
314;4222;17;Defensor
314;4239;6;Mediocampista
314;4257;8;Mediocampista
314;4213;11;Mediocampista
314;4223;14;Mediocampista
314;4263;15;Mediocampista
314;4208;16;Mediocampista
314;4262;20;Mediocampista
314;4237;7;Delantero
314;4212;9;Delantero
314;4228;10;Delantero
314;4247;13;Delantero
314;4215;18;Delantero
314;4234;19;Delantero
315;4883;1;Arquero
315;4901;17;Arquero
315;4874;22;Arquero
315;4896;2;Defensor
315;4872;3;Defensor
315;4895;5;Defensor
315;4897;6;Defensor
315;4885;12;Defensor
315;4894;13;Defensor
315;4886;4;Mediocampista
315;4898;8;Mediocampista
315;4890;10;Mediocampista
315;4864;14;Mediocampista
315;4875;15;Mediocampista
315;4882;18;Mediocampista
315;4868;20;Mediocampista
315;4860;7;Delantero
315;4857;9;Delantero
315;4879;11;Delantero
315;4910;16;Delantero
315;4880;19;Delantero
315;4861;21;Delantero
316;7449;1;Arquero
316;7469;12;Arquero
316;7509;22;Arquero
316;7366;2;Defensor
316;7529;4;Defensor
316;7503;5;Defensor
316;7393;6;Defensor
316;7525;9;Defensor
316;7371;14;Defensor
316;7353;15;Defensor
316;7346;3;Mediocampista
316;7463;7;Mediocampista
316;7488;8;Mediocampista
316;7534;10;Mediocampista
316;7365;17;Mediocampista
316;7524;11;Delantero
316;7508;13;Delantero
316;7485;16;Delantero
316;7321;18;Delantero
316;7350;19;Delantero
316;7507;20;Delantero
316;7453;21;Delantero
317;1661;1;Arquero
317;1585;12;Arquero
317;1393;22;Arquero
317;1515;2;Defensor
317;1574;3;Defensor
317;1530;4;Defensor
317;1508;6;Defensor
317;1433;13;Defensor
317;1505;14;Defensor
317;1435;16;Defensor
317;1588;17;Defensor
317;1649;5;Mediocampista
317;1584;7;Mediocampista
317;1639;8;Mediocampista
317;1677;10;Mediocampista
317;1431;11;Mediocampista
317;1448;15;Mediocampista
317;1372;18;Mediocampista
317;1605;19;Mediocampista
317;1635;9;Delantero
317;1619;20;Delantero
317;1423;21;Delantero
318;3221;1;Arquero
318;3236;12;Arquero
318;3180;22;Arquero
318;3195;2;Defensor
318;3153;3;Defensor
318;3157;5;Defensor
318;3207;6;Defensor
318;3200;13;Defensor
318;3212;14;Defensor
318;3140;17;Defensor
318;3118;21;Defensor
318;3225;4;Mediocampista
318;3227;7;Mediocampista
318;3232;10;Mediocampista
318;3159;16;Mediocampista
318;3133;8;Delantero
318;3112;9;Delantero
318;3220;11;Delantero
318;3175;15;Delantero
318;3103;18;Delantero
318;3228;19;Delantero
318;3217;20;Delantero
319;5979;1;Arquero
319;5967;21;Arquero
319;5977;22;Arquero
319;5951;2;Defensor
319;5955;3;Defensor
319;5944;5;Defensor
319;5938;6;Defensor
319;5959;11;Defensor
319;5953;14;Defensor
319;5956;15;Defensor
319;5937;16;Defensor
319;5949;8;Mediocampista
319;5974;10;Mediocampista
319;5962;12;Mediocampista
319;5950;13;Mediocampista
319;5942;17;Mediocampista
319;5971;18;Mediocampista
319;5960;19;Mediocampista
319;5975;4;Delantero
319;5969;7;Delantero
319;5981;9;Delantero
319;5976;20;Delantero
320;7082;1;Arquero
320;7071;16;Arquero
320;7070;22;Arquero
320;7206;2;Defensor
320;7076;3;Defensor
320;7120;4;Defensor
320;7054;5;Defensor
320;7083;6;Defensor
320;7065;14;Defensor
320;7182;20;Defensor
320;7061;8;Mediocampista
320;7098;9;Mediocampista
320;7168;10;Mediocampista
320;7053;12;Mediocampista
320;7081;13;Mediocampista
320;7069;17;Mediocampista
320;7207;18;Mediocampista
320;7197;7;Delantero
320;7063;11;Delantero
320;7050;15;Delantero
320;7225;19;Delantero
320;7181;21;Delantero
333;538;3;Arquero
333;619;5;Arquero
333;656;13;Arquero
333;627;7;Defensor
333;628;8;Defensor
333;655;11;Defensor
333;697;15;Defensor
333;707;18;Defensor
333;714;19;Defensor
333;784;20;Defensor
333;522;1;Mediocampista
333;527;2;Mediocampista
333;626;6;Mediocampista
333;647;9;Mediocampista
333;658;12;Mediocampista
333;704;17;Mediocampista
333;795;21;Mediocampista
333;801;22;Mediocampista
333;550;4;Delantero
333;654;10;Delantero
333;668;14;Delantero
333;702;16;Delantero
334;3757;1;Arquero
334;3771;21;Arquero
334;3833;22;Arquero
334;3762;2;Defensor
334;3778;3;Defensor
334;3869;4;Defensor
334;3781;5;Defensor
334;3903;6;Defensor
334;3948;7;Defensor
334;3982;8;Defensor
334;3760;9;Mediocampista
334;3859;10;Mediocampista
334;3920;11;Mediocampista
334;3927;12;Mediocampista
334;3932;13;Mediocampista
334;3938;15;Mediocampista
334;3769;14;Delantero
334;3810;16;Delantero
334;3885;17;Delantero
334;3951;18;Delantero
334;3968;19;Delantero
334;3952;20;Delantero
335;4306;1;Arquero
335;4344;21;Arquero
335;4332;22;Arquero
335;4395;2;Defensor
335;4325;3;Defensor
335;4398;4;Defensor
335;4321;6;Defensor
335;4340;12;Defensor
335;4267;14;Defensor
335;4365;15;Defensor
335;4409;5;Mediocampista
335;4354;8;Mediocampista
335;4359;10;Mediocampista
335;4282;13;Mediocampista
335;4310;16;Mediocampista
335;4353;18;Mediocampista
335;4298;20;Mediocampista
335;4295;7;Delantero
335;4394;9;Delantero
335;4402;11;Delantero
335;4364;17;Delantero
335;4396;19;Delantero
336;5240;1;Arquero
336;5039;12;Arquero
336;4999;22;Arquero
336;4984;2;Defensor
336;5006;3;Defensor
336;5043;4;Defensor
336;5086;5;Defensor
336;5115;6;Defensor
336;5119;7;Defensor
336;5202;8;Defensor
336;4970;9;Mediocampista
336;4986;10;Mediocampista
336;5167;11;Mediocampista
336;5198;13;Mediocampista
336;5215;14;Mediocampista
336;5236;15;Mediocampista
336;5022;16;Mediocampista
336;5197;17;Mediocampista
336;4992;18;Delantero
336;5094;19;Delantero
336;5183;20;Delantero
336;5195;21;Delantero
337;174;1;Arquero
337;130;21;Arquero
337;38;22;Arquero
337;273;2;Defensor
337;47;3;Defensor
337;230;4;Defensor
337;128;5;Defensor
337;294;8;Defensor
337;245;12;Defensor
337;148;13;Defensor
337;29;6;Mediocampista
337;60;10;Mediocampista
337;18;15;Mediocampista
337;44;16;Mediocampista
337;290;18;Mediocampista
337;190;20;Mediocampista
337;1;7;Delantero
337;59;9;Delantero
337;231;11;Delantero
337;188;14;Delantero
337;106;17;Delantero
337;289;19;Delantero
338;5719;1;Arquero
338;5754;22;Arquero
338;5678;2;Defensor
338;5757;3;Defensor
338;5715;4;Defensor
338;5767;5;Defensor
338;5658;12;Defensor
338;5569;13;Defensor
338;5611;14;Defensor
338;5596;15;Defensor
338;5664;6;Mediocampista
338;5580;7;Mediocampista
338;5554;16;Mediocampista
338;5578;17;Mediocampista
338;5652;18;Mediocampista
338;5650;8;Delantero
338;5716;9;Delantero
338;5689;10;Delantero
338;5745;11;Delantero
338;5726;19;Delantero
338;5661;20;Delantero
338;5635;21;Delantero
339;6582;1;Arquero
339;6517;21;Arquero
339;6509;22;Arquero
339;6529;3;Defensor
339;6576;4;Defensor
339;6481;6;Defensor
339;6599;9;Defensor
339;6560;10;Defensor
339;6518;13;Defensor
339;6495;14;Defensor
339;6592;20;Defensor
339;6544;5;Mediocampista
339;6501;8;Mediocampista
339;6534;11;Mediocampista
339;6460;12;Mediocampista
339;6537;2;Delantero
339;6488;7;Delantero
339;6520;15;Delantero
339;6522;16;Delantero
339;6572;17;Delantero
339;6447;18;Delantero
339;6527;19;Delantero
340;8146;1;Arquero
340;8059;21;Arquero
340;8143;22;Arquero
340;8089;2;Defensor
340;8115;3;Defensor
340;8125;5;Defensor
340;8093;17;Defensor
340;8080;18;Defensor
340;8112;20;Defensor
340;8096;4;Mediocampista
340;8099;6;Mediocampista
340;8063;8;Mediocampista
340;8088;10;Mediocampista
340;8124;12;Mediocampista
340;8127;7;Delantero
340;8051;9;Delantero
340;8060;11;Delantero
340;8128;13;Delantero
340;8116;14;Delantero
340;8061;15;Delantero
340;8082;16;Delantero
340;8103;19;Delantero
341;968;1;Arquero
341;935;21;Arquero
341;920;22;Arquero
341;1007;2;Defensor
341;984;3;Defensor
341;924;4;Defensor
341;990;5;Defensor
341;1022;14;Defensor
341;1034;15;Defensor
341;989;16;Defensor
341;946;6;Mediocampista
341;950;7;Mediocampista
341;999;8;Mediocampista
341;975;10;Mediocampista
341;958;11;Mediocampista
341;976;12;Mediocampista
341;944;13;Mediocampista
341;919;20;Mediocampista
341;973;9;Delantero
341;983;17;Delantero
341;1008;18;Delantero
341;994;19;Delantero
342;1516;1;Arquero
342;1393;12;Arquero
342;1661;22;Arquero
342;1648;2;Defensor
342;1574;3;Defensor
342;1357;4;Defensor
342;1435;6;Defensor
342;1562;13;Defensor
342;1339;14;Defensor
342;1597;15;Defensor
342;1622;16;Defensor
342;1649;5;Mediocampista
342;1677;8;Mediocampista
342;1615;10;Mediocampista
342;1423;11;Mediocampista
342;1372;17;Mediocampista
342;1404;21;Mediocampista
342;1673;7;Delantero
342;1603;9;Delantero
342;1467;18;Delantero
342;1496;19;Delantero
342;1619;20;Delantero
343;3327;1;Arquero
343;3458;13;Arquero
343;3554;22;Arquero
343;3369;2;Defensor
343;3552;3;Defensor
343;3459;5;Defensor
343;3340;6;Defensor
343;3477;16;Defensor
343;3448;17;Defensor
343;3491;18;Defensor
343;3329;4;Mediocampista
343;3350;11;Mediocampista
343;3406;12;Mediocampista
343;3434;14;Mediocampista
343;3523;21;Mediocampista
343;3367;7;Delantero
343;3423;8;Delantero
343;3498;9;Delantero
343;3529;10;Delantero
343;3447;15;Delantero
343;3510;19;Delantero
343;3520;20;Delantero
344;7675;1;Arquero
344;7667;12;Arquero
344;7733;17;Arquero
344;7631;2;Defensor
344;7614;3;Defensor
344;7747;4;Defensor
344;7652;5;Defensor
344;7610;13;Defensor
344;7602;14;Defensor
344;7698;19;Defensor
344;7613;20;Defensor
344;7792;6;Mediocampista
344;7717;7;Mediocampista
344;7706;8;Mediocampista
344;7708;9;Mediocampista
344;7746;18;Mediocampista
344;7778;10;Delantero
344;7799;11;Delantero
344;7742;15;Delantero
344;7796;16;Delantero
344;7619;21;Delantero
344;7642;22;Delantero
345;3221;1;Arquero
345;3109;12;Arquero
345;3122;20;Arquero
345;3169;2;Defensor
345;3136;3;Defensor
345;3116;4;Defensor
345;3205;5;Defensor
345;3176;13;Defensor
345;3145;14;Defensor
345;3119;22;Defensor
345;3218;6;Mediocampista
345;3188;7;Mediocampista
345;3159;10;Mediocampista
345;3147;15;Mediocampista
345;3183;16;Mediocampista
345;3225;18;Mediocampista
345;3158;21;Mediocampista
345;3133;8;Delantero
345;3175;9;Delantero
345;3171;11;Delantero
345;3172;17;Delantero
345;3220;19;Delantero
346;4719;1;Arquero
346;4751;12;Arquero
346;4739;22;Arquero
346;4681;5;Defensor
346;4708;11;Defensor
346;4755;14;Defensor
346;4703;15;Defensor
346;4777;19;Defensor
346;4733;21;Defensor
346;4697;2;Mediocampista
346;4752;6;Mediocampista
346;4762;7;Mediocampista
346;4731;8;Mediocampista
346;4774;9;Mediocampista
346;4707;3;Delantero
346;4692;4;Delantero
346;4771;10;Delantero
346;4781;13;Delantero
346;4760;16;Delantero
346;4725;17;Delantero
346;4706;18;Delantero
346;4677;20;Delantero
347;6104;1;Arquero
347;6051;8;Arquero
347;6025;19;Arquero
347;6091;2;Defensor
347;6140;4;Defensor
347;6061;5;Defensor
347;6163;7;Defensor
347;6044;15;Defensor
347;6097;17;Defensor
347;6113;20;Defensor
347;6000;22;Defensor
347;6103;3;Mediocampista
347;6049;6;Mediocampista
347;6037;9;Mediocampista
347;6127;11;Mediocampista
347;6079;13;Mediocampista
347;5996;14;Mediocampista
347;6078;18;Mediocampista
347;6126;10;Delantero
347;6094;12;Delantero
347;6095;16;Delantero
347;6069;21;Delantero
348;6427;1;Arquero
348;6350;13;Arquero
348;6413;21;Arquero
348;6369;2;Defensor
348;6397;3;Defensor
348;6356;4;Defensor
348;6368;5;Defensor
348;6403;14;Defensor
348;6420;22;Defensor
348;6436;6;Mediocampista
348;6362;8;Mediocampista
348;6419;9;Mediocampista
348;6384;16;Mediocampista
348;6411;17;Mediocampista
348;6390;18;Mediocampista
348;6429;20;Mediocampista
348;6401;7;Delantero
348;6361;10;Delantero
348;6406;11;Delantero
348;6400;12;Delantero
348;6392;15;Delantero
348;6389;19;Delantero
357;174;1;Arquero
357;199;21;Arquero
357;139;22;Arquero
357;273;2;Defensor
357;33;3;Defensor
357;245;4;Defensor
357;17;5;Defensor
357;109;6;Defensor
357;44;8;Defensor
357;153;20;Defensor
357;286;7;Mediocampista
357;195;10;Mediocampista
357;205;12;Mediocampista
357;108;14;Mediocampista
357;60;15;Mediocampista
357;29;16;Mediocampista
357;129;19;Mediocampista
357;78;9;Delantero
357;102;11;Delantero
357;189;13;Delantero
357;106;17;Delantero
357;101;18;Delantero
357;297;1;Arquero
357;295;21;Arquero
357;299;22;Arquero
357;306;2;Defensor
357;296;3;Defensor
357;316;4;Defensor
357;300;5;Defensor
357;315;12;Defensor
357;304;18;Defensor
357;310;6;Mediocampista
357;309;7;Mediocampista
357;305;10;Mediocampista
357;307;13;Mediocampista
357;312;14;Mediocampista
357;303;16;Mediocampista
357;301;17;Mediocampista
357;311;19;Mediocampista
357;308;8;Delantero
357;298;9;Delantero
357;313;11;Delantero
357;314;15;Delantero
357;302;20;Delantero
359;883;1;Arquero
359;872;21;Arquero
359;866;22;Arquero
359;903;2;Defensor
359;913;3;Defensor
359;893;4;Defensor
359;829;5;Defensor
359;912;15;Defensor
359;889;16;Defensor
359;909;18;Defensor
359;884;6;Mediocampista
359;887;7;Mediocampista
359;864;8;Mediocampista
359;908;9;Mediocampista
359;901;14;Mediocampista
359;843;17;Mediocampista
359;867;10;Delantero
359;810;11;Delantero
359;812;12;Delantero
359;879;13;Delantero
359;823;19;Delantero
359;821;20;Delantero
360;2160;1;Arquero
360;2098;21;Arquero
360;2094;22;Arquero
360;2060;2;Defensor
360;2112;3;Defensor
360;2011;4;Defensor
360;2052;5;Defensor
360;2124;6;Defensor
360;2077;12;Defensor
360;2064;13;Defensor
360;2058;15;Defensor
360;2155;8;Mediocampista
360;2118;10;Mediocampista
360;2073;14;Mediocampista
360;2103;16;Mediocampista
360;2171;17;Mediocampista
360;2142;18;Mediocampista
360;2049;19;Mediocampista
360;2027;7;Delantero
360;2005;9;Delantero
360;2163;11;Delantero
360;2026;20;Delantero
361;1516;1;Arquero
361;1604;12;Arquero
361;1661;22;Arquero
361;1524;2;Defensor
361;1541;3;Defensor
361;1671;4;Defensor
361;1666;5;Defensor
361;1540;6;Defensor
361;1562;14;Defensor
361;1350;15;Defensor
361;1538;16;Defensor
361;1615;10;Mediocampista
361;1582;11;Mediocampista
361;1396;17;Mediocampista
361;1343;18;Mediocampista
361;1423;21;Mediocampista
361;1489;7;Delantero
361;1517;8;Delantero
361;1402;9;Delantero
361;1652;13;Delantero
361;1556;19;Delantero
361;1440;20;Delantero
362;3160;1;Arquero
362;3230;12;Arquero
362;3226;13;Arquero
362;3169;2;Defensor
362;3195;3;Defensor
362;3165;5;Defensor
362;3108;6;Defensor
362;3116;14;Defensor
362;3136;16;Defensor
362;3205;21;Defensor
362;3222;22;Defensor
362;3113;4;Mediocampista
362;3173;7;Mediocampista
362;3161;10;Mediocampista
362;3128;15;Mediocampista
362;3144;17;Mediocampista
362;3166;18;Mediocampista
362;3133;8;Delantero
362;3175;9;Delantero
362;3182;11;Delantero
362;3178;19;Delantero
362;3209;20;Delantero
363;7407;1;Arquero
363;7461;21;Arquero
363;7413;22;Arquero
363;7316;2;Defensor
363;7348;3;Defensor
363;7435;4;Defensor
363;7378;5;Defensor
363;7310;6;Defensor
363;7456;14;Defensor
363;7331;15;Defensor
363;7459;7;Mediocampista
363;7440;8;Mediocampista
363;7298;10;Mediocampista
363;7365;12;Mediocampista
363;7454;13;Mediocampista
363;7521;16;Mediocampista
363;7463;20;Mediocampista
363;7507;9;Delantero
363;7338;11;Delantero
363;7465;17;Delantero
363;7377;18;Delantero
363;7303;19;Delantero
364;6757;1;Arquero
364;6760;12;Arquero
364;6762;22;Arquero
364;6747;2;Defensor
364;6758;3;Defensor
364;6763;4;Defensor
364;6744;5;Defensor
364;6743;11;Defensor
364;6756;16;Defensor
364;6755;6;Mediocampista
364;6764;7;Mediocampista
364;6753;8;Mediocampista
364;6749;9;Mediocampista
364;6754;10;Mediocampista
364;6759;13;Mediocampista
364;6750;15;Mediocampista
364;6761;17;Mediocampista
364;6752;14;Delantero
364;6751;18;Delantero
364;6745;19;Delantero
364;6748;20;Delantero
364;6746;21;Delantero
365;1711;1;Arquero
365;1773;21;Arquero
365;1770;22;Arquero
365;1794;2;Defensor
365;1797;3;Defensor
365;1783;4;Defensor
365;1761;6;Defensor
365;1683;12;Defensor
365;1754;17;Defensor
365;1780;18;Defensor
365;1723;19;Defensor
365;1729;5;Mediocampista
365;1691;8;Mediocampista
365;1776;10;Mediocampista
365;1784;7;Delantero
365;1746;9;Delantero
365;1695;11;Delantero
365;1779;13;Delantero
365;1749;14;Delantero
365;1758;15;Delantero
365;1713;16;Delantero
365;1693;20;Delantero
366;6051;8;Arquero
366;6104;18;Arquero
366;6118;21;Arquero
366;6139;4;Defensor
366;6046;5;Defensor
366;6017;7;Defensor
366;6061;12;Defensor
366;6097;17;Defensor
366;6113;20;Defensor
366;6157;22;Defensor
366;6037;2;Mediocampista
366;6136;3;Mediocampista
366;6049;6;Mediocampista
366;6127;11;Mediocampista
366;6079;13;Mediocampista
366;6112;19;Mediocampista
366;6033;1;Delantero
366;6053;9;Delantero
366;6126;10;Delantero
366;6005;14;Delantero
366;6094;15;Delantero
366;6095;16;Delantero
367;7675;1;Arquero
367;7711;12;Arquero
367;7667;17;Arquero
367;7754;2;Defensor
367;7698;3;Defensor
367;7747;4;Defensor
367;7605;5;Defensor
367;7663;13;Defensor
367;7621;18;Defensor
367;7658;6;Mediocampista
367;7706;7;Mediocampista
367;7702;9;Mediocampista
367;7792;14;Mediocampista
367;7643;16;Mediocampista
367;7637;19;Mediocampista
367;7719;20;Mediocampista
367;7760;21;Mediocampista
367;7596;22;Mediocampista
367;7796;8;Delantero
367;7642;10;Delantero
367;7771;11;Delantero
367;7725;15;Delantero
368;8353;1;Arquero
368;8423;12;Arquero
368;8298;22;Arquero
368;8332;2;Defensor
368;8350;3;Defensor
368;8304;4;Defensor
368;8361;5;Defensor
368;8379;6;Defensor
368;8288;13;Defensor
368;8310;14;Defensor
368;8323;15;Defensor
368;8280;7;Mediocampista
368;8296;8;Mediocampista
368;8407;10;Mediocampista
368;8266;16;Mediocampista
368;8333;17;Mediocampista
368;8346;18;Mediocampista
368;8365;9;Delantero
368;8275;11;Delantero
368;8359;19;Delantero
368;8432;20;Delantero
368;8316;21;Delantero
369;574;1;Arquero
369;619;12;Arquero
369;763;21;Arquero
369;541;5;Defensor
369;575;7;Defensor
369;634;9;Defensor
369;644;10;Defensor
369;725;14;Defensor
369;756;16;Defensor
369;778;17;Defensor
369;787;19;Defensor
369;804;20;Defensor
369;560;6;Mediocampista
369;581;8;Mediocampista
369;785;18;Mediocampista
369;534;2;Delantero
369;535;3;Delantero
369;537;4;Delantero
369;647;11;Delantero
369;654;13;Delantero
369;733;15;Delantero
369;805;22;Delantero
370;4192;1;Arquero
370;4200;2;Arquero
370;4195;22;Arquero
370;4186;3;Defensor
370;4184;4;Defensor
370;4191;5;Defensor
370;4189;6;Defensor
370;4194;12;Defensor
370;4199;14;Defensor
370;4197;17;Defensor
370;4198;21;Defensor
370;4205;7;Mediocampista
370;4190;8;Mediocampista
370;4185;9;Mediocampista
370;4193;10;Mediocampista
370;4201;13;Mediocampista
370;4187;19;Mediocampista
370;4202;11;Delantero
370;4203;15;Delantero
370;4196;16;Delantero
370;4188;18;Delantero
370;4204;20;Delantero
371;5240;1;Arquero
371;4960;12;Arquero
371;5021;22;Arquero
371;5212;2;Defensor
371;5066;3;Defensor
371;5142;5;Defensor
371;5005;6;Defensor
371;5196;13;Defensor
371;4984;14;Defensor
371;5234;15;Defensor
371;4986;4;Mediocampista
371;5131;7;Mediocampista
371;5012;8;Mediocampista
371;5190;10;Mediocampista
371;5105;16;Mediocampista
371;5187;17;Mediocampista
371;5022;18;Mediocampista
371;5030;9;Delantero
371;5189;11;Delantero
371;4966;19;Delantero
371;4996;20;Delantero
371;5183;21;Delantero
372;6469;1;Arquero
372;6582;2;Arquero
372;6496;3;Arquero
372;6576;4;Defensor
372;6485;5;Defensor
372;6481;6;Defensor
372;6452;8;Defensor
372;6599;9;Defensor
372;6543;10;Defensor
372;6588;7;Mediocampista
372;6459;11;Mediocampista
372;6460;12;Mediocampista
372;6501;13;Mediocampista
372;6533;14;Mediocampista
372;6489;15;Delantero
372;6522;16;Delantero
372;6572;17;Delantero
372;6472;18;Delantero
372;6462;19;Delantero
372;6499;20;Delantero
372;6505;21;Delantero
372;6520;22;Delantero
381;1179;1;Arquero
381;1204;12;Arquero
381;1114;22;Arquero
381;1133;2;Defensor
381;1202;3;Defensor
381;1108;4;Defensor
381;1140;5;Defensor
381;1050;13;Defensor
381;1149;14;Defensor
381;1175;20;Defensor
381;1111;6;Mediocampista
381;1190;7;Mediocampista
381;1225;8;Mediocampista
381;1211;15;Mediocampista
381;1239;17;Mediocampista
381;1107;9;Delantero
381;1219;10;Delantero
381;1184;11;Delantero
381;1182;16;Delantero
381;1143;18;Delantero
381;1066;19;Delantero
381;1138;21;Delantero
382;3052;1;Arquero
382;3062;13;Arquero
382;3044;20;Arquero
382;3069;2;Defensor
382;3054;3;Defensor
382;3057;4;Defensor
382;3060;5;Defensor
382;3053;14;Defensor
382;3041;18;Defensor
382;3064;6;Mediocampista
382;3071;7;Mediocampista
382;3074;8;Mediocampista
382;3055;9;Mediocampista
382;3058;12;Mediocampista
382;3073;16;Mediocampista
382;3056;19;Mediocampista
382;3076;22;Mediocampista
382;3045;10;Delantero
382;3037;11;Delantero
382;3039;15;Delantero
382;3063;17;Delantero
382;3035;21;Delantero
383;5549;1;Arquero
383;5673;12;Arquero
383;5560;22;Arquero
383;5515;2;Defensor
383;5698;3;Defensor
383;5670;4;Defensor
383;5702;5;Defensor
383;5629;6;Defensor
383;5765;13;Defensor
383;5624;14;Defensor
383;5721;7;Mediocampista
383;5675;8;Mediocampista
383;5711;15;Mediocampista
383;5585;16;Mediocampista
383;5616;17;Mediocampista
383;5772;18;Mediocampista
383;5542;9;Delantero
383;5649;10;Delantero
383;5693;11;Delantero
383;5764;19;Delantero
383;5533;20;Delantero
383;5599;21;Delantero
384;7199;1;Arquero
384;7116;2;Arquero
384;7220;13;Arquero
384;7046;3;Defensor
384;7088;4;Defensor
384;7114;5;Defensor
384;7148;6;Defensor
384;7147;7;Defensor
384;7124;8;Defensor
384;7198;9;Defensor
384;7229;10;Defensor
384;7052;11;Mediocampista
384;7126;12;Mediocampista
384;7163;14;Mediocampista
384;7194;15;Mediocampista
384;7062;16;Delantero
384;7224;17;Delantero
384;7157;18;Delantero
384;7167;19;Delantero
384;7178;20;Delantero
384;7122;21;Delantero
384;7176;22;Delantero
385;4956;1;Arquero
385;4941;21;Arquero
385;4943;22;Arquero
385;4935;2;Defensor
385;4936;3;Defensor
385;4944;4;Defensor
385;4946;5;Defensor
385;4947;6;Defensor
385;4949;12;Defensor
385;4955;16;Defensor
385;4942;20;Defensor
385;4948;7;Mediocampista
385;4952;8;Mediocampista
385;4951;19;Mediocampista
385;4940;9;Delantero
385;4953;10;Delantero
385;4938;11;Delantero
385;4939;13;Delantero
385;4950;14;Delantero
385;4954;15;Delantero
385;4937;17;Delantero
385;4945;18;Delantero
386;4960;1;Arquero
386;5240;12;Arquero
386;5231;17;Arquero
386;5005;2;Defensor
386;5066;3;Defensor
386;5180;4;Defensor
386;5024;5;Defensor
386;5068;6;Defensor
386;5151;7;Defensor
386;5193;8;Defensor
386;5182;9;Defensor
386;4989;10;Mediocampista
386;5190;14;Mediocampista
386;5131;15;Mediocampista
386;5051;16;Mediocampista
386;5105;18;Mediocampista
386;5080;21;Mediocampista
386;5189;11;Delantero
386;5060;13;Delantero
386;5092;19;Delantero
386;4996;20;Delantero
386;5181;22;Delantero
387;7675;1;Arquero
387;7711;12;Arquero
387;7762;17;Arquero
387;7773;2;Defensor
387;7623;3;Defensor
387;7747;4;Defensor
387;7663;5;Defensor
387;7703;14;Defensor
387;7727;15;Defensor
387;7754;20;Defensor
387;7790;6;Mediocampista
387;7706;7;Mediocampista
387;7651;8;Mediocampista
387;7760;11;Mediocampista
387;7744;16;Mediocampista
387;7734;19;Mediocampista
387;7643;21;Mediocampista
387;7702;9;Delantero
387;7658;10;Delantero
387;7637;13;Delantero
387;7797;18;Delantero
387;7757;22;Delantero
388;8353;1;Arquero
388;8423;12;Arquero
388;8276;22;Arquero
388;8239;2;Defensor
388;8352;3;Defensor
388;8448;4;Defensor
388;8366;6;Defensor
388;8261;14;Defensor
388;8361;5;Mediocampista
388;8280;7;Mediocampista
388;8407;8;Mediocampista
388;8296;9;Mediocampista
388;8344;10;Mediocampista
388;8420;13;Mediocampista
388;8259;16;Mediocampista
388;8278;20;Mediocampista
388;8362;11;Delantero
388;8302;15;Delantero
388;8245;17;Delantero
388;8315;18;Delantero
388;8465;19;Delantero
388;8339;21;Delantero
389;1451;1;Arquero
389;1344;12;Arquero
389;1516;22;Arquero
389;1387;2;Defensor
389;1666;3;Defensor
389;1394;4;Defensor
389;1538;6;Defensor
389;1368;14;Defensor
389;1456;15;Defensor
389;1445;16;Defensor
389;1495;17;Defensor
389;1671;21;Defensor
389;1407;5;Mediocampista
389;1466;8;Mediocampista
389;1650;9;Mediocampista
389;1615;11;Mediocampista
389;1582;18;Mediocampista
389;1489;7;Delantero
389;1591;10;Delantero
389;1616;13;Delantero
389;1440;19;Delantero
389;1413;20;Delantero
390;6925;1;Arquero
390;6797;13;Arquero
390;6922;22;Arquero
390;6791;2;Defensor
390;6862;3;Defensor
390;6802;4;Defensor
390;6810;5;Defensor
390;6883;12;Defensor
390;6813;14;Defensor
390;6933;15;Defensor
390;6851;6;Mediocampista
390;6923;7;Mediocampista
390;6850;9;Mediocampista
390;6812;16;Mediocampista
390;6889;17;Mediocampista
390;6924;18;Mediocampista
390;6881;8;Delantero
390;6765;10;Delantero
390;6822;11;Delantero
390;6824;19;Delantero
390;6766;20;Delantero
390;6784;21;Delantero
391;4444;1;Arquero
391;4456;12;Arquero
391;4637;13;Arquero
391;4591;2;Defensor
391;4489;3;Defensor
391;4554;5;Defensor
391;4584;6;Defensor
391;4674;14;Defensor
391;4642;15;Defensor
391;4477;17;Defensor
391;4588;4;Mediocampista
391;4443;8;Mediocampista
391;4476;9;Mediocampista
391;4537;16;Mediocampista
391;4540;18;Mediocampista
391;4453;19;Mediocampista
391;4559;7;Delantero
391;4541;10;Delantero
391;4602;11;Delantero
391;4594;20;Delantero
391;4480;21;Delantero
391;4438;22;Delantero
392;7018;1;Arquero
392;6934;21;Arquero
392;6976;22;Arquero
392;7028;2;Defensor
392;6990;3;Defensor
392;6995;4;Defensor
392;6962;5;Defensor
392;6952;6;Defensor
392;6980;12;Defensor
392;6959;13;Defensor
392;7008;20;Defensor
392;6960;7;Mediocampista
392;6965;8;Mediocampista
392;7004;10;Mediocampista
392;6975;14;Mediocampista
392;6970;15;Mediocampista
392;7002;16;Mediocampista
392;6968;9;Delantero
392;6987;11;Delantero
392;7038;17;Delantero
392;7040;18;Delantero
392;6966;19;Delantero
393;174;1;Arquero
393;175;21;Arquero
393;288;22;Arquero
393;109;2;Defensor
393;240;3;Defensor
393;17;4;Defensor
393;241;5;Defensor
393;279;6;Defensor
393;273;7;Defensor
393;58;11;Defensor
393;207;15;Defensor
393;170;16;Defensor
393;248;18;Defensor
393;85;8;Mediocampista
393;205;12;Mediocampista
393;46;19;Mediocampista
393;247;9;Delantero
393;94;10;Delantero
393;189;13;Delantero
393;165;14;Delantero
393;169;17;Delantero
393;78;20;Delantero
394;1770;1;Arquero
394;1791;13;Arquero
394;1724;22;Arquero
394;1769;2;Defensor
394;1700;3;Defensor
394;1683;4;Defensor
394;1761;6;Defensor
394;1706;12;Defensor
394;1797;14;Defensor
394;1705;15;Defensor
394;1694;5;Mediocampista
394;1691;8;Mediocampista
394;1696;11;Mediocampista
394;1754;16;Mediocampista
394;1732;17;Mediocampista
394;1766;7;Delantero
394;1798;9;Delantero
394;1786;10;Delantero
394;1742;18;Delantero
394;1688;19;Delantero
394;1750;20;Delantero
394;1713;21;Delantero
395;5413;1;Arquero
395;5469;12;Arquero
395;5494;19;Arquero
395;5481;2;Defensor
395;5416;3;Defensor
395;5476;4;Defensor
395;5505;5;Defensor
395;5461;13;Defensor
395;5457;18;Defensor
395;5483;6;Mediocampista
395;5501;7;Mediocampista
395;5410;8;Mediocampista
395;5447;10;Mediocampista
395;5435;15;Mediocampista
395;5433;16;Mediocampista
395;5463;9;Delantero
395;5464;11;Delantero
395;5473;14;Delantero
395;5400;17;Delantero
396;6421;1;Arquero
396;6358;12;Arquero
396;6385;21;Arquero
396;6351;2;Defensor
396;6364;3;Defensor
396;6356;4;Defensor
396;6374;5;Defensor
396;6382;13;Defensor
396;6372;14;Defensor
396;6381;15;Defensor
396;6424;16;Defensor
396;6399;6;Mediocampista
396;6355;7;Mediocampista
396;6348;8;Mediocampista
396;6360;17;Mediocampista
396;6416;19;Mediocampista
396;6393;9;Delantero
396;6361;10;Delantero
396;6376;11;Delantero
396;6366;18;Delantero
396;6429;20;Delantero
396;6414;22;Delantero
397;3754;1;Arquero
397;3790;21;Arquero
397;3963;22;Arquero
397;3777;5;Defensor
397;3784;6;Defensor
397;3798;7;Defensor
397;3813;11;Defensor
397;3830;12;Defensor
397;3752;2;Mediocampista
397;3776;4;Mediocampista
397;3864;15;Mediocampista
397;3865;16;Mediocampista
397;3923;17;Mediocampista
397;3936;18;Mediocampista
397;3756;3;Delantero
397;3804;8;Delantero
397;3805;9;Delantero
397;3812;10;Delantero
397;3852;13;Delantero
397;3861;14;Delantero
397;3950;19;Delantero
397;3966;20;Delantero
398;4444;1;Arquero
398;4635;12;Arquero
398;4456;13;Arquero
398;4485;2;Defensor
398;4668;3;Defensor
398;4477;5;Defensor
398;4584;6;Defensor
398;4436;14;Defensor
398;4468;15;Defensor
398;4540;18;Defensor
398;4642;4;Mediocampista
398;4443;7;Mediocampista
398;4602;16;Mediocampista
398;4509;17;Mediocampista
398;4471;20;Mediocampista
398;4521;8;Delantero
398;4476;9;Delantero
398;4541;10;Delantero
398;4488;11;Delantero
398;4598;19;Delantero
398;4539;21;Delantero
398;4503;22;Delantero
399;5553;1;Arquero
399;5549;12;Arquero
399;5766;22;Arquero
399;5564;2;Defensor
399;5698;3;Defensor
399;5583;4;Defensor
399;5638;5;Defensor
399;5616;13;Defensor
399;5684;14;Defensor
399;5585;6;Mediocampista
399;5568;9;Mediocampista
399;5629;15;Mediocampista
399;5717;16;Mediocampista
399;5665;17;Mediocampista
399;5738;7;Delantero
399;5693;8;Delantero
399;5599;10;Delantero
399;5636;11;Delantero
399;5677;18;Delantero
399;5720;19;Delantero
399;5542;20;Delantero
399;5682;21;Delantero
400;8353;1;Arquero
400;8436;12;Arquero
400;8442;22;Arquero
400;8447;2;Defensor
400;8345;3;Defensor
400;8304;4;Defensor
400;8318;5;Defensor
400;8289;13;Defensor
400;8448;15;Defensor
400;8397;20;Defensor
400;8259;6;Mediocampista
400;8278;7;Mediocampista
400;8235;14;Mediocampista
400;8234;16;Mediocampista
400;8431;19;Mediocampista
400;8296;21;Mediocampista
400;8452;8;Delantero
400;8425;9;Delantero
400;8407;10;Delantero
400;8390;11;Delantero
400;8418;17;Delantero
400;8461;18;Delantero
401;268;1;Arquero
401;22;21;Arquero
401;174;22;Arquero
401;109;2;Defensor
401;240;3;Defensor
401;241;5;Defensor
401;279;6;Defensor
401;171;14;Defensor
401;207;15;Defensor
401;208;17;Defensor
401;248;18;Defensor
401;17;4;Mediocampista
401;35;7;Mediocampista
401;85;8;Mediocampista
401;205;12;Mediocampista
401;170;16;Mediocampista
401;247;9;Delantero
401;94;10;Delantero
401;54;11;Delantero
401;113;13;Delantero
401;150;19;Delantero
401;78;20;Delantero
402;748;1;Arquero
402;651;2;Arquero
402;632;3;Arquero
402;725;4;Defensor
402;568;6;Defensor
402;676;7;Defensor
402;618;8;Defensor
402;665;13;Defensor
402;797;5;Mediocampista
402;771;9;Mediocampista
402;738;10;Mediocampista
402;716;11;Mediocampista
402;518;12;Mediocampista
402;764;17;Mediocampista
402;579;14;Delantero
402;774;15;Delantero
402;636;16;Delantero
402;746;18;Delantero
402;529;19;Delantero
402;698;20;Delantero
402;677;21;Delantero
402;783;22;Delantero
403;3413;1;Arquero
403;3339;12;Arquero
403;3508;13;Arquero
403;3526;2;Defensor
403;3375;3;Defensor
403;3514;14;Defensor
403;3507;15;Defensor
403;3476;16;Defensor
403;3310;21;Defensor
403;3371;4;Mediocampista
403;3570;5;Mediocampista
403;3394;6;Mediocampista
403;3542;10;Mediocampista
403;3387;17;Mediocampista
403;3491;18;Mediocampista
403;3550;7;Delantero
403;3320;8;Delantero
403;3449;9;Delantero
403;3393;11;Delantero
403;3385;19;Delantero
403;3487;20;Delantero
403;3432;22;Delantero
404;7852;1;Arquero
404;7851;12;Arquero
404;7939;22;Arquero
404;7809;2;Defensor
404;7811;3;Defensor
404;7828;5;Defensor
404;7871;7;Defensor
404;7879;9;Defensor
404;7908;14;Defensor
404;7954;18;Defensor
404;7970;19;Defensor
404;7978;20;Defensor
404;7814;4;Mediocampista
404;7845;6;Mediocampista
404;7904;11;Mediocampista
404;7928;15;Mediocampista
404;7875;8;Delantero
404;7885;10;Delantero
404;7903;13;Delantero
404;7940;16;Delantero
404;7953;17;Delantero
404;7987;21;Delantero
405;1470;1;Arquero
405;1534;12;Arquero
405;1424;2;Defensor
405;1454;3;Defensor
405;1376;4;Defensor
405;1387;5;Defensor
405;1355;6;Defensor
405;1572;7;Defensor
405;1583;8;Defensor
405;1613;9;Defensor
405;1466;11;Mediocampista
405;1417;13;Mediocampista
405;1520;14;Mediocampista
405;1679;15;Mediocampista
405;1650;20;Mediocampista
405;1591;10;Delantero
405;1463;16;Delantero
405;1489;17;Delantero
405;1347;18;Delantero
405;1637;19;Delantero
405;1578;21;Delantero
405;1440;22;Delantero
406;1752;1;Arquero
406;1770;21;Arquero
406;1697;22;Arquero
406;1769;2;Defensor
406;1785;3;Defensor
406;1705;4;Defensor
406;1761;5;Defensor
406;1745;12;Defensor
406;1740;15;Defensor
406;1686;19;Defensor
406;1696;7;Mediocampista
406;1728;8;Mediocampista
406;1787;18;Mediocampista
406;1694;20;Mediocampista
406;1797;6;Delantero
406;1688;9;Delantero
406;1798;10;Delantero
406;1731;11;Delantero
406;1786;13;Delantero
406;1737;14;Delantero
406;1735;16;Delantero
406;1682;17;Delantero
407;4384;1;Arquero
407;4302;21;Arquero
407;4301;22;Arquero
407;4315;2;Defensor
407;4342;3;Defensor
407;4377;4;Defensor
407;4345;5;Defensor
407;4385;17;Defensor
407;4313;18;Defensor
407;4374;6;Mediocampista
407;4404;8;Mediocampista
407;4341;13;Mediocampista
407;4351;14;Mediocampista
407;4270;7;Delantero
407;4264;9;Delantero
407;4294;10;Delantero
407;4366;11;Delantero
407;4296;12;Delantero
407;4346;15;Delantero
407;4391;16;Delantero
407;4363;19;Delantero
407;4349;20;Delantero
408;6608;1;Arquero
408;6621;2;Arquero
408;6671;3;Arquero
408;6739;4;Defensor
408;6653;5;Defensor
408;6657;9;Defensor
408;6628;14;Defensor
408;6685;17;Defensor
408;6603;20;Defensor
408;6670;21;Defensor
408;6647;22;Defensor
408;6710;6;Mediocampista
408;6624;10;Mediocampista
408;6661;16;Mediocampista
408;6629;19;Mediocampista
408;6640;7;Delantero
408;6675;8;Delantero
408;6732;11;Delantero
408;6669;12;Delantero
408;6641;13;Delantero
408;6677;15;Delantero
408;6736;18;Delantero
409;2062;9;Arquero
409;2098;13;Arquero
409;2016;2;Defensor
409;2039;5;Defensor
409;2047;6;Defensor
409;2052;7;Defensor
409;2158;20;Defensor
409;2167;21;Defensor
409;2036;4;Mediocampista
409;2054;8;Mediocampista
409;2067;10;Mediocampista
409;2079;12;Mediocampista
409;2111;14;Mediocampista
409;2137;17;Mediocampista
409;2009;1;Delantero
409;2021;3;Delantero
409;2072;11;Delantero
409;2114;15;Delantero
409;2117;16;Delantero
409;2149;18;Delantero
409;2155;19;Delantero
409;2171;22;Delantero
410;2322;1;Arquero
410;2323;9;Arquero
410;2332;2;Defensor
410;2343;3;Defensor
410;2311;4;Defensor
410;2326;5;Defensor
410;2325;16;Defensor
410;2308;6;Mediocampista
410;2331;7;Mediocampista
410;2312;10;Mediocampista
410;2306;11;Mediocampista
410;2329;13;Mediocampista
410;2305;14;Mediocampista
410;2335;8;Delantero
410;2319;12;Delantero
410;2344;15;Delantero
410;2314;17;Delantero
410;2313;18;Delantero
410;2321;19;Delantero
410;2342;20;Delantero
410;2301;21;Delantero
410;2324;22;Delantero
411;4960;1;Arquero
411;4971;2;Arquero
411;5178;18;Arquero
411;5005;5;Defensor
411;5066;6;Defensor
411;5098;8;Defensor
411;5104;9;Defensor
411;5106;11;Defensor
411;5193;21;Defensor
411;5199;22;Defensor
411;5004;4;Mediocampista
411;5076;7;Mediocampista
411;5105;10;Mediocampista
411;5107;12;Mediocampista
411;5109;13;Mediocampista
411;5131;14;Mediocampista
411;5190;19;Mediocampista
411;5191;20;Mediocampista
411;4981;3;Delantero
411;5134;15;Delantero
411;5164;16;Delantero
411;5169;17;Delantero
412;7220;1;Arquero
412;7116;21;Arquero
412;7056;22;Arquero
412;7170;3;Defensor
412;7174;4;Defensor
412;7046;5;Defensor
412;7198;6;Defensor
412;7100;9;Defensor
412;7080;10;Defensor
412;7129;13;Defensor
412;7124;7;Mediocampista
412;7184;8;Mediocampista
412;7217;12;Mediocampista
412;7200;14;Mediocampista
412;7194;2;Delantero
412;7075;11;Delantero
412;7125;15;Delantero
412;7157;16;Delantero
412;7176;17;Delantero
412;7055;18;Delantero
412;7150;19;Delantero
412;7153;20;Delantero
413;2282;1;Arquero
413;2295;2;Arquero
413;2298;3;Defensor
413;2200;4;Defensor
413;2237;5;Defensor
413;2214;6;Defensor
413;2201;7;Defensor
413;2225;8;Defensor
413;2250;11;Defensor
413;2286;9;Mediocampista
413;2285;10;Mediocampista
413;2287;12;Mediocampista
413;2217;15;Mediocampista
413;2196;13;Delantero
413;2265;14;Delantero
413;2268;16;Delantero
413;2248;17;Delantero
413;2227;18;Delantero
413;2232;19;Delantero
413;2274;20;Delantero
413;2236;21;Delantero
413;2202;22;Delantero
414;7220;1;Arquero
414;7154;2;Arquero
414;7131;3;Arquero
414;7086;4;Defensor
414;7077;5;Defensor
414;7170;6;Defensor
414;7155;7;Defensor
414;7198;8;Defensor
414;7152;9;Mediocampista
414;7164;10;Mediocampista
414;7184;11;Mediocampista
414;7217;12;Mediocampista
414;7105;13;Delantero
414;7110;14;Delantero
414;7112;15;Delantero
414;7151;16;Delantero
414;7156;17;Delantero
414;7157;18;Delantero
414;7173;19;Delantero
414;7194;20;Delantero
414;7125;21;Delantero
414;7075;22;Delantero
415;8436;1;Arquero
415;8343;12;Arquero
415;8447;2;Defensor
415;8235;3;Defensor
415;8356;4;Defensor
415;8318;5;Defensor
415;8348;14;Defensor
415;8434;15;Defensor
415;8325;17;Defensor
415;8234;18;Defensor
415;8281;6;Mediocampista
415;8278;8;Mediocampista
415;8407;10;Mediocampista
415;8320;16;Mediocampista
415;8256;22;Mediocampista
415;8390;7;Delantero
415;8425;9;Delantero
415;8280;11;Delantero
415;8334;19;Delantero
415;8250;20;Delantero
415;8431;21;Delantero
415;8295;23;Delantero
416;7489;1;Arquero
416;7392;12;Arquero
416;7501;19;Arquero
416;7336;2;Defensor
416;7375;3;Defensor
416;7409;5;Defensor
416;7510;13;Defensor
416;7486;14;Defensor
416;7438;20;Defensor
416;7471;4;Mediocampista
416;7466;6;Mediocampista
416;7299;7;Mediocampista
416;7483;8;Mediocampista
416;7411;15;Mediocampista
416;7434;16;Mediocampista
416;7361;22;Mediocampista
416;7364;9;Delantero
416;7342;10;Delantero
416;7487;11;Delantero
416;7412;17;Delantero
416;7388;18;Delantero
416;7499;21;Delantero
417;268;1;Arquero
417;234;21;Arquero
417;57;22;Arquero
417;56;2;Defensor
417;240;3;Defensor
417;241;4;Defensor
417;285;5;Defensor
417;201;12;Defensor
417;159;13;Defensor
417;281;14;Defensor
417;263;6;Mediocampista
417;85;8;Mediocampista
417;35;10;Mediocampista
417;71;15;Mediocampista
417;260;16;Mediocampista
417;149;7;Delantero
417;247;9;Delantero
417;235;11;Delantero
417;152;17;Delantero
417;98;18;Delantero
417;256;19;Delantero
417;274;20;Delantero
418;2043;1;Arquero
418;2062;12;Arquero
418;2013;22;Arquero
418;2047;2;Defensor
418;2138;3;Defensor
418;2093;4;Defensor
418;2030;5;Defensor
418;2156;13;Defensor
418;2074;14;Defensor
418;2125;15;Defensor
418;2036;16;Defensor
418;2127;6;Mediocampista
418;2150;8;Mediocampista
418;2054;10;Mediocampista
418;2101;17;Mediocampista
418;2114;7;Delantero
418;2072;9;Delantero
418;2137;11;Delantero
418;2087;18;Delantero
418;2092;19;Delantero
418;2021;20;Delantero
418;2149;21;Delantero
419;5003;1;Arquero
419;5130;12;Arquero
419;4960;13;Arquero
419;5111;2;Defensor
419;5199;4;Defensor
419;5116;5;Defensor
419;5192;16;Defensor
419;5045;18;Defensor
419;5104;19;Defensor
419;5185;3;Mediocampista
419;5223;6;Mediocampista
419;5225;20;Mediocampista
419;5075;21;Mediocampista
419;5140;7;Delantero
419;5126;8;Delantero
419;1354;9;Delantero
419;5210;10;Delantero
419;5133;11;Delantero
419;5190;14;Delantero
419;5211;15;Delantero
419;5164;17;Delantero
419;5004;22;Delantero
420;7852;1;Arquero
420;7937;2;Arquero
420;7969;3;Arquero
420;7898;4;Defensor
420;7922;5;Defensor
420;7949;6;Defensor
420;7954;7;Defensor
420;7978;8;Defensor
420;7879;9;Defensor
420;7897;10;Defensor
420;7920;11;Mediocampista
420;7990;13;Mediocampista
420;7845;16;Mediocampista
420;7996;21;Mediocampista
420;7985;12;Delantero
420;7808;14;Delantero
420;7812;15;Delantero
420;7855;17;Delantero
420;7938;18;Delantero
420;7944;19;Delantero
420;7986;20;Delantero
420;7869;22;Delantero
421;1470;1;Arquero
421;1401;22;Arquero
421;1424;2;Defensor
421;1547;3;Defensor
421;1681;5;Defensor
421;1568;6;Defensor
421;1488;12;Defensor
421;1376;13;Defensor
421;1511;14;Defensor
421;1355;15;Defensor
421;1679;4;Mediocampista
421;1421;8;Mediocampista
421;1674;16;Mediocampista
421;1551;17;Mediocampista
421;1463;7;Delantero
421;1408;9;Delantero
421;1591;10;Delantero
421;1592;11;Delantero
421;1487;18;Delantero
421;1654;19;Delantero
421;1358;20;Delantero
421;1667;21;Delantero
422;6903;1;Arquero
422;6902;13;Arquero
422;6840;22;Arquero
422;6852;2;Defensor
422;6890;3;Defensor
422;6873;4;Defensor
422;6886;5;Defensor
422;6919;12;Defensor
422;6775;21;Defensor
422;6861;6;Mediocampista
422;6915;7;Mediocampista
422;6779;16;Mediocampista
422;6851;19;Mediocampista
422;6901;8;Delantero
422;6864;9;Delantero
422;6765;10;Delantero
422;6820;11;Delantero
422;6859;14;Delantero
422;6837;15;Delantero
422;6891;17;Delantero
422;6828;18;Delantero
422;6776;20;Delantero
423;3325;1;Arquero
423;3521;2;Arquero
423;3351;3;Arquero
423;3373;7;Defensor
423;3402;10;Defensor
423;3514;11;Defensor
423;3481;13;Defensor
423;3507;16;Defensor
423;3517;17;Defensor
423;3528;19;Defensor
423;3533;20;Defensor
423;3371;5;Mediocampista
423;3389;8;Mediocampista
423;3542;21;Mediocampista
423;3559;22;Mediocampista
423;3362;4;Delantero
423;3372;6;Delantero
423;3393;9;Delantero
423;3487;12;Delantero
423;3495;14;Delantero
423;3378;15;Delantero
423;3310;18;Delantero
424;5553;1;Arquero
424;5613;12;Arquero
424;5673;22;Arquero
424;5583;2;Defensor
424;5750;3;Defensor
424;5776;4;Defensor
424;5564;13;Defensor
424;5731;14;Defensor
424;5638;15;Defensor
424;5555;5;Mediocampista
424;5679;6;Mediocampista
424;5592;16;Mediocampista
424;5738;17;Mediocampista
424;5627;18;Mediocampista
424;5582;7;Delantero
424;5720;8;Delantero
424;5630;9;Delantero
424;5690;10;Delantero
424;5585;11;Delantero
424;5637;19;Delantero
424;5772;20;Delantero
424;5530;21;Delantero
425;748;1;Arquero
425;605;12;Arquero
425;737;2;Defensor
425;676;3;Defensor
425;758;4;Defensor
425;705;6;Defensor
425;672;14;Defensor
425;693;15;Defensor
425;518;17;Defensor
425;573;18;Defensor
425;757;5;Mediocampista
425;752;13;Mediocampista
425;738;16;Mediocampista
425;612;7;Delantero
425;711;8;Delantero
425;706;9;Delantero
425;761;10;Delantero
425;547;11;Delantero
425;776;19;Delantero
425;696;20;Delantero
425;512;21;Delantero
425;636;22;Delantero
426;1752;1;Arquero
426;1721;18;Arquero
426;1759;20;Arquero
426;1767;2;Defensor
426;1700;3;Defensor
426;1728;4;Defensor
426;1736;5;Defensor
426;1702;8;Defensor
426;1797;12;Defensor
426;1755;22;Defensor
426;1738;6;Mediocampista
426;1698;7;Mediocampista
426;1735;16;Mediocampista
426;1701;17;Mediocampista
426;1716;9;Delantero
426;1731;10;Delantero
426;1786;11;Delantero
426;1782;13;Delantero
426;1772;14;Delantero
426;1688;15;Delantero
426;1696;19;Delantero
426;1757;21;Delantero
427;4305;1;Arquero
427;4384;21;Arquero
427;4314;22;Arquero
427;4342;2;Defensor
427;4345;3;Defensor
427;4372;4;Defensor
427;4375;5;Defensor
427;4374;6;Defensor
427;4377;12;Defensor
427;4313;13;Defensor
427;4304;8;Mediocampista
427;4351;14;Mediocampista
427;4343;15;Mediocampista
427;4369;7;Delantero
427;4264;9;Delantero
427;4391;10;Delantero
427;4296;11;Delantero
427;4294;16;Delantero
427;4366;17;Delantero
427;4347;18;Delantero
427;4333;19;Delantero
427;4275;20;Delantero
428;4635;1;Arquero
428;4533;12;Arquero
428;4444;22;Arquero
428;4436;2;Defensor
428;4668;3;Defensor
428;4593;15;Defensor
428;4584;16;Defensor
428;4536;21;Defensor
428;4645;5;Mediocampista
428;4509;6;Mediocampista
428;4433;14;Mediocampista
428;4503;20;Mediocampista
428;4615;4;Delantero
428;4488;7;Delantero
428;4521;8;Delantero
428;4530;9;Delantero
428;4527;10;Delantero
428;4476;11;Delantero
428;4552;13;Delantero
428;4500;17;Delantero
428;4539;18;Delantero
428;4600;19;Delantero
429;97;1;Arquero
429;234;21;Arquero
429;160;22;Arquero
429;56;2;Defensor
429;126;3;Defensor
429;283;5;Defensor
429;254;7;Defensor
429;240;17;Defensor
429;110;18;Defensor
429;203;20;Defensor
429;51;4;Mediocampista
429;263;6;Mediocampista
429;277;9;Mediocampista
429;238;10;Mediocampista
429;217;8;Delantero
429;235;11;Delantero
429;247;12;Delantero
429;141;13;Delantero
429;42;14;Delantero
429;133;15;Delantero
429;260;16;Delantero
429;210;19;Delantero
430;576;1;Arquero
430;691;12;Arquero
430;793;3;Defensor
430;661;4;Defensor
430;607;14;Defensor
430;513;15;Defensor
430;737;17;Defensor
430;598;2;Mediocampista
430;751;5;Mediocampista
430;797;6;Mediocampista
430;721;13;Mediocampista
430;690;16;Mediocampista
430;587;7;Delantero
430;735;8;Delantero
430;680;9;Delantero
430;746;10;Delantero
430;657;11;Delantero
430;553;18;Delantero
430;532;19;Delantero
430;649;20;Delantero
430;761;21;Delantero
430;591;22;Delantero
431;6911;1;Arquero
431;6792;19;Arquero
431;6903;22;Arquero
431;6867;2;Defensor
431;6873;4;Defensor
431;6890;16;Defensor
431;6779;17;Defensor
431;6900;21;Defensor
431;6782;3;Mediocampista
431;6861;5;Mediocampista
431;6886;6;Mediocampista
431;6806;15;Mediocampista
431;6865;20;Mediocampista
431;6798;7;Delantero
431;6793;8;Delantero
431;6864;9;Delantero
431;6776;10;Delantero
431;6844;11;Delantero
431;6932;12;Delantero
431;6811;13;Delantero
431;6794;14;Delantero
431;6901;18;Delantero
432;4877;1;Arquero
432;4909;12;Arquero
432;4904;18;Arquero
432;4870;2;Defensor
432;4891;3;Defensor
432;4884;5;Defensor
432;4876;19;Defensor
432;4878;21;Defensor
432;4859;4;Mediocampista
432;4899;6;Mediocampista
432;4889;10;Mediocampista
432;4866;20;Mediocampista
432;4858;7;Delantero
432;4871;8;Delantero
432;4906;9;Delantero
432;4893;11;Delantero
432;4863;13;Delantero
432;4905;14;Delantero
432;4887;15;Delantero
432;4873;16;Delantero
432;4869;17;Delantero
432;4908;22;Delantero
433;3237;1;Arquero
433;3115;2;Arquero
433;3216;3;Defensor
433;3121;4;Defensor
433;3164;5;Defensor
433;3155;6;Defensor
433;3194;7;Defensor
433;3141;9;Defensor
433;3135;10;Mediocampista
433;3184;11;Mediocampista
433;3129;12;Mediocampista
433;3104;13;Mediocampista
433;3231;8;Delantero
433;3179;14;Delantero
433;3223;15;Delantero
433;3211;16;Delantero
433;3210;17;Delantero
433;3130;18;Delantero
433;3123;19;Delantero
433;3219;20;Delantero
433;3167;21;Delantero
433;3142;22;Delantero
434;3745;1;Arquero
434;3802;2;Arquero
434;3944;3;Arquero
434;3873;4;Defensor
434;3897;5;Defensor
434;3913;6;Defensor
434;3922;7;Defensor
434;3796;8;Mediocampista
434;3868;9;Mediocampista
434;3871;10;Mediocampista
434;3886;11;Mediocampista
434;3912;12;Mediocampista
434;3930;13;Mediocampista
434;3926;19;Mediocampista
434;3765;14;Delantero
434;3782;15;Delantero
434;3832;16;Delantero
434;3841;17;Delantero
434;3880;18;Delantero
434;3933;20;Delantero
434;3996;21;Delantero
434;3998;22;Delantero
435;6287;1;Arquero
435;6196;12;Arquero
435;6206;2;Defensor
435;6282;3;Defensor
435;6193;4;Defensor
435;6256;6;Defensor
435;6269;13;Defensor
435;6322;14;Defensor
435;6290;17;Defensor
435;6337;5;Mediocampista
435;6323;15;Mediocampista
435;6195;7;Delantero
435;6304;8;Delantero
435;6314;9;Delantero
435;6198;10;Delantero
435;6204;11;Delantero
435;6281;16;Delantero
435;6305;18;Delantero
435;6277;19;Delantero
435;6209;20;Delantero
435;6307;21;Delantero
435;6276;22;Delantero
436;7306;1;Arquero
436;7392;2;Arquero
436;7356;20;Arquero
436;7486;3;Defensor
436;7320;4;Defensor
436;7514;5;Defensor
436;7473;21;Defensor
436;7530;6;Mediocampista
436;7395;8;Mediocampista
436;7312;9;Mediocampista
436;7480;10;Mediocampista
436;7466;11;Mediocampista
436;7425;14;Mediocampista
436;7483;15;Mediocampista
436;7426;7;Delantero
436;7457;12;Delantero
436;7519;13;Delantero
436;7452;16;Delantero
436;7475;17;Delantero
436;7400;18;Delantero
436;7443;19;Delantero
436;7364;22;Delantero
437;4028;1;Arquero
437;4027;12;Arquero
437;4042;13;Arquero
437;4048;2;Defensor
437;4023;3;Defensor
437;4040;4;Defensor
437;4017;14;Defensor
437;4012;5;Mediocampista
437;4009;6;Mediocampista
437;4006;15;Mediocampista
437;4014;16;Mediocampista
437;4018;20;Mediocampista
437;4007;22;Mediocampista
437;4032;7;Delantero
437;4022;8;Delantero
437;4011;9;Delantero
437;4002;10;Delantero
437;4026;11;Delantero
437;4029;17;Delantero
437;4043;18;Delantero
437;4045;19;Delantero
437;4003;21;Delantero
438;4305;1;Arquero
438;4314;22;Arquero
438;4342;2;Defensor
438;4374;3;Defensor
438;4372;4;Defensor
438;4317;12;Defensor
438;4386;13;Defensor
438;4387;14;Defensor
438;4277;5;Mediocampista
438;4271;6;Mediocampista
438;4329;15;Mediocampista
438;4278;7;Delantero
438;4391;8;Delantero
438;4312;9;Delantero
438;4279;10;Delantero
438;4369;11;Delantero
438;4334;16;Delantero
438;4406;17;Delantero
438;4347;18;Delantero
438;4297;19;Delantero
438;4269;20;Delantero
438;4296;21;Delantero
439;5553;1;Arquero
439;5551;12;Arquero
439;5613;13;Arquero
439;5583;2;Defensor
439;5732;3;Defensor
439;5776;4;Defensor
439;5622;14;Defensor
439;5750;15;Defensor
439;5722;16;Defensor
439;5708;5;Mediocampista
439;5595;6;Mediocampista
439;5627;7;Mediocampista
439;5555;17;Mediocampista
439;5739;18;Mediocampista
439;5537;20;Mediocampista
439;5720;8;Delantero
439;5550;9;Delantero
439;5619;10;Delantero
439;5752;11;Delantero
439;5535;19;Delantero
439;5647;21;Delantero
439;5615;22;Delantero
440;7786;1;Arquero
440;7791;12;Arquero
440;7672;16;Arquero
440;7626;2;Defensor
440;7622;3;Defensor
440;7687;5;Defensor
440;7750;13;Defensor
440;7712;4;Mediocampista
440;7758;6;Mediocampista
440;7661;8;Mediocampista
440;7665;14;Mediocampista
440;7632;15;Mediocampista
440;7668;17;Mediocampista
440;7669;7;Delantero
440;7776;9;Delantero
440;7774;10;Delantero
440;7779;11;Delantero
440;7722;18;Delantero
440;7694;19;Delantero
440;7729;20;Delantero
440;7628;21;Delantero
440;7751;22;Delantero
441;1026;1;Arquero
441;1012;12;Arquero
441;931;22;Arquero
441;940;2;Defensor
441;943;3;Defensor
441;1025;4;Defensor
441;942;5;Defensor
441;967;15;Defensor
441;918;18;Defensor
441;966;6;Mediocampista
441;1021;16;Mediocampista
441;971;17;Mediocampista
441;1000;21;Mediocampista
441;954;7;Delantero
441;972;8;Delantero
441;925;9;Delantero
441;963;10;Delantero
441;1015;11;Delantero
441;1010;13;Delantero
441;941;14;Delantero
441;929;19;Delantero
441;982;20;Delantero
442;1401;1;Arquero
442;1470;3;Arquero
442;1376;2;Defensor
442;1424;4;Defensor
442;1571;8;Defensor
442;1681;9;Defensor
442;1568;12;Defensor
442;1415;14;Defensor
442;1572;15;Defensor
442;1547;16;Defensor
442;1422;5;Mediocampista
442;1421;6;Mediocampista
442;1557;13;Mediocampista
442;1679;19;Mediocampista
442;1667;7;Delantero
442;1591;10;Delantero
442;1463;11;Delantero
442;1493;17;Delantero
442;1354;18;Delantero
442;1654;20;Delantero
442;1420;21;Delantero
442;1592;22;Delantero
443;4573;1;Arquero
443;4535;12;Arquero
443;4533;13;Arquero
443;4536;2;Defensor
443;4445;3;Defensor
443;4479;4;Defensor
443;4672;5;Defensor
443;4629;14;Defensor
443;4593;16;Defensor
443;4631;6;Mediocampista
443;4481;15;Mediocampista
443;4500;7;Delantero
443;4615;8;Delantero
443;4552;9;Delantero
443;4527;10;Delantero
443;4508;11;Delantero
443;4457;17;Delantero
443;4459;18;Delantero
443;4633;19;Delantero
443;4476;20;Delantero
443;4429;21;Delantero
443;4624;22;Delantero
444;7220;1;Arquero
444;7154;12;Arquero
444;7058;13;Arquero
444;7118;2;Defensor
444;7135;3;Defensor
444;7138;4;Defensor
444;7170;14;Defensor
444;7155;15;Defensor
444;7222;22;Defensor
444;7216;5;Mediocampista
444;7164;6;Mediocampista
444;7212;16;Mediocampista
444;7051;7;Delantero
444;7110;8;Delantero
444;7201;9;Delantero
444;7186;10;Delantero
444;7107;11;Delantero
444;7109;17;Delantero
444;7068;18;Delantero
444;7105;19;Delantero
444;7091;20;Delantero
444;7092;21;Delantero
445;1401;1;Arquero
445;1656;21;Arquero
445;1389;22;Arquero
445;1424;2;Defensor
445;1568;3;Defensor
445;1384;4;Defensor
445;1373;6;Defensor
445;1581;12;Defensor
445;1352;13;Defensor
445;1547;15;Defensor
445;1596;5;Mediocampista
445;1421;8;Mediocampista
445;1442;14;Mediocampista
445;1418;16;Mediocampista
445;1501;7;Delantero
445;1369;9;Delantero
445;1595;10;Delantero
445;1458;11;Delantero
445;1545;17;Delantero
445;1482;18;Delantero
445;1483;19;Delantero
445;1631;20;Delantero
446;3944;1;Arquero
446;3954;2;Arquero
446;3745;3;Arquero
446;3845;4;Defensor
446;3857;5;Defensor
446;3873;6;Defensor
446;3913;7;Defensor
446;3773;8;Defensor
446;3871;10;Defensor
446;3930;14;Defensor
446;3809;9;Mediocampista
446;3904;11;Mediocampista
446;3912;12;Mediocampista
446;3905;13;Mediocampista
446;3767;15;Mediocampista
446;3894;19;Mediocampista
446;3819;16;Delantero
446;3851;17;Delantero
446;3880;18;Delantero
446;3962;20;Delantero
446;3972;21;Delantero
446;3996;22;Delantero
447;5553;1;Arquero
447;5674;12;Arquero
447;5648;2;Defensor
447;5732;3;Defensor
447;5659;4;Defensor
447;5545;13;Defensor
447;5614;14;Defensor
447;5722;20;Defensor
447;5686;21;Defensor
447;5555;5;Mediocampista
447;5528;6;Mediocampista
447;5679;16;Mediocampista
447;5760;7;Delantero
447;5680;8;Delantero
447;5642;9;Delantero
447;5531;10;Delantero
447;5526;11;Delantero
447;5537;15;Delantero
447;5749;17;Delantero
447;5558;18;Delantero
447;5640;19;Delantero
447;5573;22;Delantero
448;7306;1;Arquero
448;7389;12;Arquero
448;7494;2;Defensor
448;7320;3;Defensor
448;7351;5;Defensor
448;7531;13;Defensor
448;7424;16;Defensor
448;7308;17;Defensor
448;7318;4;Mediocampista
448;7312;6;Mediocampista
448;7530;11;Mediocampista
448;7406;14;Mediocampista
448;7490;15;Mediocampista
448;7442;7;Delantero
448;7428;8;Delantero
448;7526;9;Delantero
448;7309;10;Delantero
448;7426;18;Delantero
448;7451;19;Delantero
448;7337;20;Delantero
448;7519;21;Delantero
448;7457;22;Delantero
449;271;1;Arquero
449;156;21;Arquero
449;160;22;Arquero
449;161;2;Defensor
449;147;3;Defensor
449;15;4;Defensor
449;56;5;Defensor
449;215;7;Defensor
449;166;10;Defensor
449;173;8;Mediocampista
449;179;9;Mediocampista
449;182;11;Mediocampista
449;277;16;Mediocampista
449;25;18;Mediocampista
449;51;6;Delantero
449;217;12;Delantero
449;186;13;Delantero
449;141;14;Delantero
449;278;15;Delantero
449;100;17;Delantero
449;211;19;Delantero
449;235;20;Delantero
450;2390;1;Arquero
450;2387;12;Arquero
450;2500;2;Defensor
450;2502;3;Defensor
450;2483;6;Defensor
450;2480;13;Defensor
450;2386;14;Defensor
450;2412;4;Mediocampista
450;2471;5;Mediocampista
450;2379;11;Mediocampista
450;2425;15;Mediocampista
450;2374;16;Mediocampista
450;2482;7;Delantero
450;2361;8;Delantero
450;2513;9;Delantero
450;2512;10;Delantero
450;2495;17;Delantero
450;2373;18;Delantero
450;2481;19;Delantero
450;2522;20;Delantero
451;4305;1;Arquero
451;4303;21;Arquero
451;4307;22;Arquero
451;4281;2;Defensor
451;4335;4;Defensor
451;4317;12;Defensor
451;4405;13;Defensor
451;4337;3;Mediocampista
451;4277;5;Mediocampista
451;4408;6;Mediocampista
451;4330;14;Mediocampista
451;4387;15;Mediocampista
451;4397;7;Delantero
451;4326;8;Delantero
451;4312;9;Delantero
451;3495;10;Delantero
451;4287;11;Delantero
451;4278;16;Delantero
451;4338;17;Delantero
451;4285;18;Delantero
451;4357;19;Delantero
451;4399;20;Delantero
452;8205;1;Arquero
452;8203;12;Arquero
452;8199;2;Defensor
452;8167;3;Defensor
452;8179;4;Defensor
452;8170;13;Defensor
452;8165;14;Defensor
452;8192;16;Defensor
452;8191;17;Defensor
452;8163;18;Defensor
452;8162;19;Defensor
452;8174;5;Mediocampista
452;8200;6;Mediocampista
452;8190;15;Mediocampista
452;8186;7;Delantero
452;8202;8;Delantero
452;8180;9;Delantero
452;8171;10;Delantero
452;8188;11;Delantero
452;8193;20;Delantero
452;8183;21;Delantero
452;8175;22;Delantero
453;1012;1;Arquero
453;988;15;Arquero
453;1038;16;Arquero
453;942;2;Defensor
453;943;3;Defensor
453;918;4;Defensor
453;967;13;Defensor
453;940;20;Defensor
453;985;5;Mediocampista
453;966;6;Mediocampista
453;1021;12;Mediocampista
453;936;14;Mediocampista
453;1027;17;Mediocampista
453;1004;18;Mediocampista
453;964;7;Delantero
453;1010;8;Delantero
453;1032;9;Delantero
453;998;10;Delantero
453;963;11;Delantero
453;929;19;Delantero
453;1020;21;Delantero
453;947;22;Delantero
454;6895;1;Arquero
454;6911;21;Arquero
454;6903;22;Arquero
454;6900;2;Defensor
454;6873;4;Defensor
454;6920;5;Defensor
454;6843;12;Defensor
454;6886;3;Mediocampista
454;6769;6;Mediocampista
454;6808;13;Mediocampista
454;6806;14;Mediocampista
454;6892;16;Mediocampista
454;6807;7;Delantero
454;6805;8;Delantero
454;6857;9;Delantero
454;6879;10;Delantero
454;6880;11;Delantero
454;6826;15;Delantero
454;6844;17;Delantero
454;6856;18;Delantero
454;6838;19;Delantero
454;6798;20;Delantero
455;3187;1;Arquero
455;3102;14;Arquero
455;3131;2;Defensor
455;3099;3;Defensor
455;3134;6;Defensor
455;3235;18;Defensor
455;3141;4;Mediocampista
455;3135;5;Mediocampista
455;3129;7;Mediocampista
455;3189;17;Mediocampista
455;3185;8;Delantero
455;3156;9;Delantero
455;3114;10;Delantero
455;3208;11;Delantero
455;3142;12;Delantero
455;3215;13;Delantero
455;3174;15;Delantero
455;3162;16;Delantero
455;3107;19;Delantero
455;3125;20;Delantero
455;3127;21;Delantero
455;3202;22;Delantero
456;8351;1;Arquero
456;8341;12;Arquero
456;3528;2;Defensor
456;8348;3;Defensor
456;8413;4;Defensor
456;8283;13;Defensor
456;8444;14;Defensor
456;8265;16;Defensor
456;8456;5;Mediocampista
456;8337;6;Mediocampista
456;8405;15;Mediocampista
456;8279;17;Mediocampista
456;8230;7;Delantero
456;8330;8;Delantero
456;8358;9;Delantero
456;8427;10;Delantero
456;8252;11;Delantero
456;8439;18;Delantero
456;8238;19;Delantero
456;8357;20;Delantero
456;8391;21;Delantero
456;8270;22;Delantero
457;1122;1;Arquero
457;1120;12;Arquero
457;1045;17;Arquero
457;1113;2;Defensor
457;1207;3;Defensor
457;1110;13;Defensor
457;1217;18;Defensor
457;1136;4;Mediocampista
457;1065;5;Mediocampista
457;1151;6;Mediocampista
457;1223;14;Mediocampista
457;1046;19;Mediocampista
457;1148;20;Mediocampista
457;1226;21;Mediocampista
457;1251;7;Delantero
457;1134;8;Delantero
457;1079;9;Delantero
457;1044;10;Delantero
457;1153;11;Delantero
457;1210;15;Delantero
457;1209;16;Delantero
457;1220;22;Delantero
458;4578;1;Arquero
458;4464;12;Arquero
458;4636;2;Defensor
458;4469;3;Defensor
458;4672;4;Defensor
458;4596;5;Defensor
458;4522;13;Defensor
458;4478;18;Defensor
458;4495;6;Mediocampista
458;4575;14;Mediocampista
458;4437;19;Mediocampista
458;4572;7;Delantero
458;4460;8;Delantero
458;4564;9;Delantero
458;4647;10;Delantero
458;4508;11;Delantero
458;4665;15;Delantero
458;4607;16;Delantero
458;4587;17;Delantero
458;4546;20;Delantero
458;4527;21;Delantero
458;4534;22;Delantero
459;5087;1;Arquero
459;5233;12;Arquero
459;5041;22;Arquero
459;5232;2;Defensor
459;5088;3;Defensor
459;5114;13;Defensor
459;5027;14;Defensor
459;5148;4;Mediocampista
459;5217;5;Mediocampista
459;5150;6;Mediocampista
459;5123;15;Mediocampista
459;5071;16;Mediocampista
459;5203;17;Mediocampista
459;5093;20;Mediocampista
459;5145;7;Delantero
459;5160;8;Delantero
459;5082;9;Delantero
459;5013;10;Delantero
459;5110;11;Delantero
459;5177;18;Delantero
459;4997;19;Delantero
459;5078;21;Delantero
460;7850;1;Arquero
460;7934;2;Arquero
460;7973;3;Arquero
460;7825;4;Defensor
460;7861;5;Defensor
460;7917;6;Defensor
460;7926;7;Defensor
460;7848;10;Defensor
460;7898;14;Defensor
460;7823;8;Mediocampista
460;7835;9;Mediocampista
460;7860;12;Mediocampista
460;7870;13;Mediocampista
460;7855;11;Delantero
460;7812;15;Delantero
460;7816;16;Delantero
460;7857;17;Delantero
460;7888;18;Delantero
460;7918;19;Delantero
460;7920;20;Delantero
460;7947;21;Delantero
460;7986;22;Delantero
461;1370;;Arquero
461;1401;;Arquero
461;1442;;Defensor
461;1367;;Defensor
461;1568;;Defensor
461;1512;;Defensor
461;1563;;Defensor
461;1680;;Mediocampista
461;1569;;Mediocampista
461;1633;;Mediocampista
461;1411;;Mediocampista
461;1373;;Mediocampista
461;1380;;Mediocampista
461;1341;;Delantero
461;1342;;Delantero
461;1351;;Delantero
461;1369;;Delantero
461;1533;;Delantero
461;1486;;Delantero
461;1461;;Delantero
461;1458;;Delantero
461;1405;;Delantero
462;5553;;Arquero
462;5570;;Arquero
462;5778;;Defensor
462;5737;;Defensor
462;5722;;Defensor
462;5668;;Defensor
462;5621;;Defensor
462;5612;;Defensor
462;5618;;Mediocampista
462;5691;;Mediocampista
462;5686;;Mediocampista
462;5577;;Mediocampista
462;5628;;Mediocampista
462;5594;;Mediocampista
462;5680;;Delantero
462;5773;;Delantero
462;5749;;Delantero
462;5559;;Delantero
462;5709;;Delantero
462;5703;;Delantero
462;5681;;Delantero
462;5540;;Delantero
464;7306;;Arquero
464;7433;;Arquero
464;7535;;Defensor
464;7341;;Defensor
464;7319;;Defensor
464;7351;;Defensor
464;7315;;Defensor
464;7494;;Defensor
464;7474;;Mediocampista
464;7380;;Mediocampista
464;7446;;Mediocampista
464;7370;;Mediocampista
464;7322;;Mediocampista
464;7318;;Mediocampista
464;7428;;Delantero
464;7442;;Delantero
464;7415;;Delantero
464;7317;;Delantero
464;7309;;Delantero
464;7513;;Delantero
464;7526;;Delantero
464;7301;;Delantero
463;7890;;Arquero
463;7839;;Arquero
463;7973;;Arquero
463;7962;;Defensor
463;7913;;Defensor
463;7926;;Defensor
463;7882;;Defensor
463;7945;;Defensor
463;7825;;Defensor
463;7942;;Mediocampista
463;7848;;Mediocampista
463;7961;;Delantero
463;7812;;Delantero
463;7867;;Delantero
463;7857;;Delantero
463;7821;;Delantero
463;7818;;Delantero
463;7813;;Delantero
463;7979;;Delantero
466;3309;;Arquero
466;3502;;Arquero
466;3374;;Arquero
466;3484;;Defensor
466;3436;;Defensor
466;3397;;Defensor
466;3386;;Defensor
466;3537;;Defensor
466;3330;;Defensor
466;3323;;Defensor
466;3398;;Mediocampista
466;3494;;Mediocampista
466;3470;;Mediocampista
466;3519;;Delantero
466;3492;;Delantero
466;3482;;Delantero
466;3462;;Delantero
466;3427;;Delantero
466;3410;;Delantero
466;3357;;Delantero
466;3337;;Delantero
466;3569;;Delantero
468;4664;;Arquero
468;4497;;Arquero
468;4439;;Defensor
468;4646;;Defensor
468;4622;;Defensor
468;4609;;Defensor
468;4672;;Defensor
468;4504;;Defensor
468;4592;;Mediocampista
468;4538;;Mediocampista
468;4495;;Mediocampista
468;4659;;Mediocampista
468;4441;;Delantero
468;4455;;Delantero
468;4484;;Delantero
468;4508;;Delantero
468;4587;;Delantero
468;4585;;Delantero
468;4580;;Delantero
468;4568;;Delantero
468;4572;;Delantero
465;2076;;Arquero
465;2113;;Arquero
465;2132;;Defensor
465;2078;;Defensor
465;2007;;Defensor
465;2053;;Defensor
465;2048;;Defensor
465;2154;;Defensor
465;2134;;Mediocampista
465;2020;;Mediocampista
465;2126;;Mediocampista
465;2024;;Mediocampista
465;2022;;Mediocampista
465;2123;;Delantero
465;2120;;Delantero
465;2110;;Delantero
465;2090;;Delantero
465;2082;;Delantero
465;2069;;Delantero
465;2068;;Delantero
465;2035;;Delantero
465;2037;;Delantero
467;3639;;Arquero
467;3593;;Arquero
467;3674;;Defensor
467;3663;;Defensor
467;3579;;Defensor
467;3611;;Defensor
467;3681;;Mediocampista
467;3720;;Mediocampista
467;3608;;Mediocampista
467;3582;;Mediocampista
467;3732;;Delantero
467;3719;;Delantero
467;3696;;Delantero
467;3613;;Delantero
467;3637;;Delantero
467;3621;;Delantero
467;3736;;Delantero
471;7786;;Arquero
471;7714;;Arquero
471;7615;;Defensor
471;7770;;Defensor
471;7735;;Defensor
471;7688;;Defensor
471;7728;;Defensor
471;7743;;Mediocampista
471;7597;;Mediocampista
471;7656;;Mediocampista
471;7693;;Delantero
471;7782;;Delantero
471;7779;;Delantero
471;7769;;Delantero
471;7756;;Delantero
471;7741;;Delantero
471;7686;;Delantero
471;7729;;Delantero
469;5143;;Arquero
469;5205;;Arquero
469;5017;;Arquero
469;5091;;Defensor
469;5079;;Defensor
469;5162;;Defensor
469;5188;;Defensor
469;4994;;Defensor
469;5123;;Mediocampista
469;5113;;Mediocampista
469;5217;;Mediocampista
469;5067;;Mediocampista
469;4969;;Mediocampista
469;5009;;Mediocampista
469;4997;;Delantero
469;5160;;Delantero
469;5145;;Delantero
469;5013;;Delantero
469;5014;;Delantero
469;5015;;Delantero
469;5110;;Delantero
469;4964;;Delantero
470;6332;;Arquero
470;6243;;Arquero
470;6303;;Defensor
470;6271;;Defensor
470;6268;;Defensor
470;6244;;Defensor
470;6230;;Defensor
470;6239;;Mediocampista
470;6280;;Mediocampista
470;6272;;Mediocampista
470;6211;;Mediocampista
470;6237;;Delantero
470;6301;;Delantero
470;6208;;Delantero
470;6324;;Delantero
470;6330;;Delantero
470;6285;;Delantero
470;6283;;Delantero
470;6279;;Delantero
470;6222;;Delantero
470;6234;;Delantero
470;6207;;Delantero
473;8380;;Arquero
473;8351;;Arquero
473;8348;;Defensor
473;8324;;Defensor
473;8462;;Defensor
473;8307;;Defensor
473;8444;;Defensor
473;8414;;Mediocampista
473;8456;;Mediocampista
473;8393;;Mediocampista
473;8413;;Mediocampista
473;8376;;Mediocampista
473;8322;;Mediocampista
473;8364;;Delantero
473;8460;;Delantero
473;8255;;Delantero
473;8427;;Delantero
473;8312;;Delantero
473;8403;;Delantero
473;8358;;Delantero
473;8391;;Delantero
473;8254;;Delantero
472;1286;;Arquero
472;1263;;Arquero
472;1258;;Defensor
472;1271;;Defensor
472;1305;;Mediocampista
472;1283;;Mediocampista
472;1315;;Mediocampista
472;1280;;Mediocampista
472;1261;;Mediocampista
472;1272;;Mediocampista
472;1314;;Delantero
472;1260;;Delantero
472;1290;;Delantero
472;1288;;Delantero
472;1281;;Delantero
472;1285;;Delantero
472;1284;;Delantero
472;1269;;Delantero
472;1273;;Delantero
510;558;;Arquero
510;559;;Arquero
510;717;;Defensor
510;700;;Defensor
510;692;;Defensor
510;597;;Defensor
510;809;;Defensor
510;583;;Defensor
510;729;;Mediocampista
510;687;;Mediocampista
510;780;;Mediocampista
510;609;;Mediocampista
510;798;;Delantero
510;777;;Delantero
510;767;;Delantero
510;779;;Delantero
510;727;;Delantero
510;726;;Delantero
510;578;;Delantero
510;617;;Delantero
510;610;;Delantero
510;599;;Delantero
511;2044;;Arquero
511;2034;;Arquero
511;2122;;Defensor
511;2028;;Defensor
511;2108;;Defensor
511;2086;;Defensor
511;2133;;Mediocampista
511;2041;;Mediocampista
511;2151;;Mediocampista
511;2152;;Mediocampista
511;2145;;Delantero
511;2139;;Delantero
511;2165;;Delantero
511;2004;;Delantero
511;2097;;Delantero
511;2089;;Delantero
511;2029;;Delantero
511;2010;;Delantero
511;2166;;Delantero
512;3976;;Arquero
512;3973;;Arquero
512;3749;;Defensor
512;3789;;Defensor
512;3915;;Defensor
512;3934;;Mediocampista
512;3995;;Mediocampista
512;3891;;Mediocampista
512;3817;;Mediocampista
512;3794;;Mediocampista
512;3889;;Delantero
512;3898;;Delantero
512;3914;;Delantero
512;3816;;Delantero
512;3990;;Delantero
512;3892;;Delantero
513;5753;;Arquero
513;5539;;Arquero
513;5735;;Defensor
513;5608;;Defensor
513;5609;;Defensor
513;5744;;Mediocampista
513;5734;;Mediocampista
513;5730;;Mediocampista
513;5521;;Mediocampista
513;5646;;Delantero
513;5687;;Delantero
513;5701;;Delantero
513;5610;;Delantero
513;5562;;Delantero
513;5736;;Delantero
513;5557;;Delantero
513;5662;;Delantero
516;7500;;Arquero
516;7362;;Arquero
516;7359;;Defensor
516;7515;;Defensor
516;7414;;Defensor
516;7497;;Defensor
516;7493;;Mediocampista
516;7300;;Mediocampista
516;7323;;Mediocampista
516;7512;;Delantero
516;7484;;Delantero
516;7460;;Delantero
516;7437;;Delantero
516;7408;;Delantero
516;7352;;Delantero
516;7307;;Delantero
516;7523;;Delantero
515;1655;;Arquero
515;1494;;Arquero
515;1670;;Defensor
515;1386;;Defensor
515;1484;;Defensor
515;1576;;Mediocampista
515;1575;;Mediocampista
515;1485;;Mediocampista
515;1479;;Mediocampista
515;1457;;Mediocampista
515;1453;;Mediocampista
515;1449;;Mediocampista
515;1378;;Mediocampista
515;1377;;Delantero
515;1644;;Delantero
515;1632;;Delantero
515;1599;;Delantero
515;1598;;Delantero
515;1397;;Delantero
515;1567;;Delantero
515;1558;;Delantero
515;1535;;Delantero
515;1425;;Delantero
515;1362;;Delantero
514;1293;;Arquero
514;1266;;Arquero
514;1275;;Defensor
514;1277;;Defensor
514;1302;;Defensor
514;1306;;Mediocampista
514;1268;;Mediocampista
514;1264;;Mediocampista
514;1262;;Mediocampista
514;1287;;Mediocampista
514;1301;;Delantero
514;1294;;Delantero
514;1291;;Delantero
514;1282;;Delantero
514;1279;;Delantero
514;1270;;Delantero
514;1259;;Delantero
519;8244;;Arquero
519;8264;;Arquero
519;8371;;Defensor
519;8349;;Defensor
519;8400;;Defensor
519;8443;;Defensor
519;8240;;Mediocampista
519;8354;;Mediocampista
519;8311;;Mediocampista
519;8299;;Mediocampista
519;8395;;Mediocampista
519;8404;;Mediocampista
519;8392;;Delantero
519;8426;;Delantero
519;8417;;Delantero
519;8331;;Delantero
519;8292;;Delantero
519;8273;;Delantero
519;8269;;Delantero
519;8260;;Delantero
519;8241;;Delantero
519;8450;;Delantero
517;6434;;Arquero
517;6409;;Arquero
517;6398;;Defensor
517;6365;;Defensor
517;6428;;Defensor
517;6371;;Defensor
517;6435;;Mediocampista
517;6412;;Mediocampista
517;6346;;Mediocampista
517;6375;;Mediocampista
517;6367;;Mediocampista
517;6378;;Mediocampista
517;6357;;Delantero
517;6430;;Delantero
517;6426;;Delantero
517;6391;;Delantero
517;6408;;Delantero
517;6405;;Delantero
517;6404;;Delantero
517;6380;;Delantero
517;6394;;Delantero
517;6437;;Delantero
518;7044;;Arquero
518;6985;;Arquero
518;6946;;Defensor
518;7042;;Defensor
518;6956;;Defensor
518;7035;;Defensor
518;7023;;Mediocampista
518;7020;;Mediocampista
518;6971;;Mediocampista
518;6983;;Delantero
518;7032;;Delantero
518;6961;;Delantero
518;7037;;Delantero
518;7043;;Delantero
518;6939;;Delantero
521;3627;;Arquero
521;3739;;Defensor
521;3687;;Defensor
521;3726;;Defensor
521;3730;;Defensor
521;3592;;Mediocampista
521;3638;;Mediocampista
521;3693;;Mediocampista
521;3716;;Mediocampista
521;3697;;Delantero
521;3680;;Delantero
521;3642;;Delantero
521;3640;;Delantero
521;3635;;Delantero
521;3597;;Delantero
521;3581;;Delantero
522;6219;;Arquero
522;6252;;Arquero
522;6245;;Defensor
522;6298;;Defensor
522;6289;;Defensor
522;6262;;Defensor
522;6261;;Mediocampista
522;6199;;Mediocampista
522;6266;;Mediocampista
522;6258;;Mediocampista
522;6253;;Mediocampista
522;6220;;Mediocampista
522;6254;;Delantero
522;6333;;Delantero
522;6313;;Delantero
522;6309;;Delantero
522;6299;;Delantero
522;6221;;Delantero
522;6295;;Delantero
522;6273;;Delantero
522;6242;;Delantero
522;6336;;Delantero
520;1047;;Arquero
520;1085;;Arquero
520;1167;;Defensor
520;1135;;Defensor
520;1089;;Defensor
520;1129;;Mediocampista
520;1109;;Mediocampista
520;1088;;Mediocampista
520;1072;;Mediocampista
520;1058;;Mediocampista
520;1188;;Delantero
520;1246;;Delantero
520;1041;;Delantero
520;1160;;Delantero
520;1102;;Delantero
520;1252;;Delantero
478;36;;Arquero
478;216;;Arquero
478;120;;Arquero
478;257;;Defensor
478;237;;Defensor
478;191;;Defensor
478;123;;Defensor
478;250;;Mediocampista
478;184;;Mediocampista
478;158;;Mediocampista
478;275;;Mediocampista
478;138;;Mediocampista
478;74;;Mediocampista
478;262;;Delantero
478;258;;Delantero
478;68;;Delantero
478;249;;Delantero
478;70;;Delantero
478;209;;Delantero
478;197;;Delantero
478;84;;Delantero
478;164;;Delantero
480;1047;;Arquero
480;1057;;Arquero
480;1235;;Arquero
480;1173;;Defensor
480;1177;;Defensor
480;1191;;Defensor
480;1194;;Defensor
480;1123;;Defensor
480;1199;;Mediocampista
480;1206;;Mediocampista
480;1130;;Mediocampista
480;1097;;Mediocampista
480;1084;;Mediocampista
480;1119;;Delantero
480;1236;;Delantero
480;1059;;Delantero
480;1062;;Delantero
480;1063;;Delantero
480;1069;;Delantero
480;1165;;Delantero
480;1137;;Delantero
480;1252;;Delantero
481;1663;;Arquero
481;1371;;Arquero
481;1561;;Defensor
481;1531;;Defensor
481;1426;;Defensor
481;1490;;Defensor
481;1346;;Mediocampista
481;1543;;Mediocampista
481;1676;;Mediocampista
481;1363;;Mediocampista
481;1388;;Mediocampista
481;1383;;Mediocampista
481;1519;;Delantero
481;1645;;Delantero
481;1626;;Delantero
481;1617;;Delantero
481;1593;;Delantero
481;1579;;Delantero
481;1565;;Delantero
481;1478;;Delantero
481;1521;;Delantero
481;1526;;Delantero
482;6781;;Arquero
482;6884;;Arquero
482;6875;;Defensor
482;6780;;Defensor
482;6790;;Defensor
482;6874;;Mediocampista
482;6839;;Mediocampista
482;6836;;Mediocampista
482;6835;;Mediocampista
482;6786;;Mediocampista
482;6777;;Mediocampista
482;6899;;Delantero
482;6905;;Delantero
482;6896;;Delantero
482;6893;;Delantero
482;6907;;Delantero
482;6870;;Delantero
482;6854;;Delantero
482;6846;;Delantero
482;6809;;Delantero
482;6778;;Delantero
482;6930;;Delantero
483;2775;;Arquero
483;2772;;Arquero
483;2773;;Defensor
483;2776;;Defensor
483;2781;;Mediocampista
483;2777;;Mediocampista
483;2774;;Mediocampista
483;2771;;Mediocampista
483;2783;;Delantero
483;2782;;Delantero
483;2780;;Delantero
483;2779;;Delantero
483;2778;;Delantero
483;2770;;Delantero
483;2784;;Delantero
484;3901;;Arquero
484;3823;;Arquero
484;3811;;Arquero
484;3780;;Defensor
484;3915;;Defensor
484;3825;;Defensor
484;3766;;Defensor
484;3940;;Defensor
484;3988;;Defensor
484;3793;;Defensor
484;3816;;Mediocampista
484;3862;;Mediocampista
484;3870;;Mediocampista
484;3872;;Mediocampista
484;3990;;Mediocampista
484;3759;;Mediocampista
484;3924;;Delantero
484;3884;;Delantero
484;3753;;Delantero
484;3808;;Delantero
484;3783;;Delantero
484;4000;;Delantero
485;4355;;Arquero
485;4308;;Arquero
485;4379;;Arquero
485;4273;;Defensor
485;4328;;Defensor
485;4360;;Defensor
485;4388;;Mediocampista
485;4381;;Mediocampista
485;4400;;Mediocampista
485;4370;;Mediocampista
485;4268;;Mediocampista
485;4336;;Mediocampista
485;4292;;Mediocampista
485;4407;;Delantero
485;4272;;Delantero
485;4393;;Delantero
485;4392;;Delantero
485;4410;;Delantero
485;4283;;Delantero
485;4373;;Delantero
485;4371;;Delantero
485;4327;;Delantero
486;4424;;Arquero
486;4413;;Arquero
486;4418;;Defensor
486;4417;;Defensor
486;4414;;Defensor
486;4411;;Defensor
486;4428;;Defensor
486;4415;;Mediocampista
486;4416;;Mediocampista
486;4412;;Mediocampista
486;4421;;Mediocampista
486;4427;;Delantero
486;4426;;Delantero
486;4425;;Delantero
486;4423;;Delantero
486;4422;;Delantero
486;4420;;Delantero
486;4419;;Delantero
487;5153;;Arquero
487;5127;;Arquero
487;5026;;Arquero
487;5139;;Defensor
487;5077;;Defensor
487;5186;;Defensor
487;5154;;Mediocampista
487;5170;;Mediocampista
487;5108;;Mediocampista
487;5085;;Mediocampista
487;4968;;Mediocampista
487;5206;;Mediocampista
487;5070;;Mediocampista
487;5062;;Mediocampista
487;4991;;Delantero
487;5175;;Delantero
487;4993;;Delantero
487;5165;;Delantero
487;5031;;Delantero
487;5034;;Delantero
487;5132;;Delantero
487;5073;;Delantero
488;5926;;Arquero
488;5918;;Arquero
488;5914;;Arquero
488;5917;;Defensor
488;5913;;Defensor
488;5909;;Defensor
488;5883;;Defensor
488;5884;;Defensor
488;5895;;Mediocampista
488;5885;;Mediocampista
488;5908;;Mediocampista
488;5906;;Mediocampista
488;5904;;Mediocampista
488;5911;;Delantero
488;5922;;Delantero
488;5919;;Delantero
488;5900;;Delantero
488;5886;;Delantero
488;5892;;Delantero
488;5910;;Delantero
488;5893;;Delantero
489;6075;;Arquero
489;6142;;Arquero
489;5987;;Defensor
489;6001;;Defensor
489;6159;;Defensor
489;6090;;Defensor
489;6086;;Mediocampista
489;6089;;Mediocampista
489;6137;;Mediocampista
489;5984;;Mediocampista
489;6043;;Mediocampista
489;6083;;Delantero
489;6153;;Delantero
489;6147;;Delantero
489;6008;;Delantero
489;6013;;Delantero
489;6131;;Delantero
489;6107;;Delantero
489;6092;;Delantero
489;6021;;Delantero
489;6026;;Delantero
489;6161;;Delantero
490;6450;;Arquero
490;6530;;Arquero
490;6583;;Defensor
490;6473;;Defensor
490;6475;;Defensor
490;6575;;Defensor
490;6545;;Mediocampista
490;6526;;Mediocampista
490;6554;;Mediocampista
490;6479;;Mediocampista
490;6465;;Mediocampista
490;6587;;Mediocampista
490;6574;;Delantero
490;6590;;Delantero
490;6555;;Delantero
490;6441;;Delantero
490;6553;;Delantero
490;6528;;Delantero
490;6507;;Delantero
490;6486;;Delantero
490;6456;;Delantero
490;6591;;Delantero
491;7026;;Arquero
491;6957;;Arquero
491;7007;;Arquero
491;7031;;Defensor
491;6972;;Defensor
491;6949;;Defensor
491;6946;;Defensor
491;7020;;Mediocampista
491;6953;;Mediocampista
491;7021;;Mediocampista
491;6940;;Mediocampista
491;7013;;Delantero
491;7001;;Delantero
491;6997;;Delantero
491;6983;;Delantero
491;6963;;Delantero
491;6945;;Delantero
491;6944;;Delantero
491;6943;;Delantero
491;6942;;Delantero
491;6938;;Delantero
492;7595;;Arquero
492;7777;;Arquero
492;7695;;Defensor
492;7735;;Defensor
492;7736;;Defensor
492;7648;;Defensor
492;7657;;Mediocampista
492;7783;;Mediocampista
492;7681;;Mediocampista
492;7600;;Mediocampista
492;7716;;Mediocampista
492;7748;;Delantero
492;7759;;Delantero
492;7798;;Delantero
492;7699;;Delantero
492;7691;;Delantero
492;7670;;Delantero
492;7634;;Delantero
492;7627;;Delantero
492;7608;;Delantero
492;7603;;Delantero
492;7800;;Delantero
493;7887;;Arquero
493;7824;;Arquero
493;7815;;Arquero
493;7968;;Defensor
493;7921;;Defensor
493;7906;;Defensor
493;7965;;Mediocampista
493;7981;;Mediocampista
493;7880;;Mediocampista
493;7911;;Mediocampista
493;7943;;Mediocampista
493;7988;;Delantero
493;7951;;Delantero
493;7899;;Delantero
493;7804;;Delantero
493;7806;;Delantero
493;7810;;Delantero
493;7821;;Delantero
493;7868;;Delantero
493;7877;;Delantero
493;7803;;Delantero
493;7989;;Delantero
509;7956;;Arquero
509;7874;;Defensor
509;7932;;Defensor
509;7991;;Defensor
509;7992;;Defensor
509;7912;;Mediocampista
509;7893;;Mediocampista
509;7889;;Mediocampista
509;7866;;Mediocampista
509;7884;;Delantero
509;7826;;Delantero
509;7984;;Delantero
509;7830;;Delantero
509;7936;;Delantero
509;7831;;Delantero
509;7895;;Delantero
509;7894;;Delantero
508;7801;;Arquero
508;7768;;Arquero
508;7611;;Defensor
508;7616;;Defensor
508;7624;;Defensor
508;7659;;Defensor
508;7766;;Mediocampista
508;7689;;Mediocampista
508;7607;;Mediocampista
508;7635;;Mediocampista
508;7666;;Delantero
508;7794;;Delantero
508;7753;;Delantero
508;7705;;Delantero
508;7639;;Delantero
508;7683;;Delantero
507;7045;;Arquero
507;7017;;Arquero
507;6935;;Defensor
507;6982;;Mediocampista
507;7042;;Mediocampista
507;6998;;Mediocampista
507;6958;;Mediocampista
507;6955;;Mediocampista
507;6951;;Delantero
507;7030;;Delantero
506;6128;;Arquero
506;6038;;Arquero
506;6133;;Defensor
506;6146;;Defensor
506;6088;;Mediocampista
506;6084;;Mediocampista
506;6143;;Delantero
506;6158;;Delantero
506;6102;;Delantero
506;6077;;Delantero
506;6076;;Delantero
506;6067;;Delantero
506;6035;;Delantero
506;5986;;Delantero
505;5036;;Arquero
505;5023;;Arquero
505;4961;;Defensor
505;5194;;Defensor
505;5007;;Defensor
505;687;;Mediocampista
505;5179;;Mediocampista
505;5072;;Mediocampista
505;4990;;Mediocampista
505;5226;;Mediocampista
505;5020;;Mediocampista
505;599;;Delantero
505;5097;;Delantero
505;5156;;Delantero
505;5096;;Delantero
505;4974;;Delantero
505;5200;;Delantero
505;5000;;Delantero
504;4401;;Defensor
504;4378;;Defensor
504;4299;;Defensor
504;4356;;Mediocampista
504;4376;;Mediocampista
504;4389;;Delantero
504;4390;;Delantero
504;4266;;Delantero
504;4380;;Delantero
504;4339;;Delantero
504;4319;;Delantero
503;3815;;Arquero
503;3976;;Arquero
503;3907;;Defensor
503;3763;;Defensor
503;3853;;Defensor
503;3899;;Mediocampista
503;3949;;Mediocampista
503;3842;;Mediocampista
503;3817;;Mediocampista
503;3993;;Mediocampista
503;3892;;Delantero
503;3881;;Delantero
503;3876;;Delantero
503;3747;;Delantero
502;3652;;Arquero
502;3676;;Defensor
502;3687;;Defensor
502;3614;;Defensor
502;3704;;Defensor
502;3648;;Defensor
502;3699;;Mediocampista
502;3673;;Mediocampista
502;3669;;Mediocampista
502;3578;;Mediocampista
502;3638;;Mediocampista
502;3633;;Mediocampista
502;3642;;Delantero
502;3622;;Delantero
502;3691;;Delantero
502;3624;;Delantero
502;3683;;Delantero
502;3635;;Delantero
502;3712;;Delantero
501;3568;;Arquero
501;3473;;Arquero
501;3497;;Defensor
501;3361;;Defensor
501;3452;;Defensor
501;3566;;Defensor
501;3443;;Mediocampista
501;3435;;Mediocampista
501;3467;;Mediocampista
501;3412;;Mediocampista
501;3409;;Mediocampista
501;3360;;Mediocampista
501;3506;;Delantero
501;3540;;Delantero
501;3558;;Delantero
501;3431;;Delantero
501;3430;;Delantero
501;3400;;Delantero
501;3381;;Delantero
501;3365;;Delantero
501;3358;;Delantero
501;3347;;Delantero
500;2990;;Arquero
500;3008;;Arquero
500;3022;;Defensor
500;2985;;Defensor
500;3015;;Defensor
500;3016;;Mediocampista
500;3006;;Mediocampista
500;3005;;Mediocampista
500;3003;;Mediocampista
500;3000;;Mediocampista
500;2995;;Mediocampista
500;2978;;Mediocampista
500;3002;;Delantero
500;3007;;Delantero
500;3012;;Delantero
500;3013;;Delantero
500;2992;;Delantero
499;6878;;Arquero
499;6931;;Defensor
499;6789;;Defensor
499;6927;;Mediocampista
499;6845;;Mediocampista
499;6783;;Mediocampista
499;6823;;Delantero
499;6906;;Delantero
499;6910;;Delantero
499;6918;;Delantero
499;6829;;Delantero
498;1590;;Arquero
498;1464;;Arquero
498;1528;;Defensor
498;1640;;Defensor
498;1570;;Defensor
498;1646;;Mediocampista
498;1364;;Mediocampista
498;1662;;Mediocampista
498;1391;;Mediocampista
498;1397;;Delantero
498;1366;;Delantero
498;1365;;Delantero
498;1660;;Delantero
497;1172;;Defensor
497;1141;;Defensor
497;1192;;Mediocampista
497;1174;;Mediocampista
497;1221;;Mediocampista
497;1255;;Mediocampista
497;1185;;Mediocampista
497;1075;;Mediocampista
497;1129;;Mediocampista
497;1055;;Mediocampista
497;1246;;Delantero
497;1060;;Delantero
497;1131;;Delantero
497;1095;;Delantero
497;1125;;Delantero
497;1145;;Delantero
497;1144;;Delantero
496;995;;Arquero
496;934;;Arquero
496;1011;;Defensor
496;957;;Defensor
496;1016;;Defensor
496;927;;Defensor
496;953;;Mediocampista
496;1018;;Mediocampista
496;1028;;Mediocampista
496;1030;;Delantero
496;1017;;Delantero
496;1033;;Delantero
496;1009;;Delantero
496;922;;Delantero
496;960;;Delantero
496;956;;Delantero
496;945;;Delantero
496;923;;Delantero
496;1039;;Delantero
495;622;;Arquero
495;640;;Arquero
495;531;;Defensor
495;548;;Defensor
495;582;;Defensor
495;720;;Defensor
495;662;;Mediocampista
495;694;;Mediocampista
495;517;;Mediocampista
495;791;;Mediocampista
495;666;;Mediocampista
495;724;;Delantero
495;753;;Delantero
495;653;;Delantero
495;650;;Delantero
495;624;;Delantero
495;595;;Delantero
495;803;;Delantero
494;154;;Arquero
494;89;;Defensor
494;244;;Defensor
494;39;;Defensor
494;255;;Mediocampista
494;3;;Mediocampista
494;293;;Mediocampista
494;79;;Mediocampista
494;21;;Delantero
494;200;;Delantero
494;43;;Delantero
494;45;;Delantero
494;144;;Delantero
494;92;;Delantero
494;112;;Delantero
